x1,spacing_m,n_total,min_Psi_local,min_Psi_xfer,median_Psi_local,min_I,min_E_local,min_E_xfer,min_Gamma,P_n,gamma_local,gamma_cal,R2_local,abs_mismatch,rel_mismatch
2000.0,10.0,1,111.02775964439908,111.02775964439908,111.02775964439908,1.0,1.0,1.0,111.02775964439908,5.551387982219954,,,,0.0,0.0
2000.0,10.0,2,25.70785649195241,23.7663942810174,35.710103384045134,1.0,1.0,0.9244798098377917,25.70785649195241,1.2853928245976205,0.5755718628723127,0.4970477954716243,1.0,1.9414622109350077,0.07552019016220832
2000.0,10.0,3,13.675191445581646,13.675191445581646,17.424976375609898,1.0,0.9139838313363612,0.8613870079030459,13.675191445581646,0.6837595722790824,0.5418707212457513,0.4970477954716243,0.9791495979558278,0.0,0.0
2000.0,10.0,4,9.735285523000973,9.247713784502862,12.233560579160052,1.0,0.7833541038703963,0.649343785609781,9.735285523000973,0.4867642761500487,0.6482734474861007,0.4970477954716243,0.9356871969109474,0.48757173849811153,0.050082941824988604
2000.0,10.0,5,9.565643477556671,9.565643477556671,12.646134772646818,1.0,0.7453647017742034,0.6715182121318409,9.565643477556671,0.4782821738778336,0.5392386223288815,0.4970477954716243,0.9033408627584106,0.0,0.0
2000.0,10.0,6,9.15271902737162,9.15271902737162,13.975227808655383,1.0,0.8376985693935753,0.8644486312637548,9.15271902737162,0.4576359513685811,0.400752658425917,0.4970477954716243,0.9417926776975076,0.0,0.0
2000.0,10.0,7,8.336358032056562,8.336358032056562,11.481869663204487,1.0,0.8320214885931217,0.897504273165849,8.336358032056562,0.4168179016028281,0.3693010190639219,0.4970477954716243,0.9270155654886746,0.0,0.0
2000.0,10.0,8,7.866949955533065,7.866949955533065,11.680032272642212,1.0,0.8614875647853414,0.9789780426184151,7.866949955533065,0.3933474977766533,0.27456272145354804,0.4970477954716243,0.9258094333577017,0.0,0.0
2000.0,20.0,1,111.02775964439908,111.02775964439908,111.02775964439908,1.0,1.0,1.0,111.02775964439908,5.551387982219954,,,,0.0,0.0
2000.0,20.0,2,25.674007206621493,25.6740072066215,35.62426790389001,1.0,0.9999999999999998,1.0,25.6740072066215,1.283700360331075,0.5738698897866802,0.6827223356407702,1.0,7.105427357601002e-15,2.7675568135575136e-16
2000.0,20.0,3,13.58610149939087,13.58610149939087,17.535598345689632,1.0,0.9188467758575903,1.0,13.58610149939087,0.6793050749695435,0.5366027498496636,0.6827223356407702,0.9811126801569169,0.0,0.0
2000.0,20.0,4,9.945731988839455,9.945731988839455,13.48563885866754,1.0,0.8297358479332355,0.8777888684207725,9.945731988839455,0.4972865994419728,0.5935335638559268,0.6827223356407702,0.9525033366031624,0.0,0.0
2000.0,20.0,5,7.92188996179473,7.92188996179473,12.357281407978387,1.0,0.7636065690599727,0.8024280530763646,7.92188996179473,0.3960944980897365,0.5816933253564462,0.6827223356407702,0.9283884731496608,0.0,0.0
2000.0,20.0,6,7.147692489939126,7.147692489939126,13.682000976611366,1.0,0.8940124756965606,1.0,7.147692489939126,0.3573846244969563,0.4029723226247111,0.6827223356407702,0.9765623088775,0.0,0.0
2000.0,20.0,7,5.802087005401019,5.802087005401019,10.927562804461443,1.0,0.7699728787784447,0.892075216058347,5.802087005401019,0.290104350270051,0.45635780281817007,0.6827223356407702,0.9235192636745488,0.0,0.0
2000.0,20.0,8,5.012609778046526,5.012609778046526,11.199704642888431,1.0,0.8803331025606991,1.0,5.012609778046526,0.2506304889023263,0.32701893573645013,0.6827223356407702,0.9690760797975257,0.0,0.0
2000.0,30.0,1,111.02775964439908,111.02775964439908,111.02775964439908,1.0,1.0,1.0,111.02775964439908,5.551387982219954,,,,0.0,0.0
2000.0,30.0,2,25.761170673781656,25.761170673781656,35.61507698860173,1.0,1.0,1.0,25.761170673781656,1.2880585336890829,0.5681620622502022,0.7386326693705875,1.0,0.0,0.0
2000.0,30.0,3,13.595162974380193,13.595162974380193,17.770433467334506,1.0,0.9263499264437911,1.0,13.595162974380193,0.6797581487190096,0.5199217655130034,0.7386326693705875,0.9835295854092245,0.0,0.0
2000.0,30.0,4,6.299880541200542,6.299880541200542,11.382405972563584,1.0,0.8676824977541779,0.8877737454659468,6.299880541200542,0.3149940270600271,0.6960508589878617,0.7386326693705875,0.9802257967109811,0.0,0.0
2000.0,30.0,5,5.60078086594217,5.60078086594217,12.517558783045146,1.0,0.8687976338031227,1.0,5.60078086594217,0.2800390432971085,0.5592702964525772,0.7386326693705875,0.9803868667773953,0.0,0.0
2000.0,30.0,6,3.96911303851266,3.96911303851266,12.0360282498733,1.0,0.9281843202549862,1.0,3.96911303851266,0.198455651925633,0.4596107472346999,0.7386326693705875,0.9948950456221918,0.0,0.0
2000.0,30.0,7,3.1664828671295857,3.1664828671295857,8.317352085648993,1.0,0.9086436781067256,1.0,3.1664828671295857,0.1583241433564793,0.48240068931864705,0.7386326693705875,0.9908591854433562,0.0,0.0
2000.0,30.0,8,2.9494648038524476,2.9494648038524476,7.553611927000119,1.0,0.8786385622220536,1.0,2.9494648038524476,0.1474732401926224,0.4337548394898903,0.7386326693705875,0.984353007472726,0.0,0.0
2000.0,40.0,1,111.02775964439908,111.02775964439908,111.02775964439908,1.0,1.0,1.0,111.02775964439908,5.551387982219954,,,,0.0,0.0
2000.0,40.0,2,25.735916904823313,25.73591690482332,35.42481377183216,1.0,0.9999999999999998,1.0,25.73591690482332,1.286795845241166,0.5612986444252734,0.7296689100340923,1.0,7.105427357601002e-15,2.7608992459364575e-16
2000.0,40.0,3,5.333660719970379,4.499162270492456,13.405675925975299,1.0,0.9564067779619319,0.8067684685188368,5.576770097067084,0.2788385048533542,0.8155777136426888,0.7296689100340923,0.9996130986295596,0.8344984494779233,0.15645885505116225
2000.0,40.0,4,4.200966263210086,3.4129683979186654,8.755695596712272,1.0,0.9355867289855583,0.6371374488797207,4.200966263210086,0.2100483131605043,0.9458961948476599,0.7296689100340923,0.9920460792831877,0.7879978652914206,0.18757538526131545
2000.0,40.0,5,5.078462801390716,5.078462801390716,7.402752050862817,1.0,0.857073330939399,1.0,5.078462801390716,0.2539231400695358,0.6041962571348861,0.7296689100340923,0.984536666790049,0.0,0.0
2000.0,40.0,6,3.00323421801946,3.00323421801946,5.376894115261824,1.0,0.7635736419110748,0.7875590971329193,3.00323421801946,0.150161710900973,0.7086377315183845,0.7296689100340923,0.9829318964786846,0.0,0.0
2000.0,40.0,7,3.145515868659048,3.145515868659048,6.588003902304257,1.0,0.8001073647234871,1.0,3.145515868659048,0.1572757934329524,0.5799880944340866,0.7296689100340923,0.9752712646189519,0.0,0.0
2000.0,40.0,8,2.608777968610372,2.608777968610372,5.813713781177253,1.0,0.8236582460051114,1.0,2.608777968610372,0.1304388984305186,0.5499138665557182,0.7296689100340923,0.972974776713585,0.0,0.0
2000.0,50.0,1,111.02775964439908,111.02775964439908,111.02775964439908,1.0,1.0,1.0,111.02775964439908,5.551387982219954,,,,0.0,0.0
2000.0,50.0,2,26.037713363056017,26.037713363056024,35.40103632576278,1.0,0.9999999999999998,1.0,26.037713363056024,1.3018856681528013,0.5418662701991904,0.6953855273318986,1.0,7.105427357601002e-15,2.7288983708080293e-16
2000.0,50.0,3,5.120990051754112,3.9906323733875486,13.31046851560577,1.0,0.9450478464379861,0.7364471503130144,5.4187627336074256,0.2709381366803713,0.8211149075637202,0.6953855273318986,0.9994066900256744,1.1303576783665634,0.2207303015516263
2000.0,50.0,4,4.35731908367246,3.2806519293754315,9.028966290567643,1.0,0.9168927823353066,0.6121919957622857,4.35731908367246,0.217865954183623,0.89468253992824,0.6953855273318986,0.9926851364351557,1.076667154297028,0.2470939432302455
2000.0,50.0,5,3.910884401962398,3.910884401962398,6.435290170027606,1.0,0.8700480880894768,0.9419379275848732,3.910884401962398,0.1955442200981199,0.6488743264139946,0.6953855273318986,0.9877717399364053,0.0,0.0
2000.0,50.0,6,3.3799914716792014,3.3799914716792014,5.629834838977989,1.0,0.866389708037417,0.6843705495198832,3.3799914716792014,0.1689995735839601,0.8050414110448629,0.6953855273318986,0.9774244777580786,0.0,0.0
2000.0,50.0,7,3.27493334123165,3.27493334123165,7.12463529250277,1.0,0.8279892828033061,1.0,3.27493334123165,0.1637466670615825,0.5527753840485293,0.6953855273318986,0.9777227524066883,0.0,0.0
2000.0,50.0,8,2.88513533884885,2.88513533884885,5.943421539625724,1.0,0.8215225923285634,1.0,2.88513533884885,0.1442567669424425,0.5583598369065533,0.6953855273318986,0.9720138907725967,0.0,0.0
2000.0,60.0,1,111.02775964439908,111.02775964439908,111.02775964439908,1.0,1.0,1.0,111.02775964439908,5.551387982219954,,,,0.0,0.0
2000.0,60.0,2,26.436274926452587,26.436274926452587,35.51446088569095,1.0,1.0,1.0,26.436274926452587,1.3218137463226294,0.5228318592323649,0.6656134607617791,1.0,0.0,0.0
2000.0,60.0,3,5.164883912075425,3.9218902156289923,13.763474881670856,1.0,0.9289427197449182,0.7053810744767377,5.5599595134279856,0.2779979756713993,0.8046912397389098,0.6656134607617791,0.9989090605813153,1.2429936964464323,0.24066246552808881
2000.0,60.0,4,3.3910517047866837,2.695529917478524,9.828251914589483,1.0,0.892385010982947,0.6904870207953759,3.3910517047866837,0.1695525852393342,0.7946702643107023,0.6656134607617791,0.9982962727324464,0.6955217873081598,0.2051050375688424
2000.0,60.0,5,3.464672915510824,3.464672915510824,7.213584007334169,1.0,0.9278996376892689,0.9187545281501904,3.464672915510824,0.1732336457755412,0.6670367624284803,0.6656134607617791,0.9957275611874966,0.0,0.0
2000.0,60.0,6,2.754242740975892,2.754242740975892,5.562461452092132,1.0,0.9134188057491384,0.6636016319257829,2.754242740975892,0.1377121370487946,0.8335872035694153,0.6656134607617791,0.986254740159623,0.0,0.0
2000.0,60.0,7,2.476344999895614,2.476344999895614,5.029760412195229,1.0,0.8834674371893705,0.8924529595391774,2.476344999895614,0.1238172499947807,0.6559484634017622,0.6656134607617791,0.9913556132184669,0.0,0.0
2000.0,60.0,8,2.1954162922854437,2.1954162922854437,4.86379038819746,1.0,0.929711575180995,1.0,2.1954162922854437,0.1097708146142722,0.5895305754428333,0.6656134607617791,0.9892308932512756,0.0,0.0
2000.0,70.0,1,111.02775964439908,111.02775964439908,111.02775964439908,1.0,1.0,1.0,111.02775964439908,5.551387982219954,,,,0.0,0.0
2000.0,70.0,2,26.458974173663137,25.7990755011195,35.34881948071902,1.0,1.0,0.9750595518854056,26.458974173663137,1.3229487086831568,0.5140037866621553,0.4887470556694542,1.0,0.6598986725436369,0.02494044811459433
2000.0,70.0,3,4.637855905343384,2.4302541045796464,14.86996120276182,1.0,0.861689186368564,0.45152840553571505,5.3822839821035755,0.2691141991051788,0.8145419606804749,0.4887470556694542,0.996164905763048,2.207601800763738,0.4759962029480707
2000.0,70.0,4,5.69021011753275,3.89044070509242,10.532442698360978,1.0,0.8546823224400601,0.5773345597960761,5.69021011753275,0.2845105058766375,0.682514633048375,0.4887470556694542,0.9896316306766891,1.7997694124403303,0.31629225903185143
2000.0,70.0,5,4.099726981980927,3.752639338565035,6.196525889590788,1.0,0.8555213695428765,0.6084488329897286,4.099726981980927,0.2049863490990464,0.6519878768682281,0.4887470556694542,0.9855071567517597,0.34708764341589227,0.08466116035077649
2000.0,70.0,6,3.631410542274314,3.526158078593762,6.068068418488385,1.0,0.7960669123694809,0.4818800101009794,3.631410542274314,0.1815705271137157,0.7312297211467764,0.4887470556694542,0.9768295577338965,0.1052524636805523,0.028983906516566366
2000.0,70.0,7,3.0703410416997636,3.0703410416997636,7.289723535235862,1.0,0.8351886458359451,0.6732865955524517,3.0703410416997636,0.1535170520849882,0.5840647960430332,0.4887470556694542,0.981043139822972,0.0,0.0
2000.0,70.0,8,2.833784020866084,2.833784020866084,7.419876215702978,1.0,0.8189411755710594,0.7355955972977744,2.833784020866084,0.1416892010433042,0.5199239062167265,0.4887470556694542,0.9665219294025232,0.0,0.0
2000.0,80.0,1,111.02775964439908,111.02775964439908,111.02775964439908,1.0,1.0,1.0,111.02775964439908,5.551387982219954,,,,0.0,0.0
2000.0,80.0,2,26.701045794936984,24.295692928295647,35.35825134630066,1.0,1.0,0.9099154061187582,26.701045794936984,1.3350522897468493,0.49983813236916813,0.40543448826779266,1.0,2.405352866641337,0.09008459388124179
2000.0,80.0,3,4.689224795433273,1.9909881241744076,14.810446991410405,1.0,0.8745725067594701,0.37133290696221743,5.361733600348508,0.2680866800174254,0.835971279054867,0.40543448826779266,0.9972133675389313,2.698236671258866,0.5754120966618226
2000.0,80.0,4,6.562567457070993,4.404687544514509,11.618623824824018,1.0,0.8740724730501841,0.5582946904037084,6.562567457070993,0.3281283728535497,0.6263220180122215,0.40543448826779266,0.9890466653009884,2.157879912556484,0.3288164162383467
2000.0,80.0,5,4.2343435146713215,2.86855371878103,6.357706536595537,1.0,0.8629771872208966,0.523885106652071,4.2343435146713215,0.2117171757335661,0.6473637606100472,0.40543448826779266,0.984926392505932,1.3657897958902914,0.32255054205168965
2000.0,80.0,6,3.1357345825668457,1.7566019018575325,6.482409280452211,1.0,0.8818326225587011,0.41091462155430347,3.1357345825668457,0.1567867291283423,0.7785209802624373,0.40543448826779266,0.980157603785824,1.3791326807093132,0.4398116755087047
2000.0,80.0,7,2.79270489620959,2.151759025464412,7.644279145769204,1.0,0.8509178673145413,0.5718068338451355,2.79270489620959,0.1396352448104795,0.5953443114675855,0.40543448826779266,0.9883564779030966,0.6409458707451781,0.2295071962723682
2000.0,80.0,8,2.913617271089306,2.913617271089306,7.664528461130502,1.0,0.8115745861670324,0.6174806461820727,2.913617271089306,0.1456808635544653,0.518730248189953,0.40543448826779266,0.964645681764429,0.0,0.0
2000.0,90.0,1,111.02775964439908,111.02775964439908,111.02775964439908,1.0,1.0,1.0,111.02775964439908,5.551387982219954,,,,0.0,0.0
2000.0,90.0,2,26.27277765967836,23.329162103040446,35.13451180169413,1.0,1.0,0.8879594843465838,26.27277765967836,1.313638882983918,0.5155709776625587,0.396741814895877,1.0,2.9436155566379156,0.11204051565341615
2000.0,90.0,3,12.77569257836767,9.212346701791967,16.43718372664273,1.0,0.8972869398938359,0.6953358966250877,12.77569257836767,0.6387846289183835,0.6374730791134546,0.396741814895877,0.9777092898893631,3.5633458765757027,0.27891606304062977
2000.0,90.0,4,14.089197514790285,14.089197514790285,19.231796662975086,1.0,0.9057636840292933,0.9187027232103344,14.089197514790285,0.7044598757395143,0.35195605689527437,0.396741814895877,0.9687526640875891,0.0,0.0
2000.0,90.0,5,11.020568516235768,11.020568516235768,16.499350931411424,1.0,0.8686293983348408,0.8671421321800863,11.020568516235768,0.5510284258117885,0.34791935524100887,0.396741814895877,0.9547432871059934,0.0,0.0
2000.0,90.0,6,8.941464719567724,8.941464719567724,14.798408729126091,1.0,0.8413333991895378,0.7892136096397999,8.941464719567724,0.4470732359783862,0.3988199555984863,0.396741814895877,0.9494331820625975,0.0,0.0
2000.0,90.0,7,8.578700762097926,8.578700762097926,15.632135729112822,1.0,0.8597422172762789,0.8640366287912347,8.578700762097926,0.4289350381048963,0.31930436816047036,0.396741814895877,0.9546922591577736,0.0,0.0
2000.0,90.0,8,8.70294290823569,8.70294290823569,17.378990542839198,1.0,0.8471217127305444,0.8901583283412836,8.70294290823569,0.4351471454117845,0.2540867964768095,0.396741814895877,0.9465413383820518,0.0,0.0
2000.0,100.0,1,111.02775964439908,111.02775964439908,111.02775964439908,1.0,1.0,1.0,111.02775964439908,5.551387982219954,,,,0.0,0.0
2000.0,100.0,2,26.10254194625549,23.10365906074281,34.89653087605187,1.0,1.0,0.8851114618764983,26.10254194625549,1.3051270973127744,0.5150984383226623,0.39305674204113256,1.0,2.9988828855126783,0.11488853812350179
2000.0,100.0,3,12.813400904578167,9.13768854939293,16.65101021965842,1.0,0.899949166273212,0.6950687393647041,12.813400904578167,0.6406700452289084,0.6375024655671255,0.39305674204113256,0.978856601664752,3.6757123551852366,0.2868646959974477
2000.0,100.0,4,13.809507540015641,13.809507540015641,19.29001165006509,1.0,0.9094183870536708,0.9153822730879054,13.809507540015641,0.6904753770007821,0.35779067536797704,0.39305674204113256,0.9726851571865992,0.0,0.0
2000.0,100.0,5,11.117038936886395,11.117038936886395,16.950875900514415,1.0,0.8703229279272563,0.8639797027463559,11.117038936886395,0.5558519468443198,0.3511213779961788,0.39305674204113256,0.9571778076516482,0.0,0.0
2000.0,100.0,6,10.073069476225617,10.073069476225617,15.677238890572708,1.0,0.8396176723011257,0.8025815129645401,10.073069476225617,0.5036534738112809,0.37003511593407573,0.39305674204113256,0.9410171145991497,0.0,0.0
2000.0,100.0,7,10.349738714101992,10.349738714101992,16.27794687944922,1.0,0.8525529519708206,0.8645621962657125,10.349738714101992,0.5174869357050996,0.2929278680566432,0.39305674204113256,0.9351527790234496,0.0,0.0
2000.0,100.0,8,10.45299019395061,10.45299019395061,17.350428727061157,1.0,0.8335176505725379,0.8690214217570233,10.45299019395061,0.5226495096975305,0.2374640818689494,0.39305674204113256,0.9178361436783425,0.0,0.0
2500.0,10.0,1,2.364304943161682,2.364304943161682,2.364304943161682,1.0,1.0,1.0,2.364304943161682,0.1182152471580841,,,,0.0,0.0
2500.0,10.0,2,9.133259874690623,6.378484656552779,15.31565892716863,1.0,1.0,0.6983798494805056,9.133259874690623,0.4566629937345312,0.8560399227493819,0.4970477954716243,1.0,2.754775218137844,0.3016201505194944
2500.0,10.0,3,10.64782654243745,9.53436667622406,14.184536528819795,1.0,0.9105165823028706,0.7969518635119176,10.64782654243745,0.5323913271218725,0.617332807827423,0.4970477954716243,0.9821238886697468,1.1134598662133897,0.1045715631988969
2500.0,10.0,4,11.415706129767653,11.415706129767653,16.99703216945374,1.0,0.8859188496745094,0.8888758984733955,11.415706129767653,0.5707853064883827,0.46509632460206235,0.4970477954716243,0.9717413986172659,0.0,0.0
2500.0,10.0,5,13.01031107373944,13.01031107373944,18.586103428414283,1.0,0.8723973160704727,0.9345884455955459,13.01031107373944,0.650515553686972,0.379961459101021,0.4970477954716243,0.9559830168896186,0.0,0.0
2500.0,10.0,6,12.239437410598896,12.239437410598896,21.530036444785082,1.0,0.8656654894901594,0.9330282093071023,12.239437410598896,0.6119718705299448,0.3652925691177273,0.4970477954716243,0.9608199938570946,0.0,0.0
2500.0,10.0,7,10.041357331617329,10.041357331617329,19.000622090646804,1.0,0.8028361978152587,0.8295012589550139,10.041357331617329,0.5020678665808664,0.37962788368618083,0.4970477954716243,0.9298205112210859,0.0,0.0
2500.0,10.0,8,8.971548379239497,8.971548379239497,17.250177739487278,1.0,0.8613541476923906,0.9531128315961545,8.971548379239497,0.4485774189619749,0.3111463477252127,0.4970477954716243,0.948547736263526,0.0,0.0
2500.0,20.0,1,2.364304943161682,2.364304943161682,2.364304943161682,1.0,1.0,1.0,2.364304943161682,0.1182152471580841,,,,0.0,0.0
2500.0,20.0,2,8.738342399572065,7.190945116643015,14.877767032431883,1.0,1.0,0.8229186712797121,8.738342399572065,0.4369171199786033,0.877620238659079,0.6827223356407702,1.0,1.54739728292905,0.17708132872028787
2500.0,20.0,3,12.264767444868099,12.264767444868099,15.899586159613985,1.0,0.9145258636282249,1.0,12.264767444868099,0.6132383722434049,0.5617544385298805,0.6827223356407702,0.9807077248001429,0.0,0.0
2500.0,20.0,4,9.210804949170814,9.210804949170814,15.866487784670053,1.0,0.899888754019893,1.0,9.210804949170814,0.4605402474585408,0.5111453143395496,0.6827223356407702,0.9834621417496368,0.0,0.0
2500.0,20.0,5,8.337283555158116,8.337283555158116,17.392166403677447,1.0,0.9031496875216676,1.0,8.337283555158116,0.4168641777579058,0.45332006312433654,0.6827223356407702,0.986094151973808,0.0,0.0
2500.0,20.0,6,5.461051596669051,5.971721241807454,20.696230595874027,1.0,0.9144853511307172,1.0,5.971721241807454,0.2985860620903727,0.4338189748317736,0.6827223356407702,0.9952178993394769,0.5106696451384023,0.09351122876221923
2500.0,20.0,7,4.353905654558147,4.353905654558147,16.017720933933187,1.0,0.8529996502536085,0.9916783070695941,4.353905654558147,0.2176952827279074,0.4932984614024785,0.6827223356407702,0.9820947451520841,0.0,0.0
2500.0,20.0,8,3.7813748239269938,3.7813748239269938,13.34441407488498,1.0,0.9196055805082421,1.0,3.7813748239269938,0.1890687411963497,0.42317321867727403,0.6827223356407702,0.9945848067658454,0.0,0.0
2500.0,30.0,1,2.364304943161682,2.364304943161682,2.364304943161682,1.0,1.0,1.0,2.364304943161682,0.1182152471580841,,,,0.0,0.0
2500.0,30.0,2,8.790691060576682,7.781915386398302,14.787692244817205,1.0,1.0,0.8852450089274093,8.790691060576682,0.4395345530288341,0.8605234954139853,0.7386326693705875,1.0,1.0087756741783798,0.11475499107259067
2500.0,30.0,3,5.866095559705788,5.36027837914966,13.830575181652975,1.0,0.9700070404862708,0.8863660187292084,6.047477301572034,0.3023738650786017,0.7843704947345923,0.7386326693705875,0.9997780638420299,0.5058171805561278,0.08622723162414642
2500.0,30.0,4,5.699517158491341,5.699517158491341,11.305158378033656,1.0,0.9055196691244606,0.9325564428522511,5.699517158491341,0.2849758579245671,0.7208553086668174,0.7386326693705875,0.9928411275367561,0.0,0.0
2500.0,30.0,5,5.76870658681088,5.76870658681088,8.031425019788855,1.0,0.839158408364739,1.0,5.76870658681088,0.288435329340544,0.6266091806894659,0.7386326693705875,0.9823104522009543,0.0,0.0
2500.0,30.0,6,4.55913471927134,4.55913471927134,10.568050024284153,1.0,0.8297781928514546,1.0,4.55913471927134,0.227956735963567,0.5945763513086618,0.7386326693705875,0.9882665289936537,0.0,0.0
2500.0,30.0,7,4.383913852737612,4.383913852737612,10.853739251934606,1.0,0.8045841261311844,1.0,4.383913852737612,0.2191956926368806,0.5825668039112207,0.7386326693705875,0.9793677617234738,0.0,0.0
2500.0,30.0,8,3.7252774468069276,3.7252774468069276,9.961859681441185,1.0,0.7944883138009861,1.0,3.7252774468069276,0.1862638723403464,0.5418075415218825,0.7386326693705875,0.9770715237464601,0.0,0.0
2500.0,40.0,1,2.364304943161682,2.364304943161682,2.364304943161682,1.0,1.0,1.0,2.364304943161682,0.1182152471580841,,,,0.0,0.0
2500.0,40.0,2,8.768797990270556,7.669201759476782,14.783388807964286,1.0,0.9999999999999999,0.8746012586886098,8.768797990270558,0.4384398995135279,0.8636561108792751,0.7296689100340923,1.0,1.0995962307937743,0.12539874131139003
2500.0,40.0,3,5.647307202076057,5.005208790541092,13.653168419830545,1.0,0.9624070384926544,0.8529814293387856,5.867898899535282,0.2933949449767641,0.7908142554145197,0.7296689100340923,0.9996653589416624,0.642098411534965,0.11369992609910039
2500.0,40.0,4,5.787617403296196,5.787617403296196,11.458144497655542,1.0,0.9077674673930388,0.9386182068025719,5.787617403296196,0.2893808701648098,0.7098531151537004,0.7296689100340923,0.9929632992620864,0.0,0.0
2500.0,40.0,5,5.325448727709636,5.325448727709636,8.386617868390044,1.0,0.8516009821598294,1.0,5.325448727709636,0.2662724363854818,0.6264160072646903,0.7296689100340923,0.9873325473900955,0.0,0.0
2500.0,40.0,6,4.934137869382855,4.934137869382855,9.80024881834148,1.0,0.817061348974957,0.9253681101487494,4.934137869382855,0.2467068934691428,0.6607731757993176,0.7296689100340923,0.9863049365438241,0.0,0.0
2500.0,40.0,7,4.164051124888564,4.164051124888564,10.606343019837682,1.0,0.8287774240441844,1.0,4.164051124888564,0.2082025562444282,0.5824969648367953,0.7296689100340923,0.9856652515428551,0.0,0.0
2500.0,40.0,8,3.540830262220934,3.540830262220934,10.45176500208245,1.0,0.8245424828283,1.0,3.540830262220934,0.1770415131110467,0.5156505588885815,0.7296689100340923,0.9822914407461698,0.0,0.0
2500.0,50.0,1,2.364304943161682,2.364304943161682,2.364304943161682,1.0,1.0,1.0,2.364304943161682,0.1182152471580841,,,,0.0,0.0
2500.0,50.0,2,8.920076664102337,7.672614858758028,14.853635416136939,1.0,1.0,0.8601512237709174,8.920076664102337,0.4460038332051169,0.8460325909307133,0.6953855273318986,1.0,1.2474618053443098,0.13984877622908265
2500.0,50.0,3,5.335991154842021,4.383000860328444,13.654875931492786,1.0,0.9413010844172195,0.7731878376681675,5.668740048404016,0.2834370024202008,0.7949781626420427,0.6953855273318986,0.9992082816826646,0.9529902945135769,0.1785966780789747
2500.0,50.0,4,5.621095436335947,5.621095436335947,11.582372296083582,1.0,0.9058249262011999,0.8726337897372591,5.621095436335947,0.2810547718167974,0.7115660351531892,0.6953855273318986,0.9941832566700974,0.0,0.0
2500.0,50.0,5,5.164787226806953,5.164787226806953,8.28155248497798,1.0,0.8435383270860376,0.9359686176673544,5.164787226806953,0.2582393613403477,0.6384691927083749,0.6953855273318986,0.9891768920729689,0.0,0.0
2500.0,50.0,6,5.657732884977993,5.657732884977993,8.944690135940698,1.0,0.8014759956721238,0.7209833067928315,5.657732884977993,0.2901404313926429,0.7418154522656629,0.6953855273318986,0.9816855304281727,0.0,0.0
2500.0,50.0,7,4.1100504563567855,4.1100504563567855,10.269787982942185,1.0,0.8057247387543741,0.9757194135683742,4.1100504563567855,0.2055025228178393,0.5879510431407271,0.6953855273318986,0.9784022987563613,0.0,0.0
2500.0,50.0,8,3.7538211253148037,3.7538211253148037,10.216600495168294,1.0,0.8126438782597234,1.0,3.7538211253148037,0.1876910562657402,0.5132309122718463,0.6953855273318986,0.981008175556414,0.0,0.0
2500.0,60.0,1,2.364304943161682,2.364304943161682,2.364304943161682,1.0,1.0,1.0,2.364304943161682,0.1182152471580841,,,,0.0,0.0
2500.0,60.0,2,9.570010999631306,8.326733009192974,15.485220197054222,1.0,1.0,0.8700860437374388,9.570010999631306,0.4785005499815653,0.8047766321380224,0.6656134607617791,1.0,1.2432779904383313,0.12991395626256122
2500.0,60.0,3,5.462055950892738,4.288855368405425,13.651450399814266,1.0,0.9478843733158743,0.7442873195868573,5.762365225819115,0.2881182612909558,0.7876334388323922,0.6656134607617791,0.9993464156950362,1.173200582487313,0.21479102247122916
2500.0,60.0,4,5.9999470253145635,5.9999470253145635,11.734480097279995,1.0,0.8950394206706833,0.8320473723625327,5.9999470253145635,0.2999973512657282,0.6992472654674086,0.6656134607617791,0.9925473512418564,0.0,0.0
2500.0,60.0,5,5.476984312824054,5.476984312824054,8.435521788091187,1.0,0.8299730604578411,0.8759393159252654,5.476984312824054,0.2738492156412027,0.633933816028464,0.6656134607617791,0.9882426813101709,0.0,0.0
2500.0,60.0,6,5.055102395531712,5.055102395531712,9.60682222472775,1.0,0.8518843478678177,0.7453541134299486,5.055102395531712,0.2527551197765856,0.7235165710277685,0.6656134607617791,0.9814056372467171,0.0,0.0
2500.0,60.0,7,4.240178653061208,4.240178653061208,10.334322990802137,1.0,0.8087439676650909,0.9034992384655396,4.240178653061208,0.2120089326530604,0.5998444094362307,0.6656134607617791,0.9816491461505346,0.0,0.0
2500.0,60.0,8,3.640304340977974,3.640304340977974,10.168644780737651,1.0,0.8093861619610491,1.0,3.640304340977974,0.1820152170488987,0.5153703075959006,0.6656134607617791,0.9820304267947275,0.0,0.0
2500.0,70.0,1,2.364304943161682,2.364304943161682,2.364304943161682,1.0,1.0,1.0,2.364304943161682,0.1182152471580841,,,,0.0,0.0
2500.0,70.0,2,9.20963575709389,6.594881584829545,15.088360373483415,1.0,1.0,0.7160849526268959,9.20963575709389,0.4604817878546945,0.8227035258089266,0.4887470556694542,1.0,2.6147541722643455,0.28391504737310413
2500.0,70.0,3,5.457350816618581,3.009331124213991,13.616155913681567,1.0,0.948510577546426,0.5230344353096301,5.7536003770621775,0.2876800188531089,0.7874744241362341,0.4887470556694542,0.9993613172386292,2.4480196924045896,0.44857290188307936
2500.0,70.0,4,6.087394633655661,4.498096208822927,11.930324529018577,1.0,0.8859944947940771,0.5803058754158511,6.087394633655661,0.3043697316827831,0.6977789678102773,0.4887470556694542,0.9924634603932818,1.5892984248327338,0.2610802355487035
2500.0,70.0,5,6.329298275234234,6.149516031748835,8.755339660609021,1.0,0.8165902276659722,0.6173329811278303,6.329298275234234,0.3164649137617117,0.6233479976370602,0.4887470556694542,0.9854281809647103,0.17978224348539928,0.02840476711120806
2500.0,70.0,6,4.892242392734816,4.855133975940131,9.290720666061102,1.0,0.8498113622707083,0.5142923594119233,4.892242392734816,0.2446121196367408,0.7288367437600829,0.4887470556694542,0.9737712489857603,0.037108416794684906,0.0075851549894159894
2500.0,70.0,7,4.710540068142584,4.710540068142584,10.251415656043768,1.0,0.7900267354574975,0.6218246624470928,4.710540068142584,0.2355270034071292,0.5959050138048421,0.4887470556694542,0.9759976342287318,0.0,0.0
2500.0,70.0,8,3.556404659028588,3.556404659028588,10.86419181021062,1.0,0.8078882865795253,0.7615671576438116,3.556404659028588,0.1778202329514294,0.5044291883173845,0.4887470556694542,0.9822795541512426,0.0,0.0
2500.0,80.0,1,2.364304943161682,2.364304943161682,2.364304943161682,1.0,1.0,1.0,2.364304943161682,0.1182152471580841,,,,0.0,0.0
2500.0,80.0,2,9.023359019380859,5.883748899589504,14.89007723561438,1.0,1.0,0.6520574973191324,9.023359019380859,0.451167950969043,0.8330570231391509,0.40543448826779266,1.0,3.139610119791355,0.34794250268086757
2500.0,80.0,3,10.19316390009823,7.4953946586170614,13.950907032733367,1.0,0.9173144615573186,0.7314467815637952,10.19316390009823,0.5096581950049116,0.6199666194810401,0.40543448826779266,0.9848650234131493,2.6977692414811694,0.2646645602799707
2500.0,80.0,4,10.09071981963511,8.751000672065167,17.494241482806196,1.0,0.9171477992224648,0.829356897333793,10.09071981963511,0.5045359909817555,0.4871196703401412,0.40543448826779266,0.9876712125866721,1.3397191475699426,0.13276745083765373
2500.0,80.0,5,8.786514235065018,7.377204524114882,21.356002191545066,1.0,0.945632055002978,0.8396053687222294,8.786514235065018,0.4393257117532509,0.4589973671877982,0.40543448826779266,0.9962815930994107,1.4093097109501365,0.16039463127777062
2500.0,80.0,6,6.802942653371035,5.716017997055771,17.50948200959095,1.0,0.8304598566460514,0.7086683654184338,6.802942653371035,0.3401471326685518,0.5209380666094444,0.40543448826779266,0.9704354645253821,1.0869246563152641,0.15977272067355508
2500.0,80.0,7,4.668238180158181,3.9550298449428887,16.94558739245703,1.0,0.8870821234661209,0.8181645286681426,4.668238180158181,0.2334119090079091,0.4532377773812191,0.40543448826779266,0.9883876665884477,0.7132083352152927,0.15277890880690367
2500.0,80.0,8,3.7061064092191356,3.7061064092191356,15.11946406965413,1.0,0.8665699273789775,0.8649440247884497,3.7061064092191356,0.1853053204609568,0.40284745044844794,0.40543448826779266,0.9958262638158301,0.0,0.0
2500.0,90.0,1,2.364304943161682,2.364304943161682,2.364304943161682,1.0,1.0,1.0,2.364304943161682,0.1182152471580841,,,,0.0,0.0
2500.0,90.0,2,9.070462411681637,5.888347234331242,14.92338160824043,1.0,1.0,0.6491782851939033,9.070462411681637,0.4535231205840819,0.8287897073584488,0.396741814895877,1.0,3.1821151773503953,0.3508217148060967
2500.0,90.0,3,10.280775806251139,7.486631401412987,14.013119702949796,1.0,0.9170621774971259,0.727893670843933,10.280775806251139,0.514038790312557,0.615731422919407,0.396741814895877,0.9845859032702021,2.7941444048381516,0.2717834196072242
2500.0,90.0,4,12.89562773295367,12.89562773295367,19.437838277125646,1.0,0.9060741882214863,0.8485146980675167,12.89562773295367,0.6447813866476836,0.43694736983958504,0.396741814895877,0.9781206120571224,0.0,0.0
2500.0,90.0,5,14.430132923251621,14.430132923251621,22.429044377674646,1.0,0.9051473720314477,0.891630830201868,14.430132923251621,0.7215066461625811,0.3751638575875055,0.396741814895877,0.9748953131556364,0.0,0.0
2500.0,90.0,6,13.56702686476213,13.56702686476213,19.87229268209419,1.0,0.822366035036485,0.7785292607922146,13.56702686476213,0.6783513432381065,0.37657808703081597,0.396741814895877,0.9263962717503875,0.0,0.0
2500.0,90.0,7,11.875816293720009,11.875816293720009,19.752155310411784,1.0,0.797571265919718,0.7575221265173253,11.875816293720009,0.5937908146860005,0.35314503633094885,0.396741814895877,0.9141980712090931,0.0,0.0
2500.0,90.0,8,9.584107965488728,9.584107965488728,18.671316455991942,1.0,0.8817597366642597,0.9034154751560277,9.584107965488728,0.4792053982744364,0.30048790554606136,0.396741814895877,0.9646283371105056,0.0,0.0
2500.0,100.0,1,2.364304943161682,2.364304943161682,2.364304943161682,1.0,1.0,1.0,2.364304943161682,0.1182152471580841,,,,0.0,0.0
2500.0,100.0,2,9.06365264614935,5.848505922286047,14.936631461916761,1.0,1.0,0.6452703066429578,9.06365264614935,0.4531826323074675,0.8311427119504207,0.39305674204113256,1.0,3.2151467238633034,0.35472969335704224
2500.0,100.0,3,10.395233206986278,7.554979344729087,14.198821297630008,1.0,0.9185009785588414,0.7267734349289678,10.395233206986278,0.5197616603493139,0.6114945403795928,0.39305674204113256,0.9849357354831748,2.8402538622571907,0.27322656507103216
2500.0,100.0,4,13.070642866261831,13.070642866261831,19.59912426885574,1.0,0.9081454928828292,0.8459174081835006,13.070642866261831,0.6535321433130916,0.4388685378496284,0.39305674204113256,0.9782017121623353,0.0,0.0
2500.0,100.0,5,14.131519731663765,14.131519731663765,22.670539561398666,1.0,0.9178792866188765,0.89267310853605,14.131519731663765,0.7065759865831883,0.38955829022883043,0.39305674204113256,0.9809318601976874,0.0,0.0
2500.0,100.0,6,13.689798653041647,13.689798653041647,19.734264660768005,1.0,0.8258871732533323,0.787516883930865,13.689798653041647,0.6844899326520824,0.3639703209048698,0.39305674204113256,0.924198577186414,0.0,0.0
2500.0,100.0,7,11.740433726495306,11.740433726495306,19.831016821762354,1.0,0.7962221265779654,0.7525299256748965,11.740433726495306,0.5870216863247654,0.3536407990954297,0.39305674204113256,0.9128159568060024,0.0,0.0
2500.0,100.0,8,9.567676203435559,9.567676203435559,18.356231367291457,1.0,0.8794860982399269,0.8925764302137458,9.567676203435559,0.478383810171778,0.3051407951669391,0.39305674204113256,0.9626690695044332,0.0,0.0
3000.0,10.0,1,103.14789734509293,103.14789734509293,103.14789734509293,1.0,1.0,1.0,103.14789734509293,5.157394867254647,,,,0.0,0.0
3000.0,10.0,2,24.819330674319147,18.717544113158944,39.45961021353597,1.0,1.0,0.7541518487654547,24.819330674319147,1.2409665337159574,0.7792093357866211,0.4970477954716243,1.0,6.101786561160203,0.24584815123454531
3000.0,10.0,3,17.73547067710829,16.739085540093903,24.540851045780766,1.0,0.9305591129236912,0.8537423587413485,17.73547067710829,0.8867735338554146,0.5722092342458348,0.4970477954716243,0.98770495020468,0.9963851370143857,0.05618036054156997
3000.0,10.0,4,12.675898772003693,12.675898772003693,22.4974543550103,1.0,0.9045693813076354,0.8533505674340982,12.675898772003693,0.6337949386001847,0.535619949639075,0.4970477954716243,0.9857845083558998,0.0,0.0
3000.0,10.0,5,9.058622429965327,9.058622429965327,21.868121505577644,1.0,0.880806036369163,0.8377248631069211,9.058622429965327,0.4529311214982664,0.5198151496538485,0.4970477954716243,0.9839362403092979,0.0,0.0
3000.0,10.0,6,6.524970825178277,6.524970825178277,19.489340292957024,1.0,0.8843350515621536,0.8756336550826915,6.524970825178277,0.3262485412589139,0.475515535895684,0.4970477954716243,0.9861484960146939,0.0,0.0
3000.0,10.0,7,4.861404591860796,4.861404591860796,19.582431291002887,1.0,0.880890213828959,0.9022303865000455,4.861404591860796,0.2430702295930398,0.4392868686756448,0.4970477954716243,0.9870176943021693,0.0,0.0
3000.0,10.0,8,3.727842434725004,3.727842434725004,13.772700469529026,1.0,0.9423128395224141,0.9824834194483784,3.727842434725004,0.1863921217362502,0.4398400347196585,0.4970477954716243,0.9971796849744157,0.0,0.0
3000.0,20.0,1,103.14789734509293,103.14789734509293,103.14789734509293,1.0,1.0,1.0,103.14789734509293,5.157394867254647,,,,0.0,0.0
3000.0,20.0,2,24.99192376036005,22.848527670870325,39.54885409205761,1.0,1.0,0.914236450541299,24.99192376036005,1.2495961880180024,0.7723883780026106,0.6827223356407702,1.0,2.1433960894897233,0.08576354945870099
3000.0,20.0,3,9.058933958404792,7.277040598604313,22.68270678913949,1.0,0.9493174632500544,0.7625866081764866,9.542575912794126,0.4771287956397063,0.7932980868297497,0.6827223356407702,0.9994026246541384,1.7818933598004785,0.19670011592779688
3000.0,20.0,4,8.994979195511876,8.994979195511876,18.424309686050023,1.0,0.9306056125270635,0.8454980662791556,8.994979195511876,0.4497489597755938,0.7273438371948517,0.6827223356407702,0.9938760149733225,0.0,0.0
3000.0,20.0,5,7.113007894493846,7.113007894493846,10.939632478629242,1.0,0.8721184905579717,0.8306730773864447,7.113007894493846,0.3556503947246923,0.7000037260093608,0.6827223356407702,0.9855984498552107,0.0,0.0
3000.0,20.0,6,6.185504394942887,6.185504394942887,11.735629689530843,1.0,0.828597446754935,0.9457797163545553,6.185504394942887,0.3092752197471444,0.6034813980879647,0.6827223356407702,0.975011138679404,0.0,0.0
3000.0,20.0,7,4.668924562274702,4.668924562274702,12.053922144205709,1.0,0.8179814825430783,0.9415574803123494,4.668924562274702,0.2334462281137351,0.6010965947723351,0.6827223356407702,0.9814815933549936,0.0,0.0
3000.0,20.0,8,3.675602887012366,3.675602887012366,9.57831716509581,1.0,0.7928838134075399,0.7966775468538658,3.675602887012366,0.1837801443506183,0.6711103709503593,0.6827223356407702,0.9806350130349323,0.0,0.0
3000.0,30.0,1,103.14789734509293,103.14789734509293,103.14789734509293,1.0,1.0,1.0,103.14789734509293,5.157394867254647,,,,0.0,0.0
3000.0,30.0,2,25.26247684289431,24.61486087995647,39.76491025217604,1.0,1.0,0.9743645103777702,25.26247684289431,1.2631238421447155,0.7646024740864881,0.7386326693705875,1.0,0.647615962937838,0.02563548962222981
3000.0,30.0,3,9.536185279172521,7.970933257110902,22.712972461981156,1.0,0.9836168619189151,0.8221677879988577,9.695020132705535,0.4847510066352768,0.828576575993528,0.7386326693705875,0.9999491642877917,1.5652520220616193,0.16413817226057925
3000.0,30.0,4,6.470419689168658,6.148641351828007,19.052238121929093,1.0,0.8635255269485015,0.7527040886879669,6.470419689168658,0.3235209844584329,0.8086743845553321,0.7386326693705875,0.9975897042780264,0.32177833734065064,0.049730674793676925
3000.0,30.0,5,4.734589920440932,4.734589920440932,10.7664547506256,1.0,0.9088569597456364,0.9359618261570416,4.734589920440932,0.2367294960220466,0.7225777622498025,0.7386326693705875,0.9973612348759275,0.0,0.0
3000.0,30.0,6,3.99041940649819,3.99041940649819,10.379125371650979,1.0,0.9134361843253956,1.0,3.99041940649819,0.1995209703249095,0.6770764591316752,0.7386326693705875,0.9962863754169836,0.0,0.0
3000.0,30.0,7,3.060782099009378,3.060782099009378,7.335263941026445,1.0,0.8370936547221831,0.8852195334464078,3.060782099009378,0.1530391049504689,0.7107474523148137,0.7386326693705875,0.9940353156518499,0.0,0.0
3000.0,30.0,8,2.4704456321529435,2.4704456321529435,6.6070446106898775,1.0,0.8500354278093477,0.9504045521180299,2.4704456321529435,0.1235222816076472,0.6841433819783732,0.7386326693705875,0.9943154903690276,0.0,0.0
3000.0,40.0,1,103.14789734509293,103.14789734509293,103.14789734509293,1.0,1.0,1.0,103.14789734509293,5.157394867254647,,,,0.0,0.0
3000.0,40.0,2,25.52504103920241,24.830077100173817,39.978001594107035,1.0,1.0,0.972773248906388,25.52504103920241,1.2762520519601206,0.757273177250702,0.7296689100340923,1.0,0.6949639390285931,0.02722675109361191
3000.0,40.0,3,9.996470273802835,8.208574680050885,22.63138526527609,1.0,0.9967053556042488,0.8211473105224568,9.996470273802835,0.4998235136901418,0.8323731082968603,0.7296689100340923,0.9999859020748202,1.7878955937519496,0.17885268947754318
3000.0,40.0,4,6.536227672321142,6.2507652244801735,20.37171533291029,1.0,0.8788405776408494,0.8403309874013803,6.536227672321142,0.3268113836160571,0.7547631339757027,0.7296689100340923,0.997299504605572,0.28546244784096864,0.04367388379841967
3000.0,40.0,5,5.634507809215729,5.634507809215729,10.721062679460477,1.0,0.9182072069755467,0.8989069051266749,5.634507809215729,0.2817253904607865,0.736342674849802,0.7296689100340923,0.993768733001264,0.0,0.0
3000.0,40.0,6,4.322542883221104,4.322542883221104,10.415900391877623,1.0,0.8929944151973308,0.9839290384738846,4.322542883221104,0.2161271441610552,0.6795505314686089,0.7296689100340923,0.9955596480877834,0.0,0.0
3000.0,40.0,7,3.570018952308396,3.570018952308396,7.53245219909274,1.0,0.8748191762391327,0.9527629753569082,3.570018952308396,0.1785009476154198,0.6844124922013438,0.7296689100340923,0.9930146137628529,0.0,0.0
3000.0,40.0,8,2.7495411448025457,2.7495411448025457,7.295942035426515,1.0,0.9124038925482871,0.977525655975813,2.7495411448025457,0.1374770572401273,0.6905715194122362,0.7296689100340923,0.9930026865679796,0.0,0.0
3000.0,50.0,1,103.14789734509293,103.14789734509293,103.14789734509293,1.0,1.0,1.0,103.14789734509293,5.157394867254647,,,,0.0,0.0
3000.0,50.0,2,25.31103499776336,23.508348766373118,39.96854142114872,1.0,1.0,0.9287786441151246,25.31103499776336,1.265551749888168,0.7692703691801352,0.6953855273318986,1.0,1.8026862313902434,0.0712213558848755
3000.0,50.0,3,9.800423287923394,7.705432122240995,23.156033254709957,1.0,0.9817925376045256,0.7719192869920809,9.98217333351854,0.499108666675927,0.8159837669192522,0.6953855273318986,0.9999323167426442,2.0949911656823987,0.2137653756510659
3000.0,50.0,4,8.725223887277672,8.725223887277672,20.54358912087367,1.0,0.8423521324169401,0.7992509482511754,8.725223887277672,0.4362611943638836,0.7228533135296416,0.6953855273318986,0.9947321925782737,0.0,0.0
3000.0,50.0,5,7.2340037255017675,7.2340037255017675,11.991439883662245,1.0,0.8928147201888579,0.9168914895280356,7.2340037255017675,0.3617001862750884,0.6733068387764565,0.6953855273318986,0.9840004561810208,0.0,0.0
3000.0,50.0,6,5.07339145435539,5.07339145435539,10.021961315094781,1.0,0.8077132459446766,0.777227279519386,5.07339145435539,0.2536695727177695,0.7106164832194187,0.6953855273318986,0.9893851385308828,0.0,0.0
3000.0,50.0,7,3.84931262290766,3.84931262290766,11.207011755446455,1.0,0.8540902414015854,0.9120544999194692,3.84931262290766,0.192465631145383,0.6548648213760522,0.6953855273318986,0.9887594229462477,0.0,0.0
3000.0,50.0,8,3.348006862454036,3.348006862454036,8.94892032636061,1.0,0.7974955802210483,0.9536661837701051,3.348006862454036,0.1674003431227018,0.5946879401705705,0.6953855273318986,0.9805298878688786,0.0,0.0
3000.0,60.0,1,103.14789734509293,103.14789734509293,103.14789734509293,1.0,1.0,1.0,103.14789734509293,5.157394867254647,,,,0.0,0.0
3000.0,60.0,2,25.789475924708878,23.692601234003217,40.20428809289317,1.0,1.0,0.9186926210975599,25.789475924708878,1.289473796235444,0.7504171443942994,0.6656134607617791,1.0,2.0968746907056612,0.0813073789024401
3000.0,60.0,3,9.176285891703433,7.272485371430086,23.627523199397018,1.0,0.9344928858845689,0.7406140046754174,9.819535311943415,0.4909767655971708,0.783305034850551,0.6656134607617791,0.9989430461689619,1.9038005202733466,0.2074696170914457
3000.0,60.0,4,8.734555846292027,8.605921821909822,19.76911246609899,1.0,0.8650425997372,0.726358181721407,8.734555846292027,0.4367277923146014,0.752440047588576,0.6656134607617791,0.9951082940685582,0.12863402438220461,0.014727025236985809
3000.0,60.0,5,7.8480427684512915,7.8480427684512915,11.602116618647685,1.0,0.8793852265251791,0.8498259098206751,7.8480427684512915,0.3924021384225646,0.6734248119820635,0.6656134607617791,0.9808214979515177,0.0,0.0
3000.0,60.0,6,5.099099539979653,5.099099539979653,11.468894210373938,1.0,0.845022468377097,0.8315790898942462,5.099099539979653,0.2549549769989827,0.6652632621640007,0.6656134607617791,0.9854428292445292,0.0,0.0
3000.0,60.0,7,4.434578257424191,4.434578257424191,11.071340067954678,1.0,0.8159249983224481,0.929432474324627,4.434578257424191,0.2217289128712096,0.5904813815001722,0.6656134607617791,0.9836471454545459,0.0,0.0
3000.0,60.0,8,3.4600405341154277,3.4600405341154277,10.734588954210565,1.0,0.8116269556652836,1.0,3.4600405341154277,0.1730020267057714,0.5287662264853111,0.6656134607617791,0.9857512589137752,0.0,0.0
3000.0,70.0,1,103.14789734509293,103.14789734509293,103.14789734509293,1.0,1.0,1.0,103.14789734509293,5.157394867254647,,,,0.0,0.0
3000.0,70.0,2,25.701236362494416,19.671735476439675,40.22192349877382,1.0,1.0,0.7654003565815403,25.701236362494416,1.2850618181247209,0.7561032957840329,0.4887470556694542,1.0,6.029500886054741,0.23459964341845974
3000.0,70.0,3,18.880800540022204,18.031908022490217,26.272649117956973,1.0,0.9367800143018342,0.8701757464767578,18.880800540022204,0.9440400270011102,0.5520763697676226,0.4887470556694542,0.9891364159199915,0.8488925175319864,0.04496062101458904
3000.0,70.0,4,13.863400050018132,13.697219941135469,24.18705209139234,1.0,0.8870834766273656,0.8189295899342337,13.863400050018132,0.6931700025009067,0.5462219387195099,0.4887470556694542,0.9810862064346452,0.16618010888266355,0.011986966276894405
3000.0,70.0,5,9.127913501948463,9.127913501948463,23.686682660275114,1.0,0.9035697965606055,0.8653937716004118,9.127913501948463,0.4563956750974231,0.5101701086617637,0.4887470556694542,0.9897262746186529,0.0,0.0
3000.0,70.0,6,4.832293805816047,5.1812220357484255,20.840314286223304,1.0,0.9063238114321847,0.9288409357273351,5.3317520127602,0.26658760063801,0.4715741539371246,0.4887470556694542,0.9946442840584426,0.3489282299323788,0.07220757759232607
3000.0,70.0,7,4.344645101223765,4.344645101223765,16.45877563838311,1.0,0.9318106829801742,0.9609800300798236,4.344645101223765,0.2172322550611883,0.44085223657788686,0.4887470556694542,0.9958182990001713,0.0,0.0
3000.0,70.0,8,3.7382356690837137,3.7382356690837137,14.970789974291243,1.0,0.8755560354021417,1.0,3.7382356690837137,0.1869117834541857,0.41158752635281765,0.4887470556694542,0.9974934516250116,0.0,0.0
3000.0,80.0,1,103.14789734509293,103.14789734509293,103.14789734509293,1.0,1.0,1.0,103.14789734509293,5.157394867254647,,,,0.0,0.0
3000.0,80.0,2,25.869642297045953,18.37026262088871,40.25688159189634,1.0,1.0,0.7101088762632951,25.869642297045953,1.2934821148522977,0.7477714621212834,0.40543448826779266,1.0,7.499379676157243,0.2898911237367049
3000.0,80.0,3,18.784124330302454,14.887345493190416,26.638009773036195,1.0,0.9401044399000428,0.7925493481308695,18.784124330302454,0.9392062165151228,0.5608054217361949,0.40543448826779266,0.9905289973526255,3.8967788371120378,0.20745065186913045
3000.0,80.0,4,17.556626564641203,16.830862532650674,25.209492724844374,1.0,0.8621997318725084,0.7675605654130088,17.556626564641203,0.8778313282320602,0.48908027521635655,0.40543448826779266,0.9621817995268476,0.7257640319905292,0.041338467234486136
3000.0,80.0,5,14.939388200516314,14.939388200516314,25.647553822396038,1.0,0.8981255986127717,0.8690756571097372,14.939388200516314,0.7469694100258157,0.4036004528999749,0.40543448826779266,0.97797116573536,0.0,0.0
3000.0,80.0,6,12.24517160296617,12.24517160296617,22.602586271248647,1.0,0.8847250670515245,0.8865973323009952,12.24517160296617,0.6122585801483086,0.35373947568882336,0.40543448826779266,0.97122576824148,0.0,0.0
3000.0,80.0,7,10.023792924370172,10.023792924370172,23.00729622955159,1.0,0.9246716303989972,0.9590827351855359,10.023792924370172,0.5011896462185086,0.33119307136025533,0.40543448826779266,0.9882819791793224,0.0,0.0
3000.0,80.0,8,8.50416866832916,8.50416866832916,20.948373036498207,1.0,0.9043509316839623,0.9560106193021601,8.50416866832916,0.4252084334164581,0.29418823270515065,0.40543448826779266,0.9805178200746029,0.0,0.0
3000.0,90.0,1,103.14789734509293,103.14789734509293,103.14789734509293,1.0,1.0,1.0,103.14789734509293,5.157394867254647,,,,0.0,0.0
3000.0,90.0,2,25.91294247078811,18.26735434077721,40.28590249866133,1.0,1.0,0.7049509858392253,25.91294247078811,1.2956471235394056,0.7463688171149296,0.396741814895877,1.0,7.6455881300109,0.29504901416077467
3000.0,90.0,3,18.95075624972192,14.491679501922718,27.63857686490436,1.0,0.9467173559844458,0.7647019100958236,18.95075624972192,0.947537812486096,0.5663281551992007,0.396741814895877,0.992647742077988,4.459076747799202,0.23529808990417644
3000.0,90.0,4,18.160114117127453,17.227091405410956,26.17923420860513,1.0,0.8668307540372213,0.7728652550480072,18.160114117127453,0.9080057058563726,0.47928731597424173,0.396741814895877,0.9636393587759201,0.9330227117164966,0.05137757977173335
3000.0,90.0,5,15.299268761817766,15.299268761817766,24.894664419478932,1.0,0.897899816899823,0.8810073250241508,15.299268761817766,0.7649634380908883,0.378273684805465,0.396741814895877,0.9747344385874586,0.0,0.0
3000.0,90.0,6,12.655723476186674,12.655723476186674,22.35814447264502,1.0,0.8908362435624939,0.8956813694203544,12.655723476186674,0.6327861738093338,0.34172537652139284,0.396741814895877,0.9711603321188077,0.0,0.0
3000.0,90.0,7,10.464237412553798,10.464237412553798,22.44861760030013,1.0,0.9150660086498641,0.949572752927327,10.464237412553798,0.5232118706276899,0.3158388032995259,0.396741814895877,0.9843566206085983,0.0,0.0
3000.0,90.0,8,9.207844224667955,9.207844224667955,19.729416267736696,1.0,0.9024922465169282,0.9357593372224605,9.207844224667955,0.4603922112333978,0.2989975535754361,0.396741814895877,0.9746467243619247,0.0,0.0
3000.0,100.0,1,103.14789734509293,103.14789734509293,103.14789734509293,1.0,1.0,1.0,103.14789734509293,5.157394867254647,,,,0.0,0.0
3000.0,100.0,2,25.923307595944262,18.142579508400882,40.399762326446314,1.0,1.0,0.6998558899651877,25.923307595944262,1.2961653797972132,0.7499375786526099,0.39305674204113256,1.0,7.78072808754338,0.3001441100348123
3000.0,100.0,3,18.695551809874704,13.740285571489597,28.377982615950643,1.0,0.9551475461049831,0.7349494527480162,18.695551809874704,0.9347775904937352,0.5779254196841029,0.39305674204113256,0.9949896610481685,4.955266238385107,0.26505054725198385
3000.0,100.0,4,18.409012695614894,17.44383970096217,27.246033698647224,1.0,0.8888017205281881,0.7998854532774022,18.409012695614894,0.9204506347807448,0.470349566850064,0.39305674204113256,0.9721316365895236,0.9651729946527254,0.05242937307999324
3000.0,100.0,5,15.445800897362805,15.445800897362805,22.48096194969038,1.0,0.8814839410326633,0.8651565010903665,15.445800897362805,0.7722900448681402,0.36549382631060306,0.39305674204113256,0.9604437224879669,0.0,0.0
3000.0,100.0,6,13.25963625396912,13.25963625396912,22.943046634688486,1.0,0.8982551986450464,0.9131629681294635,13.25963625396912,0.662981812698456,0.32577037360738287,0.39305674204113256,0.96907518668331,0.0,0.0
3000.0,100.0,7,9.811579829235765,9.811579829235765,21.909024423744274,1.0,0.906088040371479,0.9327801139672138,9.811579829235765,0.4905789914617883,0.3127529893110914,0.39305674204113256,0.9772713660358939,0.0,0.0
3000.0,100.0,8,8.863935300850441,8.863935300850441,20.000468031414304,1.0,0.880123170002622,0.9021331946474751,8.863935300850441,0.4431967650425221,0.30604827648355104,0.39305674204113256,0.965888488110654,0.0,0.0
3500.0,10.0,1,93.95408574449424,93.95408574449424,93.95408574449424,1.0,1.0,1.0,93.95408574449424,4.697704287224712,,,,0.0,0.0
3500.0,10.0,2,25.74901636672921,20.034653474815435,40.07486308371993,1.0,1.0,0.778074517079518,25.74901636672921,1.2874508183364606,0.7479807745541467,0.4970477954716243,1.0,5.714362891913776,0.22192548292048203
3500.0,10.0,3,7.991301217518,3.973371675560513,21.14106964136316,1.0,0.9480621735362498,0.47138798606933946,8.429089821937135,0.4214544910968568,0.8472939539479906,0.4970477954716243,0.9995459766985979,4.017929541957487,0.5027878980646667
3500.0,10.0,4,5.617390102762672,2.84459373403179,15.668800235478194,1.0,0.9010565292120034,0.5063906337273602,5.617390102762672,0.2808695051381336,0.7815944988784937,0.4970477954716243,0.9983142791859083,2.7727963687308814,0.49360936627263985
3500.0,10.0,5,4.164193116435442,2.3799981455621784,9.352530639746355,1.0,0.8804170329719769,0.512106208163274,4.164193116435442,0.2082096558217721,0.7420996329611665,0.4970477954716243,0.9972903505515671,1.7841949708732634,0.4284611498518921
3500.0,10.0,6,3.1325562509664797,2.0657406541562624,7.8189237019179,1.0,0.8506269183928741,0.48893304671988486,3.1325562509664797,0.156627812548324,0.7419991519773611,0.4970477954716243,0.9959239048605621,1.0668155968102173,0.34055752278385276
3500.0,10.0,7,2.507122984850252,1.8585233971852781,6.0723628333781745,1.0,0.7776847385695466,0.4361348311420583,2.507122984850252,0.1253561492425126,0.7575861643737365,0.4970477954716243,0.9931516644456604,0.6485995876649737,0.2587027407846584
3500.0,10.0,8,1.9892761855064838,1.8177858377823144,5.482402444975654,1.0,0.8449635979998495,0.4616841377405441,1.9892761855064838,0.0994638092753242,0.7032924067260545,0.4970477954716243,0.9946311284589283,0.17149034772416938,0.08620740999847978
3500.0,20.0,1,93.95408574449424,93.95408574449424,93.95408574449424,1.0,1.0,1.0,93.95408574449424,4.697704287224712,,,,0.0,0.0
3500.0,20.0,2,25.434298112920136,23.587274151237665,39.85867789839013,1.0,1.0,0.9273805806048874,25.434298112920136,1.2717149056460069,0.7581135824956448,0.6827223356407702,1.0,1.8470239616824706,0.0726194193951127
3500.0,20.0,3,8.238385617207573,6.3641767985215125,21.818561365040267,1.0,0.9345087048102914,0.7219106865728299,8.815739837201404,0.4407869918600702,0.8130505978125131,0.6827223356407702,0.9991176056748529,1.8742088186860606,0.22749709782598518
3500.0,20.0,4,6.003581867397513,5.69724281392534,16.27202788371098,1.0,0.9036638613600785,0.7894608379479441,6.003581867397513,0.3001790933698757,0.7508663830629719,0.6827223356407702,0.9982337832883005,0.3063390534721737,0.051026047489374594
3500.0,20.0,5,4.3492649127253316,4.3492649127253316,9.15762117248748,1.0,0.8597853674789439,0.7432800336506579,4.3492649127253316,0.2174632456362666,0.7557880977098013,0.6827223356407702,0.9966281936447376,0.0,0.0
3500.0,20.0,6,3.2878458056314717,3.2878458056314717,8.607047781257656,1.0,0.8659664063786325,0.7234992593690717,3.2878458056314717,0.1643922902815736,0.7718203588686582,0.6827223356407702,0.9963613086954962,0.0,0.0
3500.0,20.0,7,2.8446514795840536,2.8446514795840536,7.482267080606523,1.0,0.8600899590153142,0.7716829173568479,2.8446514795840536,0.1422325739792027,0.7371746251757716,0.6827223356407702,0.9959581334195228,0.0,0.0
3500.0,20.0,8,2.3627303008825176,2.3627303008825176,6.36654916334264,1.0,0.8929731085108992,0.8540677827456437,2.3627303008825176,0.1181365150441259,0.7054106217784126,0.6827223356407702,0.996403387956939,0.0,0.0
3500.0,30.0,1,93.95408574449424,93.95408574449424,93.95408574449424,1.0,1.0,1.0,93.95408574449424,4.697704287224712,,,,0.0,0.0
3500.0,30.0,2,25.054838994315112,24.26631209484879,39.60024290556508,1.0,1.0,0.968527959822642,25.054838994315112,1.2527419497157557,0.77061059671986,0.7386326693705875,1.0,0.7885268994663228,0.031472040177358065
3500.0,30.0,3,8.38815633175625,7.508321474308589,22.15186177213792,1.0,0.9290864910525894,0.8316344827588132,9.028391234332833,0.4514195617166417,0.7955107360833719,0.7386326693705875,0.9988514616747116,0.8798348574476602,0.10489013588322656
3500.0,30.0,4,5.808554729545305,5.808554729545305,16.16310012949644,1.0,0.9033375612238913,0.8437538549226894,5.808554729545305,0.2904277364772653,0.7732438863954323,0.7386326693705875,0.9983597719509645,0.0,0.0
3500.0,30.0,5,4.97569582639586,4.97569582639586,9.275989843076452,1.0,0.8512122877373413,0.7639247837685641,4.97569582639586,0.248784791319793,0.7924871639623352,0.7386326693705875,0.9958053247925692,0.0,0.0
3500.0,30.0,6,3.9842223130216556,3.9842223130216556,9.217452194974197,1.0,0.8837390106296242,0.8741980033024204,3.9842223130216556,0.1992111156510828,0.742044663868484,0.7386326693705875,0.9949638849134367,0.0,0.0
3500.0,30.0,7,3.4384704508474417,3.4384704508474417,7.377376014712413,1.0,0.8885583414818917,0.9829405331798281,3.4384704508474417,0.1719235225423721,0.6857251441498008,0.7386326693705875,0.9938816043670482,0.0,0.0
3500.0,30.0,8,2.926629532493372,2.926629532493372,7.231455387245771,1.0,0.8976303104936911,1.0,2.926629532493372,0.1463314766246686,0.6583713097979847,0.7386326693705875,0.9946489614713789,0.0,0.0
3500.0,40.0,1,93.95408574449424,93.95408574449424,93.95408574449424,1.0,1.0,1.0,93.95408574449424,4.697704287224712,,,,0.0,0.0
3500.0,40.0,2,24.87935480421625,23.671667678372508,39.56098083295528,1.0,1.0,0.951458261866217,24.87935480421625,1.2439677402108125,0.7794283688583168,0.7296689100340923,1.0,1.2076871258437407,0.048541738133782986
3500.0,40.0,3,8.167704304399614,7.069231488311078,22.013781833255184,1.0,0.9240182289599203,0.7997472137205462,8.839332437838618,0.4419666218919309,0.8034168795789857,0.7296689100340923,0.9987444059905187,1.0984728160885355,0.13448978747881854
3500.0,40.0,4,8.07666965592967,8.07666965592967,16.529725813928376,1.0,0.862492464082288,0.8281690062619648,8.07666965592967,0.4038334827964835,0.7482710113531928,0.7296689100340923,0.9927429717394262,0.0,0.0
3500.0,40.0,5,5.979549571078191,5.979549571078191,10.22792804336352,1.0,0.8676905585884042,0.843268535983568,5.979549571078191,0.2989774785539096,0.7388124723764073,0.7296689100340923,0.989701044209118,0.0,0.0
3500.0,40.0,6,4.9749352951813375,4.9749352951813375,10.425106624792946,1.0,0.8233523606393206,0.94283195659248,4.9749352951813375,0.2487467647590669,0.656231565500276,0.7296689100340923,0.9885305309791345,0.0,0.0
3500.0,40.0,7,3.5763941494702114,3.5763941494702114,11.33437688901175,1.0,0.8513964010413665,1.0,3.5763941494702114,0.1788197074735106,0.6238357131983275,0.7296689100340923,0.9895435744900064,0.0,0.0
3500.0,40.0,8,2.840734924270008,2.840734924270008,10.558181169517484,1.0,0.8536913780441746,1.0,2.840734924270008,0.1420367462135004,0.6023536486200157,0.7296689100340923,0.992892072372033,0.0,0.0
3500.0,50.0,1,93.95408574449424,93.95408574449424,93.95408574449424,1.0,1.0,1.0,93.95408574449424,4.697704287224712,,,,0.0,0.0
3500.0,50.0,2,24.787751332957484,22.71500349673572,39.5041277013964,1.0,1.0,0.9163801585557353,24.787751332957484,1.2393875666478742,0.782709507479639,0.6953855273318986,1.0,2.0727478362217653,0.08361984144426468
3500.0,50.0,3,8.176584402958976,6.6078723407267415,22.061795827107513,1.0,0.9235955854222634,0.7463998929333521,8.852992080100385,0.4426496040050193,0.8034302809258173,0.6953855273318986,0.9987306246397788,1.568712062232235,0.19185420035101
3500.0,50.0,4,8.39645111591074,8.076325703891458,16.8011393594018,1.0,0.8688109859262868,0.7774285129615015,8.39645111591074,0.419822555795537,0.7488139996003191,0.6953855273318986,0.9922510212820892,0.3201254120192818,0.03812627592301044
3500.0,50.0,5,6.352641517562692,6.352641517562692,10.24882437202697,1.0,0.865069671271517,0.8236079560803912,6.352641517562692,0.3176320758781346,0.7138785884490066,0.6953855273318986,0.9876663843701357,0.0,0.0
3500.0,50.0,6,5.982838517211648,5.982838517211648,11.157993001939944,1.0,0.8387916858324369,0.929076396232548,5.982838517211648,0.2991419258605824,0.6367961870330457,0.6953855273318986,0.9861182404203924,0.0,0.0
3500.0,50.0,7,3.815135966652672,3.815135966652672,11.45037576321846,1.0,0.7877332050710454,0.8469601100370331,3.815135966652672,0.1907567983326336,0.6543419762009204,0.6953855273318986,0.9874708604444583,0.0,0.0
3500.0,50.0,8,3.7653413490576795,3.7653413490576795,11.023136140114294,1.0,0.8473595318106761,1.0,3.7653413490576795,0.188267067452884,0.5891458150198164,0.6953855273318986,0.991500218405536,0.0,0.0
3500.0,60.0,1,93.95408574449424,93.95408574449424,93.95408574449424,1.0,1.0,1.0,93.95408574449424,4.697704287224712,,,,0.0,0.0
3500.0,60.0,2,24.550252961450216,21.69508642219897,39.3018137084344,1.0,1.0,0.8837011356365841,24.550252961450216,1.227512648072511,0.7892498161278964,0.6656134607617791,1.0,2.855166539251247,0.11629886436341584
3500.0,60.0,3,17.707002042853297,17.707002042853297,24.874455634695405,1.0,0.9306916405547264,0.992736187738968,17.707002042853297,0.8853501021426649,0.5904946598363344,0.6656134607617791,0.9884266763429141,0.0,0.0
3500.0,60.0,4,12.626093563054015,12.626093563054015,21.317086285504686,1.0,0.8705795940919111,0.9151414122833811,12.626093563054015,0.6313046781527007,0.5917748002355209,0.6656134607617791,0.9767509859675195,0.0,0.0
3500.0,60.0,5,9.021298340674884,9.021298340674884,22.20402685416607,1.0,0.8885403407055004,1.0,9.021298340674884,0.4510649170337442,0.5156368036321569,0.6656134607617791,0.9859370260062874,0.0,0.0
3500.0,60.0,6,5.159554092856574,5.159554092856574,19.57212893009347,1.0,0.8800979126288621,0.9516937795709617,5.159554092856574,0.2579777046428287,0.5618006820170991,0.6656134607617791,0.988445704242073,0.0,0.0
3500.0,60.0,7,4.02849539220347,4.040528122101661,18.497326501456516,1.0,0.8999393488795439,1.0,4.040528122101661,0.2020264061050831,0.46919269466899705,0.6656134607617791,0.991633939373146,0.012032729898191263,0.0029869042227226453
3500.0,60.0,8,3.1353526893201638,3.1353526893201638,15.843291279754013,1.0,0.865699420744725,1.0,3.1353526893201638,0.1567676344660082,0.46557339921296764,0.6656134607617791,0.9946920850858441,0.0,0.0
3500.0,70.0,1,93.95408574449424,93.95408574449424,93.95408574449424,1.0,1.0,1.0,93.95408574449424,4.697704287224712,,,,0.0,0.0
3500.0,70.0,2,24.94419746235133,18.953501472253308,39.23170825609967,1.0,1.0,0.7598360901712764,24.94419746235133,1.2472098731175665,0.7633995954587798,0.4887470556694542,1.0,5.990695990098022,0.24016390982872365
3500.0,70.0,3,17.77423952611784,16.106561483085972,25.44565004468556,1.0,0.9382705930397369,0.848098067351847,17.77423952611784,0.8887119763058919,0.5801630996505965,0.4887470556694542,0.9905366697873985,1.6676780430318665,0.0938255637087227
3500.0,70.0,4,16.19119718637115,16.19119718637115,22.893987119924606,1.0,0.8555177660843685,0.8054949543108342,16.19119718637115,0.8095598593185576,0.5162742456178726,0.4887470556694542,0.9599010005708659,0.0,0.0
3500.0,70.0,5,13.310005465204481,13.310005465204481,24.263088834480076,1.0,0.8752806974441814,0.8902894068371127,13.310005465204481,0.6655002732602241,0.43362678743237726,0.4887470556694542,0.97276017032114,0.0,0.0
3500.0,70.0,6,9.693084783475436,9.693084783475436,23.36824893044202,1.0,0.8792230176018303,0.9111366758972611,9.693084783475436,0.4846542391737719,0.41282543428324464,0.4887470556694542,0.979914071251993,0.0,0.0
3500.0,70.0,7,8.07055300763037,8.07055300763037,22.52910939936247,1.0,0.8760513806303595,0.9279802943491816,8.07055300763037,0.4035276503815185,0.3852368108944888,0.4887470556694542,0.9808858906375524,0.0,0.0
3500.0,70.0,8,4.902439095715112,4.902439095715112,18.481837816067877,1.0,0.9041805597084448,0.9565077231959942,4.902439095715112,0.2451219547857556,0.3953374175002459,0.4887470556694542,0.9896889510493991,0.0,0.0
3500.0,80.0,1,93.95408574449424,93.95408574449424,93.95408574449424,1.0,1.0,1.0,93.95408574449424,4.697704287224712,,,,0.0,0.0
3500.0,80.0,2,24.95943005204665,17.478687078934694,39.210301425192945,1.0,1.0,0.7002839024163318,24.95943005204665,1.2479715026023326,0.7617039395493119,0.40543448826779266,1.0,7.480742973111955,0.29971609758366824
3500.0,80.0,3,17.65762561003709,13.289155725619828,25.189773685754385,1.0,0.9342236692877426,0.7526015116135376,17.65762561003709,0.8828812805018545,0.5937589693962942,0.40543448826779266,0.989685811948965,4.368469884417262,0.2473984883864624
3500.0,80.0,4,16.245370379709428,14.999814803951775,22.961210157289806,1.0,0.8548030988875768,0.7392539405999293,16.245370379709428,0.8122685189854715,0.5179044950410087,0.40543448826779266,0.9597167556293675,1.2455555757576526,0.07667141755742052
3500.0,80.0,5,14.40915739238155,14.40915739238155,24.138426679636787,1.0,0.8649146109006504,0.8088484391240217,14.40915739238155,0.7204578696190775,0.42979694716497313,0.40543448826779266,0.965414435057676,0.0,0.0
3500.0,80.0,6,13.803767037233484,13.803767037233484,22.94063515328044,1.0,0.8502386561438431,0.8203176016621685,13.803767037233484,0.6901883518616743,0.38102571562887083,0.40543448826779266,0.953950490519359,0.0,0.0
3500.0,80.0,7,10.8665812584528,10.8665812584528,21.186634476631937,1.0,0.872095468622083,0.8559714485715588,10.8665812584528,0.54332906292264,0.3636271382229577,0.40543448826779266,0.9651743088767333,0.0,0.0
3500.0,80.0,8,8.363257191003376,8.363257191003376,19.944714345438197,1.0,0.8798489404922316,0.884090133416936,8.363257191003376,0.4181628595501688,0.33622110761142693,0.40543448826779266,0.9706478803429619,0.0,0.0
3500.0,90.0,1,93.95408574449424,93.95408574449424,93.95408574449424,1.0,1.0,1.0,93.95408574449424,4.697704287224712,,,,0.0,0.0
3500.0,90.0,2,24.769771907356663,17.13735773602085,39.002733758116555,1.0,0.9999999999999998,0.6918657870616491,24.76977190735667,1.2384885953678335,0.7651051064038255,0.396741814895877,1.0,7.632414171335814,0.30813421293835064
3500.0,90.0,3,17.269540391998905,12.236390854872788,24.53742984774564,1.0,0.9266317724681673,0.7085533591005114,17.269540391998905,0.8634770195999454,0.6238814575276014,0.396741814895877,0.988234886571969,5.033149537126118,0.2914466408994886
3500.0,90.0,4,16.280425082800438,14.799231907900644,23.604146093883447,1.0,0.8668711935682185,0.7550035287427651,16.280425082800438,0.8140212541400219,0.5039685601661955,0.396741814895877,0.9649524356135967,1.4811931748997935,0.09098000619557592
3500.0,90.0,5,14.690070388360361,14.690070388360361,23.831705284220472,1.0,0.8732160847367563,0.8156996143180693,14.690070388360361,0.7345035194180181,0.4233582602750168,0.396741814895877,0.9669854089781821,0.0,0.0
3500.0,90.0,6,13.786644983367852,13.786644983367852,22.810187903353093,1.0,0.8547856626469018,0.8196008045082172,13.786644983367852,0.6893322491683926,0.37965061183391313,0.396741814895877,0.9554614019899983,0.0,0.0
3500.0,90.0,7,10.738869002420884,10.738869002420884,20.6095221651651,1.0,0.8698587156874862,0.8468558137454677,10.738869002420884,0.5369434501210443,0.36055941681994974,0.396741814895877,0.9620102168171732,0.0,0.0
3500.0,90.0,8,8.324175359994157,8.324175359994157,19.419519849280128,1.0,0.854460642119489,0.8413084602621752,8.324175359994157,0.4162087679997079,0.33788821548842046,0.396741814895877,0.9607808445924326,0.0,0.0
3500.0,100.0,1,93.95408574449424,93.95408574449424,93.95408574449424,1.0,1.0,1.0,93.95408574449424,4.697704287224712,,,,0.0,0.0
3500.0,100.0,2,24.912858483765422,17.375475582866013,38.91600033781823,1.0,1.0,0.6974500976750148,24.912858483765422,1.2456429241882712,0.7533810544391325,0.39305674204113256,1.0,7.537382900899409,0.3025499023249853
3500.0,100.0,3,17.303321904271147,12.218737694125055,24.453685945210932,1.0,0.9254574359011558,0.7061498226597163,17.303321904271147,0.8651660952135575,0.6225509265916093,0.39305674204113256,0.9878064218582457,5.084584210146092,0.2938501773402837
3500.0,100.0,4,12.818780085752882,9.189136915241,22.186210585896912,1.0,0.8843770404449941,0.7168495639810563,12.818780085752882,0.6409390042876442,0.5712327466337342,0.39305674204113256,0.9806860358103098,3.6296431705118817,0.28315043601894374
3500.0,100.0,5,9.429853147936793,6.66467675397295,22.934613962181192,1.0,0.9058095915042155,0.7067635783311376,9.429853147936793,0.4714926573968397,0.5211626898981381,0.39305674204113256,0.9900751387572903,2.765176393963843,0.29323642166886243
3500.0,100.0,6,5.741953663573942,3.6155776504332864,20.263311635805536,1.0,0.915834645512753,0.6296772600883123,5.741953663573942,0.2870976831786971,0.48912473839507875,0.39305674204113256,0.9933397011943297,2.1263760131406557,0.3703227399116878
3500.0,100.0,7,4.839714790570044,3.9234862278561002,17.170367472652256,1.0,0.9275637343243825,0.7516322496401366,4.839714790570044,0.2419857395285022,0.451535484558861,0.39305674204113256,0.9953052469701851,0.9162285627139437,0.18931457789603054
3500.0,100.0,8,3.7670639193665436,3.4402161948675407,14.53971937806,1.0,0.889220994031886,0.693496442849866,3.7670639193665436,0.1883531959683272,0.4563100362542899,0.39305674204113256,0.9898291422850004,0.3268477244990029,0.08676458151364856
4000.0,10.0,1,90.49034163192768,90.49034163192768,90.49034163192768,1.0,1.0,1.0,90.49034163192768,4.524517081596384,,,,0.0,0.0
4000.0,10.0,2,27.965583968258112,21.224761625410196,44.26866400842729,1.0,1.0,0.7589600721193958,27.965583968258112,1.3982791984129057,0.7728539043451699,0.4970477954716243,1.0,6.740822342847917,0.24103992788060422
4000.0,10.0,3,19.48732822987194,17.59727186317699,27.66700023628486,1.0,0.9324854516334481,0.8363645901755419,19.48732822987194,0.9743664114935972,0.5956321818910236,0.4970477954716243,0.9891910588808568,1.890056366694953,0.0969889943043964
4000.0,10.0,4,16.540479987891015,16.540479987891015,25.66306285585992,1.0,0.8935729904264946,0.8687941018127219,16.540479987891015,0.8270239993945507,0.4999908858898057,0.4970477954716243,0.9769629911712988,0.0,0.0
4000.0,10.0,5,13.902172511534696,13.902172511534696,22.23918774298093,1.0,0.8822549605669295,0.9170893395597894,13.902172511534696,0.6951086255767348,0.4185495681644358,0.4970477954716243,0.9695029868416335,0.0,0.0
4000.0,10.0,6,10.66374943585053,10.66374943585053,19.725769587612987,1.0,0.8896723240065803,0.9519505635985102,10.66374943585053,0.5331874717925266,0.38415936237500997,0.4970477954716243,0.9742984189588864,0.0,0.0
4000.0,10.0,7,9.144546626513494,9.144546626513494,17.96238902837499,1.0,0.8731301719750714,0.9473607860953973,9.144546626513494,0.4572273313256747,0.3538318341036477,0.4970477954716243,0.9648209510502158,0.0,0.0
4000.0,10.0,8,7.863263026718704,7.863263026718704,16.792473044598527,1.0,0.8548335330410373,0.9263842639960816,7.863263026718704,0.3931631513359352,0.33976577977818134,0.4970477954716243,0.9566581777799037,0.0,0.0
4000.0,20.0,1,90.49034163192768,90.49034163192768,90.49034163192768,1.0,1.0,1.0,90.49034163192768,4.524517081596384,,,,0.0,0.0
4000.0,20.0,2,27.924129319957093,25.43356020089211,44.30270004586642,1.0,0.9999999999999999,0.9108094261229123,27.924129319957096,1.3962064659978548,0.7761439312083163,0.6827223356407702,1.0,2.4905691190649826,0.08919057387708766
4000.0,20.0,3,19.42341313648642,19.42341313648642,27.49716347467213,1.0,0.9307643720596407,1.0,19.42341313648642,0.971170656824321,0.5998707086447436,0.6827223356407702,0.9887728067665685,0.0,0.0
4000.0,20.0,4,16.814700179276898,16.814700179276898,25.733718321518566,1.0,0.8889086863356864,1.0,16.814700179276898,0.8407350089638449,0.49347788923324193,0.6827223356407702,0.9748660343185096,0.0,0.0
4000.0,20.0,5,13.493669126566768,13.493669126566768,22.317072439273236,1.0,0.8745852652079932,1.0,13.493669126566768,0.6746834563283385,0.4291905698178339,0.6827223356407702,0.968673696162342,0.0,0.0
4000.0,20.0,6,11.116810749690602,11.116810749690602,19.144608649663652,1.0,0.8559001491593492,1.0,11.116810749690602,0.5558405374845301,0.38818324560265693,0.6827223356407702,0.9566826999980362,0.0,0.0
4000.0,20.0,7,9.135082487414442,9.135082487414442,19.101207274702006,1.0,0.8600926465842683,1.0,9.135082487414442,0.4567541243707221,0.35789693063872163,0.6827223356407702,0.961725254213733,0.0,0.0
4000.0,20.0,8,6.975715335446386,6.975715335446386,17.668968748687753,1.0,0.8769290078541528,1.0,6.975715335446386,0.3487857667723193,0.36268435994853426,0.6827223356407702,0.9756416072135423,0.0,0.0
4000.0,30.0,1,90.49034163192768,90.49034163192768,90.49034163192768,1.0,1.0,1.0,90.49034163192768,4.524517081596384,,,,0.0,0.0
4000.0,30.0,2,27.664802959502293,26.37479915375268,44.20067471825638,1.0,1.0,0.9533702153007194,27.664802959502293,1.3832401479751146,0.7863846465768963,0.7386326693705875,1.0,1.2900038057496133,0.04662978469928062
4000.0,30.0,3,19.224667419090224,19.224667419090224,27.089104716033543,1.0,0.9273445452468465,1.0,19.224667419090224,0.9612333709545112,0.6098011437178608,0.7386326693705875,0.9879859676496742,0.0,0.0
4000.0,30.0,4,13.64024692085489,13.64024692085489,24.28445263811937,1.0,0.8928779437272173,1.0,13.64024692085489,0.6820123460427445,0.5678880301253556,0.7386326693705875,0.9835265692102589,0.0,0.0
4000.0,30.0,5,8.635005687170532,8.635005687170532,20.55167771022753,1.0,0.8826957949022656,1.0,8.635005687170532,0.4317502843585266,0.5367944840505716,0.7386326693705875,0.9845028960587129,0.0,0.0
4000.0,30.0,6,5.389255613158932,5.389255613158932,17.79166970060577,1.0,0.8992285922190127,1.0,5.389255613158932,0.2694627806579466,0.4918858962797076,0.7386326693705875,0.99031102345291,0.0,0.0
4000.0,30.0,7,4.110632564040764,4.110632564040764,15.554987651815093,1.0,0.9270768682492093,1.0,4.110632564040764,0.2055316282020382,0.46759440685756454,0.7386326693705875,0.9955145573908282,0.0,0.0
4000.0,30.0,8,3.40982366938044,3.40982366938044,13.307821308093594,1.0,0.922075804608357,1.0,3.40982366938044,0.170491183469022,0.45752855239528134,0.7386326693705875,0.9952016720932132,0.0,0.0
4000.0,40.0,1,90.49034163192768,90.49034163192768,90.49034163192768,1.0,1.0,1.0,90.49034163192768,4.524517081596384,,,,0.0,0.0
4000.0,40.0,2,27.348226588971933,25.578276546307002,44.00242577304757,1.0,1.0,0.9352809939281892,27.348226588971933,1.3674113294485968,0.7965771766116729,0.7296689100340923,1.0,1.7699500426649308,0.06471900607181075
4000.0,40.0,3,18.951471050880677,18.951471050880677,26.588249808757023,1.0,0.9216792033448514,1.0,18.951471050880677,0.947573552544034,0.6313554240336438,0.7296689100340923,0.9868604112639151,0.0,0.0
4000.0,40.0,4,13.600239500144717,13.600239500144717,24.041482110783576,1.0,0.8707820184533082,0.9573779473433386,13.600239500144717,0.6800119750072359,0.6123532470096981,0.7296689100340923,0.9787119106941975,0.0,0.0
4000.0,40.0,5,8.439471032427297,8.439471032427297,20.669152111591426,1.0,0.8874716257172991,1.0,8.439471032427297,0.4219735516213649,0.5359180769981935,0.7296689100340923,0.9860320262590526,0.0,0.0
4000.0,40.0,6,4.7546713797502305,4.89286490175997,18.561237315957108,1.0,0.9270539483484281,1.0,4.89286490175997,0.2446432450879985,0.48829030371504106,0.7296689100340923,0.995046914137069,0.13819352200973967,0.029064789335030587
4000.0,40.0,7,3.5169354095281418,3.5169354095281418,15.053353998189438,1.0,0.9316318220370752,1.0,3.5169354095281418,0.1758467704764071,0.47649975803075134,0.7296689100340923,0.9963295570564872,0.0,0.0
4000.0,40.0,8,2.5955178940392396,2.5955178940392396,13.197937826977672,1.0,0.9064296522013009,1.0,2.5955178940392396,0.129775894701962,0.47696034657943287,0.7296689100340923,0.9937864283515042,0.0,0.0
4000.0,50.0,1,90.49034163192768,90.49034163192768,90.49034163192768,1.0,1.0,1.0,90.49034163192768,4.524517081596384,,,,0.0,0.0
4000.0,50.0,2,27.14819198645489,24.390212837122256,43.8598461336065,1.0,1.0,0.8984102090220712,27.14819198645489,1.3574095993227446,0.8025140393946261,0.6953855273318986,1.0,2.757979149332634,0.1015897909779288
4000.0,50.0,3,9.372071648879945,6.3957433490300195,24.815467965799513,1.0,0.9634604183519061,0.6574902319984194,9.727510824899062,0.4863755412449531,0.886962474916067,0.6953855273318986,0.9998211822100462,2.976328299849926,0.31757421532363406
4000.0,50.0,4,8.644311196439629,8.644311196439629,19.665969513717428,1.0,0.9271516447308912,0.7572186008059932,8.644311196439629,0.4322155598219815,0.7943910591924032,0.6953855273318986,0.9957436900595517,0.0,0.0
4000.0,50.0,5,5.754990581672305,5.754990581672305,10.933390322907956,1.0,0.8730081355166952,0.8876205331847491,5.754990581672305,0.2877495290836153,0.6839846926987773,0.6953855273318986,0.9940257091999924,0.0,0.0
4000.0,50.0,6,4.8700898896231095,4.8700898896231095,9.937106613898084,1.0,0.8221229460770322,0.9103905817148866,4.8700898896231095,0.2435044944811555,0.641273637352919,0.6953855273318986,0.9908190179919163,0.0,0.0
4000.0,50.0,7,3.6976565763179594,3.6976565763179594,9.678232771859712,1.0,0.8361129744484933,0.9367697373687103,3.6976565763179594,0.184882828815898,0.6327274747349667,0.6953855273318986,0.9895317043039102,0.0,0.0
4000.0,50.0,8,2.91458385897518,2.91458385897518,8.580835924460619,1.0,0.7900319982932631,0.8202029669102148,2.91458385897518,0.145729192948759,0.6705044470097941,0.6953855273318986,0.986341098705681,0.0,0.0
4000.0,60.0,1,90.49034163192768,90.49034163192768,90.49034163192768,1.0,1.0,1.0,90.49034163192768,4.524517081596384,,,,0.0,0.0
4000.0,60.0,2,27.328805859419607,24.098503289397645,43.814832082098604,1.0,1.0,0.8817986198651064,27.328805859419607,1.3664402929709805,0.7914050319550002,0.6656134607617791,1.0,3.230302570021962,0.11820138013489351
4000.0,60.0,3,9.493140893200504,5.6881874667759424,24.254144929011535,1.0,0.9930146576624771,0.5950036551217975,9.559920208576816,0.4779960104288409,0.9217898736699357,0.6656134607617791,0.9999946201565401,3.8049534264245617,0.4008108032137049
4000.0,60.0,4,8.590695919097048,8.590695919097048,19.25057494106692,1.0,0.9117279552677897,0.7318760052789841,8.590695919097048,0.4295347959548524,0.7735091894235142,0.6656134607617791,0.9955726913356372,0.0,0.0
4000.0,60.0,5,5.7025745353788455,5.7025745353788455,10.919596939355278,1.0,0.861681575527941,0.8575857648688685,5.7025745353788455,0.2851287267689423,0.6662469794179,0.6656134607617791,0.994665304313691,0.0,0.0
4000.0,60.0,6,4.422964439949554,4.422964439949554,10.00963375943942,1.0,0.8462484084365136,0.8710850510167721,4.422964439949554,0.2211482219974777,0.6470505613680518,0.6656134607617791,0.9921362192793218,0.0,0.0
4000.0,60.0,7,3.24492901059263,3.24492901059263,9.769956551887695,1.0,0.8409494531755276,0.8547045180868331,3.24492901059263,0.1622464505296315,0.652064174693277,0.6656134607617791,0.9909946092543359,0.0,0.0
4000.0,60.0,8,2.7892081598084415,2.7892081598084415,8.312341246464804,1.0,0.8400025341203933,0.8851672059736572,2.7892081598084415,0.1394604079904221,0.631756562850578,0.6656134607617791,0.9887548945273291,0.0,0.0
4000.0,70.0,1,90.49034163192768,90.49034163192768,90.49034163192768,1.0,1.0,1.0,90.49034163192768,4.524517081596384,,,,0.0,0.0
4000.0,70.0,2,26.40871189225078,18.424729129607357,44.059208764423396,1.0,1.0,0.6976761761338994,26.40871189225078,1.320435594612539,0.8487472705787784,0.4887470556694542,1.0,7.983982762643421,0.3023238238661006
4000.0,70.0,3,9.667237602166963,4.1301847579981,23.97151892394209,1.0,0.9983798442765012,0.42723525871261264,9.667237602166963,0.4833618801083482,0.9164182491587695,0.4887470556694542,0.9999970789103705,5.537052844168864,0.5727647412873874
4000.0,70.0,4,6.445567166983565,2.9749658803212244,20.0933867673196,1.0,0.9208163921387856,0.46155222701890897,6.445567166983565,0.3222783583491783,0.764038881624507,0.4887470556694542,0.998984204417427,3.470601286662341,0.538447772981091
4000.0,70.0,5,3.9961391127832817,2.1311491909028315,10.782573745690986,1.0,0.9198880263822973,0.5124809664286124,3.9961391127832817,0.1998069556391641,0.7127832362629463,0.4887470556694542,0.9986441715462786,1.8649899218804502,0.46669794750501026
4000.0,70.0,6,2.9723036425369598,1.8003729737722,8.720286157251506,1.0,0.9045497495952215,0.5017301251134217,2.9723036425369598,0.148615182126848,0.722203681371156,0.4887470556694542,0.9977228595167023,1.1719306687647597,0.39428362970496444
4000.0,70.0,7,2.502187688877038,1.8921745768610199,7.3046514917349175,1.0,0.8610492931491976,0.5094956606559928,2.502187688877038,0.1251093844438519,0.7244487150219623,0.4887470556694542,0.9959058523730234,0.6100131120160179,0.24379190846782042
4000.0,70.0,8,2.040177087747706,2.040177087747706,5.608064369347984,1.0,0.9099333207052371,0.5438454097504605,2.040177087747706,0.1020088543873853,0.6705822718174486,0.4887470556694542,0.9965822167836678,0.0,0.0
4000.0,80.0,1,90.49034163192768,90.49034163192768,90.49034163192768,1.0,1.0,1.0,90.49034163192768,4.524517081596384,,,,0.0,0.0
4000.0,80.0,2,26.389732632347272,16.94527751889852,44.017465580877506,1.0,1.0,0.6421163016304231,26.389732632347272,1.3194866316173637,0.8484203247790132,0.40543448826779266,1.0,9.44445511344875,0.35788369836957684
4000.0,80.0,3,9.591675351188155,3.46163898853767,24.22238858816808,1.0,0.9951371799585482,0.3591453562553301,9.638545865191862,0.4819272932595931,0.9150737391863507,0.40543448826779266,0.9999972902702521,6.130036362650484,0.6390996502911387
4000.0,80.0,4,6.132483668615146,2.22428817063,19.534841306606808,1.0,0.9286549895918994,0.3627059264769791,6.132483668615146,0.3066241834307573,0.746704792818637,0.40543448826779266,0.9989779336717546,3.908195497985146,0.6372940735230209
4000.0,80.0,5,3.89204614303369,1.4370731089628395,10.690488454947271,1.0,0.9209632936895699,0.3692333174248289,3.89204614303369,0.1946023071516845,0.7221065718703948,0.40543448826779266,0.9987497444761725,2.4549730340708504,0.6307666825751711
4000.0,80.0,6,2.9386875878591714,1.122034785160922,8.839517425353057,1.0,0.9117904206167418,0.35927313200660915,2.9386875878591714,0.1469343793929586,0.7362319442889597,0.40543448826779266,0.9979429621459831,1.8166528026982494,0.6181850735694153
4000.0,80.0,7,2.272902804453678,0.9880741770612499,6.763607662527037,1.0,0.8946984520332226,0.3826847865289175,2.272902804453678,0.1136451402226839,0.709821519367602,0.40543448826779266,0.9970933112477585,1.2848286273924283,0.5652809371675942
4000.0,80.0,8,1.816187208434194,1.0330543386804072,5.524965912509195,1.0,0.9058110126707497,0.4151851543311372,1.816187208434194,0.0908093604217097,0.6643279152846276,0.40543448826779266,0.9967321208197658,0.7831328697537867,0.43119611575117095
4000.0,90.0,1,90.49034163192768,90.49034163192768,90.49034163192768,1.0,1.0,1.0,90.49034163192768,4.524517081596384,,,,0.0,0.0
4000.0,90.0,2,26.268874663071575,16.576119145988965,44.085307415491755,1.0,1.0,0.6310174820427861,26.268874663071575,1.3134437331535789,0.8571635264229849,0.396741814895877,1.0,9.69275551708261,0.36898251795721393
4000.0,90.0,3,9.213027219739368,3.25478311974597,24.415440130692886,1.0,0.9755451321866094,0.34464109928909464,9.443978464726769,0.4721989232363385,0.9173000936949696,0.396741814895877,0.9999325494369463,5.958244099993399,0.6467194721000677
4000.0,90.0,4,8.16464024817774,4.104492465347265,18.010387629534804,1.0,0.8737103606806256,0.46159563535305803,8.16464024817774,0.408232012408887,0.7151643870964678,0.396741814895877,0.995058243566526,4.060147782830475,0.49728434559460916
4000.0,90.0,5,5.849962047542793,3.0970815622994605,9.503158563618026,1.0,0.842323741063845,0.46177446933731536,5.849962047542793,0.2924981023771397,0.693842088666402,0.396741814895877,0.9912424366234238,2.752880485243333,0.47058091366586685
4000.0,90.0,6,3.749120913528876,1.7215964585108223,9.569752432285924,1.0,0.8386201623562004,0.45359680285880816,3.749120913528876,0.1874560456764438,0.6992730681524136,0.396741814895877,0.9910586397189783,2.027524455018054,0.5407999639866611
4000.0,90.0,7,3.02506658169925,1.676028503675344,9.472876826708658,1.0,0.8003550897325367,0.471910143393021,3.02506658169925,0.1512533290849625,0.6567428296022052,0.396741814895877,0.990241112176175,1.349038078023906,0.4459531853563765
4000.0,90.0,8,2.4033866815576457,1.689979081461562,7.939914254577977,1.0,0.8198936927150263,0.5252751158799189,2.4033866815576457,0.1201693340778823,0.6146343669134324,0.396741814895877,0.9909324734335959,0.7134076000960836,0.29683429868793354
4000.0,100.0,1,90.49034163192768,90.49034163192768,90.49034163192768,1.0,1.0,1.0,90.49034163192768,4.524517081596384,,,,0.0,0.0
4000.0,100.0,2,26.223164869449217,16.46056467986687,44.057107772320634,1.0,1.0,0.627710833601322,26.223164869449217,1.311158243472461,0.8587324166463609,0.39305674204113256,1.0,9.762600189582347,0.372289166398678
4000.0,100.0,3,18.288997924851486,11.503831188707144,25.620647426041792,1.0,0.9071599351813022,0.629002815571185,18.288997924851486,0.9144498962425744,0.7065258291630854,0.39305674204113256,0.9847765993095253,6.785166736144342,0.370997184428815
4000.0,100.0,4,15.387448749648868,13.729906847184301,23.9817135611002,1.0,0.8975346605779011,0.7963815905249438,15.387448749648868,0.7693724374824434,0.4878572184173448,0.39305674204113256,0.9781905864880867,1.6575419024645672,0.10772038493401262
4000.0,100.0,5,12.186733600398819,12.02848697851041,21.0027237200501,1.0,0.8694190212350252,0.7777968025010379,12.186733600398819,0.609336680019941,0.4661082257206787,0.39305674204113256,0.9701471188070252,0.15824662188840932,0.012985154765607628
4000.0,100.0,6,9.494616274368322,9.494616274368322,19.14837673442628,1.0,0.8534829624259944,0.7657378081139053,9.494616274368322,0.4747308137184162,0.45361305850353467,0.39305674204113256,0.9675436816863324,0.0,0.0
4000.0,100.0,7,7.561605259249178,7.561605259249178,17.19644165195715,1.0,0.8763019762646774,0.8199430585300035,7.561605259249178,0.3780802629624589,0.41044334118992504,0.39305674204113256,0.9756585720877677,0.0,0.0
4000.0,100.0,8,5.986135679224592,5.986135679224592,15.141653534931494,1.0,0.8947736252704318,0.8565285800172907,5.986135679224592,0.2993067839612296,0.38911792727797095,0.39305674204113256,0.9815812650963892,0.0,0.0
4500.0,10.0,1,85.653586103385,85.653586103385,85.653586103385,1.0,1.0,1.0,85.653586103385,4.28267930516925,,,,0.0,0.0
4500.0,10.0,2,25.43309978139336,19.830538093953344,39.52669784203628,1.0,1.0,0.7797137692378809,25.43309978139336,1.271654989069668,0.7458761846328814,0.4970477954716243,1.0,5.602561687440016,0.220286230762119
4500.0,10.0,3,17.59777665055458,15.187732339637575,25.52910900679368,1.0,0.9329078340527465,0.8164115400392472,17.59777665055458,0.879888832527729,0.620789924636806,0.4970477954716243,0.9900872597343008,2.4100443109170033,0.1369516364921618
4500.0,10.0,4,14.094310527626966,14.094310527626966,21.056580919582323,1.0,0.8545384191185688,0.7738768894592175,14.094310527626966,0.7047155263813484,0.5669642507032249,0.4970477954716243,0.965664540220892,0.0,0.0
4500.0,10.0,5,11.052534095530028,11.052534095530028,19.40229816877912,1.0,0.8150887918250547,0.746586150239643,11.052534095530028,0.5526267047765014,0.5407161262386586,0.4970477954716243,0.9538975455873304,0.0,0.0
4500.0,10.0,6,8.704840367648714,8.704840367648714,17.042405577120952,1.0,0.8314299747386464,0.8076203807833481,8.704840367648714,0.4352420183824357,0.474182705745985,0.4970477954716243,0.9596197913716805,0.0,0.0
4500.0,10.0,7,7.2463908237537,7.2463908237537,15.3890234369963,1.0,0.842135711739069,0.8401104830701471,7.2463908237537,0.362319541187685,0.44282798630425085,0.4970477954716243,0.9637112395316452,0.0,0.0
4500.0,10.0,8,6.327294407205513,6.327294407205513,13.266228911671913,1.0,0.8526492006351865,0.8543067457081729,6.327294407205513,0.3163647203602757,0.4372503393586321,0.4970477954716243,0.9655189301437401,0.0,0.0
4500.0,20.0,1,85.653586103385,85.653586103385,85.653586103385,1.0,1.0,1.0,85.653586103385,4.28267930516925,,,,0.0,0.0
4500.0,20.0,2,25.74975171397048,24.458937985953995,39.70242771779162,1.0,1.0,0.9498708281790478,25.74975171397048,1.287487585698524,0.7341516096109696,0.6827223356407702,1.0,1.2908137280164844,0.050129171820952195
4500.0,20.0,3,18.012059305137527,18.012059305137527,25.212360668532938,1.0,0.9265221265647097,0.9904145031176571,18.012059305137527,0.9006029652568763,0.6051439576446035,0.6827223356407702,0.9875414021908111,0.0,0.0
4500.0,20.0,4,12.989858248969078,12.989858248969078,21.735653698754405,1.0,0.8839964075139486,0.929824903509745,12.989858248969078,0.649492912448454,0.610666953591373,0.6827223356407702,0.9796736788984418,0.0,0.0
4500.0,20.0,5,10.214188716438974,10.214188716438974,19.58567208253947,1.0,0.8225560051151617,0.9007297041086885,10.214188716438974,0.5107094358219487,0.5512194347494932,0.6827223356407702,0.9605537777142883,0.0,0.0
4500.0,20.0,6,7.6519327517339635,7.6519327517339635,17.114059374418723,1.0,0.832011588916477,0.9586121385815967,7.6519327517339635,0.3825966375866982,0.4930364119662525,0.6827223356407702,0.964844337063761,0.0,0.0
4500.0,20.0,7,5.471609647963556,5.471609647963556,15.014051768482917,1.0,0.8273693241133256,0.9504766061097208,5.471609647963556,0.2735804823981778,0.49231485658503,0.6827223356407702,0.9670185693803457,0.0,0.0
4500.0,20.0,8,3.827296235054756,3.827296235054756,12.986558269958005,1.0,0.827427322733262,0.9438934616297409,3.827296235054756,0.1913648117527378,0.49937631136753086,0.6827223356407702,0.9709863334571467,0.0,0.0
4500.0,30.0,1,85.653586103385,85.653586103385,85.653586103385,1.0,1.0,1.0,85.653586103385,4.28267930516925,,,,0.0,0.0
4500.0,30.0,2,26.008562359909195,26.008562359909195,39.92276494823865,1.0,1.0,1.0,26.008562359909195,1.3004281179954598,0.7275345547932157,0.7386326693705875,1.0,0.0,0.0
4500.0,30.0,3,17.63689257192679,17.63689257192679,24.05197207626964,1.0,0.9191500274716239,1.0,17.63689257192679,0.8818446285963395,0.6062691972464526,0.7386326693705875,0.9849482081080279,0.0,0.0
4500.0,30.0,4,10.212686294905104,10.212686294905104,21.129711780348103,1.0,0.909875146010037,0.984042087997028,10.212686294905104,0.5106343147452552,0.6456841796458769,0.7386326693705875,0.9906116476283884,0.0,0.0
4500.0,30.0,5,6.764172884015697,6.764172884015697,18.58834239211223,1.0,0.8625316176773369,0.9565397200744615,6.764172884015697,0.3382086442007849,0.6096402687744633,0.7386326693705875,0.9828016347913264,0.0,0.0
4500.0,30.0,6,3.8860011863637016,3.8860011863637016,15.518267751586151,1.0,0.8556555660861781,0.9580247808125264,3.8860011863637016,0.1943000593181851,0.5971230796875266,0.7386326693705875,0.9841177788903772,0.0,0.0
4500.0,30.0,7,3.195393509781006,3.195393509781006,12.248196758222539,1.0,0.8517500630680481,0.9550494389212415,3.195393509781006,0.1597696754890503,0.5930836306578635,0.7386326693705875,0.9844234711679541,0.0,0.0
4500.0,30.0,8,2.4564152736879197,2.4564152736879197,10.050829496301615,1.0,0.8494997014329886,0.9601398613688256,2.4564152736879197,0.122820763684396,0.5840449997678312,0.7386326693705875,0.9853068102432526,0.0,0.0
4500.0,40.0,1,85.653586103385,85.653586103385,85.653586103385,1.0,1.0,1.0,85.653586103385,4.28267930516925,,,,0.0,0.0
4500.0,40.0,2,25.99397885235219,25.94391997897576,40.00988327714164,1.0,1.0,0.9980742127374663,25.99397885235219,1.2996989426176095,0.7315965540090547,0.7296689100340923,1.0,0.05005887337642889,0.0019257872625336493
4500.0,40.0,3,9.305553455761586,8.132505624289896,22.42257361861212,1.0,0.9664669784492406,0.84463521436895,9.628423591557112,0.4814211795778557,0.7977302079034928,0.7296689100340923,0.9997444773789135,1.1730478314716901,0.12605889988686175
4500.0,40.0,4,7.11612883488023,6.3666330356573075,16.579438942492082,1.0,0.8279459719571567,0.692888538061075,7.11612883488023,0.3558064417440115,0.8186229455372038,0.7296689100340923,0.9945358248042657,0.7494957992229221,0.10532352865074804
4500.0,40.0,5,5.120281822741084,5.120281822741084,8.71850408764126,1.0,0.8538473830059005,0.7305319646250441,5.120281822741084,0.2560140911370542,0.8046715860040976,0.7296689100340923,0.9925832696646191,0.0,0.0
4500.0,40.0,6,3.589813832006512,3.589813832006512,8.933776411293108,1.0,0.8841939083785684,0.8209348968489597,3.589813832006512,0.1794906916003256,0.7607331889396421,0.7296689100340923,0.9895881396785795,0.0,0.0
4500.0,40.0,7,3.196067777703744,3.196067777703744,8.077961154904697,1.0,0.8751804564967228,0.8326791181197606,3.196067777703744,0.1598033888851872,0.7469601562625695,0.7296689100340923,0.9863743956947977,0.0,0.0
4500.0,40.0,8,2.401117648156236,2.401117648156236,7.009232303857436,1.0,0.8713646883257664,0.8263809788345975,2.401117648156236,0.1200558824078118,0.7482843985891595,0.7296689100340923,0.9855911653176274,0.0,0.0
4500.0,50.0,1,85.653586103385,85.653586103385,85.653586103385,1.0,1.0,1.0,85.653586103385,4.28267930516925,,,,0.0,0.0
4500.0,50.0,2,25.75129262983583,24.72512456924251,39.755795917710586,1.0,1.0,0.9601508135787954,25.75129262983583,1.2875646314917917,0.7360504367127586,0.6953855273318986,1.0,1.0261680605933208,0.03984918642120463
4500.0,50.0,3,9.344676188555923,7.759014097321603,22.343152324591156,1.0,0.9661961215495884,0.8022460250748633,9.67161426146992,0.483580713073496,0.7890815190725107,0.6953855273318986,0.9997263144264873,1.5856620912343198,0.16968614634033238
4500.0,50.0,4,7.307013206217818,6.482220744653416,16.672179575186235,1.0,0.8421377742464203,0.6824854666155951,7.307013206217818,0.3653506603108909,0.8000675704503153,0.6953855273318986,0.9945322382148136,0.8247924615644022,0.11287682645250383
4500.0,50.0,5,4.43823656444597,4.43823656444597,7.558941279758491,1.0,0.815613132778831,0.6189713671416144,4.43823656444597,0.2219118282222985,0.8316731129665682,0.6953855273318986,0.9934584006551224,0.0,0.0
4500.0,50.0,6,3.9788514338062355,3.9788514338062355,8.143178446407134,1.0,0.8451038587747476,0.6908451624232124,3.9788514338062355,0.1989425716903118,0.7919631793190087,0.6953855273318986,0.9904400721320181,0.0,0.0
4500.0,50.0,7,2.9589827694202677,2.9589827694202677,7.696141947909322,1.0,0.8649381384517916,0.7330174461924103,2.9589827694202677,0.1479491384710134,0.7722565096997347,0.6953855273318986,0.9884670123813918,0.0,0.0
4500.0,50.0,8,2.4132722320278157,2.4132722320278157,6.43407862873446,1.0,0.8632450886776408,0.7450904360814212,2.4132722320278157,0.1206636116013908,0.7624439177935707,0.6953855273318986,0.9871209689234334,0.0,0.0
4500.0,60.0,1,85.653586103385,85.653586103385,85.653586103385,1.0,1.0,1.0,85.653586103385,4.28267930516925,,,,0.0,0.0
4500.0,60.0,2,25.81421609174009,24.081025222778365,39.82773483591228,1.0,1.0,0.932859054762608,25.81421609174009,1.2907108045870046,0.7351146170150403,0.6656134607617791,1.0,1.7331908689617244,0.06714094523739199
4500.0,60.0,3,9.092297776373975,7.188744018426993,22.662503036352195,1.0,0.9476678249450537,0.7492651005922429,9.594393243118866,0.4797196621559433,0.7842064902524268,0.6656134607617791,0.9993270757386686,1.9035537579469821,0.2093589326664269
4500.0,60.0,4,5.228622392744906,3.7687049139585334,17.34393758734796,1.0,0.9399493023436221,0.7207835316598663,5.228622392744906,0.2614311196372453,0.7866279279689536,0.6656134607617791,0.9994758136612651,1.4599174787863722,0.27921646834013375
4500.0,60.0,5,4.181407746755563,3.8831930393939187,9.136826662423344,1.0,0.8876674353407599,0.6890029409403594,4.181407746755563,0.2090703873377782,0.7922946902192952,0.6656134607617791,0.9973323988296057,0.29821470736164457,0.07131921243342873
4500.0,60.0,6,3.0622698010642257,3.0622698010642257,7.065280116564541,1.0,0.8480104477081672,0.6505153754196116,3.0622698010642257,0.1531134900532113,0.7972850528934656,0.6656134607617791,0.9950549137596926,0.0,0.0
4500.0,60.0,7,2.4014242432817,2.4014242432817,5.683757262632798,1.0,0.8528452832943403,0.6510179039980394,2.4014242432817,0.120071212164085,0.7989898178162785,0.6656134607617791,0.9940510321040144,0.0,0.0
4500.0,60.0,8,1.930547166420692,1.930547166420692,5.062092829871164,1.0,0.8518869227111368,0.6398324989984983,1.930547166420692,0.0965273583210346,0.8067394815994254,0.6656134607617791,0.9932470448186494,0.0,0.0
4500.0,70.0,1,85.653586103385,85.653586103385,85.653586103385,1.0,1.0,1.0,85.653586103385,4.28267930516925,,,,0.0,0.0
4500.0,70.0,2,25.412200876230816,19.777403782112994,39.322262525057916,1.0,1.0,0.7782641054365227,25.412200876230816,1.2706100438115409,0.7394364009370734,0.4887470556694542,1.0,5.634797094117822,0.2217358945634773
4500.0,70.0,3,8.144941948464178,4.329545583913851,21.789806233917613,1.0,0.9279466567715906,0.49326163100408893,8.777381640450281,0.4388690820225141,0.8061492273187779,0.4887470556694542,0.9988883196910474,3.8153963645503266,0.4684375148026394
4500.0,70.0,4,7.042868424374912,4.215006319032435,15.973568041477513,1.0,0.8951785689158018,0.5105857320692581,7.042868424374912,0.3521434212187456,0.7680475438855447,0.4887470556694542,0.9956731502284983,2.8278621053424766,0.40152135961470314
4500.0,70.0,5,5.312149040468552,3.760101388484086,8.905667453814413,1.0,0.857980918632373,0.5203883903193175,5.312149040468552,0.2656074520234276,0.7350778928501596,0.4887470556694542,0.9917782269400668,1.552047651984466,0.2921694478375496
4500.0,70.0,6,3.60980340185727,2.8060730829481195,8.220710263232519,1.0,0.8378089162311331,0.521665724494249,3.60980340185727,0.1804901700928635,0.7207042118061117,0.4887470556694542,0.9900495587527534,0.8037303189091505,0.22265210301913546
4500.0,70.0,7,3.082732203610406,2.87638923656945,7.702982964594291,1.0,0.8275255422589741,0.5216616470551417,3.082732203610406,0.1541366101805203,0.7133946722444495,0.4887470556694542,0.9878165493556383,0.206342967040956,0.0669350930967319
4500.0,70.0,8,2.309807292204246,2.309807292204246,6.580235667786928,1.0,0.8222517207058282,0.5213940034470279,2.309807292204246,0.1154903646102123,0.7099824002945375,0.4887470556694542,0.9869184256219423,0.0,0.0
4500.0,80.0,1,85.653586103385,85.653586103385,85.653586103385,1.0,1.0,1.0,85.653586103385,4.28267930516925,,,,0.0,0.0
4500.0,80.0,2,25.4557884895015,18.236151988933823,39.37732089254558,1.0,1.0,0.7163852730963252,25.4557884895015,1.272789424475075,0.7389716540916339,0.40543448826779266,1.0,7.2196365005676775,0.28361472690367484
4500.0,80.0,3,8.157369869198767,3.703404658323026,21.966059814984458,1.0,0.9237817838781022,0.4193922571300729,8.830407799289507,0.4415203899644754,0.8018136735401,0.40543448826779266,0.9987243753887607,4.453965210875742,0.5460050582839661
4500.0,80.0,4,7.0249322317540015,3.3298550182737614,15.607439656444189,1.0,0.8891217671544535,0.42966934680033925,7.0249322317540015,0.3512466115877001,0.7675306244007672,0.40543448826779266,0.9951536024315178,3.69507721348024,0.525994713056135
4500.0,80.0,5,5.34913784944395,2.836286470714112,8.600193730098102,1.0,0.852191460442482,0.44462885924918627,5.34913784944395,0.2674568924721975,0.7267704678098355,0.40543448826779266,0.9908280438951433,2.5128513787298377,0.4697675493614456
4500.0,80.0,6,3.3857802047959775,1.6983407789400986,8.038418378213699,1.0,0.8358162033829699,0.4493582870359137,3.3857802047959775,0.1692890102397989,0.7105572814156672,0.40543448826779266,0.9897339446798505,1.687439425855879,0.4983901268799466
4500.0,80.0,7,2.7775786642097797,1.6963851466713866,7.517299631545497,1.0,0.8262970082287321,0.4500681728592528,2.7775786642097797,0.138878933210489,0.7031893876565952,0.40543448826779266,0.9884652346818923,1.081193517538393,0.38925756864063193
4500.0,80.0,8,0.1678280335269328,0.020648874858145302,6.48184816365359,1.0,0.6746155411188594,0.08300193712087932,0.24877581866641799,0.0124387909333209,0.7030442184466371,0.40543448826779266,0.9895006546657247,0.1471791586687875,0.8769640898233394
4500.0,90.0,1,85.653586103385,85.653586103385,85.653586103385,1.0,1.0,1.0,85.653586103385,4.28267930516925,,,,0.0,0.0
4500.0,90.0,2,25.400059210905386,18.06905374296767,39.24650293566583,1.0,1.0,0.7113784102995246,25.400059210905386,1.2700029605452694,0.7372925830115172,0.396741814895877,1.0,7.331005467937715,0.28862158970047536
4500.0,90.0,3,16.771196746297836,12.308494547831069,23.914643187346915,1.0,0.9329218605562752,0.7339067529899506,16.771196746297836,0.8385598373148918,0.5990918980435179,0.396741814895877,0.9894414848261425,4.462702198466767,0.2660932470100494
4500.0,90.0,4,13.741221284751791,11.800398552586522,20.87594846755252,1.0,0.8784186376783133,0.7532020265975686,13.741221284751791,0.6870610642375896,0.5232830882836211,0.396741814895877,0.9720335788427255,1.9408227321652696,0.14124091970769298
4500.0,90.0,5,11.03525826912649,11.03525826912649,18.018054843877007,1.0,0.8555555132321285,0.7604876681556011,11.03525826912649,0.5517629134563246,0.4724141067305491,0.396741814895877,0.9628553821658266,0.0,0.0
4500.0,90.0,6,8.44920479931189,8.44920479931189,15.969475813719198,1.0,0.8456671756233337,0.7630403100542698,8.44920479931189,0.4224602399655945,0.44720364381654554,0.396741814895877,0.9609261081754263,0.0,0.0
4500.0,90.0,7,0.012118139524263544,0.007826914020505798,14.447502717183736,1.0,0.06188158356830185,0.039968332851100574,0.19582788328110798,0.0097913941640554,0.4620728829640178,0.396741814895877,0.9646947367954484,0.0042912255037577465,0.354115868625348
4500.0,90.0,8,5.101657684584182,5.086779251002232,15.150719581317754,1.0,0.8530777628340456,0.6633080718620967,5.101657684584182,0.2550828842292091,0.5352670689240497,0.396741814895877,0.9736174769647438,0.014878433581949402,0.0029163919850812357
4500.0,100.0,1,85.653586103385,85.653586103385,85.653586103385,1.0,1.0,1.0,85.653586103385,4.28267930516925,,,,0.0,0.0
4500.0,100.0,2,26.352782789258505,17.143322007734763,43.183929108386494,1.0,0.9999999999999998,0.6505317538883386,26.352782789258512,1.3176391394629257,0.8230219096758788,0.39305674204113256,1.0,9.209460781523742,0.3494682461116612
4500.0,100.0,3,21.357657139631694,14.29962294590226,34.87928583976292,1.0,0.965000533955992,0.6695314402892814,21.357657139631694,1.0678828569815848,0.6205083329263329,0.39305674204113256,0.9973250443316027,7.0580341937294335,0.33046855971071865
4500.0,100.0,4,15.992554458621662,11.728962556747897,29.135641969247466,1.0,0.9248291092730618,0.7334014454723183,15.992554458621662,0.7996277229310831,0.5480491038679743,0.39305674204113256,0.9904007562083944,4.263591901873765,0.2665985545276816
4500.0,100.0,5,12.340938762368289,10.080930045761441,24.664349790251745,1.0,0.8977696572827971,0.7570848316777312,12.340938762368289,0.6170469381184145,0.509916246806283,0.39305674204113256,0.984347557065002,2.2600087166068477,0.18313102107745494
4500.0,100.0,6,8.326398202835424,6.196895985165723,20.53801836773107,1.0,0.866653460478702,0.6758885202879932,8.326398202835424,0.4163199101417713,0.557807731705331,0.39305674204113256,0.9806765089196973,2.1295022176697014,0.2557531078617562
4500.0,100.0,7,6.815496117622713,5.785612920086112,16.206609073130426,1.0,0.8275977088449464,0.589471294639943,6.815496117622713,0.3407748058811357,0.6026703180652043,0.39305674204113256,0.9660563471169035,1.0298831975366012,0.15110905791196177
4500.0,100.0,8,4.90928984101076,4.799285428207762,14.396594945855615,1.0,0.8863765404128591,0.7045831592122728,4.90928984101076,0.245464492050538,0.514856653479811,0.39305674204113256,0.9855058379714149,0.110004412802998,0.02240739829293711
