friction_model,x1,spacing_m,n_total,frac_idx,x_f,P_2d,P_2d_profile,valley,sigma_ref,Gamma_k,A_fit,gamma_local,R2_local,gamma_cal,P_env_local,P_env_xfer,E_k_local,E_k_xfer,I_k,Psi_k_local,Psi_k_xfer
steady,2000.0,10.0,1,1,1999.709976798144,5.551387982219954,,,0.05,111.02775964439908,,,,0.4970477954716243,,,1.0,1.0,1.0,111.02775964439908,111.02775964439908
steady,2000.0,10.0,2,1,1999.709976798144,2.285617513806893,2.285617513806893,0.0,0.05,45.712350276137855,2.285617513806893,0.5755718628723127,1.0,0.4970477954716243,2.285617513806893,2.285617513806893,1.0,1.0,1.0,45.712350276137855,45.712350276137855
steady,2000.0,10.0,2,2,2009.8607888631088,1.2853928245976205,1.2853928245976205,0.0,0.05,25.70785649195241,2.285617513806893,0.5755718628723127,1.0,0.4970477954716243,1.2853928245976205,1.3903957781654035,1.0,0.9244798098377917,1.0,25.70785649195241,23.7663942810174
steady,2000.0,10.0,3,1,1999.709976798144,1.819158277989421,1.8191582779894213,0.0,0.05,36.38316555978842,1.7930675064938177,0.5418707212457513,0.9791495979558278,0.4970477954716243,1.7930675064938177,1.819158277989421,1.0,1.0,1.0,36.38316555978842,36.38316555978842
steady,2000.0,10.0,3,2,2009.8607888631088,0.9532431416282472,0.9532431416282471,0.0,0.05,19.06486283256494,1.7930675064938177,0.5418707212457513,0.9791495979558278,0.4970477954716243,1.042954053393356,1.1066374729157051,0.9139838313363612,0.8613870079030459,1.0,17.424976375609898,16.422225151425103
steady,2000.0,10.0,3,3,2020.011600928074,0.6837595722790824,0.6837595722790824,0.0,0.05,13.675191445581646,1.7930675064938177,0.5418707212457513,0.9791495979558278,0.4970477954716243,0.6066437284431273,0.673194032250326,1.0,1.0,1.0,13.675191445581646,13.675191445581646
steady,2000.0,10.0,4,1,1999.709976798144,2.0428518898348846,2.0428518898348846,0.0,0.05,40.85703779669769,1.969835284753982,0.6482734474861007,0.9356871969109474,0.4970477954716243,1.969835284753982,2.0428518898348846,1.0,1.0,1.0,40.85703779669769,40.85703779669769
steady,2000.0,10.0,4,2,2009.8607888631088,0.8069496814033619,0.8069496814033619,0.0,0.05,16.138993628067237,1.969835284753982,0.6482734474861007,0.9356871969109474,0.4970477954716243,1.0301212151904031,1.2427156450655448,0.7833541038703963,0.649343785609781,1.0,12.642546890884645,10.479755218381314
steady,2000.0,10.0,4,3,2020.011600928074,0.5912287133717731,0.5912287133717731,0.0,0.05,11.82457426743546,1.969835284753982,0.6482734474861007,0.9356871969109474,0.4970477954716243,0.5386997208337053,0.7559736377244147,1.0,0.7820758342201631,1.0,11.82457426743546,9.247713784502862
steady,2000.0,10.0,4,4,2030.1624129930392,0.4867642761500487,0.48676427615004875,0.0,0.05,9.735285523000973,1.969835284753982,0.6482734474861007,0.9356871969109474,0.4970477954716243,0.28171188491897364,0.4598768376366117,1.0,1.0,1.0,9.735285523000973,9.735285523000973
steady,2000.0,10.0,5,1,1999.709976798144,2.1815653179856374,2.1815653179856374,0.0,0.05,43.631306359712745,2.0501254527650548,0.5392386223288815,0.9033408627584106,0.4970477954716243,2.0501254527650548,2.1815653179856374,1.0,1.0,1.0,43.631306359712745,43.631306359712745
steady,2000.0,10.0,5,2,2009.8607888631088,0.8911707044445839,0.8911707044445839,0.0,0.05,17.823414088891678,2.0501254527650548,0.5392386223288815,0.9033408627584106,0.4970477954716243,1.1956169943697577,1.3270983397686584,0.7453647017742034,0.6715182121318409,1.0,13.284943726964881,11.968747163058003
steady,2000.0,10.0,5,3,2020.011600928074,0.6639964627028113,0.6639964627028113,0.0,0.05,13.279929254056226,2.0501254527650548,0.5392386223288815,0.9033408627584106,0.4970477954716243,0.6972744010849538,0.8073056483327924,0.9522742576948727,0.8224845993262452,1.0,12.646134772646818,10.922537291603318
steady,2000.0,10.0,5,4,2030.1624129930392,0.5555519788608685,0.5555519788608685,0.0,0.05,11.111039577217369,2.0501254527650548,0.5392386223288815,0.9033408627584106,0.4970477954716243,0.4066449311927569,0.49110332693479447,1.0,1.0,1.0,11.111039577217369,11.111039577217369
steady,2000.0,10.0,5,5,2040.3132250580045,0.4782821738778336,0.47828217387783367,0.0,0.05,9.565643477556671,2.0501254527650548,0.5392386223288815,0.9033408627584106,0.4970477954716243,0.23715211659493443,0.2987498950670067,1.0,1.0,1.0,9.565643477556671,9.565643477556671
steady,2000.0,10.0,6,1,1999.709976798144,2.21424639331295,2.21424639331295,0.0,0.05,44.284927866259,2.0751854633520486,0.400752658425917,0.9417926776975076,0.4970477954716243,2.0751854633520486,2.21424639331295,1.0,1.0,1.0,44.284927866259,44.284927866259
steady,2000.0,10.0,6,2,2009.8607888631088,1.1643941695135278,1.1643941695135278,0.0,0.05,23.287883390270554,2.0751854633520486,0.400752658425917,0.9417926776975076,0.4970477954716243,1.3899918324516813,1.3469790192290276,0.8376985693935753,0.8644486312637548,1.0,19.50822660023405,20.13117892174931
steady,2000.0,10.0,6,3,2020.011600928074,0.8342236095523249,0.8342236095523249,0.0,0.05,16.684472191046495,2.0751854633520486,0.400752658425917,0.9417926776975076,0.4970477954716243,0.9310383714627113,0.8193995409555861,0.8960142085677036,1.0,1.0,14.949524145630386,16.684472191046495
steady,2000.0,10.0,6,4,2030.1624129930392,0.6500465735840191,0.6500465735840191,0.0,0.05,13.000931471680381,2.0751854633520486,0.400752658425917,0.9417926776975076,0.4970477954716243,0.6236241313785348,0.49846033095788256,1.0,1.0,1.0,13.000931471680381,13.000931471680381
steady,2000.0,10.0,6,5,2040.3132250580045,0.5347860169790526,0.5347860169790526,0.0,0.05,10.695720339581051,2.0751854633520486,0.400752658425917,0.9417926776975076,0.4970477954716243,0.41771324271698707,0.30322533650541694,1.0,1.0,1.0,10.695720339581051,10.695720339581051
steady,2000.0,10.0,6,6,2050.46403712297,0.4576359513685811,0.4576359513685811,0.0,0.05,9.15271902737162,2.0751854633520486,0.400752658425917,0.9417926776975076,0.4970477954716243,0.27979089384408373,0.18445922170402831,1.0,1.0,1.0,9.15271902737162,9.15271902737162
steady,2000.0,10.0,7,1,1999.709976798144,2.1174476032432503,2.1174476032432503,0.0,0.05,42.348952064865,1.9575589740302541,0.3693010190639219,0.9270155654886746,0.4970477954716243,1.9575589740302541,2.1174476032432503,1.0,1.0,1.0,42.348952064865,42.348952064865
steady,2000.0,10.0,7,2,2009.8607888631088,1.1560698701056462,1.1560698701056462,0.0,0.05,23.121397402112922,1.9575589740302541,0.3693010190639219,0.9270155654886746,0.4970477954716243,1.353098647301387,1.2880940009652935,0.8543869823617857,0.897504273165849,1.0,19.75462095437889,20.75155296996211
steady,2000.0,10.0,7,3,2020.011600928074,0.7781773897997447,0.7781773897997447,0.0,0.05,15.563547795994893,1.9575589740302541,0.3693010190639219,0.9270155654886746,0.4970477954716243,0.9352852065342412,0.7835783765234317,0.8320214885931217,0.9931072795198229,1.0,12.94920620501387,15.456272611357225
steady,2000.0,10.0,7,4,2030.1624129930392,0.6092150782226444,0.6092150782226444,0.0,0.05,12.184301564452888,1.9575589740302541,0.3693010190639219,0.9270155654886746,0.4970477954716243,0.6464853241161772,0.4766694602218246,0.9423494323796358,1.0,1.0,11.481869663204487,12.184301564452888
steady,2000.0,10.0,7,5,2040.3132250580045,0.5226758232499857,0.5226758232499857,0.0,0.05,10.453516464999714,1.9575589740302541,0.3693010190639219,0.9270155654886746,0.4970477954716243,0.44686184639476345,0.28996942886079136,1.0,1.0,1.0,10.453516464999714,10.453516464999714
steady,2000.0,10.0,7,6,2050.46403712297,0.4621961808606117,0.46219618086061176,0.0,0.05,9.243923617212234,1.9575589740302541,0.3693010190639219,0.9270155654886746,0.4970477954716243,0.308878643202506,0.1763953361617183,1.0,1.0,1.0,9.243923617212234,9.243923617212234
steady,2000.0,10.0,7,7,2060.614849187935,0.4168179016028281,0.41681790160282817,0.0,0.05,8.336358032056562,1.9575589740302541,0.3693010190639219,0.9270155654886746,0.4970477954716243,0.21350226472979777,0.10730550024479804,1.0,1.0,1.0,8.336358032056562,8.336358032056562
steady,2000.0,10.0,8,1,1999.709976798144,1.8636942966668948,1.8636942966668948,0.0,0.05,37.273885933337894,1.6867501536268343,0.27456272145354804,0.9258094333577017,0.4970477954716243,1.6867501536268343,1.8636942966668948,1.0,1.0,1.0,37.273885933337894,37.273885933337894
steady,2000.0,10.0,8,2,2009.8607888631088,1.109896578351318,1.109896578351318,0.0,0.05,22.19793156702636,1.6867501536268343,0.27456272145354804,0.9258094333577017,0.4970477954716243,1.2817687629946841,1.1337297978438237,0.8659101472859977,0.9789780426184151,1.0,19.221414192648293,21.731287595664995
steady,2000.0,10.0,8,3,2020.011600928074,0.8391075362502186,0.8391075362502186,0.0,0.05,16.78215072500437,1.6867501536268343,0.27456272145354804,0.9258094333577017,0.4970477954716243,0.9740216464520887,0.6896749412270867,0.8614875647853414,1.0,1.0,14.457614159944567,16.78215072500437
steady,2000.0,10.0,8,4,2030.1624129930392,0.666349270456722,0.666349270456722,0.0,0.05,13.326985409134439,1.6867501536268343,0.27456272145354804,0.9258094333577017,0.4970477954716243,0.7401632768305901,0.41954575548883,0.9002733468621372,1.0,1.0,11.99792975786433,13.326985409134439
steady,2000.0,10.0,8,5,2040.3132250580045,0.5681067393710048,0.5681067393710048,0.0,0.05,11.362134787420095,1.6867501536268343,0.27456272145354804,0.9258094333577017,0.4970477954716243,0.562453286704799,0.255219713558849,1.0,1.0,1.0,11.362134787420095,11.362134787420095
steady,2000.0,10.0,8,6,2050.46403712297,0.4977624611350597,0.49776246113505973,0.0,0.05,9.955249222701193,1.6867501536268343,0.27456272145354804,0.9258094333577017,0.4970477954716243,0.4274106938669944,0.15525625354776154,1.0,1.0,1.0,9.955249222701193,9.955249222701193
steady,2000.0,10.0,8,7,2060.614849187935,0.4432295429987178,0.44322954299871786,0.0,0.05,8.864590859974356,1.6867501536268343,0.27456272145354804,0.9258094333577017,0.4970477954716243,0.32479124142400867,0.09444609089778933,1.0,1.0,1.0,8.864590859974356,8.864590859974356
steady,2000.0,10.0,8,8,2069.3155452436195,0.3933474977766533,0.39334749777665334,0.0,0.05,7.866949955533065,1.6867501536268343,0.27456272145354804,0.9258094333577017,0.4970477954716243,0.2468102740980456,0.05745381510915696,1.0,1.0,1.0,7.866949955533065,7.866949955533065
steady,2000.0,20.0,1,1,1999.709976798144,5.551387982219954,,,0.05,111.02775964439908,,,,0.6827223356407702,,,1.0,1.0,1.0,111.02775964439908,111.02775964439908
steady,2000.0,20.0,2,1,1999.709976798144,2.2787264300579264,2.2787264300579264,0.0,0.05,45.574528601158526,2.2787264300579264,0.5738698897866802,1.0,0.6827223356407702,2.2787264300579264,2.2787264300579264,1.0,1.0,1.0,45.574528601158526,45.574528601158526
steady,2000.0,20.0,2,2,2020.011600928074,1.283700360331075,1.283700360331075,0.0,0.05,25.6740072066215,2.2787264300579264,0.5738698897866802,1.0,0.6827223356407702,1.2837003603310753,1.1513030270645639,0.9999999999999998,1.0,1.0,25.674007206621493,25.6740072066215
steady,2000.0,20.0,3,1,1999.709976798144,1.80066057269759,1.80066057269759,0.0,0.05,36.0132114539518,1.7760206676866388,0.5366027498496636,0.9811126801569169,0.6827223356407702,1.7760206676866388,1.80066057269759,1.0,1.0,1.0,36.0132114539518,36.0132114539518
steady,2000.0,20.0,3,2,2020.011600928074,0.9542177654877808,0.9542177654877809,0.0,0.05,19.084355309755615,1.7760206676866388,0.5366027498496636,0.9811126801569169,0.6827223356407702,1.0384949814915305,0.9097651831816631,0.9188467758575903,1.0,1.0,17.535598345689632,19.084355309755615
steady,2000.0,20.0,3,3,2040.3132250580045,0.6793050749695435,0.6793050749695435,0.0,0.05,13.58610149939087,1.7760206676866388,0.5366027498496636,0.9811126801569169,0.6827223356407702,0.6072405835163288,0.45964947590851024,1.0,1.0,1.0,13.58610149939087,13.58610149939087
steady,2000.0,20.0,4,1,1999.709976798144,1.99902501023102,1.9990250102310199,0.0,0.05,39.9805002046204,1.9343464090846014,0.5935335638559268,0.9525033366031624,0.6827223356407702,1.9343464090846014,1.99902501023102,1.0,1.0,1.0,39.9805002046204,39.9805002046204
steady,2000.0,20.0,4,2,2020.011600928074,0.8865551434377966,0.8865551434377966,0.0,0.05,17.731102868755933,1.9343464090846014,0.5935335638559268,0.9525033366031624,0.6827223356407702,1.0684787762829466,1.0099867694070848,0.8297358479332355,0.8777888684207725,1.0,14.712131673598629,15.564164723017583
steady,2000.0,20.0,4,3,2040.3132250580045,0.6129573021868227,0.6129573021868227,0.0,0.05,12.259146043736452,1.9343464090846014,0.5935335638559268,0.9525033366031624,0.6827223356407702,0.5901977484515657,0.5102853987101811,1.0,1.0,1.0,12.259146043736452,12.259146043736452
steady,2000.0,20.0,4,4,2060.614849187935,0.4972865994419728,0.49728659944197284,0.0,0.05,9.945731988839455,1.9343464090846014,0.5935335638559268,0.9525033366031624,0.6827223356407702,0.3260087050948165,0.25781643485257905,1.0,1.0,1.0,9.945731988839455,9.945731988839455
steady,2000.0,20.0,5,1,1999.709976798144,2.126748158268585,2.1267481582685854,0.0,0.05,42.5349631653717,2.0201153617066097,0.5816933253564462,0.9283884731496608,0.6827223356407702,2.0201153617066097,2.126748158268585,1.0,1.0,1.0,42.5349631653717,42.5349631653717
steady,2000.0,20.0,5,2,2020.011600928074,0.8622230438387853,0.8622230438387853,0.0,0.05,17.244460876775705,2.0201153617066097,0.5816933253564462,0.9283884731496608,0.6827223356407702,1.1291456605725814,1.0745175726760519,0.7636065690599727,0.8024280530763646,1.0,13.167983605403625,13.837439167702668
steady,2000.0,20.0,5,3,2040.3132250580045,0.6244653634209923,0.6244653634209923,0.0,0.05,12.489307268419847,2.0201153617066097,0.5816933253564462,0.9283884731496608,0.6827223356407702,0.6311371850134273,0.5428889215212019,0.9894288884400101,1.0,1.0,12.357281407978387,12.489307268419847
steady,2000.0,20.0,5,4,2060.614849187935,0.4972659369305381,0.49726593693053817,0.0,0.05,9.945318738610762,2.0201153617066097,0.5816933253564462,0.9283884731496608,0.6827223356407702,0.3527748103860054,0.2742890284953108,1.0,1.0,1.0,9.945318738610762,9.945318738610762
steady,2000.0,20.0,5,5,2079.4663573085845,0.3960944980897365,0.39609449808973657,0.0,0.05,7.92188996179473,2.0201153617066097,0.5816933253564462,0.9283884731496608,0.6827223356407702,0.19718386081186834,0.13858170275807183,1.0,1.0,1.0,7.92188996179473,7.92188996179473
steady,2000.0,20.0,6,1,1999.709976798144,2.046646152434848,2.046646152434848,0.0,0.05,40.932923048696956,1.9620612157055923,0.4029723226247111,0.9765623088775,0.6827223356407702,1.9620612157055923,2.046646152434848,1.0,1.0,1.0,40.932923048696956,40.932923048696956
steady,2000.0,20.0,6,2,2020.011600928074,1.1723235149483089,1.1723235149483087,0.0,0.05,23.446470298966176,1.9620612157055923,0.4029723226247111,0.9765623088775,0.6827223356407702,1.3113055430629255,1.034046860363306,0.8940124756965606,1.0,1.0,20.96143695832463,23.446470298966176
steady,2000.0,20.0,6,3,2040.3132250580045,0.8167504049820462,0.8167504049820462,0.0,0.05,16.335008099640923,1.9620612157055923,0.4029723226247111,0.9765623088775,0.6827223356407702,0.8763856160569296,0.522441511521249,0.9319532292837067,1.0,1.0,15.223463548835865,16.335008099640923
steady,2000.0,20.0,6,4,2060.614849187935,0.6070269202193435,0.6070269202193435,0.0,0.05,12.140538404386868,1.9620612157055923,0.4029723226247111,0.9765623088775,0.6827223356407702,0.5857153217224123,0.26395818547789,1.0,1.0,1.0,12.140538404386868,12.140538404386868
steady,2000.0,20.0,6,5,2079.4663573085845,0.4706793849520961,0.4706793849520961,0.0,0.05,9.413587699041921,1.9620612157055923,0.4029723226247111,0.9765623088775,0.6827223356407702,0.3914514704656035,0.1333621508710193,1.0,1.0,1.0,9.413587699041921,9.413587699041921
steady,2000.0,20.0,6,6,2099.767981438515,0.3573846244969563,0.3573846244969563,0.0,0.05,7.147692489939126,1.9620612157055923,0.4029723226247111,0.9765623088775,0.6827223356407702,0.2616189948370609,0.0673798512925233,1.0,1.0,1.0,7.147692489939126,7.147692489939126
steady,2000.0,20.0,7,1,1999.709976798144,2.132957309096535,2.132957309096535,0.0,0.05,42.659146181930694,1.9706039159220121,0.45635780281817007,0.9235192636745488,0.6827223356407702,1.9706039159220121,2.132957309096535,1.0,1.0,1.0,42.659146181930694,42.659146181930694
steady,2000.0,20.0,7,2,2020.011600928074,0.9613490333649252,0.9613490333649253,0.0,0.05,19.226980667298502,1.9706039159220121,0.45635780281817007,0.9235192636745488,0.6827223356407702,1.2485492149932569,1.0776546820935862,0.7699728787784447,0.892075216058347,1.0,14.804253654617328,17.151912932929974
steady,2000.0,20.0,7,3,2040.3132250580045,0.6942845669130645,0.6942845669130645,0.0,0.05,13.885691338261289,1.9706039159220121,0.45635780281817007,0.9235192636745488,0.6827223356407702,0.791064672948702,0.544473913699727,0.8776584148614694,1.0,1.0,12.186893849194039,13.885691338261289
steady,2000.0,20.0,7,4,2060.614849187935,0.5463781402230722,0.5463781402230722,0.0,0.05,10.927562804461443,1.9706039159220121,0.45635780281817007,0.9235192636745488,0.6827223356407702,0.5012083699005943,0.27508982944664,1.0,1.0,1.0,10.927562804461443,10.927562804461443
steady,2000.0,20.0,7,5,2079.4663573085845,0.4429277946778779,0.44292779467787796,0.0,0.05,8.858555893557558,1.9706039159220121,0.45635780281817007,0.9235192636745488,0.6827223356407702,0.3175591562217329,0.1389862991796432,1.0,1.0,1.0,8.858555893557558,8.858555893557558
steady,2000.0,20.0,7,6,2099.767981438515,0.3603748525747546,0.36037485257475466,0.0,0.05,7.207497051495092,1.9706039159220121,0.45635780281817007,0.9235192636745488,0.6827223356407702,0.2012013840077323,0.0702213942206115,1.0,1.0,1.0,7.207497051495092,7.207497051495092
steady,2000.0,20.0,7,7,2120.069605568445,0.290104350270051,0.29010435027005105,0.0,0.05,5.802087005401019,1.9706039159220121,0.45635780281817007,0.9235192636745488,0.6827223356407702,0.12747860086377333,0.0354786351992367,1.0,1.0,1.0,5.802087005401019,5.802087005401019
steady,2000.0,20.0,8,1,1999.709976798144,1.8572875424348496,1.8572875424348496,0.0,0.05,37.14575084869699,1.7379303778987223,0.32701893573645013,0.9690760797975257,0.6827223356407702,1.7379303778987223,1.8572875424348496,1.0,1.0,1.0,37.14575084869699,37.14575084869699
steady,2000.0,20.0,8,2,2020.011600928074,1.1032066926553823,1.1032066926553825,0.0,0.05,22.064133853107645,1.7379303778987223,0.32701893573645013,0.9690760797975257,0.6827223356407702,1.2531696121006832,0.9383753756172436,0.8803331025606991,1.0,1.0,19.423787410220804,22.064133853107645
steady,2000.0,20.0,8,3,2040.3132250580045,0.8177625833112719,0.8177625833112719,0.0,0.05,16.35525166622544,1.7379303778987223,0.32701893573645013,0.9690760797975257,0.6827223356407702,0.9036231236094394,0.4741044805643987,0.9049819133056207,1.0,1.0,14.801206945495638,16.35525166622544
steady,2000.0,20.0,8,4,2060.614849187935,0.6328975060777322,0.6328975060777322,0.0,0.05,12.657950121554643,1.7379303778987223,0.32701893573645013,0.9690760797975257,0.6827223356407702,0.651575606076919,0.23953639911254707,0.9713339483169942,1.0,1.0,12.295096669169247,12.657950121554643
steady,2000.0,20.0,8,5,2079.4663573085845,0.5052156308303807,0.5052156308303807,0.0,0.05,10.104312616607613,1.7379303778987223,0.32701893573645013,0.9690760797975257,0.6827223356407702,0.4698316802016701,0.12102329518485047,1.0,1.0,1.0,10.104312616607613,10.104312616607613
steady,2000.0,20.0,8,6,2099.767981438515,0.4029918458087468,0.40299184580874686,0.0,0.05,8.059836916174936,1.7379303778987223,0.32701893573645013,0.9690760797975257,0.6827223356407702,0.3387815714130122,0.06114577171429246,1.0,1.0,1.0,8.059836916174936,8.059836916174936
steady,2000.0,20.0,8,7,2120.069605568445,0.3210499082795278,0.3210499082795278,0.0,0.05,6.4209981655905555,1.7379303778987223,0.32701893573645013,0.9690760797975257,0.6827223356407702,0.2442852578178739,0.030893270529659064,1.0,1.0,1.0,6.4209981655905555,6.4209981655905555
steady,2000.0,20.0,8,8,2140.371229698376,0.2506304889023263,0.25063048890232636,0.0,0.05,5.012609778046526,1.7379303778987223,0.32701893573645013,0.9690760797975257,0.6827223356407702,0.1761467925727115,0.015608506316318459,1.0,1.0,1.0,5.012609778046526,5.012609778046526
steady,2000.0,30.0,1,1,1999.709976798144,5.551387982219954,,,0.05,111.02775964439908,,,,0.7386326693705875,,,1.0,1.0,1.0,111.02775964439908,111.02775964439908
steady,2000.0,30.0,2,1,1999.709976798144,2.2734491651710904,2.2734491651710904,0.0,0.05,45.46898330342181,2.2734491651710904,0.5681620622502022,1.0,0.7386326693705875,2.2734491651710904,2.2734491651710904,1.0,1.0,1.0,45.46898330342181,45.46898330342181
steady,2000.0,30.0,2,2,2030.1624129930392,1.2880585336890829,1.2880585336890829,0.0,0.05,25.761170673781656,2.2734491651710904,0.5681620622502022,1.0,0.7386326693705875,1.2880585336890829,1.086178383011743,1.0,1.0,1.0,25.761170673781656,25.761170673781656
steady,2000.0,30.0,3,1,1999.709976798144,1.764144788841058,1.764144788841058,0.0,0.05,35.28289577682116,1.7414741685127684,0.5199217655130034,0.9835295854092245,0.7386326693705875,1.7414741685127684,1.764144788841058,1.0,1.0,1.0,35.28289577682116,35.28289577682116
steady,2000.0,30.0,3,2,2030.1624129930392,0.9591641862354474,0.9591641862354474,0.0,0.05,19.183283724708946,1.7414741685127684,0.5199217655130034,0.9835295854092245,0.7386326693705875,1.0354231795727868,0.8428496944191711,0.9263499264437911,1.0,1.0,17.770433467334506,19.183283724708946
steady,2000.0,30.0,3,3,2060.614849187935,0.6797581487190096,0.6797581487190096,0.0,0.05,13.595162974380193,1.7414741685127684,0.5199217655130034,0.9835295854092245,0.7386326693705875,0.6156285175979394,0.4026855459234609,1.0,1.0,1.0,13.595162974380193,13.595162974380193
steady,2000.0,30.0,4,1,1999.709976798144,1.79005870525476,1.79005870525476,0.0,0.05,35.8011741050952,1.7551558612481237,0.6960508589878617,0.9802257967109811,0.7386326693705875,1.7551558612481237,1.79005870525476,1.0,1.0,1.0,35.8011741050952,35.8011741050952
steady,2000.0,30.0,4,2,2030.1624129930392,0.7592511856727426,0.7592511856727426,0.0,0.05,15.185023713454852,1.7551558612481237,0.6960508589878617,0.9802257967109811,0.7386326693705875,0.8750334225225379,0.8552305016344572,0.8676824977541779,0.8877737454659468,1.0,13.175779304146928,13.480865377083033
steady,2000.0,30.0,4,3,2060.614849187935,0.479451632049012,0.47945163204901203,0.0,0.05,9.589032640980239,1.7551558612481237,0.6960508589878617,0.9802257967109811,0.7386326693705875,0.43624814606892787,0.4086006837534583,1.0,1.0,1.0,9.589032640980239,9.589032640980239
steady,2000.0,30.0,4,4,2089.6171693735496,0.3149940270600271,0.3149940270600271,0.0,0.05,6.299880541200542,1.7551558612481237,0.6960508589878617,0.9802257967109811,0.7386326693705875,0.21749162951964254,0.19521581426845952,1.0,1.0,1.0,6.299880541200542,6.299880541200542
steady,2000.0,30.0,5,1,1999.709976798144,1.9339738902781665,1.9339738902781665,0.0,0.05,38.67947780556333,1.8787551853417315,0.5592702964525772,0.9803868667773953,0.7386326693705875,1.8787551853417315,1.9339738902781665,1.0,1.0,1.0,38.67947780556333,38.67947780556333
steady,2000.0,30.0,5,2,2030.1624129930392,0.933041193260318,0.933041193260318,0.0,0.05,18.660823865206357,1.8787551853417315,0.5592702964525772,0.9803868667773953,0.7386326693705875,1.0739453665129957,0.9239883895847671,0.8687976338031227,1.0,1.0,16.212479618908127,18.660823865206357
steady,2000.0,30.0,5,3,2060.614849187935,0.6258779391522573,0.6258779391522573,0.0,0.05,12.517558783045146,1.8787551853417315,0.5592702964525772,0.9803868667773953,0.7386326693705875,0.6138951254816873,0.44145091532991404,1.0,1.0,1.0,12.517558783045146,12.517558783045146
steady,2000.0,30.0,5,4,2089.6171693735496,0.420132748237354,0.420132748237354,0.0,0.05,8.40265496474708,1.8787551853417315,0.5592702964525772,0.9803868667773953,0.7386326693705875,0.35091843294955555,0.21091056212643094,1.0,1.0,1.0,8.40265496474708,8.40265496474708
steady,2000.0,30.0,5,5,2120.069605568445,0.2800390432971085,0.28003904329710855,0.0,0.05,5.60078086594217,1.8787551853417315,0.5592702964525772,0.9803868667773953,0.7386326693705875,0.20059411041445896,0.10076605047526736,1.0,1.0,1.0,5.60078086594217,5.60078086594217
steady,2000.0,30.0,6,1,1999.709976798144,1.830037565823546,1.830037565823546,0.0,0.05,36.60075131647092,1.7953123915869378,0.4596107472346999,0.9948950456221918,0.7386326693705875,1.7953123915869378,1.830037565823546,1.0,1.0,1.0,36.60075131647092,36.60075131647092
steady,2000.0,30.0,6,2,2030.1624129930392,1.0523685113323915,1.0523685113323917,0.0,0.05,21.04737022664783,1.7953123915869378,0.4596107472346999,0.9948950456221918,0.7386326693705875,1.1337925974048884,0.8743310712854121,0.9281843202549862,1.0,1.0,19.53583902697615,21.04737022664783
steady,2000.0,30.0,6,3,2060.614849187935,0.7311763114032176,0.7311763114032176,0.0,0.05,14.623526228064351,1.7953123915869378,0.4596107472346999,0.9948950456221918,0.7386326693705875,0.7160233839826833,0.4177263005369399,1.0,1.0,1.0,14.623526228064351,14.623526228064351
steady,2000.0,30.0,6,4,2089.6171693735496,0.4724265135841125,0.4724265135841125,0.0,0.05,9.448530271682248,1.7953123915869378,0.4596107472346999,0.9948950456221918,0.7386326693705875,0.4521898339991777,0.1995757303966571,1.0,1.0,1.0,9.448530271682248,9.448530271682248
steady,2000.0,30.0,6,5,2120.069605568445,0.3090641496807171,0.30906414968071716,0.0,0.05,6.181282993614341,1.7953123915869378,0.4596107472346999,0.9948950456221918,0.7386326693705875,0.2855711846097321,0.09535064493703557,1.0,1.0,1.0,6.181282993614341,6.181282993614341
steady,2000.0,30.0,6,6,2150.522041763341,0.198455651925633,0.198455651925633,0.0,0.05,3.96911303851266,1.7953123915869378,0.4596107472346999,0.9948950456221918,0.7386326693705875,0.1803466052258795,0.04555536623535722,1.0,1.0,1.0,3.96911303851266,3.96911303851266
steady,2000.0,30.0,7,1,1999.709976798144,1.7485424180073943,1.7485424180073945,0.0,0.05,34.97084836014788,1.701312607116943,0.48240068931864705,0.9908591854433562,0.7386326693705875,1.701312607116943,1.7485424180073943,1.0,1.0,1.0,34.97084836014788,34.97084836014788
steady,2000.0,30.0,7,2,2030.1624129930392,0.9542754960541908,0.9542754960541909,0.0,0.05,19.085509921083815,1.701312607116943,0.48240068931864705,0.9908591854433562,0.7386326693705875,1.050219705531375,0.8353954006602063,0.9086436781067256,1.0,1.0,17.341927933236,19.085509921083815
steady,2000.0,30.0,7,3,2060.614849187935,0.6420720426306048,0.6420720426306048,0.0,0.05,12.841440852612095,1.701312607116943,0.48240068931864705,0.9908591854433562,0.7386326693705875,0.6483002743131928,0.39912413233847865,0.9903929831139032,1.0,1.0,12.718072913499238,12.841440852612095
steady,2000.0,30.0,7,4,2089.6171693735496,0.4158676042824497,0.4158676042824497,0.0,0.05,8.317352085648993,1.701312607116943,0.48240068931864705,0.9908591854433562,0.7386326693705875,0.4001955433333897,0.19068823324745365,1.0,1.0,1.0,8.317352085648993,8.317352085648993
steady,2000.0,30.0,7,5,2120.069605568445,0.2749713296732538,0.27497132967325383,0.0,0.05,5.499426593465075,1.701312607116943,0.48240068931864705,0.9908591854433562,0.7386326693705875,0.24704057556288442,0.09110449444885572,1.0,1.0,1.0,5.499426593465075,5.499426593465075
steady,2000.0,30.0,7,6,2150.522041763341,0.1868151330581455,0.18681513305814554,0.0,0.05,3.73630266116291,1.701312607116943,0.48240068931864705,0.9908591854433562,0.7386326693705875,0.1524980649861958,0.043526696783701094,1.0,1.0,1.0,3.73630266116291,3.73630266116291
steady,2000.0,30.0,7,7,2179.524361948956,0.1583241433564793,0.15832414335647932,0.0,0.05,3.1664828671295857,1.701312607116943,0.48240068931864705,0.9908591854433562,0.7386326693705875,0.09413700470680066,0.020795607772828715,1.0,1.0,1.0,3.1664828671295857,3.1664828671295857
steady,2000.0,30.0,8,1,1999.709976798144,1.6685000164926986,1.6685000164926986,0.0,0.05,33.37000032985397,1.6016512090316553,0.4337548394898903,0.984353007472726,0.7386326693705875,1.6016512090316553,1.6685000164926986,1.0,1.0,1.0,33.37000032985397,33.37000032985397
steady,2000.0,30.0,8,2,2030.1624129930392,0.912012671676689,0.912012671676689,0.0,0.05,18.240253433533777,1.6016512090316553,0.4337548394898903,0.984353007472726,0.7386326693705875,1.037983888813431,0.7971538038910673,0.8786385622220536,1.0,1.0,16.026590051405993,18.240253433533777
steady,2000.0,30.0,8,3,2060.614849187935,0.6647920202365515,0.6647920202365515,0.0,0.05,13.29584040473103,1.6016512090316553,0.4337548394898903,0.984353007472726,0.7386326693705875,0.6726873787256382,0.3808535695395235,0.9882629602713165,1.0,1.0,13.139786597674467,13.29584040473103
steady,2000.0,30.0,8,4,2089.6171693735496,0.4538976085476156,0.4538976085476156,0.0,0.05,9.077952170952312,1.6016512090316553,0.4337548394898903,0.984353007472726,0.7386326693705875,0.43594926122991556,0.18195916612701502,1.0,1.0,1.0,9.077952170952312,9.077952170952312
steady,2000.0,30.0,8,5,2120.069605568445,0.3014635841523964,0.3014635841523964,0.0,0.05,6.029271683047927,1.6016512090316553,0.4337548394898903,0.984353007472726,0.7386326693705875,0.2825261248798063,0.08693403655811795,1.0,1.0,1.0,6.029271683047927,6.029271683047927
steady,2000.0,30.0,8,6,2150.522041763341,0.2042303623456873,0.20423036234568737,0.0,0.05,4.0846072469137455,1.6016512090316553,0.4337548394898903,0.984353007472726,0.7386326693705875,0.18309702146163984,0.04153419073712792,1.0,1.0,1.0,4.0846072469137455,4.0846072469137455
steady,2000.0,30.0,8,7,2179.524361948956,0.1736683709945314,0.17366837099453147,0.0,0.05,3.4733674198906277,1.6016512090316553,0.4337548394898903,0.984353007472726,0.7386326693705875,0.11865989130168537,0.01984365466608524,1.0,1.0,1.0,3.4733674198906277,3.4733674198906277
steady,2000.0,30.0,8,8,2209.9767981438517,0.1474732401926224,0.1474732401926224,0.0,0.05,2.9494648038524476,1.6016512090316553,0.4337548394898903,0.984353007472726,0.7386326693705875,0.0769000483532043,0.009480638084392732,1.0,1.0,1.0,2.9494648038524476,2.9494648038524476
steady,2000.0,40.0,1,1,1999.709976798144,5.551387982219954,,,0.05,111.02775964439908,,,,0.7296689100340923,,,1.0,1.0,1.0,111.02775964439908,111.02775964439908
steady,2000.0,40.0,2,1,1999.709976798144,2.2556855319420506,2.2556855319420506,0.0,0.05,45.113710638841006,2.2556855319420506,0.5612986444252734,1.0,0.7296689100340923,2.2556855319420506,2.2556855319420506,1.0,1.0,1.0,45.113710638841006,45.113710638841006
steady,2000.0,40.0,2,2,2040.3132250580045,1.286795845241166,1.286795845241166,0.0,0.05,25.73591690482332,2.2556855319420506,0.5612986444252734,1.0,0.7296689100340923,1.2867958452411663,1.087395102672891,0.9999999999999998,1.0,1.0,25.735916904823313,25.73591690482332
steady,2000.0,40.0,3,1,1999.709976798144,1.4872575826138446,1.4872575826138446,0.0,0.05,29.74515165227689,1.489744879303875,0.8155777136426888,0.9996130986295596,0.7296689100340923,1.489744879303875,1.4872575826138446,0.9983303874880961,1.0,1.0,29.69548877490977,29.74515165227689
steady,2000.0,40.0,3,2,2040.3132250580045,0.670283796298765,0.670283796298765,0.0,0.05,13.405675925975299,1.489744879303875,0.8155777136426888,0.9996130986295596,0.7296689100340923,0.6590388255951848,0.7169601386568473,1.0,0.9348968794199275,1.0,13.405675925975299,12.532924589709154
steady,2000.0,40.0,3,3,2079.4663573085845,0.2788385048533542,0.27883850485335426,0.0,0.05,5.576770097067084,1.489744879303875,0.8155777136426888,0.9996130986295596,0.7296689100340923,0.29154802253445855,0.34562395003523094,0.9564067779619319,0.8067684685188368,1.0,5.333660719970379,4.499162270492456
steady,2000.0,40.0,4,1,1999.709976798144,1.8089158714910412,1.8089158714910414,0.0,0.05,36.17831742982082,1.7971186989836276,0.9458961948476599,0.9920460792831877,0.7296689100340923,1.7971186989836276,1.8089158714910412,1.0,1.0,1.0,36.17831742982082,36.17831742982082
steady,2000.0,40.0,4,2,2040.3132250580045,0.6529250304869904,0.6529250304869904,0.0,0.05,13.058500609739806,1.7971186989836276,0.9458961948476599,0.9920460792831877,0.7296689100340923,0.6978776101227371,0.8720214905634974,0.9355867289855583,0.7487487837771892,1.0,12.217359870922383,9.777536449496363
steady,2000.0,40.0,4,3,2079.4663573085845,0.267836116360739,0.26783611636073906,0.0,0.05,5.35672232721478,1.7971186989836276,0.9458961948476599,0.9920460792831877,0.7296689100340923,0.2710077853989655,0.4203741544805999,0.988296760428645,0.6371374488797207,1.0,5.29403132250216,3.4129683979186654
steady,2000.0,40.0,4,4,2120.069605568445,0.2100483131605043,0.21004831316050435,0.0,0.05,4.200966263210086,1.7971186989836276,0.9458961948476599,0.9920460792831877,0.7296689100340923,0.10524083117372798,0.20264916824594195,1.0,1.0,1.0,4.200966263210086,4.200966263210086
steady,2000.0,40.0,5,1,1999.709976798144,1.7136767922383662,1.7136767922383662,0.0,0.05,34.27353584476732,1.6870402540421137,0.6041962571348861,0.984536666790049,0.7296689100340923,1.6870402540421137,1.7136767922383662,1.0,1.0,1.0,34.27353584476732,34.27353584476732
steady,2000.0,40.0,5,2,2040.3132250580045,0.8770024457472906,0.8770024457472906,0.0,0.05,17.54004891494581,1.6870402540421137,0.6041962571348861,0.984536666790049,0.7296689100340923,0.9219902848330083,0.8261097236545387,0.9512057341321488,1.0,1.0,16.68419510485483,17.54004891494581
steady,2000.0,40.0,5,3,2079.4663573085845,0.4318622329987213,0.43186223299872134,0.0,0.05,8.637244659974424,1.6870402540421137,0.6041962571348861,0.984536666790049,0.7296689100340923,0.5038801435174477,0.39824153458084,0.857073330939399,1.0,1.0,7.402752050862817,8.637244659974424
steady,2000.0,40.0,5,4,2120.069605568445,0.3380713925537893,0.3380713925537893,0.0,0.05,6.761427851075786,1.6870402540421137,0.6041962571348861,0.984536666790049,0.7296689100340923,0.27537730408639766,0.19197972778204941,1.0,1.0,1.0,6.761427851075786,6.761427851075786
steady,2000.0,40.0,5,5,2160.672853828306,0.2539231400695358,0.25392314006953587,0.0,0.05,5.078462801390716,1.6870402540421137,0.6041962571348861,0.984536666790049,0.7296689100340923,0.15049741606510933,0.09254739317450139,1.0,1.0,1.0,5.078462801390716,5.078462801390716
steady,2000.0,40.0,6,1,1999.709976798144,1.8159227468021264,1.8159227468021266,0.0,0.05,36.31845493604253,1.7958172678249258,0.7086377315183845,0.9829318964786846,0.7296689100340923,1.7958172678249258,1.8159227468021264,1.0,1.0,1.0,36.31845493604253,36.31845493604253
steady,2000.0,40.0,6,2,2040.3132250580045,0.8597291621346962,0.8597291621346962,0.0,0.05,17.194583242693923,1.7958172678249258,0.7086377315183845,0.9829318964786846,0.7296689100340923,0.8841067101525917,0.8753992849370571,0.9724269166403137,0.9820994567027918,1.0,16.72047556560806,16.88679086088063
steady,2000.0,40.0,6,3,2079.4663573085845,0.3323518944913645,0.33235189449136454,0.0,0.05,6.647037889827289,1.7958172678249258,0.7086377315183845,0.9829318964786846,0.7296689100340923,0.4352584691891053,0.4220024829898857,0.7635736419110748,0.7875590971329193,1.0,5.075502929456329,5.234935159120685
steady,2000.0,40.0,6,4,2120.069605568445,0.283914265053366,0.28391426505336603,0.0,0.05,5.678285301067319,1.7958172678249258,0.7086377315183845,0.9829318964786846,0.7296689100340923,0.21428401439023734,0.20343413424473328,1.0,1.0,1.0,5.678285301067319,5.678285301067319
steady,2000.0,40.0,6,5,2160.672853828306,0.2023281298232624,0.20232812982326245,0.0,0.05,4.046562596465248,1.7958172678249258,0.7086377315183845,0.9829318964786846,0.7296689100340923,0.10549510709979029,0.09806920253807146,1.0,1.0,1.0,4.046562596465248,4.046562596465248
steady,2000.0,40.0,6,6,2199.825986078886,0.150161710900973,0.15016171090097302,0.0,0.05,3.00323421801946,1.7958172678249258,0.7086377315183845,0.9829318964786846,0.7296689100340923,0.05193676090895218,0.047276080398991706,1.0,1.0,1.0,3.00323421801946,3.00323421801946
steady,2000.0,40.0,7,1,1999.709976798144,1.6853530669962469,1.6853530669962467,0.0,0.05,33.707061339924934,1.6413400778153355,0.5799880944340866,0.9752712646189519,0.7296689100340923,1.6413400778153355,1.6853530669962469,1.0,1.0,1.0,33.707061339924934,33.707061339924934
steady,2000.0,40.0,7,2,2040.3132250580045,0.8551233372705315,0.8551233372705315,0.0,0.05,17.102466745410627,1.6413400778153355,0.5799880944340866,0.9752712646189519,0.7296689100340923,0.9189945696324291,0.8124557458807767,0.9304987924058743,1.0,1.0,15.913824653766211,17.102466745410627
steady,2000.0,40.0,7,3,2079.4663573085845,0.4116949919952953,0.4116949919952953,0.0,0.05,8.233899839905906,1.6413400778153355,0.5799880944340866,0.9752712646189519,0.7296689100340923,0.5145496843883882,0.3916593810169031,0.8001073647234871,1.0,1.0,6.588003902304257,8.233899839905906
steady,2000.0,40.0,7,4,2120.069605568445,0.3298992114734106,0.32989921147341067,0.0,0.05,6.597984229468212,1.6413400778153355,0.5799880944340866,0.9752712646189519,0.7296689100340923,0.28809895776651506,0.1888066784145236,1.0,1.0,1.0,6.597984229468212,6.597984229468212
steady,2000.0,40.0,7,5,2160.672853828306,0.2460678305045337,0.24606783050453376,0.0,0.05,4.921356610090674,1.6413400778153355,0.5799880944340866,0.9752712646189519,0.7296689100340923,0.1613080563149313,0.09101776579784474,1.0,1.0,1.0,4.921356610090674,4.921356610090674
steady,2000.0,40.0,7,6,2199.825986078886,0.1818809184640765,0.18188091846407659,0.0,0.05,3.63761836928153,1.6413400778153355,0.5799880944340866,0.9752712646189519,0.7296689100340923,0.09031719251545767,0.04387680436093126,1.0,1.0,1.0,3.63761836928153,3.63761836928153
steady,2000.0,40.0,7,7,2240.429234338747,0.1572757934329524,0.1572757934329524,0.0,0.05,3.145515868659048,1.6413400778153355,0.5799880944340866,0.9752712646189519,0.7296689100340923,0.050569050611759044,0.021151628410692364,1.0,1.0,1.0,3.145515868659048,3.145515868659048
steady,2000.0,40.0,8,1,1999.709976798144,1.6509576108955917,1.6509576108955915,0.0,0.05,33.01915221791183,1.596592512537274,0.5499138665557182,0.972974776713585,0.7296689100340923,1.596592512537274,1.6509576108955917,1.0,1.0,1.0,33.01915221791183,33.01915221791183
steady,2000.0,40.0,8,2,2040.3132250580045,0.8402063861516668,0.8402063861516668,0.0,0.05,16.804127723033336,1.596592512537274,0.5499138665557182,0.972974776713585,0.7296689100340923,0.9212330929253628,0.7958747774840642,0.9120453798328099,1.0,1.0,15.326127051912989,16.804127723033336
steady,2000.0,40.0,8,3,2079.4663573085845,0.4378163977872786,0.43781639778727865,0.0,0.05,8.756327955745572,1.596592512537274,0.5499138665557182,0.972974776713585,0.7296689100340923,0.5315510406297342,0.38366621726387057,0.8236582460051114,1.0,1.0,7.212221725474921,8.756327955745572
steady,2000.0,40.0,8,4,2120.069605568445,0.3282089949499991,0.32820899494999917,0.0,0.05,6.564179898999982,1.596592512537274,0.5499138665557182,0.972974776713585,0.7296689100340923,0.306704688492389,0.18495342538043294,1.0,1.0,1.0,6.564179898999982,6.564179898999982
steady,2000.0,40.0,8,5,2160.672853828306,0.2531623831677262,0.25316238316772627,0.0,0.05,5.063247663354524,1.596592512537274,0.5499138665557182,0.972974776713585,0.7296689100340923,0.1769684541145292,0.08916023361115637,1.0,1.0,1.0,5.063247663354524,5.063247663354524
steady,2000.0,40.0,8,6,2199.825986078886,0.1829805043009856,0.18298050430098567,0.0,0.05,3.659610086019712,1.596592512537274,0.5499138665557182,0.972974776713585,0.7296689100340923,0.10211071081315862,0.042981346472737436,1.0,1.0,1.0,3.659610086019712,3.659610086019712
steady,2000.0,40.0,8,7,2240.429234338747,0.1616814772832887,0.16168147728328877,0.0,0.05,3.2336295456657735,1.596592512537274,0.5499138665557182,0.972974776713585,0.7296689100340923,0.058917829818531914,0.020719956305479435,1.0,1.0,1.0,3.2336295456657735,3.2336295456657735
steady,2000.0,40.0,8,8,2279.582366589327,0.1304388984305186,0.13043889843051865,0.0,0.05,2.608777968610372,1.596592512537274,0.5499138665557182,0.972974776713585,0.7296689100340923,0.03399555877029654,0.009988439742651794,1.0,1.0,1.0,2.608777968610372,2.608777968610372
steady,2000.0,50.0,1,1,1999.709976798144,5.551387982219954,,,0.05,111.02775964439908,,,,0.6953855273318986,,,1.0,1.0,1.0,111.02775964439908,111.02775964439908
steady,2000.0,50.0,2,1,1999.709976798144,2.238217964423477,2.238217964423477,0.0,0.05,44.76435928846954,2.238217964423477,0.5418662701991904,1.0,0.6953855273318986,2.238217964423477,2.238217964423477,1.0,1.0,1.0,44.76435928846954,44.76435928846954
steady,2000.0,50.0,2,2,2050.46403712297,1.3018856681528013,1.3018856681528013,0.0,0.05,26.037713363056024,2.238217964423477,0.5418662701991904,1.0,0.6953855273318986,1.3018856681528015,1.1166068296212175,0.9999999999999998,1.0,1.0,26.037713363056017,26.037713363056024
steady,2000.0,50.0,3,1,1999.709976798144,1.478198469689306,1.478198469689306,0.0,0.05,29.56396939378612,1.4812477022140786,0.8211149075637202,0.9994066900256744,0.6953855273318986,1.4812477022140786,1.478198469689306,0.9979414432034461,1.0,1.0,29.50311028365743,29.56396939378612
steady,2000.0,50.0,3,2,2050.46403712297,0.6655234257802886,0.6655234257802886,0.0,0.05,13.31046851560577,1.4812477022140786,0.8211149075637202,0.9994066900256744,0.6953855273318986,0.6516614287991157,0.7374467245936283,1.0,0.9024698375967793,1.0,13.31046851560577,12.012296359615783
steady,2000.0,50.0,3,3,2099.767981438515,0.2709381366803713,0.27093813668037137,0.0,0.05,5.4187627336074256,1.4812477022140786,0.8211149075637202,0.9994066900256744,0.6953855273318986,0.2866925073704723,0.36789895454848814,0.9450478464379861,0.7364471503130144,1.0,5.120990051754112,3.9906323733875486
steady,2000.0,50.0,4,1,1999.709976798144,1.7585675698786984,1.7585675698786984,0.0,0.05,35.171351397573964,1.7491833655733486,0.89468253992824,0.9926851364351557,0.6953855273318986,1.7491833655733486,1.7585675698786984,1.0,1.0,1.0,35.171351397573964,35.171351397573964
steady,2000.0,50.0,4,2,2050.46403712297,0.6854814851877533,0.6854814851877533,0.0,0.05,13.709629703755066,1.7491833655733486,0.89468253992824,0.9926851364351557,0.6953855273318986,0.7149565487235372,0.877317843967326,0.9587736295465679,0.7813376758506724,1.0,13.144431430808682,10.711850209505325
steady,2000.0,50.0,4,3,2099.767981438515,0.2679430597006131,0.26794305970061316,0.0,0.05,5.3588611940122615,1.7491833655733486,0.89468253992824,0.9926851364351557,0.6953855273318986,0.2922294349598519,0.43767814926586446,0.9168927823353066,0.6121919957622857,1.0,4.9135011503266055,3.2806519293754315
steady,2000.0,50.0,4,4,2150.522041763341,0.217865954183623,0.21786595418362303,0.0,0.05,4.35731908367246,1.7491833655733486,0.89468253992824,0.9926851364351557,0.6953855273318986,0.11944508069675212,0.21834978470120647,1.0,0.9977841493260662,1.0,4.35731908367246,4.347663915244359
steady,2000.0,50.0,5,1,1999.709976798144,1.5775269663796654,1.5775269663796654,0.0,0.05,31.550539327593306,1.556168798443807,0.6488743264139946,0.9877717399364053,0.6953855273318986,1.556168798443807,1.5775269663796654,1.0,1.0,1.0,31.550539327593306,31.550539327593306
steady,2000.0,50.0,5,2,2050.46403712297,0.7721116811358154,0.7721116811358154,0.0,0.05,15.442233622716307,1.556168798443807,0.6488743264139946,0.9877717399364053,0.6953855273318986,0.8133063515384846,0.7869999314498839,0.9493491347697659,0.981082272413112,1.0,14.660071128638313,15.150101653708676
steady,2000.0,50.0,5,3,2099.767981438515,0.3698238211268728,0.3698238211268728,0.0,0.05,7.3964764225374555,1.556168798443807,0.6488743264139946,0.9877717399364053,0.6953855273318986,0.42506135717045523,0.39262016136785177,0.8700480880894768,0.9419379275848732,1.0,6.435290170027606,6.967021672875307
steady,2000.0,50.0,5,4,2150.522041763341,0.2875256606665161,0.28752566066651614,0.0,0.05,5.750513213330321,1.556168798443807,0.6488743264139946,0.9877717399364053,0.6953855273318986,0.22215141566005572,0.19587116205782573,1.0,1.0,1.0,5.750513213330321,5.750513213330321
steady,2000.0,50.0,5,5,2199.825986078886,0.1955442200981199,0.19554422009811995,0.0,0.05,3.910884401962398,1.556168798443807,0.6488743264139946,0.9877717399364053,0.6953855273318986,0.11610382982891652,0.0977166123925506,1.0,1.0,1.0,3.910884401962398,3.910884401962398
steady,2000.0,50.0,6,1,1999.709976798144,1.9565598551726824,1.9565598551726826,0.0,0.05,39.131197103453644,1.9244961938195493,0.8050414110448629,0.9774244777580786,0.6953855273318986,1.9244961938195493,1.9565598551726824,1.0,1.0,1.0,39.131197103453644,39.131197103453644
steady,2000.0,50.0,6,2,2050.46403712297,0.7750533144029934,0.7750533144029934,0.0,0.05,15.501066288059867,1.9244961938195493,0.8050414110448629,0.9774244777580786,0.6953855273318986,0.860383382853554,0.9760926467281112,0.9008232025965516,0.7940366285936001,1.0,13.96372017727153,12.30841441497697
steady,2000.0,50.0,6,3,2099.767981438515,0.3332577486393189,0.3332577486393189,0.0,0.05,6.665154972786378,1.9244961938195493,0.8050414110448629,0.9774244777580786,0.6953855273318986,0.38465109355260996,0.4869551281438312,0.866389708037417,0.6843705495198832,1.0,5.774621670896528,4.561435771360996
steady,2000.0,50.0,6,4,2150.522041763341,0.2742524003529725,0.2742524003529725,0.0,0.05,5.48504800705945,1.9244961938195493,0.8050414110448629,0.9774244777580786,0.6953855273318986,0.1719657384368643,0.2429331863326964,1.0,1.0,1.0,5.48504800705945,5.48504800705945
steady,2000.0,50.0,6,5,2199.825986078886,0.19734748983109,0.19734748983109007,0.0,0.05,3.9469497966217997,1.9244961938195493,0.8050414110448629,0.9774244777580786,0.6953855273318986,0.07688062166419223,0.12119501286846489,1.0,1.0,1.0,3.9469497966217997,3.9469497966217997
steady,2000.0,50.0,6,6,2250.580046403712,0.1689995735839601,0.1689995735839601,0.0,0.05,3.3799914716792014,1.9244961938195493,0.8050414110448629,0.9774244777580786,0.6953855273318986,0.03437097436500526,0.06046201989081836,1.0,1.0,1.0,3.3799914716792014,3.3799914716792014
steady,2000.0,50.0,7,1,1999.709976798144,1.7370190189433838,1.7370190189433838,0.0,0.05,34.74038037886768,1.6895421910716446,0.5527753840485293,0.9777227524066883,0.6953855273318986,1.6895421910716446,1.7370190189433838,1.0,1.0,1.0,34.74038037886768,34.74038037886768
steady,2000.0,50.0,7,2,2050.46403712297,0.9032307983215512,0.9032307983215513,0.0,0.05,18.064615966431024,1.6895421910716446,0.5527753840485293,0.9777227524066883,0.6953855273318986,0.9720794057804322,0.8665676580938914,0.9291738853333633,1.0,1.0,16.785169404583826,18.064615966431024
steady,2000.0,50.0,7,3,2099.767981438515,0.4630833419550718,0.4630833419550718,0.0,0.05,9.261666839101435,1.6895421910716446,0.5527753840485293,0.9777227524066883,0.6953855273318986,0.5592866376086658,0.4323150741959766,0.8279892828033061,1.0,1.0,7.66856088367076,9.261666839101435
steady,2000.0,50.0,7,4,2150.522041763341,0.3562317646251385,0.35623176462513856,0.0,0.05,7.12463529250277,1.6895421910716446,0.5527753840485293,0.9777227524066883,0.6953855273318986,0.3217859993201635,0.21567424266464233,1.0,1.0,1.0,7.12463529250277,7.12463529250277
steady,2000.0,50.0,7,5,2199.825986078886,0.2508349164361808,0.25083491643618083,0.0,0.05,5.016698328723615,1.6895421910716446,0.5527753840485293,0.9777227524066883,0.6953855273318986,0.18513982347443064,0.107596014401017,1.0,1.0,1.0,5.016698328723615,5.016698328723615
steady,2000.0,50.0,7,6,2250.580046403712,0.2097030453843664,0.20970304538436643,0.0,0.05,4.194060907687327,1.6895421910716446,0.5527753840485293,0.9777227524066883,0.6953855273318986,0.10652034056347931,0.05367772327354405,1.0,1.0,1.0,4.194060907687327,4.194060907687327
steady,2000.0,50.0,7,7,2299.8839907192573,0.1637466670615825,0.16374666706158253,0.0,0.05,3.27493334123165,1.6895421910716446,0.5527753840485293,0.9777227524066883,0.6953855273318986,0.061286560291695845,0.026778854141310433,1.0,1.0,1.0,3.27493334123165,3.27493334123165
steady,2000.0,50.0,8,1,1999.709976798144,1.7628680094351796,1.7628680094351796,0.0,0.05,35.25736018870359,1.7068339996235977,0.5583598369065533,0.9720138907725967,0.6953855273318986,1.7068339996235977,1.7628680094351796,1.0,1.0,1.0,35.25736018870359,35.25736018870359
steady,2000.0,50.0,8,2,2050.46403712297,0.8937412940853123,0.8937412940853123,0.0,0.05,17.874825881706247,1.7068339996235977,0.5583598369065533,0.9720138907725967,0.6953855273318986,0.9765594550264877,0.8794632561905619,0.9151939387664533,1.0,1.0,16.358932303443282,17.874825881706247
steady,2000.0,50.0,8,3,2099.767981438515,0.4590136539704803,0.45901365397048033,0.0,0.05,9.180273079409606,1.7068339996235977,0.5583598369065533,0.9720138907725967,0.6953855273318986,0.5587352779543527,0.4387484569744504,0.8215225923285634,1.0,1.0,7.541801738480703,9.180273079409606
steady,2000.0,50.0,8,4,2150.522041763341,0.3408171835526856,0.3408171835526856,0.0,0.05,6.816343671053711,1.7068339996235977,0.5583598369065533,0.9720138907725967,0.6953855273318986,0.3196785502652885,0.2188837420352104,1.0,1.0,1.0,6.816343671053711,6.816343671053711
steady,2000.0,50.0,8,5,2199.825986078886,0.2535249704098869,0.2535249704098869,0.0,0.05,5.070499408197738,1.7068339996235977,0.5583598369065533,0.9720138907725967,0.6953855273318986,0.18290303034716493,0.1091971761170809,1.0,1.0,1.0,5.070499408197738,5.070499408197738
steady,2000.0,50.0,8,6,2250.580046403712,0.2105329758120783,0.2105329758120783,0.0,0.05,4.210659516241566,1.7068339996235977,0.5583598369065533,0.9720138907725967,0.6953855273318986,0.10464736680773294,0.054476514158034825,1.0,1.0,1.0,4.210659516241566,4.210659516241566
steady,2000.0,50.0,8,7,2299.8839907192573,0.1672779139702368,0.1672779139702368,0.0,0.05,3.345558279404736,1.7068339996235977,0.5583598369065533,0.9720138907725967,0.6953855273318986,0.05987364648363763,0.027177356597835628,1.0,1.0,1.0,3.345558279404736,3.345558279404736
steady,2000.0,50.0,8,8,2350.638051044084,0.1442567669424425,0.14425676694244252,0.0,0.05,2.88513533884885,1.7068339996235977,0.5583598369065533,0.9720138907725967,0.6953855273318986,0.034256509768028985,0.013558296140300708,1.0,1.0,1.0,2.88513533884885,2.88513533884885
steady,2000.0,60.0,1,1,1999.709976798144,5.551387982219954,,,0.05,111.02775964439908,,,,0.6656134607617791,,,1.0,1.0,1.0,111.02775964439908,111.02775964439908
steady,2000.0,60.0,2,1,1999.709976798144,2.229632342246466,2.229632342246466,0.0,0.05,44.59264684492931,2.229632342246466,0.5228318592323649,1.0,0.6656134607617791,2.229632342246466,2.229632342246466,1.0,1.0,1.0,44.59264684492931,44.59264684492931
steady,2000.0,60.0,2,2,2060.614849187935,1.3218137463226294,1.3218137463226294,0.0,0.05,26.436274926452587,2.229632342246466,0.5228318592323649,1.0,0.6656134607617791,1.3218137463226294,1.1459376866578648,1.0,1.0,1.0,26.436274926452587,26.436274926452587
steady,2000.0,60.0,3,1,1999.709976798144,1.4919777152037887,1.4919777152037887,0.0,0.05,29.839554304075772,1.4962309297456464,0.8046912397389098,0.9989090605813153,0.6656134607617791,1.4962309297456464,1.4919777152037887,0.9971573809514948,1.0,1.0,29.7547318186121,29.839554304075772
steady,2000.0,60.0,3,2,2060.614849187935,0.6881737440835428,0.6881737440835428,0.0,0.05,13.763474881670856,1.4962309297456464,0.8046912397389098,0.9989090605813153,0.6656134607617791,0.669153360107253,0.7668140881841957,1.0,0.8974453582525171,1.0,13.763474881670856,12.351966645980623
steady,2000.0,60.0,3,3,2120.069605568445,0.2779979756713993,0.2779979756713993,0.0,0.05,5.5599595134279856,1.4962309297456464,0.8046912397389098,0.9989090605813153,0.6656134607617791,0.29926277450964445,0.39411034082197677,0.9289427197449182,0.7053810744767377,1.0,5.164883912075425,3.9218902156289923
steady,2000.0,60.0,4,1,1999.709976798144,1.5711275011265573,1.5711275011265573,0.0,0.05,31.422550022531144,1.5736639585940246,0.7946702643107023,0.9982962727324464,0.6656134607617791,1.5736639585940246,1.5711275011265573,0.9983881835422261,1.0,1.0,31.371902639259606,31.422550022531144
steady,2000.0,60.0,4,2,2060.614849187935,0.7270992942930217,0.7270992942930217,0.0,0.05,14.541985885860433,1.5736639585940246,0.7946702643107023,0.9982962727324464,0.6656134607617791,0.7108714748300945,0.8074937647663972,1.0,0.9004395154721311,1.0,14.541985885860433,13.094178725066737
steady,2000.0,60.0,4,3,2120.069605568445,0.2865645366278047,0.28656453662780473,0.0,0.05,5.731290732556094,1.5736639585940246,0.7946702643107023,0.9982962727324464,0.6656134607617791,0.3211220864323558,0.41501799164553355,0.892385010982947,0.6904870207953759,1.0,5.114517943318532,3.957381863234805
steady,2000.0,60.0,4,4,2179.524361948956,0.1695525852393342,0.16955258523933425,0.0,0.05,3.3910517047866837,1.5736639585940246,0.7946702643107023,0.9982962727324464,0.6656134607617791,0.1450605321015532,0.21330187415047108,1.0,0.7948949624311575,1.0,3.3910517047866837,2.695529917478524
steady,2000.0,60.0,5,1,1999.709976798144,1.6016407380638251,1.6016407380638251,0.0,0.05,32.0328147612765,1.5903761644409669,0.6670367624284803,0.9957275611874966,0.6656134607617791,1.5903761644409669,1.6016407380638251,1.0,1.0,1.0,32.0328147612765,32.0328147612765
steady,2000.0,60.0,5,2,2060.614849187935,0.7953033318000811,0.7953033318000811,0.0,0.05,15.90606663600162,1.5903761644409669,0.6670367624284803,0.9957275611874966,0.6656134607617791,0.8162242114976521,0.8231762912017223,0.9743687097210896,0.9661397446700626,1.0,15.498373624858571,15.367483158411607
steady,2000.0,60.0,5,3,2120.069605568445,0.3887049694996122,0.38870496949961225,0.0,0.05,7.7740993899922435,1.5903761644409669,0.6670367624284803,0.9957275611874966,0.6656134607617791,0.4189084182289336,0.423078153728642,0.9278996376892689,0.9187545281501904,1.0,7.213584007334169,7.142489016845007
steady,2000.0,60.0,5,4,2179.524361948956,0.2376658069214085,0.23766580692140857,0.0,0.05,4.75331613842817,1.5903761644409669,0.6670367624284803,0.9957275611874966,0.6656134607617791,0.21499516969862872,0.21744446004528212,1.0,1.0,1.0,4.75331613842817,4.75331613842817
steady,2000.0,60.0,5,5,2240.429234338747,0.1732336457755412,0.1732336457755412,0.0,0.05,3.464672915510824,1.5903761644409669,0.6670367624284803,0.9957275611874966,0.6656134607617791,0.11034135620660009,0.1117573497654775,1.0,1.0,1.0,3.464672915510824,3.464672915510824
steady,2000.0,60.0,6,1,1999.709976798144,1.9972713628001049,1.9972713628001049,0.0,0.05,39.9454272560021,1.9719296638575832,0.8335872035694153,0.986254740159623,0.6656134607617791,1.9719296638575832,1.9972713628001049,1.0,1.0,1.0,39.9454272560021,39.9454272560021
steady,2000.0,60.0,6,2,2060.614849187935,0.7825985631915519,0.7825985631915519,0.0,0.05,15.651971263831037,1.9719296638575832,0.8335872035694153,0.986254740159623,0.6656134607617791,0.8567795607730075,1.0265138703581618,0.9134188057491384,0.7623847916623813,1.0,14.296804899428377,11.932824851081403
steady,2000.0,60.0,6,3,2120.069605568445,0.3501063713388542,0.3501063713388542,0.0,0.05,7.002127426777084,1.9719296638575832,0.8335872035694153,0.986254740159623,0.6656134607617791,0.37226034437879624,0.5275851572619551,0.940487958563217,0.6636016319257829,1.0,6.585416529209091,4.6466231873615556
steady,2000.0,60.0,6,4,2179.524361948956,0.2269753187487586,0.22697531874875865,0.0,0.05,4.539506374975171,1.9719296638575832,0.8335872035694153,0.986254740159623,0.6656134607617791,0.1617426119175762,0.2711566849710506,1.0,0.837063333964977,1.0,4.539506374975171,3.799854340791984
steady,2000.0,60.0,6,5,2240.429234338747,0.1842314032941718,0.18423140329417187,0.0,0.05,3.684628065883436,1.9719296638575832,0.8335872035694153,0.986254740159623,0.6656134607617791,0.07027520633059878,0.13936318486682273,1.0,1.0,1.0,3.684628065883436,3.684628065883436
steady,2000.0,60.0,6,6,2299.8839907192573,0.1377121370487946,0.13771213704879467,0.0,0.05,2.754242740975892,1.9719296638575832,0.8335872035694153,0.986254740159623,0.6656134607617791,0.030533726185434273,0.07162684297566833,1.0,1.0,1.0,2.754242740975892,2.754242740975892
steady,2000.0,60.0,7,1,1999.709976798144,1.8410056791863476,1.8410056791863474,0.0,0.05,36.82011358372695,1.8241267215166515,0.6559484634017622,0.9913556132184669,0.6656134607617791,1.8241267215166515,1.8410056791863476,1.0,1.0,1.0,36.82011358372695,36.82011358372695
steady,2000.0,60.0,7,2,2060.614849187935,0.927165861661828,0.9271658616618279,0.0,0.05,18.54331723323656,1.8241267215166515,0.6559484634017622,0.9913556132184669,0.6656134607617791,0.9466298769308408,0.9461998506019107,0.9794386214260224,0.9798837540209138,1.0,18.16204106758662,18.170295302504545
steady,2000.0,60.0,7,3,2120.069605568445,0.4340062224441248,0.43400622244412485,0.0,0.05,8.680124448882495,1.8241267215166515,0.6559484634017622,0.9913556132184669,0.6656134607617791,0.49125321904886,0.48630711322670284,0.8834674371893705,0.8924529595391774,1.0,7.668607301339015,7.746602753573553
steady,2000.0,60.0,7,4,2179.524361948956,0.2532059792147054,0.2532059792147054,0.0,0.05,5.064119584294107,1.8241267215166515,0.6559484634017622,0.9913556132184669,0.6656134607617791,0.2549356734950153,0.24994149832558812,0.9932151736295011,1.0,1.0,5.029760412195229,5.064119584294107
steady,2000.0,60.0,7,5,2240.429234338747,0.1938819646422907,0.19388196464229077,0.0,0.05,3.877639292845814,1.8241267215166515,0.6559484634017622,0.9913556132184669,0.6656134607617791,0.13229877199826123,0.12845946704488742,1.0,1.0,1.0,3.877639292845814,3.877639292845814
steady,2000.0,60.0,7,6,2299.8839907192573,0.1401740130684873,0.1401740130684873,0.0,0.05,2.8034802613697463,1.8241267215166515,0.6559484634017622,0.9913556132184669,0.6656134607617791,0.06865639803285571,0.06602278846852508,1.0,1.0,1.0,2.8034802613697463,2.8034802613697463
steady,2000.0,60.0,7,7,2359.338747099768,0.1238172499947807,0.12381724999478079,0.0,0.05,2.476344999895614,1.8241267215166515,0.6559484634017622,0.9913556132184669,0.6656134607617791,0.035629211969615764,0.0339329494153704,1.0,1.0,1.0,2.476344999895614,2.476344999895614
steady,2000.0,60.0,8,1,1999.709976798144,1.8519540612255232,1.8519540612255232,0.0,0.05,37.03908122451046,1.8201237436696127,0.5895305754428333,0.9892308932512756,0.6656134607617791,1.8201237436696127,1.8519540612255232,1.0,1.0,1.0,37.03908122451046,37.03908122451046
steady,2000.0,60.0,8,2,2060.614849187935,0.9545959691940068,0.9545959691940067,0.0,0.05,19.091919383880136,1.8201237436696127,0.5895305754428333,0.9892308932512756,0.6656134607617791,1.0094179871007953,0.9518268606469743,0.945689477889882,1.0,1.0,18.055027274057323,19.091919383880136
steady,2000.0,60.0,8,3,2120.069605568445,0.5281521253138048,0.5281521253138048,0.0,0.05,10.563042506276096,1.8201237436696127,0.5895305754428333,0.9892308932512756,0.6656134607617791,0.5598106591524009,0.4891991608309925,0.9434477830655642,1.0,1.0,9.965679034973503,10.563042506276096
steady,2000.0,60.0,8,4,2179.524361948956,0.2886420004073083,0.28864200040730836,0.0,0.05,5.772840008146166,1.8201237436696127,0.5895305754428333,0.9892308932512756,0.6656134607617791,0.3104640278907099,0.2514278897267933,0.929711575180995,1.0,1.0,5.36707617724144,5.772840008146166
steady,2000.0,60.0,8,5,2240.429234338747,0.218025229957674,0.21802522995767407,0.0,0.05,4.36050459915348,1.8201237436696127,0.5895305754428333,0.9892308932512756,0.6656134607617791,0.17217948790053889,0.1292234100015316,1.0,1.0,1.0,4.36050459915348,4.36050459915348
steady,2000.0,60.0,8,6,2299.8839907192573,0.167475831096016,0.167475831096016,0.0,0.05,3.3495166219203196,1.8201237436696127,0.5895305754428333,0.9892308932512756,0.6656134607617791,0.09548860219042114,0.06641542316792728,1.0,1.0,1.0,3.3495166219203196,3.3495166219203196
steady,2000.0,60.0,8,7,2359.338747099768,0.1430673785350867,0.14306737853508675,0.0,0.05,2.8613475707017337,1.8201237436696127,0.5895305754428333,0.9892308932512756,0.6656134607617791,0.052956790959604,0.034134747214321075,1.0,1.0,1.0,2.8613475707017337,2.8613475707017337
steady,2000.0,60.0,8,8,2420.243619489559,0.1097708146142722,0.10977081461427225,0.0,0.05,2.1954162922854437,1.8201237436696127,0.5895305754428333,0.9892308932512756,0.6656134607617791,0.029369177518660094,0.017543831113437516,1.0,1.0,1.0,2.1954162922854437,2.1954162922854437
steady,2000.0,70.0,1,1,1999.709976798144,5.551387982219954,,,0.05,111.02775964439908,,,,0.4887470556694542,,,1.0,1.0,1.0,111.02775964439908,111.02775964439908
steady,2000.0,70.0,2,1,1999.709976798144,2.2119332393887454,2.2119332393887454,0.0,0.05,44.23866478777491,2.2119332393887454,0.5140037866621553,1.0,0.4887470556694542,2.2119332393887454,2.2119332393887454,1.0,1.0,1.0,44.23866478777491,44.23866478777491
steady,2000.0,70.0,2,2,2069.3155452436195,1.3229487086831568,1.3229487086831568,0.0,0.05,26.458974173663137,2.2119332393887454,0.5140037866621553,1.0,0.4887470556694542,1.3229487086831566,1.3567875994087355,1.0,0.9750595518854056,1.0,26.458974173663137,25.7990755011195
steady,2000.0,70.0,3,1,1999.709976798144,1.5840607552814123,1.5840607552814123,0.0,0.05,31.681215105628244,1.5925318525742402,0.8145419606804749,0.996164905763048,0.4887470556694542,1.5925318525742402,1.5840607552814123,0.9946807360373139,1.0,1.0,31.512694359822767,31.681215105628244
steady,2000.0,70.0,3,2,2069.3155452436195,0.743498060138091,0.743498060138091,0.0,0.05,14.86996120276182,1.5925318525742402,0.8145419606804749,0.996164905763048,0.4887470556694542,0.7052401817895491,0.9716540947997978,1.0,0.7651880068403184,1.0,14.86996120276182,11.37831597453418
steady,2000.0,70.0,3,3,2140.371229698376,0.2691141991051788,0.26911419910517886,0.0,0.05,5.3822839821035755,1.5925318525742402,0.8145419606804749,0.996164905763048,0.4887470556694542,0.3123100572252889,0.596007240753522,0.861689186368564,0.45152840553571505,1.0,4.637855905343384,2.4302541045796464
steady,2000.0,70.0,4,1,1999.709976798144,1.5510792657957715,1.5510792657957715,0.0,0.05,31.021585315915427,1.5436939630794249,0.682514633048375,0.9896316306766891,0.4887470556694542,1.5436939630794249,1.5510792657957715,1.0,1.0,1.0,31.021585315915427,31.021585315915427
steady,2000.0,70.0,4,2,2069.3155452436195,0.7726507477664869,0.7726507477664869,0.0,0.05,15.453014955329737,1.5436939630794249,0.682514633048375,0.9896316306766891,0.4887470556694542,0.7800974653461082,0.9514234317999899,0.9904541189909938,0.8120997675080542,1.0,15.305502313335765,12.549389852521765
steady,2000.0,70.0,4,3,2140.371229698376,0.3369312159717744,0.33693121597177444,0.0,0.05,6.738624319435488,1.5436939630794249,0.682514633048375,0.9896316306766891,0.4887470556694542,0.39421807041692236,0.5835978641063579,0.8546823224400601,0.5773345597960761,1.0,5.759383083386192,3.89044070509242
steady,2000.0,70.0,4,4,2209.9767981438517,0.2845105058766375,0.2845105058766375,0.0,0.05,5.69021011753275,1.5436939630794249,0.682514633048375,0.9896316306766891,0.4887470556694542,0.19921598767699011,0.35797569789210504,1.0,0.7947760352223403,1.0,5.69021011753275,4.522442636794726
steady,2000.0,70.0,5,1,1999.709976798144,1.581916832034039,1.5819168320340393,0.0,0.05,31.63833664068078,1.559430497182044,0.6519878768682281,0.9855071567517597,0.4887470556694542,1.559430497182044,1.581916832034039,1.0,1.0,1.0,31.63833664068078,31.63833664068078
steady,2000.0,70.0,5,2,2069.3155452436195,0.7700409301715315,0.7700409301715315,0.0,0.05,15.40081860343063,1.559430497182044,0.6519878768682281,0.9855071567517597,0.4887470556694542,0.8124773938099014,0.9703390241528537,0.9477690530694336,0.7935792656013286,1.0,14.596419264267563,12.221770316969758
steady,2000.0,70.0,5,3,2140.371229698376,0.3621491005479925,0.3621491005479925,0.0,0.05,7.2429820109598495,1.559430497182044,0.6519878768682281,0.9855071567517597,0.4887470556694542,0.4233080708919013,0.5952005837015156,0.8555213695428765,0.6084488329897286,1.0,6.196525889590788,4.4069839519341185
steady,2000.0,70.0,5,4,2209.9767981438517,0.2883383731032348,0.28833837310323485,0.0,0.05,5.766767462064696,1.559430497182044,0.6519878768682281,0.9855071567517597,0.4887470556694542,0.22054733368267557,0.36509274183619667,1.0,0.7897674756640365,1.0,5.766767462064696,4.554405381256337
steady,2000.0,70.0,5,5,2279.582366589327,0.2049863490990464,0.20498634909904648,0.0,0.05,4.099726981980927,1.559430497182044,0.6519878768682281,0.9855071567517597,0.4887470556694542,0.11490715566100972,0.223945865967625,1.0,0.9153388396492235,1.0,4.099726981980927,3.752639338565035
steady,2000.0,70.0,6,1,1999.709976798144,2.017967926850536,2.017967926850536,0.0,0.05,40.35935853701071,1.9839072474843067,0.7312297211467764,0.9768295577338965,0.4887470556694542,1.9839072474843067,2.017967926850536,1.0,1.0,1.0,40.35935853701071,40.35935853701071
steady,2000.0,70.0,6,2,2069.3155452436195,0.8856572437285296,0.8856572437285296,0.0,0.05,17.71314487457059,1.9839072474843067,0.7312297211467764,0.9768295577338965,0.4887470556694542,0.9548877700906996,1.237810350872967,0.9274987820237826,0.7155031811649651,1.0,16.42892029697503,12.673811506191155
steady,2000.0,70.0,6,3,2140.371229698376,0.3658751146218791,0.3658751146218791,0.0,0.05,7.317502292437582,1.9839072474843067,0.7312297211467764,0.9768295577338965,0.4887470556694542,0.45960346917680256,0.7592660142619505,0.7960669123694809,0.4818800101009794,1.0,5.825221456197384,3.526158078593762
steady,2000.0,70.0,6,4,2209.9767981438517,0.3155457690389693,0.3155457690389693,0.0,0.05,6.310915380779385,1.9839072474843067,0.7312297211467764,0.9768295577338965,0.4887470556694542,0.22121484377089468,0.4657295683516153,1.0,0.6775300313351361,1.0,6.310915380779385,4.27583469569285
steady,2000.0,70.0,6,5,2279.582366589327,0.2385800333241117,0.2385800333241117,0.0,0.05,4.771600666482234,1.9839072474843067,0.7312297211467764,0.9768295577338965,0.4887470556694542,0.10647440758493579,0.2856759380278925,1.0,0.835142206834436,1.0,4.771600666482234,3.9849651107386386
steady,2000.0,70.0,6,6,2350.638051044084,0.1815705271137157,0.1815705271137157,0.0,0.05,3.631410542274314,1.9839072474843067,0.7312297211467764,0.9768295577338965,0.4887470556694542,0.05124791482032824,0.1752320383199334,1.0,1.0,1.0,3.631410542274314,3.631410542274314
steady,2000.0,70.0,7,1,1999.709976798144,1.8885481657465293,1.8885481657465295,0.0,0.05,37.77096331493058,1.8421941106164472,0.5840647960430332,0.981043139822972,0.4887470556694542,1.8421941106164472,1.8885481657465293,1.0,1.0,1.0,37.77096331493058,37.77096331493058
steady,2000.0,70.0,7,2,2069.3155452436195,0.9532329018368424,0.9532329018368423,0.0,0.05,19.064658036736848,1.8421941106164472,0.5840647960430332,0.981043139822972,0.4887470556694542,1.027257383707397,1.1584249861352491,0.9279396935523613,0.8228697699425744,1.0,17.690852936290153,15.687730772723503
steady,2000.0,70.0,7,3,2140.371229698376,0.4784182467180854,0.47841824671808547,0.0,0.05,9.568364934361707,1.8421941106164472,0.5840647960430332,0.981043139822972,0.4887470556694542,0.5728265693066671,0.7105714711660478,0.8351886458359451,0.6732865955524517,1.0,7.991389752393696,6.442251851659852
steady,2000.0,70.0,7,4,2209.9767981438517,0.3644861767617931,0.3644861767617931,0.0,0.05,7.289723535235862,1.8421941106164472,0.5840647960430332,0.981043139822972,0.4887470556694542,0.3194236261601895,0.43586060528578036,1.0,0.8362448276847841,1.0,7.289723535235862,6.095993601593029
steady,2000.0,70.0,7,5,2279.582366589327,0.2684527959745504,0.2684527959745504,0.0,0.05,5.369055919491008,1.8421941106164472,0.5840647960430332,0.981043139822972,0.4887470556694542,0.17811927451762657,0.26735448149689817,1.0,1.0,1.0,5.369055919491008,5.369055919491008
steady,2000.0,70.0,7,6,2350.638051044084,0.1880171907732856,0.18801719077328566,0.0,0.05,3.760343815465712,1.8421941106164472,0.5840647960430332,0.981043139822972,0.4887470556694542,0.09932413684006873,0.16399375834760077,1.0,1.0,1.0,3.760343815465712,3.760343815465712
steady,2000.0,70.0,7,7,2420.243619489559,0.1535170520849882,0.15351705208498828,0.0,0.05,3.0703410416997636,1.8421941106164472,0.5840647960430332,0.981043139822972,0.4887470556694542,0.055385831689138354,0.1005928631769851,1.0,1.0,1.0,3.0703410416997636,3.0703410416997636
steady,2000.0,70.0,8,1,1999.709976798144,1.8673476686800508,1.8673476686800508,0.0,0.05,37.34695337360101,1.7852188577442747,0.5199239062167265,0.9665219294025232,0.4887470556694542,1.7852188577442747,1.8673476686800508,1.0,1.0,1.0,37.34695337360101,37.34695337360101
steady,2000.0,70.0,8,2,2069.3155452436195,0.9311160558692976,0.9311160558692977,0.0,0.05,18.62232111738595,1.7852188577442747,0.5199239062167265,0.9665219294025232,0.4887470556694542,1.061430058708796,1.1454207186425067,0.877227894791276,0.8129031025148629,1.0,16.336019549931603,15.138142612351087
steady,2000.0,70.0,8,3,2140.371229698376,0.5168255867648774,0.5168255867648774,0.0,0.05,10.336511735297549,1.7852188577442747,0.5199239062167265,0.9665219294025232,0.4887470556694542,0.6310900003342579,0.7025947255033158,0.8189411755710594,0.7355955972977744,1.0,8.464995071808625,7.603492523901655
steady,2000.0,70.0,8,4,2209.9767981438517,0.4170419139774141,0.41704191397741414,0.0,0.05,8.340838279548281,1.7852188577442747,0.5199239062167265,0.9665219294025232,0.4887470556694542,0.3752245239845432,0.4309677136712834,1.0,0.9676871393097185,1.0,8.340838279548281,8.07132193418107
steady,2000.0,70.0,8,5,2279.582366589327,0.3249457075928837,0.32494570759288377,0.0,0.05,6.498914151857674,1.7852188577442747,0.5199239062167265,0.9665219294025232,0.4887470556694542,0.2230956651584648,0.26435320887728014,1.0,1.0,1.0,6.498914151857674,6.498914151857674
steady,2000.0,70.0,8,6,2350.638051044084,0.2251496290913279,0.22514962909132796,0.0,0.05,4.5029925818265575,1.7852188577442747,0.5199239062167265,0.9665219294025232,0.4887470556694542,0.13264505017947098,0.16215279434370164,1.0,1.0,1.0,4.5029925818265575,4.5029925818265575
steady,2000.0,70.0,8,7,2420.243619489559,0.1889735584471575,0.18897355844715757,0.0,0.05,3.7794711689431497,1.7852188577442747,0.5199239062167265,0.9665219294025232,0.4887470556694542,0.07886620891811974,0.09946362605220711,1.0,1.0,1.0,3.7794711689431497,3.7794711689431497
steady,2000.0,70.0,8,8,2489.8491879350345,0.1416892010433042,0.1416892010433042,0.0,0.05,2.833784020866084,1.7852188577442747,0.5199239062167265,0.9665219294025232,0.4887470556694542,0.04689114973156487,0.06101043739328912,1.0,1.0,1.0,2.833784020866084,2.833784020866084
steady,2000.0,80.0,1,1,1999.709976798144,5.551387982219954,,,0.05,111.02775964439908,,,,0.40543448826779266,,,1.0,1.0,1.0,111.02775964439908,111.02775964439908
steady,2000.0,80.0,2,1,1999.709976798144,2.2007728448832173,2.2007728448832173,0.0,0.05,44.01545689766434,2.2007728448832173,0.49983813236916813,1.0,0.40543448826779266,2.2007728448832173,2.2007728448832173,1.0,1.0,1.0,44.01545689766434,44.01545689766434
steady,2000.0,80.0,2,2,2079.4663573085845,1.3350522897468493,1.3350522897468493,0.0,0.05,26.701045794936984,2.2007728448832173,0.49983813236916813,1.0,0.40543448826779266,1.3350522897468493,1.4672268221520848,1.0,0.9099154061187582,1.0,26.701045794936984,24.295692928295647
steady,2000.0,80.0,3,1,1999.709976798144,1.6243055231314838,1.6243055231314838,0.0,0.05,32.486110462629675,1.631529169700842,0.835971279054867,0.9972133675389313,0.40543448826779266,1.631529169700842,1.6243055231314838,0.9955724686364739,1.0,1.0,32.34227718967741,32.486110462629675
steady,2000.0,80.0,3,2,2079.4663573085845,0.7405223495705203,0.7405223495705203,0.0,0.05,14.810446991410405,1.631529169700842,0.835971279054867,0.9972133675389313,0.40543448826779266,0.7071916583169314,1.0829035065791857,1.0,0.6838304106242828,1.0,14.810446991410405,10.127834047665353
steady,2000.0,80.0,3,3,2160.672853828306,0.2680866800174254,0.2680866800174254,0.0,0.05,5.361733600348508,1.631529169700842,0.835971279054867,0.9972133675389313,0.40543448826779266,0.3065345388122933,0.7219577769462345,0.8745725067594701,0.37133290696221743,1.0,4.689224795433273,1.9909881241744076
steady,2000.0,80.0,4,1,1999.709976798144,1.5896958392367682,1.5896958392367682,0.0,0.05,31.793916784735362,1.5793942856045393,0.6263220180122215,0.9890466653009884,0.40543448826779266,1.5793942856045393,1.5896958392367682,1.0,1.0,1.0,31.793916784735362,31.793916784735362
steady,2000.0,80.0,4,2,2079.4663573085845,0.8305550274569692,0.8305550274569692,0.0,0.05,16.611100549139383,1.5793942856045393,0.6263220180122215,0.9890466653009884,0.40543448826779266,0.8442719606625764,1.0598296774765614,0.9837529447325927,0.7836683998456321,1.0,16.341219080465056,13.01759458701896
steady,2000.0,80.0,4,3,2160.672853828306,0.3944769330807567,0.3944769330807567,0.0,0.05,7.889538661615134,1.5793942856045393,0.6263220180122215,0.9890466653009884,0.40543448826779266,0.4513091822971848,0.7065747531926312,0.8740724730501841,0.5582946904037084,1.0,6.89602856918298,4.404687544514509
steady,2000.0,80.0,4,4,2240.429234338747,0.3281283728535497,0.3281283728535497,0.0,0.05,6.562567457070993,1.5793942856045393,0.6263220180122215,0.9890466653009884,0.40543448826779266,0.24124925085266066,0.47106425915334754,1.0,0.6965681782848498,1.0,6.562567457070993,4.571275658443382
steady,2000.0,80.0,5,1,1999.709976798144,1.5819437479908165,1.5819437479908165,0.0,0.05,31.638874959816327,1.5579907301258031,0.6473637606100472,0.984926392505932,0.40543448826779266,1.5579907301258031,1.5819437479908165,1.0,1.0,1.0,31.638874959816327,31.638874959816327
steady,2000.0,80.0,5,2,2079.4663573085845,0.7689488626254798,0.7689488626254798,0.0,0.05,15.378977252509594,1.5579907301258031,0.6473637606100472,0.984926392505932,0.40543448826779266,0.8154894751326103,1.0546614583983065,0.942929229712545,0.7290954424306614,1.0,14.501287174475623,11.21274222404956
steady,2000.0,80.0,5,3,2160.672853828306,0.3683588993279004,0.3683588993279004,0.0,0.05,7.367177986558008,1.5579907301258031,0.6473637606100472,0.984926392505932,0.40543448826779266,0.4268466244329718,0.7031291683054839,0.8629771872208966,0.523885106652071,1.0,6.357706536595537,3.8595548252127316
steady,2000.0,80.0,5,4,2240.429234338747,0.2883972057389539,0.28839720573895394,0.0,0.05,5.767944114779078,1.5579907301258031,0.6473637606100472,0.984926392505932,0.40543448826779266,0.22342169500126838,0.46876713222533306,1.0,0.6152248865441432,1.0,5.767944114779078,3.5485827636079166
steady,2000.0,80.0,5,5,2320.185614849188,0.2117171757335661,0.21171717573356613,0.0,0.05,4.2343435146713215,1.5579907301258031,0.6473637606100472,0.984926392505932,0.40543448826779266,0.11694423931207248,0.31252099067989836,1.0,0.6774494579483104,1.0,4.2343435146713215,2.86855371878103
steady,2000.0,80.0,6,1,1999.709976798144,2.1250299344619843,2.1250299344619843,0.0,0.05,42.50059868923968,2.0882827236222017,0.7785209802624373,0.980157603785824,0.40543448826779266,2.0882827236222017,2.1250299344619843,1.0,1.0,1.0,42.50059868923968,42.50059868923968
steady,2000.0,80.0,6,2,2079.4663573085845,0.862280782513785,0.862280782513785,0.0,0.05,17.2456156502757,2.0882827236222017,0.7785209802624373,0.980157603785824,0.40543448826779266,0.9586982393725203,1.41673000235704,0.8994287744579132,0.608641576785409,1.0,15.511202949099681,10.496398702018928
steady,2000.0,80.0,6,3,2160.672853828306,0.3881152656876532,0.3881152656876532,0.0,0.05,7.762305313753064,2.0882827236222017,0.7785209802624373,0.980157603785824,0.40543448826779266,0.44012350616096363,0.9445155887118092,0.8818326225587011,0.41091462155430347,1.0,6.845054051928206,3.189644750389799
steady,2000.0,80.0,6,4,2240.429234338747,0.3059882254488109,0.30598822544881094,0.0,0.05,6.119764508976218,2.0882827236222017,0.7785209802624373,0.980157603785824,0.40543448826779266,0.20205388173259245,0.6296963400474305,1.0,0.48592981408429814,1.0,6.119764508976218,2.9737760300864995
steady,2000.0,80.0,6,5,2320.185614849188,0.2299220237812648,0.22992202378126486,0.0,0.05,4.598440475625296,2.0882827236222017,0.7785209802624373,0.980157603785824,0.40543448826779266,0.09275980617194643,0.4198104143626946,1.0,0.5476806099017448,1.0,4.598440475625296,2.5184766842873314
steady,2000.0,80.0,6,6,2399.9419953596284,0.1567867291283423,0.15678672912834238,0.0,0.05,3.1357345825668457,2.0882827236222017,0.7785209802624373,0.980157603785824,0.40543448826779266,0.042584589651410466,0.2798821793915817,1.0,0.5601883244912953,1.0,3.1357345825668457,1.7566019018575325
steady,2000.0,80.0,7,1,1999.709976798144,2.0639265135512592,2.0639265135512592,0.0,0.05,41.27853027102518,2.027727098766888,0.5953443114675855,0.9883564779030966,0.40543448826779266,2.027727098766888,2.0639265135512592,1.0,1.0,1.0,41.27853027102518,41.27853027102518
steady,2000.0,80.0,7,2,2079.4663573085845,1.0649030886481898,1.0649030886481898,0.0,0.05,21.298061772963795,2.027727098766888,0.5953443114675855,0.9883564779030966,0.40543448826779266,1.1180333434950376,1.3759931410794637,0.9524788279741645,0.7739159861020641,1.0,20.28595291563391,16.48291047908595
steady,2000.0,80.0,7,3,2160.672853828306,0.5245509156815854,0.5245509156815854,0.0,0.05,10.491018313631708,2.027727098766888,0.5953443114675855,0.9883564779030966,0.40543448826779266,0.6164530512645652,0.9173568496099006,0.8509178673145413,0.5718068338451355,1.0,8.926994929393288,5.9988359657290795
steady,2000.0,80.0,7,4,2240.429234338747,0.3822139572884602,0.38221395728846025,0.0,0.05,7.644279145769204,2.027727098766888,0.5953443114675855,0.9883564779030966,0.40543448826779266,0.33989537666689396,0.6115899595734995,1.0,0.624951327773599,1.0,7.644279145769204,4.777302402020497
steady,2000.0,80.0,7,5,2320.185614849188,0.2754376518062707,0.2754376518062707,0.0,0.05,5.508753036125414,2.027727098766888,0.5953443114675855,0.9883564779030966,0.40543448826779266,0.18740902789359026,0.4077391244314287,1.0,0.6755242146319768,1.0,5.508753036125414,3.721296068330138
steady,2000.0,80.0,7,6,2399.9419953596284,0.1716691774692034,0.17166917746920346,0.0,0.05,3.433383549384068,2.027727098766888,0.5953443114675855,0.9883564779030966,0.40543448826779266,0.10333221969783098,0.27183440635298467,1.0,0.6315211520586034,1.0,3.433383549384068,2.1682543345660834
steady,2000.0,80.0,7,7,2479.6983758700694,0.1396352448104795,0.1396352448104795,0.0,0.05,2.79270489620959,2.027727098766888,0.5953443114675855,0.9883564779030966,0.40543448826779266,0.0569745638600903,0.1812284866710324,1.0,0.7704928037276318,1.0,2.79270489620959,2.151759025464412
steady,2000.0,80.0,8,1,1999.709976798144,1.9069150800284087,1.9069150800284091,0.0,0.05,38.13830160056817,1.81984211330248,0.518730248189953,0.964645681764429,0.40543448826779266,1.81984211330248,1.9069150800284087,1.0,1.0,1.0,38.13830160056817,38.13830160056817
steady,2000.0,80.0,8,2,2079.4663573085845,0.9439803271302856,0.9439803271302855,0.0,0.05,18.87960654260571,1.81984211330248,0.518730248189953,0.964645681764429,0.40543448826779266,1.0833081900319999,1.271315646905139,0.8713866800013774,0.7425223857098661,1.0,16.451437664893472,14.018530491279188
steady,2000.0,80.0,8,3,2160.672853828306,0.5233578963248117,0.5233578963248117,0.0,0.05,10.467157926496233,1.81984211330248,0.518730248189953,0.964645681764429,0.40543448826779266,0.6448672805250927,0.8475697166555279,0.8115745861670324,0.6174806461820727,1.0,8.494879362541154,6.4632674401426975
steady,2000.0,80.0,8,4,2240.429234338747,0.4345197307109068,0.4345197307109068,0.0,0.05,8.690394614218135,1.81984211330248,0.518730248189953,0.964645681764429,0.40543448826779266,0.38387396432361925,0.5650637796681933,1.0,0.768974665065345,1.0,8.690394614218135,6.682693287754068
steady,2000.0,80.0,8,5,2320.185614849188,0.3417088779859925,0.34170887798599253,0.0,0.05,6.8341775597198495,1.81984211330248,0.518730248189953,0.964645681764429,0.40543448826779266,0.228510927652496,0.37672072139721596,1.0,0.9070615407579165,1.0,6.8341775597198495,6.199019627132664
steady,2000.0,80.0,8,6,2399.9419953596284,0.224253106326291,0.224253106326291,0.0,0.05,4.48506212652582,1.81984211330248,0.518730248189953,0.964645681764429,0.40543448826779266,0.136027052912042,0.25115483780144904,1.0,0.8928878626800522,1.0,4.48506212652582,4.004657536140889
steady,2000.0,80.0,8,7,2479.6983758700694,0.1899602193877399,0.18996021938773994,0.0,0.05,3.799204387754798,1.81984211330248,0.518730248189953,0.964645681764429,0.40543448826779266,0.08097362920023733,0.16744168549348704,1.0,1.0,1.0,3.799204387754798,3.799204387754798
steady,2000.0,80.0,8,8,2559.4547563805104,0.1456808635544653,0.14568086355446538,0.0,0.05,2.913617271089306,1.81984211330248,0.518730248189953,0.964645681764429,0.40543448826779266,0.04820165169716091,0.11163120840644247,1.0,1.0,1.0,2.913617271089306,2.913617271089306
steady,2000.0,90.0,1,1,1999.709976798144,5.551387982219954,,,0.05,111.02775964439908,,,,0.396741814895877,,,1.0,1.0,1.0,111.02775964439908,111.02775964439908
steady,2000.0,90.0,2,1,1999.709976798144,2.199812297185495,2.199812297185495,0.0,0.05,43.996245943709894,2.199812297185495,0.5155709776625587,1.0,0.396741814895877,2.199812297185495,2.199812297185495,1.0,1.0,1.0,43.996245943709894,43.996245943709894
steady,2000.0,90.0,2,2,2089.6171693735496,1.313638882983918,1.313638882983918,0.0,0.05,26.27277765967836,2.199812297185495,0.5155709776625587,1.0,0.396741814895877,1.313638882983918,1.4793905647064245,1.0,0.8879594843465838,1.0,26.27277765967836,23.329162103040446
steady,2000.0,90.0,3,1,1999.709976798144,1.958728298726607,1.958728298726607,0.0,0.05,39.174565974532136,1.931015506488259,0.6374730791134546,0.9777092898893631,0.396741814895877,1.931015506488259,1.958728298726607,1.0,1.0,1.0,39.174565974532136,39.174565974532136
steady,2000.0,90.0,3,2,2089.6171693735496,0.9159379790252784,0.9159379790252785,0.0,0.05,18.318759580505567,1.931015506488259,0.6374730791134546,0.9777092898893631,0.396741814895877,1.0207860365533117,1.31725973514515,0.8972869398938359,0.6953358966250877,1.0,16.43718372664273,12.737691117970254
steady,2000.0,90.0,3,3,2179.524361948956,0.6387846289183835,0.6387846289183835,0.0,0.05,12.77569257836767,1.931015506488259,0.6374730791134546,0.9777092898893631,0.396741814895877,0.5396145856525024,0.8858672287334228,1.0,0.7210839369593702,1.0,12.77569257836767,9.212346701791967
steady,2000.0,90.0,4,1,1999.709976798144,1.85035427260245,1.85035427260245,0.0,0.05,37.007085452049,1.7945880828835736,0.35195605689527437,0.9687526640875891,0.396741814895877,1.7945880828835736,1.85035427260245,1.0,1.0,1.0,37.007085452049,37.007085452049
steady,2000.0,90.0,4,2,2089.6171693735496,1.1432128832758162,1.1432128832758162,0.0,0.05,22.864257665516323,1.7945880828835736,0.35195605689527437,0.9687526640875891,0.396741814895877,1.262153587556336,1.2443773751763232,0.9057636840292933,0.9187027232103344,1.0,20.709614255713074,21.00545578149261
steady,2000.0,90.0,4,3,2179.524361948956,0.8876989535118547,0.8876989535118547,0.0,0.05,17.753979070237094,1.7945880828835736,0.35195605689527437,0.9687526640875891,0.396741814895877,0.8876865358548578,0.8368532852213468,1.0,1.0,1.0,17.753979070237094,17.753979070237094
steady,2000.0,90.0,4,4,2269.4315545243617,0.7044598757395143,0.7044598757395143,0.0,0.05,14.089197514790285,1.7945880828835736,0.35195605689527437,0.9687526640875891,0.396741814895877,0.6243197291572298,0.5627902234131571,1.0,1.0,1.0,14.089197514790285,14.089197514790285
steady,2000.0,90.0,5,1,1999.709976798144,1.890106744077669,1.890106744077669,0.0,0.05,37.80213488155338,1.7969614945632495,0.34791935524100887,0.9547432871059934,0.396741814895877,1.7969614945632495,1.890106744077669,1.0,1.0,1.0,37.80213488155338,37.80213488155338
steady,2000.0,90.0,5,2,2089.6171693735496,1.1022340898552891,1.1022340898552891,0.0,0.05,22.04468179710578,1.7969614945632495,0.34791935524100887,0.9547432871059934,0.396741814895877,1.2689348207282274,1.271111215740558,0.8686293983348408,0.8671421321800863,1.0,19.148658685903012,19.115872376773844
steady,2000.0,90.0,5,3,2179.524361948956,0.8597820253794656,0.8597820253794656,0.0,0.05,17.19564050758931,1.7969614945632495,0.34791935524100887,0.9547432871059934,0.396741814895877,0.8960657109950682,0.8548319971049454,0.9595077847858835,1.0,1.0,16.499350931411424,17.19564050758931
steady,2000.0,90.0,5,4,2269.4315545243617,0.6803423620611319,0.6803423620611319,0.0,0.05,13.606847241222637,1.7969614945632495,0.34791935524100887,0.9547432871059934,0.396741814895877,0.6327620184307831,0.5748810444164766,1.0,1.0,1.0,13.606847241222637,13.606847241222637
steady,2000.0,90.0,5,5,2359.338747099768,0.5510284258117885,0.5510284258117885,0.0,0.05,11.020568516235768,1.7969614945632495,0.34791935524100887,0.9547432871059934,0.396741814895877,0.44682858305555934,0.38661189139929414,1.0,1.0,1.0,11.020568516235768,11.020568516235768
steady,2000.0,90.0,6,1,1999.709976798144,2.271399391383645,2.271399391383645,0.0,0.05,45.4279878276729,2.1351208724663766,0.3988199555984863,0.9494331820625975,0.396741814895877,2.1351208724663766,2.271399391383645,1.0,1.0,1.0,45.4279878276729,45.4279878276729
steady,2000.0,90.0,6,2,2089.6171693735496,1.2055501737921572,1.2055501737921572,0.0,0.05,24.111003475843145,2.1351208724663766,0.3988199555984863,0.9494331820625975,0.396741814895877,1.432904214849276,1.5275334320987888,0.8413333991895378,0.7892136096397999,1.0,20.285392512201874,19.02873208520793
steady,2000.0,90.0,6,3,2179.524361948956,0.876101205361009,0.876101205361009,0.0,0.05,17.52202410722018,2.1351208724663766,0.3988199555984863,0.9494331820625975,0.396741814895877,0.9616385261416408,1.0272778953058173,0.9110504431183397,0.8528375908450717,1.0,15.963447827213175,14.943440826330926
steady,2000.0,90.0,6,4,2269.4315545243617,0.6816684815519505,0.6816684815519505,0.0,0.05,13.63336963103901,2.1351208724663766,0.3988199555984863,0.9494331820625975,0.396741814895877,0.6453666933048553,0.6908522275247335,1.0,0.9867066420185289,1.0,13.63336963103901,13.452136368039891
steady,2000.0,90.0,6,5,2359.338747099768,0.5443342445561878,0.5443342445561878,0.0,0.05,10.886684891123757,2.1351208724663766,0.3988199555984863,0.9494331820625975,0.396741814895877,0.43311302272627195,0.4646033974417433,1.0,1.0,1.0,10.886684891123757,10.886684891123757
steady,2000.0,90.0,6,6,2450.6960556844547,0.4470732359783862,0.4470732359783862,0.0,0.05,8.941464719567724,2.1351208724663766,0.3988199555984863,0.9494331820625975,0.396741814895877,0.29066713916467446,0.31244933187493057,1.0,1.0,1.0,8.941464719567724,8.941464719567724
steady,2000.0,90.0,7,1,1999.709976798144,2.244493995258772,2.2444939952587717,0.0,0.05,44.88987990517544,2.0876211720847277,0.31930436816047036,0.9546922591577736,0.396741814895877,2.0876211720847277,2.244493995258772,1.0,1.0,1.0,44.88987990517544,44.88987990517544
steady,2000.0,90.0,7,2,2089.6171693735496,1.304210885430081,1.304210885430081,0.0,0.05,26.084217708601617,2.0876211720847277,0.31930436816047036,0.9546922591577736,0.396741814895877,1.5169789958226183,1.5094393477908903,0.8597422172762789,0.8640366287912347,1.0,22.42570316871033,22.537719533596764
steady,2000.0,90.0,7,3,2179.524361948956,1.003761935054382,1.003761935054382,0.0,0.05,20.07523870108764,2.0876211720847277,0.31930436816047036,0.9546922591577736,0.396741814895877,1.1023193788885381,1.0151094854663252,0.9105908453378267,0.9888213531895722,1.0,18.280328579182047,19.85082469801315
steady,2000.0,90.0,7,4,2269.4315545243617,0.7912465318061651,0.7912465318061651,0.0,0.05,15.824930636123302,2.0876211720847277,0.31930436816047036,0.9546922591577736,0.396741814895877,0.8010051664652689,0.6826688790058361,0.9878170140872282,1.0,1.0,15.632135729112822,15.824930636123302
steady,2000.0,90.0,7,5,2359.338747099768,0.6379215486441036,0.6379215486441036,0.0,0.05,12.75843097288207,2.0876211720847277,0.31930436816047036,0.9546922591577736,0.396741814895877,0.582053884738,0.4591000330855887,1.0,1.0,1.0,12.75843097288207,12.75843097288207
steady,2000.0,90.0,7,6,2450.6960556844547,0.5218833049023708,0.5218833049023708,0.0,0.05,10.437666098047416,2.0876211720847277,0.31930436816047036,0.9546922591577736,0.396741814895877,0.4229519844842182,0.30874827732902527,1.0,1.0,1.0,10.437666098047416,10.437666098047416
steady,2000.0,90.0,7,7,2540.6032482598607,0.4289350381048963,0.4289350381048963,0.0,0.05,8.578700762097926,2.0876211720847277,0.31930436816047036,0.9546922591577736,0.396741814895877,0.3073398973355559,0.20763557369613483,1.0,1.0,1.0,8.578700762097926,8.578700762097926
steady,2000.0,90.0,8,1,1999.709976798144,2.2980599339578025,2.2980599339578025,0.0,0.05,45.96119867915605,2.0937677675690316,0.2540867964768095,0.9465413383820518,0.396741814895877,2.0937677675690316,2.2980599339578025,1.0,1.0,1.0,45.96119867915605,45.96119867915605
steady,2000.0,90.0,8,2,2089.6171693735496,1.375706627536403,1.375706627536403,0.0,0.05,27.514132550728057,2.0937677675690316,0.2540867964768095,0.9465413383820518,0.396741814895877,1.623977531046938,1.5454628505244539,0.8471217127305444,0.8901583283412836,1.0,23.307819090667973,24.491934237116585
steady,2000.0,90.0,8,3,2179.524361948956,1.1468917411837607,1.1468917411837607,0.0,0.05,22.937834823675214,2.0937677675690316,0.2540867964768095,0.9465413383820518,0.396741814895877,1.2595967242381179,1.0393355660823371,0.910522962718462,1.0,1.0,20.885425321999467,22.937834823675214
steady,2000.0,90.0,8,4,2269.4315545243617,0.9599614896577754,0.9599614896577754,0.0,0.05,19.199229793155506,2.0937677675690316,0.2540867964768095,0.9465413383820518,0.396741814895877,0.9769740512903311,0.6989611031783256,0.9825864754441671,1.0,1.0,18.864903533699316,19.199229793155506
steady,2000.0,90.0,8,5,2359.338747099768,0.794653877598954,0.794653877598954,0.0,0.05,15.89307755197908,2.0937677675690316,0.2540867964768095,0.9465413383820518,0.396741814895877,0.7577649882123744,0.47005667822740393,1.0,1.0,1.0,15.89307755197908,15.89307755197908
steady,2000.0,90.0,8,6,2450.6960556844547,0.6560238953749701,0.6560238953749701,0.0,0.05,13.120477907499401,2.0937677675690316,0.2540867964768095,0.9465413383820518,0.396741814895877,0.587741073165781,0.31611670483730697,1.0,1.0,1.0,13.120477907499401,13.120477907499401
steady,2000.0,90.0,8,7,2540.6032482598607,0.5372580594861089,0.5372580594861089,0.0,0.05,10.745161189722179,2.0937677675690316,0.2540867964768095,0.9465413383820518,0.396741814895877,0.4558663628692876,0.21259089745099427,1.0,1.0,1.0,10.745161189722179,10.745161189722179
steady,2000.0,90.0,8,8,2630.5104408352668,0.4351471454117845,0.4351471454117845,0.0,0.05,8.70294290823569,2.0937677675690316,0.2540867964768095,0.9465413383820518,0.396741814895877,0.3535811095799597,0.14296900159793585,1.0,1.0,1.0,8.70294290823569,8.70294290823569
steady,2000.0,100.0,1,1,1999.709976798144,5.551387982219954,,,0.05,111.02775964439908,,,,0.39305674204113256,,,1.0,1.0,1.0,111.02775964439908,111.02775964439908
steady,2000.0,100.0,2,1,1999.709976798144,2.184525990292413,2.1845259902924132,0.0,0.05,43.690519805848254,2.184525990292413,0.5150984383226623,1.0,0.39305674204113256,2.184525990292413,2.184525990292413,1.0,1.0,1.0,43.690519805848254,43.690519805848254
steady,2000.0,100.0,2,2,2099.767981438515,1.3051270973127744,1.3051270973127744,0.0,0.05,26.10254194625549,2.184525990292413,0.5150984383226623,1.0,0.39305674204113256,1.3051270973127744,1.4745341728439643,1.0,0.8851114618764983,1.0,26.10254194625549,23.10365906074281
steady,2000.0,100.0,3,1,1999.709976798144,1.971819831846288,1.971819831846288,0.0,0.05,39.43639663692576,1.9446365168238375,0.6375024655671255,0.978856601664752,0.39305674204113256,1.9446365168238375,1.971819831846288,1.0,1.0,1.0,39.43639663692576,39.43639663692576
steady,2000.0,100.0,3,2,2099.767981438515,0.9251083752103508,0.9251083752103509,0.0,0.05,18.502167504207016,1.9446365168238375,0.6375024655671255,0.978856601664752,0.39305674204113256,1.0279562556197768,1.3309595480526197,0.899949166273212,0.6950687393647041,1.0,16.65101021965842,12.860278242663766
steady,2000.0,100.0,3,3,2199.825986078886,0.6406700452289084,0.6406700452289084,0.0,0.05,12.813400904578167,1.9446365168238375,0.6375024655671255,0.978856601664752,0.39305674204113256,0.5433889852041468,0.8983849791660509,1.0,0.7131353040025523,1.0,12.813400904578167,9.13768854939293
steady,2000.0,100.0,4,1,1999.709976798144,1.8561996917455463,1.8561996917455463,0.0,0.05,37.12399383491093,1.8036306427495146,0.35779067536797704,0.9726851571865992,0.39305674204113256,1.8036306427495146,1.8561996917455463,1.0,1.0,1.0,37.12399383491093,37.12399383491093
steady,2000.0,100.0,4,2,2099.767981438515,1.1468980646346425,1.1468980646346425,0.0,0.05,22.937961292692847,1.8036306427495146,0.35779067536797704,0.9726851571865992,0.39305674204113256,1.2611335782976163,1.2529170581004951,0.9094183870536708,0.9153822730879054,1.0,20.860203761100262,20.997003148107567
steady,2000.0,100.0,4,3,2199.825986078886,0.8859909769514956,0.8859909769514956,0.0,0.05,17.719819539029913,1.8036306427495146,0.35779067536797704,0.9726851571865992,0.39305674204113256,0.8818090936208551,0.8457070440535299,1.0,1.0,1.0,17.719819539029913,17.719819539029913
steady,2000.0,100.0,4,4,2299.8839907192573,0.6904753770007821,0.6904753770007821,0.0,0.05,13.809507540015641,1.8036306427495146,0.35779067536797704,0.9726851571865992,0.39305674204113256,0.6165780461115679,0.5708441749895883,1.0,1.0,1.0,13.809507540015641,13.809507540015641
steady,2000.0,100.0,5,1,1999.709976798144,1.944313987805138,1.944313987805138,0.0,0.05,38.88627975610276,1.8508755498910718,0.3511213779961788,0.9571778076516482,0.39305674204113256,1.8508755498910718,1.944313987805138,1.0,1.0,1.0,38.88627975610276,38.88627975610276
steady,2000.0,100.0,5,2,2099.767981438515,1.133881230339019,1.1338812303390193,0.0,0.05,22.67762460678038,1.8508755498910718,0.3511213779961788,0.9571778076516482,0.39305674204113256,1.3028281732614444,1.312393366111171,0.8703229279272563,0.8639797027463559,1.0,19.736856646208295,19.59300736675956
steady,2000.0,100.0,5,3,2199.825986078886,0.8816162907974907,0.8816162907974907,0.0,0.05,17.632325815949812,1.8508755498910718,0.3511213779961788,0.9571778076516482,0.39305674204113256,0.9170585505565978,0.8858529837338336,0.9613522389191008,0.9952173859385951,1.0,16.950875900514415,17.547997206567178
steady,2000.0,100.0,5,4,2299.8839907192573,0.6975067367970722,0.6975067367970722,0.0,0.05,13.950134735941443,1.8508755498910718,0.3511213779961788,0.9571778076516482,0.39305674204113256,0.6455159647366648,0.5979423007260628,1.0,1.0,1.0,13.950134735941443,13.950134735941443
steady,2000.0,100.0,5,5,2399.9419953596284,0.5558519468443198,0.5558519468443198,0.0,0.05,11.117038936886395,1.8508755498910718,0.3511213779961788,0.9571778076516482,0.39305674204113256,0.4543775972395672,0.40360534034731377,1.0,1.0,1.0,11.117038936886395,11.117038936886395
steady,2000.0,100.0,6,1,1999.709976798144,2.296126503807219,2.296126503807219,0.0,0.05,45.92253007614438,2.144891001079297,0.37003511593407573,0.9410171145991497,0.39305674204113256,2.144891001079297,2.296126503807219,1.0,1.0,1.0,45.92253007614438,45.92253007614438
steady,2000.0,100.0,6,2,2099.767981438515,1.2438917552005897,1.2438917552005897,0.0,0.05,24.877835104011794,2.144891001079297,0.37003511593407573,0.9410171145991497,0.39305674204113256,1.4814978248271942,1.5498634532534363,0.8396176723011257,0.8025815129645401,1.0,20.887870001921616,19.96649053706013
steady,2000.0,100.0,6,3,2199.825986078886,0.922757726270677,0.922757726270677,0.0,0.05,18.455154525413537,2.144891001079297,0.37003511593407573,0.9410171145991497,0.39305674204113256,1.0232854741165305,1.0461430238045555,0.9017598212926401,0.8820569513667857,1.0,16.64211684676497,16.278497337689203
steady,2000.0,100.0,6,4,2299.8839907192573,0.7356180467190223,0.7356180467190223,0.0,0.05,14.712360934380445,2.144891001079297,0.37003511593407573,0.9410171145991497,0.39305674204113256,0.7067935868620195,0.706136546389018,1.0,1.0,1.0,14.712360934380445,14.712360934380445
steady,2000.0,100.0,6,5,2399.9419953596284,0.59879464068414,0.59879464068414,0.0,0.05,11.9758928136828,2.144891001079297,0.37003511593407573,0.9410171145991497,0.39305674204113256,0.48818945159030974,0.4766354224997112,1.0,1.0,1.0,11.9758928136828,11.9758928136828
steady,2000.0,100.0,6,6,2500.0,0.5036534738112809,0.5036534738112809,0.0,0.05,10.073069476225617,2.144891001079297,0.37003511593407573,0.9410171145991497,0.39305674204113256,0.33719737285982765,0.32172435649056697,1.0,1.0,1.0,10.073069476225617,10.073069476225617
steady,2000.0,100.0,7,1,1999.709976798144,2.2853389697542887,2.2853389697542887,0.0,0.05,45.706779395085775,2.096718306698753,0.2929278680566432,0.9351527790234496,0.39305674204113256,2.096718306698753,2.2853389697542887,1.0,1.0,1.0,45.706779395085775,45.706779395085775
steady,2000.0,100.0,7,2,2099.767981438515,1.3336580566207117,1.3336580566207117,0.0,0.05,26.673161132414233,2.096718306698753,0.2929278680566432,0.9351527790234496,0.39305674204113256,1.5643111123335331,1.5425819708300412,0.8525529519708206,0.8645621962657125,1.0,22.74028226183311,23.06060676998929
steady,2000.0,100.0,7,3,2199.825986078886,1.035875148642759,1.035875148642759,0.0,0.05,20.71750297285518,2.096718306698753,0.2929278680566432,0.9351527790234496,0.39305674204113256,1.1670949065270693,1.0412280927348538,0.8875671917078436,0.9948590091552035,1.0,18.388175932815972,20.610994479744686
steady,2000.0,100.0,7,4,2299.8839907192573,0.8418397416678637,0.8418397416678637,0.0,0.05,16.836794833357274,2.096718306698753,0.2929278680566432,0.9351527790234496,0.39305674204113256,0.8707414465716634,0.7028190148734157,0.9668079370545719,1.0,1.0,16.27794687944922,16.836794833357274
steady,2000.0,100.0,7,5,2399.9419953596284,0.6988372593249969,0.6988372593249969,0.0,0.05,13.976745186499937,2.096718306698753,0.2929278680566432,0.9351527790234496,0.39305674204113256,0.6496392560172035,0.4743961204218322,1.0,1.0,1.0,13.976745186499937,13.976745186499937
steady,2000.0,100.0,7,6,2500.0,0.5988020557738347,0.5988020557738347,0.0,0.05,11.976041115476693,2.096718306698753,0.2929278680566432,0.9351527790234496,0.39305674204113256,0.4846802281207959,0.3202128489819238,1.0,1.0,1.0,11.976041115476693,11.976041115476693
steady,2000.0,100.0,7,7,2600.058004640371,0.5174869357050996,0.5174869357050996,0.0,0.05,10.349738714101992,2.096718306698753,0.2929278680566432,0.9351527790234496,0.39305674204113256,0.3616082639023985,0.21614061380170083,1.0,1.0,1.0,10.349738714101992,10.349738714101992
steady,2000.0,100.0,8,1,1999.709976798144,2.309570617534773,2.3095706175347726,0.0,0.05,46.19141235069546,2.060980550243614,0.2374640818689494,0.9178361436783425,0.39305674204113256,2.060980550243614,2.309570617534773,1.0,1.0,1.0,46.19141235069546,46.19141235069546
steady,2000.0,100.0,8,2,2099.767981438515,1.3547506054633571,1.3547506054633571,0.0,0.05,27.09501210926714,2.060980550243614,0.2374640818689494,0.9178361436783425,0.39305674204113256,1.6253412324655485,1.5589381015766752,0.8335176505725379,0.8690214217570233,1.0,22.58417083555081,23.546145945719097
steady,2000.0,100.0,8,3,2199.825986078886,1.1344901416156998,1.1344901416156998,0.0,0.05,22.689802832313994,2.060980550243614,0.2374640818689494,0.9178361436783425,0.39305674204113256,1.281785081203395,1.0522683247250384,0.8850860867803139,1.0,1.0,20.082428798669675,22.689802832313994
steady,2000.0,100.0,8,4,2299.8839907192573,0.9644786629492796,0.9644786629492795,0.0,0.05,19.28957325898559,2.060980550243614,0.2374640818689494,0.9178361436783425,0.39305674204113256,1.0108480370631456,0.7102710659902225,0.9541282443911305,1.0,1.0,18.40472666865002,19.28957325898559
steady,2000.0,100.0,8,5,2399.9419953596284,0.8148065392736148,0.8148065392736148,0.0,0.05,16.296130785472293,2.060980550243614,0.2374640818689494,0.9178361436783425,0.39305674204113256,0.7971802519928631,0.4794261837300013,1.0,1.0,1.0,16.296130785472293,16.296130785472293
steady,2000.0,100.0,8,6,2500.0,0.6988822825059622,0.6988822825059622,0.0,0.05,13.977645650119243,2.060980550243614,0.2374640818689494,0.9178361436783425,0.39305674204113256,0.628676448750631,0.3236080936585372,1.0,1.0,1.0,13.977645650119243,13.977645650119243
steady,2000.0,100.0,8,7,2600.058004640371,0.603639549546207,0.603639549546207,0.0,0.05,12.07279099092414,2.060980550243614,0.2374640818689494,0.9178361436783425,0.39305674204113256,0.4957901004517648,0.21843237152080347,1.0,1.0,1.0,12.07279099092414,12.07279099092414
steady,2000.0,100.0,8,8,2700.116009280742,0.5226495096975305,0.5226495096975305,0.0,0.05,10.45299019395061,2.060980550243614,0.2374640818689494,0.9178361436783425,0.39305674204113256,0.39099257526580655,0.14743976390945118,1.0,1.0,1.0,10.45299019395061,10.45299019395061
steady,2500.0,10.0,1,1,2500.0,0.1182152471580841,,,0.05,2.364304943161682,,,,0.4970477954716243,,,1.0,1.0,1.0,2.364304943161682,2.364304943161682
steady,2500.0,10.0,2,1,2500.0,1.074902898982332,1.074902898982332,0.0,0.05,21.49805797964664,1.074902898982332,0.8560399227493819,1.0,0.4970477954716243,1.074902898982332,1.074902898982332,1.0,1.0,1.0,21.49805797964664,21.49805797964664
steady,2500.0,10.0,2,2,2510.150812064965,0.4566629937345312,0.45666299373453123,0.0,0.05,9.133259874690623,1.074902898982332,0.8560399227493819,1.0,0.4970477954716243,0.4566629937345312,0.6538891322168343,1.0,0.6983798494805056,1.0,9.133259874690623,6.378484656552779
steady,2500.0,10.0,3,1,2500.0,1.6066834463182844,1.6066834463182844,0.0,0.05,32.13366892636569,1.5860382877878823,0.617332807827423,0.9821238886697468,0.4970477954716243,1.5860382877878823,1.6066834463182844,1.0,1.0,1.0,32.13366892636569,32.13366892636569
steady,2500.0,10.0,3,2,2510.150812064965,0.7789279626816016,0.7789279626816016,0.0,0.05,15.578559253632031,1.5860382877878823,0.617332807827423,0.9821238886697468,0.4970477954716243,0.8554791618528723,0.9773839529643731,0.9105165823028706,0.7969518635119176,1.0,14.184536528819795,12.415361828012875
steady,2500.0,10.0,3,3,2520.30162412993,0.5323913271218725,0.5323913271218725,0.0,0.05,10.64782654243745,1.5860382877878823,0.617332807827423,0.9821238886697468,0.4970477954716243,0.46142933748795495,0.5945660258722941,1.0,0.8954284368011031,1.0,10.64782654243745,9.53436667622406
steady,2500.0,10.0,4,1,2500.0,1.954698453109757,1.9546984531097573,0.0,0.05,39.09396906219514,1.8995494778184117,0.46509632460206235,0.9717413986172659,0.4970477954716243,1.8995494778184117,1.954698453109757,1.0,1.0,1.0,39.09396906219514,39.09396906219514
steady,2500.0,10.0,4,2,2510.150812064965,1.0569532660599208,1.0569532660599208,0.0,0.05,21.139065321198416,1.8995494778184117,0.46509632460206235,0.9717413986172659,0.4970477954716243,1.1930587846146972,1.1890898019343201,0.8859188496745094,0.8888758984733955,1.0,18.727496432550414,18.790005680268038
steady,2500.0,10.0,4,3,2520.30162412993,0.7633283953178535,0.7633283953178535,0.0,0.05,15.266567906357068,1.8995494778184117,0.46509632460206235,0.9717413986172659,0.4970477954716243,0.7493299227883379,0.7233517552616631,1.0,1.0,1.0,15.266567906357068,15.266567906357068
steady,2500.0,10.0,4,4,2530.452436194895,0.5707853064883827,0.5707853064883827,0.0,0.05,11.415706129767653,1.8995494778184117,0.46509632460206235,0.9717413986172659,0.4970477954716243,0.4706350939508094,0.44003216661093714,1.0,1.0,1.0,11.415706129767653,11.415706129767653
steady,2500.0,10.0,5,1,2500.0,2.3780138679772564,2.3780138679772564,0.0,0.05,47.560277359545125,2.2660553827886205,0.379961459101021,0.9559830168896186,0.4970477954716243,2.2660553827886205,2.3780138679772564,1.0,1.0,1.0,47.560277359545125,47.560277359545125
steady,2500.0,10.0,5,2,2510.150812064965,1.3519781588976785,1.3519781588976785,0.0,0.05,27.039563177953568,2.2660553827886205,0.379961459101021,0.9559830168896186,0.4970477954716243,1.549727554169212,1.4466026894181858,0.8723973160704727,0.9345884455955459,1.0,23.589242344164674,25.270863320066184
steady,2500.0,10.0,5,3,2520.30162412993,0.9924286011952892,0.9924286011952892,0.0,0.05,19.84857202390578,2.2660553827886205,0.379961459101021,0.9559830168896186,0.4970477954716243,1.0598397154776498,0.8800030013331875,0.9363949913388746,1.0,1.0,18.586103428414283,19.84857202390578
steady,2500.0,10.0,5,4,2530.452436194895,0.7902807751577757,0.7902807751577757,0.0,0.05,15.805615503155513,2.2660553827886205,0.379961459101021,0.9559830168896186,0.4970477954716243,0.7248114157110087,0.5353268648123963,1.0,1.0,1.0,15.805615503155513,15.805615503155513
steady,2500.0,10.0,5,5,2540.6032482598607,0.650515553686972,0.650515553686972,0.0,0.05,13.01031107373944,2.2660553827886205,0.379961459101021,0.9559830168896186,0.4970477954716243,0.4956896601183044,0.325652130453776,1.0,1.0,1.0,13.01031107373944,13.01031107373944
steady,2500.0,10.0,6,1,2500.0,3.0017446129398437,3.0017446129398433,0.0,0.05,60.03489225879687,2.83594525031625,0.3652925691177273,0.9608199938570946,0.4970477954716243,2.83594525031625,3.0017446129398437,1.0,1.0,1.0,60.03489225879687,60.03489225879687
steady,2500.0,10.0,6,2,2510.150812064965,1.7037403129326556,1.7037403129326556,0.0,0.05,34.07480625865311,2.83594525031625,0.3652925691177273,0.9608199938570946,0.4970477954716243,1.9681277971888276,1.8260330137262513,0.8656654894901594,0.9330282093071023,1.0,29.497383839179292,31.792755465997555
steady,2500.0,10.0,6,3,2520.30162412993,1.2598922939505104,1.2598922939505104,0.0,0.05,25.197845879010206,2.83594525031625,0.3652925691177273,0.9608199938570946,0.4970477954716243,1.3658680560336598,1.11081953902552,0.9224114206236786,1.0,1.0,23.24278081391431,25.197845879010206
steady,2500.0,10.0,6,4,2530.452436194895,0.990864603782793,0.990864603782793,0.0,0.05,19.817292075655857,2.83594525031625,0.3652925691177273,0.9608199938570946,0.4970477954716243,0.9479036621289987,0.675738083049714,1.0,1.0,1.0,19.817292075655857,19.817292075655857
steady,2500.0,10.0,6,5,2540.6032482598607,0.7843357550043148,0.7843357550043148,0.0,0.05,15.686715100086296,2.83594525031625,0.3652925691177273,0.9608199938570946,0.4970477954716243,0.6578390560555171,0.41106763145729247,1.0,1.0,1.0,15.686715100086296,15.686715100086296
steady,2500.0,10.0,6,6,2549.303944315545,0.6119718705299448,0.6119718705299448,0.0,0.05,12.239437410598896,2.83594525031625,0.3652925691177273,0.9608199938570946,0.4970477954716243,0.4565360816309634,0.2500622680155751,1.0,1.0,1.0,12.239437410598896,12.239437410598896
steady,2500.0,10.0,7,1,2500.0,3.130447468556893,3.1304474685568935,0.0,0.05,62.60894937113786,2.8760849176999654,0.37962788368618083,0.9298205112210859,0.4970477954716243,2.8760849176999654,3.130447468556893,1.0,1.0,1.0,62.60894937113786,62.60894937113786
steady,2500.0,10.0,7,2,2510.150812064965,1.579640845836205,1.579640845836205,0.0,0.05,31.5928169167241,2.8760849176999654,0.37962788368618083,0.9298205112210859,0.4970477954716243,1.967575515571979,1.9043260378244624,0.8028361978152587,0.8295012589550139,1.0,25.36385701169636,26.206281406357903
steady,2500.0,10.0,7,3,2520.30162412993,1.1757901078832895,1.1757901078832897,0.0,0.05,23.51580215766579,2.8760849176999654,0.37962788368618083,0.9298205112210859,0.4970477954716243,1.3460497587026397,1.1584470574131622,0.8735116219006264,1.0,1.0,20.541326483036894,23.51580215766579
steady,2500.0,10.0,7,4,2530.452436194895,0.9500311045323402,0.9500311045323402,0.0,0.05,19.000622090646804,2.8760849176999654,0.37962788368618083,0.9298205112210859,0.4970477954716243,0.9208540859366838,0.7047110411630668,1.0,1.0,1.0,19.000622090646804,19.000622090646804
steady,2500.0,10.0,7,5,2540.6032482598607,0.7732562292802806,0.7732562292802806,0.0,0.05,15.465124585605611,2.8760849176999654,0.37962788368618083,0.9298205112210859,0.4970477954716243,0.6299709517451902,0.42869257456278725,1.0,1.0,1.0,15.465124585605611,15.465124585605611
steady,2500.0,10.0,7,6,2549.303944315545,0.6227893658107645,0.6227893658107645,0.0,0.05,12.45578731621529,2.8760849176999654,0.37962788368618083,0.9298205112210859,0.4970477954716243,0.4309731651340345,0.2607839422835803,1.0,1.0,1.0,12.45578731621529,12.45578731621529
steady,2500.0,10.0,7,7,2559.4547563805104,0.5020678665808664,0.5020678665808664,0.0,0.05,10.041357331617329,2.8760849176999654,0.37962788368618083,0.9298205112210859,0.4970477954716243,0.2948356087706957,0.15864110691053052,1.0,1.0,1.0,10.041357331617329,10.041357331617329
steady,2500.0,10.0,8,1,2500.0,2.83425398707178,2.8342539870717802,0.0,0.05,56.685079741435594,2.604146188009774,0.3111463477252127,0.948547736263526,0.4970477954716243,2.604146188009774,2.83425398707178,1.0,1.0,1.0,56.685079741435594,56.685079741435594
steady,2500.0,10.0,8,2,2510.150812064965,1.6433042099210016,1.6433042099210016,0.0,0.05,32.866084198420026,2.604146188009774,0.3111463477252127,0.948547736263526,0.4970477954716243,1.9078148219562105,1.7241444616467922,0.8613541476923906,0.9531128315961545,1.0,28.30933794271643,31.32508657383374
steady,2500.0,10.0,8,3,2520.30162412993,1.2167327836183672,1.2167327836183672,0.0,0.05,24.334655672367344,2.604146188009774,0.3111463477252127,0.948547736263526,0.4970477954716243,1.3976778306971704,1.048838296845279,0.8705388015000949,1.0,1.0,21.184261983940154,24.334655672367344
steady,2500.0,10.0,8,4,2530.452436194895,0.9706630003508284,0.9706630003508283,0.0,0.05,19.413260007016568,2.604146188009774,0.3111463477252127,0.948547736263526,0.4970477954716243,1.0239480771091247,0.6380334115846633,0.9479611535491779,1.0,1.0,18.403016350401547,19.413260007016568
steady,2500.0,10.0,8,5,2540.6032482598607,0.8048669564286506,0.8048669564286506,0.0,0.05,16.09733912857301,2.604146188009774,0.3111463477252127,0.948547736263526,0.4970477954716243,0.7501511733161642,0.3881309783622597,1.0,1.0,1.0,16.09733912857301,16.09733912857301
steady,2500.0,10.0,8,6,2549.303944315545,0.6701722134107385,0.6701722134107385,0.0,0.05,13.40344426821477,2.604146188009774,0.3111463477252127,0.948547736263526,0.4970477954716243,0.5495657401070023,0.23610935356863388,1.0,1.0,1.0,13.40344426821477,13.40344426821477
steady,2500.0,10.0,8,7,2559.4547563805104,0.5522110767694791,0.5522110767694791,0.0,0.05,11.044221535389582,2.604146188009774,0.3111463477252127,0.948547736263526,0.4970477954716243,0.40261551730195666,0.14363096467545147,1.0,1.0,1.0,11.044221535389582,11.044221535389582
steady,2500.0,10.0,8,8,2569.6055684454755,0.4485774189619749,0.4485774189619749,0.0,0.05,8.971548379239497,2.604146188009774,0.3111463477252127,0.948547736263526,0.4970477954716243,0.29495880645827893,0.08737414973949334,1.0,1.0,1.0,8.971548379239497,8.971548379239497
steady,2500.0,20.0,1,1,2500.0,0.1182152471580841,,,0.05,2.364304943161682,,,,0.6827223356407702,,,1.0,1.0,1.0,2.364304943161682,2.364304943161682
steady,2500.0,20.0,2,1,2500.0,1.050859583264585,1.050859583264585,0.0,0.05,21.0171916652917,1.050859583264585,0.877620238659079,1.0,0.6827223356407702,1.050859583264585,1.050859583264585,1.0,1.0,1.0,21.0171916652917,21.0171916652917
steady,2500.0,20.0,2,2,2520.30162412993,0.4369171199786033,0.4369171199786033,0.0,0.05,8.738342399572065,1.050859583264585,0.877620238659079,1.0,0.6827223356407702,0.4369171199786033,0.5309359663685332,1.0,0.8229186712797121,1.0,8.738342399572065,7.190945116643015
steady,2500.0,20.0,3,1,2500.0,1.6901447448354243,1.6901447448354245,0.0,0.05,33.80289489670849,1.6669811664571537,0.5617544385298805,0.9807077248001429,0.6827223356407702,1.6669811664571537,1.6901447448354243,1.0,1.0,1.0,33.80289489670849,33.80289489670849
steady,2500.0,20.0,3,2,2520.30162412993,0.8692802900365824,0.8692802900365824,0.0,0.05,17.385605800731646,1.6669811664571537,0.5617544385298805,0.9807077248001429,0.6827223356407702,0.9505256489825904,0.8539282009630371,0.9145258636282249,1.0,1.0,15.899586159613985,17.385605800731646
steady,2500.0,20.0,3,3,2540.6032482598607,0.6132383722434049,0.6132383722434049,0.0,0.05,12.264767444868099,1.6669811664571537,0.5617544385298805,0.9807077248001429,0.6827223356407702,0.5419971308338097,0.43143841651915643,1.0,1.0,1.0,12.264767444868099,12.264767444868099
steady,2500.0,20.0,4,1,2500.0,1.876289574044654,1.8762895740446541,0.0,0.05,37.525791480893076,1.8362848768275948,0.5111453143395496,0.9834621417496368,0.6827223356407702,1.8362848768275948,1.876289574044654,1.0,1.0,1.0,37.525791480893076,37.525791480893076
steady,2500.0,20.0,4,2,2520.30162412993,0.9911543525425168,0.9911543525425167,0.0,0.05,19.823087050850337,1.8362848768275948,0.5111453143395496,0.9834621417496368,0.6827223356407702,1.101418756612894,0.9479759561100006,0.899888754019893,1.0,1.0,17.838573107017584,19.823087050850337
steady,2500.0,20.0,4,3,2540.6032482598607,0.694720123116126,0.694720123116126,0.0,0.05,13.89440246232252,1.8362848768275948,0.5111453143395496,0.9834621417496368,0.6827223356407702,0.6606400198179007,0.4789550748424522,1.0,1.0,1.0,13.89440246232252,13.89440246232252
steady,2500.0,20.0,4,4,2559.4547563805104,0.4605402474585408,0.4605402474585408,0.0,0.05,9.210804949170814,1.8362848768275948,0.5111453143395496,0.9834621417496368,0.6827223356407702,0.39625731191210295,0.24198711184476523,1.0,1.0,1.0,9.210804949170814,9.210804949170814
steady,2500.0,20.0,5,1,2500.0,2.2045928307039007,2.2045928307039007,0.0,0.05,44.09185661407801,2.1454275922970125,0.45332006312433654,0.986094151973808,0.6827223356407702,2.1454275922970125,2.2045928307039007,1.0,1.0,1.0,44.09185661407801,44.09185661407801
steady,2500.0,20.0,5,2,2520.30162412993,1.2314001320451704,1.2314001320451704,0.0,0.05,24.628002640903407,2.1454275922970125,0.45332006312433654,0.986094151973808,0.6827223356407702,1.363450764650381,1.11384779057033,0.9031496875216676,1.0,1.0,22.242772889414717,24.628002640903407
steady,2500.0,20.0,5,3,2540.6032482598607,0.8696083201838724,0.8696083201838724,0.0,0.05,17.392166403677447,2.1454275922970125,0.45332006312433654,0.986094151973808,0.6827223356407702,0.8664929985520337,0.5627601084787518,1.0,1.0,1.0,17.392166403677447,17.392166403677447
steady,2500.0,20.0,5,4,2559.4547563805104,0.5996932518037332,0.5996932518037332,0.0,0.05,11.993865036074665,2.1454275922970125,0.45332006312433654,0.986094151973808,0.6827223356407702,0.5506690347797187,0.2843287407634532,1.0,1.0,1.0,11.993865036074665,11.993865036074665
steady,2500.0,20.0,5,5,2579.7563805104405,0.4168641777579058,0.4168641777579058,0.0,0.05,8.337283555158116,2.1454275922970125,0.45332006312433654,0.986094151973808,0.6827223356407702,0.34995826437369354,0.14365416383663834,1.0,1.0,1.0,8.337283555158116,8.337283555158116
steady,2500.0,20.0,6,1,2500.0,2.902292494822057,2.902292494822057,0.0,0.05,58.04584989644114,2.857055735306783,0.4338189748317736,0.9952178993394769,0.6827223356407702,2.857055735306783,2.902292494822057,1.0,1.0,1.0,58.04584989644114,58.04584989644114
steady,2500.0,20.0,6,2,2520.30162412993,1.7330055125511454,1.7330055125511454,0.0,0.05,34.66011025102291,2.857055735306783,0.4338189748317736,0.9952178993394769,0.6827223356407702,1.851456555409993,1.4663533501169157,0.9360227802738706,1.0,1.0,32.442652761761344,34.66011025102291
steady,2500.0,20.0,6,3,2540.6032482598607,1.236818532340625,1.236818532340625,0.0,0.05,24.7363706468125,2.857055735306783,0.4338189748317736,0.9952178993394769,0.6827223356407702,1.1997985668286444,0.7408599068616386,1.0,1.0,1.0,24.7363706468125,24.7363706468125
steady,2500.0,20.0,6,4,2559.4547563805104,0.8328045272467779,0.8328045272467779,0.0,0.05,16.656090544935555,2.857055735306783,0.4338189748317736,0.9952178993394769,0.6827223356407702,0.7775049307842372,0.37431182705810495,1.0,1.0,1.0,16.656090544935555,16.656090544935555
steady,2500.0,20.0,6,5,2579.7563805104405,0.5272010444054457,0.5272010444054457,0.0,0.05,10.544020888108912,2.857055735306783,0.4338189748317736,0.9952178993394769,0.6827223356407702,0.5038461739387444,0.18911719014340345,1.0,1.0,1.0,10.544020888108912,10.544020888108912
steady,2500.0,20.0,6,6,2600.058004640371,0.2985860620903727,0.2985860620903727,0.0,0.05,5.971721241807454,2.857055735306783,0.4338189748317736,0.9952178993394769,0.6827223356407702,0.32650721164771573,0.09554950985340975,0.9144853511307172,1.0,1.0,5.461051596669051,5.971721241807454
steady,2500.0,20.0,7,1,2500.0,3.217715970249409,3.217715970249409,0.0,0.05,64.35431940498817,3.095308374770698,0.4932984614024785,0.9820947451520841,0.6827223356407702,3.095308374770698,3.217715970249409,1.0,1.0,1.0,64.35431940498817,64.35431940498817
steady,2500.0,20.0,7,2,2520.30162412993,1.6121890835566717,1.6121890835566717,0.0,0.05,32.24378167113343,3.095308374770698,0.4932984614024785,0.9820947451520841,0.6827223356407702,1.890023147227957,1.6257178079458898,0.8529996502536085,0.9916783070695941,1.0,27.50393448833053,31.975458821151214
steady,2500.0,20.0,7,3,2540.6032482598607,1.1652719432629102,1.1652719432629102,0.0,0.05,23.305438865258203,3.095308374770698,0.4932984614024785,0.9820947451520841,0.6827223356407702,1.154065141351902,0.8213771555689952,1.0,1.0,1.0,23.305438865258203,23.305438865258203
steady,2500.0,20.0,7,4,2559.4547563805104,0.8008860466966594,0.8008860466966594,0.0,0.05,16.017720933933187,3.095308374770698,0.4932984614024785,0.9820947451520841,0.6827223356407702,0.7046825603363619,0.4149923365501257,1.0,1.0,1.0,16.017720933933187,16.017720933933187
steady,2500.0,20.0,7,5,2579.7563805104405,0.5251523303575916,0.5251523303575916,0.0,0.05,10.50304660715183,3.095308374770698,0.4932984614024785,0.9820947451520841,0.6827223356407702,0.43028551253225317,0.20967059800443466,1.0,1.0,1.0,10.50304660715183,10.50304660715183
steady,2500.0,20.0,7,6,2600.058004640371,0.3216937316951173,0.32169373169511734,0.0,0.05,6.433874633902345,3.095308374770698,0.4932984614024785,0.9820947451520841,0.6827223356407702,0.2627362059404016,0.10593390719692779,1.0,1.0,1.0,6.433874633902345,6.433874633902345
steady,2500.0,20.0,7,7,2620.359628770301,0.2176952827279074,0.2176952827279074,0.0,0.05,4.353905654558147,3.095308374770698,0.4932984614024785,0.9820947451520841,0.6827223356407702,0.1604290916180515,0.05352201405830856,1.0,1.0,1.0,4.353905654558147,4.353905654558147
steady,2500.0,20.0,8,1,2500.0,2.797380094538833,2.797380094538833,0.0,0.05,55.94760189077666,2.7291480772666983,0.42317321867727403,0.9945848067658454,0.6827223356407702,2.7291480772666983,2.797380094538833,1.0,1.0,1.0,55.94760189077666,55.94760189077666
steady,2500.0,20.0,8,2,2520.30162412993,1.6437921587213276,1.6437921587213276,0.0,0.05,32.87584317442655,2.7291480772666983,0.42317321867727403,0.9945848067658454,0.6827223356407702,1.7874969373422531,1.4133474418914098,0.9196055805082421,1.0,1.0,30.232808847116456,32.87584317442655
steady,2500.0,20.0,8,3,2540.6032482598607,1.1833781378800543,1.1833781378800545,0.0,0.05,23.667562757601086,2.7291480772666983,0.42317321867727403,0.9945848067658454,0.6827223356407702,1.1707482373796085,0.7140792184089312,1.0,1.0,1.0,23.667562757601086,23.667562757601086
steady,2500.0,20.0,8,4,2559.4547563805104,0.802690298520266,0.802690298520266,0.0,0.05,16.053805970405318,2.7291480772666983,0.42317321867727403,0.9945848067658454,0.6827223356407702,0.7667993195923561,0.3607811604209118,1.0,1.0,1.0,16.053805970405318,16.053805970405318
steady,2500.0,20.0,8,5,2579.7563805104405,0.5317511089682321,0.5317511089682321,0.0,0.05,10.635022179364642,2.7291480772666983,0.42317321867727403,0.9945848067658454,0.6827223356407702,0.5022268475443801,0.18228096037395017,1.0,1.0,1.0,10.635022179364642,10.635022179364642
steady,2500.0,20.0,8,6,2600.058004640371,0.3364570331016184,0.33645703310161845,0.0,0.05,6.729140662032368,2.7291480772666983,0.42317321867727403,0.9945848067658454,0.6827223356407702,0.32894109312519576,0.09209557526808072,1.0,1.0,1.0,6.729140662032368,6.729140662032368
steady,2500.0,20.0,8,7,2620.359628770301,0.235316510379528,0.23531651037952803,0.0,0.05,4.706330207590559,2.7291480772666983,0.42317321867727403,0.9945848067658454,0.6827223356407702,0.21544495933550678,0.04653033957336355,1.0,1.0,1.0,4.706330207590559,4.706330207590559
steady,2500.0,20.0,8,8,2640.661252900232,0.1890687411963497,0.1890687411963497,0.0,0.05,3.7813748239269938,2.7291480772666983,0.42317321867727403,0.9945848067658454,0.6827223356407702,0.14110894465049978,0.023508974177209034,1.0,1.0,1.0,3.7813748239269938,3.7813748239269938
steady,2500.0,30.0,1,1,2500.0,0.1182152471580841,,,0.05,2.364304943161682,,,,0.7386326693705875,,,1.0,1.0,1.0,2.364304943161682,2.364304943161682
steady,2500.0,30.0,2,1,2500.0,1.0392346714528864,1.0392346714528864,0.0,0.05,20.784693429057725,1.0392346714528864,0.8605234954139853,1.0,0.7386326693705875,1.0392346714528864,1.0392346714528864,1.0,1.0,1.0,20.784693429057725,20.784693429057725
steady,2500.0,30.0,2,2,2530.452436194895,0.4395345530288341,0.43953455302883415,0.0,0.05,8.790691060576682,1.0392346714528864,0.8605234954139853,1.0,0.7386326693705875,0.4395345530288341,0.4965117550466486,1.0,0.8852450089274093,1.0,8.790691060576682,7.781915386398302
steady,2500.0,30.0,3,1,2500.0,1.49451176561451,1.49451176561451,0.0,0.05,29.890235312290198,1.4964593361880747,0.7843704947345923,0.9997780638420299,0.7386326693705875,1.4964593361880747,1.49451176561451,0.9986985476140462,1.0,1.0,29.851334594226298,29.890235312290198
steady,2500.0,30.0,3,2,2530.452436194895,0.6915287590826488,0.6915287590826488,0.0,0.05,13.830575181652975,1.4964593361880747,0.7843704947345923,0.9997780638420299,0.7386326693705875,0.6829943994280717,0.7140280054799598,1.0,0.9684896863643502,1.0,13.830575181652975,13.394769419917655
steady,2500.0,30.0,3,3,2559.4547563805104,0.3023738650786017,0.3023738650786017,0.0,0.05,6.047477301572034,1.4964593361880747,0.7843704947345923,0.9997780638420299,0.7386326693705875,0.31172337154070523,0.3411388283049457,0.9700070404862708,0.8863660187292084,1.0,5.866095559705788,5.36027837914966
steady,2500.0,30.0,4,1,2500.0,1.740404409693751,1.740404409693751,0.0,0.05,34.808088193875015,1.7297613715340947,0.7208553086668174,0.9928411275367561,0.7386326693705875,1.7297613715340947,1.740404409693751,1.0,1.0,1.0,34.808088193875015,34.808088193875015
steady,2500.0,30.0,4,2,2530.452436194895,0.8178189361483069,0.8178189361483069,0.0,0.05,16.356378722966138,1.7297613715340947,0.7208553086668174,0.9928411275367561,0.7386326693705875,0.8412454175745473,0.8315073310053109,0.9721526192751422,0.9835378542718867,1.0,15.900896417387736,16.087117632844457
steady,2500.0,30.0,4,3,2559.4547563805104,0.3704734732690488,0.3704734732690488,0.0,0.05,7.409469465380975,1.7297613715340947,0.7208553086668174,0.9928411275367561,0.7386326693705875,0.4091280243832323,0.39726654199712014,0.9055196691244606,0.9325564428522511,1.0,6.709420338679575,6.909748488058053
steady,2500.0,30.0,4,4,2589.907192575406,0.2849758579245671,0.2849758579245671,0.0,0.05,5.699517158491341,1.7297613715340947,0.7208553086668174,0.9928411275367561,0.7386326693705875,0.19897373208680064,0.18980073837658276,1.0,1.0,1.0,5.699517158491341,5.699517158491341
steady,2500.0,30.0,5,1,2500.0,2.029137190375153,2.029137190375153,0.0,0.05,40.58274380750306,1.9968274186459067,0.6266091806894659,0.9823104522009543,0.7386326693705875,1.9968274186459067,2.029137190375153,1.0,1.0,1.0,40.58274380750306,40.58274380750306
steady,2500.0,30.0,5,2,2530.452436194895,1.0105075618393942,1.0105075618393942,0.0,0.05,20.210151236787883,1.9968274186459067,0.6266091806894659,0.9823104522009543,0.7386326693705875,1.0671061476468324,0.969454248687725,0.9469606787176246,1.0,1.0,19.138218532174495,20.210151236787883
steady,2500.0,30.0,5,3,2559.4547563805104,0.4785404602832752,0.47854046028327524,0.0,0.05,9.570809205665503,1.9968274186459067,0.6266091806894659,0.9823104522009543,0.7386326693705875,0.5702623670491522,0.46317299035109627,0.839158408364739,1.0,1.0,8.031425019788855,9.570809205665503
steady,2500.0,30.0,5,4,2589.907192575406,0.3957545944167381,0.3957545944167381,0.0,0.05,7.915091888334762,1.9968274186459067,0.6266091806894659,0.9823104522009543,0.7386326693705875,0.30474865878115937,0.2212886469693317,1.0,1.0,1.0,7.915091888334762,7.915091888334762
steady,2500.0,30.0,5,5,2620.359628770301,0.288435329340544,0.288435329340544,0.0,0.05,5.76870658681088,1.9968274186459067,0.6266091806894659,0.9823104522009543,0.7386326693705875,0.1628579236422078,0.10572435417790252,1.0,1.0,1.0,5.76870658681088,5.76870658681088
steady,2500.0,30.0,6,1,2500.0,2.657848395706606,2.657848395706606,0.0,0.05,53.15696791413212,2.622959472845561,0.5945763513086618,0.9882665289936537,0.7386326693705875,2.622959472845561,2.657848395706606,1.0,1.0,1.0,53.15696791413212,53.15696791413212
steady,2500.0,30.0,6,2,2530.452436194895,1.4092207443164158,1.4092207443164158,0.0,0.05,28.184414886328312,2.622959472845561,0.5945763513086618,0.9882665289936537,0.7386326693705875,1.4473392905417926,1.2698315480133908,0.9736630198085015,1.0,1.0,27.442122509758107,28.184414886328312
steady,2500.0,30.0,6,3,2559.4547563805104,0.662691103917855,0.662691103917855,0.0,0.05,13.2538220783571,2.622959472845561,0.5945763513086618,0.9882665289936537,0.7386326693705875,0.7986364423974309,0.6066832716775022,0.8297781928514546,1.0,1.0,10.997732532553865,13.2538220783571
steady,2500.0,30.0,6,4,2589.907192575406,0.5069183758007221,0.5069183758007221,0.0,0.05,10.13836751601444,2.622959472845561,0.5945763513086618,0.9882665289936537,0.7386326693705875,0.4406846212863227,0.2898530854026605,1.0,1.0,1.0,10.13836751601444,10.13836751601444
steady,2500.0,30.0,6,5,2620.359628770301,0.3684228324991572,0.3684228324991572,0.0,0.05,7.368456649983144,2.622959472845561,0.5945763513086618,0.9882665289936537,0.7386326693705875,0.24316813649936997,0.13848216201039776,1.0,1.0,1.0,7.368456649983144,7.368456649983144
steady,2500.0,30.0,6,6,2649.3619489559164,0.227956735963567,0.22795673596356705,0.0,0.05,4.55913471927134,2.622959472845561,0.5945763513086618,0.9882665289936537,0.7386326693705875,0.13417927413935704,0.06616217028855552,1.0,1.0,1.0,4.55913471927134,4.55913471927134
steady,2500.0,30.0,7,1,2500.0,2.7545129991019235,2.7545129991019235,0.0,0.05,55.09025998203847,2.6879275885369496,0.5825668039112207,0.9793677617234738,0.7386326693705875,2.6879275885369496,2.7545129991019235,1.0,1.0,1.0,55.09025998203847,55.09025998203847
steady,2500.0,30.0,7,2,2530.452436194895,1.404031141248439,1.404031141248439,0.0,0.05,28.080622824968778,2.6879275885369496,0.5825668039112207,0.9793677617234738,0.7386326693705875,1.5011082664521114,1.3160146798902348,0.9353296978151246,1.0,1.0,26.264640461338537,28.080622824968778
steady,2500.0,30.0,7,3,2559.4547563805104,0.674493747728062,0.674493747728062,0.0,0.05,13.48987495456124,2.6879275885369496,0.5825668039112207,0.9793677617234738,0.7386326693705875,0.838313516041315,0.6287480357693941,0.8045841261311844,1.0,1.0,10.853739251934606,13.48987495456124
steady,2500.0,30.0,7,4,2589.907192575406,0.5453097421292561,0.5453097421292561,0.0,0.05,10.906194842585121,2.6879275885369496,0.5825668039112207,0.9793677617234738,0.7386326693705875,0.468167131501152,0.30039489568371996,1.0,1.0,1.0,10.906194842585121,10.906194842585121
steady,2500.0,30.0,7,5,2620.359628770301,0.4106301184525992,0.4106301184525992,0.0,0.05,8.212602369051984,2.6879275885369496,0.5825668039112207,0.9793677617234738,0.7386326693705875,0.26145404890169405,0.14351868828092731,1.0,1.0,1.0,8.212602369051984,8.212602369051984
steady,2500.0,30.0,7,6,2649.3619489559164,0.2674810443463302,0.2674810443463302,0.0,0.05,5.349620886926603,2.6879275885369496,0.5825668039112207,0.9793677617234738,0.7386326693705875,0.14601242822814697,0.06856845499653502,1.0,1.0,1.0,5.349620886926603,5.349620886926603
steady,2500.0,30.0,7,7,2679.814385150812,0.2191956926368806,0.21919569263688066,0.0,0.05,4.383913852737612,2.6879275885369496,0.5825668039112207,0.9793677617234738,0.7386326693705875,0.08154254748258224,0.032759726812780963,1.0,1.0,1.0,4.383913852737612,4.383913852737612
steady,2500.0,30.0,8,1,2500.0,2.7182269944857462,2.7182269944857462,0.0,0.05,54.36453988971492,2.638578695204821,0.5418075415218825,0.9770715237464601,0.7386326693705875,2.638578695204821,2.7182269944857462,1.0,1.0,1.0,54.36453988971492,54.36453988971492
steady,2500.0,30.0,8,2,2530.452436194895,1.4326670106368466,1.4326670106368466,0.0,0.05,28.653340212736932,2.638578695204821,0.5418075415218825,0.9770715237464601,0.7386326693705875,1.5348503088709649,1.2986784339676258,0.9334245837242042,1.0,1.0,26.745732160381973,28.653340212736932
steady,2500.0,30.0,8,3,2559.4547563805104,0.709331936880171,0.709331936880171,0.0,0.05,14.18663873760342,2.638578695204821,0.5418075415218825,0.9770715237464601,0.7386326693705875,0.8928160736393838,0.6204653541716746,0.7944883138009861,1.0,1.0,11.271118689142291,14.18663873760342
steady,2500.0,30.0,8,4,2589.907192575406,0.5752280425665741,0.5752280425665741,0.0,0.05,11.504560851331481,2.638578695204821,0.5418075415218825,0.9770715237464601,0.7386326693705875,0.51934741566766,0.29643770594636554,1.0,1.0,1.0,11.504560851331481,11.504560851331481
steady,2500.0,30.0,8,5,2620.359628770301,0.432630033687004,0.43263003368700403,0.0,0.05,8.652600673740078,2.638578695204821,0.5418075415218825,0.9770715237464601,0.7386326693705875,0.3021022426950842,0.1416280746635048,1.0,1.0,1.0,8.652600673740078,8.652600673740078
steady,2500.0,30.0,8,6,2649.3619489559164,0.2902066819781725,0.2902066819781725,0.0,0.05,5.8041336395634495,2.638578695204821,0.5418075415218825,0.9770715237464601,0.7386326693705875,0.17573162451202454,0.06766518270290649,1.0,1.0,1.0,5.8041336395634495,5.8041336395634495
steady,2500.0,30.0,8,7,2679.814385150812,0.2429386180445828,0.24293861804458286,0.0,0.05,4.858772360891656,2.638578695204821,0.5418075415218825,0.9770715237464601,0.7386326693705875,0.10222235882175951,0.03232817335896142,1.0,1.0,1.0,4.858772360891656,4.858772360891656
steady,2500.0,30.0,8,8,2710.2668213457077,0.1862638723403464,0.18626387234034644,0.0,0.05,3.7252774468069276,2.638578695204821,0.5418075415218825,0.9770715237464601,0.7386326693705875,0.059462323142466314,0.01544532580833734,1.0,1.0,1.0,3.7252774468069276,3.7252774468069276
steady,2500.0,40.0,1,1,2500.0,0.1182152471580841,,,0.05,2.364304943161682,,,,0.7296689100340923,,,1.0,1.0,1.0,2.364304943161682,2.364304943161682
steady,2500.0,40.0,2,1,2500.0,1.039898981282901,1.039898981282901,0.0,0.05,20.797979625658016,1.039898981282901,0.8636561108792751,1.0,0.7296689100340923,1.039898981282901,1.039898981282901,1.0,1.0,1.0,20.797979625658016,20.797979625658016
steady,2500.0,40.0,2,2,2540.6032482598607,0.4384398995135279,0.43843989951352796,0.0,0.05,8.768797990270558,1.039898981282901,0.8636561108792751,1.0,0.7296689100340923,0.43843989951352796,0.501302616658626,0.9999999999999999,0.8746012586886098,1.0,8.768797990270556,7.669201759476782
steady,2500.0,40.0,3,1,2500.0,1.4801148413224807,1.4801148413224807,0.0,0.05,29.602296826449614,1.482471561873306,0.7908142554145197,0.9996653589416624,0.7296689100340923,1.482471561873306,1.4801148413224807,0.9984102760474898,1.0,1.0,29.55523734613529,29.602296826449614
steady,2500.0,40.0,3,2,2540.6032482598607,0.6826584209915273,0.6826584209915273,0.0,0.05,13.653168419830545,1.482471561873306,0.7908142554145197,0.9996653589416624,0.7296689100340923,0.6722643846749572,0.7135168475642271,1.0,0.956751649693987,1.0,13.653168419830545,13.062691409222719
steady,2500.0,40.0,3,3,2579.7563805104405,0.2933949449767641,0.2933949449767641,0.0,0.05,5.867898899535282,1.482471561873306,0.7908142554145197,0.9996653589416624,0.7296689100340923,0.30485536082143216,0.343964047616134,0.9624070384926544,0.8529814293387856,1.0,5.647307202076057,5.005208790541092
steady,2500.0,40.0,4,1,2500.0,1.7356357841089924,1.7356357841089924,0.0,0.05,34.71271568217985,1.7248890870648983,0.7098531151537004,0.9929632992620864,0.7296689100340923,1.7248890870648983,1.7356357841089924,1.0,1.0,1.0,34.71271568217985,34.71271568217985
steady,2500.0,40.0,4,2,2540.6032482598607,0.8248303243499999,0.8248303243499999,0.0,0.05,16.496606486999998,1.7248890870648983,0.7098531151537004,0.9929632992620864,0.7296689100340923,0.8481562830753713,0.8366954635024131,0.9724980417043041,0.9858190468695197,1.0,16.042917503374017,16.26266888359587
steady,2500.0,40.0,4,3,2579.7563805104405,0.3785865730392542,0.3785865730392542,0.0,0.05,7.571731460785084,1.7248890870648983,0.7098531151537004,0.9929632992620864,0.7296689100340923,0.41705236928846273,0.40334458707009263,0.9077674673930388,0.9386182068025719,1.0,6.873371491937069,7.106965006112714
steady,2500.0,40.0,4,4,2620.359628770301,0.2893808701648098,0.2893808701648098,0.0,0.05,5.787617403296196,1.7248890870648983,0.7098531151537004,0.9929632992620864,0.7296689100340923,0.20507149708123287,0.19443974900704636,1.0,1.0,1.0,5.787617403296196,5.787617403296196
steady,2500.0,40.0,5,1,2500.0,2.049992664399401,2.049992664399401,0.0,0.05,40.99985328798802,2.023869859865735,0.6264160072646903,0.9873325473900955,0.7296689100340923,2.023869859865735,2.049992664399401,1.0,1.0,1.0,40.99985328798802,40.99985328798802
steady,2500.0,40.0,5,2,2540.6032482598607,1.0391067944214665,1.0391067944214663,0.0,0.05,20.782135888429327,2.023869859865735,0.6264160072646903,0.9873325473900955,0.7296689100340923,1.0817665979423707,0.9882370357999563,0.9605646877967506,1.0,1.0,19.962585871418764,20.782135888429327
steady,2500.0,40.0,5,3,2579.7563805104405,0.4924030176151227,0.4924030176151227,0.0,0.05,9.848060352302452,2.023869859865735,0.6264160072646903,0.9873325473900955,0.7296689100340923,0.5782086070007701,0.47639801638646756,0.8516009821598294,1.0,1.0,8.386617868390044,9.848060352302452
steady,2500.0,40.0,5,4,2620.359628770301,0.3938119063040393,0.39381190630403934,0.0,0.05,7.876238126080786,2.023869859865735,0.6264160072646903,0.9873325473900955,0.7296689100340923,0.3090548310935939,0.2296565113381385,1.0,1.0,1.0,7.876238126080786,7.876238126080786
steady,2500.0,40.0,5,5,2659.512761020881,0.2662724363854818,0.26627243638548187,0.0,0.05,5.325448727709636,2.023869859865735,0.6264160072646903,0.9873325473900955,0.7296689100340923,0.16519105296224454,0.11071018641105894,1.0,1.0,1.0,5.325448727709636,5.325448727709636
steady,2500.0,40.0,6,1,2500.0,2.831409462292409,2.831409462292409,0.0,0.05,56.628189245848176,2.7939618181889285,0.6607731757993176,0.9863049365438241,0.7296689100340923,2.7939618181889285,2.831409462292409,1.0,1.0,1.0,56.628189245848176,56.628189245848176
steady,2500.0,40.0,6,2,2540.6032482598607,1.387939604526801,1.387939604526801,0.0,0.05,27.75879209053602,2.7939618181889285,0.6607731757993176,0.9863049365438241,0.7296689100340923,1.4429468112870436,1.3649335154921525,0.9618785624459861,1.0,1.0,26.700587031281795,27.75879209053602
steady,2500.0,40.0,6,3,2579.7563805104405,0.6088843974230289,0.6088843974230289,0.0,0.05,12.177687948460578,2.7939618181889285,0.6607731757993176,0.9863049365438241,0.7296689100340923,0.7452125818788319,0.6579915503303362,0.817061348974957,0.9253681101487494,1.0,9.949918142565277,11.268844082848167
steady,2500.0,40.0,6,4,2620.359628770301,0.482528974705884,0.482528974705884,0.0,0.05,9.65057949411768,2.7939618181889285,0.6607731757993176,0.9863049365438241,0.7296689100340923,0.38486643294576806,0.3171970468832763,1.0,1.0,1.0,9.65057949411768,9.65057949411768
steady,2500.0,40.0,6,5,2659.512761020881,0.319329904153909,0.31932990415390905,0.0,0.05,6.386598083078179,2.7939618181889285,0.6607731757993176,0.9863049365438241,0.7296689100340923,0.1987649897629927,0.15291072735046435,1.0,1.0,1.0,6.386598083078179,6.386598083078179
steady,2500.0,40.0,6,6,2700.116009280742,0.2467068934691428,0.24670689346914282,0.0,0.05,4.934137869382855,2.7939618181889285,0.6607731757993176,0.9863049365438241,0.7296689100340923,0.10265255105022275,0.07371345593722427,1.0,1.0,1.0,4.934137869382855,4.934137869382855
steady,2500.0,40.0,7,1,2500.0,2.757250963226497,2.757250963226497,0.0,0.05,55.14501926452994,2.7064096143455965,0.5824969648367953,0.9856652515428551,0.7296689100340923,2.7064096143455965,2.757250963226497,1.0,1.0,1.0,55.14501926452994,55.14501926452994
steady,2500.0,40.0,7,2,2540.6032482598607,1.4465629194653151,1.4465629194653151,0.0,0.05,28.9312583893063,2.7064096143455965,0.5824969648367953,0.9856652515428551,0.7296689100340923,1.5115353556863,1.3291840337652303,0.9570156027270135,1.0,1.0,27.687665685092934,28.9312583893063
steady,2500.0,40.0,7,3,2579.7563805104405,0.6996502680052893,0.6996502680052893,0.0,0.05,13.993005360105785,2.7064096143455965,0.5824969648367953,0.9856652515428551,0.7296689100340923,0.844195615984816,0.6407578487338729,0.8287774240441844,1.0,1.0,11.597086936984939,13.993005360105785
steady,2500.0,40.0,7,4,2620.359628770301,0.5303171509918841,0.5303171509918841,0.0,0.05,10.606343019837682,2.7064096143455965,0.5824969648367953,0.9856652515428551,0.7296689100340923,0.471484993961258,0.308889220968914,1.0,1.0,1.0,10.606343019837682,10.606343019837682
steady,2500.0,40.0,7,5,2659.512761020881,0.3613136566019945,0.36131365660199455,0.0,0.05,7.226273132039889,2.7064096143455965,0.5824969648367953,0.9856652515428551,0.7296689100340923,0.2633253422802017,0.14890578557768155,1.0,1.0,1.0,7.226273132039889,7.226273132039889
steady,2500.0,40.0,7,6,2700.116009280742,0.2744866348098728,0.27448663480987284,0.0,0.05,5.489732696197455,2.7064096143455965,0.5824969648367953,0.9856652515428551,0.7296689100340923,0.14706774717136195,0.07178279937692587,1.0,1.0,1.0,5.489732696197455,5.489732696197455
steady,2500.0,40.0,7,7,2740.719257540603,0.2082025562444282,0.20820255624442827,0.0,0.05,4.164051124888564,2.7064096143455965,0.5824969648367953,0.9856652515428551,0.7296689100340923,0.08213764034547247,0.03460423157097464,1.0,1.0,1.0,4.164051124888564,4.164051124888564
steady,2500.0,40.0,8,1,2500.0,2.74768947863916,2.74768947863916,0.0,0.05,54.9537895727832,2.671014763167819,0.5156505588885815,0.9822914407461698,0.7296689100340923,2.671014763167819,2.74768947863916,1.0,1.0,1.0,54.9537895727832,54.9537895727832
steady,2500.0,40.0,8,2,2540.6032482598607,1.5016244410897808,1.5016244410897808,0.0,0.05,30.032488821795614,2.671014763167819,0.5156505588885815,0.9822914407461698,0.7296689100340923,1.5948949985348047,1.32457474254652,0.9415193115968703,1.0,1.0,28.27616820103771,30.032488821795614
steady,2500.0,40.0,8,3,2579.7563805104405,0.7852373350876196,0.7852373350876196,0.0,0.05,15.704746701752391,2.671014763167819,0.5156505588885815,0.9822914407461698,0.7296689100340923,0.9523309610368916,0.6385358542993456,0.8245424828283,1.0,1.0,12.949230837652472,15.704746701752391
steady,2500.0,40.0,8,4,2620.359628770301,0.6089705516446108,0.6089705516446108,0.0,0.05,12.179411032892215,2.671014763167819,0.5156505588885815,0.9822914407461698,0.7296689100340923,0.5686482559558029,0.3078180672854522,1.0,1.0,1.0,12.179411032892215,12.179411032892215
steady,2500.0,40.0,8,5,2659.512761020881,0.4362059485636343,0.4362059485636343,0.0,0.05,8.724118971272686,2.671014763167819,0.5156505588885815,0.9822914407461698,0.7296689100340923,0.33954670406756826,0.14838941605138345,1.0,1.0,1.0,8.724118971272686,8.724118971272686
steady,2500.0,40.0,8,6,2700.116009280742,0.3243661512077362,0.32436615120773626,0.0,0.05,6.4873230241547235,2.671014763167819,0.5156505588885815,0.9822914407461698,0.7296689100340923,0.20274741553433978,0.07153387385689441,1.0,1.0,1.0,6.4873230241547235,6.4873230241547235
steady,2500.0,40.0,8,7,2740.719257540603,0.2458413356994583,0.2458413356994583,0.0,0.05,4.916826713989166,2.671014763167819,0.5156505588885815,0.9822914407461698,0.7296689100340923,0.12106291715814814,0.03448423240106399,1.0,1.0,1.0,4.916826713989166,4.916826713989166
steady,2500.0,40.0,8,8,2779.872389791183,0.1770415131110467,0.1770415131110467,0.0,0.05,3.540830262220934,2.671014763167819,0.5156505588885815,0.9822914407461698,0.7296689100340923,0.07228812200744564,0.016623764661054787,1.0,1.0,1.0,3.540830262220934,3.540830262220934
steady,2500.0,50.0,1,1,2500.0,0.1182152471580841,,,0.05,2.364304943161682,,,,0.6953855273318986,,,1.0,1.0,1.0,2.364304943161682,2.364304943161682
steady,2500.0,50.0,2,1,2500.0,1.039359708408577,1.039359708408577,0.0,0.05,20.78719416817154,1.039359708408577,0.8460325909307133,1.0,0.6953855273318986,1.039359708408577,1.039359708408577,1.0,1.0,1.0,20.78719416817154,20.78719416817154
steady,2500.0,50.0,2,2,2549.303944315545,0.4460038332051169,0.4460038332051169,0.0,0.05,8.920076664102337,1.039359708408577,0.8460325909307133,1.0,0.6953855273318986,0.4460038332051169,0.5185179313584286,1.0,0.8601512237709174,1.0,8.920076664102337,7.672614858758028
steady,2500.0,50.0,3,1,2500.0,1.4729083596069843,1.4729083596069843,0.0,0.05,29.458167192139683,1.4765129006458086,0.7949781626420427,0.9992082816826646,0.6953855273318986,1.4765129006458086,1.4729083596069843,0.9975587473450128,1.0,1.0,29.386252363270817,29.458167192139683
steady,2500.0,50.0,3,2,2549.303944315545,0.6827437965746394,0.6827437965746394,0.0,0.05,13.654875931492786,1.4765129006458086,0.7949781626420427,0.9992082816826646,0.6953855273318986,0.6667800796090676,0.7348075834816991,1.0,0.9291463669163992,1.0,13.654875931492786,12.687378362440704
steady,2500.0,50.0,3,3,2600.058004640371,0.2834370024202008,0.28343700242020087,0.0,0.05,5.668740048404016,1.4765129006458086,0.7949781626420427,0.9992082816826646,0.6953855273318986,0.30111194718922796,0.3665823343458291,0.9413010844172195,0.7731878376681675,1.0,5.335991154842021,4.383000860328444
steady,2500.0,50.0,4,1,2500.0,1.7386981460648736,1.7386981460648736,0.0,0.05,34.77396292129747,1.7300798970854228,0.7115660351531892,0.9941832566700974,0.6953855273318986,1.7300798970854228,1.7386981460648736,1.0,1.0,1.0,34.77396292129747,34.77396292129747
steady,2500.0,50.0,4,2,2549.303944315545,0.8325531599362268,0.8325531599362268,0.0,0.05,16.651063198724536,1.7300798970854228,0.7115660351531892,0.9941832566700974,0.6953855273318986,0.8492527409739986,0.867405344521871,0.9803361470242424,0.9598201869451758,1.0,16.32363914009477,15.982026592235721
steady,2500.0,50.0,4,3,2600.058004640371,0.3776174211037809,0.37761742110378094,0.0,0.05,7.552348422075617,1.7300798970854228,0.7115660351531892,0.9941832566700974,0.6953855273318986,0.41687682705687135,0.43273298094207135,0.9058249262011999,0.8726337897372591,1.0,6.841105452072394,6.590434424972055
steady,2500.0,50.0,4,4,2649.3619489559164,0.2810547718167974,0.2810547718167974,0.0,0.05,5.621095436335947,1.7300798970854228,0.7115660351531892,0.9941832566700974,0.6953855273318986,0.2046343574207262,0.21588272885064003,1.0,1.0,1.0,5.621095436335947,5.621095436335947
steady,2500.0,50.0,5,1,2500.0,2.1072683780230173,2.1072683780230173,0.0,0.05,42.14536756046034,2.0866010298619315,0.6384691927083749,0.9891768920729689,0.6953855273318986,2.0866010298619315,2.1072683780230173,1.0,1.0,1.0,42.14536756046034,42.14536756046034
steady,2500.0,50.0,5,2,2549.303944315545,1.074339732099561,1.074339732099561,0.0,0.05,21.486794641991217,2.0866010298619315,0.6384691927083749,0.9891768920729689,0.6953855273318986,1.1019344739121189,1.051278427814519,0.9749579104149538,1.0,1.0,20.948720405670983,21.486794641991217
steady,2500.0,50.0,5,3,2600.058004640371,0.4908818140834337,0.49088181408343373,0.0,0.05,9.817636281668673,2.0866010298619315,0.6384691927083749,0.9891768920729689,0.6953855273318986,0.5819318439022934,0.5244639668654941,0.8435383270860376,0.9359686176673544,1.0,8.28155248497798,9.188999459314292
steady,2500.0,50.0,5,4,2649.3619489559164,0.3876802891913134,0.3876802891913134,0.0,0.05,7.753605783826268,2.0866010298619315,0.6384691927083749,0.9891768920729689,0.6953855273318986,0.30731833785475215,0.2616456737461185,1.0,1.0,1.0,7.753605783826268,7.753605783826268
steady,2500.0,50.0,5,5,2700.116009280742,0.2582393613403477,0.2582393613403477,0.0,0.05,5.164787226806953,2.0866010298619315,0.6384691927083749,0.9891768920729689,0.6953855273318986,0.1622948834497273,0.1305303374781082,1.0,1.0,1.0,5.164787226806953,5.164787226806953
steady,2500.0,50.0,6,1,2500.0,3.0397044613816955,3.0397044613816955,0.0,0.05,60.794089227633904,3.0005064939267663,0.7418154522656629,0.9816855304281727,0.6953855273318986,3.0005064939267663,3.0397044613816955,1.0,1.0,1.0,60.794089227633904,60.794089227633904
steady,2500.0,50.0,6,2,2549.303944315545,1.3557872731722167,1.3557872731722167,0.0,0.05,27.115745463444334,3.0005064939267663,0.7418154522656629,0.9816855304281727,0.6953855273318986,1.4289867882604903,1.5164540788962686,0.948775233130476,0.8940509917445102,1.0,25.726747723586044,24.24285912348411
steady,2500.0,50.0,6,3,2600.058004640371,0.5454467717624553,0.5454467717624553,0.0,0.05,10.908935435249104,3.0005064939267663,0.7418154522656629,0.9816855304281727,0.6953855273318986,0.6805528483794945,0.7565317624187169,0.8014759956721238,0.7209833067928315,1.0,8.743249889689189,7.865160343695396
steady,2500.0,50.0,6,4,2649.3619489559164,0.4573065191096104,0.4573065191096104,0.0,0.05,9.146130382192208,3.0005064939267663,0.7418154522656629,0.9816855304281727,0.6953855273318986,0.3241122893803936,0.37742013788174866,1.0,1.0,1.0,9.146130382192208,9.146130382192208
steady,2500.0,50.0,6,5,2700.116009280742,0.2828866442488997,0.28288664424889975,0.0,0.05,5.657732884977993,3.0005064939267663,0.7418154522656629,0.9816855304281727,0.6953855273318986,0.1543579993494083,0.188288142751948,1.0,1.0,1.0,5.657732884977993,5.657732884977993
steady,2500.0,50.0,6,6,2749.4199535962875,0.2901404313926429,0.2901404313926429,0.0,0.05,5.8028086278528574,3.0005064939267663,0.7418154522656629,0.9816855304281727,0.6953855273318986,0.07351276932047507,0.09393357996198318,1.0,1.0,1.0,5.8028086278528574,5.8028086278528574
steady,2500.0,50.0,7,1,2500.0,2.66093440306176,2.66093440306176,0.0,0.05,53.2186880612352,2.599297619207778,0.5879510431407271,0.9784022987563613,0.6953855273318986,2.599297619207778,2.66093440306176,1.0,1.0,1.0,53.2186880612352,53.2186880612352
steady,2500.0,50.0,7,2,2549.303944315545,1.3568718510243158,1.3568718510243158,0.0,0.05,27.137437020486317,2.599297619207778,0.5879510431407271,0.9784022987563613,0.6953855273318986,1.4438168813102044,1.3274924850306742,0.9397811236235238,1.0,1.0,25.503251055375245,27.137437020486317
steady,2500.0,50.0,7,3,2600.058004640371,0.6461820949409597,0.6461820949409597,0.0,0.05,12.923641898819193,2.599297619207778,0.5879510431407271,0.9784022987563613,0.6953855273318986,0.801988649299682,0.6622622097655722,0.8057247387543741,0.9757194135683742,1.0,10.412897992681177,12.609848294683534
steady,2500.0,50.0,7,4,2649.3619489559164,0.5134893991471093,0.5134893991471093,0.0,0.05,10.269787982942185,2.599297619207778,0.5879510431407271,0.9784022987563613,0.6953855273318986,0.4454760170291565,0.33039074754042325,1.0,1.0,1.0,10.269787982942185,10.269787982942185
steady,2500.0,50.0,7,5,2700.116009280742,0.3492937924434925,0.34929379244349257,0.0,0.05,6.98587584886985,2.599297619207778,0.5879510431407271,0.9784022987563613,0.6953855273318986,0.24744599804679562,0.16482602276062155,1.0,1.0,1.0,6.98587584886985,6.98587584886985
steady,2500.0,50.0,7,6,2749.4199535962875,0.3187141488515969,0.31871414885159693,0.0,0.05,6.374282977031937,2.599297619207778,0.5879510431407271,0.9784022987563613,0.6953855273318986,0.13744740369573544,0.08222874878105049,1.0,1.0,1.0,6.374282977031937,6.374282977031937
steady,2500.0,50.0,7,7,2800.1740139211133,0.2055025228178393,0.20550252281783937,0.0,0.05,4.1100504563567855,2.599297619207778,0.5879510431407271,0.9784022987563613,0.6953855273318986,0.07634711788357858,0.041022449082066356,1.0,1.0,1.0,4.1100504563567855,4.1100504563567855
steady,2500.0,50.0,8,1,2500.0,2.740647424339413,2.740647424339413,0.0,0.05,54.81294848678826,2.668257277356572,0.5132309122718463,0.981008175556414,0.6953855273318986,2.668257277356572,2.740647424339413,1.0,1.0,1.0,54.81294848678826,54.81294848678826
steady,2500.0,50.0,8,2,2549.303944315545,1.5215433963445344,1.5215433963445344,0.0,0.05,30.430867926890688,2.668257277356572,0.5132309122718463,0.981008175556414,0.6953855273318986,1.5971082366581424,1.3672598827475875,0.952686462583323,1.0,1.0,28.99107591860979,30.430867926890688
steady,2500.0,50.0,8,3,2600.058004640371,0.7768573238483377,0.7768573238483377,0.0,0.05,15.537146476966754,2.668257277356572,0.5132309122718463,0.981008175556414,0.6953855273318986,0.9559628081023356,0.6821014517843478,0.8126438782597234,1.0,1.0,12.626166970131662,15.537146476966754
steady,2500.0,50.0,8,4,2649.3619489559164,0.6029080687222591,0.6029080687222591,0.0,0.05,12.05816137444518,2.668257277356572,0.5132309122718463,0.981008175556414,0.6953855273318986,0.572199722911149,0.3402881898292395,1.0,1.0,1.0,12.05816137444518,12.05816137444518
steady,2500.0,50.0,8,5,2700.116009280742,0.4187519807945703,0.4187519807945703,0.0,0.05,8.375039615891406,2.668257277356572,0.5132309122718463,0.981008175556414,0.6953855273318986,0.34249504282445503,0.16976367933881845,1.0,1.0,1.0,8.375039615891406,8.375039615891406
steady,2500.0,50.0,8,6,2749.4199535962875,0.3650964049647515,0.3650964049647515,0.0,0.05,7.301928099295029,2.668257277356572,0.5132309122718463,0.981008175556414,0.6953855273318986,0.2050033400270277,0.08469205715636278,1.0,1.0,1.0,7.301928099295029,7.301928099295029
steady,2500.0,50.0,8,7,2800.1740139211133,0.2355647908203535,0.2355647908203535,0.0,0.05,4.71129581640707,2.668257277356572,0.5132309122718463,0.981008175556414,0.6953855273318986,0.12270650423334047,0.04225134948366122,1.0,1.0,1.0,4.71129581640707,4.71129581640707
steady,2500.0,50.0,8,8,2849.4779582366587,0.1876910562657402,0.18769105626574026,0.0,0.05,3.7538211253148037,2.668257277356572,0.5132309122718463,0.981008175556414,0.6953855273318986,0.07344702861515184,0.021078441038391564,1.0,1.0,1.0,3.7538211253148037,3.7538211253148037
steady,2500.0,60.0,1,1,2500.0,0.1182152471580841,,,0.05,2.364304943161682,,,,0.6656134607617791,,,1.0,1.0,1.0,2.364304943161682,2.364304943161682
steady,2500.0,60.0,2,1,2500.0,1.0700214697238568,1.0700214697238568,0.0,0.05,21.400429394477136,1.0700214697238568,0.8047766321380224,1.0,0.6656134607617791,1.0700214697238568,1.0700214697238568,1.0,1.0,1.0,21.400429394477136,21.400429394477136
steady,2500.0,60.0,2,2,2559.4547563805104,0.4785005499815653,0.4785005499815653,0.0,0.05,9.570010999631306,1.0700214697238568,0.8047766321380224,1.0,0.6656134607617791,0.47850054998156527,0.5499462420132323,1.0,0.8700860437374388,1.0,9.570010999631306,8.326733009192974
steady,2500.0,60.0,3,1,2500.0,1.4654623710794177,1.4654623710794175,0.0,0.05,29.309247421588353,1.4687407151023315,0.7876334388323922,0.9993464156950362,0.6656134607617791,1.4687407151023315,1.4654623710794177,0.9977679218740215,1.0,1.0,29.243826891529736,29.309247421588353
steady,2500.0,60.0,3,2,2559.4547563805104,0.6825725199907133,0.6825725199907133,0.0,0.05,13.651450399814266,1.4687407151023315,0.7876334388323922,0.9993464156950362,0.6656134607617791,0.6681597003927638,0.7531863112942154,1.0,0.9062465816961477,1.0,13.651450399814266,12.371580260026187
steady,2500.0,60.0,3,3,2620.359628770301,0.2881182612909558,0.28811826129095586,0.0,0.05,5.762365225819115,1.4687407151023315,0.7876334388323922,0.9993464156950362,0.6656134607617791,0.3039592901854316,0.38710623398889277,0.9478843733158743,0.7442873195868573,1.0,5.462055950892738,4.288855368405425
steady,2500.0,60.0,4,1,2500.0,1.7526804978596116,1.7526804978596116,0.0,0.05,35.05360995719223,1.7426998575132953,0.6992472654674086,0.9925473512418564,0.6656134607617791,1.7426998575132953,1.7526804978596116,1.0,1.0,1.0,35.05360995719223,35.05360995719223
steady,2500.0,60.0,4,2,2559.4547563805104,0.8471506311965455,0.8471506311965455,0.0,0.05,16.94301262393091,1.7426998575132953,0.6992472654674086,0.9925473512418564,0.6656134607617791,0.8660507992093719,0.9008044048840679,0.9781766057717625,0.9404379314792233,1.0,16.57325858002486,15.93385174507595
steady,2500.0,60.0,4,3,2620.359628770301,0.385217759982457,0.38521775998245705,0.0,0.05,7.7043551996491395,1.7426998575132953,0.6992472654674086,0.9925473512418564,0.6656134607617791,0.43039194820469506,0.46297575447977396,0.8950394206706833,0.8320473723625327,1.0,6.895701614535133,6.410388499615682
steady,2500.0,60.0,4,4,2679.814385150812,0.2999973512657282,0.29999735126572824,0.0,0.05,5.9999470253145635,1.7426998575132953,0.6992472654674086,0.9925473512418564,0.6656134607617791,0.21388725609229647,0.2379501566310636,1.0,1.0,1.0,5.9999470253145635,5.9999470253145635
steady,2500.0,60.0,5,1,2500.0,2.1962837388686087,2.1962837388686087,0.0,0.05,43.92567477737217,2.175614176032267,0.633933816028464,0.9882426813101709,0.6656134607617791,2.175614176032267,2.1962837388686087,1.0,1.0,1.0,43.92567477737217,43.92567477737217
steady,2500.0,60.0,5,2,2559.4547563805104,1.1309157698095786,1.1309157698095786,0.0,0.05,22.618315396191573,2.175614176032267,0.633933816028464,0.9882426813101709,0.6656134607617791,1.1541650572863844,1.1287979005666797,0.9798561849277708,1.0,1.0,22.162696233605335,22.618315396191573
steady,2500.0,60.0,5,3,2620.359628770301,0.5081804572932686,0.5081804572932686,0.0,0.05,10.16360914586537,2.175614176032267,0.633933816028464,0.9882426813101709,0.6656134607617791,0.6122854843179356,0.5801548669572747,0.8299730604578411,0.8759393159252654,1.0,8.435521788091187,8.902704842561084
steady,2500.0,60.0,5,4,2679.814385150812,0.4113609812992009,0.41136098129920096,0.0,0.05,8.227219625984018,2.175614176032267,0.633933816028464,0.9882426813101709,0.6656134607617791,0.3248179382486938,0.29817531507211636,1.0,1.0,1.0,8.227219625984018,8.227219625984018
steady,2500.0,60.0,5,5,2740.719257540603,0.2738492156412027,0.2738492156412027,0.0,0.05,5.476984312824054,2.175614176032267,0.633933816028464,0.9882426813101709,0.6656134607617791,0.17231617555928666,0.153249629680179,1.0,1.0,1.0,5.476984312824054,5.476984312824054
steady,2500.0,60.0,6,1,2500.0,2.931817956548402,2.931817956548402,0.0,0.05,58.63635913096804,2.8801361402587333,0.7235165710277685,0.9814056372467171,0.6656134607617791,2.8801361402587333,2.931817956548402,1.0,1.0,1.0,58.63635913096804,58.63635913096804
steady,2500.0,60.0,6,2,2559.4547563805104,1.2796145674561483,1.2796145674561483,0.0,0.05,25.592291349122966,2.8801361402587333,0.7235165710277685,0.9814056372467171,0.6656134607617791,1.3969914959996068,1.506831697392772,0.915978780916293,0.8492086871216135,1.0,23.441995830824247,21.73319613702254
steady,2500.0,60.0,6,3,2620.359628770301,0.5772383104248838,0.5772383104248838,0.0,0.05,11.544766208497675,2.8801361402587333,0.7235165710277685,0.9814056372467171,0.6656134607617791,0.6776017329930456,0.7744484132093477,0.8518843478678177,0.7453541134299486,1.0,9.834805632812461,8.604938982090815
steady,2500.0,60.0,6,4,2679.814385150812,0.4689419408321521,0.4689419408321521,0.0,0.05,9.378838816643041,2.8801361402587333,0.7235165710277685,0.9814056372467171,0.6656134607617791,0.3286663590078918,0.3980340642954632,1.0,1.0,1.0,9.378838816643041,9.378838816643041
steady,2500.0,60.0,6,5,2740.719257540603,0.3065869777156077,0.3065869777156077,0.0,0.05,6.131739554312154,2.8801361402587333,0.7235165710277685,0.9814056372467171,0.6656134607617791,0.15941750188028683,0.204572846476655,1.0,1.0,1.0,6.131739554312154,6.131739554312154
steady,2500.0,60.0,6,6,2800.1740139211133,0.2527551197765856,0.2527551197765856,0.0,0.05,5.055102395531712,2.8801361402587333,0.7235165710277685,0.9814056372467171,0.6656134607617791,0.07732443314997452,0.1051418792249286,1.0,1.0,1.0,5.055102395531712,5.055102395531712
steady,2500.0,60.0,7,1,2500.0,2.7139107150157784,2.7139107150157784,0.0,0.05,54.27821430031557,2.6581900011867288,0.5998444094362307,0.9816491461505346,0.6656134607617791,2.6581900011867288,2.7139107150157784,1.0,1.0,1.0,54.27821430031557,54.27821430031557
steady,2500.0,60.0,7,2,2559.4547563805104,1.381019577097707,1.381019577097707,0.0,0.05,27.620391541954138,2.6581900011867288,0.5998444094362307,0.9816491461505346,0.6656134607617791,1.459072603869079,1.39483649731584,0.9465050426110422,0.9900942366759676,1.0,26.14283987335097,27.346790480422435
steady,2500.0,60.0,7,3,2620.359628770301,0.6477073724150858,0.6477073724150858,0.0,0.05,12.954147448301715,2.6581900011867288,0.5998444094362307,0.9816491461505346,0.6656134607617791,0.80088062268343,0.7168875687323449,0.8087439676650909,0.9034992384655396,1.0,10.476588605058142,11.704062354510912
steady,2500.0,60.0,7,4,2679.814385150812,0.5167161495401069,0.5167161495401069,0.0,0.05,10.334322990802137,2.6581900011867288,0.5998444094362307,0.9816491461505346,0.6656134607617791,0.43960099729715124,0.36845019985636446,1.0,1.0,1.0,10.334322990802137,10.334322990802137
steady,2500.0,60.0,7,5,2740.719257540603,0.3461863660923011,0.34618636609230113,0.0,0.05,6.923727321846021,2.6581900011867288,0.5998444094362307,0.9816491461505346,0.6656134607617791,0.24129568296602044,0.1893679785998357,1.0,1.0,1.0,6.923727321846021,6.923727321846021
steady,2500.0,60.0,7,6,2800.1740139211133,0.2766933105620388,0.2766933105620388,0.0,0.05,5.533866211240775,2.6581900011867288,0.5998444094362307,0.9816491461505346,0.6656134607617791,0.1324464843711026,0.0973272136450665,1.0,1.0,1.0,5.533866211240775,5.533866211240775
steady,2500.0,60.0,7,7,2859.628770301624,0.2120089326530604,0.2120089326530604,0.0,0.05,4.240178653061208,2.6581900011867288,0.5998444094362307,0.9816491461505346,0.6656134607617791,0.07269948225611239,0.05002211348482246,1.0,1.0,1.0,4.240178653061208,4.240178653061208
steady,2500.0,60.0,8,1,2500.0,2.647948002661762,2.647948002661762,0.0,0.05,52.95896005323524,2.5761103828602137,0.5153703075959006,0.9820304267947275,0.6656134607617791,2.5761103828602137,2.647948002661762,1.0,1.0,1.0,52.95896005323524,52.95896005323524
steady,2500.0,60.0,8,2,2559.4547563805104,1.4560960758583406,1.4560960758583406,0.0,0.05,29.12192151716681,2.5761103828602137,0.5153703075959006,0.9820304267947275,0.6656134607617791,1.5386576034538193,1.3609344245084103,0.9463418453786254,1.0,1.0,27.55929294952714,29.12192151716681
steady,2500.0,60.0,8,3,2620.359628770301,0.7438327255123783,0.7438327255123783,0.0,0.05,14.876654510247565,2.5761103828602137,0.5153703075959006,0.9820304267947275,0.6656134607617791,0.9190084541477181,0.6994633225237931,0.8093861619610491,1.0,1.0,12.040958296869807,14.876654510247565
steady,2500.0,60.0,8,4,2679.814385150812,0.6082969136808706,0.6082969136808706,0.0,0.05,12.16593827361741,2.5761103828602137,0.5153703075959006,0.9820304267947275,0.6656134607617791,0.548904796557181,0.3594948667219935,1.0,1.0,1.0,12.16593827361741,12.16593827361741
steady,2500.0,60.0,8,5,2740.719257540603,0.4148165632302747,0.41481656323027477,0.0,0.05,8.296331264605493,2.5761103828602137,0.5153703075959006,0.9820304267947275,0.6656134607617791,0.3278495146847159,0.18476531225848192,1.0,1.0,1.0,8.296331264605493,8.296331264605493
steady,2500.0,60.0,8,6,2800.1740139211133,0.306995267793498,0.306995267793498,0.0,0.05,6.13990535586996,2.5761103828602137,0.5153703075959006,0.9820304267947275,0.6656134607617791,0.1958177537401181,0.09496163582322938,1.0,1.0,1.0,6.13990535586996,6.13990535586996
steady,2500.0,60.0,8,7,2859.628770301624,0.2216279466812713,0.22162794668127136,0.0,0.05,4.432558933625426,2.5761103828602137,0.5153703075959006,0.9820304267947275,0.6656134607617791,0.11695790587550668,0.04880630551262831,1.0,1.0,1.0,4.432558933625426,4.432558933625426
steady,2500.0,60.0,8,8,2920.533642691415,0.1820152170488987,0.18201521704889875,0.0,0.05,3.640304340977974,2.5761103828602137,0.5153703075959006,0.9820304267947275,0.6656134607617791,0.06985654510641731,0.025084397895442735,1.0,1.0,1.0,3.640304340977974,3.640304340977974
steady,2500.0,70.0,1,1,2500.0,0.1182152471580841,,,0.05,2.364304943161682,,,,0.4887470556694542,,,1.0,1.0,1.0,2.364304943161682,2.364304943161682
steady,2500.0,70.0,2,1,2500.0,1.048354249493647,1.048354249493647,0.0,0.05,20.96708498987294,1.048354249493647,0.8227035258089266,1.0,0.4887470556694542,1.048354249493647,1.048354249493647,1.0,1.0,1.0,20.96708498987294,20.96708498987294
steady,2500.0,70.0,2,2,2569.6055684454755,0.4604817878546945,0.4604817878546945,0.0,0.05,9.20963575709389,1.048354249493647,0.8227035258089266,1.0,0.4887470556694542,0.4604817878546945,0.6430546908791434,1.0,0.7160849526268959,1.0,9.20963575709389,6.594881584829545
steady,2500.0,70.0,3,1,2500.0,1.4618395733668843,1.4618395733668843,0.0,0.05,29.236791467337685,1.4650724921048448,0.7874744241362341,0.9993613172386292,0.4887470556694542,1.4650724921048448,1.4618395733668843,0.9977933387218841,1.0,1.0,29.172275771710364,29.236791467337685
steady,2500.0,70.0,3,2,2569.6055684454755,0.6808077956840783,0.6808077956840783,0.0,0.05,13.616155913681567,1.4650724921048448,0.7874744241362341,0.9993613172386292,0.4887470556694542,0.6665969422344814,0.8966842986713502,1.0,0.7592502697915599,1.0,13.616155913681567,10.338070050986673
steady,2500.0,70.0,3,3,2640.661252900232,0.2876800188531089,0.28768001885310895,0.0,0.05,5.7536003770621775,1.4650724921048448,0.7874744241362341,0.9993613172386292,0.4887470556694542,0.3032965848385893,0.5500211829892343,0.948510577546426,0.5230344353096301,1.0,5.457350816618581,3.009331124213991
steady,2500.0,70.0,4,1,2500.0,1.7750275899333054,1.7750275899333054,0.0,0.05,35.50055179866611,1.7660128696508446,0.6977789678102773,0.9924634603932818,0.4887470556694542,1.7660128696508446,1.7750275899333054,1.0,1.0,1.0,35.50055179866611,35.50055179866611
steady,2500.0,70.0,4,2,2569.6055684454755,0.8641661604416507,0.8641661604416507,0.0,0.05,17.283323208833014,1.7660128696508446,0.6977789678102773,0.9924634603932818,0.4887470556694542,0.8789259940403983,1.0887920936055973,0.9832069665718988,0.7936925382879252,1.0,16.993083784438404,13.717644667669283
steady,2500.0,70.0,4,3,2640.661252900232,0.3875625251596463,0.3875625251596463,0.0,0.05,7.751250503192925,1.7660128696508446,0.6977789678102773,0.9924634603932818,0.4887470556694542,0.4374322046433523,0.6678590405136194,0.8859944947940771,0.5803058754158511,1.0,6.867565273598752,4.498096208822927
steady,2500.0,70.0,4,4,2710.2668213457077,0.3043697316827831,0.30436973168278314,0.0,0.05,6.087394633655661,1.7660128696508446,0.6977789678102773,0.9924634603932818,0.4887470556694542,0.21770539835729188,0.4096610368639798,1.0,0.7429794495780747,1.0,6.087394633655661,4.522809114278009
steady,2500.0,70.0,5,1,2500.0,2.300810173971176,2.300810173971176,0.0,0.05,46.01620347942352,2.276716648654489,0.6233479976370602,0.9854281809647103,0.4887470556694542,2.276716648654489,2.300810173971176,1.0,1.0,1.0,46.01620347942352,46.01620347942352
steady,2500.0,70.0,5,2,2569.6055684454755,1.195314643540375,1.195314643540375,0.0,0.05,23.906292870807498,2.276716648654489,0.6233479976370602,0.9854281809647103,0.4887470556694542,1.2206534633645296,1.4113042188833027,0.9792415942897402,0.8469574649795705,1.0,23.410036344366986,20.247613206918295
steady,2500.0,70.0,5,3,2640.661252900232,0.5344166376870094,0.5344166376870094,0.0,0.05,10.688332753740188,2.276716648654489,0.6233479976370602,0.9854281809647103,0.4887470556694542,0.6544489752400191,0.8656861920946818,0.8165902276659722,0.6173329811278303,1.0,8.727988076746367,6.598260322152662
steady,2500.0,70.0,5,4,2710.2668213457077,0.4377669830304511,0.4377669830304511,0.0,0.05,8.755339660609021,2.276716648654489,0.6233479976370602,0.9854281809647103,0.4887470556694542,0.35088047021319496,0.5310071160818638,1.0,0.8244088822398414,1.0,8.755339660609021,7.217979783232836
steady,2500.0,70.0,5,5,2779.872389791183,0.3164649137617117,0.3164649137617117,0.0,0.05,6.329298275234234,2.276716648654489,0.6233479976370602,0.9854281809647103,0.4887470556694542,0.18812330530715496,0.32571682430016,1.0,0.9715952328887919,1.0,6.329298275234234,6.149516031748835
steady,2500.0,70.0,6,1,2500.0,2.838477562151577,2.8384775621515774,0.0,0.05,56.769551243031536,2.776593212897448,0.7288367437600829,0.9737712489857603,0.4887470556694542,2.776593212897448,2.838477562151577,1.0,1.0,1.0,56.769551243031536,56.769551243031536
steady,2500.0,70.0,6,2,2569.6055684454755,1.1912564602721578,1.1912564602721578,0.0,0.05,23.825129205443154,2.776593212897448,0.7288367437600829,0.9737712489857603,0.4887470556694542,1.3396226495109458,1.7411064172042812,0.8892477748917191,0.6841950891117701,1.0,21.186443132448037,16.301036399817615
steady,2500.0,70.0,6,3,2640.661252900232,0.5492565430081505,0.5492565430081505,0.0,0.05,10.985130860163009,2.776593212897448,0.7288367437600829,0.9737712489857603,0.4887470556694542,0.6463276056235928,1.0679850341082409,0.8498113622707083,0.5142923594119233,1.0,9.335289020997125,5.649568868521964
steady,2500.0,70.0,6,4,2710.2668213457077,0.462307615556254,0.462307615556254,0.0,0.05,9.24615231112508,2.776593212897448,0.7288367437600829,0.9737712489857603,0.4887470556694542,0.3118336151927784,0.6550961054469289,1.0,0.705709607662607,1.0,9.24615231112508,6.525098519872787
steady,2500.0,70.0,6,5,2779.872389791183,0.3515601386705753,0.35156013867057534,0.0,0.05,7.031202773411505,2.776593212897448,0.7288367437600829,0.9737712489857603,0.4887470556694542,0.15045033310990644,0.4018323231748949,1.0,0.8748926315655324,1.0,7.031202773411505,6.151547497500862
steady,2500.0,70.0,6,6,2849.4779582366587,0.2446121196367408,0.24461211963674082,0.0,0.05,4.892242392734816,2.776593212897448,0.7288367437600829,0.9737712489857603,0.4887470556694542,0.07258775715661206,0.2464817216978773,1.0,0.992414845010584,1.0,4.892242392734816,4.855133975940131
steady,2500.0,70.0,7,1,2500.0,2.773092871766487,2.773092871766487,0.0,0.05,55.46185743532974,2.704374227565859,0.5959050138048421,0.9759976342287318,0.4887470556694542,2.704374227565859,2.773092871766487,1.0,1.0,1.0,55.46185743532974,55.46185743532974
steady,2500.0,70.0,7,2,2569.6055684454755,1.3887308595324257,1.3887308595324257,0.0,0.05,27.774617190648513,2.704374227565859,0.5959050138048421,0.9759976342287318,0.4887470556694542,1.490282251520335,1.7009998102208872,0.9318576116139676,0.8164203494838067,1.0,25.88198843876997,22.675762673568205
steady,2500.0,70.0,7,3,2640.661252900232,0.6488018187199238,0.6488018187199238,0.0,0.05,12.976036374398475,2.704374227565859,0.5959050138048421,0.9759976342287318,0.4887470556694542,0.8212403322581335,1.0433838634940382,0.7900267354574975,0.6218246624470928,1.0,10.251415656043768,8.068819438411529
steady,2500.0,70.0,7,4,2710.2668213457077,0.5347695234302586,0.5347695234302586,0.0,0.05,10.695390468605172,2.704374227565859,0.5959050138048421,0.9759976342287318,0.4887470556694542,0.45255567033655086,0.6400058836328597,1.0,0.8355696988201907,1.0,10.695390468605172,8.936744192616763
steady,2500.0,70.0,7,5,2779.872389791183,0.4045339834615965,0.4045339834615965,0.0,0.05,8.09067966923193,2.704374227565859,0.5959050138048421,0.9759976342287318,0.4887470556694542,0.24938696592094522,0.3925760646834252,1.0,1.0,1.0,8.09067966923193,8.09067966923193
steady,2500.0,70.0,7,6,2849.4779582366587,0.2765060390734791,0.27650603907347915,0.0,0.05,5.530120781469582,2.704374227565859,0.5959050138048421,0.9759976342287318,0.4887470556694542,0.13742808420675223,0.2408039840001435,1.0,1.0,1.0,5.530120781469582,5.530120781469582
steady,2500.0,70.0,7,7,2920.533642691415,0.2355270034071292,0.23552700340712926,0.0,0.05,4.710540068142584,2.704374227565859,0.5959050138048421,0.9759976342287318,0.4887470556694542,0.07573161756466903,0.14770783021909886,1.0,1.0,1.0,4.710540068142584,4.710540068142584
steady,2500.0,70.0,8,1,2500.0,2.686672742476563,2.686672742476563,0.0,0.05,53.733454849531256,2.613322406602548,0.5044291883173845,0.9822795541512426,0.4887470556694542,2.613322406602548,2.686672742476563,1.0,1.0,1.0,53.733454849531256,53.733454849531256
steady,2500.0,70.0,8,2,2569.6055684454755,1.4985429854484529,1.4985429854484527,0.0,0.05,29.970859708969055,2.613322406602548,0.5044291883173845,0.9822795541512426,0.4887470556694542,1.5780551580563065,1.6479901815070157,0.9496138191355815,0.9093154815267772,1.0,28.460742551010828,27.252966728032682
steady,2500.0,70.0,8,3,2640.661252900232,0.7698439082060119,0.7698439082060119,0.0,0.05,15.396878164120237,2.613322406602548,0.5044291883173845,0.9822795541512426,0.4887470556694542,0.9529088625178768,1.01086805080698,0.8078882865795253,0.7615671576438116,1.0,12.438957518684804,11.725756740037117
steady,2500.0,70.0,8,4,2710.2668213457077,0.6236386737544899,0.6236386737544899,0.0,0.05,12.472773475089797,2.613322406602548,0.5044291883173845,0.9822795541512426,0.4887470556694542,0.5754141708098103,0.6200608642023957,1.0,1.0,1.0,12.472773475089797,12.472773475089797
steady,2500.0,70.0,8,5,2779.872389791183,0.4644713050868219,0.4644713050868219,0.0,0.05,9.289426101736437,2.613322406602548,0.5044291883173845,0.9822795541512426,0.4887470556694542,0.34746394014415,0.3803419002198096,1.0,1.0,1.0,9.289426101736437,9.289426101736437
steady,2500.0,70.0,8,6,2849.4779582366587,0.2966596453556965,0.2966596453556965,0.0,0.05,5.93319290711393,2.613322406602548,0.5044291883173845,0.9822795541512426,0.4887470556694542,0.20981615647488516,0.23329961527066606,1.0,1.0,1.0,5.93319290711393,5.93319290711393
steady,2500.0,70.0,8,7,2920.533642691415,0.2360407022234185,0.2360407022234185,0.0,0.05,4.720814044468369,2.613322406602548,0.5044291883173845,0.9822795541512426,0.4887470556694542,0.12669752003511509,0.14310469199944836,1.0,1.0,1.0,4.720814044468369,4.720814044468369
steady,2500.0,70.0,8,8,2990.139211136891,0.1778202329514294,0.17782023295142949,0.0,0.05,3.556404659028588,2.613322406602548,0.5044291883173845,0.9822795541512426,0.4887470556694542,0.07650631797256204,0.08777962556216828,1.0,1.0,1.0,3.556404659028588,3.556404659028588
steady,2500.0,80.0,1,1,2500.0,0.1182152471580841,,,0.05,2.364304943161682,,,,0.40543448826779266,,,1.0,1.0,1.0,2.364304943161682,2.364304943161682
steady,2500.0,80.0,2,1,2500.0,1.0378397725923951,1.0378397725923951,0.0,0.05,20.7567954518479,1.0378397725923951,0.8330570231391509,1.0,0.40543448826779266,1.0378397725923951,1.0378397725923951,1.0,1.0,1.0,20.7567954518479,20.7567954518479
steady,2500.0,80.0,2,2,2579.7563805104405,0.451167950969043,0.451167950969043,0.0,0.05,9.023359019380859,1.0378397725923951,0.8330570231391509,1.0,0.40543448826779266,0.451167950969043,0.6919143677113962,1.0,0.6520574973191324,1.0,9.023359019380859,5.883748899589504
steady,2500.0,80.0,3,1,2500.0,1.5593709394875466,1.5593709394875466,0.0,0.05,31.18741878975093,1.5409340442816695,0.6199666194810401,0.9848650234131493,0.40543448826779266,1.5409340442816695,1.5593709394875466,1.0,1.0,1.0,31.18741878975093,31.18741878975093
steady,2500.0,80.0,3,2,2579.7563805104405,0.760421186920405,0.760421186920405,0.0,0.05,15.208423738408099,1.5409340442816695,0.6199666194810401,0.9848650234131493,0.40543448826779266,0.8289645686272546,1.0396124586052098,0.9173144615573186,0.7314467815637952,1.0,13.950907032733367,11.124152596117026
steady,2500.0,80.0,3,3,2659.512761020881,0.5096581950049116,0.5096581950049116,0.0,0.05,10.19316390009823,1.5409340442816695,0.6199666194810401,0.9848650234131493,0.40543448826779266,0.4459517645089806,0.693096194573402,1.0,0.7353354397200293,1.0,10.19316390009823,7.4953946586170614
steady,2500.0,80.0,4,1,2500.0,1.9633171738948072,1.9633171738948072,0.0,0.05,39.26634347789614,1.9264956020609534,0.4871196703401412,0.9876712125866721,0.40543448826779266,1.9264956020609534,1.9633171738948072,1.0,1.0,1.0,39.26634347789614,39.26634347789614
steady,2500.0,80.0,4,2,2579.7563805104405,1.0855603323908989,1.0855603323908987,0.0,0.05,21.711206647817978,1.9264956020609534,0.4871196703401412,0.9876712125866721,0.40543448826779266,1.1836263831317155,1.308918194182439,0.9171477992224648,0.829356897333793,1.0,19.912385395510405,18.00633898280714
steady,2500.0,80.0,4,3,2659.512761020881,0.7538048785050995,0.7538048785050995,0.0,0.05,15.07609757010199,1.9264956020609534,0.4871196703401412,0.9876712125866721,0.40543448826779266,0.7272123607999499,0.8726388491081434,1.0,0.8638222779967968,1.0,15.07609757010199,13.023068946307474
steady,2500.0,80.0,4,4,2740.719257540603,0.5045359909817555,0.5045359909817555,0.0,0.05,10.09071981963511,1.9264956020609534,0.4871196703401412,0.9876712125866721,0.40543448826779266,0.4467945504061874,0.5817770463863277,1.0,0.8672325491623463,1.0,10.09071981963511,8.751000672065167
steady,2500.0,80.0,5,1,2500.0,2.648641981806753,2.648641981806753,0.0,0.05,52.972839636135056,2.6128707403288076,0.4589973671877982,0.9962815930994107,0.40543448826779266,2.6128707403288076,2.648641981806753,1.0,1.0,1.0,52.972839636135056,52.972839636135056
steady,2500.0,80.0,5,2,2579.7563805104405,1.561349351682414,1.561349351682414,0.0,0.05,31.226987033648278,2.6128707403288076,0.4589973671877982,0.9962815930994107,0.40543448826779266,1.651117200841396,1.7658153893620667,0.945632055002978,0.8842087123538322,1.0,29.529239920180167,27.611173995711958
steady,2500.0,80.0,5,3,2659.512761020881,1.0678001095772534,1.0678001095772534,0.0,0.05,21.356002191545066,2.6128707403288076,0.4589973671877982,0.9962815930994107,0.40543448826779266,1.043368877318156,1.1772463061168101,1.0,0.9070320323190743,1.0,21.356002191545066,19.370578070007724
steady,2500.0,80.0,5,4,2740.719257540603,0.6893651909878014,0.6893651909878014,0.0,0.05,13.787303819756026,2.6128707403288076,0.4589973671877982,0.9962815930994107,0.40543448826779266,0.6593224355008827,0.7848549025084437,1.0,0.8783345670448749,1.0,13.787303819756026,12.109865531241558
steady,2500.0,80.0,5,5,2820.475638051044,0.4393257117532509,0.43932571175325097,0.0,0.05,8.786514235065018,2.6128707403288076,0.4589973671877982,0.9962815930994107,0.40543448826779266,0.41663699522279307,0.5232526233388047,1.0,0.8396053687222294,1.0,8.786514235065018,7.377204524114882
steady,2500.0,80.0,6,1,2500.0,3.07368842747478,3.07368842747478,0.0,0.05,61.4737685494956,2.9440610471760014,0.5209380666094444,0.9704354645253821,0.40543448826779266,2.9440610471760014,3.07368842747478,1.0,1.0,1.0,61.4737685494956,61.4737685494956
steady,2500.0,80.0,6,2,2579.7563805104405,1.4521949677667438,1.4521949677667438,0.0,0.05,29.043899355334876,2.9440610471760014,0.5209380666094444,0.9704354645253821,0.40543448826779266,1.7486636544139194,2.0491883631764685,0.8304598566460514,0.7086683654184338,1.0,24.119792495073746,20.58249268152267
steady,2500.0,80.0,6,3,2659.512761020881,1.034586462191909,1.034586462191909,0.0,0.05,20.69172924383818,2.9440610471760014,0.5209380666094444,0.9704354645253821,0.40543448826779266,1.0386417018089233,1.366167406638456,0.9960956318141745,0.7572911322321593,1.0,20.610941114468822,15.669663066907495
steady,2500.0,80.0,6,4,2740.719257540603,0.720401145235654,0.720401145235654,0.0,0.05,14.40802290471308,2.9440610471760014,0.5209380666094444,0.9704354645253821,0.40543448826779266,0.6169148549599712,0.9108061594045446,1.0,0.7909489168437649,1.0,14.40802290471308,11.396010110342965
steady,2500.0,80.0,6,5,2820.475638051044,0.504244576441504,0.504244576441504,0.0,0.05,10.084891528830079,2.9440610471760014,0.5209380666094444,0.9704354645253821,0.40543448826779266,0.3664246656064823,0.6072226990471558,1.0,0.8304112761804797,1.0,10.084891528830079,8.374607644597495
steady,2500.0,80.0,6,6,2900.232018561485,0.3401471326685518,0.34014713266855184,0.0,0.05,6.802942653371035,2.9440610471760014,0.5209380666094444,0.9704354645253821,0.40543448826779266,0.21764273381540525,0.4048275282626213,1.0,0.8402272793264449,1.0,6.802942653371035,5.716017997055771
steady,2500.0,80.0,7,1,2500.0,3.137574292403466,3.137574292403466,0.0,0.05,62.75148584806932,3.035509120348125,0.4532377773812191,0.9883876665884477,0.40543448826779266,3.035509120348125,3.137574292403466,1.0,1.0,1.0,62.75148584806932,62.75148584806932
steady,2500.0,80.0,7,2,2579.7563805104405,1.711420397354134,1.711420397354134,0.0,0.05,34.22840794708268,3.035509120348125,0.4532377773812191,0.9883876665884477,0.40543448826779266,1.9292694014248117,2.091780243932216,0.8870821234661209,0.8181645286681426,1.0,30.363408804562752,28.00446925508581
steady,2500.0,80.0,7,3,2659.512761020881,1.2250946674658665,1.2250946674658665,0.0,0.05,24.501893349317328,3.035509120348125,0.4532377773812191,0.9883876665884477,0.40543448826779266,1.2261799506130913,1.394562863259992,0.9991149071172775,0.8784793426967006,1.0,24.48020689790062,21.524407164332946
steady,2500.0,80.0,7,4,2740.719257540603,0.8472793696228516,0.8472793696228516,0.0,0.05,16.94558739245703,3.035509120348125,0.4532377773812191,0.9883876665884477,0.40543448826779266,0.7793195031109389,0.9297370434706758,1.0,0.911310757781563,1.0,16.94558739245703,15.442696087673715
steady,2500.0,80.0,7,5,2820.475638051044,0.5696010087560123,0.5696010087560123,0.0,0.05,11.392020175120244,3.035509120348125,0.4532377773812191,0.9883876665884477,0.40543448826779266,0.49530975255745346,0.6198436748709251,1.0,0.918943004257686,1.0,11.392020175120244,10.468617244289169
steady,2500.0,80.0,7,6,2900.232018561485,0.3636312653883778,0.3636312653883778,0.0,0.05,7.272625307767556,3.035509120348125,0.4532377773812191,0.9883876665884477,0.40543448826779266,0.3148025296418148,0.41324176978392196,1.0,0.87994799165272,1.0,7.272625307767556,6.399532033612806
steady,2500.0,80.0,7,7,2979.9883990719254,0.2334119090079091,0.23341190900790915,0.0,0.05,4.668238180158181,3.035509120348125,0.4532377773812191,0.9883876665884477,0.40543448826779266,0.2000780969023834,0.27550294891644816,1.0,0.8472210911930963,1.0,4.668238180158181,3.9550298449428887
steady,2500.0,80.0,8,1,2500.0,2.910984509427918,2.910984509427918,0.0,0.05,58.21969018855836,2.860770811975208,0.40284745044844794,0.9958262638158301,0.40543448826779266,2.860770811975208,2.910984509427918,1.0,1.0,1.0,58.21969018855836,58.21969018855836
steady,2500.0,80.0,8,2,2579.7563805104405,1.784690427531988,1.784690427531988,0.0,0.05,35.69380855063976,2.860770811975208,0.40284745044844794,0.9958262638158301,0.40543448826779266,1.912179426900396,1.940715763115712,0.9333279097270358,0.9196042313103935,1.0,33.3140277247656,32.82417737475143
steady,2500.0,80.0,8,3,2659.512761020881,1.313885744628656,1.313885744628656,0.0,0.05,26.27771489257312,2.860770811975208,0.40284745044844794,0.9958262638158301,0.40543448826779266,1.2781276099977263,1.293850125621585,1.0,1.0,1.0,26.27771489257312,26.27771489257312
steady,2500.0,80.0,8,4,2740.719257540603,0.9129303122546284,0.9129303122546285,0.0,0.05,18.258606245092565,2.860770811975208,0.40284745044844794,0.9958262638158301,0.40543448826779266,0.854318462199203,0.8625931624749623,1.0,1.0,1.0,18.258606245092565,18.258606245092565
steady,2500.0,80.0,8,5,2820.475638051044,0.5990160947107848,0.5990160947107848,0.0,0.05,11.980321894215695,2.860770811975208,0.40284745044844794,0.9958262638158301,0.40543448826779266,0.5710384699816552,0.5750797168961864,1.0,1.0,1.0,11.980321894215695,11.980321894215695
steady,2500.0,80.0,8,6,2900.232018561485,0.3673968702769925,0.3673968702769925,0.0,0.05,7.3479374055398505,2.860770811975208,0.40284745044844794,0.9958262638158301,0.40543448826779266,0.38169014088677844,0.38339821734327445,0.9625526858603723,0.9582644197535348,1.0,7.072776885236279,7.041266974304939
steady,2500.0,80.0,8,7,2979.9883990719254,0.2210854343008049,0.2210854343008049,0.0,0.05,4.421708686016098,2.860770811975208,0.40284745044844794,0.9958262638158301,0.40543448826779266,0.2551270558966876,0.25560663807681494,0.8665699273789775,0.8649440247884497,1.0,3.831719774931964,3.824530507324811
steady,2500.0,80.0,8,8,3059.7447795823664,0.1853053204609568,0.18530532046095682,0.0,0.05,3.7061064092191356,2.860770811975208,0.40284745044844794,0.9958262638158301,0.40543448826779266,0.17053051068934819,0.1704096432207314,1.0,1.0,1.0,3.7061064092191356,3.7061064092191356
steady,2500.0,90.0,1,1,2500.0,0.1182152471580841,,,0.05,2.364304943161682,,,,0.396741814895877,,,1.0,1.0,1.0,2.364304943161682,2.364304943161682
steady,2500.0,90.0,2,1,2500.0,1.0388150402399612,1.0388150402399612,0.0,0.05,20.776300804799224,1.0388150402399612,0.8287897073584488,1.0,0.396741814895877,1.0388150402399612,1.0388150402399612,1.0,1.0,1.0,20.776300804799224,20.776300804799224
steady,2500.0,90.0,2,2,2589.907192575406,0.4535231205840819,0.45352312058408195,0.0,0.05,9.070462411681637,1.0388150402399612,0.8287897073584488,1.0,0.396741814895877,0.4535231205840819,0.6986110455752828,1.0,0.6491782851939033,1.0,9.070462411681637,5.888347234331242
steady,2500.0,90.0,3,1,2500.0,1.560777126823217,1.5607771268232167,0.0,0.05,31.215542536464337,1.5421124066793845,0.615731422919407,0.9845859032702021,0.396741814895877,1.5421124066793845,1.560777126823217,1.0,1.0,1.0,31.215542536464337,31.215542536464337
steady,2500.0,90.0,3,2,2589.907192575406,0.7640223338615288,0.7640223338615288,0.0,0.05,15.280446677230577,1.5421124066793845,0.615731422919407,0.9845859032702021,0.396741814895877,0.833119446651613,1.0496345338127582,0.9170621774971259,0.727893670843933,1.0,14.013119702949796,11.122540424024344
steady,2500.0,90.0,3,3,2679.814385150812,0.514038790312557,0.514038790312557,0.0,0.05,10.280775806251139,1.5421124066793845,0.615731422919407,0.9845859032702021,0.396741814895877,0.4500891176173484,0.7058872376062922,1.0,0.7282165803927758,1.0,10.280775806251139,7.486631401412987
steady,2500.0,90.0,4,1,2500.0,2.097927760757326,2.097927760757326,0.0,0.05,41.95855521514652,2.045253720873115,0.43694736983958504,0.9781206120571224,0.396741814895877,2.045253720873115,2.097927760757326,1.0,1.0,1.0,41.95855521514652,41.95855521514652
steady,2500.0,90.0,4,2,2589.907192575406,1.1971459991319615,1.1971459991319617,0.0,0.05,23.94291998263923,2.045253720873115,0.43694736983958504,0.9781206120571224,0.396741814895877,1.3212450091772439,1.410872436103286,0.9060741882214863,0.8485146980675167,1.0,21.694061786921843,20.315919519923835
steady,2500.0,90.0,4,3,2679.814385150812,0.8590807383664725,0.8590807383664725,0.0,0.05,17.18161476732945,2.045253720873115,0.43694736983958504,0.9781206120571224,0.396741814895877,0.8535314501374159,0.9488224848301989,1.0,0.9054177700270387,1.0,17.18161476732945,15.556539328099067
steady,2500.0,90.0,4,4,2769.721577726218,0.6447813866476836,0.6447813866476836,0.0,0.05,12.89562773295367,2.045253720873115,0.43694736983958504,0.9781206120571224,0.396741814895877,0.5513859513666857,0.6380903649984181,1.0,1.0,1.0,12.89562773295367,12.89562773295367
steady,2500.0,90.0,5,1,2500.0,2.715012497073145,2.7150124970731455,0.0,0.05,54.3002499414629,2.6173778761573647,0.3751638575875055,0.9748953131556364,0.396741814895877,2.6173778761573647,2.715012497073145,1.0,1.0,1.0,54.3002499414629,54.3002499414629
steady,2500.0,90.0,5,2,2589.907192575406,1.6279989813884033,1.6279989813884033,0.0,0.05,32.559979627768065,2.6173778761573647,0.3751638575875055,0.9748953131556364,0.396741814895877,1.7986010142576445,1.8258666325163064,0.9051473720314477,0.891630830201868,1.0,29.47157999347174,29.031481666862746
steady,2500.0,90.0,5,3,2679.814385150812,1.1773131846806768,1.1773131846806768,0.0,0.05,23.546263693613536,2.6173778761573647,0.3751638575875055,0.9748953131556364,0.396741814895877,1.2359566564526627,1.227909250263249,0.9525521615456165,0.9587949471251845,1.0,22.429044377674646,22.576038653113844
steady,2500.0,90.0,5,4,2769.721577726218,0.9003161684832451,0.9003161684832451,0.0,0.05,18.0063233696649,2.6173778761573647,0.3751638575875055,0.9748953131556364,0.396741814895877,0.8493205800065352,0.8257783454885436,1.0,1.0,1.0,18.0063233696649,18.0063233696649
steady,2500.0,90.0,5,5,2859.628770301624,0.7215066461625811,0.7215066461625811,0.0,0.05,14.430132923251621,2.6173778761573647,0.3751638575875055,0.9748953131556364,0.396741814895877,0.583633288316907,0.5553422418892953,1.0,1.0,1.0,14.430132923251621,14.430132923251621
steady,2500.0,90.0,6,1,2500.0,3.040344114288556,3.0403441142885557,0.0,0.05,60.80688228577112,2.8208209490922607,0.37657808703081597,0.9263962717503875,0.396741814895877,2.8208209490922607,3.040344114288556,1.0,1.0,1.0,60.80688228577112,60.80688228577112
steady,2500.0,90.0,6,2,2589.907192575406,1.591823456808557,1.591823456808557,0.0,0.05,31.83646913617114,2.8208209490922607,0.37657808703081597,0.9263962717503875,0.396741814895877,1.9356629396032077,2.0446546288944254,0.822366035036485,0.7785292607922146,1.0,26.18123089307449,24.785622782817473
steady,2500.0,90.0,6,3,2679.814385150812,1.175672674697002,1.1756726746970019,0.0,0.05,23.51345349394004,2.8208209490922607,0.37657808703081597,0.9263962717503875,0.396741814895877,1.3282626169374725,1.3750458482025045,0.8851206528778989,0.8550061630554878,1.0,20.81224330797032,20.10414765203733
steady,2500.0,90.0,6,4,2769.721577726218,0.9466171028109032,0.9466171028109032,0.0,0.05,18.93234205621806,2.8208209490922607,0.37657808703081597,0.9263962717503875,0.396741814895877,0.9114611554815651,0.9247288309426135,1.0,1.0,1.0,18.93234205621806,18.93234205621806
steady,2500.0,90.0,6,5,2859.628770301624,0.8013550301909391,0.8013550301909391,0.0,0.05,16.02710060381878,2.8208209490922607,0.37657808703081597,0.9263962717503875,0.396741814895877,0.6254496869506475,0.6218871988118302,1.0,1.0,1.0,16.02710060381878,16.02710060381878
steady,2500.0,90.0,6,6,2949.5359628770298,0.6783513432381065,0.6783513432381065,0.0,0.05,13.56702686476213,2.8208209490922607,0.37657808703081597,0.9263962717503875,0.396741814895877,0.42918703507444744,0.4182238891068221,1.0,1.0,1.0,13.56702686476213,13.56702686476213
steady,2500.0,90.0,7,1,2500.0,3.1785497930669684,3.1785497930669684,0.0,0.05,63.57099586133936,2.890154118354416,0.35314503633094885,0.9141980712090931,0.396741814895877,2.890154118354416,3.1785497930669684,1.0,1.0,1.0,63.57099586133936,63.57099586133936
steady,2500.0,90.0,7,2,2589.907192575406,1.619278542415217,1.619278542415217,0.0,0.05,32.38557084830434,2.890154118354416,0.35314503633094885,0.9141980712090931,0.396741814895877,2.030261885811481,2.137599003028174,0.797571265919718,0.7575221265173253,1.0,25.82980073901481,24.532786497485002
steady,2500.0,90.0,7,3,2679.814385150812,1.2341840921168257,1.2341840921168257,0.0,0.05,24.68368184233651,2.890154118354416,0.35314503633094885,0.9141980712090931,0.396741814895877,1.4262088304570197,1.4375516494074232,0.8653600130363371,0.858531999615855,1.0,21.36027124086912,21.191730729982737
steady,2500.0,90.0,7,4,2769.721577726218,0.9947165375161002,0.9947165375161002,0.0,0.05,19.894330750322002,2.890154118354416,0.35314503633094885,0.9141980712090931,0.396741814895877,1.001876478245848,0.9667644594643203,0.9928534695791202,1.0,1.0,19.752155310411784,19.894330750322002
steady,2500.0,90.0,7,5,2859.628770301624,0.8340304571010135,0.8340304571010135,0.0,0.05,16.68060914202027,2.890154118354416,0.35314503633094885,0.9141980712090931,0.396741814895877,0.7037934811696932,0.6501564799209872,1.0,1.0,1.0,16.68060914202027,16.68060914202027
steady,2500.0,90.0,7,6,2949.5359628770298,0.706111025652622,0.706111025652622,0.0,0.05,14.122220513052438,2.890154118354416,0.35314503633094885,0.9141980712090931,0.396741814895877,0.49439753791226226,0.4372351964794684,1.0,1.0,1.0,14.122220513052438,14.122220513052438
steady,2500.0,90.0,7,7,3039.443155452436,0.5937908146860005,0.5937908146860005,0.0,0.05,11.875816293720009,2.890154118354416,0.35314503633094885,0.9141980712090931,0.396741814895877,0.34730205952955123,0.2940440077805155,1.0,1.0,1.0,11.875816293720009,11.875816293720009
steady,2500.0,90.0,8,1,2500.0,2.9129949237922768,2.9129949237922768,0.0,0.05,58.25989847584553,2.7106562588510315,0.30048790554606136,0.9646283371105056,0.396741814895877,2.7106562588510315,2.9129949237922768,1.0,1.0,1.0,58.25989847584553,58.25989847584553
steady,2500.0,90.0,8,2,2589.907192575406,1.7698011479289262,1.7698011479289262,0.0,0.05,35.39602295857852,2.7106562588510315,0.30048790554606136,0.9646283371105056,0.396741814895877,2.0071240206818364,1.9590113260161568,0.8817597366642597,0.9034154751560277,1.0,31.210787882918286,31.97731489975788
steady,2500.0,90.0,8,3,2679.814385150812,1.3469258166022855,1.3469258166022857,0.0,0.05,26.938516332045708,2.7106562588510315,0.30048790554606136,0.9646283371105056,0.396741814895877,1.4861887490321641,1.3174500731581935,0.9062952585796592,1.0,1.0,24.41424962490374,26.938516332045708
steady,2500.0,90.0,8,4,2769.721577726218,1.0586276054749768,1.0586276054749768,0.0,0.05,21.172552109499534,2.7106562588510315,0.30048790554606136,0.9646283371105056,0.396741814895877,1.1004586537704115,0.885995232500363,0.9619876238401939,1.0,1.0,20.36773309445014,21.172552109499534
steady,2500.0,90.0,8,5,2859.628770301624,0.8487449908766871,0.8487449908766871,0.0,0.05,16.97489981753374,2.7106562588510315,0.30048790554606136,0.9646283371105056,0.396741814895877,0.8148421588084418,0.5958385581410298,1.0,1.0,1.0,16.97489981753374,16.97489981753374
steady,2500.0,90.0,8,6,2949.5359628770298,0.687350778074997,0.687350778074997,0.0,0.05,13.74701556149994,2.7106562588510315,0.30048790554606136,0.9646283371105056,0.396741814895877,0.6033554659202357,0.400705979382836,1.0,1.0,1.0,13.74701556149994,13.74701556149994
steady,2500.0,90.0,8,7,3039.443155452436,0.5664524545910998,0.5664524545910998,0.0,0.05,11.329049091821997,2.7106562588510315,0.30048790554606136,0.9646283371105056,0.396741814895877,0.44675869347281166,0.2694778303943756,1.0,1.0,1.0,11.329049091821997,11.329049091821997
steady,2500.0,90.0,8,8,3129.350348027842,0.4792053982744364,0.4792053982744364,0.0,0.05,9.584107965488728,2.7106562588510315,0.30048790554606136,0.9646283371105056,0.396741814895877,0.33080553913457056,0.18122589831553296,1.0,1.0,1.0,9.584107965488728,9.584107965488728
steady,2500.0,100.0,1,1,2500.0,0.1182152471580841,,,0.05,2.364304943161682,,,,0.39305674204113256,,,1.0,1.0,1.0,2.364304943161682,2.364304943161682
steady,2500.0,100.0,2,1,2500.0,1.0404805138842086,1.0404805138842086,0.0,0.05,20.809610277684172,1.0404805138842086,0.8311427119504207,1.0,0.39305674204113256,1.0404805138842086,1.0404805138842086,1.0,1.0,1.0,20.809610277684172,20.809610277684172
steady,2500.0,100.0,2,2,2600.058004640371,0.4531826323074675,0.4531826323074675,0.0,0.05,9.06365264614935,1.0404805138842086,0.8311427119504207,1.0,0.39305674204113256,0.4531826323074675,0.7023144062914759,1.0,0.6452703066429578,1.0,9.06365264614935,5.848505922286047
steady,2500.0,100.0,3,1,2500.0,1.569675735263976,1.5696757352639759,0.0,0.05,31.39351470527952,1.5510712770100037,0.6114945403795928,0.9849357354831748,0.39305674204113256,1.5510712770100037,1.569675735263976,1.0,1.0,1.0,31.39351470527952,31.39351470527952
steady,2500.0,100.0,3,2,2600.058004640371,0.7729344676316203,0.7729344676316203,0.0,0.05,15.458689352632407,1.5510712770100037,0.6114945403795928,0.9849357354831748,0.39305674204113256,0.8415173044718801,1.0595161248783733,0.9185009785588414,0.7295164740605992,1.0,14.198821297630008,11.27736855013052
steady,2500.0,100.0,3,3,2700.116009280742,0.5197616603493139,0.5197616603493139,0.0,0.05,10.395233206986278,1.5510712770100037,0.6114945403795928,0.9849357354831748,0.39305674204113256,0.45655630674221537,0.7151632618494284,1.0,0.7267734349289678,1.0,10.395233206986278,7.554979344729087
steady,2500.0,100.0,4,1,2500.0,2.1223531875351123,2.1223531875351123,0.0,0.05,42.44706375070224,2.06959801214465,0.4388685378496284,0.9782017121623353,0.39305674204113256,2.06959801214465,2.1223531875351123,1.0,1.0,1.0,42.44706375070224,42.44706375070224
steady,2500.0,100.0,4,2,2600.058004640371,1.2118343153222375,1.2118343153222375,0.0,0.05,24.23668630644475,2.06959801214465,0.4388685378496284,0.9782017121623353,0.39305674204113256,1.3344054722722616,1.432568124971558,0.9081454928828292,0.8459174081835006,1.0,22.010437431612782,20.50223486330428
steady,2500.0,100.0,4,3,2700.116009280742,0.8598844657225444,0.8598844657225444,0.0,0.05,17.197689314450887,2.06959801214465,0.4388685378496284,0.9782017121623353,0.39305674204113256,0.8603786600011984,0.9669697978346372,0.999425608395897,0.8892567975216061,1.0,17.187811106098696,15.293162124540142
steady,2500.0,100.0,4,4,2800.1740139211133,0.6535321433130916,0.6535321433130916,0.0,0.05,13.070642866261831,2.06959801214465,0.4388685378496284,0.9782017121623353,0.39305674204113256,0.5547425081560386,0.6526953752673529,1.0,1.0,1.0,13.070642866261831,13.070642866261831
steady,2500.0,100.0,5,1,2500.0,2.801111934547327,2.801111934547327,0.0,0.05,56.022238690946544,2.7146759045650364,0.38955829022883043,0.9809318601976874,0.39305674204113256,2.7146759045650364,2.801111934547327,1.0,1.0,1.0,56.022238690946544,56.022238690946544
steady,2500.0,100.0,5,2,2600.058004640371,1.6877982869791643,1.6877982869791643,0.0,0.05,33.75596573958328,2.7146759045650364,0.38955829022883043,0.9809318601976874,0.39305674204113256,1.8388020206844202,1.890723794454937,0.9178792866188765,0.89267310853605,1.0,30.98390175217994,30.133042868390213
steady,2500.0,100.0,5,3,2700.116009280742,1.1882064585485783,1.1882064585485783,0.0,0.05,23.764129170971565,2.7146759045650364,0.38955829022883043,0.9809318601976874,0.39305674204113256,1.2455235873966561,1.2762204975917126,0.9539814986821086,0.9310353977159739,1.0,22.670539561398666,22.125245454069287
steady,2500.0,100.0,5,4,2800.1740139211133,0.8877523696616965,0.8877523696616965,0.0,0.05,17.755047393233927,2.7146759045650364,0.38955829022883043,0.9809318601976874,0.39305674204113256,0.8436628790433979,0.8614366430728588,1.0,1.0,1.0,17.755047393233927,17.755047393233927
steady,2500.0,100.0,5,5,2900.232018561485,0.7065759865831883,0.7065759865831883,0.0,0.05,14.131519731663765,2.7146759045650364,0.38955829022883043,0.9809318601976874,0.39305674204113256,0.5714601157923491,0.5814615040496233,1.0,1.0,1.0,14.131519731663765,14.131519731663765
steady,2500.0,100.0,6,1,2500.0,2.9564893291540657,2.9564893291540657,0.0,0.05,59.12978658308131,2.7383149409600502,0.3639703209048698,0.924198577186414,0.39305674204113256,2.7383149409600502,2.9564893291540657,1.0,1.0,1.0,59.12978658308131,59.12978658308131
steady,2500.0,100.0,6,2,2600.058004640371,1.571570309056466,1.571570309056466,0.0,0.05,31.431406181129322,2.7383149409600502,0.3639703209048698,0.924198577186414,0.39305674204113256,1.9028874160446652,1.9956020513643133,0.8258871732533323,0.787516883930865,1.0,25.95879520231021,24.752763053328295
steady,2500.0,100.0,6,3,2700.116009280742,1.1638167655093508,1.1638167655093508,0.0,0.05,23.276335310187015,2.7383149409600502,0.3639703209048698,0.924198577186414,0.39305674204113256,1.3223389552377898,1.3470123190158578,0.8801198519482981,0.8639986057140504,1.0,20.48596478710074,20.1107212541343
steady,2500.0,100.0,6,4,2800.1740139211133,0.9491282267217636,0.9491282267217637,0.0,0.05,18.98256453443527,2.7383149409600502,0.3639703209048698,0.924198577186414,0.39305674204113256,0.9189089684422646,0.9092204462006928,1.0,1.0,1.0,18.98256453443527,18.98256453443527
steady,2500.0,100.0,6,5,2900.232018561485,0.8077702948234105,0.8077702948234105,0.0,0.05,16.155405896468206,2.7383149409600502,0.3639703209048698,0.924198577186414,0.39305674204113256,0.6385607025634236,0.6137151146422847,1.0,1.0,1.0,16.155405896468206,16.155405896468206
steady,2500.0,100.0,6,6,3000.290023201856,0.6844899326520824,0.6844899326520824,0.0,0.05,13.689798653041647,2.7383149409600502,0.3639703209048698,0.924198577186414,0.39305674204113256,0.44374337922670176,0.41425183904988344,1.0,1.0,1.0,13.689798653041647,13.689798653041647
steady,2500.0,100.0,7,1,2500.0,3.156946852955465,3.156946852955465,0.0,0.05,63.138937059109296,2.8683931518747743,0.3536407990954297,0.9128159568060024,0.39305674204113256,2.8683931518747743,3.156946852955465,1.0,1.0,1.0,63.138937059109296,63.138937059109296
steady,2500.0,100.0,7,2,2600.058004640371,1.603572764894832,1.6035727648948321,0.0,0.05,32.071455297896634,2.8683931518747743,0.3536407990954297,0.9128159568060024,0.39305674204113256,2.0139766421547836,2.130908964791917,0.7962221265779654,0.7525299256748965,1.0,25.53600233974141,24.13472987161192
steady,2500.0,100.0,7,3,2700.116009280742,1.2164713479593978,1.2164713479593978,0.0,0.05,24.329426959187956,2.8683931518747743,0.3536407990954297,0.9128159568060024,0.39305674204113256,1.4140676331255357,1.438343192879407,0.8602639077952815,0.8457448500341245,1.0,20.929727910330904,20.5764875550146
steady,2500.0,100.0,7,4,2800.1740139211133,0.9922028283373115,0.9922028283373117,0.0,0.05,19.84405656674623,2.8683931518747743,0.3536407990954297,0.9128159568060024,0.39305674204113256,0.9928552442961139,0.9708679134983826,0.9993428891446658,1.0,1.0,19.831016821762354,19.84405656674623
steady,2500.0,100.0,7,5,2900.232018561485,0.8275855121956814,0.8275855121956814,0.0,0.05,16.55171024391363,2.8683931518747743,0.3536407990954297,0.9128159568060024,0.39305674204113256,0.697110599969997,0.6553265660984227,1.0,1.0,1.0,16.55171024391363,16.55171024391363
steady,2500.0,100.0,7,6,3000.290023201856,0.7026171767456192,0.7026171767456192,0.0,0.05,14.052343534912383,2.8683931518747743,0.3536407990954297,0.9128159568060024,0.39305674204113256,0.48946026259351993,0.4423391712337867,1.0,1.0,1.0,14.052343534912383,14.052343534912383
steady,2500.0,100.0,7,7,3100.348027842227,0.5870216863247654,0.5870216863247654,0.0,0.05,11.740433726495306,2.8683931518747743,0.3536407990954297,0.9128159568060024,0.39305674204113256,0.3436633278398412,0.29857471454683376,1.0,1.0,1.0,11.740433726495306,11.740433726495306
steady,2500.0,100.0,8,1,2500.0,2.9209143659027403,2.9209143659027403,0.0,0.05,58.4182873180548,2.7149000748359113,0.3051407951669391,0.9626690695044332,0.39305674204113256,2.7149000748359113,2.9209143659027403,1.0,1.0,1.0,58.4182873180548,58.4182873180548
steady,2500.0,100.0,8,2,2600.058004640371,1.7597941312504162,1.7597941312504162,0.0,0.05,35.19588262500832,2.7149000748359113,0.3051407951669391,0.9626690695044332,0.39305674204113256,2.0009345625498884,1.9715892910470394,0.8794860982399269,0.8925764302137458,1.0,30.954289483979004,31.415015271651928
steady,2500.0,100.0,8,3,2700.116009280742,1.3298858527141553,1.3298858527141553,0.0,0.05,26.597717054283105,2.7149000748359113,0.3051407951669391,0.9626690695044332,0.39305674204113256,1.4747279874927621,1.3308039352156757,0.9017838299625288,0.9993101294058229,1.0,23.985391153471088,26.57936807141511
steady,2500.0,100.0,8,4,2800.1740139211133,1.0430274980430363,1.0430274980430365,0.0,0.05,20.860549960860723,2.7149000748359113,0.3051407951669391,0.9626690695044332,0.39305674204113256,1.0869034289272161,0.8982799419878134,0.9596321718043656,1.0,1.0,20.01845486397425,20.860549960860723
steady,2500.0,100.0,8,5,2900.232018561485,0.8347003935304335,0.8347003935304335,0.0,0.05,16.69400787060867,2.7149000748359113,0.3051407951669391,0.9626690695044332,0.39305674204113256,0.8010691285666928,0.6063303788223758,1.0,1.0,1.0,16.69400787060867,16.69400787060867
steady,2500.0,100.0,8,6,3000.290023201856,0.6765141390375548,0.6765141390375548,0.0,0.05,13.530282780751094,2.7149000748359113,0.3051407951669391,0.9626690695044332,0.39305674204113256,0.59040364733781,0.4092672129240012,1.0,1.0,1.0,13.530282780751094,13.530282780751094
steady,2500.0,100.0,8,7,3100.348027842227,0.5641564859819432,0.5641564859819432,0.0,0.05,11.283129719638865,2.7149000748359113,0.3051407951669391,0.9626690695044332,0.39305674204113256,0.43513905898917515,0.27625145865179995,1.0,1.0,1.0,11.283129719638865,11.283129719638865
steady,2500.0,100.0,8,8,3200.406032482598,0.478383810171778,0.478383810171778,0.0,0.05,9.567676203435559,2.7149000748359113,0.3051407951669391,0.9626690695044332,0.39305674204113256,0.320706014455983,0.18646709532878802,1.0,1.0,1.0,9.567676203435559,9.567676203435559
steady,3000.0,10.0,1,1,3000.290023201856,5.157394867254647,,,0.05,103.14789734509293,,,,0.4970477954716243,,,1.0,1.0,1.0,103.14789734509293,103.14789734509293
steady,3000.0,10.0,2,1,3000.290023201856,2.7049944876376397,2.7049944876376393,0.0,0.05,54.099889752752794,2.7049944876376397,0.7792093357866211,1.0,0.4970477954716243,2.7049944876376397,2.7049944876376397,1.0,1.0,1.0,54.099889752752794,54.099889752752794
steady,3000.0,10.0,2,2,3010.440835266821,1.2409665337159574,1.2409665337159574,0.0,0.05,24.819330674319147,2.7049944876376397,0.7792093357866211,1.0,0.4970477954716243,1.2409665337159574,1.6455128178064107,1.0,0.7541518487654547,1.0,24.819330674319147,18.717544113158944
steady,3000.0,10.0,3,1,3000.290023201856,2.538948796438972,2.538948796438972,0.0,0.05,50.77897592877944,2.5111867066159994,0.5722092342458348,0.98770495020468,0.4970477954716243,2.5111867066159994,2.538948796438972,1.0,1.0,1.0,50.77897592877944,50.77897592877944
steady,3000.0,10.0,3,2,3010.440835266821,1.31860785118082,1.31860785118082,0.0,0.05,26.372157023616396,2.5111867066159994,0.5722092342458348,0.98770495020468,0.4970477954716243,1.4170060051724516,1.5445032540318266,0.9305591129236912,0.8537423587413485,1.0,24.540851045780766,22.515027542439483
steady,3000.0,10.0,3,3,3020.591647331786,0.8867735338554146,0.8867735338554146,0.0,0.05,17.73547067710829,2.5111867066159994,0.5722092342458348,0.98770495020468,0.4970477954716243,0.7995845204997062,0.9395582553932139,1.0,0.94381963945843,1.0,17.73547067710829,16.739085540093903
steady,3000.0,10.0,4,1,3000.290023201856,2.7381188339228206,2.7381188339228206,0.0,0.05,54.76237667845641,2.6846616843802398,0.535619949639075,0.9857845083558998,0.4970477954716243,2.6846616843802398,2.7381188339228206,1.0,1.0,1.0,54.76237667845641,54.76237667845641
steady,3000.0,10.0,4,2,3010.440835266821,1.4213945938551305,1.4213945938551305,0.0,0.05,28.427891877102606,2.6846616843802398,0.535619949639075,0.9857845083558998,0.4970477954716243,1.5713494434228785,1.6656631495881682,0.9045693813076354,0.8533505674340982,1.0,25.71500056715106,24.2589576642807
steady,3000.0,10.0,4,3,3020.591647331786,0.9639954071434772,0.9639954071434772,0.0,0.05,19.279908142869544,2.6846616843802398,0.535619949639075,0.9857845083558998,0.4970477954716243,0.9197207557701621,1.013262716549496,1.0,0.9513775562829443,1.0,19.279908142869544,18.342471894322866
steady,3000.0,10.0,4,4,3029.2923433874707,0.6337949386001847,0.6337949386001847,0.0,0.05,12.675898772003693,2.6846616843802398,0.535619949639075,0.9857845083558998,0.4970477954716243,0.5383183684157737,0.6163919355501829,1.0,1.0,1.0,12.675898772003693,12.675898772003693
steady,3000.0,10.0,5,1,3000.290023201856,3.071783368171281,3.071783368171281,0.0,0.05,61.435667363425615,2.988817819319176,0.5198151496538485,0.9839362403092979,0.4970477954716243,2.988817819319176,3.071783368171281,1.0,1.0,1.0,61.435667363425615,61.435667363425615
steady,3000.0,10.0,5,2,3010.440835266821,1.5654055708090373,1.5654055708090373,0.0,0.05,31.308111416180743,2.988817819319176,0.5198151496538485,0.9839362403092979,0.4970477954716243,1.7772421011803163,1.8686392630192719,0.880806036369163,0.8377248631069211,1.0,27.576373522690304,26.227583350256246
steady,3000.0,10.0,5,3,3020.591647331786,1.0934060752788823,1.0934060752788823,0.0,0.05,21.868121505577644,2.988817819319176,0.5198151496538485,0.9839362403092979,0.4970477954716243,1.0568022800825385,1.136737939100172,1.0,0.9618805158772209,1.0,21.868121505577644,21.034519995050772
steady,3000.0,10.0,5,4,3029.2923433874707,0.7242290828767848,0.7242290828767848,0.0,0.05,14.484581657535696,2.988817819319176,0.5198151496538485,0.9839362403092979,0.4970477954716243,0.6284068211336727,0.6915048654719292,1.0,1.0,1.0,14.484581657535696,14.484581657535696
steady,3000.0,10.0,5,5,3039.443155452436,0.4529311214982664,0.4529311214982664,0.0,0.05,9.058622429965327,2.988817819319176,0.5198151496538485,0.9839362403092979,0.4970477954716243,0.3736698342631186,0.42065894215677496,1.0,1.0,1.0,9.058622429965327,9.058622429965327
steady,3000.0,10.0,6,1,3000.290023201856,3.069125708677348,3.069125708677348,0.0,0.05,61.38251417354696,2.9741915943778934,0.475515535895684,0.9861484960146939,0.4970477954716243,2.9741915943778934,3.069125708677348,1.0,1.0,1.0,61.38251417354696,61.38251417354696
steady,3000.0,10.0,6,2,3010.440835266821,1.6348277753838647,1.6348277753838647,0.0,0.05,32.69655550767729,2.9741915943778934,0.475515535895684,0.9861484960146939,0.4970477954716243,1.8486520154278474,1.8670225452098204,0.8843350515621536,0.8756336550826915,1.0,28.914710100786614,28.630204407801575
steady,3000.0,10.0,6,3,3020.591647331786,1.1548361570985228,1.1548361570985228,0.0,0.05,23.096723141970454,2.9741915943778934,0.475515535895684,0.9861484960146939,0.4970477954716243,1.1490565303881433,1.1357544510042124,1.0,1.0,1.0,23.096723141970454,23.096723141970454
steady,3000.0,10.0,6,4,3029.2923433874707,0.7940978721971798,0.7940978721971798,0.0,0.05,15.881957443943595,2.9741915943778934,0.475515535895684,0.9861484960146939,0.4970477954716243,0.7142127880254758,0.6909065861499352,1.0,1.0,1.0,15.881957443943595,15.881957443943595
steady,3000.0,10.0,6,5,3039.443155452436,0.5235683055901887,0.5235683055901887,0.0,0.05,10.471366111803775,2.9741915943778934,0.475515535895684,0.9861484960146939,0.4970477954716243,0.4439293394963042,0.42029499454155095,1.0,1.0,1.0,10.471366111803775,10.471366111803775
steady,3000.0,10.0,6,6,3049.5939675174013,0.3262485412589139,0.3262485412589139,0.0,0.05,6.524970825178277,2.9741915943778934,0.475515535895684,0.9861484960146939,0.4970477954716243,0.2759307334869441,0.25567549358741776,1.0,1.0,1.0,6.524970825178277,6.524970825178277
steady,3000.0,10.0,7,1,3000.290023201856,3.3971305249123454,3.3971305249123454,0.0,0.05,67.9426104982469,3.2841474408720743,0.4392868686756448,0.9870176943021693,0.4970477954716243,3.2841474408720743,3.3971305249123454,1.0,1.0,1.0,67.9426104982469,67.9426104982469
steady,3000.0,10.0,7,2,3010.440835266821,1.864509363147255,1.8645093631472547,0.0,0.05,37.290187262945096,3.2841474408720743,0.4392868686756448,0.9870176943021693,0.4970477954716243,2.116619453680619,2.066555716860863,0.880890213828959,0.9022303865000455,1.0,32.84856103177763,33.644340066906025
steady,3000.0,10.0,7,3,3020.591647331786,1.3787479192288066,1.3787479192288066,0.0,0.05,27.57495838457613,3.2841474408720743,0.4392868686756448,0.9870176943021693,0.4970477954716243,1.3641524908241025,1.2571352497562653,1.0,1.0,1.0,27.57495838457613,27.57495838457613
steady,3000.0,10.0,7,4,3029.2923433874707,0.9791215645501444,0.9791215645501444,0.0,0.05,19.582431291002887,3.2841474408720743,0.4392868686756448,0.9870176943021693,0.4970477954716243,0.879190642883697,0.7647454280015196,1.0,1.0,1.0,19.582431291002887,19.582431291002887
steady,3000.0,10.0,7,5,3039.443155452436,0.647098794949441,0.647098794949441,0.0,0.05,12.941975898988819,3.2841474408720743,0.4392868686756448,0.9870176943021693,0.4970477954716243,0.5666347360237443,0.4652129273780334,1.0,1.0,1.0,12.941975898988819,12.941975898988819
steady,3000.0,10.0,7,6,3049.5939675174013,0.3854356529307159,0.3854356529307159,0.0,0.05,7.708713058614318,3.2841474408720743,0.4392868686756448,0.9870176943021693,0.4970477954716243,0.36519374571093044,0.2830001460292606,1.0,1.0,1.0,7.708713058614318,7.708713058614318
steady,3000.0,10.0,7,7,3059.7447795823664,0.2430702295930398,0.24307022959303987,0.0,0.05,4.861404591860796,3.2841474408720743,0.4392868686756448,0.9870176943021693,0.4970477954716243,0.2353658599228395,0.17215575479376602,1.0,1.0,1.0,4.861404591860796,4.861404591860796
steady,3000.0,10.0,8,1,3000.290023201856,3.070730574603771,3.070730574603771,0.0,0.05,61.414611492075416,3.0236172864506856,0.4398400347196585,0.9971796849744157,0.4970477954716243,3.0236172864506856,3.070730574603771,1.0,1.0,1.0,61.414611492075416,61.414611492075416
steady,3000.0,10.0,8,2,3010.440835266821,1.835277871659422,1.835277871659422,0.0,0.05,36.70555743318844,3.0236172864506856,0.4398400347196585,0.9971796849744157,0.4970477954716243,1.947631184341692,1.8679988235219793,0.9423128395224141,0.9824834194483784,1.0,34.58811805112085,36.06260157971782
steady,3000.0,10.0,8,3,3020.591647331786,1.2838499898288591,1.2838499898288593,0.0,0.05,25.67699979657718,3.0236172864506856,0.4398400347196585,0.9971796849744157,0.4970477954716243,1.254546085319217,1.136348344442349,1.0,1.0,1.0,25.67699979657718,25.67699979657718
steady,3000.0,10.0,8,4,3029.2923433874707,0.8466735564102128,0.8466735564102128,0.0,0.05,16.933471128204253,3.0236172864506856,0.4398400347196585,0.9971796849744157,0.4970477954716243,0.8081026288977564,0.6912678657271509,1.0,1.0,1.0,16.933471128204253,16.933471128204253
steady,3000.0,10.0,8,5,3039.443155452436,0.53059649054269,0.53059649054269,0.0,0.05,10.611929810853798,3.0236172864506856,0.4398400347196585,0.9971796849744157,0.4970477954716243,0.5205307851766184,0.4205147695458392,1.0,1.0,1.0,10.611929810853798,10.611929810853798
steady,3000.0,10.0,8,6,3049.5939675174013,0.3201932198784802,0.32019321987848026,0.0,0.05,6.4038643975696035,3.0236172864506856,0.4398400347196585,0.9971796849744157,0.4970477954716243,0.33529441512418173,0.25580918797690455,0.9549613874716387,1.0,1.0,6.115443230283298,6.4038643975696035
steady,3000.0,10.0,8,7,3059.7447795823664,0.2237787683897277,0.2237787683897277,0.0,0.05,4.475575367794554,3.0236172864506856,0.4398400347196585,0.9971796849744157,0.4970477954716243,0.21597636108174026,0.15561484492941213,1.0,1.0,1.0,4.475575367794554,4.475575367794554
steady,3000.0,10.0,8,8,3069.8955916473315,0.1863921217362502,0.18639212173625022,0.0,0.05,3.727842434725004,3.0236172864506856,0.4398400347196585,0.9971796849744157,0.4970477954716243,0.1391188950428364,0.09466423060844593,1.0,1.0,1.0,3.727842434725004,3.727842434725004
steady,3000.0,20.0,1,1,3000.290023201856,5.157394867254647,,,0.05,103.14789734509293,,,,0.6827223356407702,,,1.0,1.0,1.0,103.14789734509293,103.14789734509293
steady,3000.0,20.0,2,1,3000.290023201856,2.7052892211877584,2.7052892211877584,0.0,0.05,54.10578442375517,2.7052892211877584,0.7723883780026106,1.0,0.6827223356407702,2.7052892211877584,2.7052892211877584,1.0,1.0,1.0,54.10578442375517,54.10578442375517
steady,3000.0,20.0,2,2,3020.591647331786,1.2495961880180024,1.2495961880180024,0.0,0.05,24.99192376036005,2.7052892211877584,0.7723883780026106,1.0,0.6827223356407702,1.2495961880180022,1.3668194779131202,1.0,0.914236450541299,1.0,24.99192376036005,22.848527670870325
steady,3000.0,20.0,3,1,3000.290023201856,2.4510464382512924,2.4510464382512924,0.0,0.05,49.02092876502584,2.4562587851552458,0.7932980868297497,0.9994026246541384,0.6827223356407702,2.4562587851552458,2.4510464382512924,0.9978779325144993,1.0,1.0,48.91690304598453,49.02092876502584
steady,3000.0,20.0,3,2,3020.591647331786,1.1341353394569746,1.1341353394569746,0.0,0.05,22.68270678913949,2.4562587851552458,0.7932980868297497,0.9994026246541384,0.6827223356407702,1.111089745533197,1.2383659339760222,1.0,0.9158321529530496,1.0,22.68270678913949,20.773552193500375
steady,3000.0,20.0,3,3,3039.443155452436,0.4771287956397063,0.4771287956397063,0.0,0.05,9.542575912794126,2.4562587851552458,0.7932980868297497,0.9994026246541384,0.6827223356407702,0.5026019367706801,0.6256716162123891,0.9493174632500544,0.7625866081764866,1.0,9.058933958404792,7.277040598604313
steady,3000.0,20.0,4,1,3000.290023201856,2.843533027747177,2.843533027747177,0.0,0.05,56.870660554943534,2.824639135420955,0.7273438371948517,0.9938760149733225,0.6827223356407702,2.824639135420955,2.843533027747177,1.0,1.0,1.0,56.870660554943534,56.870660554943534
steady,3000.0,20.0,4,2,3020.591647331786,1.317242555402624,1.3172425554026241,0.0,0.05,26.344851108052477,2.824639135420955,0.7273438371948517,0.9938760149733225,0.6827223356407702,1.3648394184701698,1.4366657353950858,0.9651264006421382,0.9168747628274017,1.0,25.42611132536773,24.154929111418824
steady,3000.0,20.0,4,3,3039.443155452436,0.6137136877841539,0.6137136877841539,0.0,0.05,12.274273755683078,2.824639135420955,0.7273438371948517,0.9938760149733225,0.6827223356407702,0.6594777417230612,0.7258605457076538,0.9306056125270635,0.8454980662791556,1.0,11.422508046732311,10.377874725411031
steady,3000.0,20.0,4,4,3059.7447795823664,0.4497489597755938,0.4497489597755938,0.0,0.05,8.994979195511876,2.824639135420955,0.7273438371948517,0.9938760149733225,0.6827223356407702,0.3186535250539835,0.3667335545314734,1.0,1.0,1.0,8.994979195511876,8.994979195511876
steady,3000.0,20.0,5,1,3000.290023201856,2.957823076790051,2.957823076790051,0.0,0.05,59.15646153580102,2.916333982034593,0.7000037260093608,0.9855984498552107,0.6827223356407702,2.916333982034593,2.957823076790051,1.0,1.0,1.0,59.15646153580102,59.15646153580102
steady,3000.0,20.0,5,2,3020.591647331786,1.3566327546543395,1.3566327546543395,0.0,0.05,27.13265509308679,2.916333982034593,0.7000037260093608,0.9855984498552107,0.6827223356407702,1.4482032003971257,1.494409603939707,0.936769615121914,0.9078051633754582,1.0,25.417046868786553,24.631164389589614
steady,3000.0,20.0,5,3,3039.443155452436,0.6271872800008051,0.6271872800008051,0.0,0.05,12.543745600016102,2.916333982034593,0.7000037260093608,0.9855984498552107,0.6827223356407702,0.7191537466423142,0.75503503974648,0.8721184905579717,0.8306730773864447,1.0,10.939632478629242,10.41975175951805
steady,3000.0,20.0,5,4,3059.7447795823664,0.486300628769641,0.48630062876964103,0.0,0.05,9.726012575392819,2.916333982034593,0.7000037260093608,0.9855984498552107,0.6827223356407702,0.35711985111471684,0.38147366675245803,1.0,1.0,1.0,9.726012575392819,9.726012575392819
steady,3000.0,20.0,5,5,3080.046403712297,0.3556503947246923,0.3556503947246923,0.0,0.05,7.113007894493846,2.916333982034593,0.7000037260093608,0.9855984498552107,0.6827223356407702,0.17733980898472526,0.1927356357850991,1.0,1.0,1.0,7.113007894493846,7.113007894493846
steady,3000.0,20.0,6,1,3000.290023201856,2.971184469706205,2.971184469706205,0.0,0.05,59.4236893941241,2.8943311419224713,0.6034813980879647,0.975011138679404,0.6827223356407702,2.8943311419224713,2.971184469706205,1.0,1.0,1.0,59.4236893941241,59.4236893941241
steady,3000.0,20.0,6,2,3020.591647331786,1.4441168605310026,1.4441168605310026,0.0,0.05,28.88233721062005,2.8943311419224713,0.6034813980879647,0.975011138679404,0.6827223356407702,1.5829222232397244,1.5011603099074153,0.9123106867344167,0.9620004279356874,1.0,26.349664895115776,27.784820756399316
steady,3000.0,20.0,6,3,3039.443155452436,0.7173226198422915,0.7173226198422915,0.0,0.05,14.34645239684583,2.8943311419224713,0.6034813980879647,0.975011138679404,0.6827223356407702,0.8657070120739173,0.7584457643130301,0.828597446754935,0.9457797163545553,1.0,11.887433826017672,13.568583678582979
steady,3000.0,20.0,6,4,3059.7447795823664,0.5791912776522007,0.5791912776522007,0.0,0.05,11.583825553044013,2.8943311419224713,0.6034813980879647,0.975011138679404,0.6827223356407702,0.47345891020474346,0.38319690016308416,1.0,1.0,1.0,11.583825553044013,11.583825553044013
steady,3000.0,20.0,6,5,3080.046403712297,0.4595008786488505,0.4595008786488505,0.0,0.05,9.190017572977009,2.8943311419224713,0.6034813980879647,0.975011138679404,0.6827223356407702,0.2589367263125777,0.19360628169319183,1.0,1.0,1.0,9.190017572977009,9.190017572977009
steady,3000.0,20.0,6,6,3100.348027842227,0.3092752197471444,0.3092752197471444,0.0,0.05,6.185504394942887,2.8943311419224713,0.6034813980879647,0.975011138679404,0.6827223356407702,0.14161361585629534,0.09781757706054262,1.0,1.0,1.0,6.185504394942887,6.185504394942887
steady,3000.0,20.0,7,1,3000.290023201856,3.2259248713171083,3.2259248713171083,0.0,0.05,64.51849742634217,3.153976092360701,0.6010965947723351,0.9814815933549936,0.6827223356407702,3.153976092360701,3.2259248713171083,1.0,1.0,1.0,64.51849742634217,64.51849742634217
steady,3000.0,20.0,7,2,3020.591647331786,1.617944550458259,1.617944550458259,0.0,0.05,32.35889100916518,3.153976092360701,0.6010965947723351,0.9814815933549936,0.6827223356407702,1.7290416813971554,1.6298652705475656,0.9357464125161378,0.9926860702508854,1.0,30.27971617482702,32.122220353564884
steady,3000.0,20.0,7,3,3039.443155452436,0.7753468035678059,0.7753468035678059,0.0,0.05,15.506936071356119,3.153976092360701,0.6010965947723351,0.9814815933549936,0.6827223356407702,0.9478781856494813,0.8234726182734959,0.8179814825430783,0.9415574803123494,1.0,12.684386557348617,14.60067165471075
steady,3000.0,20.0,7,4,3059.7447795823664,0.6026961072102854,0.6026961072102854,0.0,0.05,12.053922144205709,3.153976092360701,0.6010965947723351,0.9814815933549936,0.6827223356407702,0.5196364347354193,0.41605104746994914,1.0,1.0,1.0,12.053922144205709,12.053922144205709
steady,3000.0,20.0,7,5,3080.046403712297,0.4628374820135058,0.46283748201350583,0.0,0.05,9.256749640270115,3.153976092360701,0.6010965947723351,0.9814815933549936,0.6827223356407702,0.2848699636647087,0.21020550077762454,1.0,1.0,1.0,9.256749640270115,9.256749640270115
steady,3000.0,20.0,7,6,3100.348027842227,0.2982630008987096,0.2982630008987096,0.0,0.05,5.965260017974192,3.153976092360701,0.6010965947723351,0.9814815933549936,0.6827223356407702,0.1561686032266995,0.10620416130634411,1.0,1.0,1.0,5.965260017974192,5.965260017974192
steady,3000.0,20.0,7,7,3120.6496519721577,0.2334462281137351,0.2334462281137351,0.0,0.05,4.668924562274702,3.153976092360701,0.6010965947723351,0.9814815933549936,0.6827223356407702,0.08561321214785446,0.053658557159816246,1.0,1.0,1.0,4.668924562274702,4.668924562274702
steady,3000.0,20.0,8,1,3000.290023201856,3.4196532491553127,3.4196532491553127,0.0,0.05,68.39306498310624,3.3571370592758325,0.6711103709503593,0.9806350130349323,0.6827223356407702,3.3571370592758325,3.4196532491553127,1.0,1.0,1.0,68.39306498310624,68.39306498310624
steady,3000.0,20.0,8,2,3020.591647331786,1.6159065655277025,1.6159065655277023,0.0,0.05,32.31813131055405,3.3571370592758325,0.6711103709503593,0.9806350130349323,0.6827223356407702,1.715969409231548,1.7277445354261332,0.9416872799913979,0.9352693829410106,1.0,30.433573168240475,30.22615872862844
steady,3000.0,20.0,8,3,3039.443155452436,0.6954398331284949,0.6954398331284949,0.0,0.05,13.908796662569896,3.3571370592758325,0.6711103709503593,0.9806350130349323,0.6827223356407702,0.8771018166454118,0.8729251073722792,0.7928838134075399,0.7966775468538658,1.0,11.028059737728483,11.080826004825422
steady,3000.0,20.0,8,4,3059.7447795823664,0.5536832184702141,0.5536832184702141,0.0,0.05,11.07366436940428,3.3571370592758325,0.6711103709503593,0.9806350130349323,0.6827223356407702,0.4483224424771044,0.4410364075571885,1.0,1.0,1.0,11.07366436940428,11.07366436940428
steady,3000.0,20.0,8,5,3080.046403712297,0.4064287296231568,0.40642872962315685,0.0,0.05,8.128574592463135,3.3571370592758325,0.6711103709503593,0.9806350130349323,0.6827223356407702,0.22915585011254458,0.22282909627434483,1.0,1.0,1.0,8.128574592463135,8.128574592463135
steady,3000.0,20.0,8,6,3100.348027842227,0.2739295084377123,0.27392950843771235,0.0,0.05,5.478590168754246,3.3571370592758325,0.6711103709503593,0.9806350130349323,0.6827223356407702,0.11713088318902255,0.11258210273718239,1.0,1.0,1.0,5.478590168754246,5.478590168754246
steady,3000.0,20.0,8,7,3120.6496519721577,0.2311263437914965,0.23112634379149652,0.0,0.05,4.622526875829929,3.3571370592758325,0.6711103709503593,0.9806350130349323,0.6827223356407702,0.059870362418861955,0.05688094628863236,1.0,1.0,1.0,4.622526875829929,4.622526875829929
steady,3000.0,20.0,8,8,3139.501160092808,0.1837801443506183,0.18378014435061837,0.0,0.05,3.675602887012366,3.3571370592758325,0.6711103709503593,0.9806350130349323,0.6827223356407702,0.030602179361879936,0.02873851146876573,1.0,1.0,1.0,3.675602887012366,3.675602887012366
steady,3000.0,30.0,1,1,3000.290023201856,5.157394867254647,,,0.05,103.14789734509293,,,,0.7386326693705875,,,1.0,1.0,1.0,103.14789734509293,103.14789734509293
steady,3000.0,30.0,2,1,3000.290023201856,2.7133671830728887,2.7133671830728887,0.0,0.05,54.26734366145777,2.7133671830728887,0.7646024740864881,1.0,0.7386326693705875,2.7133671830728887,2.7133671830728887,1.0,1.0,1.0,54.26734366145777,54.26734366145777
steady,3000.0,30.0,2,2,3029.2923433874707,1.2631238421447155,1.2631238421447155,0.0,0.05,25.26247684289431,2.7133671830728887,0.7646024740864881,1.0,0.7386326693705875,1.2631238421447155,1.2963565777400807,1.0,0.9743645103777702,1.0,25.26247684289431,24.61486087995647
steady,3000.0,30.0,3,1,3000.290023201856,2.583012138774629,2.583012138774629,0.0,0.05,51.660242775492584,2.5845517003394725,0.828576575993528,0.9999491642877917,0.7386326693705875,2.5845517003394725,2.583012138774629,0.9994043216219505,1.0,1.0,51.629469885866435,51.660242775492584
steady,3000.0,30.0,3,2,3029.2923433874707,1.135648623099058,1.1356486230990581,0.0,0.05,22.712972461981156,2.5845517003394725,0.828576575993528,0.9999491642877917,0.7386326693705875,1.1285972540157305,1.2340772739393062,1.0,0.9202410959841651,1.0,22.712972461981156,20.9014106714717
steady,3000.0,30.0,3,3,3059.7447795823664,0.4847510066352768,0.4847510066352768,0.0,0.05,9.695020132705535,2.5845517003394725,0.828576575993528,0.9999491642877917,0.7386326693705875,0.49282502710413834,0.5896010689194628,0.9836168619189151,0.8221677879988577,1.0,9.536185279172521,7.970933257110902
steady,3000.0,30.0,4,1,3000.290023201856,3.121821177501196,3.121821177501196,0.0,0.05,62.43642355002392,3.130362108111902,0.8086743845553321,0.9975897042780264,0.7386326693705875,3.130362108111902,3.121821177501196,0.9972715838245764,1.0,1.0,62.26607100207443,62.43642355002392
steady,3000.0,30.0,4,2,3029.2923433874707,1.442055016149863,1.442055016149863,0.0,0.05,28.84110032299726,3.130362108111902,0.8086743845553321,0.9975897042780264,0.7386326693705875,1.3944140661843591,1.4915023087287211,1.0,0.9668473241446041,1.0,28.84110032299726,27.884940672675977
steady,3000.0,30.0,4,3,3059.7447795823664,0.5363695473830138,0.5363695473830138,0.0,0.05,10.727390947660275,3.130362108111902,0.8086743845553321,0.9975897042780264,0.7386326693705875,0.621139191192667,0.7125901870919231,0.8635255269485015,0.7527040886879669,1.0,9.263375920860923,8.074551027258174
steady,3000.0,30.0,4,4,3090.197215777262,0.3235209844584329,0.3235209844584329,0.0,0.05,6.470419689168658,3.130362108111902,0.8086743845553321,0.9975897042780264,0.7386326693705875,0.2766853147797141,0.3404518865093218,1.0,0.9502693252063231,1.0,6.470419689168658,6.148641351828007
steady,3000.0,30.0,5,1,3000.290023201856,2.772408587375891,2.772408587375891,0.0,0.05,55.44817174751782,2.7648700180256665,0.7225777622498025,0.9973612348759275,0.7386326693705875,2.7648700180256665,2.772408587375891,1.0,1.0,1.0,55.44817174751782,55.44817174751782
steady,3000.0,30.0,5,2,3029.2923433874707,1.3382256521776392,1.3382256521776392,0.0,0.05,26.764513043552782,2.7648700180256665,0.7225777622498025,0.9973612348759275,0.7386326693705875,1.3423420164629267,1.324564596656462,0.9969334459960256,1.0,1.0,26.68243821891465,26.764513043552782
steady,3000.0,30.0,5,3,3059.7447795823664,0.5923074382155158,0.5923074382155158,0.0,0.05,11.846148764310316,2.7648700180256665,0.7225777622498025,0.9973612348759275,0.7386326693705875,0.6517058948212116,0.6328329015804697,0.9088569597456364,0.9359618261570416,1.0,10.7664547506256,11.087543030371865
steady,3000.0,30.0,5,4,3090.197215777262,0.3499831851049338,0.3499831851049338,0.0,0.05,6.999663702098676,2.7648700180256665,0.7225777622498025,0.9973612348759275,0.7386326693705875,0.3164026515864082,0.30234650868191965,1.0,1.0,1.0,6.999663702098676,6.999663702098676
steady,3000.0,30.0,5,5,3120.6496519721577,0.2367294960220466,0.23672949602204665,0.0,0.05,4.734589920440932,2.7648700180256665,0.7225777622498025,0.9973612348759275,0.7386326693705875,0.15361321529610267,0.14445110404949793,1.0,1.0,1.0,4.734589920440932,4.734589920440932
steady,3000.0,30.0,6,1,3000.290023201856,2.9471472168080544,2.9471472168080544,0.0,0.05,58.942944336161084,2.9300599170077013,0.6770764591316752,0.9962863754169836,0.7386326693705875,2.9300599170077013,2.9471472168080544,1.0,1.0,1.0,58.942944336161084,58.942944336161084
steady,3000.0,30.0,6,2,3029.2923433874707,1.466404246366111,1.466404246366111,0.0,0.05,29.32808492732222,2.9300599170077013,0.6770764591316752,0.9962863754169836,0.7386326693705875,1.4887642496262,1.4080489009787152,0.9849808300637909,1.0,1.0,28.887601435895196,29.32808492732222
steady,3000.0,30.0,6,3,3059.7447795823664,0.6909610599502796,0.6909610599502796,0.0,0.05,13.819221199005591,2.9300599170077013,0.6770764591316752,0.9962863754169836,0.7386326693705875,0.7564415246595232,0.6727189250134067,0.9134361843253956,1.0,1.0,12.622976682368286,13.819221199005591
steady,3000.0,30.0,6,4,3090.197215777262,0.4067637030466835,0.4067637030466835,0.0,0.05,8.13527406093367,2.9300599170077013,0.6770764591316752,0.9962863754169836,0.7386326693705875,0.38434814670818,0.3214027238376676,1.0,1.0,1.0,8.13527406093367,8.13527406093367
steady,3000.0,30.0,6,5,3120.6496519721577,0.2679334462648695,0.26793344626486953,0.0,0.05,5.35866892529739,2.9300599170077013,0.6770764591316752,0.9962863754169836,0.7386326693705875,0.19528739904185383,0.1535555297306574,1.0,1.0,1.0,5.35866892529739,5.35866892529739
steady,3000.0,30.0,6,6,3149.6519721577724,0.1995209703249095,0.19952097032490954,0.0,0.05,3.99041940649819,2.9300599170077013,0.6770764591316752,0.9962863754169836,0.7386326693705875,0.09922558115907415,0.07336372395764797,1.0,1.0,1.0,3.99041940649819,3.99041940649819
steady,3000.0,30.0,7,1,3000.290023201856,3.201148624760361,3.2011486247603615,0.0,0.05,64.02297249520721,3.2015625054835346,0.7107474523148137,0.9940353156518499,0.7386326693705875,3.2015625054835346,3.201148624760361,0.9998707253965947,1.0,1.0,64.01469595082906,64.02297249520721
steady,3000.0,30.0,7,2,3029.2923433874707,1.619832290286931,1.619832290286931,0.0,0.05,32.39664580573862,3.2015625054835346,0.7107474523148137,0.9940353156518499,0.7386326693705875,1.5728535561238772,1.5294023241380934,1.0,1.0,1.0,32.39664580573862,32.39664580573862
steady,3000.0,30.0,7,3,3059.7447795823664,0.646827747559182,0.646827747559182,0.0,0.05,12.93655495118364,3.2015625054835346,0.7107474523148137,0.9940353156518499,0.7386326693705875,0.7727065471232761,0.7306975536801592,0.8370936547221831,0.8852195334464078,1.0,10.829108063600666,11.451691138290599
steady,3000.0,30.0,7,4,3090.197215777262,0.3731327102409363,0.3731327102409363,0.0,0.05,7.462654204818726,3.2015625054835346,0.7107474523148137,0.9940353156518499,0.7386326693705875,0.37961284166760045,0.34910298390913147,0.9829296306252507,1.0,1.0,7.335263941026445,7.462654204818726
steady,3000.0,30.0,7,5,3120.6496519721577,0.2543218569077883,0.25432185690778836,0.0,0.05,5.086437138155766,3.2015625054835346,0.7107474523148137,0.9940353156518499,0.7386326693705875,0.18649500265714758,0.16678979252146983,1.0,1.0,1.0,5.086437138155766,5.086437138155766
steady,3000.0,30.0,7,6,3149.6519721577724,0.1969449357275922,0.1969449357275922,0.0,0.05,3.938898714551844,3.2015625054835346,0.7107474523148137,0.9940353156518499,0.7386326693705875,0.09162067822390517,0.07968661447074873,1.0,1.0,1.0,3.938898714551844,3.938898714551844
steady,3000.0,30.0,7,7,3180.104408352668,0.1530391049504689,0.15303910495046893,0.0,0.05,3.060782099009378,3.2015625054835346,0.7107474523148137,0.9940353156518499,0.7386326693705875,0.04501111857479923,0.0380716135550822,1.0,1.0,1.0,3.060782099009378,3.060782099009378
steady,3000.0,30.0,8,1,3000.290023201856,3.5546574487296536,3.5546574487296536,0.0,0.05,71.09314897459306,3.564022547755682,0.6841433819783732,0.9943154903690276,0.7386326693705875,3.564022547755682,3.5546574487296536,0.9973723232946644,1.0,1.0,70.90633916312358,71.09314897459306
steady,3000.0,30.0,8,2,3029.2923433874707,1.8779464607407936,1.8779464607407936,0.0,0.05,37.55892921481587,3.564022547755682,0.6841433819783732,0.9943154903690276,0.7386326693705875,1.798128594126908,1.6982970804765105,1.0,1.0,1.0,37.55892921481587,37.55892921481587
steady,3000.0,30.0,8,3,3059.7447795823664,0.7711486068296719,0.7711486068296719,0.0,0.05,15.422972136593437,3.564022547755682,0.6841433819783732,0.9943154903690276,0.7386326693705875,0.9071958433744609,0.8113898498393384,0.8500354278093477,0.9504045521180299,1.0,13.110072718220852,14.65806292580794
steady,3000.0,30.0,8,4,3090.197215777262,0.4181435508266612,0.4181435508266612,0.0,0.05,8.362871016533223,3.564022547755682,0.6841433819783732,0.9943154903690276,0.7386326693705875,0.4577004675438766,0.38765507872013905,0.9135746639511061,1.0,1.0,7.6401070785957845,8.362871016533223
steady,3000.0,30.0,8,5,3120.6496519721577,0.2786991071391985,0.27869910713919854,0.0,0.05,5.5739821427839695,3.564022547755682,0.6841433819783732,0.9943154903690276,0.7386326693705875,0.23092005934534773,0.18520870095586375,1.0,1.0,1.0,5.5739821427839695,5.5739821427839695
steady,3000.0,30.0,8,6,3149.6519721577724,0.2141034864544393,0.21410348645443933,0.0,0.05,4.282069729088786,3.564022547755682,0.6841433819783732,0.9943154903690276,0.7386326693705875,0.11650430268120078,0.08848655620096364,1.0,1.0,1.0,4.282069729088786,4.282069729088786
steady,3000.0,30.0,8,7,3180.104408352668,0.1641537722234373,0.1641537722234373,0.0,0.05,3.283075444468746,3.564022547755682,0.6841433819783732,0.9943154903690276,0.7386326693705875,0.05877901028482607,0.04227593297667044,1.0,1.0,1.0,3.283075444468746,3.283075444468746
steady,3000.0,30.0,8,8,3210.556844547564,0.1235222816076472,0.12352228160764729,0.0,0.05,2.4704456321529435,3.564022547755682,0.6841433819783732,0.9943154903690276,0.7386326693705875,0.029655317190454184,0.0201980344334891,1.0,1.0,1.0,2.4704456321529435,2.4704456321529435
steady,3000.0,40.0,1,1,3000.290023201856,5.157394867254647,,,0.05,103.14789734509293,,,,0.7296689100340923,,,1.0,1.0,1.0,103.14789734509293,103.14789734509293
steady,3000.0,40.0,2,1,3000.290023201856,2.7215481074505834,2.7215481074505834,0.0,0.05,54.43096214901166,2.7215481074505834,0.757273177250702,1.0,0.7296689100340923,2.7215481074505834,2.7215481074505834,1.0,1.0,1.0,54.43096214901166,54.43096214901166
steady,3000.0,40.0,2,2,3039.443155452436,1.2762520519601206,1.2762520519601206,0.0,0.05,25.52504103920241,2.7215481074505834,0.757273177250702,1.0,0.7296689100340923,1.2762520519601206,1.3119728090743754,1.0,0.972773248906388,1.0,25.52504103920241,24.830077100173817
steady,3000.0,40.0,3,1,3000.290023201856,2.6192561415966584,2.6192561415966584,0.0,0.05,52.38512283193317,2.618439876834871,0.8323731082968603,0.9999859020748202,0.7296689100340923,2.618439876834871,2.6192561415966584,1.0,1.0,1.0,52.38512283193317,52.38512283193317
steady,3000.0,40.0,3,2,3039.443155452436,1.1353097050208936,1.1353097050208936,0.0,0.05,22.70619410041787,2.618439876834871,0.8323731082968603,0.9999859020748202,0.7296689100340923,1.139062510938969,1.2626610671949237,0.9967053556042488,0.8991405013722735,1.0,22.63138526527609,20.416058747705883
steady,3000.0,40.0,3,3,3080.046403712297,0.4998235136901418,0.4998235136901418,0.0,0.05,9.996470273802835,2.618439876834871,0.8323731082968603,0.9999859020748202,0.7296689100340923,0.49551009946997226,0.6086892172515647,1.0,0.8211473105224568,1.0,9.996470273802835,8.208574680050885
steady,3000.0,40.0,4,1,3000.290023201856,3.050455566261772,3.050455566261772,0.0,0.05,61.00911132523544,3.0669136396701258,0.7547631339757027,0.997299504605572,0.7296689100340923,3.0669136396701258,3.050455566261772,0.9946336691077732,1.0,1.0,60.68171624642352,61.00911132523544
steady,3000.0,40.0,4,2,3039.443155452436,1.513640030048079,1.513640030048079,0.0,0.05,30.272800600961578,3.0669136396701258,0.7547631339757027,0.997299504605572,0.7296689100340923,1.4418234436497344,1.4705287579773896,1.0,1.0,1.0,30.272800600961578,30.272800600961578
steady,3000.0,40.0,4,3,3080.046403712297,0.5957070219132494,0.5957070219132494,0.0,0.05,11.914140438264988,3.0669136396701258,0.7547631339757027,0.997299504605572,0.7296689100340923,0.6778328596437356,0.7088956980574996,0.8788405776408494,0.8403309874013803,1.0,10.470630064859005,10.011821398525932
steady,3000.0,40.0,4,4,3120.6496519721577,0.3268113836160571,0.32681138361605716,0.0,0.05,6.536227672321142,3.0669136396701258,0.7547631339757027,0.997299504605572,0.7296689100340923,0.3186641108080229,0.34173633667363923,1.0,0.9563261162015804,1.0,6.536227672321142,6.2507652244801735
steady,3000.0,40.0,5,1,3000.290023201856,2.7946973822687053,2.7946973822687053,0.0,0.05,55.893947645374105,2.772717132745662,0.736342674849802,0.993768733001264,0.7296689100340923,2.772717132745662,2.7946973822687053,1.0,1.0,1.0,55.893947645374105,55.893947645374105
steady,3000.0,40.0,5,2,3039.443155452436,1.2788122121821075,1.2788122121821077,0.0,0.05,25.576244243642147,2.772717132745662,0.736342674849802,0.993768733001264,0.7296689100340923,1.327749068710617,1.3472357755096023,0.963142993144004,0.9492118866115969,1.0,24.6335804342036,24.27727505094656
steady,3000.0,40.0,5,3,3080.046403712297,0.5838041020596125,0.5838041020596125,0.0,0.05,11.67608204119225,2.772717132745662,0.736342674849802,0.993768733001264,0.7296689100340923,0.635808668919716,0.6494600260939616,0.9182072069755467,0.8989069051266749,1.0,10.721062679460477,10.495710771653275
steady,3000.0,40.0,5,4,3120.6496519721577,0.3612129513295876,0.3612129513295876,0.0,0.05,7.224259026591751,2.772717132745662,0.736342674849802,0.993768733001264,0.7296689100340923,0.3044646560106666,0.3130842671799009,1.0,1.0,1.0,7.224259026591751,7.224259026591751
steady,3000.0,40.0,5,5,3159.802784222737,0.2817253904607865,0.2817253904607865,0.0,0.05,5.634507809215729,2.772717132745662,0.736342674849802,0.993768733001264,0.7296689100340923,0.14579657574847993,0.150928085512986,1.0,1.0,1.0,5.634507809215729,5.634507809215729
steady,3000.0,40.0,6,1,3000.290023201856,3.1421693109254183,3.1421693109254183,0.0,0.05,62.843386218508364,3.1319321668688564,0.6795505314686089,0.9955596480877834,0.7296689100340923,3.1319321668688564,3.1421693109254183,1.0,1.0,1.0,62.843386218508364,62.843386218508364
steady,3000.0,40.0,6,2,3039.443155452436,1.592349108431871,1.592349108431871,0.0,0.05,31.84698216863742,3.1319321668688564,0.6795505314686089,0.9955596480877834,0.7296689100340923,1.5874033822179234,1.5147410718761176,1.0,1.0,1.0,31.84698216863742,31.84698216863742
steady,3000.0,40.0,6,3,3080.046403712297,0.7184739032810911,0.7184739032810911,0.0,0.05,14.36947806562182,3.1319321668688564,0.6795505314686089,0.9955596480877834,0.7296689100340923,0.8045670734932034,0.730209065071882,0.8929944151973308,0.9839290384738846,1.0,12.83186366190083,14.138546736478853
steady,3000.0,40.0,6,4,3120.6496519721577,0.4038749279895078,0.40387492798950786,0.0,0.05,8.077498559790156,3.1319321668688564,0.6795505314686089,0.9955596480877834,0.7296689100340923,0.40779059878590507,0.3520108410691858,0.9903978394596266,1.0,1.0,7.9999371218544155,8.077498559790156
steady,3000.0,40.0,6,5,3159.802784222737,0.2999910673631399,0.29999106736313996,0.0,0.05,5.999821347262798,3.1319321668688564,0.6795505314686089,0.9955596480877834,0.7296689100340923,0.20668652488619604,0.16969336339043894,1.0,1.0,1.0,5.999821347262798,5.999821347262798
steady,3000.0,40.0,6,6,3200.406032482598,0.2161271441610552,0.21612714416105527,0.0,0.05,4.322542883221104,3.1319321668688564,0.6795505314686089,0.9955596480877834,0.7296689100340923,0.10475798043583712,0.0818038373230099,1.0,1.0,1.0,4.322542883221104,4.322542883221104
steady,3000.0,40.0,7,1,3000.290023201856,3.1431951974943257,3.1431951974943257,0.0,0.05,62.86390394988651,3.1270059302061797,0.6844124922013438,0.9930146137628529,0.7296689100340923,3.1270059302061797,3.1431951974943257,1.0,1.0,1.0,62.86390394988651,62.86390394988651
steady,3000.0,40.0,7,2,3039.443155452436,1.574269224694841,1.5742692246948413,0.0,0.05,31.48538449389682,3.1270059302061797,0.6844124922013438,0.9930146137628529,0.7296689100340923,1.5772194938447897,1.5152356195491556,0.9981294492228493,1.0,1.0,31.426489483462873,31.48538449389682
steady,3000.0,40.0,7,3,3080.046403712297,0.6959433057759505,0.6959433057759505,0.0,0.05,13.91886611551901,3.1270059302061797,0.6844124922013438,0.9930146137628529,0.7296689100340923,0.7955281784834969,0.7304474709622798,0.8748191762391327,0.9527629753569082,1.0,12.176490989361119,13.261380293816345
steady,3000.0,40.0,7,4,3120.6496519721577,0.3887431000971585,0.3887431000971585,0.0,0.05,7.77486200194317,3.1270059302061797,0.6844124922013438,0.9930146137628529,0.7296689100340923,0.40125365253921286,0.3521257690562637,0.9688213369202122,1.0,1.0,7.53245219909274,7.77486200194317
steady,3000.0,40.0,7,5,3159.802784222737,0.2999300897984249,0.29993008979842495,0.0,0.05,5.998601795968497,3.1270059302061797,0.6844124922013438,0.9930146137628529,0.7296689100340923,0.20238691479537502,0.16974876656102228,1.0,1.0,1.0,5.998601795968497,5.998601795968497
steady,3000.0,40.0,7,6,3200.406032482598,0.2195428885762069,0.21954288857620693,0.0,0.05,4.3908577715241375,3.1270059302061797,0.6844124922013438,0.9930146137628529,0.7296689100340923,0.10208122224230096,0.08183054545032276,1.0,1.0,1.0,4.3908577715241375,4.3908577715241375
steady,3000.0,40.0,7,7,3239.5591647331785,0.1785009476154198,0.17850094761541987,0.0,0.05,3.570018952308396,3.1270059302061797,0.6844124922013438,0.9930146137628529,0.7296689100340923,0.05148838770044913,0.03944793416976102,1.0,1.0,1.0,3.570018952308396,3.570018952308396
steady,3000.0,40.0,8,1,3000.290023201856,3.355344194438175,3.355344194438175,0.0,0.05,67.10688388876349,3.3244403919397083,0.6905715194122362,0.9930026865679796,0.7296689100340923,3.3244403919397083,3.355344194438175,1.0,1.0,1.0,67.10688388876349,67.10688388876349
steady,3000.0,40.0,8,2,3039.443155452436,1.615544416331275,1.6155444163312753,0.0,0.05,32.3108883266255,3.3244403919397083,0.6905715194122362,0.9930026865679796,0.7296689100340923,1.666507030293943,1.617505983501481,0.9694195025665874,0.9987872890794756,1.0,31.32280528908185,32.27170455949996
steady,3000.0,40.0,8,3,3080.046403712297,0.762224456477227,0.762224456477227,0.0,0.05,15.24448912954454,3.3244403919397083,0.6905715194122362,0.9930026865679796,0.7296689100340923,0.835402460141179,0.7797487992438807,0.9124038925482871,0.977525655975813,1.0,13.909131221706488,14.901879236374176
steady,3000.0,40.0,8,4,3120.6496519721577,0.4201347738528299,0.4201347738528299,0.0,0.05,8.402695477056596,3.3244403919397083,0.6905715194122362,0.9930026865679796,0.7296689100340923,0.4187784736118619,0.37589238996575075,1.0,1.0,1.0,8.402695477056596,8.402695477056596
steady,3000.0,40.0,8,5,3159.802784222737,0.3094594296898217,0.30945942968982176,0.0,0.05,6.189188593796434,3.3244403919397083,0.6905715194122362,0.9930026865679796,0.7296689100340923,0.20992924767188648,0.1812059075578921,1.0,1.0,1.0,6.189188593796434,6.189188593796434
steady,3000.0,40.0,8,6,3200.406032482598,0.2211856534287315,0.22118565342873156,0.0,0.05,4.42371306857463,3.3244403919397083,0.6905715194122362,0.9930026865679796,0.7296689100340923,0.10523532560780596,0.08735367304688221,1.0,1.0,1.0,4.42371306857463,4.42371306857463
steady,3000.0,40.0,8,7,3239.5591647331785,0.1802185059137707,0.18021850591377075,0.0,0.05,3.6043701182754138,3.3244403919397083,0.6905715194122362,0.9930026865679796,0.7296689100340923,0.05275336275719918,0.04211046040175998,1.0,1.0,1.0,3.6043701182754138,3.6043701182754138
steady,3000.0,40.0,8,8,3280.162412993039,0.1374770572401273,0.13747705724012732,0.0,0.05,2.7495411448025457,3.3244403919397083,0.6905715194122362,0.9930026865679796,0.7296689100340923,0.026444706339049173,0.02030012950109701,1.0,1.0,1.0,2.7495411448025457,2.7495411448025457
steady,3000.0,50.0,1,1,3000.290023201856,5.157394867254647,,,0.05,103.14789734509293,,,,0.6953855273318986,,,1.0,1.0,1.0,103.14789734509293,103.14789734509293
steady,3000.0,50.0,2,1,3000.290023201856,2.7313023922267043,2.7313023922267043,0.0,0.05,54.626047844534085,2.7313023922267043,0.7692703691801352,1.0,0.6953855273318986,2.7313023922267043,2.7313023922267043,1.0,1.0,1.0,54.626047844534085,54.626047844534085
steady,3000.0,50.0,2,2,3049.5939675174013,1.265551749888168,1.265551749888168,0.0,0.05,25.31103499776336,2.7313023922267043,0.7692703691801352,1.0,0.6953855273318986,1.265551749888168,1.3625978137060821,1.0,0.9287786441151246,1.0,25.31103499776336,23.508348766373118
steady,3000.0,50.0,3,1,3000.290023201856,2.5979298116076284,2.5979298116076284,0.0,0.05,51.958596232152566,2.599739776105258,0.8159837669192522,0.9999323167426442,0.6953855273318986,2.599739776105258,2.5979298116076284,0.9993037901276638,1.0,1.0,51.92242214450301,51.958596232152566
steady,3000.0,50.0,3,2,3049.5939675174013,1.157801662735498,1.157801662735498,0.0,0.05,23.156033254709957,2.599739776105258,0.8159837669192522,0.9999323167426442,0.6953855273318986,1.149615555576435,1.2960606235080636,1.0,0.893323693147672,1.0,23.156033254709957,20.685833145747807
steady,3000.0,50.0,3,3,3100.348027842227,0.499108666675927,0.49910866667592707,0.0,0.05,9.98217333351854,2.599739776105258,0.8159837669192522,0.9999323167426442,0.6953855273318986,0.5083646977942017,0.6465814173665638,0.9817925376045256,0.7719192869920809,1.0,9.800423287923394,7.705432122240995
steady,3000.0,50.0,4,1,3000.290023201856,3.063474470422541,3.063474470422541,0.0,0.05,61.26948940845082,3.0708737496249237,0.7228533135296416,0.9947321925782737,0.6953855273318986,3.0708737496249237,3.063474470422541,0.9975904971009355,1.0,1.0,61.12186039609696,61.26948940845082
steady,3000.0,50.0,4,2,3049.5939675174013,1.541040419006276,1.541040419006276,0.0,0.05,30.82080838012552,3.0708737496249237,0.7228533135296416,0.9947321925782737,0.6953855273318986,1.4904958004302973,1.5283125104060895,1.0,1.0,1.0,30.82080838012552,30.82080838012552
steady,3000.0,50.0,4,3,3100.348027842227,0.6093870643008155,0.6093870643008155,0.0,0.05,12.187741286016308,3.0708737496249237,0.7228533135296416,0.9947321925782737,0.6953855273318986,0.7234350586284103,0.7624477213748734,0.8423521324169401,0.7992509482511754,1.0,10.266369861621817,9.741063779888535
steady,3000.0,50.0,4,4,3149.6519721577724,0.4362611943638836,0.4362611943638836,0.0,0.05,8.725223887277672,3.0708737496249237,0.7228533135296416,0.9947321925782737,0.6953855273318986,0.3511303311969084,0.3803715037805139,1.0,1.0,1.0,8.725223887277672,8.725223887277672
steady,3000.0,50.0,5,1,3000.290023201856,2.942837284999333,2.942837284999333,0.0,0.05,58.856745699986654,2.89164879244054,0.6733068387764565,0.9840004561810208,0.6953855273318986,2.89164879244054,2.942837284999333,1.0,1.0,1.0,58.856745699986654,58.856745699986654
steady,3000.0,50.0,5,2,3049.5939675174013,1.3558228162027748,1.3558228162027748,0.0,0.05,27.116456324055495,2.89164879244054,0.6733068387764565,0.9840004561810208,0.6953855273318986,1.4747965042898707,1.468128780630454,0.919328742819076,0.9235040100641226,1.0,24.92893770210232,25.042156153993886
steady,3000.0,50.0,5,3,3100.348027842227,0.671552541221861,0.671552541221861,0.0,0.05,13.43105082443722,2.89164879244054,0.6733068387764565,0.9840004561810208,0.6953855273318986,0.7521745845317234,0.7324231371888278,0.8928147201888579,0.9168914895280356,1.0,11.991439883662245,12.314816196344992
steady,3000.0,50.0,5,4,3149.6519721577724,0.5285497933110234,0.5285497933110234,0.0,0.05,10.570995866220466,2.89164879244054,0.6733068387764565,0.9840004561810208,0.6953855273318986,0.38362350600220124,0.3653927768238158,1.0,1.0,1.0,10.570995866220466,10.570995866220466
steady,3000.0,50.0,5,5,3200.406032482598,0.3617001862750884,0.36170018627508843,0.0,0.05,7.2340037255017675,2.89164879244054,0.6733068387764565,0.9840004561810208,0.6953855273318986,0.1956553669638303,0.1822879078717551,1.0,1.0,1.0,7.2340037255017675,7.2340037255017675
steady,3000.0,50.0,6,1,3000.290023201856,3.283218151890248,3.2832181518902477,0.0,0.05,65.66436303780496,3.257016889117906,0.7106164832194187,0.9893851385308828,0.6953855273318986,3.257016889117906,3.283218151890248,1.0,1.0,1.0,65.66436303780496,65.66436303780496
steady,3000.0,50.0,6,2,3049.5939675174013,1.5735686749789526,1.5735686749789526,0.0,0.05,31.47137349957905,3.257016889117906,0.7106164832194187,0.9893851385308828,0.6953855273318986,1.6003065882475942,1.6379386948944052,0.983292005753772,0.9607005926924497,1.0,30.94554997222719,30.234567173891048
steady,3000.0,50.0,6,3,3100.348027842227,0.6351021469048375,0.6351021469048375,0.0,0.05,12.70204293809675,3.257016889117906,0.7106164832194187,0.9893851385308828,0.6953855273318986,0.7862965601883147,0.8171382601207275,0.8077132459446766,0.777227279519386,1.0,10.259608331658782,9.872374277115364
steady,3000.0,50.0,6,4,3149.6519721577724,0.489215714926539,0.48921571492653904,0.0,0.05,9.784314298530779,3.257016889117906,0.7106164832194187,0.9893851385308828,0.6953855273318986,0.3863398958077154,0.40765563340951294,1.0,1.0,1.0,9.784314298530779,9.784314298530779
steady,3000.0,50.0,6,5,3200.406032482598,0.303767394686305,0.30376739468630504,0.0,0.05,6.075347893726099,3.257016889117906,0.7106164832194187,0.9893851385308828,0.6953855273318986,0.18982470819530178,0.20337208959712472,1.0,1.0,1.0,6.075347893726099,6.075347893726099
steady,3000.0,50.0,6,6,3249.7099767981435,0.2536695727177695,0.2536695727177695,0.0,0.05,5.07339145435539,3.257016889117906,0.7106164832194187,0.9893851385308828,0.6953855273318986,0.09326870000339185,0.10145869071200174,1.0,1.0,1.0,5.07339145435539,5.07339145435539
steady,3000.0,50.0,7,1,3000.290023201856,3.379175622902844,3.3791756229028436,0.0,0.05,67.58351245805687,3.3276064406961083,0.6548648213760522,0.9887594229462477,0.6953855273318986,3.3276064406961083,3.379175622902844,1.0,1.0,1.0,67.58351245805687,67.58351245805687
steady,3000.0,50.0,7,2,3049.5939675174013,1.6402032591076066,1.6402032591076066,0.0,0.05,32.80406518215213,3.3276064406961083,0.6548648213760522,0.9887594229462477,0.6953855273318986,1.7287324249094285,1.6858101574547746,0.9487895497728863,0.9729465989124036,1.0,31.124154234894537,31.916603649475714
steady,3000.0,50.0,7,3,3100.348027842227,0.7670565086119985,0.7670565086119985,0.0,0.05,15.34113017223997,3.3276064406961083,0.6548648213760522,0.9887594229462477,0.6953855273318986,0.8980977318664101,0.8410204748507096,0.8540902414015854,0.9120544999194692,1.0,13.102709572181581,13.991946807441806
steady,3000.0,50.0,7,4,3149.6519721577724,0.5603505877723228,0.5603505877723228,0.0,0.05,11.207011755446455,3.3276064406961083,0.6548648213760522,0.9887594229462477,0.6953855273318986,0.46657280465243106,0.41957004232671924,1.0,1.0,1.0,11.207011755446455,11.207011755446455
steady,3000.0,50.0,7,5,3200.406032482598,0.358078530175053,0.358078530175053,0.0,0.05,7.161570603501059,3.3276064406961083,0.6548648213760522,0.9887594229462477,0.6953855273318986,0.24239030376887372,0.20931597467861154,1.0,1.0,1.0,7.161570603501059,7.161570603501059
steady,3000.0,50.0,7,6,3249.7099767981435,0.2769829304417732,0.27698293044177325,0.0,0.05,5.539658608835463,3.3276064406961083,0.6548648213760522,0.9887594229462477,0.6953855273318986,0.12592474052347388,0.10442398845420862,1.0,1.0,1.0,5.539658608835463,5.539658608835463
steady,3000.0,50.0,7,7,3300.46403712297,0.192465631145383,0.192465631145383,0.0,0.05,3.84931262290766,3.3276064406961083,0.6548648213760522,0.9887594229462477,0.6953855273318986,0.06541944966175045,0.05209525637700374,1.0,1.0,1.0,3.84931262290766,3.84931262290766
steady,3000.0,50.0,8,1,3000.290023201856,2.811514698505992,2.811514698505992,0.0,0.05,56.23029397011984,2.7488031749298814,0.5946879401705705,0.9805298878688786,0.6953855273318986,2.7488031749298814,2.811514698505992,1.0,1.0,1.0,56.23029397011984,56.23029397011984
steady,3000.0,50.0,8,2,3049.5939675174013,1.43297034579479,1.43297034579479,0.0,0.05,28.659406915895797,2.7488031749298814,0.5946879401705705,0.9805298878688786,0.6953855273318986,1.516610131491826,1.4026142957622396,0.9448508328143878,1.0,1.0,27.078864492450567,28.659406915895797
steady,3000.0,50.0,8,3,3100.348027842227,0.6673175503418808,0.6673175503418808,0.0,0.05,13.346351006837615,2.7488031749298814,0.5946879401705705,0.9805298878688786,0.6953855273318986,0.8367664560058314,0.6997391348236661,0.7974955802210483,0.9536661837701051,1.0,10.643655940031735,12.727963631947128
steady,3000.0,50.0,8,4,3149.6519721577724,0.5314383410888464,0.5314383410888464,0.0,0.05,10.628766821776926,2.7488031749298814,0.5946879401705705,0.9805298878688786,0.6953855273318986,0.4616731006589168,0.34908731379904023,1.0,1.0,1.0,10.628766821776926,10.628766821776926
steady,3000.0,50.0,8,5,3200.406032482598,0.3634536915472147,0.36345369154721474,0.0,0.05,7.2690738309442935,2.7488031749298814,0.5946879401705705,0.9805298878688786,0.6953855273318986,0.2547210758058076,0.17415340459146786,1.0,1.0,1.0,7.2690738309442935,7.2690738309442935
steady,3000.0,50.0,8,6,3249.7099767981435,0.2859086859357209,0.28590868593572094,0.0,0.05,5.718173718714417,2.7488031749298814,0.5946879401705705,0.9805298878688786,0.6953855273318986,0.1405384597176332,0.08688201241325913,1.0,1.0,1.0,5.718173718714417,5.718173718714417
steady,3000.0,50.0,8,7,3300.46403712297,0.2141116468424559,0.21411164684245595,0.0,0.05,4.282232936849118,2.7488031749298814,0.5946879401705705,0.9805298878688786,0.6953855273318986,0.07753994677245503,0.043343878913450345,1.0,1.0,1.0,4.282232936849118,4.282232936849118
steady,3000.0,50.0,8,8,3349.7679814385147,0.1674003431227018,0.16740034312270186,0.0,0.05,3.348006862454036,2.7488031749298814,0.5946879401705705,0.9805298878688786,0.6953855273318986,0.042781480297672446,0.02162348439085118,1.0,1.0,1.0,3.348006862454036,3.348006862454036
steady,3000.0,60.0,1,1,3000.290023201856,5.157394867254647,,,0.05,103.14789734509293,,,,0.6656134607617791,,,1.0,1.0,1.0,103.14789734509293,103.14789734509293
steady,3000.0,60.0,2,1,3000.290023201856,2.730955013053874,2.730955013053874,0.0,0.05,54.61910026107747,2.730955013053874,0.7504171443942994,1.0,0.6656134607617791,2.730955013053874,2.730955013053874,1.0,1.0,1.0,54.61910026107747,54.61910026107747
steady,3000.0,60.0,2,2,3059.7447795823664,1.289473796235444,1.2894737962354441,0.0,0.05,25.789475924708878,2.730955013053874,0.7504171443942994,1.0,0.6656134607617791,1.289473796235444,1.4035965529960528,1.0,0.9186926210975599,1.0,25.789475924708878,23.692601234003217
steady,3000.0,60.0,3,1,3000.290023201856,2.509652128754635,2.509652128754635,0.0,0.05,50.1930425750927,2.5168367665940816,0.783305034850551,0.9989430461689619,0.6656134607617791,2.5168367665940816,2.509652128754635,0.9971453699600991,1.0,1.0,50.04976000796381,50.1930425750927
steady,3000.0,60.0,3,2,3059.7447795823664,1.181376159969851,1.1813761599698507,0.0,0.05,23.627523199397018,2.5168367665940816,0.783305034850551,0.9989430461689619,0.6656134607617791,1.1499262694905759,1.2898561346860686,1.0,0.915897616951971,1.0,23.627523199397018,21.640392192805137
steady,3000.0,60.0,3,3,3120.6496519721577,0.4909767655971708,0.49097676559717085,0.0,0.05,9.819535311943415,2.5168367665940816,0.783305034850551,0.9989430461689619,0.6656134607617791,0.5253937970136859,0.6629320570468378,0.9344928858845689,0.7406140046754174,1.0,9.176285891703433,7.272485371430086
steady,3000.0,60.0,4,1,3000.290023201856,3.0875232841278337,3.0875232841278337,0.0,0.05,61.75046568255667,3.0841833916253165,0.752440047588576,0.9951082940685582,0.6656134607617791,3.0841833916253165,3.0875232841278337,1.0,1.0,1.0,61.75046568255667,61.75046568255667
steady,3000.0,60.0,4,2,3059.7447795823664,1.4644582190748356,1.4644582190748356,0.0,0.05,29.28916438149671,3.0841833916253165,0.752440047588576,0.9951082940685582,0.6656134607617791,1.453314590045614,1.5868577176051013,1.0,0.9228667465442384,1.0,29.28916438149671,27.02999584175126
steady,3000.0,60.0,4,3,3120.6496519721577,0.5924020709393347,0.5924020709393347,0.0,0.05,11.848041418786694,3.0841833916253165,0.752440047588576,0.9951082940685582,0.6656134607617791,0.6848241590868548,0.8155784375353112,0.8650425997372,0.726358181721407,1.0,10.249060550701266,8.605921821909822
steady,3000.0,60.0,4,4,3180.104408352668,0.4367277923146014,0.4367277923146014,0.0,0.05,8.734555846292027,3.0841833916253165,0.752440047588576,0.9951082940685582,0.6656134607617791,0.32269966329471594,0.4191731750067781,1.0,1.0,1.0,8.734555846292027,8.734555846292027
steady,3000.0,60.0,5,1,3000.290023201856,2.938614409232612,2.938614409232612,0.0,0.05,58.77228818465224,2.884551252331996,0.6734248119820635,0.9808214979515177,0.6656134607617791,2.884551252331996,2.938614409232612,1.0,1.0,1.0,58.77228818465224,58.77228818465224
steady,3000.0,60.0,5,2,3059.7447795823664,1.3481377208228154,1.3481377208228154,0.0,0.05,26.962754416456306,2.884551252331996,0.6734248119820635,0.9808214979515177,0.6656134607617791,1.4710030731302242,1.510324789558172,0.916475121941141,0.8926144430279778,1.0,24.71069364169083,24.067344015945295
steady,3000.0,60.0,5,3,3120.6496519721577,0.6596720224930619,0.6596720224930619,0.0,0.05,13.193440449861237,2.884551252331996,0.6734248119820635,0.9808214979515177,0.6656134607617791,0.750151358693736,0.7762437163539315,0.8793852265251791,0.8498259098206751,1.0,11.602116618647685,11.212127533968223
steady,3000.0,60.0,5,4,3180.104408352668,0.5241422238728058,0.5241422238728058,0.0,0.05,10.482844477456116,2.884551252331996,0.6734248119820635,0.9808214979515177,0.6656134607617791,0.38254648901079574,0.3989567749564869,1.0,1.0,1.0,10.482844477456116,10.482844477456116
steady,3000.0,60.0,5,5,3239.5591647331785,0.3924021384225646,0.3924021384225646,0.0,0.05,7.8480427684512915,2.884551252331996,0.6734248119820635,0.9808214979515177,0.6656134607617791,0.19508305165149176,0.20504708112974704,1.0,1.0,1.0,7.8480427684512915,7.8480427684512915
steady,3000.0,60.0,6,1,3000.290023201856,3.2258069038751613,3.2258069038751613,0.0,0.05,64.51613807750323,3.172265238431672,0.6652632621640007,0.9854428292445292,0.6656134607617791,3.172265238431672,3.2258069038751613,1.0,1.0,1.0,64.51613807750323,64.51613807750323
steady,3000.0,60.0,6,2,3059.7447795823664,1.5296532471069175,1.5296532471069175,0.0,0.05,30.593064942138348,3.172265238431672,0.6652632621640007,0.9854428292445292,0.6656134607617791,1.630982602455817,1.657929709302292,0.9378722034212229,0.9226285279311647,1.0,28.692385226691858,28.226034472467624
steady,3000.0,60.0,6,3,3120.6496519721577,0.7085939195222065,0.7085939195222065,0.0,0.05,14.17187839044413,3.172265238431672,0.6652632621640007,0.9854428292445292,0.6656134607617791,0.8385503889418378,0.8521064660395922,0.845022468377097,0.8315790898942462,1.0,11.97555565903314,11.785037734017465
steady,3000.0,60.0,6,4,3180.104408352668,0.5481116380857368,0.5481116380857368,0.0,0.05,10.962232761714736,3.172265238431672,0.6652632621640007,0.9854428292445292,0.6656134607617791,0.4311307513248327,0.4379470525152974,1.0,1.0,1.0,10.962232761714736,10.962232761714736
steady,3000.0,60.0,6,5,3239.5591647331785,0.3926027827968319,0.3926027827968319,0.0,0.05,7.852055655936638,3.172265238431672,0.6652632621640007,0.9854428292445292,0.6656134607617791,0.22166076981070604,0.22508645157719653,1.0,1.0,1.0,7.852055655936638,7.852055655936638
steady,3000.0,60.0,6,6,3300.46403712297,0.2549549769989827,0.2549549769989827,0.0,0.05,5.099099539979653,3.172265238431672,0.6652632621640007,0.9854428292445292,0.6656134607617791,0.11396425961750868,0.11568501350250315,1.0,1.0,1.0,5.099099539979653,5.099099539979653
steady,3000.0,60.0,7,1,3000.290023201856,2.9130156512192014,2.9130156512192014,0.0,0.05,58.260313024384025,2.8552985615638176,0.5904813815001722,0.9836471454545459,0.6656134607617791,2.8552985615638176,2.9130156512192014,1.0,1.0,1.0,58.260313024384025,58.260313024384025
steady,3000.0,60.0,7,2,3059.7447795823664,1.5042178958588188,1.5042178958588188,0.0,0.05,30.084357917176376,2.8552985615638176,0.5904813815001722,0.9836471454545459,0.6656134607617791,1.5820081659464793,1.497168099558938,0.9508281488287259,1.0,1.0,28.605054347089638,30.084357917176376
steady,3000.0,60.0,7,3,3120.6496519721577,0.7151813068319994,0.7151813068319994,0.0,0.05,14.303626136639988,2.8552985615638176,0.5904813815001722,0.9836471454545459,0.6656134607617791,0.8765282450009756,0.7694817284619699,0.8159249983224481,0.929432474324627,1.0,11.670686131542908,13.294254631991707
steady,3000.0,60.0,7,4,3180.104408352668,0.5535670033977339,0.5535670033977339,0.0,0.05,11.071340067954678,2.8552985615638176,0.5904813815001722,0.9836471454545459,0.6656134607617791,0.4856496829931552,0.3954813962515316,1.0,1.0,1.0,11.071340067954678,11.071340067954678
steady,3000.0,60.0,7,5,3239.5591647331785,0.4105712538683179,0.41057125386831794,0.0,0.05,8.211425077366357,2.8552985615638176,0.5904813815001722,0.9836471454545459,0.6656134607617791,0.26907930912265077,0.20326088196230768,1.0,1.0,1.0,8.211425077366357,8.211425077366357
steady,3000.0,60.0,7,6,3300.46403712297,0.2640645259743002,0.2640645259743002,0.0,0.05,5.281290519486004,2.8552985615638176,0.5904813815001722,0.9836471454545459,0.6656134607617791,0.14908621818032464,0.10446758438624072,1.0,1.0,1.0,5.281290519486004,5.281290519486004
steady,3000.0,60.0,7,7,3359.91879350348,0.2217289128712096,0.22172891287120966,0.0,0.05,4.434578257424191,2.8552985615638176,0.5904813815001722,0.9836471454545459,0.6656134607617791,0.08260278549020682,0.05369196513434441,1.0,1.0,1.0,4.434578257424191,4.434578257424191
steady,3000.0,60.0,8,1,3000.290023201856,2.9139635854332573,2.9139635854332573,0.0,0.05,58.27927170866514,2.857416975516459,0.5287662264853111,0.9857512589137752,0.6656134607617791,2.857416975516459,2.9139635854332573,1.0,1.0,1.0,58.27927170866514,58.27927170866514
steady,3000.0,60.0,8,2,3059.7447795823664,1.6396092029443328,1.6396092029443328,0.0,0.05,32.792184058886654,2.857416975516459,0.5287662264853111,0.9857512589137752,0.6656134607617791,1.6839661839724227,1.4976552980623759,0.9736592210400251,1.0,1.0,31.92841238697671,32.792184058886654
steady,3000.0,60.0,8,3,3120.6496519721577,0.8054703791947914,0.8054703791947914,0.0,0.05,16.109407583895827,2.857416975516459,0.5287662264853111,0.9857512589137752,0.6656134607617791,0.9924145243975468,0.7697321280975485,0.8116269556652836,1.0,1.0,13.074829434888603,16.109407583895827
steady,3000.0,60.0,8,4,3180.104408352668,0.6182970205609619,0.6182970205609619,0.0,0.05,12.365940411219238,2.857416975516459,0.5287662264853111,0.9857512589137752,0.6656134607617791,0.584861262422677,0.3956100911819459,1.0,1.0,1.0,12.365940411219238,12.365940411219238
steady,3000.0,60.0,8,5,3239.5591647331785,0.4551618748600947,0.45516187486009474,0.0,0.05,9.103237497201894,2.857416975516459,0.5287662264853111,0.9857512589137752,0.6656134607617791,0.3446772370550496,0.2033270257690911,1.0,1.0,1.0,9.103237497201894,9.103237497201894
steady,3000.0,60.0,8,6,3300.46403712297,0.2943217083977034,0.29432170839770344,0.0,0.05,5.886434167954067,2.857416975516459,0.5287662264853111,0.9857512589137752,0.6656134607617791,0.20312919554936226,0.10450157953400384,1.0,1.0,1.0,5.886434167954067,5.886434167954067
steady,3000.0,60.0,8,7,3359.91879350348,0.2471500658459083,0.2471500658459083,0.0,0.05,4.943001316918165,2.857416975516459,0.5287662264853111,0.9857512589137752,0.6656134607617791,0.11971045850626053,0.053709437217183874,1.0,1.0,1.0,4.943001316918165,4.943001316918165
steady,3000.0,60.0,8,8,3419.3735498839906,0.1730020267057714,0.17300202670577144,0.0,0.05,3.4600405341154277,2.857416975516459,0.5287662264853111,0.9857512589137752,0.6656134607617791,0.07054915881009662,0.027604402335832282,1.0,1.0,1.0,3.4600405341154277,3.4600405341154277
steady,3000.0,70.0,1,1,3000.290023201856,5.157394867254647,,,0.05,103.14789734509293,,,,0.4887470556694542,,,1.0,1.0,1.0,103.14789734509293,103.14789734509293
steady,3000.0,70.0,2,1,3000.290023201856,2.737130531752661,2.737130531752661,0.0,0.05,54.74261063505322,2.737130531752661,0.7561032957840329,1.0,0.4887470556694542,2.737130531752661,2.737130531752661,1.0,1.0,1.0,54.74261063505322,54.74261063505322
steady,3000.0,70.0,2,2,3069.8955916473315,1.2850618181247209,1.2850618181247209,0.0,0.05,25.701236362494416,2.737130531752661,0.7561032957840329,1.0,0.4887470556694542,1.2850618181247206,1.678940710014968,1.0,0.7654003565815403,1.0,25.701236362494416,19.671735476439675
steady,3000.0,70.0,3,1,3000.290023201856,2.6271775733272205,2.6271775733272205,0.0,0.05,52.54355146654441,2.599934204229103,0.5520763697676226,0.9891364159199915,0.4887470556694542,2.599934204229103,2.6271775733272205,1.0,1.0,1.0,52.54355146654441,52.54355146654441
steady,3000.0,70.0,3,2,3069.8955916473315,1.402284886358166,1.402284886358166,0.0,0.05,28.04569772716332,2.599934204229103,0.5520763697676226,0.9891364159199915,0.4887470556694542,1.496920157293561,1.6114961742336045,0.9367800143018342,0.8701757464767578,1.0,26.272649117956973,24.40468595519585
steady,3000.0,70.0,3,3,3139.501160092808,0.9440400270011102,0.9440400270011102,0.0,0.05,18.880800540022204,2.599934204229103,0.5520763697676226,0.9891364159199915,0.4887470556694542,0.8618564091610087,0.9884828288483916,1.0,0.955039378985411,1.0,18.880800540022204,18.031908022490217
steady,3000.0,70.0,4,1,3000.290023201856,3.039887658454606,3.0398876584546066,0.0,0.05,60.79775316909212,2.9723546900787237,0.5462219387195099,0.9810862064346452,0.4887470556694542,2.9723546900787237,3.039887658454606,1.0,1.0,1.0,60.79775316909212,60.79775316909212
steady,3000.0,70.0,4,2,3069.8955916473315,1.5270172685933854,1.5270172685933854,0.0,0.05,30.540345371867705,2.9723546900787237,0.5462219387195099,0.9810862064346452,0.4887470556694542,1.7213907245787137,1.8646502548723591,0.8870834766273656,0.8189295899342337,1.0,27.09183574987688,25.01039251183349
steady,3000.0,70.0,4,3,3139.501160092808,1.06411342164539,1.06411342164539,0.0,0.05,21.2822684329078,2.9723546900787237,0.5462219387195099,0.9810862064346452,0.4887470556694542,0.9969153535263813,1.1437661399510808,1.0,0.9303592618075777,1.0,21.2822684329078,19.800155548830812
steady,3000.0,70.0,4,4,3210.556844547564,0.6931700025009067,0.6931700025009067,0.0,0.05,13.863400050018132,2.9723546900787237,0.5462219387195099,0.9810862064346452,0.4887470556694542,0.5773472622491668,0.7015798160970114,1.0,0.9880130337231056,1.0,13.863400050018132,13.697219941135469
steady,3000.0,70.0,5,1,3000.290023201856,3.221406205076184,3.221406205076184,0.0,0.05,64.42812410152368,3.152110722703739,0.5101701086617637,0.9897262746186529,0.4887470556694542,3.152110722703739,3.221406205076184,1.0,1.0,1.0,64.42812410152368,64.42812410152368
steady,3000.0,70.0,5,2,3069.8955916473315,1.7100117979160785,1.7100117979160785,0.0,0.05,34.20023595832157,3.152110722703739,0.5101701086617637,0.9897262746186529,0.4887470556694542,1.8925065937630443,1.9759927261247519,0.9035697965606055,0.8653937716004118,1.0,30.902300247185327,29.596671185595927
steady,3000.0,70.0,5,3,3139.501160092808,1.1843341330137558,1.1843341330137558,0.0,0.05,23.686682660275114,3.152110722703739,0.5101701086617637,0.9897262746186529,0.4887470556694542,1.1362485402684335,1.2120629952054087,1.0,0.9771225899137744,1.0,23.686682660275114,23.144792707473712
steady,3000.0,70.0,5,4,3210.556844547564,0.7600855467989999,0.7600855467989999,0.0,0.05,15.201710935979996,3.152110722703739,0.5101701086617637,0.9897262746186529,0.4887470556694542,0.6821961675150686,0.7434727288836979,1.0,1.0,1.0,15.201710935979996,15.201710935979996
steady,3000.0,70.0,5,5,3280.162412993039,0.4563956750974231,0.4563956750974231,0.0,0.05,9.127913501948463,3.152110722703739,0.5101701086617637,0.9897262746186529,0.4887470556694542,0.40958610240528975,0.4560420545634243,1.0,1.0,1.0,9.127913501948463,9.127913501948463
steady,3000.0,70.0,6,1,3000.290023201856,3.1592095253752457,3.1592095253752457,0.0,0.05,63.18419050750491,3.1086141537907332,0.4715741539371246,0.9946442840584426,0.4887470556694542,3.1086141537907332,3.1592095253752457,1.0,1.0,1.0,63.18419050750491,63.18419050750491
steady,3000.0,70.0,6,2,3069.8955916473315,1.7999466303368823,1.7999466303368825,0.0,0.05,35.99893260673765,3.1086141537907332,0.4715741539371246,0.9946442840584426,0.4887470556694542,1.9398348939204317,1.9378416272398913,0.9278865103303542,0.9288409357273351,1.0,33.4029239520834,33.43728224762747
steady,3000.0,70.0,6,3,3139.501160092808,1.2630819625721792,1.2630819625721792,0.0,0.05,25.261639251443583,3.1086141537907332,0.4715741539371246,0.9946442840584426,0.4887470556694542,1.2104942040113376,1.1886613224292901,1.0,1.0,1.0,25.261639251443583,25.261639251443583
steady,3000.0,70.0,6,4,3210.556844547564,0.8209494660501514,0.8209494660501514,0.0,0.05,16.41898932100303,3.1086141537907332,0.4715741539371246,0.9946442840584426,0.4887470556694542,0.7553716156655267,0.7291182724007197,1.0,1.0,1.0,16.41898932100303,16.41898932100303
steady,3000.0,70.0,6,5,3280.162412993039,0.4904399188796539,0.49043991887965394,0.0,0.05,9.808798377593076,3.1086141537907332,0.4715741539371246,0.9946442840584426,0.4887470556694542,0.471366385615345,0.44723711045139536,1.0,1.0,1.0,9.808798377593076,9.808798377593076
steady,3000.0,70.0,6,6,3349.7679814385147,0.26658760063801,0.26658760063801007,0.0,0.05,5.3317520127602,3.1086141537907332,0.4715741539371246,0.9946442840584426,0.4887470556694542,0.29414167130481195,0.2743327667626783,0.9063238114321847,0.9717672583699469,1.0,4.832293805816047,5.1812220357484255
steady,3000.0,70.0,7,1,3000.290023201856,2.9418838216799648,2.9418838216799648,0.0,0.05,58.83767643359929,2.892089574255571,0.44085223657788686,0.9958182990001713,0.4887470556694542,2.892089574255571,2.9418838216799648,1.0,1.0,1.0,58.83767643359929,58.83767643359929
steady,3000.0,70.0,7,2,3069.8955916473315,1.734122333191502,1.734122333191502,0.0,0.05,34.68244666383004,2.892089574255571,0.44085223657788686,0.9958182990001713,0.4887470556694542,1.861024309836549,1.8045352441376514,0.9318106829801742,0.9609800300798236,1.0,32.31747431324693,33.32913863824927
steady,3000.0,70.0,7,3,3139.501160092808,1.2356251326752314,1.2356251326752314,0.0,0.05,24.71250265350463,2.892089574255571,0.44085223657788686,0.9958182990001713,0.4887470556694542,1.1975464081862304,1.106891925281874,1.0,1.0,1.0,24.71250265350463,24.71250265350463
steady,3000.0,70.0,7,4,3210.556844547564,0.8229387819191556,0.8229387819191556,0.0,0.05,16.45877563838311,2.892089574255571,0.44085223657788686,0.9958182990001713,0.4887470556694542,0.7706064838485092,0.6789613770274212,1.0,1.0,1.0,16.45877563838311,16.45877563838311
steady,3000.0,70.0,7,5,3280.162412993039,0.5152540971070988,0.5152540971070988,0.0,0.05,10.305081942141975,2.892089574255571,0.44085223657788686,0.9958182990001713,0.4887470556694542,0.4958758582465019,0.4164711485970771,1.0,1.0,1.0,10.305081942141975,10.305081942141975
steady,3000.0,70.0,7,6,3349.7679814385147,0.3008400627504515,0.3008400627504515,0.0,0.05,6.01680125500903,2.892089574255571,0.44085223657788686,0.9958182990001713,0.4887470556694542,0.31909005691683756,0.25546109614238577,0.9428061333445359,1.0,1.0,5.672677126337614,6.01680125500903
steady,3000.0,70.0,7,7,3419.3735498839906,0.2172322550611883,0.21723225506118837,0.0,0.05,4.344645101223765,2.892089574255571,0.44085223657788686,0.9958182990001713,0.4887470556694542,0.20533055346400073,0.15669842163642078,1.0,1.0,1.0,4.344645101223765,4.344645101223765
steady,3000.0,70.0,8,1,3000.290023201856,3.019114358320824,3.0191143583208238,0.0,0.05,60.38228716641648,2.9917113041768624,0.41158752635281765,0.9974934516250116,0.4887470556694542,2.9917113041768624,3.019114358320824,1.0,1.0,1.0,60.38228716641648,60.38228716641648
steady,3000.0,70.0,8,2,3069.8955916473315,1.892825520689944,1.8928255206899436,0.0,0.05,37.85651041379888,2.9917113041768624,0.41158752635281765,0.9974934516250116,0.4887470556694542,1.9823005018080038,1.8519080276123268,0.9548630588367142,1.0,1.0,36.14778333060392,37.85651041379888
steady,3000.0,70.0,8,3,3139.501160092808,1.3678913812679063,1.3678913812679065,0.0,0.05,27.357827625358127,2.9917113041768624,0.41158752635281765,0.9974934516250116,0.4887470556694542,1.3134674037505192,1.1359501283159206,1.0,1.0,1.0,27.357827625358127,27.357827625358127
steady,3000.0,70.0,8,4,3210.556844547564,0.9200955973557852,0.9200955973557853,0.0,0.05,18.401911947115703,2.9917113041768624,0.41158752635281765,0.9974934516250116,0.4887470556694542,0.87030024920118,0.6967855178448858,1.0,1.0,1.0,18.401911947115703,18.401911947115703
steady,3000.0,70.0,8,5,3280.162412993039,0.5769834000733391,0.5769834000733391,0.0,0.05,11.539668001466783,2.9917113041768624,0.41158752635281765,0.9974934516250116,0.4887470556694542,0.5766587900064104,0.42740437786485286,1.0,1.0,1.0,11.539668001466783,11.539668001466783
steady,3000.0,70.0,8,6,3349.7679814385147,0.3345435575597218,0.3345435575597218,0.0,0.05,6.690871151194436,2.9917113041768624,0.41158752635281765,0.9974934516250116,0.4887470556694542,0.3820926862848549,0.26216747842728244,0.8755560354021417,1.0,1.0,5.8582326185263645,6.690871151194436
steady,3000.0,70.0,8,7,3419.3735498839906,0.2347285327866494,0.23472853278664946,0.0,0.05,4.694570655732988,2.9917113041768624,0.41158752635281765,0.9974934516250116,0.4887470556694542,0.2531736677607109,0.1608120793901949,0.9271443387568448,1.0,1.0,4.352544606356848,4.694570655732988
steady,3000.0,70.0,8,8,3490.429234338747,0.1869117834541857,0.18691178345418577,0.0,0.05,3.7382356690837137,2.9917113041768624,0.41158752635281765,0.9974934516250116,0.4887470556694542,0.16775224532726532,0.0986412389245728,1.0,1.0,1.0,3.7382356690837137,3.7382356690837137
steady,3000.0,80.0,1,1,3000.290023201856,5.157394867254647,,,0.05,103.14789734509293,,,,0.40543448826779266,,,1.0,1.0,1.0,103.14789734509293,103.14789734509293
steady,3000.0,80.0,2,1,3000.290023201856,2.732206044337336,2.732206044337336,0.0,0.05,54.64412088674672,2.732206044337336,0.7477714621212834,1.0,0.40543448826779266,2.732206044337336,2.732206044337336,1.0,1.0,1.0,54.64412088674672,54.64412088674672
steady,3000.0,80.0,2,2,3080.046403712297,1.2934821148522977,1.2934821148522977,0.0,0.05,25.869642297045953,2.732206044337336,0.7477714621212834,1.0,0.40543448826779266,1.2934821148522977,1.821526470220742,1.0,0.7101088762632951,1.0,25.869642297045953,18.37026262088871
steady,3000.0,80.0,3,1,3000.290023201856,2.666186759922359,2.666186759922359,0.0,0.05,53.323735198447174,2.6404276431216043,0.5608054217361949,0.9905289973526255,0.40543448826779266,2.6404276431216043,2.666186759922359,1.0,1.0,1.0,53.323735198447174,53.323735198447174
steady,3000.0,80.0,3,2,3080.046403712297,1.4167580027527846,1.4167580027527846,0.0,0.05,28.33516005505569,2.6404276431216043,0.5608054217361949,0.9905289973526255,0.40543448826779266,1.5070219250357144,1.7775122662568241,0.9401044399000428,0.7970454154649891,1.0,26.638009773036195,22.584409418348827
steady,3000.0,80.0,3,3,3159.802784222737,0.9392062165151228,0.9392062165151229,0.0,0.05,18.784124330302454,2.6404276431216043,0.5608054217361949,0.9905289973526255,0.40543448826779266,0.8601315353043948,1.1850444628213064,1.0,0.7925493481308695,1.0,18.784124330302454,14.887345493190416
steady,3000.0,80.0,4,1,3000.290023201856,3.090150687806821,3.0901506878068212,0.0,0.05,61.803013756136416,2.9909650082195793,0.48908027521635655,0.9621817995268476,0.40543448826779266,2.9909650082195793,3.090150687806821,1.0,1.0,1.0,61.803013756136416,61.803013756136416
steady,3000.0,80.0,4,2,3080.046403712297,1.581300291184144,1.581300291184144,0.0,0.05,31.62600582368288,2.9909650082195793,0.48908027521635655,0.9621817995268476,0.40543448826779266,1.8340301356275155,2.0601635394508295,0.8621997318725084,0.7675605654130088,1.0,27.26793374137777,24.27487491178114
steady,3000.0,80.0,4,3,3159.802784222737,1.157552585415549,1.157552585415549,0.0,0.05,23.15105170831098,2.9909650082195793,0.48908027521635655,0.9621817995268476,0.40543448826779266,1.1246091241943883,1.373484414863557,1.0,0.8427853806630498,1.0,23.15105170831098,19.511367926738817
steady,3000.0,80.0,4,4,3239.5591647331785,0.8778313282320602,0.8778313282320602,0.0,0.05,17.556626564641203,2.9909650082195793,0.48908027521635655,0.9621817995268476,0.40543448826779266,0.6895991825066358,0.9156843142539813,1.0,0.9586615327655139,1.0,17.556626564641203,16.830862532650674
steady,3000.0,80.0,5,1,3000.290023201856,3.166656403233411,3.166656403233411,0.0,0.05,63.333128064668216,3.0586159015334964,0.4036004528999749,0.97797116573536,0.40543448826779266,3.0586159015334964,3.166656403233411,1.0,1.0,1.0,63.333128064668216,63.333128064668216
steady,3000.0,80.0,5,2,3080.046403712297,1.8347655090207888,1.8347655090207886,0.0,0.05,36.695310180415774,3.0586159015334964,0.4036004528999749,0.97797116573536,0.40543448826779266,2.0428829908141286,2.1111689114876624,0.8981255986127717,0.8690756571097372,1.0,32.95699742206725,31.891000807890467
steady,3000.0,80.0,5,3,3159.802784222737,1.322784199111266,1.3227841991112659,0.0,0.05,26.45568398222532,3.0586159015334964,0.4036004528999749,0.97797116573536,0.40543448826779266,1.3644638779473028,1.4074890374216193,0.969453439178808,0.9398184738507632,1.0,25.647553822396038,24.863540544853084
steady,3000.0,80.0,5,4,3239.5591647331785,0.9853065075844522,0.9853065075844522,0.0,0.05,19.70613015168904,3.0586159015334964,0.4036004528999749,0.97797116573536,0.40543448826779266,0.9113403374517516,0.9383547567807268,1.0,1.0,1.0,19.70613015168904,19.70613015168904
steady,3000.0,80.0,5,5,3319.3155452436195,0.7469694100258157,0.7469694100258157,0.0,0.05,14.939388200516314,3.0586159015334964,0.4036004528999749,0.97797116573536,0.40543448826779266,0.6086941721873483,0.6255889929956564,1.0,1.0,1.0,14.939388200516314,14.939388200516314
steady,3000.0,80.0,6,1,3000.290023201856,2.99432018270848,2.99432018270848,0.0,0.05,59.8864036541696,2.849479039760739,0.35373947568882336,0.97122576824148,0.40543448826779266,2.849479039760739,2.99432018270848,1.0,1.0,1.0,59.8864036541696,59.8864036541696
steady,3000.0,80.0,6,2,3080.046403712297,1.7698917170017334,1.7698917170017334,0.0,0.05,35.39783434003466,2.849479039760739,0.35373947568882336,0.97122576824148,0.40543448826779266,2.0004991187829186,1.99627457981214,0.8847250670515245,0.8865973323009952,1.0,31.317351359965926,31.383625495107292
steady,3000.0,80.0,6,3,3159.802784222737,1.3185124880201762,1.3185124880201762,0.0,0.05,26.37024976040352,2.849479039760739,0.35373947568882336,0.97122576824148,0.40543448826779266,1.4044661035959993,1.3308904709046332,0.9387997934903896,0.9906994729055025,1.0,24.75638502935682,26.124992538018223
steady,3000.0,80.0,6,4,3239.5591647331785,1.0224393756570238,1.0224393756570238,0.0,0.05,20.448787513140473,2.849479039760739,0.35373947568882336,0.97122576824148,0.40543448826779266,0.9860164484102301,0.8872874821215437,1.0,1.0,1.0,20.448787513140473,20.448787513140473
steady,3000.0,80.0,6,5,3319.3155452436195,0.7963217776747089,0.7963217776747089,0.0,0.05,15.926435553494178,2.849479039760739,0.35373947568882336,0.97122576824148,0.40543448826779266,0.6922405845511166,0.5915431007590423,1.0,1.0,1.0,15.926435553494178,15.926435553494178
steady,3000.0,80.0,6,6,3400.522041763341,0.6122585801483086,0.6122585801483086,0.0,0.05,12.24517160296617,2.849479039760739,0.35373947568882336,0.97122576824148,0.40543448826779266,0.4859929341668575,0.39437414266111415,1.0,1.0,1.0,12.24517160296617,12.24517160296617
steady,3000.0,80.0,7,1,3000.290023201856,3.220027021880702,3.220027021880702,0.0,0.05,64.40054043761404,3.1008832730339235,0.33119307136025533,0.9882819791793224,0.40543448826779266,3.1008832730339235,3.220027021880702,1.0,1.0,1.0,64.40054043761404,64.40054043761404
steady,3000.0,80.0,7,2,3080.046403712297,2.0589112582466718,2.0589112582466713,0.0,0.05,41.17822516493343,3.1008832730339235,0.33119307136025533,0.9882819791793224,0.40543448826779266,2.226640453279883,2.146750413402419,0.9246716303989972,0.9590827351855359,1.0,38.076336600196015,39.49332482127022
steady,3000.0,80.0,7,3,3159.802784222737,1.5210008903676722,1.5210008903676722,0.0,0.05,30.420017807353442,3.1008832730339235,0.33119307136025533,0.9882819791793224,0.40543448826779266,1.5988759561825032,1.4312107650425165,0.9512938664730649,1.0,1.0,28.938376358136743,30.420017807353442
steady,3000.0,80.0,7,4,3239.5591647331785,1.1503648114775795,1.1503648114775797,0.0,0.05,23.00729622955159,3.1008832730339235,0.33119307136025533,0.9882819791793224,0.40543448826779266,1.1480992898933826,0.9541697261057471,1.0,1.0,1.0,23.00729622955159,23.00729622955159
steady,3000.0,80.0,7,5,3319.3155452436195,0.881813474467006,0.881813474467006,0.0,0.05,17.63626948934012,3.1008832730339235,0.33119307136025533,0.9882819791793224,0.40543448826779266,0.8244116589262361,0.6361326287185034,1.0,1.0,1.0,17.63626948934012,17.63626948934012
steady,3000.0,80.0,7,6,3400.522041763341,0.6701246333195401,0.6701246333195401,0.0,0.05,13.4024926663908,3.1008832730339235,0.33119307136025533,0.9882819791793224,0.40543448826779266,0.5919824089749453,0.42410140486417597,1.0,1.0,1.0,13.4024926663908,13.4024926663908
steady,3000.0,80.0,7,7,3480.278422273782,0.5011896462185086,0.5011896462185086,0.0,0.05,10.023792924370172,3.1008832730339235,0.33119307136025533,0.9882819791793224,0.40543448826779266,0.4250827468794144,0.28274292732020656,1.0,1.0,1.0,10.023792924370172,10.023792924370172
steady,3000.0,80.0,8,1,3000.290023201856,3.014694557015266,3.014694557015266,0.0,0.05,60.29389114030531,2.8513820281839672,0.29418823270515065,0.9805178200746029,0.40543448826779266,2.8513820281839672,3.014694557015266,1.0,1.0,1.0,60.29389114030531,60.29389114030531
steady,3000.0,80.0,8,2,3080.046403712297,1.921445507093314,1.921445507093314,0.0,0.05,38.42891014186628,2.8513820281839672,0.29418823270515065,0.9805178200746029,0.40543448826779266,2.1246680240771725,2.0098579119297577,0.9043509316839623,0.9560106193021601,1.0,34.75322069039604,36.73844618383265
steady,3000.0,80.0,8,3,3159.802784222737,1.468335619251728,1.468335619251728,0.0,0.05,29.36671238503456,2.8513820281839672,0.29418823270515065,0.9805178200746029,0.40543448826779266,1.5831670985915134,1.3399463029335974,0.9274672399129904,1.0,1.0,27.236663681066634,29.36671238503456
steady,3000.0,80.0,8,4,3239.5591647331785,1.1705062295905415,1.1705062295905415,0.0,0.05,23.410124591810828,2.8513820281839672,0.29418823270515065,0.9805178200746029,0.40543448826779266,1.1796751462625823,0.8933248883357708,0.9922275918916411,1.0,1.0,23.228171549615745,23.410124591810828
steady,3000.0,80.0,8,5,3319.3155452436195,0.9334287261690336,0.9334287261690336,0.0,0.05,18.66857452338067,2.8513820281839672,0.29418823270515065,0.9805178200746029,0.40543448826779266,0.8790186784122356,0.5955681614800236,1.0,1.0,1.0,18.66857452338067,18.66857452338067
steady,3000.0,80.0,8,6,3400.522041763341,0.7332576348388056,0.7332576348388056,0.0,0.05,14.665152696776111,2.8513820281839672,0.29418823270515065,0.9805178200746029,0.40543448826779266,0.6549886546695158,0.39705759864083745,1.0,1.0,1.0,14.665152696776111,14.665152696776111
steady,3000.0,80.0,8,7,3480.278422273782,0.5643886855854825,0.5643886855854825,0.0,0.05,11.287773711709649,2.8513820281839672,0.29418823270515065,0.9805178200746029,0.40543448826779266,0.4880557697826168,0.26471317111150916,1.0,1.0,1.0,11.287773711709649,11.287773711709649
steady,3000.0,80.0,8,8,3560.0348027842224,0.4252084334164581,0.42520843341645814,0.0,0.05,8.50416866832916,2.8513820281839672,0.29418823270515065,0.9805178200746029,0.40543448826779266,0.3636680310719112,0.1764808511404322,1.0,1.0,1.0,8.50416866832916,8.50416866832916
steady,3000.0,90.0,1,1,3000.290023201856,5.157394867254647,,,0.05,103.14789734509293,,,,0.396741814895877,,,1.0,1.0,1.0,103.14789734509293,103.14789734509293
steady,3000.0,90.0,2,1,3000.290023201856,2.7329431263267274,2.7329431263267274,0.0,0.05,54.65886252653455,2.7329431263267274,0.7463688171149296,1.0,0.396741814895877,2.7329431263267274,2.7329431263267274,1.0,1.0,1.0,54.65886252653455,54.65886252653455
steady,3000.0,90.0,2,2,3090.197215777262,1.2956471235394056,1.2956471235394056,0.0,0.05,25.91294247078811,2.7329431263267274,0.7463688171149296,1.0,0.396741814895877,1.2956471235394056,1.837925117583845,1.0,0.7049509858392253,1.0,25.91294247078811,18.26735434077721
steady,3000.0,90.0,3,1,3000.290023201856,2.7397436995242628,2.7397436995242628,0.0,0.05,54.79487399048525,2.7164279857613143,0.5663281551992007,0.992647742077988,0.396741814895877,2.7164279857613143,2.7397436995242628,1.0,1.0,1.0,54.79487399048525,54.79487399048525
steady,3000.0,90.0,3,2,3090.197215777262,1.459705829316097,1.459705829316097,0.0,0.05,29.194116586321936,2.7164279857613143,0.5663281551992007,0.992647742077988,0.396741814895877,1.5418602184579357,1.842498554979345,0.9467173559844458,0.7922425911115359,1.0,27.63857686490436,23.128822569559958
steady,3000.0,90.0,3,3,3180.104408352668,0.947537812486096,0.9475378124860961,0.0,0.05,18.95075624972192,2.7164279857613143,0.5663281551992007,0.992647742077988,0.396741814895877,0.8751687678541108,1.239094345098944,1.0,0.7647019100958236,1.0,18.95075624972192,14.491679501922718
steady,3000.0,90.0,4,1,3000.290023201856,3.147049222406161,3.147049222406161,0.0,0.05,62.94098444812322,3.047348079254347,0.47928731597424173,0.9636393587759201,0.396741814895877,3.047348079254347,3.147049222406161,1.0,1.0,1.0,62.94098444812322,62.94098444812322
steady,3000.0,90.0,4,2,3090.197215777262,1.635703331845632,1.635703331845632,0.0,0.05,32.71406663691264,3.047348079254347,0.47928731597424173,0.9636393587759201,0.396741814895877,1.88699273096556,2.116414628762201,0.8668307540372213,0.7728652550480072,1.0,28.35755905049889,25.283565454994992
steady,3000.0,90.0,4,3,3180.104408352668,1.2000454683355688,1.2000454683355688,0.0,0.05,24.000909366711376,3.047348079254347,0.47928731597424173,0.9636393587759201,0.396741814895877,1.1684722171902784,1.4233049959777706,1.0,0.8431400660623489,1.0,24.000909366711376,20.23612830900548
steady,3000.0,90.0,4,4,3270.011600928074,0.9080057058563726,0.9080057058563726,0.0,0.05,18.160114117127453,3.047348079254347,0.47928731597424173,0.9636393587759201,0.396741814895877,0.7235466782359765,0.9571834762643282,1.0,0.9486224202282666,1.0,18.160114117127453,17.227091405410956
steady,3000.0,90.0,5,1,3000.290023201856,2.977887251240826,2.977887251240826,0.0,0.05,59.55774502481651,2.8683971333302507,0.378273684805465,0.9747344385874586,0.396741814895877,2.8683971333302507,2.977887251240826,1.0,1.0,1.0,59.55774502481651,59.55774502481651
steady,3000.0,90.0,5,2,3090.197215777262,1.7643510036434835,1.7643510036434837,0.0,0.05,35.287020072869666,2.8683971333302507,0.378273684805465,0.9747344385874586,0.396741814895877,1.9649753462866881,2.0026519116570545,0.897899816899823,0.8810073250241508,1.0,31.684208862370053,31.08812316247242
steady,3000.0,90.0,5,3,3180.104408352668,1.2944211674878818,1.2944211674878818,0.0,0.05,25.888423349757634,2.8683971333302507,0.378273684805465,0.9747344385874586,0.396741814895877,1.3460925848268663,1.3467987001833304,0.9616137716517987,0.9611096055495756,1.0,24.894664419478932,24.881612353985982
steady,3000.0,90.0,5,4,3270.011600928074,0.993197668316178,0.993197668316178,0.0,0.05,19.863953366323557,2.8683971333302507,0.378273684805465,0.9747344385874586,0.396741814895877,0.9221312879828417,0.9057324082419597,1.0,1.0,1.0,19.863953366323557,19.863953366323557
steady,3000.0,90.0,5,5,3359.91879350348,0.7649634380908883,0.7649634380908883,0.0,0.05,15.299268761817766,2.8683971333302507,0.378273684805465,0.9747344385874586,0.396741814895877,0.6316995739087761,0.6091119595141509,1.0,1.0,1.0,15.299268761817766,15.299268761817766
steady,3000.0,90.0,6,1,3000.290023201856,2.900655704988011,2.900655704988011,0.0,0.05,58.013114099760216,2.760314140803609,0.34172537652139284,0.9711603321188077,0.396741814895877,2.760314140803609,2.900655704988011,1.0,1.0,1.0,58.013114099760216,58.013114099760216
steady,3000.0,90.0,6,2,3090.197215777262,1.7472173871712249,1.7472173871712247,0.0,0.05,34.944347743424494,2.760314140803609,0.34172537652139284,0.9711603321188077,0.396741814895877,1.961322745675484,1.9507131071643784,0.8908362435624939,0.8956813694203544,1.0,31.129691477493786,31.29900124033152
steady,3000.0,90.0,6,3,3180.104408352668,1.30528454531589,1.30528454531589,0.0,0.05,26.1056909063178,2.760314140803609,0.34172537652139284,0.9711603321188077,0.396741814895877,1.3936047552848845,1.311869457626179,0.9366246350451497,0.9949805125258392,1.0,24.451233217731392,25.974653717809225
steady,3000.0,90.0,6,4,3270.011600928074,1.0132527863779324,1.0132527863779324,0.0,0.05,20.265055727558646,2.760314140803609,0.34172537652139284,0.9711603321188077,0.396741814895877,0.9902165353636211,0.8822422259489043,1.0,1.0,1.0,20.265055727558646,20.265055727558646
steady,3000.0,90.0,6,5,3359.91879350348,0.7979612156854118,0.7979612156854118,0.0,0.05,15.959224313708235,2.760314140803609,0.34172537652139284,0.9711603321188077,0.396741814895877,0.703591734449192,0.5933146325821933,1.0,1.0,1.0,15.959224313708235,15.959224313708235
steady,3000.0,90.0,6,6,3449.825986078886,0.6327861738093338,0.6327861738093338,0.0,0.05,12.655723476186674,2.760314140803609,0.34172537652139284,0.9711603321188077,0.396741814895877,0.4999323997386454,0.39900862017517025,1.0,1.0,1.0,12.655723476186674,12.655723476186674
steady,3000.0,90.0,7,1,3000.290023201856,3.0175111931362304,3.0175111931362304,0.0,0.05,60.350223862724604,2.8879454091192454,0.3158388032995259,0.9843566206085983,0.396741814895877,2.8879454091192454,3.0175111931362304,1.0,1.0,1.0,60.350223862724604,60.350223862724604
steady,3000.0,90.0,7,2,3090.197215777262,1.9269673371507507,1.9269673371507507,0.0,0.05,38.53934674301501,2.8879454091192454,0.3158388032995259,0.9843566206085983,0.396741814895877,2.105823316499209,2.0292993150975827,0.9150660086498641,0.949572752927327,1.0,35.26604620010389,36.59591358278558
steady,3000.0,90.0,7,3,3180.104408352668,1.454499250510101,1.454499250510101,0.0,0.05,29.08998501020202,2.8879454091192454,0.3158388032995259,0.9843566206085983,0.396741814895877,1.5355178897457558,1.3647192824413168,0.9472369291320537,1.0,1.0,27.555108069561236,29.08998501020202
steady,3000.0,90.0,7,4,3270.011600928074,1.1224308800150065,1.1224308800150065,0.0,0.05,22.44861760030013,2.8879454091192454,0.3158388032995259,0.9843566206085983,0.396741814895877,1.1196643000652922,0.9177841366282544,1.0,1.0,1.0,22.44861760030013,22.44861760030013
steady,3000.0,90.0,7,5,3359.91879350348,0.8671005875698882,0.8671005875698882,0.0,0.05,17.342011751397763,2.8879454091192454,0.3158388032995259,0.9843566206085983,0.396741814895877,0.8164334347470703,0.6172168388649484,1.0,1.0,1.0,17.342011751397763,17.342011751397763
steady,3000.0,90.0,7,6,3449.825986078886,0.6687587412630633,0.6687587412630633,0.0,0.05,13.375174825261267,2.8879454091192454,0.3158388032995259,0.9843566206085983,0.396741814895877,0.5953244676409071,0.41508303638586963,1.0,1.0,1.0,13.375174825261267,13.375174825261267
steady,3000.0,90.0,7,7,3539.7331786542923,0.5232118706276899,0.5232118706276899,0.0,0.05,10.464237412553798,2.8879454091192454,0.3158388032995259,0.9843566206085983,0.396741814895877,0.43409689839775517,0.2791465109930553,1.0,1.0,1.0,10.464237412553798,10.464237412553798
steady,3000.0,90.0,8,1,3000.290023201856,3.0019434368518176,3.0019434368518176,0.0,0.05,60.03886873703635,2.8227564043332785,0.2989975535754361,0.9746467243619247,0.396741814895877,2.8227564043332785,3.0019434368518176,1.0,1.0,1.0,60.03886873703635,60.03886873703635
steady,3000.0,90.0,8,2,3090.197215777262,1.8891389106061796,1.8891389106061793,0.0,0.05,37.78277821212359,2.8227564043332785,0.2989975535754361,0.9746467243619247,0.396741814895877,2.093246693140144,2.018829880141575,0.9024922465169282,0.9357593372224605,1.0,34.09866438831026,35.35558749819999
steady,3000.0,90.0,8,3,3180.104408352668,1.414475839509734,1.4144758395097339,0.0,0.05,28.289516790194682,2.8227564043332785,0.2989975535754361,0.9746467243619247,0.396741814895877,1.5522705790750233,1.3576785075026816,0.9112302059816149,1.0,1.0,25.77826221184945,28.289516790194682
steady,3000.0,90.0,8,4,3270.011600928074,1.114682963995525,1.114682963995525,0.0,0.05,22.293659279910496,2.8227564043332785,0.2989975535754361,0.9746467243619247,0.396741814895877,1.1511036699870651,0.9130491617280025,0.9683601860187367,1.0,1.0,21.588292047332466,22.293659279910496
steady,3000.0,90.0,8,5,3359.91879350348,0.8935270244070462,0.8935270244070462,0.0,0.05,17.870540488140925,2.8227564043332785,0.2989975535754361,0.9746467243619247,0.396741814895877,0.8536138460134077,0.6140325320945405,1.0,1.0,1.0,17.870540488140925,17.870540488140925
steady,3000.0,90.0,8,6,3449.825986078886,0.7178680141771924,0.7178680141771924,0.0,0.05,14.357360283543846,2.8227564043332785,0.2989975535754361,0.9746467243619247,0.396741814895877,0.6330069281370545,0.41294156577162705,1.0,1.0,1.0,14.357360283543846,14.357360283543846
steady,3000.0,90.0,8,7,3539.7331786542923,0.5767559181175916,0.5767559181175916,0.0,0.05,11.535118362351833,2.8227564043332785,0.2989975535754361,0.9746467243619247,0.396741814895877,0.4694133921806328,0.27770635565554774,1.0,1.0,1.0,11.535118362351833,11.535118362351833
steady,3000.0,90.0,8,8,3629.6403712296974,0.4603922112333978,0.4603922112333978,0.0,0.05,9.207844224667955,2.8227564043332785,0.2989975535754361,0.9746467243619247,0.396741814895877,0.3480987694826937,0.1867596443757769,1.0,1.0,1.0,9.207844224667955,9.207844224667955
steady,3000.0,100.0,1,1,3000.290023201856,5.157394867254647,,,0.05,103.14789734509293,,,,0.39305674204113256,,,1.0,1.0,1.0,103.14789734509293,103.14789734509293
steady,3000.0,100.0,2,1,3000.290023201856,2.7438108528474188,2.7438108528474188,0.0,0.05,54.87621705694837,2.7438108528474188,0.7499375786526099,1.0,0.39305674204113256,2.7438108528474188,2.7438108528474188,1.0,1.0,1.0,54.87621705694837,54.87621705694837
steady,3000.0,100.0,2,2,3100.348027842227,1.2961653797972132,1.2961653797972132,0.0,0.05,25.923307595944262,2.7438108528474188,0.7499375786526099,1.0,0.39305674204113256,1.2961653797972132,1.8520461117526457,1.0,0.6998558899651877,1.0,25.923307595944262,18.142579508400882
steady,3000.0,100.0,3,1,3000.290023201856,2.7916152999864634,2.7916152999864634,0.0,0.05,55.832305999729265,2.7720458855455012,0.5779254196841029,0.9949896610481685,0.39305674204113256,2.7720458855455012,2.7916152999864634,1.0,1.0,1.0,55.832305999729265,55.832305999729265
steady,3000.0,100.0,3,2,3100.348027842227,1.4855287401236508,1.4855287401236508,0.0,0.05,29.710574802473015,2.7720458855455012,0.5779254196841029,0.9949896610481685,0.39305674204113256,1.5552871869707676,1.8843136568556447,0.9551475461049831,0.7883659573972167,1.0,28.377982615950643,23.42280574897326
steady,3000.0,100.0,3,3,3200.406032482598,0.9347775904937352,0.9347775904937351,0.0,0.05,18.695551809874704,2.7720458855455012,0.5779254196841029,0.9949896610481685,0.39305674204113256,0.8726111809940089,1.2718937159535948,1.0,0.7349494527480162,1.0,18.695551809874704,13.740285571489597
steady,3000.0,100.0,4,1,3000.290023201856,3.1586102046321627,3.1586102046321627,0.0,0.05,63.17220409264325,3.0710493373803147,0.470349566850064,0.9721316365895236,0.39305674204113256,3.0710493373803147,3.1586102046321627,1.0,1.0,1.0,63.17220409264325,63.17220409264325
steady,3000.0,100.0,4,2,3100.348027842227,1.7053811517808368,1.7053811517808368,0.0,0.05,34.10762303561673,3.0710493373803147,0.470349566850064,0.9721316365895236,0.39305674204113256,1.9187419560432222,2.1320317112822984,0.8888017205281881,0.7998854532774022,1.0,30.314914037183012,27.282191512059057
steady,3000.0,100.0,4,3,3200.406032482598,1.208857668005572,1.208857668005572,0.0,0.05,24.17715336011144,3.0710493373803147,0.470349566850064,0.9721316365895236,0.39305674204113256,1.198798941153139,1.4391010360338785,1.0,0.8400088928690854,1.0,24.17715336011144,20.3090238267533
steady,3000.0,100.0,4,4,3300.46403712297,0.9204506347807448,0.9204506347807447,0.0,0.05,18.409012695614894,3.0710493373803147,0.470349566850064,0.9721316365895236,0.39305674204113256,0.7489901895268266,0.9713794503873415,1.0,0.9475706269200068,1.0,18.409012695614894,17.44383970096217
steady,3000.0,100.0,5,1,3000.290023201856,2.7670958709158664,2.7670958709158664,0.0,0.05,55.34191741831732,2.6420075538110734,0.36549382631060306,0.9604437224879669,0.39305674204113256,2.6420075538110734,2.7670958709158664,1.0,1.0,1.0,55.34191741831732,55.34191741831732
steady,3000.0,100.0,5,2,3100.348027842227,1.6159075411510908,1.6159075411510908,0.0,0.05,32.31815082302182,2.6420075538110734,0.36549382631060306,0.9604437224879669,0.39305674204113256,1.8331673056437605,1.8677632764876,0.8814839410326633,0.8651565010903665,1.0,28.487930954365282,27.960258287756304
steady,3000.0,100.0,5,3,3200.406032482598,1.1957145748506357,1.1957145748506357,0.0,0.05,23.914291497012712,2.6420075538110734,0.36549382631060306,0.9604437224879669,0.39305674204113256,1.271950326422689,1.2607223673247872,0.9400638924426684,0.9484360758887018,1.0,22.48096194969038,22.681176785085285
steady,3000.0,100.0,5,4,3300.46403712297,0.9582628186269836,0.9582628186269837,0.0,0.05,19.16525637253967,2.6420075538110734,0.36549382631060306,0.9604437224879669,0.39305674204113256,0.8825477237707093,0.8509755532092815,1.0,1.0,1.0,19.16525637253967,19.16525637253967
steady,3000.0,100.0,5,5,3400.522041763341,0.7722900448681402,0.7722900448681402,0.0,0.05,15.445800897362805,2.6420075538110734,0.36549382631060306,0.9604437224879669,0.39305674204113256,0.6123592003183486,0.5744003683352473,1.0,1.0,1.0,15.445800897362805,15.445800897362805
steady,3000.0,100.0,6,1,3000.290023201856,2.9309726640576126,2.9309726640576126,0.0,0.05,58.619453281152246,2.7857248681452567,0.32577037360738287,0.96907518668331,0.39305674204113256,2.7857248681452567,2.9309726640576126,1.0,1.0,1.0,58.619453281152246,58.619453281152246
steady,3000.0,100.0,6,2,3100.348027842227,1.806582025337348,1.806582025337348,0.0,0.05,36.131640506746955,2.7857248681452567,0.32577037360738287,0.96907518668331,0.39305674204113256,2.0112124350211915,1.9783785462062453,0.8982551986450464,0.9131629681294635,1.0,32.45543392075939,32.994076088527805
steady,3000.0,100.0,6,3,3200.406032482598,1.3352798464235975,1.3352798464235975,0.0,0.05,26.705596928471948,2.7857248681452567,0.32577037360738287,0.96907518668331,0.39305674204113256,1.4520369563549274,1.3353866175847084,0.9195908138423508,0.9999200447572973,1.0,24.5582216135993,26.703461675988013
steady,3000.0,100.0,6,4,3300.46403712297,1.0663935827888835,1.0663935827888835,0.0,0.05,21.32787165577767,2.7857248681452567,0.32577037360738287,0.96907518668331,0.39305674204113256,1.048328503695964,0.9013732088047137,1.0,1.0,1.0,21.32787165577767,21.32787165577767
steady,3000.0,100.0,6,5,3400.522041763341,0.8808563746068931,0.8808563746068931,0.0,0.05,17.61712749213786,2.7857248681452567,0.32577037360738287,0.96907518668331,0.39305674204113256,0.7568627278056599,0.6084183043712192,1.0,1.0,1.0,17.61712749213786,17.61712749213786
steady,3000.0,100.0,6,6,3500.580046403712,0.662981812698456,0.662981812698456,0.0,0.05,13.25963625396912,2.7857248681452567,0.32577037360738287,0.96907518668331,0.39305674204113256,0.5464329041152923,0.41067654272177184,1.0,1.0,1.0,13.25963625396912,13.25963625396912
steady,3000.0,100.0,7,1,3000.290023201856,2.9364982580234056,2.9364982580234056,0.0,0.05,58.72996516046811,2.789736287156286,0.3127529893110914,0.9772713660358939,0.39305674204113256,2.789736287156286,2.9364982580234056,1.0,1.0,1.0,58.72996516046811,58.72996516046811
steady,3000.0,100.0,7,2,3100.348027842227,1.848871177372688,1.8488711773726878,0.0,0.05,36.97742354745376,2.789736287156286,0.3127529893110914,0.9772713660358939,0.39305674204113256,2.0404983787388757,1.9821082693425363,0.906088040371479,0.9327801139672138,1.0,33.504801240098566,34.49180535080786
steady,3000.0,100.0,7,3,3200.406032482598,1.3687818970698715,1.3687818970698715,0.0,0.05,27.37563794139743,2.789736287156286,0.3127529893110914,0.9772713660358939,0.39305674204113256,1.4924828747451877,1.337904145068541,0.9171173219013078,1.0,1.0,25.10667175415424,27.37563794139743
steady,3000.0,100.0,7,4,3300.46403712297,1.0954512211872138,1.0954512211872138,0.0,0.05,21.909024423744274,2.789736287156286,0.3127529893110914,0.9772713660358939,0.39305674204113256,1.0916475869901758,0.9030725158042556,1.0,1.0,1.0,21.909024423744274,21.909024423744274
steady,3000.0,100.0,7,5,3400.522041763341,0.9106392820800064,0.9106392820800063,0.0,0.05,18.212785641600128,2.789736287156286,0.3127529893110914,0.9772713660358939,0.39305674204113256,0.7984644074290851,0.6095653203610093,1.0,1.0,1.0,18.212785641600128,18.212785641600128
steady,3000.0,100.0,7,6,3500.580046403712,0.6617640938141932,0.6617640938141932,0.0,0.05,13.235281876283864,2.789736287156286,0.3127529893110914,0.9772713660358939,0.39305674204113256,0.584021269802722,0.4114507675564773,1.0,1.0,1.0,13.235281876283864,13.235281876283864
steady,3000.0,100.0,7,7,3600.638051044083,0.4905789914617883,0.4905789914617883,0.0,0.05,9.811579829235765,2.789736287156286,0.3127529893110914,0.9772713660358939,0.39305674204113256,0.42717100525520496,0.2777253371673981,1.0,1.0,1.0,9.811579829235765,9.811579829235765
steady,3000.0,100.0,8,1,3000.290023201856,3.0098355350674755,3.0098355350674755,0.0,0.05,60.19671070134951,2.806458060685086,0.30604827648355104,0.965888488110654,0.39305674204113256,2.806458060685086,3.0098355350674755,1.0,1.0,1.0,60.19671070134951,60.19671070134951
steady,3000.0,100.0,8,2,3100.348027842227,1.8327830276953323,1.8327830276953323,0.0,0.05,36.65566055390664,2.806458060685086,0.30604827648355104,0.965888488110654,0.39305674204113256,2.066538396338119,2.0316102306949535,0.8868855429654737,0.9021331946474751,1.0,32.50937541310959,33.068288157409235
steady,3000.0,100.0,8,3,3200.406032482598,1.3392814560227024,1.3392814560227024,0.0,0.05,26.785629120454047,2.806458060685086,0.30604827648355104,0.965888488110654,0.39305674204113256,1.5216977596655166,1.3713174960477938,0.880123170002622,0.976638495375855,1.0,23.57465281200856,26.159876521895928
steady,3000.0,100.0,8,4,3300.46403712297,1.0896268898534287,1.0896268898534287,0.0,0.05,21.792537797068572,2.806458060685086,0.30604827648355104,0.965888488110654,0.39305674204113256,1.1205037737862522,0.9256262084895703,0.9724437483789201,1.0,1.0,21.192017142070657,21.792537797068572
steady,3000.0,100.0,8,5,3400.522041763341,0.9404459460378976,0.9404459460378977,0.0,0.05,18.80891892075795,2.806458060685086,0.30604827648355104,0.965888488110654,0.39305674204113256,0.8250841529432292,0.6247888474493118,1.0,1.0,1.0,18.80891892075795,18.80891892075795
steady,3000.0,100.0,8,6,3500.580046403712,0.6929946186546595,0.6929946186546595,0.0,0.05,13.859892373093189,2.806458060685086,0.30604827648355104,0.965888488110654,0.39305674204113256,0.6075515989898925,0.42172650289799785,1.0,1.0,1.0,13.859892373093189,13.859892373093189
steady,3000.0,100.0,8,7,3600.638051044083,0.5365593086111063,0.5365593086111063,0.0,0.05,10.731186172222126,2.806458060685086,0.30604827648355104,0.965888488110654,0.39305674204113256,0.44737127009221894,0.28466136035023254,1.0,1.0,1.0,10.731186172222126,10.731186172222126
steady,3000.0,100.0,8,8,3700.696055684455,0.4431967650425221,0.44319676504252214,0.0,0.05,8.863935300850441,2.806458060685086,0.30604827648355104,0.965888488110654,0.39305674204113256,0.32942231349020745,0.192143698628407,1.0,1.0,1.0,8.863935300850441,8.863935300850441
steady,3500.0,10.0,1,1,3500.580046403712,4.697704287224712,,,0.05,93.95408574449424,,,,0.4970477954716243,,,1.0,1.0,1.0,93.95408574449424,93.95408574449424
steady,3500.0,10.0,2,1,3500.580046403712,2.720035490035533,2.720035490035533,0.0,0.05,54.40070980071065,2.720035490035533,0.7479807745541467,1.0,0.4970477954716243,2.720035490035533,2.720035490035533,1.0,1.0,1.0,54.40070980071065,54.40070980071065
steady,3500.0,10.0,2,2,3509.2807424593966,1.2874508183364606,1.2874508183364606,0.0,0.05,25.74901636672921,2.720035490035533,0.7479807745541467,1.0,0.4970477954716243,1.2874508183364606,1.6546626191651577,1.0,0.778074517079518,1.0,25.74901636672921,20.034653474815435
steady,3500.0,10.0,3,1,3500.580046403712,2.4160304635800416,2.4160304635800416,0.0,0.05,48.32060927160083,2.4202712643114443,0.8472939539479906,0.9995459766985979,0.4970477954716243,2.4202712643114443,2.4160304635800416,0.998247799412431,1.0,1.0,48.23594187164344,48.32060927160083
steady,3500.0,10.0,3,2,3509.2807424593966,1.057053482068158,1.057053482068158,0.0,0.05,21.14106964136316,2.4202712643114443,0.8472939539479906,0.9995459766985979,0.4970477954716243,1.037263165273922,1.469729093423681,1.0,0.7192165459593577,1.0,21.14106964136316,15.205007085347448
steady,3500.0,10.0,3,3,3519.4315545243617,0.4214544910968568,0.4214544910968568,0.0,0.05,8.429089821937135,2.4202712643114443,0.8472939539479906,0.9995459766985979,0.4970477954716243,0.4445430931231455,0.8940713457955256,0.9480621735362498,0.47138798606933946,1.0,7.991301217518,3.973371675560513
steady,3500.0,10.0,4,1,3500.580046403712,2.4638500278493027,2.4638500278493027,0.0,0.05,49.27700055698605,2.4660319453291057,0.7815944988784937,0.9983142791859083,0.4970477954716243,2.4660319453291057,2.4638500278493027,0.9991152111861585,1.0,1.0,49.23340081811357,49.27700055698605
steady,3500.0,10.0,4,2,3509.2807424593966,1.1474896880524184,1.1474896880524184,0.0,0.05,22.949793761048365,2.4660319453291057,0.7815944988784937,0.9983142791859083,0.4970477954716243,1.1286428126019958,1.4988188776382534,1.0,0.7655959670461063,1.0,22.949793761048365,17.57026954799852
steady,3500.0,10.0,4,3,3519.4315545243617,0.4654428683427538,0.46544286834275383,0.0,0.05,9.308857366855076,2.4660319453291057,0.7815944988784937,0.9983142791859083,0.4970477954716243,0.5165523507718159,0.9117673570114693,0.9010565292120034,0.5104842422395464,1.0,8.387806709908023,4.752024999035032
steady,3500.0,10.0,4,4,3529.5823665893267,0.2808695051381336,0.2808695051381336,0.0,0.05,5.617390102762672,2.4660319453291057,0.7815944988784937,0.9983142791859083,0.4970477954716243,0.23641344108925158,0.5546498817933375,1.0,0.5063906337273602,1.0,5.617390102762672,2.84459373403179
steady,3500.0,10.0,5,1,3500.580046403712,2.660207838277344,2.660207838277344,0.0,0.05,53.204156765546884,2.6613489572326103,0.7420996329611665,0.9972903505515671,0.4970477954716243,2.6613489572326103,2.660207838277344,0.9995712253546589,1.0,1.0,53.18134417209907,53.204156765546884
steady,3500.0,10.0,5,2,3509.2807424593966,1.2917284645803746,1.2917284645803746,0.0,0.05,25.83456929160749,2.6613489572326103,0.7420996329611665,0.9972903505515671,0.4970477954716243,1.2671033746004146,1.6182680282418562,1.0,0.7982166378110764,1.0,25.83456929160749,20.621583039244214
steady,3500.0,10.0,5,3,3519.4315545243617,0.5311420775320257,0.5311420775320257,0.0,0.05,10.622841550640514,2.6613489572326103,0.7420996329611665,0.9972903505515671,0.4970477954716243,0.6032846453902393,0.9844311311125302,0.8804170329719769,0.5395421383431553,1.0,9.352530639746355,5.731470645513103
steady,3500.0,10.0,5,4,3529.5823665893267,0.3066763354021583,0.30667633540215833,0.0,0.05,6.133526708043165,2.6613489572326103,0.7420996329611665,0.9972903505515671,0.4970477954716243,0.2872317844456854,0.5988529928236705,1.0,0.512106208163274,1.0,6.133526708043165,3.141017105124154
steady,3500.0,10.0,5,5,3539.7331786542923,0.2082096558217721,0.20820965582177212,0.0,0.05,4.164193116435442,2.6613489572326103,0.7420996329611665,0.9972903505515671,0.4970477954716243,0.1367548447093089,0.3642965929049563,1.0,0.5715388501481079,1.0,4.164193116435442,2.3799981455621784
steady,3500.0,10.0,6,1,3500.580046403712,2.8511334046938908,2.8511334046938908,0.0,0.05,57.02266809387781,2.8532057592504985,0.7419991519773611,0.9959239048605621,0.4970477954716243,2.8532057592504985,2.8511334046938908,0.9992736750408242,1.0,1.0,56.98125110680243,57.02266809387781
steady,3500.0,10.0,6,2,3509.2807424593966,1.3961129767299445,1.3961129767299445,0.0,0.05,27.92225953459889,2.8532057592504985,0.7419991519773611,0.9959239048605621,0.4970477954716243,1.358585436144901,1.7344126149392405,1.0,0.8049485829984308,1.0,27.92225953459889,22.4759832464898
steady,3500.0,10.0,6,3,3519.4315545243617,0.5502751988681805,0.5502751988681805,0.0,0.05,11.00550397736361,2.8532057592504985,0.7419991519773611,0.9959239048605621,0.4970477954716243,0.646905461101371,1.0550846599839634,0.8506269183928741,0.5215460140199027,1.0,9.361577933625327,5.739876731674177
steady,3500.0,10.0,6,4,3529.5823665893267,0.3138134735105237,0.3138134735105237,0.0,0.05,6.276269470210473,2.8532057592504985,0.7419991519773611,0.9959239048605621,0.4970477954716243,0.30803118042415367,0.6418332236199017,1.0,0.48893304671988486,1.0,6.276269470210473,3.0686755541050044
steady,3500.0,10.0,6,5,3539.7331786542923,0.2121022280761608,0.2121022280761608,0.0,0.05,4.242044561523215,2.8532057592504985,0.7419991519773611,0.9959239048605621,0.4970477954716243,0.14667244878711752,0.3904424948691567,1.0,0.5432355106409191,1.0,4.242044561523215,2.3044292435405977
steady,3500.0,10.0,6,6,3549.8839907192573,0.156627812548324,0.15662781254832403,0.0,0.05,3.1325562509664797,2.8532057592504985,0.7419991519773611,0.9959239048605621,0.4970477954716243,0.06983970649850071,0.23751550432348884,1.0,0.6594424772161472,1.0,3.1325562509664797,2.0657406541562624
steady,3500.0,10.0,7,1,3500.580046403712,3.262858226698825,3.2628582266988255,0.0,0.05,65.25716453397649,3.280696215791049,0.7575861643737365,0.9931516644456604,0.4970477954716243,3.280696215791049,3.262858226698825,0.9945627428085649,1.0,1.0,64.90234454682147,65.25716453397649
steady,3500.0,10.0,7,2,3509.2807424593966,1.6428314973636646,1.6428314973636646,0.0,0.05,32.85662994727329,3.280696215791049,0.7575861643737365,0.9931516644456604,0.4970477954716243,1.5379794298898837,1.98487466767705,1.0,0.8276751797564693,1.0,32.85662994727329,27.194617097801213
steady,3500.0,10.0,7,3,3519.4315545243617,0.5607104014254719,0.5607104014254719,0.0,0.05,11.214208028509438,3.280696215791049,0.7575861643737365,0.9931516644456604,0.4970477954716243,0.7209996205619623,1.2074467147081875,0.7776847385695466,0.4643769324106223,1.0,8.721118438915871,5.207619523693785
steady,3500.0,10.0,7,4,3529.5823665893267,0.3203491910177313,0.32034919101773135,0.0,0.05,6.406983820354625,3.280696215791049,0.7575861643737365,0.9931516644456604,0.4970477954716243,0.3380022142999099,0.7345187041788617,0.9477724626190909,0.4361348311420583,1.0,6.0723628333781745,2.7943088066202644
steady,3500.0,10.0,7,5,3539.7331786542923,0.217496218963657,0.217496218963657,0.0,0.05,4.34992437927314,3.280696215791049,0.7575861643737365,0.9931516644456604,0.4970477954716243,0.1584543092860393,0.4468252886165525,1.0,0.48675897381963873,1.0,4.34992437927314,2.1173647270480225
steady,3500.0,10.0,7,6,3549.8839907192573,0.1589297987552722,0.15892979875527222,0.0,0.05,3.1785959751054436,3.280696215791049,0.7575861643737365,0.9931516644456604,0.4970477954716243,0.07428285102605169,0.2718145057592003,1.0,0.5846994747810392,1.0,3.1785959751054436,1.8585233971852781
steady,3500.0,10.0,7,7,3560.0348027842224,0.1253561492425126,0.12535614924251265,0.0,0.05,2.507122984850252,3.280696215791049,0.7575861643737365,0.9931516644456604,0.4970477954716243,0.03482355248917647,0.16535126239133216,1.0,0.7581203035864083,1.0,2.507122984850252,1.900700838403135
steady,3500.0,10.0,8,1,3500.580046403712,3.5308011516023288,3.5308011516023288,0.0,0.05,70.61602303204657,3.559297284366391,0.7032924067260545,0.9946311284589283,0.4970477954716243,3.559297284366391,3.5308011516023288,0.9919938879819827,1.0,1.0,70.05066324138512,70.61602303204657
steady,3500.0,10.0,8,2,3509.2807424593966,1.8921775744954568,1.8921775744954568,0.0,0.05,37.84355148990913,3.559297284366391,0.7032924067260545,0.9946311284589283,0.4970477954716243,1.7616849809912931,2.1478707548721525,1.0,0.8809550435952952,1.0,37.84355148990913,33.3384675525937
steady,3500.0,10.0,8,3,3519.4315545243617,0.7367671262599227,0.7367671262599227,0.0,0.05,14.735342525198453,3.559297284366391,0.7032924067260545,0.9946311284589283,0.4970477954716243,0.8719513219314495,1.3066011314575063,0.8449635979998495,0.5638806736973073,1.0,12.450828037851874,8.308974870269486
steady,3500.0,10.0,8,4,3529.5823665893267,0.3669634994711835,0.3669634994711835,0.0,0.05,7.33926998942367,3.559297284366391,0.7032924067260545,0.9946311284589283,0.4970477954716243,0.43157495013108693,0.7948367064701031,0.8502891545482928,0.4616841377405441,1.0,6.24050167430871,3.3884245367121193
steady,3500.0,10.0,8,5,3539.7331786542923,0.2362151607821299,0.23621516078212998,0.0,0.05,4.724303215642598,3.559297284366391,0.7032924067260545,0.9946311284589283,0.4970477954716243,0.21360932989708026,0.4835181714924049,1.0,0.4885341952155367,1.0,4.724303215642598,2.3079836694081286
steady,3500.0,10.0,8,6,3549.8839907192573,0.1674040595293378,0.16740405952933787,0.0,0.05,3.348081190586756,3.559297284366391,0.7032924067260545,0.9946311284589283,0.4970477954716243,0.10572658539431051,0.294135663665594,1.0,0.5691389389613809,1.0,3.348081190586756,1.9055233763671031
steady,3500.0,10.0,8,7,3560.0348027842224,0.1295895228589381,0.12958952285893813,0.0,0.05,2.591790457178762,3.559297284366391,0.7032924067260545,0.9946311284589283,0.4970477954716243,0.05232969395356554,0.1789297563997725,1.0,0.7242480259650255,1.0,2.591790457178762,1.8770991223267093
steady,3500.0,10.0,8,8,3570.1856148491875,0.0994638092753242,0.09946380927532422,0.0,0.05,1.9892761855064838,3.559297284366391,0.7032924067260545,0.9946311284589283,0.4970477954716243,0.025900740661025816,0.10884724866849568,1.0,0.9137925900015202,1.0,1.9892761855064838,1.8177858377823144
steady,3500.0,20.0,1,1,3500.580046403712,4.697704287224712,,,0.05,93.95408574449424,,,,0.6827223356407702,,,1.0,1.0,1.0,93.95408574449424,93.95408574449424
steady,3500.0,20.0,2,1,3500.580046403712,2.7141528841930063,2.7141528841930063,0.0,0.05,54.28305768386012,2.7141528841930063,0.7581135824956448,1.0,0.6827223356407702,2.7141528841930063,2.7141528841930063,1.0,1.0,1.0,54.28305768386012,54.28305768386012
steady,3500.0,20.0,2,2,3519.4315545243617,1.2717149056460069,1.2717149056460069,0.0,0.05,25.434298112920136,2.7141528841930063,0.7581135824956448,1.0,0.6827223356407702,1.2717149056460069,1.371297752230833,1.0,0.9273805806048874,1.0,25.434298112920136,23.587274151237665
steady,3500.0,20.0,3,1,3500.580046403712,2.3919405687806217,2.3919405687806217,0.0,0.05,47.83881137561243,2.3980166525675375,0.8130505978125131,0.9991176056748529,0.6827223356407702,2.3980166525675375,2.3919405687806217,0.997466204506791,1.0,1.0,47.71759761094843,47.83881137561243
steady,3500.0,20.0,3,2,3519.4315545243617,1.0909280682520135,1.0909280682520137,0.0,0.05,21.818561365040267,2.3980166525675375,0.8130505978125131,0.9991176056748529,0.6827223356407702,1.0635277018422682,1.2085033030163521,1.0,0.9027100426859589,1.0,21.818561365040267,19.695834461181715
steady,3500.0,20.0,3,3,3539.7331786542923,0.4407869918600702,0.44078699186007025,0.0,0.05,8.815739837201404,2.3980166525675375,0.8130505978125131,0.9991176056748529,0.6827223356407702,0.47167778062543736,0.6105838299092715,0.9345087048102914,0.7219106865728299,1.0,8.238385617207573,6.3641767985215125
steady,3500.0,20.0,4,1,3500.580046403712,2.452639840555197,2.452639840555197,0.0,0.05,49.05279681110394,2.455537793285553,0.7508663830629719,0.9982337832883005,0.6827223356407702,2.455537793285553,2.452639840555197,0.9988198297178402,1.0,1.0,48.994906158050654,49.05279681110394
steady,3500.0,20.0,4,2,3519.4315545243617,1.1805539606768989,1.1805539606768987,0.0,0.05,23.611079213537977,2.455537793285553,0.7508663830629719,0.9982337832883005,0.6827223356407702,1.1589094279639578,1.2391709840564613,1.0,0.9526965817197576,1.0,23.611079213537977,22.494194457452053
steady,3500.0,20.0,4,3,3539.7331786542923,0.4942643462824339,0.49426434628243393,0.0,0.05,9.885286925648677,2.455537793285553,0.7508663830629719,0.9982337832883005,0.6827223356407702,0.546955972698223,0.6260783594626197,0.9036638613600785,0.7894608379479441,1.0,8.932976553883982,7.80404689967846
steady,3500.0,20.0,4,4,3560.0348027842224,0.3001790933698757,0.3001790933698757,0.0,0.05,6.003581867397513,2.455537793285553,0.7508663830629719,0.9982337832883005,0.6827223356407702,0.25813996232289105,0.31631963403812674,1.0,0.9489739525106254,1.0,6.003581867397513,5.69724281392534
steady,3500.0,20.0,5,1,3500.580046403712,2.8068244302732737,2.8068244302732737,0.0,0.05,56.13648860546547,2.808288875216697,0.7557880977098013,0.9966281936447376,0.6827223356407702,2.808288875216697,2.8068244302732737,0.999478527669875,1.0,1.0,56.107214979947344,56.13648860546547
steady,3500.0,20.0,5,2,3519.4315545243617,1.3481443104287214,1.3481443104287214,0.0,0.05,26.962886208574428,2.808288875216697,0.7557880977098013,0.9966281936447376,0.6827223356407702,1.318885760048276,1.4181190951167595,1.0,0.9506566233195832,1.0,26.962886208574428,25.632446357993526
steady,3500.0,20.0,5,3,3539.7331786542923,0.5325527462359232,0.5325527462359232,0.0,0.05,10.651054924718464,2.808288875216697,0.7557880977098013,0.9966281936447376,0.6827223356407702,0.6194019651642483,0.716490046988432,0.8597853674789439,0.7432800336506579,1.0,9.15762117248748,7.916716462859745
steady,3500.0,20.0,5,4,3560.0348027842224,0.3193375056437843,0.3193375056437843,0.0,0.05,6.386750112875686,2.808288875216697,0.7557880977098013,0.9966281936447376,0.6827223356407702,0.290896153458575,0.3619992066965424,1.0,0.8821497388293432,1.0,6.386750112875686,5.634069944041564
steady,3500.0,20.0,5,5,3580.336426914153,0.2174632456362666,0.21746324563626662,0.0,0.05,4.3492649127253316,2.808288875216697,0.7557880977098013,0.9966281936447376,0.6827223356407702,0.13661657026637913,0.18289636569235102,1.0,1.0,1.0,4.3492649127253316,4.3492649127253316
steady,3500.0,20.0,6,1,3500.580046403712,3.2321350190308653,3.2321350190308653,0.0,0.05,64.6427003806173,3.2271273243008123,0.7718203588686582,0.9963613086954962,0.6827223356407702,3.2271273243008123,3.2321350190308653,1.0,1.0,1.0,64.6427003806173,64.6427003806173
steady,3500.0,20.0,6,2,3519.4315545243617,1.5051763590615577,1.5051763590615577,0.0,0.05,30.10352718123115,3.2271273243008123,0.7718203588686582,0.9963613086954962,0.6827223356407702,1.4914846143391238,1.6330028836313726,1.0,0.9217230258126905,1.0,30.10352718123115,27.74711416111895
steady,3500.0,20.0,6,3,3539.7331786542923,0.5969287542092939,0.5969287542092939,0.0,0.05,11.938575084185878,3.2271273243008123,0.7718203588686582,0.9963613086954962,0.6827223356407702,0.6893209133892136,0.8250578649242106,0.8659664063786325,0.7234992593690717,1.0,10.338404962933925,8.637550231330534
steady,3500.0,20.0,6,4,3560.0348027842224,0.3437845299790694,0.3437845299790694,0.0,0.05,6.875690599581388,3.2271273243008123,0.7718203588686582,0.9963613086954962,0.6827223356407702,0.3185841255535073,0.41685197699072774,1.0,0.8247160837783825,1.0,6.875690599581388,5.670492624558601
steady,3500.0,20.0,6,5,3580.336426914153,0.2322836400849714,0.23228364008497146,0.0,0.05,4.645672801699428,3.2271273243008123,0.7718203588686582,0.9963613086954962,0.6827223356407702,0.14724033912690085,0.21061016215758419,1.0,1.0,1.0,4.645672801699428,4.645672801699428
steady,3500.0,20.0,6,6,3600.638051044083,0.1643922902815736,0.1643922902815736,0.0,0.05,3.2878458056314717,3.2271273243008123,0.7718203588686582,0.9963613086954962,0.6827223356407702,0.06805021257270269,0.10640861229507988,1.0,1.0,1.0,3.2878458056314717,3.2878458056314717
steady,3500.0,20.0,7,1,3500.580046403712,3.537550140912326,3.537550140912326,0.0,0.05,70.7510028182465,3.539111707615856,0.7371746251757716,0.9959581334195228,0.6827223356407702,3.539111707615856,3.537550140912326,0.9995587687440977,1.0,1.0,70.71978526441666,70.7510028182465
steady,3500.0,20.0,7,2,3519.4315545243617,1.7376755927914926,1.7376755927914926,0.0,0.05,34.75351185582985,3.539111707615856,0.7371746251757716,0.9959581334195228,0.6827223356407702,1.6933370036498405,1.7873107240527784,1.0,0.972229153782093,1.0,34.75351185582985,33.78837742254939
steady,3500.0,20.0,7,3,3539.7331786542923,0.6968453471282635,0.6968453471282635,0.0,0.05,13.936906942565269,3.539111707615856,0.7371746251757716,0.9959581334195228,0.6827223356407702,0.8102005375415108,0.9030203098379883,0.8600899590153142,0.7716829173568479,1.0,11.98699372103121,10.754873008369675
steady,3500.0,20.0,7,4,3560.0348027842224,0.3808223536849618,0.38082235368496187,0.0,0.05,7.616447073699236,3.539111707615856,0.7371746251757716,0.9959581334195228,0.6827223356407702,0.38765166627652153,0.45624169821509813,0.9823828627975296,0.8346943192058273,1.0,7.482267080606523,6.357405104948599
steady,3500.0,20.0,7,5,3580.336426914153,0.2521476357540256,0.2521476357540256,0.0,0.05,5.042952715080512,3.539111707615856,0.7371746251757716,0.9959581334195228,0.6827223356407702,0.1854773076588638,0.2305114125589736,1.0,1.0,1.0,5.042952715080512,5.042952715080512
steady,3500.0,20.0,7,6,3600.638051044083,0.182631900226794,0.18263190022679407,0.0,0.05,3.6526380045358797,3.539111707615856,0.7371746251757716,0.9959581334195228,0.6827223356407702,0.08874418620927878,0.1164635138081619,1.0,1.0,1.0,3.6526380045358797,3.6526380045358797
steady,3500.0,20.0,7,7,3619.489559164733,0.1422325739792027,0.14223257397920272,0.0,0.05,2.8446514795840536,3.539111707615856,0.7371746251757716,0.9959581334195228,0.6827223356407702,0.042460884759186225,0.05884198920118024,1.0,1.0,1.0,2.8446514795840536,2.8446514795840536
steady,3500.0,20.0,8,1,3500.580046403712,3.658110815456936,3.658110815456936,0.0,0.05,73.16221630913871,3.6611507499417395,0.7054106217784126,0.996403387956939,0.6827223356407702,3.6611507499417395,3.658110815456936,0.9991696778711305,1.0,1.0,73.1014681019401,73.16221630913871
steady,3500.0,20.0,8,2,3519.4315545243617,1.85565995231578,1.85565995231578,0.0,0.05,37.1131990463156,3.6611507499417395,0.7054106217784126,0.996403387956939,0.6827223356407702,1.8082633124266019,1.8482227614598432,1.0,1.0,1.0,37.1131990463156,37.1131990463156
steady,3500.0,20.0,8,3,3539.7331786542923,0.7975246424177748,0.7975246424177748,0.0,0.05,15.950492848355495,3.6611507499417395,0.7054106217784126,0.996403387956939,0.6827223356407702,0.8931116008047633,0.9337954885195472,0.8929731085108992,0.8540677827456437,1.0,14.243361181076873,13.622802060695223
steady,3500.0,20.0,8,4,3560.0348027842224,0.4057582073975452,0.40575820739754526,0.0,0.05,8.115164147950903,3.6611507499417395,0.7054106217784126,0.996403387956939,0.6827223356407702,0.4411129319554911,0.47179053984310826,0.9198510812158341,0.8600388798225548,1.0,7.464742515736612,6.979356683379852
steady,3500.0,20.0,8,5,3580.336426914153,0.2634177905474334,0.2634177905474334,0.0,0.05,5.268355810948668,3.6611507499417395,0.7054106217784126,0.996403387956939,0.6827223356407702,0.21786820209595026,0.23836730442802104,1.0,1.0,1.0,5.268355810948668,5.268355810948668
steady,3500.0,20.0,8,6,3600.638051044083,0.1919977637037527,0.1919977637037527,0.0,0.05,3.839955274075054,3.6611507499417395,0.7054106217784126,0.996403387956939,0.6827223356407702,0.10760635212869087,0.1204326221529913,1.0,1.0,1.0,3.839955274075054,3.839955274075054
steady,3500.0,20.0,8,7,3619.489559164733,0.1467067152629052,0.14670671526290524,0.0,0.05,2.934134305258104,3.6611507499417395,0.7054106217784126,0.996403387956939,0.6827223356407702,0.05314739327285721,0.060847340256871975,1.0,1.0,1.0,2.934134305258104,2.934134305258104
steady,3500.0,20.0,8,8,3639.791183294664,0.1181365150441259,0.11813651504412594,0.0,0.05,2.3627303008825176,3.6611507499417395,0.7054106217784126,0.996403387956939,0.6827223356407702,0.026249801761903804,0.03074249111368028,1.0,1.0,1.0,2.3627303008825176,2.3627303008825176
steady,3500.0,30.0,1,1,3500.580046403712,4.697704287224712,,,0.05,93.95408574449424,,,,0.7386326693705875,,,1.0,1.0,1.0,93.95408574449424,93.95408574449424
steady,3500.0,30.0,2,1,3500.580046403712,2.7072823408407523,2.7072823408407523,0.0,0.05,54.145646816815045,2.7072823408407523,0.77061059671986,1.0,0.7386326693705875,2.7072823408407523,2.7072823408407523,1.0,1.0,1.0,54.145646816815045,54.145646816815045
steady,3500.0,30.0,2,2,3529.5823665893267,1.2527419497157557,1.2527419497157555,0.0,0.05,25.054838994315112,2.7072823408407523,0.77061059671986,1.0,0.7386326693705875,1.2527419497157555,1.2934494425387155,1.0,0.968527959822642,1.0,25.054838994315112,24.26631209484879
steady,3500.0,30.0,3,1,3500.580046403712,2.378023111640597,2.3780231116405974,0.0,0.05,47.560462232811936,2.3850422416085455,0.7955107360833719,0.9988514616747116,0.7386326693705875,2.3850422416085455,2.378023111640597,0.9970570206910824,1.0,1.0,47.42049277653821,47.560462232811936
steady,3500.0,30.0,3,2,3529.5823665893267,1.107593088606896,1.107593088606896,0.0,0.05,22.15186177213792,2.3850422416085455,0.7955107360833719,0.9988514616747116,0.7386326693705875,1.0764903779028487,1.1361403358988036,1.0,0.9748734849121226,1.0,22.15186177213792,21.595262683095722
steady,3500.0,30.0,3,3,3560.0348027842224,0.4514195617166417,0.4514195617166417,0.0,0.05,9.028391234332833,2.3850422416085455,0.7955107360833719,0.9988514616747116,0.7386326693705875,0.4858746371451545,0.5428100578743803,0.9290864910525894,0.8316344827588132,1.0,8.38815633175625,7.508321474308589
steady,3500.0,30.0,4,1,3500.580046403712,2.5101351490257344,2.5101351490257344,0.0,0.05,50.20270298051469,2.5126137234723465,0.7732438863954323,0.9983597719509645,0.7386326693705875,2.5126137234723465,2.5101351490257344,0.9990135473576947,1.0,1.0,50.153180391508684,50.20270298051469
steady,3500.0,30.0,4,2,3529.5823665893267,1.1795983816384843,1.1795983816384845,0.0,0.05,23.591967632769684,2.5126137234723465,0.7732438863954323,0.9983597719509645,0.7386326693705875,1.1596052541289212,1.1992590725487065,1.0,0.9836059685848875,1.0,23.591967632769684,23.20520017425374
steady,3500.0,30.0,4,3,3560.0348027842224,0.4834423476418702,0.4834423476418702,0.0,0.05,9.668846952837404,2.5126137234723465,0.7732438863954323,0.9983597719509645,0.7386326693705875,0.5351735258156165,0.5729660905503852,0.9033375612238913,0.8437538549226894,1.0,8.734232626223193,8.158126889114058
steady,3500.0,30.0,4,4,3590.487238979118,0.2904277364772653,0.29042773647726533,0.0,0.05,5.808554729545305,2.5126137234723465,0.7732438863954323,0.9983597719509645,0.7386326693705875,0.24698982840420636,0.2737441378891541,1.0,1.0,1.0,5.808554729545305,5.808554729545305
steady,3500.0,30.0,5,1,3500.580046403712,3.124711814437912,3.1247118144379114,0.0,0.05,62.49423628875823,3.123202220575034,0.7924871639623352,0.9958053247925692,0.7386326693705875,3.123202220575034,3.124711814437912,1.0,1.0,1.0,62.49423628875823,62.49423628875823
steady,3500.0,30.0,5,2,3529.5823665893267,1.4359403233523174,1.4359403233523174,0.0,0.05,28.718806467046345,3.123202220575034,0.7924871639623352,0.9958053247925692,0.7386326693705875,1.4139280246975021,1.4928833588977313,1.0,0.9618570096544865,1.0,28.718806467046345,27.623385309239126
steady,3500.0,30.0,5,3,3560.0348027842224,0.5448693573100032,0.5448693573100032,0.0,0.05,10.897387146200064,3.123202220575034,0.7924871639623352,0.9958053247925692,0.7386326693705875,0.6401098353013128,0.7132500069209364,0.8512122877373413,0.7639247837685641,1.0,9.275989843076452,8.324784119303214
steady,3500.0,30.0,5,4,3590.487238979118,0.3232565672111721,0.32325656721117213,0.0,0.05,6.465131344223441,3.123202220575034,0.7924871639623352,0.9958053247925692,0.7386326693705875,0.28978886767389345,0.3407671264741894,1.0,0.9486142943299913,1.0,6.465131344223441,6.132916007851228
steady,3500.0,30.0,5,5,3619.489559164733,0.248784791319793,0.24878479131979303,0.0,0.05,4.97569582639586,3.123202220575034,0.7924871639623352,0.9958053247925692,0.7386326693705875,0.13119246603700027,0.16280719713802722,1.0,1.0,1.0,4.97569582639586,4.97569582639586
steady,3500.0,30.0,6,1,3500.580046403712,3.1962713252341866,3.1962713252341866,0.0,0.05,63.92542650468373,3.183413423577625,0.742044663868484,0.9949638849134367,0.7386326693705875,3.183413423577625,3.1962713252341866,1.0,1.0,1.0,63.92542650468373,63.92542650468373
steady,3500.0,30.0,6,2,3529.5823665893267,1.5073620255048996,1.5073620255048996,0.0,0.05,30.14724051009799,3.183413423577625,0.742044663868484,0.9949638849134367,0.7386326693705875,1.5157484765339282,1.5270721126717617,0.9944671222443147,0.9870928903728211,1.0,29.980439513684374,29.758126771877226
steady,3500.0,30.0,6,3,3560.0348027842224,0.6378010999741145,0.6378010999741145,0.0,0.05,12.75602199948229,3.183413423577625,0.742044663868484,0.9949638849134367,0.7386326693705875,0.7217075316384528,0.7295842561578962,0.8837390106296242,0.8741980033024204,1.0,11.2729942613922,11.151288962029165
steady,3500.0,30.0,6,4,3590.487238979118,0.3580955064278098,0.3580955064278098,0.0,0.05,7.161910128556196,3.183413423577625,0.742044663868484,0.9949638849134367,0.7386326693705875,0.34363337274448486,0.34857108738772785,1.0,1.0,1.0,7.161910128556196,7.161910128556196
steady,3500.0,30.0,6,5,3619.489559164733,0.2731144697080226,0.27311446970802267,0.0,0.05,5.462289394160452,3.183413423577625,0.742044663868484,0.9949638849134367,0.7386326693705875,0.16361737918360186,0.16653567005750688,1.0,1.0,1.0,5.462289394160452,5.462289394160452
steady,3500.0,30.0,6,6,3649.941995359629,0.1992111156510828,0.1992111156510828,0.0,0.05,3.9842223130216556,3.183413423577625,0.742044663868484,0.9949638849134367,0.7386326693705875,0.0779046765950069,0.0795652032110545,1.0,1.0,1.0,3.9842223130216556,3.9842223130216556
steady,3500.0,30.0,7,1,3500.580046403712,3.1701835871727497,3.1701835871727497,0.0,0.05,63.40367174345499,3.15479262379589,0.6857251441498008,0.9938816043670482,0.7386326693705875,3.15479262379589,3.1701835871727497,1.0,1.0,1.0,63.40367174345499,63.40367174345499
steady,3500.0,30.0,7,2,3529.5823665893267,1.5848877229786562,1.5848877229786562,0.0,0.05,31.697754459573122,3.15479262379589,0.6857251441498008,0.9938816043670482,0.7386326693705875,1.5891473591646703,1.5146082592555041,0.9973195461317992,1.0,1.0,31.61279009101868,31.697754459573122
steady,3500.0,30.0,7,3,3560.0348027842224,0.711284709166331,0.711284709166331,0.0,0.05,14.22569418332662,3.15479262379589,0.6857251441498008,0.9938816043670482,0.7386326693705875,0.800492973798532,0.7236294416156731,0.8885583414818917,0.9829405331798281,1.0,12.640359229965297,13.983011425412247
steady,3500.0,30.0,7,4,3590.487238979118,0.3856660421158032,0.3856660421158032,0.0,0.05,7.7133208423160635,3.15479262379589,0.6857251441498008,0.9938816043670482,0.7386326693705875,0.40322818233649876,0.3457260750911278,0.9564461488804378,1.0,1.0,7.377376014712413,7.7133208423160635
steady,3500.0,30.0,7,5,3619.489559164733,0.296168069939929,0.296168069939929,0.0,0.05,5.92336139879858,3.15479262379589,0.6857251441498008,0.9938816043670482,0.7386326693705875,0.20311604517757845,0.16517641782380366,1.0,1.0,1.0,5.92336139879858,5.92336139879858
steady,3500.0,30.0,7,6,3649.941995359629,0.215702275556984,0.215702275556984,0.0,0.05,4.31404551113968,3.15479262379589,0.6857251441498008,0.9938816043670482,0.7386326693705875,0.10231459410778822,0.0789157977104051,1.0,1.0,1.0,4.31404551113968,4.31404551113968
steady,3500.0,30.0,7,7,3680.394431554524,0.1719235225423721,0.17192352254237211,0.0,0.05,3.4384704508474417,3.15479262379589,0.6857251441498008,0.9938816043670482,0.7386326693705875,0.051538400909142044,0.037703342948826796,1.0,1.0,1.0,3.4384704508474417,3.4384704508474417
steady,3500.0,30.0,8,1,3500.580046403712,3.5354825346415644,3.5354825346415644,0.0,0.05,70.70965069283129,3.525517525368588,0.6583713097979847,0.9946489614713789,0.7386326693705875,3.525517525368588,3.5354825346415644,1.0,1.0,1.0,70.70965069283129,70.70965069283129
steady,3500.0,30.0,8,2,3529.5823665893267,1.843748453233859,1.843748453233859,0.0,0.05,36.87496906467718,3.525517525368588,0.6583713097979847,0.9946489614713789,0.7386326693705875,1.8251386037251691,1.6891359443940934,1.0,1.0,1.0,36.87496906467718,36.87496906467718
steady,3500.0,30.0,8,3,3560.0348027842224,0.8508965368533485,0.8508965368533485,0.0,0.05,17.01793073706697,3.525517525368588,0.6583713097979847,0.9946489614713789,0.7386326693705875,0.9448629595053837,0.8070129637716873,0.9005502102641164,1.0,1.0,15.325501103525829,17.01793073706697
steady,3500.0,30.0,8,4,3590.487238979118,0.4390756028798621,0.43907560287986214,0.0,0.05,8.781512057597242,3.525517525368588,0.6583713097979847,0.9946489614713789,0.7386326693705875,0.48914970645139333,0.3855639481576353,0.8976303104936911,1.0,1.0,7.8825513948651045,8.781512057597242
steady,3500.0,30.0,8,5,3619.489559164733,0.3290179689813219,0.32901796898132196,0.0,0.05,6.5803593796264375,3.525517525368588,0.6583713097979847,0.9946489614713789,0.7386326693705875,0.25322977571978883,0.18420962833623217,1.0,1.0,1.0,6.5803593796264375,6.5803593796264375
steady,3500.0,30.0,8,6,3649.941995359629,0.2342858841124674,0.2342858841124674,0.0,0.05,4.685717682249348,3.525517525368588,0.6583713097979847,0.9946489614713789,0.7386326693705875,0.13109548767043297,0.08800923253825439,1.0,1.0,1.0,4.685717682249348,4.685717682249348
steady,3500.0,30.0,8,7,3680.394431554524,0.1791916492596791,0.17919164925967918,0.0,0.05,3.5838329851935815,3.525517525368588,0.6583713097979847,0.9946489614713789,0.7386326693705875,0.06786732262704302,0.04204788360918183,1.0,1.0,1.0,3.5838329851935815,3.5838329851935815
steady,3500.0,30.0,8,8,3709.396751740139,0.1463314766246686,0.14633147662466867,0.0,0.05,2.926629532493372,3.525517525368588,0.6583713097979847,0.9946489614713789,0.7386326693705875,0.03513449289835446,0.020089080031947867,1.0,1.0,1.0,2.926629532493372,2.926629532493372
steady,3500.0,40.0,1,1,3500.580046403712,4.697704287224712,,,0.05,93.95408574449424,,,,0.7296689100340923,,,1.0,1.0,1.0,93.95408574449424,93.95408574449424
steady,3500.0,40.0,2,1,3500.580046403712,2.712130343084716,2.712130343084716,0.0,0.05,54.24260686169431,2.712130343084716,0.7794283688583168,1.0,0.7296689100340923,2.712130343084716,2.712130343084716,1.0,1.0,1.0,54.24260686169431,54.24260686169431
steady,3500.0,40.0,2,2,3539.7331786542923,1.2439677402108125,1.2439677402108125,0.0,0.05,24.87935480421625,2.712130343084716,0.7794283688583168,1.0,0.7296689100340923,1.2439677402108125,1.3074328008575586,1.0,0.951458261866217,1.0,24.87935480421625,23.671667678372508
steady,3500.0,40.0,3,1,3500.580046403712,2.378039689290784,2.378039689290784,0.0,0.05,47.560793785815676,2.3853272401634356,0.8034168795789857,0.9987444059905187,0.7296689100340923,2.3853272401634356,2.378039689290784,0.9969448423050951,1.0,1.0,47.41548806070515,47.560793785815676
steady,3500.0,40.0,3,2,3539.7331786542923,1.1006890916627592,1.1006890916627592,0.0,0.05,22.013781833255184,2.3853272401634356,0.8034168795789857,0.9987444059905187,0.7296689100340923,1.068140667454857,1.1463781965521749,1.0,0.9601448239099196,1.0,22.013781833255184,21.136418681882187
steady,3500.0,40.0,3,3,3580.336426914153,0.4419666218919309,0.4419666218919309,0.0,0.05,8.839332437838618,2.3853272401634356,0.8034168795789857,0.9987444059905187,0.7296689100340923,0.47830941862414433,0.5526328998832452,0.9240182289599203,0.7997472137205462,1.0,8.167704304399614,7.069231488311078
steady,3500.0,40.0,4,1,3500.580046403712,2.6214198461266145,2.6214198461266145,0.0,0.05,52.428396922532286,2.612509191215191,0.7482710113531928,0.9927429717394262,0.7296689100340923,2.612509191215191,2.6214198461266145,1.0,1.0,1.0,52.428396922532286,52.428396922532286
steady,3500.0,40.0,4,2,3539.7331786542923,1.2269809287568405,1.2269809287568403,0.0,0.05,24.53961857513681,2.612509191215191,0.7482710113531928,0.9927429717394262,0.7296689100340923,1.2361974853949884,1.263704121147342,0.9925444302006463,0.9709400390677211,1.0,24.356661736000362,23.826498218050308
steady,3500.0,40.0,4,3,3580.336426914153,0.5045139670360113,0.5045139670360113,0.0,0.05,10.090279340720224,2.612509191215191,0.7482710113531928,0.9927429717394262,0.7296689100340923,0.5849488407679316,0.6091920407806525,0.862492464082288,0.8281690062619648,1.0,8.70278989185639,8.3564566145099
steady,3500.0,40.0,4,4,3619.489559164733,0.4038334827964835,0.4038334827964835,0.0,0.05,8.07666965592967,2.612509191215191,0.7482710113531928,0.9927429717394262,0.7296689100340923,0.2767884179981315,0.29367233701315587,1.0,1.0,1.0,8.07666965592967,8.07666965592967
steady,3500.0,40.0,5,1,3500.580046403712,3.007525114773681,3.0075251147736806,0.0,0.05,60.150502295473615,2.9768180088097638,0.7388124723764073,0.989701044209118,0.7296689100340923,2.9768180088097638,3.007525114773681,1.0,1.0,1.0,60.150502295473615,60.150502295473615
steady,3500.0,40.0,5,2,3539.7331786542923,1.354855780008689,1.3548557800086887,0.0,0.05,27.097115600173776,2.9768180088097638,0.7388124723764073,0.989701044209118,0.7296689100340923,1.4219689211013995,1.4498333365444673,0.9528026667131885,0.9344907072131836,1.0,25.818204004081114,25.322002720643784
steady,3500.0,40.0,5,3,3580.336426914153,0.5893764742584469,0.5893764742584469,0.0,0.05,11.787529485168937,2.9768180088097638,0.7388124723764073,0.989701044209118,0.7296689100340923,0.6792473058797246,0.6989190858058192,0.8676905585884042,0.843268535983568,1.0,10.22792804336352,9.94005273182155
steady,3500.0,40.0,5,4,3619.489559164733,0.4562232202313042,0.4562232202313042,0.0,0.05,9.124464404626083,2.9768180088097638,0.7388124723764073,0.989701044209118,0.7296689100340923,0.32446342230004604,0.33692692545468994,1.0,1.0,1.0,9.124464404626083,9.124464404626083
steady,3500.0,40.0,5,5,3660.0928074245935,0.2989774785539096,0.29897747855390966,0.0,0.05,5.979549571078191,2.9768180088097638,0.7388124723764073,0.989701044209118,0.7296689100340923,0.15498995947331654,0.16242188173394567,1.0,1.0,1.0,5.979549571078191,5.979549571078191
steady,3500.0,40.0,6,1,3500.580046403712,2.990250477839808,2.9902504778398074,0.0,0.05,59.80500955679615,2.956441300820503,0.656231565500276,0.9885305309791345,0.7296689100340923,2.956441300820503,2.990250477839808,1.0,1.0,1.0,59.80500955679615,59.80500955679615
steady,3500.0,40.0,6,2,3539.7331786542923,1.4907654715929768,1.4907654715929768,0.0,0.05,29.815309431859536,2.956441300820503,0.656231565500276,0.9885305309791345,0.7296689100340923,1.5338098162785898,1.4415057769904662,0.9719363220728047,1.0,1.0,28.97858219066416,29.815309431859536
steady,3500.0,40.0,6,3,3580.336426914153,0.6551782929527179,0.6551782929527179,0.0,0.05,13.103565859054358,2.956441300820503,0.656231565500276,0.9885305309791345,0.7296689100340923,0.7957447191187766,0.6949046310655606,0.8233523606393206,0.94283195659248,1.0,10.788851882845213,12.354460637230641
steady,3500.0,40.0,6,4,3619.489559164733,0.5030680683370339,0.5030680683370339,0.0,0.05,10.061361366740677,2.956441300820503,0.656231565500276,0.9885305309791345,0.7296689100340923,0.4128345322119188,0.3349916829917475,1.0,1.0,1.0,10.061361366740677,10.061361366740677
steady,3500.0,40.0,6,5,3660.0928074245935,0.3326664368449998,0.3326664368449998,0.0,0.05,6.653328736899995,2.956441300820503,0.656231565500276,0.9885305309791345,0.7296689100340923,0.2141796821163626,0.16148896216386868,1.0,1.0,1.0,6.653328736899995,6.653328736899995
steady,3500.0,40.0,6,6,3700.696055684455,0.2487467647590669,0.24874676475906693,0.0,0.05,4.9749352951813375,2.956441300820503,0.656231565500276,0.9885305309791345,0.7296689100340923,0.1111170036713846,0.07784875334175344,1.0,1.0,1.0,4.9749352951813375,4.9749352951813375
steady,3500.0,40.0,7,1,3500.580046403712,3.214286705429192,3.214286705429192,0.0,0.05,64.28573410858384,3.164522780034876,0.6238357131983275,0.9895435744900064,0.7296689100340923,3.164522780034876,3.214286705429192,1.0,1.0,1.0,64.28573410858384,64.28573410858384
steady,3500.0,40.0,7,2,3539.7331786542923,1.6193498529268515,1.6193498529268515,0.0,0.05,32.38699705853703,3.164522780034876,0.6238357131983275,0.9895435744900064,0.7296689100340923,1.6958202560141475,1.549506601242002,0.9549065398788007,1.0,1.0,30.92655529823249,32.38699705853703
steady,3500.0,40.0,7,3,3580.336426914153,0.7737189266002549,0.7737189266002549,0.0,0.05,15.474378532005097,3.164522780034876,0.6238357131983275,0.9895435744900064,0.7296689100340923,0.9087646196928926,0.746968434159002,0.8513964010413665,1.0,1.0,13.174830190500924,15.474378532005097
steady,3500.0,40.0,7,4,3619.489559164733,0.5667188444505875,0.5667188444505875,0.0,0.05,11.33437688901175,3.164522780034876,0.6238357131983275,0.9895435744900064,0.7296689100340923,0.4869933184703497,0.3600900061882401,1.0,1.0,1.0,11.33437688901175,11.33437688901175
steady,3500.0,40.0,7,5,3660.0928074245935,0.3745426173840604,0.3745426173840604,0.0,0.05,7.490852347681208,3.164522780034876,0.6238357131983275,0.9895435744900064,0.7296689100340923,0.26097240924158116,0.1735880749802152,1.0,1.0,1.0,7.490852347681208,7.490852347681208
steady,3500.0,40.0,7,6,3700.696055684455,0.2733958337194466,0.27339583371944665,0.0,0.05,5.467916674388931,3.164522780034876,0.6238357131983275,0.9895435744900064,0.7296689100340923,0.13985119672540627,0.08368135537642393,1.0,1.0,1.0,5.467916674388931,5.467916674388931
steady,3500.0,40.0,7,7,3739.8491879350345,0.1788197074735106,0.17881970747351067,0.0,0.05,3.5763941494702114,3.164522780034876,0.6238357131983275,0.9895435744900064,0.7296689100340923,0.07494415705617062,0.04034015146739473,1.0,1.0,1.0,3.5763941494702114,3.5763941494702114
steady,3500.0,40.0,8,1,3500.580046403712,3.578901245756445,3.5789012457564455,0.0,0.05,71.57802491512889,3.536779027093831,0.6023536486200157,0.992892072372033,0.7296689100340923,3.536779027093831,3.578901245756445,1.0,1.0,1.0,71.57802491512889,71.57802491512889
steady,3500.0,40.0,8,2,3539.7331786542923,1.8931579921702943,1.8931579921702943,0.0,0.05,37.86315984340588,3.536779027093831,0.6023536486200157,0.992892072372033,0.7296689100340923,1.9364623645066068,1.72527581193239,0.9776373798272366,1.0,1.0,37.01644038128717,37.86315984340588
steady,3500.0,40.0,8,3,3580.336426914153,0.9051302724622294,0.9051302724622294,0.0,0.05,18.10260544924459,3.536779027093831,0.6023536486200157,0.992892072372033,0.7296689100340923,1.0602546725210023,0.8317012465119953,0.8536913780441746,1.0,1.0,15.454038192155597,18.10260544924459
steady,3500.0,40.0,8,4,3619.489559164733,0.6415135203245241,0.6415135203245241,0.0,0.05,12.830270406490483,3.536779027093831,0.6023536486200157,0.992892072372033,0.7296689100340923,0.580512170650442,0.40093703201857334,1.0,1.0,1.0,12.830270406490483,12.830270406490483
steady,3500.0,40.0,8,5,3660.0928074245935,0.4143045966272243,0.4143045966272243,0.0,0.05,8.286091932544485,3.536779027093831,0.6023536486200157,0.992892072372033,0.7296689100340923,0.3178428626699708,0.19327914238198035,1.0,1.0,1.0,8.286091932544485,8.286091932544485
steady,3500.0,40.0,8,6,3700.696055684455,0.2915137656814596,0.2915137656814596,0.0,0.05,5.830275313629191,3.536779027093831,0.6023536486200157,0.992892072372033,0.7296689100340923,0.1740257835370588,0.09317380011478534,1.0,1.0,1.0,5.830275313629191,5.830275313629191
steady,3500.0,40.0,8,7,3739.8491879350345,0.1807726771760024,0.18077267717600243,0.0,0.05,3.6154535435200477,3.536779027093831,0.6023536486200157,0.992892072372033,0.7296689100340923,0.09528284851603974,0.044916160744716466,1.0,1.0,1.0,3.6154535435200477,3.6154535435200477
steady,3500.0,40.0,8,8,3780.452436194895,0.1420367462135004,0.14203674621350043,0.0,0.05,2.840734924270008,3.536779027093831,0.6023536486200157,0.992892072372033,0.7296689100340923,0.052169402928717364,0.021652669458150257,1.0,1.0,1.0,2.840734924270008,2.840734924270008
steady,3500.0,50.0,1,1,3500.580046403712,4.697704287224712,,,0.05,93.95408574449424,,,,0.6953855273318986,,,1.0,1.0,1.0,93.95408574449424,93.95408574449424
steady,3500.0,50.0,2,1,3500.580046403712,2.711025203491766,2.711025203491766,0.0,0.05,54.220504069835314,2.711025203491766,0.782709507479639,1.0,0.6953855273318986,2.711025203491766,2.711025203491766,1.0,1.0,1.0,54.220504069835314,54.220504069835314
steady,3500.0,50.0,2,2,3549.8839907192573,1.2393875666478742,1.2393875666478742,0.0,0.05,24.787751332957484,2.711025203491766,0.782709507479639,1.0,0.6953855273318986,1.2393875666478742,1.352481887649353,1.0,0.9163801585557353,1.0,24.787751332957484,22.71500349673572
steady,3500.0,50.0,3,1,3500.580046403712,2.382828063016428,2.382828063016428,0.0,0.05,47.65656126032856,2.3901706369050353,0.8034302809258173,0.9987306246397788,0.6953855273318986,2.3901706369050353,2.382828063016428,0.9969280126802516,1.0,1.0,47.51016090843402,47.65656126032856
steady,3500.0,50.0,3,2,3549.8839907192573,1.1030897913553757,1.1030897913553757,0.0,0.05,22.061795827107513,2.3901706369050353,0.8034302809258173,0.9987306246397788,0.6953855273318986,1.0702951790108297,1.188750216140179,1.0,0.9279407703807289,1.0,22.061795827107513,20.472039815788495
steady,3500.0,50.0,3,3,3600.638051044083,0.4426496040050193,0.4426496040050193,0.0,0.05,8.852992080100385,2.3901706369050353,0.8034302809258173,0.9987306246397788,0.6953855273318986,0.4792677780098332,0.5930461783232659,0.9235955854222634,0.7463998929333521,1.0,8.176584402958976,6.6078723407267415
steady,3500.0,50.0,4,1,3500.580046403712,2.684522784842691,2.684522784842691,0.0,0.05,53.69045569685382,2.6730657213769087,0.7488139996003191,0.9922510212820892,0.6953855273318986,2.6730657213769087,2.684522784842691,1.0,1.0,1.0,53.69045569685382,53.69045569685382
steady,3500.0,50.0,4,2,3549.8839907192573,1.2463730464015892,1.2463730464015892,0.0,0.05,24.92746092803178,2.6730657213769087,0.7488139996003191,0.9922510212820892,0.6953855273318986,1.2641652518167898,1.3392603059556056,0.9859257281517344,0.930642863720404,1.0,24.576625066443643,23.198563623341975
steady,3500.0,50.0,4,3,3600.638051044083,0.5194256172265835,0.5194256172265835,0.0,0.05,10.38851234453167,2.6730657213769087,0.7488139996003191,0.9922510212820892,0.6953855273318986,0.5978580216418368,0.6681329647248295,0.8688109859262868,0.7774285129615015,1.0,9.025653652359962,8.076325703891458
steady,3500.0,50.0,4,4,3649.941995359629,0.419822555795537,0.419822555795537,0.0,0.05,8.39645111591074,2.6730657213769087,0.7488139996003191,0.9922510212820892,0.6953855273318986,0.2827432675655385,0.3333195619752712,1.0,1.0,1.0,8.39645111591074,8.39645111591074
steady,3500.0,50.0,5,1,3500.580046403712,2.8898588465978454,2.8898588465978454,0.0,0.05,57.797176931956905,2.855018628287547,0.7138785884490066,0.9876663843701357,0.6953855273318986,2.855018628287547,2.8898588465978454,1.0,1.0,1.0,57.797176931956905,57.797176931956905
steady,3500.0,50.0,5,2,3549.8839907192573,1.3231442825623396,1.3231442825623396,0.0,0.05,26.46288565124679,2.855018628287547,0.7138785884490066,0.9876663843701357,0.6953855273318986,1.398219692857513,1.4416987871793892,0.9463064276102825,0.9177674936877797,1.0,25.041998784890755,24.286776239891072
steady,3500.0,50.0,5,3,3600.638051044083,0.5923698814317928,0.5923698814317928,0.0,0.05,11.847397628635855,2.855018628287547,0.7138785884490066,0.9876663843701357,0.6953855273318986,0.6847655178583498,0.7192376871283799,0.865069671271517,0.8236079560803912,1.0,10.24882437202697,9.75761094579245
steady,3500.0,50.0,5,4,3649.941995359629,0.4653045326786953,0.4653045326786953,0.0,0.05,9.306090653573905,2.855018628287547,0.7138785884490066,0.9876663843701357,0.6953855273318986,0.33535775303630927,0.358814792095274,1.0,1.0,1.0,9.306090653573905,9.306090653573905
steady,3500.0,50.0,5,5,3700.696055684455,0.3176320758781346,0.31763207587813463,0.0,0.05,6.352641517562692,2.855018628287547,0.7138785884490066,0.9876663843701357,0.6953855273318986,0.1642384430707076,0.1790062691798211,1.0,1.0,1.0,6.352641517562692,6.352641517562692
steady,3500.0,50.0,6,1,3500.580046403712,3.0275240537129022,3.0275240537129022,0.0,0.05,60.550481074258045,2.9825989289115045,0.6367961870330457,0.9861182404203924,0.6953855273318986,2.9825989289115045,3.0275240537129022,1.0,1.0,1.0,60.550481074258045,60.550481074258045
steady,3500.0,50.0,6,2,3549.8839907192573,1.5084204233905072,1.5084204233905072,0.0,0.05,30.168408467810142,2.9825989289115045,0.6367961870330457,0.9861182404203924,0.6953855273318986,1.5777485417161254,1.5103774918047839,0.9560588290893239,0.9987042521324002,1.0,28.84277327522301,30.129317816869097
steady,3500.0,50.0,6,3,3600.638051044083,0.7000593079996591,0.7000593079996591,0.0,0.05,14.001186159993182,2.9825989289115045,0.6367961870330457,0.9861182404203924,0.6953855273318986,0.83460449098861,0.7535002620219771,0.8387916858324369,0.929076396232548,1.0,11.744078542794465,13.008171580507494
steady,3500.0,50.0,6,4,3649.941995359629,0.5285953730542712,0.5285953730542712,0.0,0.05,10.571907461085424,2.9825989289115045,0.6367961870330457,0.9861182404203924,0.6953855273318986,0.44149282218362884,0.3759077766636708,1.0,1.0,1.0,10.571907461085424,10.571907461085424
steady,3500.0,50.0,6,5,3700.696055684455,0.3514299218152306,0.35142992181523064,0.0,0.05,7.028598436304612,2.9825989289115045,0.6367961870330457,0.9861182404203924,0.6953855273318986,0.23354285070858227,0.1875336528444403,1.0,1.0,1.0,7.028598436304612,7.028598436304612
steady,3500.0,50.0,6,6,3750.0,0.2991419258605824,0.29914192586058247,0.0,0.05,5.982838517211648,2.9825989289115045,0.6367961870330457,0.9861182404203924,0.6953855273318986,0.12354054330334174,0.09355717846892288,1.0,1.0,1.0,5.982838517211648,5.982838517211648
steady,3500.0,50.0,7,1,3500.580046403712,3.4569460715599023,3.4569460715599023,0.0,0.05,69.13892143119804,3.4239422655698344,0.6543419762009204,0.9874708604444583,0.6953855273318986,3.4239422655698344,3.4569460715599023,1.0,1.0,1.0,69.13892143119804,69.13892143119804
steady,3500.0,50.0,7,2,3549.8839907192573,1.7623796591478618,1.7623796591478618,0.0,0.05,35.24759318295723,3.4239422655698344,0.6543419762009204,0.9874708604444583,0.6953855273318986,1.779710339146567,1.724608440505615,0.99026207826212,1.0,1.0,34.90435487909296,35.24759318295723
steady,3500.0,50.0,7,3,3600.638051044083,0.728704357385947,0.728704357385947,0.0,0.05,14.574087147718938,3.4239422655698344,0.6543419762009204,0.9874708604444583,0.6953855273318986,0.9250649238789235,0.8603762429308325,0.7877332050710454,0.8469601100370331,1.0,11.480492379857369,12.343670454321341
steady,3500.0,50.0,7,4,3649.941995359629,0.572518788160923,0.572518788160923,0.0,0.05,11.45037576321846,3.4239422655698344,0.6543419762009204,0.9874708604444583,0.6953855273318986,0.4808339281781541,0.4292262881322507,1.0,1.0,1.0,11.45037576321846,11.45037576321846
steady,3500.0,50.0,7,5,3700.696055684455,0.3437726806104021,0.3437726806104021,0.0,0.05,6.875453612208042,3.4239422655698344,0.6543419762009204,0.9874708604444583,0.6953855273318986,0.24992977305611783,0.21413330265396582,1.0,1.0,1.0,6.875453612208042,6.875453612208042
steady,3500.0,50.0,7,6,3750.0,0.3117760263065426,0.3117760263065426,0.0,0.05,6.235520526130852,3.4239422655698344,0.6543419762009204,0.9874708604444583,0.6953855273318986,0.12990949223686776,0.10682726704606439,1.0,1.0,1.0,6.235520526130852,6.235520526130852
steady,3500.0,50.0,7,7,3799.303944315545,0.1907567983326336,0.19075679833263362,0.0,0.05,3.815135966652672,3.4239422655698344,0.6543419762009204,0.9874708604444583,0.6953855273318986,0.06752487295481785,0.053294208995472166,1.0,1.0,1.0,3.815135966652672,3.815135966652672
steady,3500.0,50.0,8,1,3500.580046403712,3.698646182427866,3.698646182427866,0.0,0.05,73.97292364855731,3.654454609451449,0.5891458150198164,0.991500218405536,0.6953855273318986,3.654454609451449,3.698646182427866,1.0,1.0,1.0,73.97292364855731,73.97292364855731
steady,3500.0,50.0,8,2,3549.8839907192573,1.9912589700442,1.9912589700441998,0.0,0.05,39.825179400884,3.654454609451449,0.5891458150198164,0.991500218405536,0.6953855273318986,2.0274950171817543,1.8451882941236206,0.982127676354084,1.0,1.0,39.113410905374735,39.825179400884
steady,3500.0,50.0,8,3,3600.638051044083,0.9531576507265588,0.9531576507265589,0.0,0.05,19.063153014531174,3.654454609451449,0.5891458150198164,0.991500218405536,0.6953855273318986,1.124856232737252,0.9205313708963399,0.8473595318106761,1.0,1.0,16.153344413228414,19.063153014531174
steady,3500.0,50.0,8,4,3649.941995359629,0.6738863298363633,0.6738863298363633,0.0,0.05,13.477726596727265,3.654454609451449,0.5891458150198164,0.991500218405536,0.6953855273318986,0.6240713459738259,0.4592366033878186,1.0,1.0,1.0,13.477726596727265,13.477726596727265
steady,3500.0,50.0,8,5,3700.696055684455,0.4284272841750662,0.42842728417506626,0.0,0.05,8.568545683501323,3.654454609451449,0.5891458150198164,0.991500218405536,0.6953855273318986,0.3462353974941751,0.22910491109697298,1.0,1.0,1.0,8.568545683501323,8.568545683501323
steady,3500.0,50.0,8,6,3750.0,0.3397824834250245,0.3397824834250245,0.0,0.05,6.79564966850049,3.654454609451449,0.5891458150198164,0.991500218405536,0.6953855273318986,0.19209173959250686,0.11429633418054366,1.0,1.0,1.0,6.79564966850049,6.79564966850049
steady,3500.0,50.0,8,7,3799.303944315545,0.1962473676339796,0.19624736763397962,0.0,0.05,3.9249473526795917,3.654454609451449,0.5891458150198164,0.991500218405536,0.6953855273318986,0.10657268634786608,0.057020392729953615,1.0,1.0,1.0,3.9249473526795917,3.9249473526795917
steady,3500.0,50.0,8,8,3850.058004640371,0.188267067452884,0.18826706745288402,0.0,0.05,3.7653413490576795,3.654454609451449,0.5891458150198164,0.991500218405536,0.6953855273318986,0.05912663136631664,0.028446452026556893,1.0,1.0,1.0,3.7653413490576795,3.7653413490576795
steady,3500.0,60.0,1,1,3500.580046403712,4.697704287224712,,,0.05,93.95408574449424,,,,0.6656134607617791,,,1.0,1.0,1.0,93.95408574449424,93.95408574449424
steady,3500.0,60.0,2,1,3500.580046403712,2.70266872277093,2.70266872277093,0.0,0.05,54.05337445541859,2.70266872277093,0.7892498161278964,1.0,0.6656134607617791,2.70266872277093,2.70266872277093,1.0,1.0,1.0,54.05337445541859,54.05337445541859
steady,3500.0,60.0,2,2,3560.0348027842224,1.227512648072511,1.227512648072511,0.0,0.05,24.550252961450216,2.70266872277093,0.7892498161278964,1.0,0.6656134607617791,1.2275126480725107,1.3890585839162222,1.0,0.8837011356365841,1.0,24.550252961450216,21.69508642219897
steady,3500.0,60.0,3,1,3500.580046403712,2.619124699778577,2.6191246997785775,0.0,0.05,52.38249399557154,2.5915556293466366,0.5904946598363344,0.9884266763429141,0.6656134607617791,2.5915556293466366,2.619124699778577,1.0,1.0,1.0,52.38249399557154,52.38249399557154
steady,3500.0,60.0,3,2,3560.0348027842224,1.3363424871781011,1.3363424871781011,0.0,0.05,26.72684974356202,2.5915556293466366,0.5904946598363344,0.9884266763429141,0.6656134607617791,1.4358595575024096,1.3461204534325706,0.9306916405547264,0.992736187738968,1.0,24.874455634695405,26.532710924695973
steady,3500.0,60.0,3,3,3619.489559164733,0.8853501021426649,0.8853501021426649,0.0,0.05,17.707002042853297,2.5915556293466366,0.5904946598363344,0.9884266763429141,0.6656134607617791,0.7955425094968128,0.6918495615358446,1.0,1.0,1.0,17.707002042853297,17.707002042853297
steady,3500.0,60.0,4,1,3500.580046403712,2.921854718912248,2.921854718912248,0.0,0.05,58.43709437824496,2.852795367150826,0.5917748002355209,0.9767509859675195,0.6656134607617791,2.852795367150826,2.921854718912248,1.0,1.0,1.0,58.43709437824496,58.43709437824496
steady,3500.0,60.0,4,2,3560.0348027842224,1.3742779348354257,1.3742779348354255,0.0,0.05,27.485558696708512,2.852795367150826,0.5917748002355209,0.9767509859675195,0.6656134607617791,1.5785781612178895,1.5017110103305753,0.8705795940919111,0.9151414122833811,1.0,23.928366533569893,25.153173003103596
steady,3500.0,60.0,4,3,3619.489559164733,0.935290301871974,0.9352903018719739,0.0,0.05,18.70580603743948,2.852795367150826,0.5917748002355209,0.9767509859675195,0.6656134607617791,0.8734972861242407,0.7718165944224707,1.0,1.0,1.0,18.70580603743948,18.70580603743948
steady,3500.0,60.0,4,4,3680.394431554524,0.6313046781527007,0.6313046781527007,0.0,0.05,12.626093563054015,2.852795367150826,0.5917748002355209,0.9767509859675195,0.6656134607617791,0.48334477671840664,0.3966814196126642,1.0,1.0,1.0,12.626093563054015,12.626093563054015
steady,3500.0,60.0,5,1,3500.580046403712,3.089338486103819,3.089338486103819,0.0,0.05,61.78676972207638,3.011022159226721,0.5156368036321569,0.9859370260062874,0.6656134607617791,3.011022159226721,3.089338486103819,1.0,1.0,1.0,61.78676972207638,61.78676972207638
steady,3500.0,60.0,5,2,3560.0348027842224,1.5975442014150252,1.5975442014150252,0.0,0.05,31.950884028300504,3.011022159226721,0.5156368036321569,0.9859370260062874,0.6656134607617791,1.797942229777183,1.5877906554324572,0.8885403407055004,1.0,1.0,28.38964938034806,31.950884028300504
steady,3500.0,60.0,5,3,3619.489559164733,1.1102013427083035,1.1102013427083035,0.0,0.05,22.20402685416607,3.011022159226721,0.5156368036321569,0.9859370260062874,0.6656134607617791,1.0735876691277264,0.8160579285237665,1.0,1.0,1.0,22.20402685416607,22.20402685416607
steady,3500.0,60.0,5,4,3680.394431554524,0.7331724014338239,0.7331724014338239,0.0,0.05,14.663448028676477,3.011022159226721,0.5156368036321569,0.9859370260062874,0.6656134607617791,0.6410609107534806,0.419419613302309,1.0,1.0,1.0,14.663448028676477,14.663448028676477
steady,3500.0,60.0,5,5,3739.8491879350345,0.4510649170337442,0.4510649170337442,0.0,0.05,9.021298340674884,3.011022159226721,0.5156368036321569,0.9859370260062874,0.6656134607617791,0.3827904353912522,0.2155641234206025,1.0,1.0,1.0,9.021298340674884,9.021298340674884
steady,3500.0,60.0,6,1,3500.580046403712,3.628876557119047,3.628876557119047,0.0,0.05,72.57753114238093,3.5371470726129335,0.5618006820170991,0.988445704242073,0.6656134607617791,3.5371470726129335,3.628876557119047,1.0,1.0,1.0,72.57753114238093,72.57753114238093
steady,3500.0,60.0,6,2,3560.0348027842224,1.7749951582329735,1.7749951582329735,0.0,0.05,35.499903164659464,3.5371470726129335,0.5618006820170991,0.988445704242073,0.6656134607617791,2.016815552863935,1.8650906376977359,0.8800979126288621,0.9516937795709617,1.0,31.24339067374353,33.785037017177906
steady,3500.0,60.0,6,3,3619.489559164733,1.1958391390104568,1.1958391390104568,0.0,0.05,23.916782780209136,3.5371470726129335,0.5618006820170991,0.988445704242073,0.6656134607617791,1.1499507627962764,0.9585785110280429,1.0,1.0,1.0,23.916782780209136,23.916782780209136
steady,3500.0,60.0,6,4,3680.394431554524,0.7613737539988904,0.7613737539988904,0.0,0.05,15.227475079977808,3.5371470726129335,0.5618006820170991,0.988445704242073,0.6656134607617791,0.6556805628446842,0.4926692264880995,1.0,1.0,1.0,15.227475079977808,15.227475079977808
steady,3500.0,60.0,6,5,3739.8491879350345,0.4584449056979091,0.4584449056979091,0.0,0.05,9.16889811395818,3.5371470726129335,0.5618006820170991,0.988445704242073,0.6656134607617791,0.37385687666045353,0.2532113582100544,1.0,1.0,1.0,9.16889811395818,9.16889811395818
steady,3500.0,60.0,6,6,3799.303944315545,0.2579777046428287,0.25797770464282876,0.0,0.05,5.159554092856574,3.5371470726129335,0.5618006820170991,0.988445704242073,0.6656134607617791,0.2131662461060595,0.13014003814206004,1.0,1.0,1.0,5.159554092856574,5.159554092856574
steady,3500.0,60.0,7,1,3500.580046403712,3.465232852160424,3.465232852160424,0.0,0.05,69.30465704320848,3.383063816399305,0.46919269466899705,0.991633939373146,0.6656134607617791,3.383063816399305,3.465232852160424,1.0,1.0,1.0,69.30465704320848,69.30465704320848
steady,3500.0,60.0,7,2,3560.0348027842224,1.9043888638619653,1.9043888638619655,0.0,0.05,38.087777277239304,3.383063816399305,0.46919269466899705,0.991633939373146,0.6656134607617791,2.1161302328129072,1.7809846238302365,0.8999393488795439,1.0,1.0,34.27668948314783,38.087777277239304
steady,3500.0,60.0,7,3,3619.489559164733,1.3788181525537522,1.3788181525537522,0.0,0.05,27.57636305107504,3.383063816399305,0.46919269466899705,0.991633939373146,0.6656134607617791,1.3236543574844188,0.9153515407607258,1.0,1.0,1.0,27.57636305107504,27.57636305107504
steady,3500.0,60.0,7,4,3680.394431554524,0.924866325072826,0.9248663250728261,0.0,0.05,18.497326501456516,3.383063816399305,0.46919269466899705,0.991633939373146,0.6656134607617791,0.827955118697269,0.47045237334564455,1.0,1.0,1.0,18.497326501456516,18.497326501456516
steady,3500.0,60.0,7,5,3739.8491879350345,0.5617714271299434,0.5617714271299434,0.0,0.05,11.235428542598868,3.383063816399305,0.46919269466899705,0.991633939373146,0.6656134607617791,0.5178917552765115,0.24179282574060204,1.0,1.0,1.0,11.235428542598868,11.235428542598868
steady,3500.0,60.0,7,6,3799.303944315545,0.306135265316551,0.306135265316551,0.0,0.05,6.12270530633102,3.383063816399305,0.46919269466899705,0.991633939373146,0.6656134607617791,0.3239449387128606,0.1242713904573533,0.9450225292388476,1.0,1.0,5.786094454373053,6.12270530633102
steady,3500.0,60.0,7,7,3860.208816705336,0.2020264061050831,0.2020264061050831,0.0,0.05,4.040528122101661,3.383063816399305,0.46919269466899705,0.991633939373146,0.6656134607617791,0.20262983963057987,0.06387029242452287,0.9970219908055156,1.0,1.0,4.02849539220347,4.040528122101661
steady,3500.0,60.0,8,1,3500.580046403712,3.721640269159102,3.721640269159102,0.0,0.05,74.43280538318203,3.657705334436093,0.46557339921296764,0.9946920850858441,0.6656134607617791,3.657705334436093,3.721640269159102,1.0,1.0,1.0,74.43280538318203,74.43280538318203
steady,3500.0,60.0,8,2,3560.0348027842224,2.112191469519129,2.1121914695191295,0.0,0.05,42.24382939038258,3.657705334436093,0.46557339921296764,0.9946920850858441,0.6656134607617791,2.2962160989400218,1.9127673023956802,0.9198574430752219,1.0,1.0,38.85830088874323,42.24382939038258
steady,3500.0,60.0,8,3,3619.489559164733,1.5206242650709727,1.5206242650709727,0.0,0.05,30.41248530141945,3.657705334436093,0.46557339921296764,0.9946920850858441,0.6656134607617791,1.4415071447640846,0.9830823208339583,1.0,1.0,1.0,30.41248530141945,30.41248530141945
steady,3500.0,60.0,8,4,3680.394431554524,0.9976787102948368,0.9976787102948367,0.0,0.05,19.953574205896736,3.657705334436093,0.46557339921296764,0.9946920850858441,0.6656134607617791,0.904942200067808,0.505263158945593,1.0,1.0,1.0,19.953574205896736,19.953574205896736
steady,3500.0,60.0,8,5,3739.8491879350345,0.5866504176805646,0.5866504176805646,0.0,0.05,11.733008353611291,3.657705334436093,0.46557339921296764,0.9946920850858441,0.6656134607617791,0.5681001224573107,0.25968411228381555,1.0,1.0,1.0,11.733008353611291,11.733008353611291
steady,3500.0,60.0,8,6,3799.303944315545,0.3087422406188663,0.3087422406188663,0.0,0.05,6.174844812377326,3.657705334436093,0.46557339921296764,0.9946920850858441,0.6656134607617791,0.3566390749727755,0.1334667627724167,0.865699420744725,1.0,1.0,5.345559577263621,6.174844812377326
steady,3500.0,60.0,8,7,3860.208816705336,0.2015584346159854,0.2015584346159854,0.0,0.05,4.031168692319708,3.657705334436093,0.46557339921296764,0.9946920850858441,0.6656134607617791,0.2238891082214028,0.06859632885619063,0.9002601163459247,1.0,1.0,3.62910039595779,4.031168692319708
steady,3500.0,60.0,8,8,3919.663573085847,0.1567676344660082,0.15676763446600828,0.0,0.05,3.1353526893201638,3.657705334436093,0.46557339921296764,0.9946920850858441,0.6656134607617791,0.14055199303105376,0.03525564144063531,1.0,1.0,1.0,3.1353526893201638,3.1353526893201638
steady,3500.0,70.0,1,1,3500.580046403712,4.697704287224712,,,0.05,93.95408574449424,,,,0.4887470556694542,,,1.0,1.0,1.0,93.95408574449424,93.95408574449424
steady,3500.0,70.0,2,1,3500.580046403712,2.675960952492401,2.675960952492401,0.0,0.05,53.51921904984801,2.675960952492401,0.7633995954587798,1.0,0.4887470556694542,2.675960952492401,2.675960952492401,1.0,1.0,1.0,53.51921904984801,53.51921904984801
steady,3500.0,70.0,2,2,3570.1856148491875,1.2472098731175665,1.2472098731175665,0.0,0.05,24.94419746235133,2.675960952492401,0.7633995954587798,1.0,0.4887470556694542,1.2472098731175665,1.6414196288523621,1.0,0.7598360901712764,1.0,24.94419746235133,18.953501472253308
steady,3500.0,70.0,3,1,3500.580046403712,2.606570795914837,2.606570795914837,0.0,0.05,52.13141591829674,2.5816001466875274,0.5801630996505965,0.9905366697873985,0.4887470556694542,2.5816001466875274,2.606570795914837,1.0,1.0,1.0,52.13141591829674,52.13141591829674
steady,3500.0,70.0,3,2,3570.1856148491875,1.3559867608260374,1.3559867608260374,0.0,0.05,27.11973521652075,2.5816001466875274,0.5801630996505965,0.9905366697873985,0.4887470556694542,1.4451979747473656,1.598856091088679,0.9382705930397369,0.848098067351847,1.0,25.44565004468556,23.00019502422507
steady,3500.0,70.0,3,3,3639.791183294664,0.8887119763058919,0.8887119763058919,0.0,0.05,17.77423952611784,2.5816001466875274,0.5801630996505965,0.9905366697873985,0.4887470556694542,0.8090320218232803,0.9807294718477666,1.0,0.9061744362912773,1.0,17.77423952611784,16.106561483085972
steady,3500.0,70.0,4,1,3500.580046403712,2.951085304286736,2.9510853042867358,0.0,0.05,59.02170608573472,2.856080615894639,0.5162742456178726,0.9599010005708659,0.4887470556694542,2.856080615894639,2.951085304286736,1.0,1.0,1.0,59.02170608573472,59.02170608573472
steady,3500.0,70.0,4,2,3570.1856148491875,1.4580903590907088,1.4580903590907088,0.0,0.05,29.161807181814176,2.856080615894639,0.5162742456178726,0.9599010005708659,0.4887470556694542,1.7043367383990908,1.8101793826110588,0.8555177660843685,0.8054949543108342,1.0,24.948444135168756,23.489688543536765
steady,3500.0,70.0,4,3,3639.791183294664,1.0419765052340229,1.0419765052340229,0.0,0.05,20.839530104680456,2.856080615894639,0.5162742456178726,0.9599010005708659,0.4887470556694542,1.0170454229097319,1.1103540085643608,1.0,0.9384182856972372,1.0,20.839530104680456,19.5561961155702
steady,3500.0,70.0,4,4,3709.396751740139,0.8095598593185576,0.8095598593185576,0.0,0.05,16.19119718637115,2.856080615894639,0.5162742456178726,0.9599010005708659,0.4887470556694542,0.6069113978222669,0.681084999739966,1.0,1.0,1.0,16.19119718637115,16.19119718637115
steady,3500.0,70.0,5,1,3500.580046403712,3.145344649982716,3.1453446499827162,0.0,0.05,62.90689299965431,3.0277057565062706,0.43362678743237726,0.97276017032114,0.4887470556694542,3.0277057565062706,3.145344649982716,1.0,1.0,1.0,62.90689299965431,62.90689299965431
steady,3500.0,70.0,5,2,3570.1856148491875,1.7176682839329782,1.7176682839329782,0.0,0.05,34.353365678659564,3.0277057565062706,0.43362678743237726,0.97276017032114,0.4887470556694542,1.9624199287709276,1.929336989457455,0.8752806974441814,0.8902894068371127,1.0,30.068837870772146,30.58443755291225
steady,3500.0,70.0,5,3,3639.791183294664,1.242204672834877,1.242204672834877,0.0,0.05,24.84409345669754,3.0277057565062706,0.43362678743237726,0.97276017032114,0.4887470556694542,1.2719505416144348,1.1834446247120205,0.9766139737306118,1.0,1.0,24.263088834480076,24.84409345669754
steady,3500.0,70.0,5,4,3709.396751740139,0.9358742816108052,0.9358742816108051,0.0,0.05,18.717485632216103,3.0277057565062706,0.43362678743237726,0.97276017032114,0.4887470556694542,0.824419970768706,0.7259183789108911,1.0,1.0,1.0,18.717485632216103,18.717485632216103
steady,3500.0,70.0,5,5,3780.452436194895,0.6655002732602241,0.6655002732602241,0.0,0.05,13.310005465204481,3.0277057565062706,0.43362678743237726,0.97276017032114,0.4887470556694542,0.5343511920987105,0.4452743135056666,1.0,1.0,1.0,13.310005465204481,13.310005465204481
steady,3500.0,70.0,6,1,3500.580046403712,3.324940130706328,3.3249401307063278,0.0,0.05,66.49880261412656,3.193713602024062,0.41282543428324464,0.979914071251993,0.4887470556694542,3.193713602024062,3.324940130706328,1.0,1.0,1.0,66.49880261412656,66.49880261412656
steady,3500.0,70.0,6,2,3570.1856148491875,1.858263125427956,1.8582631254279558,0.0,0.05,37.16526250855912,3.193713602024062,0.41282543428324464,0.979914071251993,0.4887470556694542,2.1135287500736237,2.039499862737928,0.8792230176018303,0.9111366758972611,1.0,32.676554252739514,33.86263374089766
steady,3500.0,70.0,6,3,3639.791183294664,1.3602790607317523,1.3602790607317523,0.0,0.05,27.205581214635046,3.193713602024062,0.41282543428324464,0.979914071251993,0.4887470556694542,1.3986863989797789,1.2510179211029575,0.9725404220159419,1.0,1.0,26.45852743567015,27.205581214635046
steady,3500.0,70.0,6,4,3709.396751740139,1.0138985212606948,1.0138985212606948,0.0,0.05,20.277970425213894,3.193713602024062,0.41282543428324464,0.979914071251993,0.4887470556694542,0.9256196030562035,0.7673674646978249,1.0,1.0,1.0,20.277970425213894,20.277970425213894
steady,3500.0,70.0,6,5,3780.452436194895,0.7109630159793573,0.7109630159793573,0.0,0.05,14.219260319587145,3.193713602024062,0.41282543428324464,0.979914071251993,0.4887470556694542,0.6125545012712389,0.4706989531833458,1.0,1.0,1.0,14.219260319587145,14.219260319587145
steady,3500.0,70.0,6,6,3850.058004640371,0.4846542391737719,0.48465423917377193,0.0,0.05,9.693084783475436,3.193713602024062,0.41282543428324464,0.979914071251993,0.4887470556694542,0.4053749680632821,0.28872413116334406,1.0,1.0,1.0,9.693084783475436,9.693084783475436
steady,3500.0,70.0,7,1,3500.580046403712,3.4895451317893795,3.4895451317893795,0.0,0.05,69.79090263578759,3.3329136897758476,0.3852368108944888,0.9808858906375524,0.4887470556694542,3.3329136897758476,3.4895451317893795,1.0,1.0,1.0,69.79090263578759,69.79090263578759
steady,3500.0,70.0,7,2,3570.1856148491875,1.986311808080205,1.9863118080802051,0.0,0.05,39.7262361616041,3.3329136897758476,0.3852368108944888,0.9808858906375524,0.4887470556694542,2.267346244749893,2.1404676588237908,0.8760513806303595,0.9279802943491816,1.0,34.802224036620984,36.86516432663048
steady,3500.0,70.0,7,3,3639.791183294664,1.4853243442276316,1.4853243442276316,0.0,0.05,29.706486884552632,3.3329136897758476,0.3852368108944888,0.9808858906375524,0.4887470556694542,1.5424518820729458,1.3129510080648343,0.9629631637075519,1.0,1.0,28.606252592985697,29.706486884552632
steady,3500.0,70.0,7,4,3709.396751740139,1.1264554699681235,1.1264554699681235,0.0,0.05,22.52910939936247,3.3329136897758476,0.3852368108944888,0.9808858906375524,0.4887470556694542,1.0493138460962381,0.8053568772563153,1.0,1.0,1.0,22.52910939936247,22.52910939936247
steady,3500.0,70.0,7,5,3780.452436194895,0.8052504816685411,0.8052504816685411,0.0,0.05,16.10500963337082,3.3329136897758476,0.3852368108944888,0.9808858906375524,0.4887470556694542,0.7138372097089561,0.49400144846228383,1.0,1.0,1.0,16.10500963337082,16.10500963337082
steady,3500.0,70.0,7,6,3850.058004640371,0.5533814483386741,0.5533814483386741,0.0,0.05,11.067628966773482,3.3329136897758476,0.3852368108944888,0.9808858906375524,0.4887470556694542,0.48561597072296087,0.3030177527187942,1.0,1.0,1.0,11.067628966773482,11.067628966773482
steady,3500.0,70.0,7,7,3919.663573085847,0.4035276503815185,0.4035276503815185,0.0,0.05,8.07055300763037,3.3329136897758476,0.3852368108944888,0.9808858906375524,0.4887470556694542,0.3303594542477727,0.18586941141278573,1.0,1.0,1.0,8.07055300763037,8.07055300763037
steady,3500.0,70.0,8,1,3500.580046403712,3.529265341404366,3.529265341404366,0.0,0.05,70.58530682808733,3.400559174462826,0.3953374175002459,0.9896889510493991,0.4887470556694542,3.400559174462826,3.529265341404366,1.0,1.0,1.0,70.58530682808733,70.58530682808733
steady,3500.0,70.0,8,2,3570.1856148491875,2.070678350881182,2.070678350881182,0.0,0.05,41.413567017623635,3.400559174462826,0.3953374175002459,0.9896889510493991,0.4887470556694542,2.2901159825299464,2.164831815432072,0.9041805597084448,0.9565077231959942,1.0,37.44534220551812,39.6123966974519
steady,3500.0,70.0,8,3,3639.791183294664,1.4817452334400678,1.4817452334400678,0.0,0.05,29.634904668801354,3.400559174462826,0.3953374175002459,0.9896889510493991,0.4887470556694542,1.5422849432601269,1.3278958468002489,0.9607467413303741,1.0,1.0,28.47163809018719,29.634904668801354
steady,3500.0,70.0,8,4,3709.396751740139,1.0820897464017256,1.0820897464017256,0.0,0.05,21.64179492803451,3.400559174462826,0.3953374175002459,0.9896889510493991,0.4887470556694542,1.038656061244177,0.8145239585724663,1.0,1.0,1.0,21.64179492803451,21.64179492803451
steady,3500.0,70.0,8,5,3780.452436194895,0.7660940352050621,0.7660940352050621,0.0,0.05,15.321880704101241,3.400559174462826,0.3953374175002459,0.9896889510493991,0.4887470556694542,0.6994857975328833,0.49962448537453813,1.0,1.0,1.0,15.321880704101241,15.321880704101241
steady,3500.0,70.0,8,6,3850.058004640371,0.5524635752753759,0.5524635752753759,0.0,0.05,11.049271505507518,3.400559174462826,0.3953374175002459,0.9896889510493991,0.4887470556694542,0.471070645237576,0.30646689242052977,1.0,1.0,1.0,11.049271505507518,11.049271505507518
steady,3500.0,70.0,8,7,3919.663573085847,0.3849014579748815,0.38490145797488157,0.0,0.05,7.69802915949763,3.400559174462826,0.3953374175002459,0.9896889510493991,0.4887470556694542,0.31724382909163246,0.18798509460457877,1.0,1.0,1.0,7.69802915949763,7.69802915949763
steady,3500.0,70.0,8,8,3990.719257540603,0.2451219547857556,0.2451219547857556,0.0,0.05,4.902439095715112,3.400559174462826,0.3953374175002459,0.9896889510493991,0.4887470556694542,0.2136487342486881,0.11530901597358047,1.0,1.0,1.0,4.902439095715112,4.902439095715112
steady,3500.0,80.0,1,1,3500.580046403712,4.697704287224712,,,0.05,93.95408574449424,,,,0.40543448826779266,,,1.0,1.0,1.0,93.95408574449424,93.95408574449424
steady,3500.0,80.0,2,1,3500.580046403712,2.6730586399169622,2.6730586399169622,0.0,0.05,53.46117279833924,2.6730586399169622,0.7617039395493119,1.0,0.40543448826779266,2.6730586399169622,2.6730586399169622,1.0,1.0,1.0,53.46117279833924,53.46117279833924
steady,3500.0,80.0,2,2,3580.336426914153,1.2479715026023326,1.2479715026023326,0.0,0.05,24.95943005204665,2.6730586399169622,0.7617039395493119,1.0,0.40543448826779266,1.2479715026023326,1.7820936598659531,1.0,0.7002839024163318,1.0,24.95943005204665,17.478687078934694
steady,3500.0,80.0,3,1,3500.580046403712,2.639326659094735,2.639326659094735,0.0,0.05,52.7865331818947,2.613116555359928,0.5937589693962942,0.989685811948965,0.40543448826779266,2.613116555359928,2.639326659094735,1.0,1.0,1.0,52.7865331818947,52.7865331818947
steady,3500.0,80.0,3,2,3580.336426914153,1.3481661037853607,1.3481661037853607,0.0,0.05,26.963322075707215,2.613116555359928,0.5937589693962942,0.989685811948965,0.40543448826779266,1.443087076581147,1.7596049840620138,0.9342236692877426,0.7661754291427076,1.0,25.189773685754385,20.658634862468016
steady,3500.0,80.0,3,3,3660.0928074245935,0.8828812805018545,0.8828812805018545,0.0,0.05,17.65762561003709,2.613116555359928,0.5937589693962942,0.989685811948965,0.40543448826779266,0.7969412257267947,1.1731059091404215,1.0,0.7526015116135376,1.0,17.65762561003709,13.289155725619828
steady,3500.0,80.0,4,1,3500.580046403712,2.9687745955236435,2.9687745955236435,0.0,0.05,59.37549191047287,2.873094353426747,0.5179044950410087,0.9597167556293675,0.40543448826779266,2.873094353426747,2.9687745955236435,1.0,1.0,1.0,59.37549191047287,59.37549191047287
steady,3500.0,80.0,4,2,3580.336426914153,1.4631636801482948,1.4631636801482948,0.0,0.05,29.263273602965896,2.873094353426747,0.5179044950410087,0.9597167556293675,0.40543448826779266,1.7116967428550809,1.9792436668797309,0.8548030988875768,0.7392539405999293,1.0,25.014336959410272,21.63299032584643
steady,3500.0,80.0,4,3,3660.0928074245935,1.045404167758467,1.045404167758467,0.0,0.05,20.908083355169335,2.873094353426747,0.5179044950410087,0.9597167556293675,0.40543448826779266,1.0197735887114836,1.319536181288481,1.0,0.7922512338673929,1.0,20.908083355169335,16.564454835935205
steady,3500.0,80.0,4,4,3739.8491879350345,0.8122685189854715,0.8122685189854715,0.0,0.05,16.245370379709428,2.873094353426747,0.5179044950410087,0.9597167556293675,0.40543448826779266,0.6075481399227874,0.8797177239295365,1.0,0.9233285824425795,1.0,16.245370379709428,14.999814803951775
steady,3500.0,80.0,5,1,3500.580046403712,3.197680954548689,3.197680954548689,0.0,0.05,63.95361909097378,3.064146530378509,0.42979694716497313,0.965414435057676,0.40543448826779266,3.064146530378509,3.197680954548689,1.0,1.0,1.0,63.95361909097378,63.95361909097378
steady,3500.0,80.0,5,2,3580.336426914153,1.724345630981836,1.724345630981836,0.0,0.05,34.48691261963672,3.064146530378509,0.42979694716497313,0.965414435057676,0.40543448826779266,1.9936599627866678,2.1318525790187497,0.8649146109006504,0.8088484391240217,1.0,29.828234609577823,27.894685442599688
steady,3500.0,80.0,5,3,3660.0928074245935,1.251226127318484,1.251226127318484,0.0,0.05,25.024522546369678,3.064146530378509,0.42979694716497313,0.965414435057676,0.40543448826779266,1.2971573023068033,1.421278571335874,0.9645908981843316,0.8803524886345426,1.0,24.138426679636787,22.030400700587766
steady,3500.0,80.0,5,4,3739.8491879350345,0.9544731915862844,0.9544731915862843,0.0,0.05,19.089463831725688,3.064146530378509,0.42979694716497313,0.965414435057676,0.40543448826779266,0.8439839783791215,0.9475480608834242,1.0,1.0,1.0,19.089463831725688,19.089463831725688
steady,3500.0,80.0,5,5,3819.605568445476,0.7204578696190775,0.7204578696190775,0.0,0.05,14.40915739238155,3.064146530378509,0.42979694716497313,0.965414435057676,0.40543448826779266,0.5491307449712636,0.6317180500653305,1.0,1.0,1.0,14.40915739238155,14.40915739238155
steady,3500.0,80.0,6,1,3500.580046403712,3.3218485482206392,3.3218485482206392,0.0,0.05,66.43697096441278,3.1276663435538206,0.38102571562887083,0.953950490519359,0.40543448826779266,3.1276663435538206,3.3218485482206392,1.0,1.0,1.0,66.43697096441278,66.43697096441278
steady,3500.0,80.0,6,2,3580.336426914153,1.8167028490738104,1.8167028490738102,0.0,0.05,36.33405698147621,3.1276663435538206,0.38102571562887083,0.953950490519359,0.40543448826779266,2.136697544796718,2.214633509500121,0.8502386561438431,0.8203176016621685,1.0,30.892619780184152,29.80546648170113
steady,3500.0,80.0,6,3,3660.0928074245935,1.348671906791423,1.348671906791423,0.0,0.05,26.97343813582846,3.1276663435538206,0.38102571562887083,0.953950490519359,0.40543448826779266,1.4597069816445911,1.4764675481752443,0.9239333124733914,0.9134450049093439,1.0,24.92165804563209,24.63875233040371
steady,3500.0,80.0,6,4,3739.8491879350345,1.0479806130464393,1.0479806130464393,0.0,0.05,20.959612260928786,3.1276663435538206,0.38102571562887083,0.953950490519359,0.40543448826779266,0.9972138908713345,0.9843418387120265,1.0,1.0,1.0,20.959612260928786,20.959612260928786
steady,3500.0,80.0,6,5,3819.605568445476,0.8034333005629518,0.8034333005629518,0.0,0.05,16.068666011259037,3.1276663435538206,0.38102571562887083,0.953950490519359,0.40543448826779266,0.6812569622886621,0.6562479863756338,1.0,1.0,1.0,16.068666011259037,16.068666011259037
steady,3500.0,80.0,6,6,3899.361948955916,0.6901883518616743,0.6901883518616743,0.0,0.05,13.803767037233484,3.1276663435538206,0.38102571562887083,0.953950490519359,0.40543448826779266,0.4654077253790054,0.4375120539279098,1.0,1.0,1.0,13.803767037233484,13.803767037233484
steady,3500.0,80.0,7,1,3500.580046403712,3.3953312462095746,3.3953312462095746,0.0,0.05,67.90662492419149,3.1961024908869717,0.3636271382229577,0.9651743088767333,0.40543448826779266,3.1961024908869717,3.3953312462095746,1.0,1.0,1.0,67.90662492419149,67.90662492419149
steady,3500.0,80.0,7,2,3580.336426914153,1.9375970648033745,1.9375970648033742,0.0,0.05,38.751941296067486,3.1961024908869717,0.3636271382229577,0.9651743088767333,0.40543448826779266,2.22177173774884,2.2636234748680315,0.872095468622083,0.8559714485715588,1.0,33.79539240460942,33.1705553261549
steady,3500.0,80.0,7,3,3660.0928074245935,1.404923083996563,1.404923083996563,0.0,0.05,28.09846167993126,3.1961024908869717,0.3636271382229577,0.9651743088767333,0.40543448826779266,1.5444653820502494,1.509128525145775,0.90965009661243,0.9309499228111494,1.0,25.55976838181013,26.158260732044045
steady,3500.0,80.0,7,4,3739.8491879350345,1.0664596995619209,1.0664596995619207,0.0,0.05,21.329193991238416,3.1961024908869717,0.3636271382229577,0.9651743088767333,0.40543448826779266,1.0736356376414025,1.0061164900851887,0.9933162258890308,1.0,1.0,21.186634476631937,21.329193991238416
steady,3500.0,80.0,7,5,3819.605568445476,0.8395626694100844,0.8395626694100844,0.0,0.05,16.791253388201685,3.1961024908869717,0.3636271382229577,0.9651743088767333,0.40543448826779266,0.7463381800655716,0.6707648651221131,1.0,1.0,1.0,16.791253388201685,16.791253388201685
steady,3500.0,80.0,7,6,3899.361948955916,0.6775999104491353,0.6775999104491353,0.0,0.05,13.551998208982704,3.1961024908869717,0.3636271382229577,0.9651743088767333,0.40543448826779266,0.518817240686301,0.4471902694331063,1.0,1.0,1.0,13.551998208982704,13.551998208982704
steady,3500.0,80.0,7,7,3980.568445475638,0.54332906292264,0.54332906292264,0.0,0.05,10.8665812584528,3.1961024908869717,0.3636271382229577,0.9651743088767333,0.40543448826779266,0.3606559819969256,0.298135975024941,1.0,1.0,1.0,10.8665812584528,10.8665812584528
steady,3500.0,80.0,8,1,3500.580046403712,3.344066135101326,3.344066135101326,0.0,0.05,66.88132270202651,3.1354818916806355,0.33622110761142693,0.9706478803429619,0.40543448826779266,3.1354818916806355,3.344066135101326,1.0,1.0,1.0,66.88132270202651,66.88132270202651
steady,3500.0,80.0,8,2,3580.336426914153,1.9710309354198177,1.9710309354198179,0.0,0.05,39.420618708396354,3.1354818916806355,0.33622110761142693,0.9706478803429619,0.40543448826779266,2.240192429301698,2.229445687626831,0.8798489404922316,0.884090133416936,1.0,34.68418960413078,34.851380053284295
steady,3500.0,80.0,8,3,3660.0928074245935,1.4458810477341937,1.4458810477341935,0.0,0.05,28.917620954683873,3.1354818916806355,0.33622110761142693,0.9706478803429619,0.40543448826779266,1.6005393408956092,1.4863426359620338,0.9033711392093157,0.9727777517452082,1.0,26.12334418505595,28.130418298117497
steady,3500.0,80.0,8,4,3739.8491879350345,1.1224690406724542,1.1224690406724542,0.0,0.05,22.449380813449082,3.1354818916806355,0.33622110761142693,0.9706478803429619,0.40543448826779266,1.1435295237351912,0.9909254321553802,0.9815829127052657,1.0,1.0,22.035928607295055,22.449380813449082
steady,3500.0,80.0,8,5,3819.605568445476,0.8926750041790669,0.8926750041790669,0.0,0.05,17.853500083581338,3.1354818916806355,0.33622110761142693,0.9706478803429619,0.40543448826779266,0.8170119523099693,0.6606371830656472,1.0,1.0,1.0,17.853500083581338,17.853500083581338
steady,3500.0,80.0,8,6,3899.361948955916,0.6956840632149817,0.6956840632149817,0.0,0.05,13.913681264299633,3.1354818916806355,0.33622110761142693,0.9706478803429619,0.40543448826779266,0.583726538198172,0.44043827465362523,1.0,1.0,1.0,13.913681264299633,13.913681264299633
steady,3500.0,80.0,8,7,3980.568445475638,0.5551577242969562,0.5551577242969562,0.0,0.05,11.103154485939124,3.1354818916806355,0.33622110761142693,0.9706478803429619,0.40543448826779266,0.4170522480527293,0.29363450733984187,1.0,1.0,1.0,11.103154485939124,11.103154485939124
steady,3500.0,80.0,8,8,4060.3248259860784,0.4181628595501688,0.41816285955016885,0.0,0.05,8.363257191003376,3.1354818916806355,0.33622110761142693,0.9706478803429619,0.40543448826779266,0.2979692822305538,0.19576233234615847,1.0,1.0,1.0,8.363257191003376,8.363257191003376
steady,3500.0,90.0,1,1,3500.580046403712,4.697704287224712,,,0.05,93.95408574449424,,,,0.396741814895877,,,1.0,1.0,1.0,93.95408574449424,93.95408574449424
steady,3500.0,90.0,2,1,3500.580046403712,2.6617847804438224,2.6617847804438224,0.0,0.05,53.23569560887645,2.6617847804438224,0.7651051064038255,1.0,0.396741814895877,2.6617847804438224,2.6617847804438224,1.0,1.0,1.0,53.23569560887645,53.23569560887645
steady,3500.0,90.0,2,2,3590.487238979118,1.2384885953678335,1.2384885953678337,0.0,0.05,24.76977190735667,2.6617847804438224,0.7651051064038255,1.0,0.396741814895877,1.2384885953678337,1.7900705867068365,0.9999999999999998,0.6918657870616491,1.0,24.769771907356663,17.13735773602085
steady,3500.0,90.0,3,1,3500.580046403712,2.694534722837461,2.694534722837461,0.0,0.05,53.890694456749216,2.6664471187660737,0.6238814575276014,0.988234886571969,0.396741814895877,2.6664471187660737,2.694534722837461,1.0,1.0,1.0,53.890694456749216,53.890694456749216
steady,3500.0,90.0,3,2,3590.487238979118,1.324011898620095,1.324011898620095,0.0,0.05,26.4802379724019,2.6664471187660737,0.6238814575276014,0.988234886571969,0.396741814895877,1.4288436226328285,1.8120951730016837,0.9266317724681673,0.7306525166815092,1.0,24.53742984774564,19.347852516860712
steady,3500.0,90.0,3,3,3680.394431554524,0.8634770195999454,0.8634770195999454,0.0,0.05,17.269540391998905,2.6664471187660737,0.6238814575276014,0.988234886571969,0.396741814895877,0.7656608239368622,1.218647838599065,1.0,0.7085533591005114,1.0,17.269540391998905,12.236390854872788
steady,3500.0,90.0,4,1,3500.580046403712,2.944222665789115,2.944222665789115,0.0,0.05,58.884453315782295,2.8545197064109007,0.5039685601661955,0.9649524356135967,0.396741814895877,2.8545197064109007,2.944222665789115,1.0,1.0,1.0,58.884453315782295,58.884453315782295
steady,3500.0,90.0,4,2,3590.487238979118,1.494916213750402,1.494916213750402,0.0,0.05,29.898324275008036,2.8545197064109007,0.5039685601661955,0.9649524356135967,0.396741814895877,1.7244963552163062,1.9800122209226523,0.8668711935682185,0.7550035287427651,1.0,25.917996049965858,22.57334033112654
steady,3500.0,90.0,4,3,3680.394431554524,1.0645148068900518,1.0645148068900518,0.0,0.05,21.290296137801036,2.8545197064109007,0.5039685601661955,0.9649524356135967,0.396741814895877,1.0418171829311031,1.3315733353177925,1.0,0.7994413665815825,1.0,21.290296137801036,17.020343439330247
steady,3500.0,90.0,4,4,3770.30162412993,0.8140212541400219,0.8140212541400219,0.0,0.05,16.280425082800438,2.8545197064109007,0.5039685601661955,0.9649524356135967,0.396741814895877,0.6293913230766781,0.8954932341291921,1.0,0.9090199938044241,1.0,16.280425082800438,14.799231907900644
steady,3500.0,90.0,5,1,3500.580046403712,3.1509997671252625,3.1509997671252625,0.0,0.05,63.01999534250525,3.0228477685131754,0.4233582602750168,0.9669854089781821,0.396741814895877,3.0228477685131754,3.1509997671252625,1.0,1.0,1.0,63.01999534250525,63.01999534250525
steady,3500.0,90.0,5,2,3590.487238979118,1.7285257238938614,1.7285257238938614,0.0,0.05,34.570514477877225,3.0228477685131754,0.4233582602750168,0.9669854089781821,0.396741814895877,1.9794936833017118,2.1190714002469173,0.8732160847367563,0.8156996143180693,1.0,30.187529299707297,28.199155326381682
steady,3500.0,90.0,5,3,3680.394431554524,1.242820888253553,1.242820888253553,0.0,0.05,24.856417765071058,3.0228477685131754,0.4233582602750168,0.9669854089781821,0.396741814895877,1.2962595348156378,1.4250916950848256,0.9587747321220783,0.8720988919801239,1.0,23.831705284220472,21.677254391513536
steady,3500.0,90.0,5,4,3770.30162412993,0.9423582330644588,0.9423582330644588,0.0,0.05,18.847164661289174,3.0228477685131754,0.4233582602750168,0.9669854089781821,0.396741814895877,0.848847761311268,0.9583850450546874,1.0,0.9832772724564853,1.0,18.847164661289174,18.531988661690676
steady,3500.0,90.0,5,5,3860.208816705336,0.7345035194180181,0.7345035194180181,0.0,0.05,14.690070388360361,3.0228477685131754,0.4233582602750168,0.9669854089781821,0.396741814895877,0.555862851944716,0.644521259756414,1.0,1.0,1.0,14.690070388360361,14.690070388360361
steady,3500.0,90.0,6,1,3500.580046403712,3.3012384648484576,3.3012384648484576,0.0,0.05,66.02476929696915,3.1117122419094727,0.37965061183391313,0.9554614019899983,0.396741814895877,3.1117122419094727,3.3012384648484576,1.0,1.0,1.0,66.02476929696915,66.02476929696915
steady,3500.0,90.0,6,2,3590.487238979118,1.81960236148774,1.8196023614877401,0.0,0.05,36.392047229754795,3.1117122419094727,0.37965061183391313,0.9554614019899983,0.396741814895877,2.1287235397154625,2.2201080714892063,0.8547856626469018,0.8196008045082172,1.0,31.107400206363298,29.826951187208063
steady,3500.0,90.0,6,3,3680.394431554524,1.3457258271246733,1.3457258271246733,0.0,0.05,26.914516542493462,3.1117122419094727,0.37965061183391313,0.9554614019899983,0.396741814895877,1.4562605910365407,1.4930396278772857,0.9240968514892031,0.9013329599549516,1.0,24.87161999627228,24.25894086100214
steady,3500.0,90.0,6,4,3770.30162412993,1.0374377905216954,1.0374377905216954,0.0,0.05,20.748755810433906,3.1117122419094727,0.37965061183391313,0.9554614019899983,0.396741814895877,0.9962284295919233,1.004080548617915,1.0,1.0,1.0,20.748755810433906,20.748755810433906
steady,3500.0,90.0,6,5,3860.208816705336,0.805036100703658,0.805036100703658,0.0,0.05,16.10072201407316,3.1117122419094727,0.37965061183391313,0.9554614019899983,0.396741814895877,0.6815202512764326,0.6752518347729456,1.0,1.0,1.0,16.10072201407316,16.10072201407316
steady,3500.0,90.0,6,6,3950.116009280742,0.6893322491683926,0.6893322491683926,0.0,0.05,13.786644983367852,3.1117122419094727,0.37965061183391313,0.9554614019899983,0.396741814895877,0.4662282656299506,0.4541120142122571,1.0,1.0,1.0,13.786644983367852,13.786644983367852
steady,3500.0,90.0,7,1,3500.580046403712,3.304821768274759,3.304821768274759,0.0,0.05,66.09643536549517,3.1030943517444993,0.36055941681994974,0.9620102168171732,0.396741814895877,3.1030943517444993,3.304821768274759,1.0,1.0,1.0,66.09643536549517,66.09643536549517
steady,3500.0,90.0,7,2,3590.487238979118,1.882152179702068,1.8821521797020677,0.0,0.05,37.64304359404136,3.1030943517444993,0.36055941681994974,0.9620102168171732,0.396741814895877,2.1637446929695052,2.2225178704007464,0.8698587156874862,0.8468558137454677,1.0,32.74412955528087,31.87823031468801
steady,3500.0,90.0,7,3,3680.394431554524,1.359309698661071,1.359309698661071,0.0,0.05,27.18619397322142,3.1030943517444993,0.36055941681994974,0.9620102168171732,0.396741814895877,1.5087491921480525,1.4946602360433248,0.9009514011575246,0.9094439430993665,1.0,24.49343955231409,24.724319444870723
steady,3500.0,90.0,7,4,3770.30162412993,1.041197235282888,1.041197235282888,0.0,0.05,20.82394470565776,3.1030943517444993,0.36055941681994974,0.9620102168171732,0.396741814895877,1.0520299054706832,1.005170419982391,0.9897030777058105,1.0,1.0,20.6095221651651,20.82394470565776
steady,3500.0,90.0,7,5,3860.208816705336,0.8300718348686061,0.8300718348686061,0.0,0.05,16.601436697372122,3.1030943517444993,0.36055941681994974,0.9620102168171732,0.396741814895877,0.7335658754712682,0.675984781586368,1.0,1.0,1.0,16.601436697372122,16.601436697372122
steady,3500.0,90.0,7,6,3950.116009280742,0.6778490784290925,0.6778490784290925,0.0,0.05,13.556981568581849,3.1030943517444993,0.36055941681994974,0.9620102168171732,0.396741814895877,0.511505320198261,0.45460492654009343,1.0,1.0,1.0,13.556981568581849,13.556981568581849
steady,3500.0,90.0,7,7,4040.023201856148,0.5369434501210443,0.5369434501210443,0.0,0.05,10.738869002420884,3.1030943517444993,0.36055941681994974,0.9620102168171732,0.396741814895877,0.3566655720224723,0.3057252838585078,1.0,1.0,1.0,10.738869002420884,10.738869002420884
steady,3500.0,90.0,8,1,3500.580046403712,3.303243718839834,3.303243718839834,0.0,0.05,66.06487437679668,3.0665074026715784,0.33788821548842046,0.9607808445924326,0.396741814895877,3.0665074026715784,3.303243718839834,1.0,1.0,1.0,66.06487437679668,66.06487437679668
steady,3500.0,90.0,8,2,3590.487238979118,1.8689302486021653,1.8689302486021653,0.0,0.05,37.378604972043306,3.0665074026715784,0.33788821548842046,0.9607808445924326,0.396741814895877,2.187263118364686,2.2214566201078667,0.854460642119489,0.8413084602621752,1.0,31.93854680594285,31.44693659577784
steady,3500.0,90.0,8,3,3680.394431554524,1.4027326945032,1.4027326945032,0.0,0.05,28.054653890063996,3.0665074026715784,0.33788821548842046,0.9607808445924326,0.396741814895877,1.5601201369318154,1.4939465371190637,0.8991183828072761,0.9389443729413764,1.0,25.2244550358522,26.341759404893487
steady,3500.0,90.0,8,4,3770.30162412993,1.098438832834377,1.098438832834377,0.0,0.05,21.968776656687538,3.0665074026715784,0.33788821548842046,0.9607808445924326,0.396741814895877,1.1127947164765049,1.0046904520069668,0.987099252513003,1.0,1.0,21.68536301644138,21.968776656687538
steady,3500.0,90.0,8,5,3860.208816705336,0.8576838341059442,0.8576838341059442,0.0,0.05,17.15367668211888,3.0665074026715784,0.33788821548842046,0.9607808445924326,0.396741814895877,0.7937286698018854,0.6756619994584964,1.0,1.0,1.0,17.15367668211888,17.15367668211888
steady,3500.0,90.0,8,6,3950.116009280742,0.727111893322156,0.727111893322156,0.0,0.05,14.542237866443118,3.0665074026715784,0.33788821548842046,0.9607808445924326,0.396741814895877,0.5661468300822688,0.45438785309476354,1.0,1.0,1.0,14.542237866443118,14.542237866443118
steady,3500.0,90.0,8,7,4040.023201856148,0.5351419859065485,0.5351419859065485,0.0,0.05,10.702839718130969,3.0665074026715784,0.33788821548842046,0.9607808445924326,0.396741814895877,0.4038183895917526,0.3055793003092385,1.0,1.0,1.0,10.702839718130969,10.702839718130969
steady,3500.0,90.0,8,8,4129.930394431554,0.4162087679997079,0.4162087679997079,0.0,0.05,8.324175359994157,3.0665074026715784,0.33788821548842046,0.9607808445924326,0.396741814895877,0.2880335685157512,0.20550441245622256,1.0,1.0,1.0,8.324175359994157,8.324175359994157
steady,3500.0,100.0,1,1,3500.580046403712,4.697704287224712,,,0.05,93.95408574449424,,,,0.39305674204113256,,,1.0,1.0,1.0,93.95408574449424,93.95408574449424
steady,3500.0,100.0,2,1,3500.580046403712,2.645957109593552,2.6459571095935517,0.0,0.05,52.91914219187104,2.645957109593552,0.7533810544391325,1.0,0.39305674204113256,2.645957109593552,2.645957109593552,1.0,1.0,1.0,52.91914219187104,52.91914219187104
steady,3500.0,100.0,2,2,3600.638051044083,1.2456429241882712,1.2456429241882712,0.0,0.05,24.912858483765422,2.645957109593552,0.7533810544391325,1.0,0.39305674204113256,1.2456429241882712,1.7859957699349172,1.0,0.6974500976750148,1.0,24.912858483765422,17.375475582866013
steady,3500.0,100.0,3,1,3500.580046403712,2.689102680091992,2.6891026800919917,0.0,0.05,53.78205360183984,2.6605527150420776,0.6225509265916093,0.9878064218582457,0.39305674204113256,2.6605527150420776,2.689102680091992,1.0,1.0,1.0,53.78205360183984,53.78205360183984
steady,3500.0,100.0,3,2,3600.638051044083,1.3211675111454142,1.3211675111454142,0.0,0.05,26.423350222908283,2.6605527150420776,0.6225509265916093,0.9878064218582457,0.39305674204113256,1.4275832252176344,1.8151186178156522,0.9254574359011558,0.7278684148671958,1.0,24.453685945210932,19.232722042229017
steady,3500.0,100.0,3,3,3700.696055684455,0.8651660952135575,0.8651660952135575,0.0,0.05,17.303321904271147,2.6605527150420776,0.6225509265916093,0.9878064218582457,0.39305674204113256,0.7660039409858304,1.2251877256796664,1.0,0.7061498226597163,1.0,17.303321904271147,12.218737694125055
steady,3500.0,100.0,4,1,3500.580046403712,2.9073398318037893,2.9073398318037893,0.0,0.05,58.146796636075784,2.843313412566393,0.5712327466337342,0.9806860358103098,0.39305674204113256,2.843313412566393,2.9073398318037893,1.0,1.0,1.0,58.146796636075784,58.146796636075784
steady,3500.0,100.0,4,2,3600.638051044083,1.4202963245589717,1.4202963245589717,0.0,0.05,28.405926491179432,2.843313412566393,0.5712327466337342,0.9806860358103098,0.39305674204113256,1.6059850715304842,1.9624266102191221,0.8843770404449941,0.7237449376006898,1.0,25.121549201367323,20.558645495848438
steady,3500.0,100.0,4,3,3700.696055684455,0.9625435985213252,0.9625435985213251,0.0,0.05,19.250871970426502,2.843313412566393,0.5712327466337342,0.9806860358103098,0.39305674204113256,0.9071064901180849,1.3246192131955832,1.0,0.7266568300781572,1.0,19.250871970426502,13.98877760227057
steady,3500.0,100.0,4,4,3799.303944315545,0.6409390042876442,0.6409390042876442,0.0,0.05,12.818780085752882,2.843313412566393,0.5712327466337342,0.9806860358103098,0.39305674204113256,0.5123597964893861,0.8941053137120718,1.0,0.7168495639810563,1.0,12.818780085752882,9.189136915241
steady,3500.0,100.0,5,1,3500.580046403712,3.2137365309334665,3.2137365309334665,0.0,0.05,64.27473061866932,3.1451836470330816,0.5211626898981381,0.9900751387572903,0.39305674204113256,3.1451836470330816,3.2137365309334665,1.0,1.0,1.0,64.27473061866932,64.27473061866932
steady,3500.0,100.0,5,2,3600.638051044083,1.6917837284568318,1.6917837284568318,0.0,0.05,33.835674569136636,3.1451836470330816,0.5211626898981381,0.9900751387572903,0.39305674204113256,1.867703482414448,2.1692414548677887,0.9058095915042155,0.779896458580238,1.0,30.648678559739228,26.388322770143084
steady,3500.0,100.0,5,3,3700.696055684455,1.1467306981090597,1.1467306981090597,0.0,0.05,22.934613962181192,3.1451836470330816,0.5211626898981381,0.9900751387572903,0.39305674204113256,1.1090978110335972,1.4642172574582903,1.0,0.7831697736575307,1.0,22.934613962181192,17.961696425684288
steady,3500.0,100.0,5,4,3799.303944315545,0.7190086833841074,0.7190086833841074,0.0,0.05,14.380173667682147,3.1451836470330816,0.5211626898981381,0.9900751387572903,0.39305674204113256,0.6586152277498164,0.9883326598925549,1.0,0.7274966340404792,1.0,14.380173667682147,10.461527940156294
steady,3500.0,100.0,5,5,3899.361948955916,0.4714926573968397,0.4714926573968397,0.0,0.05,9.429853147936793,3.1451836470330816,0.5211626898981381,0.9900751387572903,0.39305674204113256,0.3911052874765817,0.6671151030591631,1.0,0.7067635783311376,1.0,9.429853147936793,6.66467675397295
steady,3500.0,100.0,6,1,3500.580046403712,3.254044958285741,3.254044958285741,0.0,0.05,65.08089916571481,3.1868704684555027,0.48912473839507875,0.9933397011943297,0.39305674204113256,3.1868704684555027,3.254044958285741,1.0,1.0,1.0,65.08089916571481,65.08089916571481
steady,3500.0,100.0,6,2,3600.638051044083,1.789605498903528,1.789605498903528,0.0,0.05,35.792109978070556,3.1868704684555027,0.48912473839507875,0.9933397011943297,0.39305674204113256,1.9540705384666601,2.1964492582304627,0.915834645512753,0.8147720655041663,1.0,32.77965435391972,29.162411375584824
steady,3500.0,100.0,6,3,3700.696055684455,1.2235234863242632,1.2235234863242632,0.0,0.05,24.470469726485263,3.1868704684555027,0.48912473839507875,0.9933397011943297,0.39305674204113256,1.1981634356020574,1.4825822647891995,1.0,0.8252651575447177,1.0,24.470469726485263,20.194626054021107
steady,3500.0,100.0,6,4,3799.303944315545,0.8028076772562908,0.8028076772562908,0.0,0.05,16.056153545125813,3.1868704684555027,0.48912473839507875,0.9933397011943297,0.39305674204113256,0.7346692916931358,1.0007288643846475,1.0,0.8022229655081856,1.0,16.056153545125813,12.880615111625596
steady,3500.0,100.0,6,5,3899.361948955916,0.5034133615786309,0.5034133615786309,0.0,0.05,10.068267231572618,3.1868704684555027,0.48912473839507875,0.9933397011943297,0.39305674204113256,0.45047190735351045,0.6754824226600188,1.0,0.7452649316857309,1.0,10.068267231572618,7.50352649053165
steady,3500.0,100.0,6,6,3999.419953596288,0.2870976831786971,0.28709768317869716,0.0,0.05,5.741953663573942,3.1868704684555027,0.48912473839507875,0.9933397011943297,0.39305674204113256,0.2762126328256408,0.45594418184711266,1.0,0.6296772600883123,1.0,5.741953663573942,3.6155776504332864
steady,3500.0,100.0,7,1,3500.580046403712,3.156106536194965,3.156106536194965,0.0,0.05,63.1221307238993,3.092259676638742,0.451535484558861,0.9953052469701851,0.39305674204113256,3.092259676638742,3.156106536194965,1.0,1.0,1.0,63.1221307238993,63.1221307238993
steady,3500.0,100.0,7,2,3600.638051044083,1.826082305604663,1.8260823056046627,0.0,0.05,36.52164611209326,3.092259676638742,0.451535484558861,0.9953052469701851,0.39305674204113256,1.9686866120684872,2.130341759006828,0.9275637343243825,0.8571781020036842,1.0,33.87615445140679,31.30555529641433
steady,3500.0,100.0,7,3,3700.696055684455,1.2621140328596112,1.2621140328596112,0.0,0.05,25.24228065719222,3.092259676638742,0.451535484558861,0.9953052469701851,0.39305674204113256,1.2533640062048663,1.4379603343934633,1.0,0.8777112988947469,1.0,25.24228065719222,22.15543494268993
steady,3500.0,100.0,7,4,3799.303944315545,0.8585183736326129,0.8585183736326129,0.0,0.05,17.170367472652256,3.092259676638742,0.451535484558861,0.9953052469701851,0.39305674204113256,0.7979539874045035,0.9706094876781379,1.0,0.8845147142403625,1.0,17.170367472652256,15.187442678475026
steady,3500.0,100.0,7,5,3899.361948955916,0.5349688366654327,0.5349688366654327,0.0,0.05,10.699376733308654,3.092259676638742,0.451535484558861,0.9953052469701851,0.39305674204113256,0.5080172742017222,0.6551521311387154,1.0,0.8165566610240694,1.0,10.699376733308654,8.73664734038913
steady,3500.0,100.0,7,6,3999.419953596288,0.3323878877457202,0.33238788774572026,0.0,0.05,6.647757754914403,3.092259676638742,0.451535484558861,0.9953052469701851,0.39305674204113256,0.32342911365955673,0.4422214293025073,1.0,0.7516322496401366,1.0,6.647757754914403,4.996669116388977
steady,3500.0,100.0,7,7,4099.477958236658,0.2419857395285022,0.24198573952850225,0.0,0.05,4.839714790570044,3.092259676638742,0.451535484558861,0.9953052469701851,0.39305674204113256,0.20591109175761946,0.29849523986810733,1.0,0.8106854221039694,1.0,4.839714790570044,3.9234862278561002
steady,3500.0,100.0,8,1,3500.580046403712,3.230776134192921,3.230776134192921,0.0,0.05,64.61552268385842,3.128161108496297,0.4563100362542899,0.9898291422850004,0.39305674204113256,3.128161108496297,3.230776134192921,1.0,1.0,1.0,64.61552268385842,64.61552268385842
steady,3500.0,100.0,8,2,3600.638051044083,1.7624868650590166,1.7624868650590166,0.0,0.05,35.24973730118033,3.128161108496297,0.4563100362542899,0.9898291422850004,0.39305674204113256,1.9820571903814235,2.1807430242743426,0.889220994031886,0.8082047473913146,1.0,31.344806442318426,28.48900503111065
steady,3500.0,100.0,8,3,3700.696055684455,1.2591972843849115,1.2591972843849115,0.0,0.05,25.18394568769823,3.128161108496297,0.4563100362542899,0.9898291422850004,0.39305674204113256,1.2558658488760355,1.4719807069236044,1.0,0.8554441498194607,1.0,25.18394568769823,21.543459007912485
steady,3500.0,100.0,8,4,3799.303944315545,0.8591520079452837,0.8591520079452837,0.0,0.05,17.183040158905673,3.128161108496297,0.4563100362542899,0.9898291422850004,0.39305674204113256,0.7957384065540573,0.9935729141109176,1.0,0.8647095706248008,1.0,17.183040158905673,14.858339277836032
steady,3500.0,100.0,8,5,3899.361948955916,0.5948199298607163,0.5948199298607163,0.0,0.05,11.896398597214326,3.128161108496297,0.4563100362542899,0.9898291422850004,0.39305674204113256,0.5041936702330791,0.6706522245920277,1.0,0.8869275431428834,1.0,11.896398597214326,10.551243580075745
steady,3500.0,100.0,8,6,3999.419953596288,0.3139346357563625,0.31393463575636255,0.0,0.05,6.278692715127249,3.128161108496297,0.4563100362542899,0.9898291422850004,0.39305674204113256,0.3194658634160491,0.4526838442981397,0.9826860134583983,0.693496442849866,1.0,6.169983513958684,4.354251063688115
steady,3500.0,100.0,8,7,4099.477958236658,0.2415763864472762,0.2415763864472762,0.0,0.05,4.831527728945524,3.128161108496297,0.4563100362542899,0.9898291422850004,0.39305674204113256,0.2024191177191537,0.3055572700339604,1.0,0.790609192248729,1.0,4.831527728945524,3.819850235108957
steady,3500.0,100.0,8,8,4199.53596287703,0.1883531959683272,0.18835319596832725,0.0,0.05,3.7670639193665436,3.128161108496297,0.4563100362542899,0.9898291422850004,0.39305674204113256,0.1282562674461392,0.2062482380288256,1.0,0.9132354184863515,1.0,3.7670639193665436,3.4402161948675407
steady,4000.0,10.0,1,1,3999.419953596288,4.524517081596384,,,0.05,90.49034163192768,,,,0.4970477954716243,,,1.0,1.0,1.0,90.49034163192768,90.49034163192768
steady,4000.0,10.0,2,1,3999.419953596288,3.0285872024298235,3.0285872024298235,0.0,0.05,60.571744048596464,3.0285872024298235,0.7728539043451699,1.0,0.4970477954716243,3.0285872024298235,3.0285872024298235,1.0,1.0,1.0,60.571744048596464,60.571744048596464
steady,4000.0,10.0,2,2,4009.5707656612526,1.3982791984129057,1.3982791984129055,0.0,0.05,27.965583968258112,3.0285872024298235,0.7728539043451699,1.0,0.4970477954716243,1.3982791984129057,1.84236200266532,1.0,0.7589600721193958,1.0,27.965583968258112,21.224761625410196
steady,4000.0,10.0,3,1,3999.419953596288,2.9158118101398034,2.9158118101398034,0.0,0.05,58.31623620279606,2.8862086130364926,0.5956321818910236,0.9891910588808568,0.4970477954716243,2.8862086130364926,2.9158118101398034,1.0,1.0,1.0,58.31623620279606,58.31623620279606
steady,4000.0,10.0,3,2,4009.5707656612526,1.4835084122663889,1.4835084122663889,0.0,0.05,29.670168245327776,2.8862086130364926,0.5956321818910236,0.9891910588808568,0.4970477954716243,1.5909185603568463,1.7737580353025468,0.9324854516334481,0.8363645901755419,1.0,27.66700023628486,24.81507810494294
steady,4000.0,10.0,3,3,4019.7215777262177,0.9743664114935972,0.9743664114935972,0.0,0.05,19.48732822987194,2.8862086130364926,0.5956321818910236,0.9891910588808568,0.4970477954716243,0.8769365645489808,1.0790194198608105,1.0,0.9030110056956036,1.0,19.48732822987194,17.59727186317699
steady,4000.0,10.0,4,1,3999.419953596288,3.070480697171682,3.070480697171682,0.0,0.05,61.40961394343364,2.9941349461822333,0.4999908858898057,0.9769629911712988,0.4970477954716243,2.9941349461822333,3.070480697171682,1.0,1.0,1.0,61.40961394343364,61.40961394343364
steady,4000.0,10.0,4,2,4009.5707656612526,1.622774297791335,1.622774297791335,0.0,0.05,32.4554859558267,2.9941349461822333,0.4999908858898057,0.9769629911712988,0.4970477954716243,1.8160511957918501,1.8678468171059728,0.8935729904264946,0.8687941018127219,1.0,29.001345641293167,28.19713476988787
steady,4000.0,10.0,4,3,4019.7215777262177,1.1162390035213337,1.1162390035213337,0.0,0.05,22.324780070426673,2.9941349461822333,0.4999908858898057,0.9769629911712988,0.4970477954716243,1.1015007690091867,1.1362558753053247,1.0,0.9823834822604439,1.0,22.324780070426673,21.931495186284312
steady,4000.0,10.0,4,4,4029.872389791183,0.8270239993945507,0.8270239993945507,0.0,0.05,16.540479987891015,2.9941349461822333,0.4999908858898057,0.9769629911712988,0.4970477954716243,0.668100077211091,0.6912116145403481,1.0,1.0,1.0,16.540479987891015,16.540479987891015
steady,4000.0,10.0,5,1,3999.419953596288,2.943889653172516,2.943889653172516,0.0,0.05,58.87779306345032,2.8290962070107555,0.4185495681644358,0.9695029868416335,0.4970477954716243,2.8290962070107555,2.943889653172516,1.0,1.0,1.0,58.87779306345032,58.87779306345032
steady,4000.0,10.0,5,2,4009.5707656612526,1.642358859167785,1.642358859167785,0.0,0.05,32.8471771833557,2.8290962070107555,0.4185495681644358,0.9695029868416335,0.4970477954716243,1.86154675527403,1.7908384585040873,0.8822549605669295,0.9170893395597894,1.0,28.979585010636427,30.12379602948706
steady,4000.0,10.0,5,3,4019.7215777262177,1.1670636785343678,1.1670636785343678,0.0,0.05,23.341273570687353,2.8290962070107555,0.4185495681644358,0.9695029868416335,0.4970477954716243,1.2248987197691628,1.0894098496528648,0.9527838177137664,1.0,1.0,22.23918774298093,23.341273570687353
steady,4000.0,10.0,5,4,4029.872389791183,0.8887706314506044,0.8887706314506044,0.0,0.05,17.775412629012088,2.8290962070107555,0.4185495681644358,0.9695029868416335,0.4970477954716243,0.8059839858662429,0.6627140571417257,1.0,1.0,1.0,17.775412629012088,17.775412629012088
steady,4000.0,10.0,5,5,4040.023201856148,0.6951086255767348,0.6951086255767348,0.0,0.05,13.902172511534696,2.8290962070107555,0.4185495681644358,0.9695029868416335,0.4970477954716243,0.5303378760941622,0.40314480511920486,1.0,1.0,1.0,13.902172511534696,13.902172511534696
steady,4000.0,10.0,6,1,3999.419953596288,2.8143836028752283,2.8143836028752283,0.0,0.05,56.287672057504565,2.6899287883338032,0.38415936237500997,0.9742984189588864,0.4970477954716243,2.6899287883338032,2.8143836028752283,1.0,1.0,1.0,56.287672057504565,56.287672057504565
steady,4000.0,10.0,6,2,4009.5707656612526,1.6297934660200062,1.6297934660200062,0.0,0.05,32.59586932040012,2.6899287883338032,0.38415936237500997,0.9742984189588864,0.4970477954716243,1.8319030749212692,1.712056831879118,0.8896723240065803,0.9519505635985102,1.0,28.999642811295164,31.02965617053828
steady,4000.0,10.0,6,3,4019.7215777262177,1.167988250989069,1.167988250989069,0.0,0.05,23.35976501978138,2.6899287883338032,0.38415936237500997,0.9742984189588864,0.4970477954716243,1.2475679246455793,1.041485102666692,0.9362121515915713,1.0,1.0,21.869695869843053,23.35976501978138
steady,4000.0,10.0,6,4,4029.872389791183,0.8790921652691462,0.8790921652691462,0.0,0.05,17.581843305382925,2.6899287883338032,0.38415936237500997,0.9742984189588864,0.4970477954716243,0.8496223123984709,0.6335602877657489,1.0,1.0,1.0,17.581843305382925,17.581843305382925
steady,4000.0,10.0,6,5,4040.023201856148,0.6734699758985623,0.6734699758985623,0.0,0.05,13.469399517971246,2.6899287883338032,0.38415936237500997,0.9742984189588864,0.4970477954716243,0.5786122418387737,0.38540987019982237,1.0,1.0,1.0,13.469399517971246,13.469399517971246
steady,4000.0,10.0,6,6,4050.174013921113,0.5331874717925266,0.5331874717925266,0.0,0.05,10.66374943585053,2.6899287883338032,0.38415936237500997,0.9742984189588864,0.4970477954716243,0.3940481806093091,0.23445403841720128,1.0,1.0,1.0,10.66374943585053,10.66374943585053
steady,4000.0,10.0,7,1,3999.419953596288,2.7608910725159537,2.7608910725159537,0.0,0.05,55.21782145031907,2.595898926231952,0.3538318341036477,0.9648209510502158,0.4970477954716243,2.595898926231952,2.7608910725159537,1.0,1.0,1.0,55.21782145031907,55.21782145031907
steady,4000.0,10.0,7,2,4009.5707656612526,1.591107642321025,1.591107642321025,0.0,0.05,31.8221528464205,2.595898926231952,0.3538318341036477,0.9648209510502158,0.4970477954716243,1.8223028975414362,1.6795160467627839,0.8731301719750714,0.9473607860953973,1.0,27.78488178741214,30.147059735832812
steady,4000.0,10.0,7,3,4019.7215777262177,1.1600024919607117,1.1600024919607117,0.0,0.05,23.200049839214234,2.595898926231952,0.3538318341036477,0.9648209510502158,0.4970477954716243,1.2792438938322481,1.0216897650957177,0.9067875934788922,1.0,1.0,21.037517362291435,23.200049839214234
steady,4000.0,10.0,7,4,4029.872389791183,0.8981194514187495,0.8981194514187495,0.0,0.05,17.96238902837499,2.595898926231952,0.3538318341036477,0.9648209510502158,0.4970477954716243,0.8980202699095373,0.6215183106546271,1.0,1.0,1.0,17.96238902837499,17.96238902837499
steady,4000.0,10.0,7,5,4040.023201856148,0.704469550263507,0.704469550263507,0.0,0.05,14.089391005270139,2.595898926231952,0.3538318341036477,0.9648209510502158,0.4970477954716243,0.6304039511594101,0.37808444762367965,1.0,1.0,1.0,14.089391005270139,14.089391005270139
steady,4000.0,10.0,7,6,4050.174013921113,0.5628238037185942,0.5628238037185942,0.0,0.05,11.256476074371884,2.595898926231952,0.3538318341036477,0.9648209510502158,0.4970477954716243,0.44253916637920565,0.22999780872801676,1.0,1.0,1.0,11.256476074371884,11.256476074371884
steady,4000.0,10.0,7,7,4060.3248259860784,0.4572273313256747,0.4572273313256747,0.0,0.05,9.144546626513494,2.595898926231952,0.3538318341036477,0.9648209510502158,0.4970477954716243,0.3106594008800557,0.13991316583416183,1.0,1.0,1.0,9.144546626513494,9.144546626513494
steady,4000.0,10.0,8,1,3999.419953596288,2.8891442684130406,2.8891442684130406,0.0,0.05,57.78288536826081,2.675297824449629,0.33976577977818134,0.9566581777799037,0.4970477954716243,2.675297824449629,2.8891442684130406,1.0,1.0,1.0,57.78288536826081,57.78288536826081
steady,4000.0,10.0,8,2,4009.5707656612526,1.6281532603540907,1.6281532603540907,0.0,0.05,32.56306520708181,2.675297824449629,0.33976577977818134,0.9566581777799037,0.4970477954716243,1.9046436498133132,1.7575355321028827,0.8548335330410373,0.9263842639960816,1.0,27.83600007761542,30.1659111953189
steady,4000.0,10.0,8,3,4019.7215777262177,1.1985878142690072,1.1985878142690072,0.0,0.05,23.971756285380142,2.675297824449629,0.33976577977818134,0.9566581777799037,0.4970477954716243,1.3559863876166667,1.069150883317039,0.8839231906860737,1.0,1.0,21.189191302122158,23.971756285380142
steady,4000.0,10.0,8,4,4029.872389791183,0.9449881759704072,0.9449881759704073,0.0,0.05,18.899763519408143,2.675297824449629,0.33976577977818134,0.9566581777799037,0.4970477954716243,0.9653769531019203,0.6503900435685137,0.9788799835483948,1.0,1.0,18.500600202946796,18.899763519408143
steady,4000.0,10.0,8,5,4040.023201856148,0.754217294312513,0.754217294312513,0.0,0.05,15.08434588625026,2.675297824449629,0.33976577977818134,0.9566581777799037,0.4970477954716243,0.6872876233059997,0.3956478130202482,1.0,1.0,1.0,15.08434588625026,15.08434588625026
steady,4000.0,10.0,8,6,4050.174013921113,0.6062105086892042,0.6062105086892042,0.0,0.05,12.124210173784084,2.675297824449629,0.33976577977818134,0.9566581777799037,0.4970477954716243,0.48930552529954546,0.240682023803483,1.0,1.0,1.0,12.124210173784084,12.124210173784084
steady,4000.0,10.0,8,7,4060.3248259860784,0.4873623125476394,0.4873623125476394,0.0,0.05,9.747246250952788,2.675297824449629,0.33976577977818134,0.9566581777799037,0.4970477954716243,0.34835473384054777,0.14641262930265644,1.0,1.0,1.0,9.747246250952788,9.747246250952788
steady,4000.0,10.0,8,8,4070.475638051044,0.3931631513359352,0.39316315133593527,0.0,0.05,7.863263026718704,2.675297824449629,0.33976577977818134,0.9566581777799037,0.4970477954716243,0.24800664271025671,0.08906630283622735,1.0,1.0,1.0,7.863263026718704,7.863263026718704
steady,4000.0,20.0,1,1,3999.419953596288,4.524517081596384,,,0.05,90.49034163192768,,,,0.6827223356407702,,,1.0,1.0,1.0,90.49034163192768,90.49034163192768
steady,4000.0,20.0,2,1,3999.419953596288,3.0340635385887875,3.0340635385887875,0.0,0.05,60.68127077177575,3.0340635385887875,0.7761439312083163,1.0,0.6827223356407702,3.0340635385887875,3.0340635385887875,1.0,1.0,1.0,60.68127077177575,60.68127077177575
steady,4000.0,20.0,2,2,4019.7215777262177,1.3962064659978548,1.3962064659978548,0.0,0.05,27.924129319957096,3.0340635385887875,0.7761439312083163,1.0,0.6827223356407702,1.396206465997855,1.532929310954934,0.9999999999999999,0.9108094261229123,1.0,27.924129319957093,25.43356020089211
steady,4000.0,20.0,3,1,3999.419953596288,2.921493595316653,2.921493595316653,0.0,0.05,58.42987190633306,2.891338483583416,0.5998707086447436,0.9887728067665685,0.6827223356407702,2.891338483583416,2.921493595316653,1.0,1.0,1.0,58.42987190633306,58.42987190633306
steady,4000.0,20.0,3,2,4019.7215777262177,1.4771280627031884,1.4771280627031884,0.0,0.05,29.542561254063767,2.891338483583416,0.5998707086447436,0.9887728067665685,0.6827223356407702,1.5870053764891403,1.47605450811061,0.9307643720596407,1.0,1.0,27.49716347467213,29.542561254063767
steady,4000.0,20.0,3,3,4040.023201856148,0.971170656824321,0.971170656824321,0.0,0.05,19.42341313648642,2.891338483583416,0.5998707086447436,0.9887728067665685,0.6827223356407702,0.8710796329470207,0.7457613168847312,1.0,1.0,1.0,19.42341313648642,19.42341313648642
steady,4000.0,20.0,4,1,3999.419953596288,3.0678537265601915,3.0678537265601915,0.0,0.05,61.35707453120383,2.9876935206295605,0.49347788923324193,0.9748660343185096,0.6827223356407702,2.9876935206295605,3.0678537265601915,1.0,1.0,1.0,61.35707453120383,61.35707453120383
steady,4000.0,20.0,4,2,4019.7215777262177,1.621356328759607,1.6213563287596067,0.0,0.05,32.42712657519213,2.9876935206295605,0.49347788923324193,0.9748660343185096,0.6827223356407702,1.8239852458223362,1.5500014549312378,0.8889086863356864,1.0,1.0,28.824754485595065,32.42712657519213
steady,4000.0,20.0,4,3,4040.023201856148,1.1321341078721032,1.1321341078721032,0.0,0.05,22.642682157442064,2.9876935206295605,0.49347788923324193,0.9748660343185096,0.6827223356407702,1.1135419861527585,0.7831222491115132,1.0,1.0,1.0,22.642682157442064,22.642682157442064
steady,4000.0,20.0,4,4,4060.3248259860784,0.8407350089638449,0.8407350089638449,0.0,0.05,16.814700179276898,2.9876935206295605,0.49347788923324193,0.9748660343185096,0.6827223356407702,0.679816768126319,0.39566443960575615,1.0,1.0,1.0,16.814700179276898,16.814700179276898
steady,4000.0,20.0,5,1,3999.419953596288,2.9738791935308786,2.9738791935308786,0.0,0.05,59.47758387061757,2.8561591958652834,0.4291905698178339,0.968673696162342,0.6827223356407702,2.8561591958652834,2.9738791935308786,1.0,1.0,1.0,59.47758387061757,59.47758387061757
steady,4000.0,20.0,5,2,4019.7215777262177,1.626258091429319,1.626258091429319,0.0,0.05,32.52516182858638,2.8561591958652834,0.4291905698178339,0.968673696162342,0.6827223356407702,1.8594620286022812,1.5025217913277062,0.8745852652079932,1.0,1.0,28.446027283787114,32.52516182858638
steady,4000.0,20.0,5,3,4040.023201856148,1.1622504493269648,1.1622504493269648,0.0,0.05,23.245008986539293,2.8561591958652834,0.4291905698178339,0.968673696162342,0.6827223356407702,1.2105764415439801,0.7591336387589473,0.960080181177671,1.0,1.0,22.317072439273236,23.245008986539293
steady,4000.0,20.0,5,4,4060.3248259860784,0.8807539643126225,0.8807539643126225,0.0,0.05,17.61507928625245,2.8561591958652834,0.4291905698178339,0.968673696162342,0.6827223356407702,0.7881286620963527,0.3835444416324674,1.0,1.0,1.0,17.61507928625245,17.61507928625245
steady,4000.0,20.0,5,5,4080.626450116009,0.6746834563283385,0.6746834563283385,0.0,0.05,13.493669126566768,2.8561591958652834,0.4291905698178339,0.968673696162342,0.6827223356407702,0.513100013102494,0.19378187343621703,1.0,1.0,1.0,13.493669126566768,13.493669126566768
steady,4000.0,20.0,6,1,3999.419953596288,2.847102109143497,2.847102109143497,0.0,0.05,56.94204218286993,2.6863237633747348,0.38818324560265693,0.9566826999980362,0.6827223356407702,2.6863237633747348,2.847102109143497,1.0,1.0,1.0,56.94204218286993,56.94204218286993
steady,4000.0,20.0,6,2,4019.7215777262177,1.5595367542855303,1.5595367542855303,0.0,0.05,31.190735085710603,2.6863237633747348,0.38818324560265693,0.9566826999980362,0.6827223356407702,1.8221012764366045,1.4384689769607346,0.8559001491593492,1.0,1.0,26.696154812249453,31.190735085710603
steady,4000.0,20.0,6,3,4040.023201856148,1.128965824835603,1.128965824835603,0.0,0.05,22.579316496712057,2.6863237633747348,0.38818324560265693,0.9566826999980362,0.6827223356407702,1.2359095008790142,0.726771614910905,0.9134696545601844,1.0,1.0,20.625520440456636,22.579316496712057
steady,4000.0,20.0,6,4,4060.3248259860784,0.8831848429435336,0.8831848429435336,0.0,0.05,17.663696858870672,2.6863237633747348,0.38818324560265693,0.9566826999980362,0.6827223356407702,0.8383026312073157,0.36719386285007294,1.0,1.0,1.0,17.663696858870672,17.663696858870672
steady,4000.0,20.0,6,5,4080.626450116009,0.7012799173161629,0.7012799173161629,0.0,0.05,14.025598346323257,2.6863237633747348,0.38818324560265693,0.9566826999980362,0.6827223356407702,0.5686106474537915,0.18552091213866018,1.0,1.0,1.0,14.025598346323257,14.025598346323257
steady,4000.0,20.0,6,6,4099.477958236658,0.5558405374845301,0.5558405374845301,0.0,0.05,11.116810749690602,2.6863237633747348,0.38818324560265693,0.9566826999980362,0.6827223356407702,0.3856818007742387,0.0937325274818482,1.0,1.0,1.0,11.116810749690602,11.116810749690602
steady,4000.0,20.0,7,1,3999.419953596288,2.935000481171413,2.9350004811714134,0.0,0.05,58.70000962342826,2.7505034517825186,0.35789693063872163,0.961725254213733,0.6827223356407702,2.7505034517825186,2.935000481171413,1.0,1.0,1.0,58.70000962342826,58.70000962342826
steady,4000.0,20.0,7,2,4019.7215777262177,1.6539591038790764,1.6539591038790764,0.0,0.05,33.07918207758153,2.7505034517825186,0.35789693063872163,0.961725254213733,0.6827223356407702,1.9230010981346395,1.4828787228850029,0.8600926465842683,1.0,1.0,28.45116125994999,33.07918207758153
steady,4000.0,20.0,7,3,4040.023201856148,1.2164085658664927,1.2164085658664927,0.0,0.05,24.328171317329854,2.7505034517825186,0.35789693063872163,0.961725254213733,0.6827223356407702,1.3444568560822963,0.7492091810177229,0.9047583493389798,1.0,1.0,22.01111612350327,24.328171317329854
steady,4000.0,20.0,7,4,4060.3248259860784,0.9550603637351004,0.9550603637351004,0.0,0.05,19.101207274702006,2.7505034517825186,0.35789693063872163,0.961725254213733,0.6827223356407702,0.9399704657579636,0.37853021171494483,1.0,1.0,1.0,19.101207274702006,19.101207274702006
steady,4000.0,20.0,7,5,4080.626450116009,0.7542822912121137,0.7542822912121137,0.0,0.05,15.085645824242272,2.7505034517825186,0.35789693063872163,0.961725254213733,0.6827223356407702,0.6571757751095584,0.1912484854848188,1.0,1.0,1.0,15.085645824242272,15.085645824242272
steady,4000.0,20.0,7,6,4099.477958236658,0.591200824812305,0.591200824812305,0.0,0.05,11.824016496246099,2.7505034517825186,0.35789693063872163,0.961725254213733,0.6827223356407702,0.45946124386216103,0.09662632484347318,1.0,1.0,1.0,11.824016496246099,11.824016496246099
steady,4000.0,20.0,7,7,4119.779582366589,0.4567541243707221,0.45675412437072216,0.0,0.05,9.135082487414442,2.7505034517825186,0.35789693063872163,0.961725254213733,0.6827223356407702,0.3212300918672341,0.04881945406829141,1.0,1.0,1.0,9.135082487414442,9.135082487414442
steady,4000.0,20.0,8,1,3999.419953596288,3.146802930039906,3.146802930039906,0.0,0.05,62.93605860079812,2.9701843586418626,0.36268435994853426,0.9756416072135423,0.6827223356407702,2.9701843586418626,3.146802930039906,1.0,1.0,1.0,62.93605860079812,62.93605860079812
steady,4000.0,20.0,8,2,4019.7215777262177,1.81232477246938,1.8123247724693796,0.0,0.05,36.2464954493876,2.9701843586418626,0.36268435994853426,0.9756416072135423,0.6827223356407702,2.066672166432426,1.58988972574408,0.8769290078541528,1.0,1.0,31.785603292621534,36.2464954493876
steady,4000.0,20.0,8,3,4040.023201856148,1.325895082394029,1.325895082394029,0.0,0.05,26.517901647880578,2.9701843586418626,0.36268435994853426,0.9756416072135423,0.6827223356407702,1.43800294115733,0.8032753865506699,0.9220392006478967,1.0,1.0,24.45054483827135,26.517901647880578
steady,4000.0,20.0,8,4,4060.3248259860784,1.0051161797351504,1.0051161797351504,0.0,0.05,20.10232359470301,2.9701843586418626,0.36268435994853426,0.9756416072135423,0.6827223356407702,1.0005711076792327,0.40584660444682463,1.0,1.0,1.0,20.10232359470301,20.10232359470301
steady,4000.0,20.0,8,5,4080.626450116009,0.7617806951336249,0.7617806951336249,0.0,0.05,15.235613902672497,2.9701843586418626,0.36268435994853426,0.9756416072135423,0.6827223356407702,0.6962034032536187,0.20504981118405957,1.0,1.0,1.0,15.235613902672497,15.235613902672497
steady,4000.0,20.0,8,6,4099.477958236658,0.5823302192531168,0.5823302192531168,0.0,0.05,11.646604385062336,2.9701843586418626,0.36268435994853426,0.9756416072135423,0.6827223356407702,0.48442252128002466,0.10359930231257461,1.0,1.0,1.0,11.646604385062336,11.646604385062336
steady,4000.0,20.0,8,7,4119.779582366589,0.4493473300540159,0.44934733005401595,0.0,0.05,8.986946601080318,2.9701843586418626,0.36268435994853426,0.9756416072135423,0.6827223356407702,0.33706410802736364,0.05234247901851565,1.0,1.0,1.0,8.986946601080318,8.986946601080318
steady,4000.0,20.0,8,8,4140.081206496519,0.3487857667723193,0.3487857667723193,0.0,0.05,6.975715335446386,2.9701843586418626,0.36268435994853426,0.9756416072135423,0.6827223356407702,0.234531236533092,0.026445497688175144,1.0,1.0,1.0,6.975715335446386,6.975715335446386
steady,4000.0,30.0,1,1,3999.419953596288,4.524517081596384,,,0.05,90.49034163192768,,,,0.7386326693705875,,,1.0,1.0,1.0,90.49034163192768,90.49034163192768
steady,4000.0,30.0,2,1,3999.419953596288,3.0368273238505235,3.0368273238505235,0.0,0.05,60.736546477010464,3.0368273238505235,0.7863846465768963,1.0,0.7386326693705875,3.0368273238505235,3.0368273238505235,1.0,1.0,1.0,60.736546477010464,60.736546477010464
steady,4000.0,30.0,2,2,4029.872389791183,1.3832401479751146,1.3832401479751146,0.0,0.05,27.664802959502293,3.0368273238505235,0.7863846465768963,1.0,0.7386326693705875,1.3832401479751146,1.4508950728430323,1.0,0.9533702153007194,1.0,27.664802959502293,26.37479915375268
steady,4000.0,30.0,3,1,3999.419953596288,2.9292102519339824,2.9292102519339824,0.0,0.05,58.58420503867965,2.898115466776139,0.6098011437178608,0.9879859676496742,0.7386326693705875,2.898115466776139,2.9292102519339824,1.0,1.0,1.0,58.58420503867965,58.58420503867965
steady,4000.0,30.0,3,2,4029.872389791183,1.4605738964487462,1.4605738964487462,0.0,0.05,29.211477928974922,2.898115466776139,0.6098011437178608,0.9879859676496742,0.7386326693705875,1.5750067263941918,1.3994792158493836,0.9273445452468465,1.0,1.0,27.089104716033543,29.211477928974922
steady,4000.0,30.0,3,3,4060.3248259860784,0.9612333709545112,0.9612333709545113,0.0,0.05,19.224667419090224,2.898115466776139,0.6098011437178608,0.9879859676496742,0.7386326693705875,0.8559514679884088,0.6686246145360503,1.0,1.0,1.0,19.224667419090224,19.224667419090224
steady,4000.0,30.0,4,1,3999.419953596288,3.129656641725955,3.129656641725955,0.0,0.05,62.593132834519096,3.0656335341424796,0.5678880301253556,0.9835265692102589,0.7386326693705875,3.0656335341424796,3.129656641725955,1.0,1.0,1.0,62.593132834519096,62.593132834519096
steady,4000.0,30.0,4,2,4029.872389791183,1.5512496452600797,1.5512496452600795,0.0,0.05,31.024992905201593,3.0656335341424796,0.5678880301253556,0.9835265692102589,0.7386326693705875,1.737359127480028,1.4952458328823188,0.8928779437272173,1.0,1.0,27.701531869347903,31.024992905201593
steady,4000.0,30.0,4,3,4060.3248259860784,1.043368670344542,1.043368670344542,0.0,0.05,20.867373406890838,3.0656335341424796,0.5678880301253556,0.9835265692102589,0.7386326693705875,0.984598029810656,0.7143787184011835,1.0,1.0,1.0,20.867373406890838,20.867373406890838
steady,4000.0,30.0,4,4,4089.3271461716936,0.6820123460427445,0.6820123460427445,0.0,0.05,13.64024692085489,3.0656335341424796,0.5678880301253556,0.9835265692102589,0.7386326693705875,0.5579924524373672,0.34130638727196017,1.0,1.0,1.0,13.64024692085489,13.64024692085489
steady,4000.0,30.0,5,1,3999.419953596288,3.0097810634938287,3.0097810634938287,0.0,0.05,60.19562126987657,2.930908641720313,0.5367944840505716,0.9845028960587129,0.7386326693705875,2.930908641720313,3.0097810634938287,1.0,1.0,1.0,60.19562126987657,60.19562126987657
steady,4000.0,30.0,5,2,4029.872389791183,1.512468911995935,1.512468911995935,0.0,0.05,30.2493782399187,2.930908641720313,0.5367944840505716,0.9845028960587129,0.7386326693705875,1.7134656364409206,1.4379732693601124,0.8826957949022656,1.0,1.0,26.70099897078433,30.2493782399187
steady,4000.0,30.0,5,3,4060.3248259860784,1.0275838855113766,1.0275838855113766,0.0,0.05,20.55167771022753,2.930908641720313,0.5367944840505716,0.9845028960587129,0.7386326693705875,1.0017250095999612,0.6870157927679613,1.0,1.0,1.0,20.55167771022753,20.55167771022753
steady,4000.0,30.0,5,4,4089.3271461716936,0.6824952711646036,0.6824952711646036,0.0,0.05,13.649905423292072,2.930908641720313,0.5367944840505716,0.9845028960587129,0.7386326693705875,0.5856277321921307,0.3282332916540394,1.0,1.0,1.0,13.649905423292072,13.649905423292072
steady,4000.0,30.0,5,5,4119.779582366589,0.4317502843585266,0.43175028435852664,0.0,0.05,8.635005687170532,2.930908641720313,0.5367944840505716,0.9845028960587129,0.7386326693705875,0.3423692504687079,0.15681894780901165,1.0,1.0,1.0,8.635005687170532,8.635005687170532
steady,4000.0,30.0,6,1,3999.419953596288,2.8805204611986563,2.8805204611986563,0.0,0.05,57.61040922397312,2.8077148340216427,0.4918858962797076,0.99031102345291,0.7386326693705875,2.8077148340216427,2.8805204611986563,1.0,1.0,1.0,57.61040922397312,57.61040922397312
steady,4000.0,30.0,6,2,4029.872389791183,1.5438310575637093,1.5438310575637093,0.0,0.05,30.876621151274186,2.8077148340216427,0.4918858962797076,0.99031102345291,0.7386326693705875,1.7168393786879272,1.3762168535409234,0.8992285922190127,1.0,1.0,27.76514057034008,30.876621151274186
steady,4000.0,30.0,6,3,4060.3248259860784,1.0665035378211478,1.0665035378211478,0.0,0.05,21.330070756422955,2.8077148340216427,0.4918858962797076,0.99031102345291,0.7386326693705875,1.0497994370716166,0.6575106316661781,1.0,1.0,1.0,21.330070756422955,21.330070756422955
steady,4000.0,30.0,6,4,4089.3271461716936,0.7126634322394293,0.7126634322394293,0.0,0.05,14.253268644788585,2.8077148340216427,0.4918858962797076,0.99031102345291,0.7386326693705875,0.6419231011104446,0.31413670719241843,1.0,1.0,1.0,14.253268644788585,14.253268644788585
steady,4000.0,30.0,6,5,4119.779582366589,0.4500851282372084,0.4500851282372084,0.0,0.05,9.001702564744168,2.8077148340216427,0.4918858962797076,0.99031102345291,0.7386326693705875,0.3925180879203874,0.1500840686874195,1.0,1.0,1.0,9.001702564744168,9.001702564744168
steady,4000.0,30.0,6,6,4150.232018561484,0.2694627806579466,0.2694627806579466,0.0,0.05,5.389255613158932,2.8077148340216427,0.4918858962797076,0.99031102345291,0.7386326693705875,0.24001387249992231,0.07170517535212037,1.0,1.0,1.0,5.389255613158932,5.389255613158932
steady,4000.0,30.0,7,1,3999.419953596288,2.987766423391832,2.987766423391832,0.0,0.05,59.755328467836634,2.934879456259886,0.46759440685756454,0.9955145573908282,0.7386326693705875,2.934879456259886,2.987766423391832,1.0,1.0,1.0,59.755328467836634,59.755328467836634
steady,4000.0,30.0,7,2,4029.872389791183,1.7046386948900425,1.7046386948900423,0.0,0.05,34.092773897800846,2.934879456259886,0.46759440685756454,0.9955145573908282,0.7386326693705875,1.8387242237089398,1.4274554066540102,0.9270768682492093,1.0,1.0,31.606622055101596,34.092773897800846
steady,4000.0,30.0,7,3,4060.3248259860784,1.1884339224457428,1.1884339224457428,0.0,0.05,23.768678448914855,2.934879456259886,0.46759440685756454,0.9955145573908282,0.7386326693705875,1.1519746624151168,0.681990707852111,1.0,1.0,1.0,23.768678448914855,23.768678448914855
steady,4000.0,30.0,7,4,4089.3271461716936,0.7777493825907547,0.7777493825907547,0.0,0.05,15.554987651815093,2.934879456259886,0.46759440685756454,0.9955145573908282,0.7386326693705875,0.7217208571765064,0.3258324732447198,1.0,1.0,1.0,15.554987651815093,15.554987651815093
steady,4000.0,30.0,7,5,4119.779582366589,0.4703125829375774,0.47031258293757744,0.0,0.05,9.406251658751547,2.934879456259886,0.46759440685756454,0.9955145573908282,0.7386326693705875,0.45216358716741495,0.15567191663818566,1.0,1.0,1.0,9.406251658751547,9.406251658751547
steady,4000.0,30.0,7,6,4150.232018561484,0.2681307340267872,0.2681307340267872,0.0,0.05,5.362614680535744,2.934879456259886,0.46759440685756454,0.9955145573908282,0.7386326693705875,0.2832839144485235,0.07437486321875975,0.9465088568433707,1.0,1.0,5.075762290965365,5.362614680535744
steady,4000.0,30.0,7,7,4180.684454756381,0.2055316282020382,0.20553162820203827,0.0,0.05,4.110632564040764,2.934879456259886,0.46759440685756454,0.9955145573908282,0.7386326693705875,0.17747951949869342,0.03553383550654079,1.0,1.0,1.0,4.110632564040764,4.110632564040764
steady,4000.0,30.0,8,1,3999.419953596288,3.0868582898085783,3.0868582898085783,0.0,0.05,61.73716579617157,3.024950430133514,0.45752855239528134,0.9952016720932132,0.7386326693705875,3.024950430133514,3.0868582898085783,1.0,1.0,1.0,61.73716579617157,61.73716579617157
steady,4000.0,30.0,8,2,4029.872389791183,1.7651546571514514,1.7651546571514514,0.0,0.05,35.303093143029024,3.024950430133514,0.45752855239528134,0.9952016720932132,0.7386326693705875,1.914327052428389,1.4747982040576448,0.922075804608357,1.0,1.0,32.55212801502226,35.303093143029024
steady,4000.0,30.0,8,3,4060.3248259860784,1.2447498352292532,1.2447498352292532,0.0,0.05,24.89499670458506,3.024950430133514,0.45752855239528134,0.9952016720932132,0.7386326693705875,1.211473757438536,0.704609521555501,1.0,1.0,1.0,24.89499670458506,24.89499670458506
steady,4000.0,30.0,8,4,4089.3271461716936,0.8256162220610643,0.8256162220610643,0.0,0.05,16.512324441221285,3.024950430133514,0.45752855239528134,0.9952016720932132,0.7386326693705875,0.7666760301487968,0.3366389899992491,1.0,1.0,1.0,16.512324441221285,16.512324441221285
steady,4000.0,30.0,8,5,4119.779582366589,0.5051659087482951,0.5051659087482951,0.0,0.05,10.103318174965903,3.024950430133514,0.45752855239528134,0.9952016720932132,0.7386326693705875,0.4851876745952049,0.16083491085606633,1.0,1.0,1.0,10.103318174965903,10.103318174965903
steady,4000.0,30.0,8,6,4150.232018561484,0.287044390571859,0.287044390571859,0.0,0.05,5.7408878114371795,3.024950430133514,0.45752855239528134,0.9952016720932132,0.7386326693705875,0.3070489624325604,0.07684157010492607,0.9348489188752911,1.0,1.0,5.366862763906383,5.7408878114371795
steady,4000.0,30.0,8,7,4180.684454756381,0.211817265840899,0.211817265840899,0.0,0.05,4.23634531681798,3.024950430133514,0.45752855239528134,0.9952016720932132,0.7386326693705875,0.19431463383642125,0.0367123459997712,1.0,1.0,1.0,4.23634531681798,4.23634531681798
steady,4000.0,30.0,8,8,4209.686774941995,0.170491183469022,0.170491183469022,0.0,0.05,3.40982366938044,3.024950430133514,0.45752855239528134,0.9952016720932132,0.7386326693705875,0.12297119203350367,0.017539937653102616,1.0,1.0,1.0,3.40982366938044,3.40982366938044
steady,4000.0,40.0,1,1,3999.419953596288,4.524517081596384,,,0.05,90.49034163192768,,,,0.7296689100340923,,,1.0,1.0,1.0,90.49034163192768,90.49034163192768
steady,4000.0,40.0,2,1,3999.419953596288,3.0328312478561603,3.0328312478561603,0.0,0.05,60.656624957123206,3.0328312478561603,0.7965771766116729,1.0,0.7296689100340923,3.0328312478561603,3.0328312478561603,1.0,1.0,1.0,60.656624957123206,60.656624957123206
steady,4000.0,40.0,2,2,4040.023201856148,1.3674113294485968,1.3674113294485968,0.0,0.05,27.348226588971933,3.0328312478561603,0.7965771766116729,1.0,0.7296689100340923,1.3674113294485968,1.4620326279757445,1.0,0.9352809939281892,1.0,27.348226588971933,25.578276546307002
steady,4000.0,40.0,3,1,3999.419953596288,2.974945340910537,2.9749453409105375,0.0,0.05,59.49890681821074,2.9423501576369433,0.6313554240336438,0.9868604112639151,0.7296689100340923,2.9423501576369433,2.974945340910537,1.0,1.0,1.0,59.49890681821074,59.49890681821074
steady,4000.0,40.0,3,2,4040.023201856148,1.4423809125922569,1.4423809125922569,0.0,0.05,28.847618251845137,2.9423501576369433,0.6313554240336438,0.9868604112639151,0.7296689100340923,1.5649489620225074,1.4341276514907215,0.9216792033448514,1.0,1.0,26.588249808757023,28.847618251845137
steady,4000.0,40.0,3,3,4080.626450116009,0.947573552544034,0.947573552544034,0.0,0.05,18.951471050880677,2.9423501576369433,0.6313554240336438,0.9868604112639151,0.7296689100340923,0.8323500339953469,0.6913478686437965,1.0,1.0,1.0,18.951471050880677,18.951471050880677
steady,4000.0,40.0,4,1,3999.419953596288,3.364163418402016,3.364163418402016,0.0,0.05,67.28326836804032,3.2892850120871713,0.6123532470096981,0.9787119106941975,0.7296689100340923,3.2892850120871713,3.364163418402016,1.0,1.0,1.0,67.28326836804032,67.28326836804032
steady,4000.0,40.0,4,2,4040.023201856148,1.552634822592253,1.552634822592253,0.0,0.05,31.05269645184506,3.2892850120871713,0.6123532470096981,0.9787119106941975,0.7296689100340923,1.7830350072571075,1.6217574542015654,0.8707820184533082,0.9573779473433386,1.0,27.04012969475552,29.729166788543196
steady,4000.0,40.0,4,3,4080.626450116009,1.0521417263405817,1.0521417263405817,0.0,0.05,21.04283452681163,3.2892850120871713,0.6123532470096981,0.9787119106941975,0.7296689100340923,0.9665364434585821,0.7817982996520555,1.0,1.0,1.0,21.04283452681163,21.04283452681163
steady,4000.0,40.0,4,4,4119.779582366589,0.6800119750072359,0.6800119750072359,0.0,0.05,13.600239500144717,3.2892850120871713,0.6123532470096981,0.9787119106941975,0.7296689100340923,0.5239340185309427,0.3768803897002956,1.0,1.0,1.0,13.600239500144717,13.600239500144717
steady,4000.0,40.0,5,1,3999.419953596288,3.004435974591578,3.004435974591578,0.0,0.05,60.08871949183156,2.929592178529652,0.5359180769981935,0.9860320262590526,0.7296689100340923,2.929592178529652,3.004435974591578,1.0,1.0,1.0,60.08871949183156,60.08871949183156
steady,4000.0,40.0,5,2,4040.023201856148,1.5213018049850473,1.5213018049850473,0.0,0.05,30.426036099700944,2.929592178529652,0.5359180769981935,0.9860320262590526,0.7296689100340923,1.7141976835095487,1.4483441591489832,0.8874716257172991,1.0,1.0,27.00224372153483,30.426036099700944
steady,4000.0,40.0,5,3,4080.626450116009,1.0334576055795714,1.0334576055795714,0.0,0.05,20.669152111591426,2.929592178529652,0.5359180769981935,0.9860320262590526,0.7296689100340923,1.0030316573361104,0.698201200185714,1.0,1.0,1.0,20.669152111591426,20.669152111591426
steady,4000.0,40.0,5,4,4119.779582366589,0.6787503082029456,0.6787503082029456,0.0,0.05,13.57500616405891,2.929592178529652,0.5359180769981935,0.9860320262590526,0.7296689100340923,0.5869057666433488,0.33658085535913473,1.0,1.0,1.0,13.57500616405891,13.57500616405891
steady,4000.0,40.0,5,5,4160.3828306264495,0.4219735516213649,0.4219735516213649,0.0,0.05,8.439471032427297,2.929592178529652,0.5359180769981935,0.9860320262590526,0.7296689100340923,0.3434172554773024,0.1622550522172602,1.0,1.0,1.0,8.439471032427297,8.439471032427297
steady,4000.0,40.0,6,1,3999.419953596288,2.941008296011382,2.941008296011382,0.0,0.05,58.82016592022764,2.8925766077624138,0.48829030371504106,0.995046914137069,0.7296689100340923,2.8925766077624138,2.941008296011382,1.0,1.0,1.0,58.82016592022764,58.82016592022764
steady,4000.0,40.0,6,2,4040.023201856148,1.6456144537421504,1.6456144537421504,0.0,0.05,32.91228907484301,2.8925766077624138,0.48829030371504106,0.995046914137069,0.7296689100340923,1.775101067930143,1.4177676687271847,0.9270539483484281,1.0,1.0,30.511467536018046,32.91228907484301
steady,4000.0,40.0,6,3,4080.626450116009,1.130183588022841,1.130183588022841,0.0,0.05,22.60367176045682,2.8925766077624138,0.48829030371504106,0.995046914137069,0.7296689100340923,1.089334606700085,0.6834612351193236,1.0,1.0,1.0,22.60367176045682,22.60367176045682
steady,4000.0,40.0,6,4,4119.779582366589,0.7259401435728696,0.7259401435728696,0.0,0.05,14.518802871457392,2.8925766077624138,0.48829030371504106,0.995046914137069,0.7296689100340923,0.6684970826692825,0.3294751814521151,1.0,1.0,1.0,14.518802871457392,14.518802871457392
steady,4000.0,40.0,6,5,4160.3828306264495,0.4313269912015616,0.43132699120156165,0.0,0.05,8.626539824031232,2.8925766077624138,0.48829030371504106,0.995046914137069,0.7296689100340923,0.4102397434073062,0.15882963014566878,1.0,1.0,1.0,8.626539824031232,8.626539824031232
steady,4000.0,40.0,6,6,4199.53596287703,0.2446432450879985,0.24464324508799856,0.0,0.05,4.89286490175997,2.8925766077624138,0.48829030371504106,0.995046914137069,0.7296689100340923,0.2517537494687194,0.07656677295396325,0.9717561132824184,1.0,1.0,4.7546713797502305,4.89286490175997
steady,4000.0,40.0,7,1,3999.419953596288,2.9906062127362643,2.9906062127362643,0.0,0.05,59.81212425472528,2.9419103862257376,0.47649975803075134,0.9963295570564872,0.7296689100340923,2.9419103862257376,2.9906062127362643,1.0,1.0,1.0,59.81212425472528,59.81212425472528
steady,4000.0,40.0,7,2,4040.023201856148,1.7018941223848645,1.7018941223848643,0.0,0.05,34.037882447697285,2.9419103862257376,0.47649975803075134,0.9963295570564872,0.7296689100340923,1.826788310712229,1.4416772656039183,0.9316318220370752,1.0,1.0,31.710774443032,34.037882447697285
steady,4000.0,40.0,7,3,4080.626450116009,1.1696957100958478,1.1696957100958478,0.0,0.05,23.393914201916957,2.9419103862257376,0.47649975803075134,0.9963295570564872,0.7296689100340923,1.1343498251271253,0.6949873003365167,1.0,1.0,1.0,23.393914201916957,23.393914201916957
steady,4000.0,40.0,7,4,4119.779582366589,0.7526676999094719,0.7526676999094719,0.0,0.05,15.053353998189438,2.9419103862257376,0.47649975803075134,0.9963295570564872,0.7296689100340923,0.7043780158984383,0.33503153524912394,1.0,1.0,1.0,15.053353998189438,15.053353998189438
steady,4000.0,40.0,7,5,4160.3828306264495,0.458488360197966,0.45848836019796607,0.0,0.05,9.169767203959319,2.9419103862257376,0.47649975803075134,0.9963295570564872,0.7296689100340923,0.43738569733143645,0.16150817368466266,1.0,1.0,1.0,9.169767203959319,9.169767203959319
steady,4000.0,40.0,7,6,4199.53596287703,0.2728614523893621,0.27286145238936216,0.0,0.05,5.457229047787242,2.9419103862257376,0.47649975803075134,0.9963295570564872,0.7296689100340923,0.2715959952073386,0.07785801461214349,1.0,1.0,1.0,5.457229047787242,5.457229047787242
steady,4000.0,40.0,7,7,4240.1392111368905,0.1758467704764071,0.17584677047640718,0.0,0.05,3.5169354095281418,2.9419103862257376,0.47649975803075134,0.9963295570564872,0.7296689100340923,0.16864836930588623,0.037532901902415636,1.0,1.0,1.0,3.5169354095281418,3.5169354095281418
steady,4000.0,40.0,8,1,3999.419953596288,3.174276354853475,3.174276354853475,0.0,0.05,63.48552709706949,3.101006666886099,0.47696034657943287,0.9937864283515042,0.7296689100340923,3.101006666886099,3.174276354853475,1.0,1.0,1.0,63.48552709706949,63.48552709706949
steady,4000.0,40.0,8,2,4040.023201856148,1.744598752413735,1.744598752413735,0.0,0.05,34.891975048274695,3.101006666886099,0.47696034657943287,0.9937864283515042,0.7296689100340923,1.9246929402374544,1.530218868685238,0.9064296522013009,1.0,1.0,31.627120807624102,34.891975048274695
steady,4000.0,40.0,8,3,4080.626450116009,1.228924651856084,1.228924651856084,0.0,0.05,24.578493037121678,3.101006666886099,0.47696034657943287,0.9937864283515042,0.7296689100340923,1.1945936633279617,0.7376704244733024,1.0,1.0,1.0,24.578493037121678,24.578493037121678
steady,4000.0,40.0,8,4,4119.779582366589,0.817614189953192,0.817614189953192,0.0,0.05,16.35228379906384,3.101006666886099,0.47696034657943287,0.9937864283515042,0.7296689100340923,0.7414450329345833,0.3556077279390508,1.0,1.0,1.0,16.35228379906384,16.35228379906384
steady,4000.0,40.0,8,5,4160.3828306264495,0.5021795927445751,0.5021795927445751,0.0,0.05,10.043591854891503,3.101006666886099,0.47696034657943287,0.9937864283515042,0.7296689100340923,0.46019056834092753,0.17142730950649718,1.0,1.0,1.0,10.043591854891503,10.043591854891503
steady,4000.0,40.0,8,6,4199.53596287703,0.285366801685133,0.28536680168513306,0.0,0.05,5.70733603370266,3.101006666886099,0.47696034657943287,0.9937864283515042,0.7296689100340923,0.285625164082299,0.08263971825064836,0.9990954494573471,1.0,1.0,5.702173459796271,5.70733603370266
steady,4000.0,40.0,8,7,4240.1392111368905,0.1801418052364959,0.18014180523649592,0.0,0.05,3.6028361047299176,3.101006666886099,0.47696034657943287,0.9937864283515042,0.7296689100340923,0.1772781538117078,0.03983801094590305,1.0,1.0,1.0,3.6028361047299176,3.6028361047299176
steady,4000.0,40.0,8,8,4279.29234338747,0.129775894701962,0.12977589470196205,0.0,0.05,2.5955178940392396,3.101006666886099,0.47696034657943287,0.9937864283515042,0.7296689100340923,0.11003072477826964,0.01920465303756575,1.0,1.0,1.0,2.5955178940392396,2.5955178940392396
steady,4000.0,50.0,1,1,3999.419953596288,4.524517081596384,,,0.05,90.49034163192768,,,,0.6953855273318986,,,1.0,1.0,1.0,90.49034163192768,90.49034163192768
steady,4000.0,50.0,2,1,3999.419953596288,3.028575014037906,3.028575014037906,0.0,0.05,60.571500280758116,3.028575014037906,0.8025140393946261,1.0,0.6953855273318986,3.028575014037906,3.028575014037906,1.0,1.0,1.0,60.571500280758116,60.571500280758116
steady,4000.0,50.0,2,2,4050.174013921113,1.3574095993227446,1.3574095993227446,0.0,0.05,27.14819198645489,3.028575014037906,0.8025140393946261,1.0,0.6953855273318986,1.3574095993227446,1.510901797075858,1.0,0.8984102090220712,1.0,27.14819198645489,24.390212837122256
steady,4000.0,50.0,3,1,3999.419953596288,2.972258766248404,2.972258766248404,0.0,0.05,59.445175324968076,2.9753884087785285,0.886962474916067,0.9998211822100462,0.6953855273318986,2.9753884087785285,2.972258766248404,0.9989481566437205,1.0,1.0,59.38264831223964,59.445175324968076
steady,4000.0,50.0,3,2,4050.174013921113,1.2407733982899758,1.2407733982899758,0.0,0.05,24.815467965799513,2.9753884087785285,0.886962474916067,0.9998211822100462,0.6953855273318986,1.2255774407453648,1.482806630340568,1.0,0.836773570404792,1.0,24.815467965799513,20.764927731007802
steady,4000.0,50.0,3,3,4099.477958236658,0.4863755412449531,0.4863755412449531,0.0,0.05,9.727510824899062,2.9753884087785285,0.886962474916067,0.9998211822100462,0.6953855273318986,0.5048215079524973,0.7397456533561434,0.9634604183519061,0.6574902319984194,1.0,9.372071648879945,6.3957433490300195
steady,4000.0,50.0,4,1,3999.419953596288,3.266487517681423,3.266487517681423,0.0,0.05,65.32975035362846,3.251970639644475,0.7943910591924032,0.9957436900595517,0.6953855273318986,3.251970639644475,3.266487517681423,1.0,1.0,1.0,65.32975035362846,65.32975035362846
steady,4000.0,50.0,4,2,4050.174013921113,1.4321607999590935,1.4321607999590935,0.0,0.05,28.64321599918187,3.251970639644475,0.7943910591924032,0.9957436900595517,0.6953855273318986,1.4694234368946704,1.6295920813302165,0.9746413212148543,0.8788461949263019,1.0,27.91686188528507,25.17298139133316
steady,4000.0,50.0,4,3,4099.477958236658,0.6155992499729129,0.6155992499729129,0.0,0.05,12.311984999458257,3.251970639644475,0.7943910591924032,0.9957436900595517,0.6953855273318986,0.6639682445384569,0.8129742841996501,0.9271516447308912,0.7572186008059932,1.0,11.415077142149784,9.32286405443416
steady,4000.0,50.0,4,4,4150.232018561484,0.4322155598219815,0.4322155598219815,0.0,0.05,8.644311196439629,3.251970639644475,0.7943910591924032,0.9957436900595517,0.6953855273318986,0.3000182375525027,0.40557830044831,1.0,1.0,1.0,8.644311196439629,8.644311196439629
steady,4000.0,50.0,5,1,3999.419953596288,2.8345454217072947,2.8345454217072947,0.0,0.05,56.69090843414589,2.8170193540472543,0.6839846926987773,0.9940257091999924,0.6953855273318986,2.8170193540472543,2.8345454217072947,1.0,1.0,1.0,56.69090843414589,56.69090843414589
steady,4000.0,50.0,5,2,4050.174013921113,1.399110782587105,1.399110782587105,0.0,0.05,27.9822156517421,2.8170193540472543,0.6839846926987773,0.9940257091999924,0.6953855273318986,1.421474433854808,1.4141039108160238,0.98426728561902,0.9893974352844644,1.0,27.54197944514625,27.68553239941043
steady,4000.0,50.0,5,3,4099.477958236658,0.6261906320287016,0.6261906320287016,0.0,0.05,12.523812640574032,2.8170193540472543,0.6839846926987773,0.9940257091999924,0.6953855273318986,0.7172792629911597,0.70547109785975,0.8730081355166952,0.8876205331847491,1.0,10.933390322907956,11.116393253532223
steady,4000.0,50.0,5,4,4150.232018561484,0.4408392238041002,0.4408392238041002,0.0,0.05,8.816784476082002,2.8170193540472543,0.6839846926987773,0.9940257091999924,0.6953855273318986,0.3619407629597171,0.351946887430814,1.0,1.0,1.0,8.816784476082002,8.816784476082002
steady,4000.0,50.0,5,5,4199.53596287703,0.2877495290836153,0.2877495290836153,0.0,0.05,5.754990581672305,2.8170193540472543,0.6839846926987773,0.9940257091999924,0.6953855273318986,0.1826361399959735,0.17557999462773616,1.0,1.0,1.0,5.754990581672305,5.754990581672305
steady,4000.0,50.0,6,1,3999.419953596288,2.8433543824860577,2.8433543824860577,0.0,0.05,56.86708764972115,2.82566705002483,0.641273637352919,0.9908190179919163,0.6953855273318986,2.82566705002483,2.8433543824860577,1.0,1.0,1.0,56.86708764972115,56.86708764972115
steady,4000.0,50.0,6,2,4050.174013921113,1.4907717310206037,1.4907717310206035,0.0,0.05,29.815434620412073,2.82566705002483,0.641273637352919,0.9908190179919163,0.6953855273318986,1.488056376722068,1.4184985434763715,1.0,1.0,1.0,29.815434620412073,29.815434620412073
steady,4000.0,50.0,6,3,4099.477958236658,0.6442501866382156,0.6442501866382156,0.0,0.05,12.885003732764313,2.82566705002483,0.641273637352919,0.9908190179919163,0.6953855273318986,0.7836421422275325,0.7076635013343976,0.8221229460770322,0.9103905817148866,1.0,10.593057228993754,11.730386043669789
steady,4000.0,50.0,6,4,4150.232018561484,0.4640577999401207,0.46405779994012075,0.0,0.05,9.281155998802413,2.82566705002483,0.641273637352919,0.9908190179919163,0.6953855273318986,0.41268262189615523,0.35304063823256276,1.0,1.0,1.0,9.281155998802413,9.281155998802413
steady,4000.0,50.0,6,5,4199.53596287703,0.3058683958758851,0.3058683958758851,0.0,0.05,6.117367917517702,2.82566705002483,0.641273637352919,0.9908190179919163,0.6953855273318986,0.2173274473613442,0.17612564730077732,1.0,1.0,1.0,6.117367917517702,6.117367917517702
steady,4000.0,50.0,6,6,4250.290023201856,0.2435044944811555,0.24350449448115555,0.0,0.05,4.8700898896231095,2.82566705002483,0.641273637352919,0.9908190179919163,0.6953855273318986,0.11444925681528406,0.08786592895485157,1.0,1.0,1.0,4.8700898896231095,4.8700898896231095
steady,4000.0,50.0,7,1,3999.419953596288,2.9425236577142577,2.9425236577142577,0.0,0.05,58.850473154285154,2.9084644502290207,0.6327274747349667,0.9895317043039102,0.6953855273318986,2.9084644502290207,2.9425236577142577,1.0,1.0,1.0,58.850473154285154,58.850473154285154
steady,4000.0,50.0,7,2,4050.174013921113,1.5092947485591373,1.5092947485591373,0.0,0.05,30.185894971182744,2.9084644502290207,0.6327274747349667,0.9895317043039102,0.6953855273318986,1.5448051514691121,1.4679723175986863,0.9770130214310818,1.0,1.0,29.49201245039655,30.185894971182744
steady,4000.0,50.0,7,3,4099.477958236658,0.6860387088041641,0.6860387088041641,0.0,0.05,13.72077417608328,2.9084644502290207,0.6327274747349667,0.9895317043039102,0.6953855273318986,0.8205095839550637,0.7323450805863735,0.8361129744484933,0.9367697373687103,1.0,11.472117308101065,12.853206021424917
steady,4000.0,50.0,7,4,4150.232018561484,0.4839116385929856,0.4839116385929856,0.0,0.05,9.678232771859712,2.9084644502290207,0.6327274747349667,0.9895317043039102,0.6953855273318986,0.4358064036243427,0.3653538357837639,1.0,1.0,1.0,9.678232771859712,9.678232771859712
steady,4000.0,50.0,7,5,4199.53596287703,0.3222583305565687,0.3222583305565687,0.0,0.05,6.445166611131374,2.9084644502290207,0.6327274747349667,0.9895317043039102,0.6953855273318986,0.23147471419466698,0.1822684808847656,1.0,1.0,1.0,6.445166611131374,6.445166611131374
steady,4000.0,50.0,7,6,4250.290023201856,0.2558806231303817,0.25588062313038173,0.0,0.05,5.117612462607633,2.9084644502290207,0.6327274747349667,0.9895317043039102,0.6953855273318986,0.12294574578506702,0.09093047853944697,1.0,1.0,1.0,5.117612462607633,5.117612462607633
steady,4000.0,50.0,7,7,4299.593967517401,0.184882828815898,0.184882828815898,0.0,0.05,3.6976565763179594,2.9084644502290207,0.6327274747349667,0.9895317043039102,0.6953855273318986,0.06530154474641356,0.04536358610812291,1.0,1.0,1.0,3.6976565763179594,3.6976565763179594
steady,4000.0,50.0,8,1,3999.419953596288,3.2972114245348187,3.2972114245348187,0.0,0.05,65.94422849069637,3.2569569521105137,0.6705044470097941,0.986341098705681,0.6953855273318986,3.2569569521105137,3.2972114245348187,1.0,1.0,1.0,65.94422849069637,65.94422849069637
steady,4000.0,50.0,8,2,4050.174013921113,1.623123062637872,1.623123062637872,0.0,0.05,32.46246125275744,3.2569569521105137,0.6705044470097941,0.986341098705681,0.6953855273318986,1.6657723040411876,1.6449196878325547,0.9743967159858237,0.9867491249840877,1.0,31.6313156375039,32.03230523598826
steady,4000.0,50.0,8,3,4099.477958236658,0.6730757398555307,0.6730757398555307,0.0,0.05,13.461514797110613,3.2569569521105137,0.6705044470097941,0.986341098705681,0.6953855273318986,0.85196009947648,0.820620952385814,0.7900319982932631,0.8202029669102148,1.0,10.635027435215628,11.041174375695883
steady,4000.0,50.0,8,4,4150.232018561484,0.522266197429361,0.522266197429361,0.0,0.05,10.44532394858722,3.2569569521105137,0.6705044470097941,0.986341098705681,0.6953855273318986,0.43573542994987075,0.40939308616455156,1.0,1.0,1.0,10.44532394858722,10.44532394858722
steady,4000.0,50.0,8,5,4199.53596287703,0.3358173950167008,0.3358173950167008,0.0,0.05,6.716347900334016,3.2569569521105137,0.6705044470097941,0.986341098705681,0.6953855273318986,0.22285710918887974,0.2042388736383832,1.0,1.0,1.0,6.716347900334016,6.716347900334016
steady,4000.0,50.0,8,6,4250.290023201856,0.273515151728668,0.273515151728668,0.0,0.05,5.4703030345733605,3.2569569521105137,0.6705044470097941,0.986341098705681,0.6953855273318986,0.11398038282482109,0.10189111373588056,1.0,1.0,1.0,5.4703030345733605,5.4703030345733605
steady,4000.0,50.0,8,7,4299.593967517401,0.1924540009829424,0.1924540009829424,0.0,0.05,3.849080019658848,3.2569569521105137,0.6705044470097941,0.986341098705681,0.6953855273318986,0.058295325269978035,0.050831650573630364,1.0,1.0,1.0,3.849080019658848,3.849080019658848
steady,4000.0,50.0,8,8,4350.348027842227,0.145729192948759,0.14572919294875908,0.0,0.05,2.91458385897518,3.2569569521105137,0.6705044470097941,0.986341098705681,0.6953855273318986,0.029815174016001797,0.025358999477986505,1.0,1.0,1.0,2.91458385897518,2.91458385897518
steady,4000.0,60.0,1,1,3999.419953596288,4.524517081596384,,,0.05,90.49034163192768,,,,0.6656134607617791,,,1.0,1.0,1.0,90.49034163192768,90.49034163192768
steady,4000.0,60.0,2,1,3999.419953596288,3.01504291523888,3.0150429152388796,0.0,0.05,60.3008583047776,3.01504291523888,0.7914050319550002,1.0,0.6656134607617791,3.01504291523888,3.01504291523888,1.0,1.0,1.0,60.3008583047776,60.3008583047776
steady,4000.0,60.0,2,2,4060.3248259860784,1.3664402929709805,1.3664402929709805,0.0,0.05,27.328805859419607,3.01504291523888,0.7914050319550002,1.0,0.6656134607617791,1.3664402929709802,1.5496058421819852,1.0,0.8817986198651064,1.0,27.328805859419607,24.098503289397645
steady,4000.0,60.0,3,1,3999.419953596288,3.0412291489354684,3.0412291489354684,0.0,0.05,60.824582978709365,3.0417612569361143,0.9217898736699357,0.9999946201565401,0.6656134607617791,3.0417612569361143,3.0412291489354684,0.9998250658234822,1.0,1.0,60.81394268037395,60.824582978709365
steady,4000.0,60.0,3,2,4060.3248259860784,1.2127072464505768,1.2127072464505768,0.0,0.05,24.254144929011535,3.0417612569361143,0.9217898736699357,0.9999946201565401,0.6656134607617791,1.2100320354270806,1.563064470089363,1.0,0.7758523526423989,1.0,24.254144929011535,18.81763540450331
steady,4000.0,60.0,3,3,4119.779582366589,0.4779960104288409,0.47799601042884093,0.0,0.05,9.559920208576816,3.0417612569361143,0.9217898736699357,0.9999946201565401,0.6656134607617791,0.48135846408755667,0.8033497043492865,0.9930146576624771,0.5950036551217975,1.0,9.493140893200504,5.6881874667759424
steady,4000.0,60.0,4,1,3999.419953596288,3.109599447110253,3.109599447110253,0.0,0.05,62.19198894220506,3.0973745617247594,0.7735091894235142,0.9955726913356372,0.6656134607617791,3.0973745617247594,3.109599447110253,1.0,1.0,1.0,62.19198894220506,62.19198894220506
steady,4000.0,60.0,4,2,4060.3248259860784,1.4027851594168463,1.4027851594168463,0.0,0.05,28.055703188336924,3.0973745617247594,0.7735091894235142,0.9955726913356372,0.6656134607617791,1.4291011034852872,1.5982039412218914,0.9815856666793822,0.8777260043197994,1.0,27.53907611828257,24.625220257881224
steady,4000.0,60.0,4,3,4119.779582366589,0.6011702120415692,0.6011702120415692,0.0,0.05,12.023404240831383,3.0973745617247594,0.7735091894235142,0.9955726913356372,0.6656134607617791,0.6593745519901224,0.8214099214967553,0.9117279552677897,0.7318760052789841,1.0,10.962073763851269,8.799641065634068
steady,4000.0,60.0,4,4,4180.684454756381,0.4295347959548524,0.42953479595485244,0.0,0.05,8.590695919097048,3.0973745617247594,0.7735091894235142,0.9955726913356372,0.6656134607617791,0.30422955993235695,0.4221703136443647,1.0,1.0,1.0,8.590695919097048,8.590695919097048
steady,4000.0,60.0,5,1,3999.419953596288,2.7970275762551164,2.7970275762551164,0.0,0.05,55.94055152510233,2.7872618596183236,0.6662469794179,0.994665304313691,0.6656134607617791,2.7872618596183236,2.7970275762551164,1.0,1.0,1.0,55.94055152510233,55.94055152510233
steady,4000.0,60.0,5,2,4060.3248259860784,1.4354046435465988,1.4354046435465988,0.0,0.05,28.708092870931974,2.7872618596183236,0.6662469794179,0.994665304313691,0.6656134607617791,1.431628664185963,1.4375550845403615,1.0,0.9985040983702894,1.0,28.708092870931974,28.665148388020466
steady,4000.0,60.0,5,3,4119.779582366589,0.6336213544234705,0.6336213544234705,0.0,0.05,12.672427088469409,2.7872618596183236,0.6662469794179,0.994665304313691,0.6656134607617791,0.735331208672135,0.7388431342728223,0.861681575527941,0.8575857648688685,1.0,10.919596939355278,10.867693077410006
steady,4000.0,60.0,5,4,4180.684454756381,0.4425195192540282,0.4425195192540282,0.0,0.05,8.850390385080564,2.7872618596183236,0.6662469794179,0.994665304313691,0.6656134607617791,0.3776901091559778,0.3797344414364674,1.0,1.0,1.0,8.850390385080564,8.850390385080564
steady,4000.0,60.0,5,5,4240.1392111368905,0.2851287267689423,0.28512872676894235,0.0,0.05,5.7025745353788455,2.7872618596183236,0.6662469794179,0.994665304313691,0.6656134607617791,0.193993967442035,0.19516760638912536,1.0,1.0,1.0,5.7025745353788455,5.7025745353788455
steady,4000.0,60.0,6,1,3999.419953596288,2.7953624374927832,2.7953624374927832,0.0,0.05,55.90724874985566,2.7725366217182086,0.6470505613680518,0.9921362192793218,0.6656134607617791,2.7725366217182086,2.7953624374927832,1.0,1.0,1.0,55.90724874985566,55.90724874985566
steady,4000.0,60.0,6,2,4060.3248259860784,1.4317763960766068,1.4317763960766068,0.0,0.05,28.635527921532134,2.7725366217182086,0.6470505613680518,0.9921362192793218,0.6656134607617791,1.4516663270728565,1.4366992729228507,0.986298551791612,0.9965734813547802,1.0,28.24317971879541,28.537407751193292
steady,4000.0,60.0,6,3,4119.779582366589,0.6432120613799026,0.6432120613799026,0.0,0.05,12.864241227598052,2.7725366217182086,0.6470505613680518,0.9921362192793218,0.6656134607617791,0.76007476642499,0.7384032829275565,0.8462484084365136,0.8710850510167721,1.0,10.886343664598234,11.205848226034313
steady,4000.0,60.0,6,4,4180.684454756381,0.4566461927140305,0.45664619271403056,0.0,0.05,9.132923854280609,2.7725366217182086,0.6470505613680518,0.9921362192793218,0.6656134607617791,0.3979658684519507,0.3795083762581342,1.0,1.0,1.0,9.132923854280609,9.132923854280609
steady,4000.0,60.0,6,5,4240.1392111368905,0.2987635657718042,0.2987635657718042,0.0,0.05,5.975271315436084,2.7725366217182086,0.6470505613680518,0.9921362192793218,0.6656134607617791,0.20837007022038168,0.19505141835104192,1.0,1.0,1.0,5.975271315436084,5.975271315436084
steady,4000.0,60.0,6,6,4299.593967517401,0.2211482219974777,0.22114822199747777,0.0,0.05,4.422964439949554,2.7725366217182086,0.6470505613680518,0.9921362192793218,0.6656134607617791,0.10910002491555121,0.10024826375604334,1.0,1.0,1.0,4.422964439949554,4.422964439949554
steady,4000.0,60.0,7,1,3999.419953596288,3.055248226438917,3.055248226438917,0.0,0.05,61.10496452877834,3.0222044973477,0.652064174693277,0.9909946092543359,0.6656134607617791,3.0222044973477,3.055248226438917,1.0,1.0,1.0,61.10496452877834,61.10496452877834
steady,4000.0,60.0,7,2,4060.3248259860784,1.5353735592636866,1.5353735592636866,0.0,0.05,30.70747118527373,3.0222044973477,0.652064174693277,0.9909946092543359,0.6656134607617791,1.5744757447752042,1.5702696890570755,0.9751649489417187,0.9777769831280743,1.0,29.94484957051675,30.025058535029217
steady,4000.0,60.0,7,3,4119.779582366589,0.6897917473774728,0.6897917473774728,0.0,0.05,13.795834947549457,3.0222044973477,0.652064174693277,0.9909946092543359,0.6656134607617791,0.8202535179406267,0.8070528852725615,0.8409494531755276,0.8547045180868331,1.0,11.601599855241549,11.791362460450749
steady,4000.0,60.0,7,4,4180.684454756381,0.4884978275943848,0.4884978275943848,0.0,0.05,9.769956551887695,3.0222044973477,0.652064174693277,0.9909946092543359,0.6656134607617791,0.4273268965410675,0.41479139804187604,1.0,1.0,1.0,9.769956551887695,9.769956551887695
steady,4000.0,60.0,7,5,4240.1392111368905,0.3207642287527931,0.32076422875279315,0.0,0.05,6.415284575055861,3.0222044973477,0.652064174693277,0.9909946092543359,0.6656134607617791,0.22262419180582924,0.213185414523892,1.0,1.0,1.0,6.415284575055861,6.415284575055861
steady,4000.0,60.0,7,6,4299.593967517401,0.2416178909216928,0.2416178909216928,0.0,0.05,4.832357818433856,3.0222044973477,0.652064174693277,0.9909946092543359,0.6656134607617791,0.11598036814056614,0.1095683786603872,1.0,1.0,1.0,4.832357818433856,4.832357818433856
steady,4000.0,60.0,7,7,4360.498839907193,0.1622464505296315,0.1622464505296315,0.0,0.05,3.24492901059263,3.0222044973477,0.652064174693277,0.9909946092543359,0.6656134607617791,0.06042221056440028,0.05631355986091883,1.0,1.0,1.0,3.24492901059263,3.24492901059263
steady,4000.0,60.0,8,1,3999.419953596288,2.9573565506808235,2.9573565506808235,0.0,0.05,59.147131013616466,2.9123306408043015,0.631756562850578,0.9887548945273291,0.6656134607617791,2.9123306408043015,2.9573565506808235,1.0,1.0,1.0,59.147131013616466,59.147131013616466
steady,4000.0,60.0,8,2,4060.3248259860784,1.4851406342197608,1.4851406342197608,0.0,0.05,29.702812684395216,2.9123306408043015,0.631756562850578,0.9887548945273291,0.6656134607617791,1.548361237141422,1.5199574656757682,0.9591693453664736,0.9770935488378762,1.0,28.490027398034346,29.022426656262407
steady,4000.0,60.0,8,3,4119.779582366589,0.6914877605291796,0.6914877605291796,0.0,0.05,13.829755210583592,2.9123306408043015,0.631756562850578,0.9887548945273291,0.6656134607617791,0.8231972314860566,0.7811945086336134,0.8400025341203933,0.8851672059736572,1.0,11.61702942315493,12.241645779051904
steady,4000.0,60.0,8,4,4180.684454756381,0.4966490351074252,0.49664903510742525,0.0,0.05,9.932980702148503,2.9123306408043015,0.631756562850578,0.9887548945273291,0.6656134607617791,0.43765864558673,0.4015012749373161,1.0,1.0,1.0,9.932980702148503,9.932980702148503
steady,4000.0,60.0,8,5,4240.1392111368905,0.3345850895390552,0.3345850895390552,0.0,0.05,6.691701790781104,2.9123306408043015,0.631756562850578,0.9887548945273291,0.6656134607617791,0.2326843224569996,0.2063548476015926,1.0,1.0,1.0,6.691701790781104,6.691701790781104
steady,4000.0,60.0,8,6,4299.593967517401,0.2460300870625543,0.24603008706255436,0.0,0.05,4.920601741251086,2.9123306408043015,0.631756562850578,0.9887548945273291,0.6656134607617791,0.12370827004842923,0.10605775320470556,1.0,1.0,1.0,4.920601741251086,4.920601741251086
steady,4000.0,60.0,8,7,4360.498839907193,0.1701705676858055,0.17017056768580557,0.0,0.05,3.4034113537161095,2.9123306408043015,0.631756562850578,0.9887548945273291,0.6656134607617791,0.065770379012979,0.05450924533911175,1.0,1.0,1.0,3.4034113537161095,3.4034113537161095
steady,4000.0,60.0,8,8,4419.953596287703,0.1394604079904221,0.13946040799042214,0.0,0.05,2.7892081598084415,2.9123306408043015,0.631756562850578,0.9887548945273291,0.6656134607617791,0.034967288394037614,0.028015470228796534,1.0,1.0,1.0,2.7892081598084415,2.7892081598084415
steady,4000.0,70.0,1,1,3999.419953596288,4.524517081596384,,,0.05,90.49034163192768,,,,0.4887470556694542,,,1.0,1.0,1.0,90.49034163192768,90.49034163192768
steady,4000.0,70.0,2,1,3999.419953596288,3.0854852818298006,3.0854852818298006,0.0,0.05,61.70970563659601,3.0854852818298006,0.8487472705787784,1.0,0.4887470556694542,3.0854852818298006,3.0854852818298006,1.0,1.0,1.0,61.70970563659601,61.70970563659601
steady,4000.0,70.0,2,2,4070.475638051044,1.320435594612539,1.320435594612539,0.0,0.05,26.40871189225078,3.0854852818298006,0.8487472705787784,1.0,0.4887470556694542,1.320435594612539,1.8926195845321776,1.0,0.6976761761338994,1.0,26.40871189225078,18.424729129607357
steady,4000.0,70.0,3,1,3999.419953596288,3.006945862303619,3.006945862303619,0.0,0.05,60.13891724607238,3.0065562745200665,0.9164182491587695,0.9999970789103705,0.4887470556694542,3.0065562745200665,3.006945862303619,1.0,1.0,1.0,60.13891724607238,60.13891724607238
steady,4000.0,70.0,3,2,4070.475638051044,1.200520977129381,1.200520977129381,0.0,0.05,24.01041954258762,3.0065562745200665,0.9164182491587695,0.9999970789103705,0.4887470556694542,1.2024691644284606,1.8444439395442072,0.9983798442765012,0.6508850452923225,1.0,23.97151892394209,15.628023011464808
steady,4000.0,70.0,3,3,4140.081206496519,0.4833618801083482,0.48336188010834824,0.0,0.05,9.667237602166963,3.0065562745200665,0.9164182491587695,0.9999970789103705,0.4887470556694542,0.4809263354407338,1.1313716980308737,1.0,0.42723525871261264,1.0,9.667237602166963,4.1301847579981
steady,4000.0,70.0,4,1,3999.419953596288,3.025455293870975,3.025455293870975,0.0,0.05,60.5091058774195,3.0335829234981238,0.764038881624507,0.998984204417427,0.4887470556694542,3.0335829234981238,3.025455293870975,0.9973207821140501,1.0,1.0,60.34698879868988,60.5091058774195
steady,4000.0,70.0,4,2,4070.475638051044,1.4512975405986557,1.4512975405986557,0.0,0.05,29.02595081197311,3.0335829234981238,0.764038881624507,0.998984204417427,0.4887470556694542,1.4129864615674146,1.855797522362843,1.0,0.7820344208407128,1.0,29.02595081197311,22.69929263259241
steady,4000.0,70.0,4,3,4140.081206496519,0.6060286729226649,0.6060286729226649,0.0,0.05,12.120573458453299,3.0335829234981238,0.764038881624507,0.998984204417427,0.4887470556694542,0.6581427938256383,1.1383359228559602,0.9208163921387856,0.5323812248691979,1.0,11.16082272266609,6.452765743928458
steady,4000.0,70.0,4,4,4209.686774941995,0.3222783583491783,0.3222783583491783,0.0,0.05,6.445567166983565,3.0335829234981238,0.764038881624507,0.998984204417427,0.4887470556694542,0.30655066332633135,0.6982489510032742,1.0,0.46155222701890897,1.0,6.445567166983565,2.9749658803212244
steady,4000.0,70.0,5,1,3999.419953596288,2.6465368467123214,2.6465368467123214,0.0,0.05,52.930736934246426,2.6505631887540475,0.7127832362629463,0.9986441715462786,0.4887470556694542,2.6505631887540475,2.6465368467123214,0.9984809484796253,1.0,1.0,52.85033241783191,52.930736934246426
steady,4000.0,70.0,5,2,4070.475638051044,1.3270923106580508,1.3270923106580508,0.0,0.05,26.541846213161016,2.6505631887540475,0.7127832362629463,0.9986441715462786,0.4887470556694542,1.2995121245395347,1.6233710453168415,1.0,0.8174916723360897,1.0,26.541846213161016,21.697738247684306
steady,4000.0,70.0,5,3,4140.081206496519,0.5860807748578002,0.5860807748578002,0.0,0.05,11.721615497156003,2.6505631887540475,0.7127832362629463,0.9986441715462786,0.4887470556694542,0.6371218648890536,0.9957668090081029,0.9198880263822973,0.5885723138749758,1.0,10.782573745690986,6.899018355513883
steady,4000.0,70.0,5,4,4209.686774941995,0.3130222704686451,0.3130222704686451,0.0,0.05,6.260445409372902,2.6505631887540475,0.7127832362629463,0.9986441715462786,0.4887470556694542,0.31236666673159313,0.6107978461132731,1.0,0.5124809664286124,1.0,6.260445409372902,3.208359113668995
steady,4000.0,70.0,5,5,4279.29234338747,0.1998069556391641,0.19980695563916415,0.0,0.05,3.9961391127832817,2.6505631887540475,0.7127832362629463,0.9986441715462786,0.4887470556694542,0.15314642278364946,0.37466001622231004,1.0,0.5333020524949897,1.0,3.9961391127832817,2.1311491909028315
steady,4000.0,70.0,6,1,3999.419953596288,2.8254954576716798,2.8254954576716793,0.0,0.05,56.50990915343359,2.822997721412107,0.722203681371156,0.9977228595167023,0.4887470556694542,2.822997721412107,2.8254954576716798,1.0,1.0,1.0,56.50990915343359,56.50990915343359
steady,4000.0,70.0,6,2,4070.475638051044,1.385844740129942,1.3858447401299419,0.0,0.05,27.71689480259884,2.822997721412107,0.722203681371156,0.9977228595167023,0.4887470556694542,1.3710757637843176,1.73314326621089,1.0,0.799613492518576,1.0,27.71689480259884,22.162803054876026
steady,4000.0,70.0,6,3,4140.081206496519,0.6023443459501122,0.6023443459501122,0.0,0.05,12.046886919002244,2.822997721412107,0.722203681371156,0.9977228595167023,0.4887470556694542,0.6659051602409445,1.0631004813886307,0.9045497495952215,0.5665921109953078,1.0,10.897008545985429,6.825671090359241
steady,4000.0,70.0,6,4,4209.686774941995,0.3271781884258792,0.32717818842587926,0.0,0.05,6.543563768517584,2.822997721412107,0.722203681371156,0.9977228595167023,0.4887470556694542,0.3234173443571082,0.6520999478592538,1.0,0.5017301251134217,1.0,6.543563768517584,3.2831030682659805
steady,4000.0,70.0,6,5,4279.29234338747,0.2098602507366136,0.2098602507366136,0.0,0.05,4.197205014732272,2.822997721412107,0.722203681371156,0.9977228595167023,0.4887470556694542,0.1570775913392192,0.3999944967032627,1.0,0.5246578452110534,1.0,4.197205014732272,2.2020965389384615
steady,4000.0,70.0,6,6,4350.348027842227,0.148615182126848,0.148615182126848,0.0,0.05,2.9723036425369598,2.822997721412107,0.722203681371156,0.9977228595167023,0.4887470556694542,0.07628956866854711,0.24535440911801626,1.0,0.6057163702950356,1.0,2.9723036425369598,1.8003729737722
steady,4000.0,70.0,7,1,3999.419953596288,3.1060572995016464,3.1060572995016464,0.0,0.05,62.12114599003293,3.1020636146598983,0.7244487150219623,0.9959058523730234,0.4887470556694542,3.1020636146598983,3.1060572995016464,1.0,1.0,1.0,62.12114599003293,62.12114599003293
steady,4000.0,70.0,7,2,4070.475638051044,1.5270844323315305,1.5270844323315305,0.0,0.05,30.541688646630607,3.1020636146598983,0.7244487150219623,0.9959058523730234,0.4887470556694542,1.5032341050370284,1.9052383462447557,1.0,0.8015188416406952,1.0,30.541688646630607,24.479738905798136
steady,4000.0,70.0,7,3,4140.081206496519,0.6272353919656088,0.6272353919656088,0.0,0.05,12.544707839312176,3.1020636146598983,0.7244487150219623,0.9959058523730234,0.4887470556694542,0.7284546854124473,1.1686626504230488,0.8610492931491976,0.5367121057035179,1.0,10.801611817802948,6.732896559872667
steady,4000.0,70.0,7,4,4209.686774941995,0.3652325745867459,0.36523257458674596,0.0,0.05,7.3046514917349175,3.1020636146598983,0.7244487150219623,0.9959058523730234,0.4887470556694542,0.35300305316468084,0.716851197744249,1.0,0.5094956606559928,1.0,7.3046514917349175,3.7216882376432654
steady,4000.0,70.0,7,5,4279.29234338747,0.2331878578358873,0.23318785783588739,0.0,0.05,4.663757156717746,3.1020636146598983,0.7244487150219623,0.9959058523730234,0.4887470556694542,0.17106232966712584,0.4397125547918764,1.0,0.530318853293282,1.0,4.663757156717746,2.473278347388892
steady,4000.0,70.0,7,6,4350.348027842227,0.1689791839743694,0.16897918397436948,0.0,0.05,3.379583679487388,3.1020636146598983,0.7244487150219623,0.9959058523730234,0.4887470556694542,0.08289537546150673,0.2697172459919351,1.0,0.6265049287186556,1.0,3.379583679487388,2.1173258322159776
steady,4000.0,70.0,7,7,4419.953596287703,0.1251093844438519,0.12510938444385197,0.0,0.05,2.502187688877038,3.1020636146598983,0.7244487150219623,0.9959058523730234,0.4887470556694542,0.040170406227226424,0.16544306500392425,1.0,0.7562080915321796,1.0,2.502187688877038,1.8921745768610199
steady,4000.0,70.0,8,1,3999.419953596288,2.8283882934004407,2.8283882934004407,0.0,0.05,56.56776586800881,2.825209173141399,0.6705822718174486,0.9965822167836678,0.4887470556694542,2.825209173141399,2.8283882934004407,1.0,1.0,1.0,56.56776586800881,56.56776586800881
steady,4000.0,70.0,8,2,4070.475638051044,1.4657870833768698,1.4657870833768698,0.0,0.05,29.315741667537395,2.825209173141399,0.6705822718174486,0.9965822167836678,0.4887470556694542,1.4448422320477583,1.7349177156264584,1.0,0.8448741229480105,1.0,29.315741667537395,24.7681115299311
steady,4000.0,70.0,8,3,4140.081206496519,0.6723568219789886,0.6723568219789886,0.0,0.05,13.447136439579772,2.825209173141399,0.6705822718174486,0.9965822167836678,0.4887470556694542,0.7389077932192695,1.0641889188332827,0.9099333207052371,0.6318021265586218,1.0,12.235997514443222,8.495929398650434
steady,4000.0,70.0,8,4,4209.686774941995,0.355004657107344,0.355004657107344,0.0,0.05,7.10009314214688,2.825209173141399,0.6705822718174486,0.9965822167836678,0.4887470556694542,0.3778853599166691,0.6527675893600634,0.9394506767492377,0.5438454097504605,1.0,6.670187307372508,3.8613530641573046
steady,4000.0,70.0,8,5,4279.29234338747,0.227297071566173,0.22729707156617307,0.0,0.05,4.54594143132346,2.825209173141399,0.6705822718174486,0.9965822167836678,0.4887470556694542,0.19325462060321744,0.4004040243024769,1.0,0.5676692984345885,1.0,4.54594143132346,2.5805913830441174
steady,4000.0,70.0,8,6,4350.348027842227,0.162082496963787,0.16208249696378701,0.0,0.05,3.2416499392757396,2.825209173141399,0.6705822718174486,0.9965822167836678,0.4887470556694542,0.09883248293273204,0.24560561107942042,1.0,0.6599299431777846,1.0,3.2416499392757396,2.139261860228508
steady,4000.0,70.0,8,7,4419.953596287703,0.1253099341359859,0.12530993413598598,0.0,0.05,2.506198682719718,2.825209173141399,0.6705822718174486,0.9965822167836678,0.4887470556694542,0.050543990369595074,0.1506531216782337,1.0,0.8317778798080534,1.0,2.506198682719718,2.084600626690343
steady,4000.0,70.0,8,8,4489.5591647331785,0.1020088543873853,0.10200885438738538,0.0,0.05,2.040177087747706,2.825209173141399,0.6705822718174486,0.9965822167836678,0.4887470556694542,0.02584873805326241,0.09240979052411577,1.0,1.0,1.0,2.040177087747706,2.040177087747706
steady,4000.0,80.0,1,1,3999.419953596288,4.524517081596384,,,0.05,90.49034163192768,,,,0.40543448826779266,,,1.0,1.0,1.0,90.49034163192768,90.49034163192768
steady,4000.0,80.0,2,1,3999.419953596288,3.082259926470387,3.082259926470387,0.0,0.05,61.64519852940774,3.082259926470387,0.8484203247790132,1.0,0.40543448826779266,3.082259926470387,3.082259926470387,1.0,1.0,1.0,61.64519852940774,61.64519852940774
steady,4000.0,80.0,2,2,4080.626450116009,1.3194866316173637,1.3194866316173635,0.0,0.05,26.389732632347272,3.082259926470387,0.8484203247790132,1.0,0.40543448826779266,1.3194866316173637,2.054902870814839,1.0,0.6421163016304231,1.0,26.389732632347272,16.94527751889852
steady,4000.0,80.0,3,1,3999.419953596288,3.019028336484824,3.0190283364848236,0.0,0.05,60.380566729696476,3.019406051105262,0.9150737391863507,0.9999972902702521,0.40543448826779266,3.019406051105262,3.019028336484824,0.999874904330837,1.0,1.0,60.37301338229698,60.380566729696476
steady,4000.0,80.0,3,2,4080.626450116009,1.211119429408404,1.211119429408404,0.0,0.05,24.22238858816808,3.019406051105262,0.9150737391863507,0.9999972902702521,0.40543448826779266,1.2092331532303906,2.0127471867105746,1.0,0.6017245670022434,1.0,24.22238858816808,14.57520628497552
steady,4000.0,80.0,3,3,4160.3828306264495,0.4819272932595931,0.48192729325959316,0.0,0.05,9.638545865191862,3.019406051105262,0.9150737391863507,0.9999972902702521,0.40543448826779266,0.48428227079171887,1.3418725451011335,0.9951371799585482,0.3591453562553301,1.0,9.591675351188155,3.46163898853767
steady,4000.0,80.0,4,1,3999.419953596288,2.852894001656314,2.852894001656314,0.0,0.05,57.057880033126274,2.862795361938561,0.746704792818637,0.9989779336717546,0.40543448826779266,2.862795361938561,2.852894001656314,0.9965413663813041,1.0,1.0,56.86053773103219,57.057880033126274
steady,4000.0,80.0,4,2,4080.626450116009,1.3989611414462353,1.3989611414462353,0.0,0.05,27.979222828924705,2.862795361938561,0.746704792818637,0.9989779336717546,0.40543448826779266,1.3567521979195498,1.9019875721017707,1.0,0.7355259108766565,1.0,27.979222828924705,20.579443356865788
steady,4000.0,80.0,4,3,4160.3828306264495,0.5971248692241802,0.5971248692241802,0.0,0.05,11.942497384483604,2.862795361938561,0.746704792818637,0.9989779336717546,0.40543448826779266,0.6429996887074162,1.2680305410328363,0.9286549895918994,0.4709073243124018,1.0,11.090459784288907,5.623809488935031
steady,4000.0,80.0,4,4,4240.1392111368905,0.3066241834307573,0.30662418343075737,0.0,0.05,6.132483668615146,2.862795361938561,0.746704792818637,0.9989779336717546,0.40543448826779266,0.304734055571694,0.8453795790133546,1.0,0.3627059264769791,1.0,6.132483668615146,2.22428817063
steady,4000.0,80.0,5,1,3999.419953596288,2.667834882047245,2.667834882047245,0.0,0.05,53.3566976409449,2.6711403633457134,0.7221065718703948,0.9987497444761725,0.40543448826779266,2.6711403633457134,2.667834882047245,0.9987625205534583,1.0,1.0,53.29066982427889,53.3566976409449
steady,4000.0,80.0,5,2,4080.626450116009,1.3223833181200566,1.3223833181200566,0.0,0.05,26.44766636240113,2.6711403633457134,0.7221065718703948,0.9987497444761725,0.40543448826779266,1.2974475505026803,1.7786110479840875,1.0,0.7434921309067948,1.0,26.44766636240113,19.663631821293574
steady,4000.0,80.0,5,3,4160.3828306264495,0.5803970977018508,0.5803970977018508,0.0,0.05,11.607941954037015,2.6711403633457134,0.7221065718703948,0.9987497444761725,0.40543448826779266,0.6302065475125069,1.1857770064028395,0.9209632936895699,0.4894656369350062,1.0,10.690488454947271,5.681688702037309
steady,4000.0,80.0,5,4,4240.1392111368905,0.3095052756699077,0.30950527566990776,0.0,0.05,6.190105513398154,2.6711403633457134,0.7221065718703948,0.9987497444761725,0.40543448826779266,0.30610893856461374,0.79054221017425,1.0,0.39151012012589065,1.0,6.190105513398154,2.4234889531424493
steady,4000.0,80.0,5,5,4319.895591647332,0.1946023071516845,0.1946023071516845,0.0,0.05,3.89204614303369,2.6711403633457134,0.7221065718703948,0.9987497444761725,0.40543448826779266,0.14868566922861887,0.5270442778807549,1.0,0.3692333174248289,1.0,3.89204614303369,1.4370731089628395
steady,4000.0,80.0,6,1,3999.419953596288,2.9218662076480046,2.9218662076480046,0.0,0.05,58.43732415296009,2.917959008991581,0.7362319442889597,0.9979429621459831,0.40543448826779266,2.917959008991581,2.9218662076480046,1.0,1.0,1.0,58.43732415296009,58.43732415296009
steady,4000.0,80.0,6,2,4080.626450116009,1.4061751459865253,1.4061751459865253,0.0,0.05,28.123502919730505,2.917959008991581,0.7362319442889597,0.9979429621459831,0.40543448826779266,1.3974546267451586,1.9479704507297455,1.0,0.7218667744470899,1.0,28.123502919730505,20.301422338819176
steady,4000.0,80.0,6,3,4160.3828306264495,0.6102267903290701,0.6102267903290701,0.0,0.05,12.204535806581402,2.917959008991581,0.7362319442889597,0.9979429621459831,0.40543448826779266,0.6692621204731546,1.2986867321247926,0.9117904206167418,0.4698798988503354,1.0,11.127978836514943,5.734666050311765
steady,4000.0,80.0,6,4,4240.1392111368905,0.3275528007095585,0.3275528007095585,0.0,0.05,6.55105601419117,2.917959008991581,0.7362319442889597,0.9979429621459831,0.40543448826779266,0.32051973447142545,0.8658176655426915,1.0,0.3783161440858908,1.0,6.55105601419117,2.4783702509794883
steady,4000.0,80.0,6,5,4319.895591647332,0.2073830329022614,0.20738303290226148,0.0,0.05,4.147660658045227,2.917959008991581,0.7362319442889597,0.9979429621459831,0.40543448826779266,0.15350174026434227,0.5772294514315265,1.0,0.35927313200660915,1.0,4.147660658045227,1.4901430351165024
steady,4000.0,80.0,6,6,4399.651972157772,0.1469343793929586,0.1469343793929586,0.0,0.05,2.9386875878591714,2.917959008991581,0.7362319442889597,0.9979429621459831,0.40543448826779266,0.07351430108676267,0.3848314175838586,1.0,0.38181492643058473,1.0,2.9386875878591714,1.122034785160922
steady,4000.0,80.0,7,1,3999.419953596288,2.977213298284565,2.977213298284565,0.0,0.05,59.544265965691295,2.9750390099818307,0.709821519367602,0.9970933112477585,0.40543448826779266,2.9750390099818307,2.977213298284565,1.0,1.0,1.0,59.544265965691295,59.544265965691295
steady,4000.0,80.0,7,2,4080.626450116009,1.4852766604451857,1.4852766604451857,0.0,0.05,29.705533208903713,2.9750390099818307,0.709821519367602,0.9970933112477585,0.40543448826779266,1.4629217463764776,1.9848696409841367,1.0,0.7482993491243872,1.0,29.705533208903713,22.228631165615518
steady,4000.0,80.0,7,3,4160.3828306264495,0.6436150823360766,0.6436150823360766,0.0,0.05,12.87230164672153,2.9750390099818307,0.709821519367602,0.9970933112477585,0.40543448826779266,0.719365369274359,1.3232869455374625,0.8946984520332226,0.4863760535887911,1.0,11.516828357426455,6.2607792755369145
steady,4000.0,80.0,7,4,4240.1392111368905,0.3458702316603761,0.34587023166037617,0.0,0.05,6.917404633207522,2.9750390099818307,0.709821519367602,0.9970933112477585,0.40543448826779266,0.3537349388598545,0.8822183099952315,0.9777666655580373,0.39204608172578687,1.0,6.763607662527037,2.711941382160813
steady,4000.0,80.0,7,5,4319.895591647332,0.2250812422678131,0.22508124226781312,0.0,0.05,4.501624845356262,2.9750390099818307,0.709821519367602,0.9970933112477585,0.40543448826779266,0.17394277277540482,0.588163549195089,1.0,0.3826847865289175,1.0,4.501624845356262,1.7227033429784324
steady,4000.0,80.0,7,6,4399.651972157772,0.1579735102508645,0.15797351025086454,0.0,0.05,3.15947020501729,2.9750390099818307,0.709821519367602,0.9970933112477585,0.40543448826779266,0.08553321958615799,0.39212103929653613,1.0,0.40286925316292255,1.0,3.15947020501729,1.2728534018858215
steady,4000.0,80.0,7,7,4479.408352668213,0.1136451402226839,0.11364514022268393,0.0,0.05,2.272902804453678,2.9750390099818307,0.709821519367602,0.9970933112477585,0.40543448826779266,0.042059417221204515,0.26142203077599274,1.0,0.4347190628324058,1.0,2.272902804453678,0.9880741770612499
steady,4000.0,80.0,8,1,3999.419953596288,2.7271799206765337,2.7271799206765337,0.0,0.05,54.543598413530674,2.7252057250936743,0.6643279152846276,0.9967321208197658,0.40543448826779266,2.7252057250936743,2.7271799206765337,1.0,1.0,1.0,54.543598413530674,54.543598413530674
steady,4000.0,80.0,8,2,4080.626450116009,1.4269018397632598,1.4269018397632598,0.0,0.05,28.538036795265196,2.7252057250936743,0.6643279152846276,0.9967321208197658,0.40543448826779266,1.4024434060782347,1.8181756185125668,1.0,0.7847986878905545,1.0,28.538036795265196,22.39661383189649
steady,4000.0,80.0,8,3,4160.3828306264495,0.6537459230722572,0.6537459230722572,0.0,0.05,13.074918461445144,2.7252057250936743,0.6643279152846276,0.9967321208197658,0.40543448826779266,0.7217244148365032,1.2121541944080798,0.9058110126707497,0.5393257112734696,1.0,11.843405132149107,7.051639699061521
steady,4000.0,80.0,8,4,4240.1392111368905,0.3494619828631932,0.34946198286319324,0.0,0.05,6.989239657263863,2.7252057250936743,0.6643279152846276,0.9967321208197658,0.40543448826779266,0.3714132981862624,0.8081275406295113,0.9408978746042079,0.43243419546247736,1.0,6.576160738619012,3.02238622808334
steady,4000.0,80.0,8,5,4319.895591647332,0.2236885543199689,0.22368855431996892,0.0,0.05,4.473771086399378,2.7252057250936743,0.6643279152846276,0.9967321208197658,0.40543448826779266,0.19113644381955358,0.5387681904964327,1.0,0.4151851543311372,1.0,4.473771086399378,1.857443338948905
steady,4000.0,80.0,8,6,4399.651972157772,0.1610057926216278,0.1610057926216278,0.0,0.05,3.220115852432556,2.7252057250936743,0.6643279152846276,0.9967321208197658,0.40543448826779266,0.09836249895840865,0.35918979182999555,1.0,0.448247128074931,1.0,3.220115852432556,1.4434076829214515
steady,4000.0,80.0,8,7,4479.408352668213,0.1190216267670257,0.11902162676702577,0.0,0.05,2.380432535340514,2.7252057250936743,0.6643279152846276,0.9967321208197658,0.40543448826779266,0.050619238320019216,0.23946719355497997,1.0,0.49702685783428274,1.0,2.380432535340514,1.183138903326791
steady,4000.0,80.0,8,8,4560.614849187935,0.0908093604217097,0.09080936042170976,0.0,0.05,1.816187208434194,2.7252057250936743,0.6643279152846276,0.9967321208197658,0.40543448826779266,0.026049635940851204,0.15964968407632077,1.0,0.5688038842488291,1.0,1.816187208434194,1.0330543386804072
steady,4000.0,90.0,1,1,3999.419953596288,4.524517081596384,,,0.05,90.49034163192768,,,,0.396741814895877,,,1.0,1.0,1.0,90.49034163192768,90.49034163192768
steady,4000.0,90.0,2,1,3999.419953596288,3.095087008395597,3.095087008395597,0.0,0.05,61.90174016791194,3.095087008395597,0.8571635264229849,1.0,0.396741814895877,3.095087008395597,3.095087008395597,1.0,1.0,1.0,61.90174016791194,61.90174016791194
steady,4000.0,90.0,2,2,4089.3271461716936,1.3134437331535789,1.3134437331535789,0.0,0.05,26.268874663071575,3.095087008395597,0.8571635264229849,1.0,0.396741814895877,1.3134437331535787,2.0814696431255464,1.0,0.6310174820427861,1.0,26.268874663071575,16.576119145988965
steady,4000.0,90.0,3,1,3999.419953596288,3.029447896345544,3.0294478963455442,0.0,0.05,60.58895792691087,3.03133800250641,0.9173000936949696,0.9999325494369463,0.396741814895877,3.03133800250641,3.029447896345544,0.9993764779251593,1.0,1.0,60.55117937415185,60.58895792691087
steady,4000.0,90.0,3,2,4089.3271461716936,1.2207720065346443,1.2207720065346443,0.0,0.05,24.415440130692886,3.03133800250641,0.9173000936949696,0.9999325494369463,0.396741814895877,1.2113119317287857,2.0373268391386805,1.0,0.5992028294540848,1.0,24.415440130692886,14.629800808677986
steady,4000.0,90.0,3,3,4180.684454756381,0.4721989232363385,0.47219892323633855,0.0,0.05,9.443978464726769,3.03133800250641,0.9173000936949696,0.9999325494369463,0.396741814895877,0.48403595862135146,1.3701178536464822,0.9755451321866094,0.34464109928909464,1.0,9.213027219739368,3.25478311974597
steady,4000.0,90.0,4,1,3999.419953596288,2.669887680949397,2.669887680949397,0.0,0.05,53.397753618987934,2.66664701314365,0.7151643870964678,0.995058243566526,0.396741814895877,2.66664701314365,2.669887680949397,1.0,1.0,1.0,53.397753618987934,53.397753618987934
steady,4000.0,90.0,4,2,4089.3271461716936,1.3140526140517303,1.3140526140517303,0.0,0.05,26.281052281034604,2.66664701314365,0.7151643870964678,0.995058243566526,0.396741814895877,1.3042882579915005,1.795519849159837,1.0,0.7318507866491168,1.0,26.281052281034604,19.23380878584174
steady,4000.0,90.0,4,3,4180.684454756381,0.5573771020895129,0.5573771020895129,0.0,0.05,11.147542041790256,2.66664701314365,0.7151643870964678,0.995058243566526,0.396741814895877,0.6379426491581407,1.2075008067682333,0.8737103606806256,0.46159563535305803,1.0,9.739722978035003,5.145656751405099
steady,4000.0,90.0,4,4,4270.591647331787,0.408232012408887,0.408232012408887,0.0,0.05,8.16464024817774,2.66664701314365,0.7151643870964678,0.995058243566526,0.396741814895877,0.3120252146113843,0.812053511426338,1.0,0.5027156544053908,1.0,8.16464024817774,4.104492465347265
steady,4000.0,90.0,5,1,3999.419953596288,2.7010621829098502,2.7010621829098502,0.0,0.05,54.021243658197,2.682523145003709,0.693842088666402,0.9912424366234238,0.396741814895877,2.682523145003709,2.7010621829098502,1.0,1.0,1.0,54.021243658197,54.021243658197
steady,4000.0,90.0,5,2,4089.3271461716936,1.3188700381081226,1.3188700381081226,0.0,0.05,26.377400762162452,2.682523145003709,0.693842088666402,0.9912424366234238,0.396741814895877,1.3403298427330228,1.8164849397353933,0.9839891615177783,0.7260561369147613,1.0,25.95507645897864,19.151473699228152
steady,4000.0,90.0,5,3,4180.684454756381,0.5641036872364329,0.5641036872364329,0.0,0.05,11.282073744728658,2.682523145003709,0.693842088666402,0.9912424366234238,0.396741814895877,0.6696993801029241,1.2215999902419215,0.842323741063845,0.46177446933731536,1.0,9.503158563618026,5.209773616496534
steady,4000.0,90.0,5,4,4270.591647331787,0.4206826918505016,0.4206826918505016,0.0,0.05,8.413653837010031,2.682523145003709,0.693842088666402,0.9912424366234238,0.396741814895877,0.33461708111767813,0.821535319955059,1.0,0.5120689051731999,1.0,8.413653837010031,4.308370508824019
steady,4000.0,90.0,5,5,4360.498839907193,0.2924981023771397,0.2924981023771397,0.0,0.05,5.849962047542793,2.682523145003709,0.693842088666402,0.9912424366234238,0.396741814895877,0.16719231688478892,0.5524887748239112,1.0,0.5294190863341331,1.0,5.849962047542793,3.0970815622994605
steady,4000.0,90.0,6,1,3999.419953596288,2.967641548425875,2.967641548425875,0.0,0.05,59.352830968517495,2.9396216398032253,0.6992730681524136,0.9910586397189783,0.396741814895877,2.9396216398032253,2.967641548425875,1.0,1.0,1.0,59.352830968517495,59.352830968517495
steady,4000.0,90.0,6,2,4089.3271461716936,1.4194172821138888,1.4194172821138888,0.0,0.05,28.388345642277777,2.9396216398032253,0.6992730681524136,0.9910586397189783,0.396741814895877,1.4608344462357064,1.9957615982914017,0.9716482834666572,0.7112158502944796,1.0,27.58348731377736,20.190241384426177
steady,4000.0,90.0,6,3,4180.684454756381,0.6088017129197323,0.6088017129197323,0.0,0.05,12.176034258394646,2.9396216398032253,0.6992730681524136,0.9910586397189783,0.396741814895877,0.7259564463716606,1.3421649118396344,0.8386201623562004,0.45359680285880816,1.0,10.211067826629575,5.52301021110713
steady,4000.0,90.0,6,4,4270.591647331787,0.4464218518971137,0.4464218518971137,0.0,0.05,8.928437037942274,2.9396216398032253,0.6992730681524136,0.9910586397189783,0.396741814895877,0.3607614561571859,0.9026161502033619,1.0,0.494586598961844,1.0,8.928437037942274,4.41588530864083
steady,4000.0,90.0,6,5,4360.498839907193,0.3104628522268088,0.3104628522268088,0.0,0.05,6.209257044536176,2.9396216398032253,0.6992730681524136,0.9910586397189783,0.396741814895877,0.17927911364261398,0.6070162521915805,1.0,0.5114572321678523,1.0,6.209257044536176,3.1757694218172112
steady,4000.0,90.0,6,6,4450.406032482599,0.1874560456764438,0.18745604567644386,0.0,0.05,3.749120913528876,2.9396216398032253,0.6992730681524136,0.9910586397189783,0.396741814895877,0.08909211347255809,0.40822306396987856,1.0,0.459200036013339,1.0,3.749120913528876,1.7215964585108223
steady,4000.0,90.0,7,1,3999.419953596288,2.9510404715260297,2.9510404715260297,0.0,0.05,59.02080943052059,2.926751022469037,0.6567428296022052,0.990241112176175,0.396741814895877,2.926751022469037,2.9510404715260297,1.0,1.0,1.0,59.02080943052059,59.02080943052059
steady,4000.0,90.0,7,2,4089.3271461716936,1.508136635391641,1.508136635391641,0.0,0.05,30.16273270783282,2.926751022469037,0.6567428296022052,0.990241112176175,0.396741814895877,1.5176303105531481,1.9845972473324498,0.9937444085720409,0.7599207534016122,1.0,29.97404697566188,22.921286563987767
steady,4000.0,90.0,7,3,4180.684454756381,0.6298380821438595,0.6298380821438595,0.0,0.05,12.596761642877189,2.926751022469037,0.6567428296022052,0.990241112176175,0.396741814895877,0.7869483061004077,1.3346568005835622,0.8003550897325367,0.471910143393021,1.0,10.081882295024348,5.944539593177881
steady,4000.0,90.0,7,4,4270.591647331787,0.4736438413354329,0.47364384133543297,0.0,0.05,9.472876826708658,2.926751022469037,0.6567428296022052,0.990241112176175,0.396741814895877,0.4080622482089079,0.8975668880616735,1.0,0.5276975428074036,1.0,9.472876826708658,4.998813824771354
steady,4000.0,90.0,7,5,4360.498839907193,0.3294919596303458,0.3294919596303458,0.0,0.05,6.589839192606915,2.926751022469037,0.6567428296022052,0.990241112176175,0.396741814895877,0.21159559925663354,0.603620584851826,1.0,0.5458593823655433,1.0,6.589839192606915,3.597125551564661
steady,4000.0,90.0,7,6,4450.406032482599,0.1997686962406286,0.19976869624062865,0.0,0.05,3.9953739248125717,2.926751022469037,0.6567428296022052,0.990241112176175,0.396741814895877,0.10972026405601827,0.40593945175908136,1.0,0.4921145145537324,1.0,3.9953739248125717,1.9661814994697793
steady,4000.0,90.0,7,7,4540.313225058005,0.1512533290849625,0.15125332908496258,0.0,0.05,3.02506658169925,2.926751022469037,0.6567428296022052,0.990241112176175,0.396741814895877,0.05689407713022162,0.2729973805232548,1.0,0.5540468146436235,1.0,3.02506658169925,1.676028503675344
steady,4000.0,90.0,8,1,3999.419953596288,2.746979651775611,2.746979651775611,0.0,0.05,54.93959303551222,2.721095537740244,0.6146343669134324,0.9909324734335959,0.396741814895877,2.721095537740244,2.746979651775611,1.0,1.0,1.0,54.93959303551222,54.93959303551222
steady,4000.0,90.0,8,2,4089.3271461716936,1.4630711013973563,1.4630711013973563,0.0,0.05,29.261422027947123,2.721095537740244,0.6146343669134324,0.9909324734335959,0.396741814895877,1.471673521918082,1.8473647881125113,0.9941546678712314,0.7919773673353407,1.0,29.090379297633707,23.17438398218191
steady,4000.0,90.0,8,3,4180.684454756381,0.6525844299868655,0.6525844299868655,0.0,0.05,13.051688599737309,2.721095537740244,0.6146343669134324,0.9909324734335959,0.396741814895877,0.7959378585117215,1.2423669240331008,0.8198936927150263,0.5252751158799189,1.0,10.700997162205233,6.855727241655632
steady,4000.0,90.0,8,4,4270.591647331787,0.4669289378554631,0.46692893785546313,0.0,0.05,9.33857875710926,2.721095537740244,0.6146343669134324,0.9909324734335959,0.396741814895877,0.4304739231745782,0.8355012414783911,1.0,0.558860854628113,1.0,9.33857875710926,5.218966105210022
steady,4000.0,90.0,8,5,4360.498839907193,0.3270624876023347,0.3270624876023347,0.0,0.05,6.541249752046694,2.721095537740244,0.6146343669134324,0.9909324734335959,0.396741814895877,0.23281691724000797,0.5618809636736064,1.0,0.5820850122132337,1.0,6.541249752046694,3.807563441809912
steady,4000.0,90.0,8,6,4450.406032482599,0.199072456140642,0.19907245614064203,0.0,0.05,3.98144912281284,2.721095537740244,0.6146343669134324,0.9909324734335959,0.396741814895877,0.12591637735779515,0.377869237848339,1.0,0.526828956160071,1.0,3.98144912281284,2.0975426853759185
steady,4000.0,90.0,8,7,4540.313225058005,0.1622456974976313,0.16224569749763135,0.0,0.05,3.244913949952626,2.721095537740244,0.6146343669134324,0.9909324734335959,0.396741814895877,0.06810043821070796,0.2541199473613555,1.0,0.6384610857286219,1.0,3.244913949952626,2.0717512835827048
steady,4000.0,90.0,8,8,4630.220417633411,0.1201693340778823,0.1201693340778823,0.0,0.05,2.4033866815576457,2.721095537740244,0.6146343669134324,0.9909324734335959,0.396741814895877,0.03683134618233478,0.1708976047234006,1.0,0.7031657013120665,1.0,2.4033866815576457,1.689979081461562
steady,4000.0,100.0,1,1,3999.419953596288,4.524517081596384,,,0.05,90.49034163192768,,,,0.39305674204113256,,,1.0,1.0,1.0,90.49034163192768,90.49034163192768
steady,4000.0,100.0,2,1,3999.419953596288,3.0945525337596025,3.0945525337596025,0.0,0.05,61.89105067519205,3.0945525337596025,0.8587324166463609,1.0,0.39305674204113256,3.0945525337596025,3.0945525337596025,1.0,1.0,1.0,61.89105067519205,61.89105067519205
steady,4000.0,100.0,2,2,4099.477958236658,1.311158243472461,1.3111582434724607,0.0,0.05,26.223164869449217,3.0945525337596025,0.8587324166463609,1.0,0.39305674204113256,1.311158243472461,2.0887933954398132,1.0,0.627710833601322,1.0,26.223164869449217,16.46056467986687
steady,4000.0,100.0,3,1,3999.419953596288,3.19089176954926,3.1908917695492596,0.0,0.05,63.817835390985195,3.1552418286284327,0.7065258291630854,0.9847765993095253,0.39305674204113256,3.1552418286284327,3.19089176954926,1.0,1.0,1.0,63.817835390985195,63.817835390985195
steady,4000.0,100.0,3,2,4099.477958236658,1.4121350840368256,1.4121350840368256,0.0,0.05,28.242701680736513,3.1552418286284327,0.7065258291630854,0.9847765993095253,0.39305674204113256,1.5566550387331652,2.1538214591885567,0.9071599351813022,0.6556416633386324,1.0,25.620647426041792,18.517091907134876
steady,4000.0,100.0,3,3,4199.53596287703,0.9144498962425744,0.9144498962425743,0.0,0.05,18.288997924851486,3.1552418286284327,0.7065258291630854,0.9847765993095253,0.39305674204113256,0.7679838951256214,1.4538089076949212,1.0,0.629002815571185,1.0,18.288997924851486,11.503831188707144
steady,4000.0,100.0,4,1,3999.419953596288,2.8037725206303388,2.8037725206303388,0.0,0.05,56.07545041260677,2.735168473146643,0.4878572184173448,0.9781905864880867,0.39305674204113256,2.735168473146643,2.8037725206303388,1.0,1.0,1.0,56.07545041260677,56.07545041260677
steady,4000.0,100.0,4,2,4099.477958236658,1.5071678206274617,1.5071678206274615,0.0,0.05,30.14335641254923,2.735168473146643,0.4878572184173448,0.9781905864880867,0.39305674204113256,1.6792307716083437,1.8925196646421663,0.8975346605779011,0.7963815905249438,1.0,27.054707166416073,24.005614123586223
steady,4000.0,100.0,4,3,4199.53596287703,1.0454359977892165,1.0454359977892165,0.0,0.05,20.908719955784328,2.735168473146643,0.4878572184173448,0.9781905864880867,0.39305674204113256,1.0309478235073133,1.277432692810643,1.0,0.8183883218841214,1.0,20.908719955784328,17.111452237359376
steady,4000.0,100.0,4,4,4299.593967517401,0.7693724374824434,0.7693724374824434,0.0,0.05,15.387448749648868,2.735168473146643,0.4878572184173448,0.9781905864880867,0.39305674204113256,0.6329406492333871,0.8622548632645222,1.0,0.8922796150659874,1.0,15.387448749648868,13.729906847184301
steady,4000.0,100.0,5,1,3999.419953596288,2.9740148573882528,2.9740148573882528,0.0,0.05,59.48029714776505,2.8622397317267936,0.4661082257206787,0.9701471188070252,0.39305674204113256,2.8622397317267936,2.9740148573882528,1.0,1.0,1.0,59.48029714776505,59.48029714776505
steady,4000.0,100.0,5,2,4099.477958236658,1.561373891764787,1.561373891764787,0.0,0.05,31.22747783529574,2.8622397317267936,0.4661082257206787,0.9701471188070252,0.39305674204113256,1.7958819092166025,2.007431615486364,0.8694190212350252,0.7777968025010379,1.0,27.14976321520127,24.28863241046506
steady,4000.0,100.0,5,3,4199.53596287703,1.0877963181248425,1.0877963181248425,0.0,0.05,21.755926362496847,2.8622397317267936,0.4661082257206787,0.9701471188070252,0.39305674204113256,1.1268070232208347,1.3549971617805245,0.9653794267411601,0.8028033923668381,1.0,21.0027237200501,17.465731487895592
steady,4000.0,100.0,5,4,4299.593967517401,0.8083586444254579,0.8083586444254579,0.0,0.05,16.167172888509157,2.8622397317267936,0.4661082257206787,0.9701471188070252,0.39305674204113256,0.7070030947266813,0.9146101387809632,1.0,0.8838286502081396,1.0,16.167172888509157,14.289010591732678
steady,4000.0,100.0,5,5,4399.651972157772,0.609336680019941,0.609336680019941,0.0,0.05,12.186733600398819,2.8622397317267936,0.4661082257206787,0.9701471188070252,0.39305674204113256,0.443601580086302,0.6173531056417273,1.0,0.9870148452343924,1.0,12.186733600398819,12.02848697851041
steady,4000.0,100.0,6,1,3999.419953596288,3.149930546374394,3.149930546374394,0.0,0.05,62.99861092748788,3.002517082403721,0.45361305850353467,0.9675436816863324,0.39305674204113256,3.002517082403721,3.149930546374394,1.0,1.0,1.0,62.99861092748788,62.99861092748788
steady,4000.0,100.0,6,2,4099.477958236658,1.6280910717443131,1.6280910717443131,0.0,0.05,32.56182143488626,3.002517082403721,0.45361305850353467,0.9675436816863324,0.39305674204113256,1.9075847362160847,2.1261730248823376,0.8534829624259944,0.7657378081139053,1.0,27.79095982023297,24.93381777374619
steady,4000.0,100.0,6,3,4199.53596287703,1.1384815444278658,1.1384815444278658,0.0,0.05,22.769630888557312,3.002517082403721,0.45361305850353467,0.9675436816863324,0.39305674204113256,1.2119429884913153,1.4351464786868349,0.9393853962100165,0.793285954664071,1.0,21.38945873380324,18.06282837677771
steady,4000.0,100.0,6,4,4299.593967517401,0.8453647367524657,0.8453647367524657,0.0,0.05,16.907294735049312,3.002517082403721,0.45361305850353467,0.9675436816863324,0.39305674204113256,0.7699819460008925,0.9687101619592802,1.0,0.872670453918497,1.0,16.907294735049312,14.754496570969296
steady,4000.0,100.0,6,5,4399.651972157772,0.6334785560174918,0.6334785560174918,0.0,0.05,12.669571120349836,3.002517082403721,0.45361305850353467,0.9675436816863324,0.39305674204113256,0.4891914906866676,0.6538701044243331,1.0,0.9688140683159172,1.0,12.669571120349836,12.274458740923977
steady,4000.0,100.0,6,6,4499.709976798144,0.4747308137184162,0.4747308137184162,0.0,0.05,9.494616274368322,3.002517082403721,0.45361305850353467,0.9675436816863324,0.39305674204113256,0.3107973060967934,0.44135607351857253,1.0,1.0,1.0,9.494616274368322,9.494616274368322
steady,4000.0,100.0,7,1,3999.419953596288,3.0014752456221827,3.0014752456221827,0.0,0.05,60.02950491244365,2.8576930093129707,0.41044334118992504,0.9756585720877677,0.39305674204113256,2.8576930093129707,3.0014752456221827,1.0,1.0,1.0,60.02950491244365,60.02950491244365
steady,4000.0,100.0,7,2,4099.477958236658,1.661177672911914,1.6611776729119139,0.0,0.05,33.22355345823828,2.8576930093129707,0.41044334118992504,0.9756585720877677,0.39305674204113256,1.8956680663814611,2.0259671151922167,0.8763019762646774,0.8199430585300035,1.0,29.11386555398936,27.241422037782968
steady,4000.0,100.0,7,3,4199.53596287703,1.1686302293950668,1.1686302293950668,0.0,0.05,23.372604587901336,2.8576930093129707,0.41044334118992504,0.9756585720877677,0.39305674204113256,1.2575029599706267,1.3675084469968475,0.9293260267334593,0.8545689293265191,1.0,21.720769756086572,19.97350167825493
steady,4000.0,100.0,7,4,4299.593967517401,0.8598220825978576,0.8598220825978576,0.0,0.05,17.19644165195715,2.8576930093129707,0.41044334118992504,0.9756585720877677,0.39305674204113256,0.8341722490232016,0.923055136771212,1.0,0.9314959078235137,1.0,17.19644165195715,16.01841502792391
steady,4000.0,100.0,7,5,4399.651972157772,0.6417175633137904,0.6417175633137904,0.0,0.05,12.834351266275807,2.8576930093129707,0.41044334118992504,0.9756585720877677,0.39305674204113256,0.5533532430465851,0.623053398603018,1.0,1.0,1.0,12.834351266275807,12.834351266275807
steady,4000.0,100.0,7,6,4499.709976798144,0.4823741633874607,0.4823741633874607,0.0,0.05,9.647483267749214,2.8576930093129707,0.41044334118992504,0.9756585720877677,0.39305674204113256,0.3670702447231093,0.4205550915069434,1.0,1.0,1.0,9.647483267749214,9.647483267749214
steady,4000.0,100.0,7,7,4599.767981438515,0.3780802629624589,0.3780802629624589,0.0,0.05,7.561605259249178,2.8576930093129707,0.41044334118992504,0.9756585720877677,0.39305674204113256,0.24349828297606982,0.2838706688527433,1.0,1.0,1.0,7.561605259249178,7.561605259249178
steady,4000.0,100.0,8,1,3999.419953596288,2.940854565714042,2.940854565714042,0.0,0.05,58.81709131428084,2.8040879229108593,0.38911792727797095,0.9815812650963892,0.39305674204113256,2.8040879229108593,2.940854565714042,1.0,1.0,1.0,58.81709131428084,58.81709131428084
steady,4000.0,100.0,8,2,4099.477958236658,1.7002509746094998,1.7002509746094998,0.0,0.05,34.005019492189994,2.8040879229108593,0.38911792727797095,0.9815812650963892,0.39305674204113256,1.9002023825809848,1.9850487354142659,0.8947736252704318,0.8565285800172907,1.0,30.42679456841854,29.12627105910579
steady,4000.0,100.0,8,3,4199.53596287703,1.195905705949886,1.195905705949886,0.0,0.05,23.91811411899772,2.8040879229108593,0.38911792727797095,0.9815812650963892,0.39305674204113256,1.2876804130371897,1.3398889315742273,0.9287286611195404,0.8925409246756175,1.0,22.21343810224113,21.34789569226717
steady,4000.0,100.0,8,4,4299.593967517401,0.8708382153964418,0.8708382153964418,0.0,0.05,17.416764307928833,2.8040879229108593,0.38911792727797095,0.9815812650963892,0.39305674204113256,0.8726022350669064,0.9044122277332688,0.9979784378270251,0.9628775338199775,1.0,17.381555236028305,16.770211063942323
steady,4000.0,100.0,8,5,4399.651972157772,0.6450875916917342,0.6450875916917342,0.0,0.05,12.901751833834684,2.8040879229108593,0.38911792727797095,0.9815812650963892,0.39305674204113256,0.5913227016071488,0.610469613113705,1.0,1.0,1.0,12.901751833834684,12.901751833834684
steady,4000.0,100.0,8,6,4499.709976798144,0.4847281216397756,0.48472812163977563,0.0,0.05,9.69456243279551,2.8040879229108593,0.38911792727797095,0.9815812650963892,0.39305674204113256,0.40071240180718415,0.4120611565250821,1.0,1.0,1.0,9.69456243279551,9.69456243279551
steady,4000.0,100.0,8,7,4599.767981438515,0.3801239653464311,0.38012396534643117,0.0,0.05,7.602479306928622,2.8040879229108593,0.38911792727797095,0.9815812650963892,0.39305674204113256,0.2715445027320444,0.2781373438896501,1.0,1.0,1.0,7.602479306928622,7.602479306928622
steady,4000.0,100.0,8,8,4699.825986078886,0.2993067839612296,0.29930678396122967,0.0,0.05,5.986135679224592,2.8040879229108593,0.38911792727797095,0.9815812650963892,0.39305674204113256,0.18401331386662176,0.1877400498468983,1.0,1.0,1.0,5.986135679224592,5.986135679224592
steady,4500.0,10.0,1,1,4499.709976798144,4.28267930516925,,,0.05,85.653586103385,,,,0.4970477954716243,,,1.0,1.0,1.0,85.653586103385,85.653586103385
steady,4500.0,10.0,2,1,4499.709976798144,2.68101479513396,2.6810147951339593,0.0,0.05,53.620295902679196,2.68101479513396,0.7458761846328814,1.0,0.4970477954716243,2.68101479513396,2.68101479513396,1.0,1.0,1.0,53.620295902679196,53.620295902679196
steady,4500.0,10.0,2,2,4509.860788863109,1.271654989069668,1.271654989069668,0.0,0.05,25.43309978139336,2.68101479513396,0.7458761846328814,1.0,0.4970477954716243,1.271654989069668,1.6309253975502156,1.0,0.7797137692378809,1.0,25.43309978139336,19.830538093953344
steady,4500.0,10.0,3,1,4499.709976798144,2.7550082388394435,2.7550082388394435,0.0,0.05,55.100164776788866,2.7285619629713533,0.620789924636806,0.9900872597343008,0.4970477954716243,2.7285619629713533,2.7550082388394435,1.0,1.0,1.0,55.100164776788866,55.100164776788866
steady,4500.0,10.0,3,2,4509.860788863109,1.3682546161012443,1.3682546161012443,0.0,0.05,27.365092322024886,2.7285619629713533,0.620789924636806,0.9900872597343008,0.4970477954716243,1.4666557254185126,1.6759373783906442,0.9329078340527465,0.8164115400392472,1.0,25.52910900679368,22.341177165940515
steady,4500.0,10.0,3,3,4520.011600928074,0.879888832527729,0.879888832527729,0.0,0.05,17.59777665055458,2.7285619629713533,0.620789924636806,0.9900872597343008,0.4970477954716243,0.7883563012658943,1.019512775566184,1.0,0.8630483635078382,1.0,17.59777665055458,15.187732339637575
steady,4500.0,10.0,4,1,4499.709976798144,2.889492727319368,2.8894927273193676,0.0,0.05,57.78985454638736,2.806249111751249,0.5669642507032249,0.965664540220892,0.4970477954716243,2.806249111751249,2.889492727319368,1.0,1.0,1.0,57.78985454638736,57.78985454638736
steady,4500.0,10.0,4,2,4509.860788863109,1.3602801739353247,1.3602801739353247,0.0,0.05,27.205603478706493,2.806249111751249,0.5669642507032249,0.965664540220892,0.4970477954716243,1.5918303302716497,1.757747507986553,0.8545384191185688,0.7738768894592175,1.0,23.24823338786048,21.053787795962247
steady,4500.0,10.0,4,3,4520.011600928074,0.9432464225652084,0.9432464225652084,0.0,0.05,18.864928451304166,2.806249111751249,0.5669642507032249,0.965664540220892,0.4970477954716243,0.902957542066337,1.0692798333149924,1.0,0.8821324345386241,1.0,18.864928451304166,16.6413652621459
steady,4500.0,10.0,4,4,4530.162412993039,0.7047155263813484,0.7047155263813484,0.0,0.05,14.094310527626966,2.806249111751249,0.5669642507032249,0.965664540220892,0.4970477954716243,0.5121980070799019,0.6504684869352039,1.0,1.0,1.0,14.094310527626966,14.094310527626966
steady,4500.0,10.0,5,1,4499.709976798144,3.0684746298036707,3.0684746298036707,0.0,0.05,61.369492596073414,2.9360433251542593,0.5407161262386586,0.9538975455873304,0.4970477954716243,2.9360433251542593,3.0684746298036707,1.0,1.0,1.0,61.369492596073414,61.369492596073414
steady,4500.0,10.0,5,2,4509.860788863109,1.39359747641789,1.39359747641789,0.0,0.05,27.8719495283578,2.9360433251542593,0.5407161262386586,0.9538975455873304,0.4970477954716243,1.7097492817899067,1.8666264783649764,0.8150887918250547,0.746586150239643,1.0,22.71811366687806,20.808811498050282
steady,4500.0,10.0,5,3,4520.011600928074,0.9827946630014596,0.9827946630014596,0.0,0.05,19.655893260029192,2.9360433251542593,0.5407161262386586,0.9538975455873304,0.4970477954716243,0.9956401465661326,1.1355135140733323,0.9870982667693986,0.8655067956663614,1.0,19.40229816877912,17.012309191447894
steady,4500.0,10.0,5,4,4530.162412993039,0.738325795252972,0.738325795252972,0.0,0.05,14.76651590505944,2.9360433251542593,0.5407161262386586,0.9538975455873304,0.4970477954716243,0.5797922022908857,0.6907600184545635,1.0,1.0,1.0,14.76651590505944,14.76651590505944
steady,4500.0,10.0,5,5,4540.313225058005,0.5526267047765014,0.5526267047765014,0.0,0.05,11.052534095530028,2.9360433251542593,0.5407161262386586,0.9538975455873304,0.4970477954716243,0.33763101959748754,0.4202058339083176,1.0,1.0,1.0,11.052534095530028,11.052534095530028
steady,4500.0,10.0,6,1,4499.709976798144,2.9321036241420457,2.9321036241420457,0.0,0.05,58.64207248284091,2.7837531718569206,0.474182705745985,0.9596197913716805,0.4970477954716243,2.7837531718569206,2.9321036241420457,1.0,1.0,1.0,58.64207248284091,58.64207248284091
steady,4500.0,10.0,6,2,4509.860788863109,1.440527223165756,1.440527223165756,0.0,0.05,28.810544463315118,2.7837531718569206,0.474182705745985,0.9596197913716805,0.4970477954716243,1.7325899557789872,1.7836687352646086,0.8314299747386464,0.8076203807833481,1.0,23.95395025534074,23.267982890038137
steady,4500.0,10.0,6,3,4520.011600928074,1.0108031927127044,1.0108031927127044,0.0,0.05,20.216063854254084,2.7837531718569206,0.474182705745985,0.9596197913716805,0.4970477954716243,1.078352773950794,1.085048335592631,0.9373585501239949,0.9315743451747931,1.0,18.94970030363771,18.83276644703855
steady,4500.0,10.0,6,4,4530.162412993039,0.75675554253021,0.75675554253021,0.0,0.05,15.1351108506042,2.7837531718569206,0.474182705745985,0.9596197913716805,0.4970477954716243,0.6711597866585508,0.6600608438638585,1.0,1.0,1.0,15.1351108506042,15.1351108506042
steady,4500.0,10.0,6,5,4540.313225058005,0.5682644671404722,0.5682644671404722,0.0,0.05,11.365289342809444,2.7837531718569206,0.474182705745985,0.9596197913716805,0.4970477954716243,0.4177255070038015,0.4015307920492864,1.0,1.0,1.0,11.365289342809444,11.365289342809444
steady,4500.0,10.0,6,6,4550.46403712297,0.4352420183824357,0.4352420183824357,0.0,0.05,8.704840367648714,2.7837531718569206,0.474182705745985,0.9596197913716805,0.4970477954716243,0.25998965174943695,0.24426078059704043,1.0,1.0,1.0,8.704840367648714,8.704840367648714
steady,4500.0,10.0,7,1,4499.709976798144,2.9079083504546523,2.9079083504546523,0.0,0.05,58.15816700909304,2.7478161398293497,0.44282798630425085,0.9637112395316452,0.4970477954716243,2.7478161398293497,2.9079083504546523,1.0,1.0,1.0,58.15816700909304,58.15816700909304
steady,4500.0,10.0,7,2,4509.860788863109,1.4861135833749284,1.4861135833749284,0.0,0.05,29.722271667498568,2.7478161398293497,0.44282798630425085,0.9637112395316452,0.4970477954716243,1.7646960729239236,1.768950171820248,0.842135711739069,0.8401104830701471,1.0,25.03018640521087,24.96999200852437
steady,4500.0,10.0,7,3,4520.011600928074,1.0420573213202684,1.0420573213202684,0.0,0.05,20.841146426405366,2.7478161398293497,0.44282798630425085,0.9637112395316452,0.4970477954716243,1.1333189963672454,1.0760946815581847,0.9194739739301041,0.9683695488684786,1.0,19.16289172594613,20.18193156284007
steady,4500.0,10.0,7,4,4530.162412993039,0.769451171849815,0.769451171849815,0.0,0.05,15.3890234369963,2.7478161398293497,0.44282798630425085,0.9637112395316452,0.4970477954716243,0.7278374827449574,0.6546141220508493,1.0,1.0,1.0,15.3890234369963,15.3890234369963
steady,4500.0,10.0,7,5,4540.313225058005,0.5729815159777204,0.5729815159777204,0.0,0.05,11.459630319554407,2.7478161398293497,0.44282798630425085,0.9637112395316452,0.4970477954716243,0.46743009072165487,0.39821742095027174,1.0,1.0,1.0,11.459630319554407,11.459630319554407
steady,4500.0,10.0,7,6,4550.46403712297,0.4428622954665887,0.44286229546658873,0.0,0.05,8.857245909331773,2.7478161398293497,0.44282798630425085,0.9637112395316452,0.4970477954716243,0.30019186273292847,0.2422451777414725,1.0,1.0,1.0,8.857245909331773,8.857245909331773
steady,4500.0,10.0,7,7,4560.614849187935,0.362319541187685,0.36231954118768506,0.0,0.05,7.2463908237537,2.7478161398293497,0.44282798630425085,0.9637112395316452,0.4970477954716243,0.1927885179833814,0.14736353321500145,1.0,1.0,1.0,7.2463908237537,7.2463908237537
steady,4500.0,10.0,8,1,4499.709976798144,2.9781263573370778,2.9781263573370778,0.0,0.05,59.56252714674155,2.8107153237797124,0.4372503393586321,0.9655189301437401,0.4970477954716243,2.8107153237797124,2.9781263573370778,1.0,1.0,1.0,59.56252714674155,59.56252714674155
steady,4500.0,10.0,8,2,4509.860788863109,1.5477180270138886,1.5477180270138886,0.0,0.05,30.954360540277772,2.8107153237797124,0.4372503393586321,0.9655189301437401,0.4970477954716243,1.8151873312739943,1.8116654641781111,0.8526492006351865,0.8543067457081729,1.0,26.3932107708412,26.444519018642183
steady,4500.0,10.0,8,3,4520.011600928074,1.0659224454293583,1.0659224454293583,0.0,0.05,21.318448908587165,2.8107153237797124,0.4372503393586321,0.9655189301437401,0.4970477954716243,1.172265657692711,1.1020794151361806,0.9092840333882504,0.9671920469521206,1.0,19.384525209181483,20.61903423774062
steady,4500.0,10.0,8,4,4530.162412993039,0.7631701097478701,0.7631701097478701,0.0,0.05,15.263402194957402,2.8107153237797124,0.4372503393586321,0.9655189301437401,0.4970477954716243,0.7570605791090625,0.6704212567290495,1.0,1.0,1.0,15.263402194957402,15.263402194957402
steady,4500.0,10.0,8,5,4540.313225058005,0.5634527814193211,0.5634527814193211,0.0,0.05,11.269055628386422,2.8107153237797124,0.4372503393586321,0.9655189301437401,0.4970477954716243,0.48891709543809586,0.40783327889181104,1.0,1.0,1.0,11.269055628386422,11.269055628386422
steady,4500.0,10.0,8,6,4550.46403712297,0.444015136235092,0.44401513623509203,0.0,0.05,8.880302724701838,2.8107153237797124,0.4372503393586321,0.9655189301437401,0.4970477954716243,0.31574742207939993,0.2480947340231296,1.0,1.0,1.0,8.880302724701838,8.880302724701838
steady,4500.0,10.0,8,7,4560.614849187935,0.3693640285005043,0.3693640285005043,0.0,0.05,7.387280570010086,2.8107153237797124,0.4372503393586321,0.9655189301437401,0.4970477954716243,0.20391276042506418,0.1509219581522563,1.0,1.0,1.0,7.387280570010086,7.387280570010086
steady,4500.0,10.0,8,8,4569.315545243619,0.3163647203602757,0.31636472036027574,0.0,0.05,6.327294407205513,2.8107153237797124,0.4372503393586321,0.9655189301437401,0.4970477954716243,0.13168884670644612,0.09180943538442012,1.0,1.0,1.0,6.327294407205513,6.327294407205513
steady,4500.0,20.0,1,1,4499.709976798144,4.28267930516925,,,0.05,85.653586103385,,,,0.6827223356407702,,,1.0,1.0,1.0,85.653586103385,85.653586103385
steady,4500.0,20.0,2,1,4499.709976798144,2.6827551860806382,2.6827551860806382,0.0,0.05,53.65510372161276,2.6827551860806382,0.7341516096109696,1.0,0.6827223356407702,2.6827551860806382,2.6827551860806382,1.0,1.0,1.0,53.65510372161276,53.65510372161276
steady,4500.0,20.0,2,2,4520.011600928074,1.287487585698524,1.287487585698524,0.0,0.05,25.74975171397048,2.6827551860806382,0.7341516096109696,1.0,0.6827223356407702,1.287487585698524,1.3554343890807818,1.0,0.9498708281790478,1.0,25.74975171397048,24.458937985953995
steady,4500.0,20.0,3,1,4499.709976798144,2.7190254459808805,2.7190254459808805,0.0,0.05,54.380508919617604,2.68956847999776,0.6051439576446035,0.9875414021908111,0.6827223356407702,2.68956847999776,2.7190254459808805,1.0,1.0,1.0,54.380508919617604,54.380508919617604
steady,4500.0,20.0,3,2,4520.011600928074,1.3605913958047322,1.3605913958047322,0.0,0.05,27.21182791609464,2.68956847999776,0.6051439576446035,0.9875414021908111,0.6827223356407702,1.4684931495909683,1.3737595638208255,0.9265221265647097,0.9904145031176571,1.0,25.212360668532938,26.950989024442066
steady,4500.0,20.0,3,3,4540.313225058005,0.9006029652568763,0.9006029652568763,0.0,0.05,18.012059305137527,2.68956847999776,0.6051439576446035,0.9875414021908111,0.6827223356407702,0.8017911224173023,0.6940778513046896,1.0,1.0,1.0,18.012059305137527,18.012059305137527
steady,4500.0,20.0,4,1,4499.709976798144,3.0426296613382,3.0426296613381996,0.0,0.05,60.852593226764,2.9778753413364494,0.610666953591373,0.9796736788984418,0.6827223356407702,2.9778753413364494,3.0426296613382,1.0,1.0,1.0,60.852593226764,60.852593226764
steady,4500.0,20.0,4,2,4520.011600928074,1.4293800798480152,1.4293800798480152,0.0,0.05,28.5876015969603,2.9778753413364494,0.610666953591373,0.9796736788984418,0.6827223356407702,1.6169523628131497,1.5372572561270774,0.8839964075139486,0.929824903509745,1.0,25.271337111152924,26.581463896468644
steady,4500.0,20.0,4,3,4540.313225058005,0.9099985143177944,0.9099985143177944,0.0,0.05,18.19997028635589,2.9778753413364494,0.610666953591373,0.9796736788984418,0.6827223356407702,0.8779866998843688,0.7766833741034371,1.0,1.0,1.0,18.19997028635589,18.19997028635589
steady,4500.0,20.0,4,4,4560.614849187935,0.649492912448454,0.649492912448454,0.0,0.05,12.989858248969078,2.9778753413364494,0.610666953591373,0.9796736788984418,0.6827223356407702,0.4767367690614662,0.39241126441548113,1.0,1.0,1.0,12.989858248969078,12.989858248969078
steady,4500.0,20.0,5,1,4499.709976798144,3.067672095367665,3.067672095367665,0.0,0.05,61.35344190735329,2.945282516673748,0.5512194347494932,0.9605537777142883,0.6827223356407702,2.945282516673748,3.067672095367665,1.0,1.0,1.0,61.35344190735329,61.35344190735329
steady,4500.0,20.0,5,2,4520.011600928074,1.396049694347196,1.396049694347196,0.0,0.05,27.92099388694392,2.945282516673748,0.5512194347494932,0.9605537777142883,0.6827223356407702,1.6972092911190193,1.5499096876444731,0.8225560051151617,0.9007297041086885,1.0,22.96658119048944,25.149268562207496
steady,4500.0,20.0,5,3,4540.313225058005,0.9792836041269736,0.9792836041269736,0.0,0.05,19.58567208253947,2.945282516673748,0.5512194347494932,0.9605537777142883,0.6827223356407702,0.9780112303500976,0.7830758846363204,1.0,1.0,1.0,19.58567208253947,19.58567208253947
steady,4500.0,20.0,5,4,4560.614849187935,0.7215411159986731,0.7215411159986731,0.0,0.05,14.430822319973462,2.945282516673748,0.5512194347494932,0.9605537777142883,0.6827223356407702,0.5635757308753946,0.39564101443284655,1.0,1.0,1.0,14.430822319973462,14.430822319973462
steady,4500.0,20.0,5,5,4579.4663573085845,0.5107094358219487,0.5107094358219487,0.0,0.05,10.214188716438974,2.945282516673748,0.5512194347494932,0.9605537777142883,0.6827223356407702,0.3247586475239532,0.19989354208519536,1.0,1.0,1.0,10.214188716438974,10.214188716438974
steady,4500.0,20.0,6,1,4499.709976798144,2.9742351251943906,2.9742351251943906,0.0,0.05,59.48470250388781,2.8347143146330804,0.4930364119662525,0.964844337063761,0.6827223356407702,2.8347143146330804,2.9742351251943906,1.0,1.0,1.0,59.48470250388781,59.48470250388781
steady,4500.0,20.0,6,2,4520.011600928074,1.440508015639865,1.440508015639865,0.0,0.05,28.8101603127973,2.8347143146330804,0.4930364119662525,0.964844337063761,0.6827223356407702,1.7313557104605104,1.5027016221297824,0.832011588916477,0.9586121385815967,1.0,23.970387258788907,27.61776939032926
steady,4500.0,20.0,6,3,4540.313225058005,1.0077760320388358,1.0077760320388358,0.0,0.05,20.155520640776714,2.8347143146330804,0.4930364119662525,0.964844337063761,0.6827223356407702,1.05745844675435,0.7592244964170052,0.9530171470396742,1.0,1.0,19.20855677817229,20.155520640776714
steady,4500.0,20.0,6,4,4560.614849187935,0.7509780985332579,0.7509780985332579,0.0,0.05,15.019561970665158,2.8347143146330804,0.4930364119662525,0.964844337063761,0.6827223356407702,0.6458628691123766,0.3835903465271377,1.0,1.0,1.0,15.019561970665158,15.019561970665158
steady,4500.0,20.0,6,5,4579.4663573085845,0.542961495812516,0.542961495812516,0.0,0.05,10.85922991625032,2.8347143146330804,0.4930364119662525,0.964844337063761,0.6827223356407702,0.394473037667241,0.19380506641080747,1.0,1.0,1.0,10.85922991625032,10.85922991625032
steady,4500.0,20.0,6,6,4599.767981438515,0.3825966375866982,0.3825966375866982,0.0,0.05,7.6519327517339635,2.8347143146330804,0.4930364119662525,0.964844337063761,0.6827223356407702,0.24093191432459554,0.09791801098894501,1.0,1.0,1.0,7.6519327517339635,7.6519327517339635
steady,4500.0,20.0,7,1,4499.709976798144,3.053181433711046,3.053181433711046,0.0,0.05,61.06362867422092,2.8993571269918634,0.49231485658503,0.9670185693803457,0.6827223356407702,2.8993571269918634,3.053181433711046,1.0,1.0,1.0,61.06362867422092,61.06362867422092
steady,4500.0,20.0,7,2,4520.011600928074,1.4661942158484385,1.4661942158484385,0.0,0.05,29.32388431696877,2.8993571269918634,0.49231485658503,0.9670185693803457,0.6827223356407702,1.7721157566721828,1.5425884302923962,0.8273693241133256,0.9504766061097208,1.0,24.2616823477078,27.871666043546544
steady,4500.0,20.0,7,3,4540.313225058005,1.016429334442977,1.0164293344429767,0.0,0.05,20.328586688859538,2.8993571269918634,0.49231485658503,0.9670185693803457,0.6827223356407702,1.083134680377936,0.7793768948672192,0.9384145414754111,1.0,1.0,19.07664135646927,20.328586688859538
steady,4500.0,20.0,7,4,4560.614849187935,0.7507025884241458,0.7507025884241458,0.0,0.05,15.014051768482917,2.8993571269918634,0.49231485658503,0.9670185693803457,0.6827223356407702,0.6620226310952192,0.39377213800166444,1.0,1.0,1.0,15.014051768482917,15.014051768482917
steady,4500.0,20.0,7,5,4579.4663573085845,0.5440648849242542,0.5440648849242542,0.0,0.05,10.881297698485083,2.8993571269918634,0.49231485658503,0.9670185693803457,0.6827223356407702,0.404634780902141,0.19894931154306095,1.0,1.0,1.0,10.881297698485083,10.881297698485083
steady,4500.0,20.0,7,6,4599.767981438515,0.387850059581152,0.387850059581152,0.0,0.05,7.757001191623039,2.8993571269918634,0.49231485658503,0.9670185693803457,0.6827223356407702,0.24731678076451485,0.10051708778666969,1.0,1.0,1.0,7.757001191623039,7.757001191623039
steady,4500.0,20.0,7,7,4620.069605568445,0.2735804823981778,0.2735804823981778,0.0,0.05,5.471609647963556,2.8993571269918634,0.49231485658503,0.9670185693803457,0.6827223356407702,0.15116246287912588,0.050785221917826084,1.0,1.0,1.0,5.471609647963556,5.471609647963556
steady,4500.0,20.0,8,1,4499.709976798144,3.1663581259896243,3.1663581259896243,0.0,0.05,63.32716251979248,3.0069554019071036,0.49937631136753086,0.9709863334571467,0.6827223356407702,3.0069554019071036,3.1663581259896243,1.0,1.0,1.0,63.32716251979248,63.32716251979248
steady,4500.0,20.0,8,2,4520.011600928074,1.5100122418870106,1.5100122418870106,0.0,0.05,30.20024483774021,3.0069554019071036,0.49937631136753086,0.9709863334571467,0.6827223356407702,1.8249484884049372,1.5997697868144996,0.827427322733262,0.9438934616297409,1.0,24.988507731980402,28.50581364196032
steady,4500.0,20.0,8,3,4540.313225058005,1.038454822814718,1.038454822814718,0.0,0.05,20.769096456294356,3.0069554019071036,0.49937631136753086,0.9709863334571467,0.6827223356407702,1.1075777789119186,0.8082671855081549,0.937590878570075,1.0,1.0,19.472915393563657,20.769096456294356
steady,4500.0,20.0,8,4,4560.614849187935,0.7566982343238848,0.7566982343238848,0.0,0.05,15.133964686477697,3.0069554019071036,0.49937631136753086,0.9709863334571467,0.6827223356407702,0.6721989930859136,0.40836865938700634,1.0,1.0,1.0,15.133964686477697,15.133964686477697
steady,4500.0,20.0,8,5,4579.4663573085845,0.5419575926719157,0.5419575926719157,0.0,0.05,10.839151853438313,3.0069554019071036,0.49937631136753086,0.9709863334571467,0.6827223356407702,0.40796366170294035,0.20632405343128735,1.0,1.0,1.0,10.839151853438313,10.839151853438313
steady,4500.0,20.0,8,6,4599.767981438515,0.382732342829751,0.38273234282975105,0.0,0.05,7.654646856595019,3.0069554019071036,0.49937631136753086,0.9709863334571467,0.6827223356407702,0.247596844062513,0.10424310006604588,1.0,1.0,1.0,7.654646856595019,7.654646856595019
steady,4500.0,20.0,8,7,4620.069605568445,0.2695582881304632,0.2695582881304632,0.0,0.05,5.391165762609263,3.0069554019071036,0.49937631136753086,0.9709863334571467,0.6827223356407702,0.15026876887470228,0.05266775119362708,1.0,1.0,1.0,5.391165762609263,5.391165762609263
steady,4500.0,20.0,8,8,4640.371229698376,0.1913648117527378,0.19136481175273787,0.0,0.05,3.827296235054756,3.0069554019071036,0.49937631136753086,0.9709863334571467,0.6827223356407702,0.09119947786336702,0.026609838099944598,1.0,1.0,1.0,3.827296235054756,3.827296235054756
steady,4500.0,30.0,1,1,4499.709976798144,4.28267930516925,,,0.05,85.653586103385,,,,0.7386326693705875,,,1.0,1.0,1.0,85.653586103385,85.653586103385
steady,4500.0,30.0,2,1,4499.709976798144,2.691848376828405,2.691848376828405,0.0,0.05,53.8369675365681,2.691848376828405,0.7275345547932157,1.0,0.7386326693705875,2.691848376828405,2.691848376828405,1.0,1.0,1.0,53.8369675365681,53.8369675365681
steady,4500.0,30.0,2,2,4530.162412993039,1.3004281179954598,1.3004281179954598,0.0,0.05,26.008562359909195,2.691848376828405,0.7275345547932157,1.0,0.7386326693705875,1.3004281179954598,1.286075607956788,1.0,1.0,1.0,26.008562359909195,26.008562359909195
steady,4500.0,30.0,3,1,4499.709976798144,2.6414238468471014,2.6414238468471014,0.0,0.05,52.828476936942025,2.6100405411618035,0.6062691972464526,0.9849482081080279,0.7386326693705875,2.6100405411618035,2.6414238468471014,1.0,1.0,1.0,52.828476936942025,52.828476936942025
steady,4500.0,30.0,3,2,4530.162412993039,1.308381186824921,1.3083811868249213,0.0,0.05,26.16762373649842,2.6100405411618035,0.6062691972464526,0.9849482081080279,0.7386326693705875,1.4234685826251727,1.2619844449440898,0.9191500274716239,1.0,1.0,24.05197207626964,26.16762373649842
steady,4500.0,30.0,3,3,4560.614849187935,0.8818446285963395,0.8818446285963395,0.0,0.05,17.63689257192679,2.6100405411618035,0.6062691972464526,0.9849482081080279,0.7386326693705875,0.7763338437720094,0.6029341868711575,1.0,1.0,1.0,17.63689257192679,17.63689257192679
steady,4500.0,30.0,4,1,4499.709976798144,2.941686164292264,2.9416861642922636,0.0,0.05,58.83372328584528,2.8990866325007003,0.6456841796458769,0.9906116476283884,0.7386326693705875,2.8990866325007003,2.941686164292264,1.0,1.0,1.0,58.83372328584528,58.83372328584528
steady,4500.0,30.0,4,2,4530.162412993039,1.3830119072306866,1.3830119072306866,0.0,0.05,27.66023814461373,2.8990866325007003,0.6456841796458769,0.9906116476283884,0.7386326693705875,1.52000185222713,1.4054397917529555,0.909875146010037,0.984042087997028,1.0,25.167363220502814,27.218838498320732
steady,4500.0,30.0,4,3,4560.614849187935,0.8546030170096698,0.8546030170096698,0.0,0.05,17.092060340193395,2.8990866325007003,0.6456841796458769,0.9906116476283884,0.7386326693705875,0.7969425973245207,0.6714723794194464,1.0,1.0,1.0,17.092060340193395,17.092060340193395
steady,4500.0,30.0,4,4,4589.61716937355,0.5106343147452552,0.5106343147452552,0.0,0.05,10.212686294905104,2.8990866325007003,0.6456841796458769,0.9906116476283884,0.7386326693705875,0.41783995361569404,0.3208071658202108,1.0,1.0,1.0,10.212686294905104,10.212686294905104
steady,4500.0,30.0,5,1,4499.709976798144,3.0187260799179625,3.0187260799179625,0.0,0.05,60.374521598359244,2.9425984632477324,0.6096402687744633,0.9828016347913264,0.7386326693705875,2.9425984632477324,3.0187260799179625,1.0,1.0,1.0,60.374521598359244,60.374521598359244
steady,4500.0,30.0,5,2,4530.162412993039,1.379566446620682,1.379566446620682,0.0,0.05,27.59132893241364,2.9425984632477324,0.6096402687744633,0.9828016347913264,0.7386326693705875,1.5994386969090355,1.4422469006444292,0.8625316176773369,0.9565397200744615,1.0,23.798393577942242,26.39220205349333
steady,4500.0,30.0,5,3,4560.614849187935,0.9294171196056116,0.9294171196056116,0.0,0.05,18.58834239211223,2.9425984632477324,0.6096402687744633,0.9828016347913264,0.7386326693705875,0.8693690889604405,0.689057591629841,1.0,1.0,1.0,18.58834239211223,18.58834239211223
steady,4500.0,30.0,5,4,4589.61716937355,0.5879988855107118,0.5879988855107118,0.0,0.05,11.759977710214235,2.9425984632477324,0.6096402687744633,0.9828016347913264,0.7386326693705875,0.4725424077212326,0.3292087952281713,1.0,1.0,1.0,11.759977710214235,11.759977710214235
steady,4500.0,30.0,5,5,4620.069605568445,0.3382086442007849,0.33820864420078495,0.0,0.05,6.764172884015697,2.9425984632477324,0.6096402687744633,0.9828016347913264,0.7386326693705875,0.25684870779335983,0.15728501096582434,1.0,1.0,1.0,6.764172884015697,6.764172884015697
steady,4500.0,30.0,6,1,4499.709976798144,3.045219336125372,3.045219336125372,0.0,0.05,60.90438672250743,2.9596442231388567,0.5971230796875266,0.9841177788903772,0.7386326693705875,2.9596442231388567,3.045219336125372,1.0,1.0,1.0,60.90438672250743,60.90438672250743
steady,4500.0,30.0,6,2,4530.162412993039,1.3938345619766144,1.3938345619766144,0.0,0.05,27.876691239532285,2.9596442231388567,0.5971230796875266,0.9841177788903772,0.7386326693705875,1.628966861458169,1.4549044971409466,0.8556555660861781,0.9580247808125264,1.0,23.852846023171598,26.706561014531392
steady,4500.0,30.0,6,3,4560.614849187935,0.9449259086698012,0.9449259086698012,0.0,0.05,18.898518173396024,2.9596442231388567,0.5971230796875266,0.9841177788903772,0.7386326693705875,0.8965716267459566,0.6951049701707936,1.0,1.0,1.0,18.898518173396024,18.898518173396024
steady,4500.0,30.0,6,4,4589.61716937355,0.6069008664888139,0.6069008664888139,0.0,0.05,12.138017329776277,2.9596442231388567,0.5971230796875266,0.9841177788903772,0.7386326693705875,0.49346656516163456,0.33209803152414874,1.0,1.0,1.0,12.138017329776277,12.138017329776277
steady,4500.0,30.0,6,5,4620.069605568445,0.3589447259830826,0.3589447259830826,0.0,0.05,7.178894519661651,2.9596442231388567,0.5971230796875266,0.9841177788903772,0.7386326693705875,0.2716004429185667,0.1586653919552833,1.0,1.0,1.0,7.178894519661651,7.178894519661651
steady,4500.0,30.0,6,6,4650.522041763341,0.1943000593181851,0.19430005931818511,0.0,0.05,3.8860011863637016,2.9596442231388567,0.5971230796875266,0.9841177788903772,0.7386326693705875,0.14948692738564645,0.07580504614491548,1.0,1.0,1.0,3.8860011863637016,3.8860011863637016
steady,4500.0,30.0,7,1,4499.709976798144,3.0872166543340507,3.0872166543340507,0.0,0.05,61.74433308668101,2.9927445144843072,0.5930836306578635,0.9844234711679541,0.7386326693705875,2.9927445144843072,3.0872166543340507,1.0,1.0,1.0,61.74433308668101,61.74433308668101
steady,4500.0,30.0,7,2,4530.162412993039,1.4086687157617592,1.4086687157617592,0.0,0.05,28.173374315235183,2.9927445144843072,0.5930836306578635,0.9844234711679541,0.7386326693705875,1.6538522001250708,1.4749694187066327,0.8517500630680481,0.9550494389212415,1.0,23.996673349841295,26.906965332283477
steady,4500.0,30.0,7,3,4560.614849187935,0.9429427231972066,0.9429427231972066,0.0,0.05,18.85885446394413,2.9927445144843072,0.5930836306578635,0.9844234711679541,0.7386326693705875,0.9139527569495376,0.704691322219195,1.0,1.0,1.0,18.85885446394413,18.85885446394413
steady,4500.0,30.0,7,4,4589.61716937355,0.612409837911127,0.612409837911127,0.0,0.05,12.248196758222539,2.9927445144843072,0.5930836306578635,0.9844234711679541,0.7386326693705875,0.5050690998098204,0.3366780716351975,1.0,1.0,1.0,12.248196758222539,12.248196758222539
steady,4500.0,30.0,7,5,4620.069605568445,0.3750569791766248,0.3750569791766248,0.0,0.05,7.501139583532495,2.9927445144843072,0.5930836306578635,0.9844234711679541,0.7386326693705875,0.27911157731404157,0.16085358276164055,1.0,1.0,1.0,7.501139583532495,7.501139583532495
steady,4500.0,30.0,7,6,4650.522041763341,0.2120990413335705,0.21209904133357055,0.0,0.05,4.241980826671409,2.9927445144843072,0.5930836306578635,0.9844234711679541,0.7386326693705875,0.15424280087628806,0.07685049092027353,1.0,1.0,1.0,4.241980826671409,4.241980826671409
steady,4500.0,30.0,7,7,4679.524361948956,0.1597696754890503,0.15976967548905038,0.0,0.05,3.195393509781006,2.9927445144843072,0.5930836306578635,0.9844234711679541,0.7386326693705875,0.08523774560377359,0.036716608068586155,1.0,1.0,1.0,3.195393509781006,3.195393509781006
steady,4500.0,30.0,8,1,4499.709976798144,3.1257514330943854,3.1257514330943854,0.0,0.05,62.515028661887705,3.026837715852888,0.5840449997678312,0.9853068102432526,0.7386326693705875,3.026837715852888,3.1257514330943854,1.0,1.0,1.0,62.515028661887705,62.515028661887705
steady,4500.0,30.0,8,2,4530.162412993039,1.4338537181222697,1.4338537181222697,0.0,0.05,28.677074362445392,3.026837715852888,0.5840449997678312,0.9853068102432526,0.7386326693705875,1.6878801907800045,1.4933800541080473,0.8494997014329886,0.9601398613688256,1.0,24.36116610886897,27.53400220282182
steady,4500.0,30.0,8,3,4560.614849187935,0.975887697436558,0.9758876974365579,0.0,0.05,19.51775394873116,3.026837715852888,0.5840449997678312,0.9853068102432526,0.7386326693705875,0.941226390667193,0.7134873113694615,1.0,1.0,1.0,19.51775394873116,19.51775394873116
steady,4500.0,30.0,8,4,4589.61716937355,0.6298301778456817,0.6298301778456817,0.0,0.05,12.596603556913633,3.026837715852888,0.5840449997678312,0.9853068102432526,0.7386326693705875,0.52486374526322,0.3408805026455721,1.0,1.0,1.0,12.596603556913633,12.596603556913633
steady,4500.0,30.0,8,5,4620.069605568445,0.3752527717844798,0.37525277178447985,0.0,0.05,7.505055435689596,3.026837715852888,0.5840449997678312,0.9853068102432526,0.7386326693705875,0.2926840490484521,0.16286136450116478,1.0,1.0,1.0,7.505055435689596,7.505055435689596
steady,4500.0,30.0,8,6,4650.522041763341,0.2061940189987203,0.20619401899872034,0.0,0.05,4.1238803799744055,3.026837715852888,0.5840449997678312,0.9853068102432526,0.7386326693705875,0.16321179228036814,0.07780974224495087,1.0,1.0,1.0,4.1238803799744055,4.1238803799744055
steady,4500.0,30.0,8,7,4679.524361948956,0.1658800499997248,0.1658800499997248,0.0,0.05,3.3176009999944958,3.026837715852888,0.5840449997678312,0.9853068102432526,0.7386326693705875,0.09101312225921906,0.03717490644125352,1.0,1.0,1.0,3.3176009999944958,3.3176009999944958
steady,4500.0,30.0,8,8,4709.976798143851,0.122820763684396,0.12282076368439601,0.0,0.05,2.4564152736879197,3.026837715852888,0.5840449997678312,0.9853068102432526,0.7386326693705875,0.050752389319652876,0.017760933644599377,1.0,1.0,1.0,2.4564152736879197,2.4564152736879197
steady,4500.0,40.0,1,1,4499.709976798144,4.28267930516925,,,0.05,85.653586103385,,,,0.7296689100340923,,,1.0,1.0,1.0,85.653586103385,85.653586103385
steady,4500.0,40.0,2,1,4499.709976798144,2.7012893850965547,2.7012893850965547,0.0,0.05,54.025787701931094,2.7012893850965547,0.7315965540090547,1.0,0.7296689100340923,2.7012893850965547,2.7012893850965547,1.0,1.0,1.0,54.025787701931094,54.025787701931094
steady,4500.0,40.0,2,2,4540.313225058005,1.2996989426176095,1.2996989426176095,0.0,0.05,25.99397885235219,2.7012893850965547,0.7315965540090547,1.0,0.7296689100340923,1.2996989426176095,1.3022067157239365,1.0,0.9980742127374663,1.0,25.99397885235219,25.94391997897576
steady,4500.0,40.0,3,1,4499.709976798144,2.4526657764902438,2.4526657764902433,0.0,0.05,49.05331552980487,2.456053526042224,0.7977302079034928,0.9997444773789135,0.7296689100340923,2.456053526042224,2.4526657764902438,0.9986206532080597,1.0,1.0,48.985653996394795,49.05331552980487
steady,4500.0,40.0,3,2,4540.313225058005,1.121128680930606,1.121128680930606,0.0,0.05,22.42257361861212,2.456053526042224,0.7977302079034928,0.9997444773789135,0.7296689100340923,1.1060837196650661,1.1823530878227981,1.0,0.9482181697474723,1.0,22.42257361861212,21.261491717668342
steady,4500.0,40.0,3,3,4579.4663573085845,0.4814211795778557,0.4814211795778557,0.0,0.05,9.628423591557112,2.456053526042224,0.7977302079034928,0.9997444773789135,0.7296689100340923,0.49812480955151456,0.5699752643364966,0.9664669784492406,0.84463521436895,1.0,9.305553455761586,8.132505624289896
steady,4500.0,40.0,4,1,4499.709976798144,2.853221125283879,2.853221125283879,0.0,0.05,57.06442250567758,2.8527341691446786,0.8186229455372038,0.9945358248042657,0.7296689100340923,2.8527341691446786,2.853221125283879,1.0,1.0,1.0,57.06442250567758,57.06442250567758
steady,4500.0,40.0,4,2,4540.313225058005,1.2775632206453105,1.2775632206453105,0.0,0.05,25.551264412906207,2.8527341691446786,0.8186229455372038,0.9945358248042657,0.7296689100340923,1.258165800443319,1.3754482327176762,1.0,0.9288340995000881,1.0,25.551264412906207,23.732885672050383
steady,4500.0,40.0,4,3,4579.4663573085845,0.4594269269825992,0.4594269269825992,0.0,0.05,9.188538539651983,2.8527341691446786,0.8186229455372038,0.9945358248042657,0.7296689100340923,0.5548996462855826,0.6630603650454712,0.8279459719571567,0.692888538061075,1.0,7.607613472077954,6.3666330356573075
steady,4500.0,40.0,4,4,4620.069605568445,0.3558064417440115,0.3558064417440115,0.0,0.05,7.11612883488023,2.8527341691446786,0.8186229455372038,0.9945358248042657,0.7296689100340923,0.2447321468596351,0.3196405631534049,1.0,1.0,1.0,7.11612883488023,7.11612883488023
steady,4500.0,40.0,5,1,4499.709976798144,3.007286933448622,3.007286933448622,0.0,0.05,60.14573866897244,2.9893745689309013,0.8046715860040976,0.9925832696646191,0.7296689100340923,2.9893745689309013,3.007286933448622,1.0,1.0,1.0,60.14573866897244,60.14573866897244
steady,4500.0,40.0,5,2,4540.313225058005,1.302518855695147,1.302518855695147,0.0,0.05,26.05037711390294,2.9893745689309013,0.8046715860040976,0.9925832696646191,0.7296689100340923,1.336952279481917,1.4497185168132816,0.9742448370706893,0.8984632813811998,1.0,25.379445406964383,23.405307302974943
steady,4500.0,40.0,5,3,4579.4663573085845,0.5105422972047109,0.5105422972047109,0.0,0.05,10.210845944094217,2.9893745689309013,0.8046715860040976,0.9925832696646191,0.7296689100340923,0.5979315593934225,0.6988637348219991,0.8538473830059005,0.7305319646250441,1.0,8.71850408764126,7.459349348022812
steady,4500.0,40.0,5,4,4620.069605568445,0.3737176243393689,0.3737176243393689,0.0,0.05,7.474352486787377,2.9893745689309013,0.8046715860040976,0.9925832696646191,0.7296689100340923,0.2674157897821106,0.3369002424849756,1.0,1.0,1.0,7.474352486787377,7.474352486787377
steady,4500.0,40.0,5,5,4660.672853828306,0.2560140911370542,0.25601409113705426,0.0,0.05,5.120281822741084,2.9893745689309013,0.8046715860040976,0.9925832696646191,0.7296689100340923,0.11959764207350956,0.16240901871284572,1.0,1.0,1.0,5.120281822741084,5.120281822741084
steady,4500.0,40.0,6,1,4499.709976798144,2.943929756556833,2.943929756556833,0.0,0.05,58.878595131136656,2.9085111428695702,0.7607331889396421,0.9895881396785795,0.7296689100340923,2.9085111428695702,2.943929756556833,1.0,1.0,1.0,58.878595131136656,58.878595131136656
steady,4500.0,40.0,6,2,4540.313225058005,1.2756273255463897,1.2756273255463897,0.0,0.05,25.51254651092779,2.9085111428695702,0.7607331889396421,0.9895881396785795,0.7296689100340923,1.3592160864796345,1.4191760130397186,0.938502228038119,0.8988506808356608,1.0,23.94358174343187,22.931969801198907
steady,4500.0,40.0,6,3,4579.4663573085845,0.5616345264673718,0.5616345264673718,0.0,0.05,11.232690529347435,2.9085111428695702,0.7607331889396421,0.9895881396785795,0.7296689100340923,0.6351938428271862,0.6841401536505818,0.8841939083785684,0.8209348968489597,1.0,9.931876540750638,9.221307641046122
steady,4500.0,40.0,6,4,4620.069605568445,0.3967838140917789,0.39678381409177893,0.0,0.05,7.935676281835577,2.9085111428695702,0.7607331889396421,0.9895881396785795,0.7296689100340923,0.2968411145063456,0.329802466738805,1.0,1.0,1.0,7.935676281835577,7.935676281835577
steady,4500.0,40.0,6,5,4660.672853828306,0.2845082203195039,0.2845082203195039,0.0,0.05,5.690164406390077,2.9085111428695702,0.7607331889396421,0.9895881396785795,0.7296689100340923,0.13872087750281017,0.15898740409637419,1.0,1.0,1.0,5.690164406390077,5.690164406390077
steady,4500.0,40.0,6,6,4699.825986078886,0.1794906916003256,0.1794906916003256,0.0,0.05,3.589813832006512,2.9085111428695702,0.7607331889396421,0.9895881396785795,0.7296689100340923,0.06482754886280517,0.07664283081703722,1.0,1.0,1.0,3.589813832006512,3.589813832006512
steady,4500.0,40.0,7,1,4499.709976798144,2.9149611702281626,2.9149611702281626,0.0,0.05,58.29922340456325,2.870990941657459,0.7469601562625695,0.9863743956947977,0.7296689100340923,2.870990941657459,2.9149611702281626,1.0,1.0,1.0,58.29922340456325,58.29922340456325
steady,4500.0,40.0,7,2,4540.313225058005,1.2585733833947927,1.2585733833947927,0.0,0.05,25.171467667895854,2.870990941657459,0.7469601562625695,0.9863743956947977,0.7296689100340923,1.3602888810845981,1.4052111680029937,0.9252250760083368,0.8956471540027722,1.0,23.289273086270335,22.544753378823717
steady,4500.0,40.0,7,3,4579.4663573085845,0.5640636132461808,0.5640636132461808,0.0,0.05,11.281272264923615,2.870990941657459,0.7469601562625695,0.9863743956947977,0.7296689100340923,0.6445112080131248,0.6774081407491883,0.8751804564967228,0.8326791181197606,1.0,9.873149010679668,9.39367984082551
steady,4500.0,40.0,7,4,4620.069605568445,0.4038980577452349,0.4038980577452349,0.0,0.05,8.077961154904697,2.870990941657459,0.7469601562625695,0.9863743956947977,0.7296689100340923,0.30537241245648583,0.3265571748945099,1.0,1.0,1.0,8.077961154904697,8.077961154904697
steady,4500.0,40.0,7,5,4660.672853828306,0.2951774361944032,0.2951774361944032,0.0,0.05,5.903548723888063,2.870990941657459,0.7469601562625695,0.9863743956947977,0.7296689100340923,0.1446868714307837,0.15742295089212258,1.0,1.0,1.0,5.903548723888063,5.903548723888063
steady,4500.0,40.0,7,6,4699.825986078886,0.1849173430301583,0.1849173430301583,0.0,0.05,3.698346860603166,2.870990941657459,0.7469601562625695,0.9863743956947977,0.7296689100340923,0.06855331362786798,0.07588865709531305,1.0,1.0,1.0,3.698346860603166,3.698346860603166
steady,4500.0,40.0,7,7,4740.429234338747,0.1598033888851872,0.15980338888518722,0.0,0.05,3.196067777703744,2.870990941657459,0.7469601562625695,0.9863743956947977,0.7296689100340923,0.03248087931467258,0.03658353653703611,1.0,1.0,1.0,3.196067777703744,3.196067777703744
steady,4500.0,40.0,8,1,4499.709976798144,2.955742227185461,2.955742227185461,0.0,0.05,59.11484454370922,2.9094849833170446,0.7482843985891595,0.9855911653176274,0.7296689100340923,2.9094849833170446,2.955742227185461,1.0,1.0,1.0,59.11484454370922,59.11484454370922
steady,4500.0,40.0,8,2,4540.313225058005,1.2708067287960598,1.2708067287960598,0.0,0.05,25.416134575921195,2.9094849833170446,0.7482843985891595,0.9855911653176274,0.7296689100340923,1.3767032409846762,1.4248704338843559,0.9230796376182897,0.8918752881493224,1.0,23.46111629399902,22.668022348541673
steady,4500.0,40.0,8,3,4579.4663573085845,0.5676289093524909,0.5676289093524909,0.0,0.05,11.352578187049817,2.9094849833170446,0.7482843985891595,0.9855911653176274,0.7296689100340923,0.6514251919516372,0.6868852549740299,0.8713646883257664,0.8263809788345975,1.0,9.892235753652558,9.381554674510527
steady,4500.0,40.0,8,4,4620.069605568445,0.4049015392792409,0.40490153927924094,0.0,0.05,8.098030785584816,2.9094849833170446,0.7482843985891595,0.9855911653176274,0.7296689100340923,0.30823983562769186,0.33112579381307516,1.0,1.0,1.0,8.098030785584816,8.098030785584816
steady,4500.0,40.0,8,5,4660.672853828306,0.2960216911065028,0.2960216911065028,0.0,0.05,5.920433822130056,2.9094849833170446,0.7482843985891595,0.9855911653176274,0.7296689100340923,0.145852198290238,0.15962533848900953,1.0,1.0,1.0,5.920433822130056,5.920433822130056
steady,4500.0,40.0,8,6,4699.825986078886,0.1880641663700013,0.18806416637000134,0.0,0.05,3.761283327400026,2.9094849833170446,0.7482843985891595,0.9855911653176274,0.7296689100340923,0.06901399912433567,0.07695035893855737,1.0,1.0,1.0,3.761283327400026,3.761283327400026
steady,4500.0,40.0,8,7,4740.429234338747,0.1631167797540734,0.16311677975407343,0.0,0.05,3.262335595081468,2.9094849833170446,0.7482843985891595,0.9855911653176274,0.7296689100340923,0.03265588130290519,0.037095349628220274,1.0,1.0,1.0,3.262335595081468,3.262335595081468
steady,4500.0,40.0,8,8,4779.582366589327,0.1200558824078118,0.12005588240781181,0.0,0.05,2.401117648156236,2.9094849833170446,0.7482843985891595,0.9855911653176274,0.7296689100340923,0.01545203288028846,0.017882502213389943,1.0,1.0,1.0,2.401117648156236,2.401117648156236
steady,4500.0,50.0,1,1,4499.709976798144,4.28267930516925,,,0.05,85.653586103385,,,,0.6953855273318986,,,1.0,1.0,1.0,85.653586103385,85.653586103385
steady,4500.0,50.0,2,1,4499.709976798144,2.6880149602792667,2.6880149602792667,0.0,0.05,53.76029920558533,2.6880149602792667,0.7360504367127586,1.0,0.6953855273318986,2.6880149602792667,2.6880149602792667,1.0,1.0,1.0,53.76029920558533,53.76029920558533
steady,4500.0,50.0,2,2,4550.46403712297,1.2875646314917917,1.2875646314917915,0.0,0.05,25.75129262983583,2.6880149602792667,0.7360504367127586,1.0,0.6953855273318986,1.2875646314917915,1.341002489694945,1.0,0.9601508135787954,1.0,25.75129262983583,24.72512456924251
steady,4500.0,50.0,3,1,4499.709976798144,2.421952336089767,2.421952336089767,0.0,0.05,48.439046721795336,2.425443601525065,0.7890815190725107,0.9997263144264873,0.6953855273318986,2.425443601525065,2.421952336089767,0.9985605662266882,1.0,1.0,48.369321921996956,48.439046721795336
steady,4500.0,50.0,3,2,4550.46403712297,1.1171576162295578,1.1171576162295578,0.0,0.05,22.343152324591156,2.425443601525065,0.7890815190725107,0.9997263144264873,0.6953855273318986,1.10178646005752,1.208268614800208,1.0,0.9245937555154358,1.0,22.343152324591156,20.658339117847174
steady,4500.0,50.0,3,3,4599.767981438515,0.483580713073496,0.48358071307349604,0.0,0.05,9.67161426146992,2.425443601525065,0.7890815190725107,0.9997263144264873,0.6953855273318986,0.5004995386422455,0.6027835576104844,0.9661961215495884,0.8022460250748633,1.0,9.344676188555923,7.759014097321603
steady,4500.0,50.0,4,1,4499.709976798144,2.7958328290027508,2.7958328290027508,0.0,0.05,55.91665658005501,2.7934900379255905,0.8000675704503153,0.9945322382148136,0.6953855273318986,2.7934900379255905,2.7958328290027508,1.0,1.0,1.0,55.91665658005501,55.91665658005501
steady,4500.0,50.0,4,2,4550.46403712297,1.2672883460393582,1.2672883460393582,0.0,0.05,25.345766920787163,2.7934900379255905,0.8000675704503153,0.9945322382148136,0.6953855273318986,1.2551111737203433,1.3947908921139456,1.0,0.9085866227005939,1.0,25.345766920787163,23.02882476631444
steady,4500.0,50.0,4,3,4599.767981438515,0.474898079280601,0.474898079280601,0.0,0.05,9.49796158561202,2.7934900379255905,0.8000675704503153,0.9945322382148136,0.6953855273318986,0.5639196979443886,0.6958361789527804,0.8421377742464203,0.6824854666155951,1.0,7.998592229585308,6.482220744653416
steady,4500.0,50.0,4,4,4650.522041763341,0.3653506603108909,0.3653506603108909,0.0,0.05,7.307013206217818,2.7934900379255905,0.8000675704503153,0.9945322382148136,0.6953855273318986,0.25336833293187355,0.34714019906293636,1.0,1.0,1.0,7.307013206217818,7.307013206217818
steady,4500.0,50.0,5,1,4499.709976798144,3.008017793810464,3.0080177938104637,0.0,0.05,60.16035587620928,2.9980898441409134,0.8316731129665682,0.9934584006551224,0.6953855273318986,2.9980898441409134,3.008017793810464,1.0,1.0,1.0,60.16035587620928,60.16035587620928
steady,4500.0,50.0,5,2,4550.46403712297,1.2984347025464211,1.2984347025464213,0.0,0.05,25.96869405092842,2.9980898441409134,0.8316731129665682,0.9934584006551224,0.6953855273318986,1.3051294800611035,1.5006461683261791,0.9948704112373824,0.865250403427675,1.0,25.835485329744923,22.469423004055677
steady,4500.0,50.0,5,3,4599.767981438515,0.4633901157283255,0.46339011572832556,0.0,0.05,9.26780231456651,2.9980898441409134,0.8316731129665682,0.9934584006551224,0.6953855273318986,0.5681494045461656,0.7486454791410514,0.815613132778831,0.6189713671416144,1.0,7.558941279758491,5.736504269045451
steady,4500.0,50.0,5,4,4650.522041763341,0.3532240452165087,0.3532240452165087,0.0,0.05,7.064480904330173,2.9980898441409134,0.8316731129665682,0.9934584006551224,0.6953855273318986,0.24732699001715136,0.37348581249068374,1.0,0.9457495663916806,1.0,7.064480904330173,6.681229752052569
steady,4500.0,50.0,5,5,4699.825986078886,0.2219118282222985,0.22191182822229855,0.0,0.05,4.43823656444597,2.9980898441409134,0.8316731129665682,0.9934584006551224,0.6953855273318986,0.1076664685406242,0.18632537832442417,1.0,1.0,1.0,4.43823656444597,4.43823656444597
steady,4500.0,50.0,6,1,4499.709976798144,3.008433842234695,3.008433842234695,0.0,0.05,60.1686768446939,2.983303133309738,0.7919631793190087,0.9904400721320181,0.6953855273318986,2.983303133309738,3.008433842234695,1.0,1.0,1.0,60.1686768446939,60.1686768446939
steady,4500.0,50.0,6,2,4550.46403712297,1.3011154637123736,1.3011154637123736,0.0,0.05,26.022309274247473,2.983303133309738,0.7919631793190087,0.9904400721320181,0.6953855273318986,1.35130114762386,1.5008537274287035,0.9628612141714425,0.8669169019831626,1.0,25.05587230334671,22.55917973847834
steady,4500.0,50.0,6,3,4599.767981438515,0.5172696429354049,0.5172696429354049,0.0,0.05,10.345392858708097,2.983303133309738,0.7919631793190087,0.9904400721320181,0.6953855273318986,0.6120781931884149,0.7487490266574741,0.8451038587747476,0.6908451624232124,1.0,8.74293142543493,7.147064609806137
steady,4500.0,50.0,6,4,4650.522041763341,0.377171273368967,0.37717127336896705,0.0,0.05,7.54342546737934,2.983303133309738,0.7919631793190087,0.9904400721320181,0.6953855273318986,0.2772436886001054,0.37353747049087216,1.0,1.0,1.0,7.54342546737934,7.54342546737934
steady,4500.0,50.0,6,5,4699.825986078886,0.2457324739132415,0.2457324739132415,0.0,0.05,4.914649478264829,2.983303133309738,0.7919631793190087,0.9904400721320181,0.6953855273318986,0.12557882918225663,0.1863511495749153,1.0,1.0,1.0,4.914649478264829,4.914649478264829
steady,4500.0,50.0,6,6,4750.580046403712,0.1989425716903118,0.19894257169031182,0.0,0.05,3.9788514338062355,2.983303133309738,0.7919631793190087,0.9904400721320181,0.6953855273318986,0.05688151971435139,0.09296724878030958,1.0,1.0,1.0,3.9788514338062355,3.9788514338062355
steady,4500.0,50.0,7,1,4499.709976798144,2.9805604428943937,2.9805604428943937,0.0,0.05,59.611208857887874,2.945754055107946,0.7722565096997347,0.9884670123813918,0.6953855273318986,2.945754055107946,2.9805604428943937,1.0,1.0,1.0,59.611208857887874,59.611208857887874
steady,4500.0,50.0,7,2,4550.46403712297,1.2836838056550868,1.2836838056550868,0.0,0.05,25.673676113101735,2.945754055107946,0.7722565096997347,0.9884670123813918,0.6953855273318986,1.3608483887408405,1.4869481880385051,0.9432967083444526,0.8633009650110588,1.0,24.217894168590465,22.164109363822096
steady,4500.0,50.0,7,3,4599.767981438515,0.5437609928535823,0.5437609928535823,0.0,0.05,10.875219857071645,2.945754055107946,0.7722565096997347,0.9884670123813918,0.6953855273318986,0.6286703854068628,0.7418118022675958,0.8649381384517916,0.7330174461924103,1.0,9.406392418429508,7.9717258864116465
steady,4500.0,50.0,7,4,4650.522041763341,0.3848070973954661,0.38480709739546615,0.0,0.05,7.696141947909322,2.945754055107946,0.7722565096997347,0.9884670123813918,0.6953855273318986,0.2904265138993967,0.3700766135701083,1.0,1.0,1.0,7.696141947909322,7.696141947909322
steady,4500.0,50.0,7,5,4699.825986078886,0.2543164861911103,0.25431648619111036,0.0,0.05,5.086329723822206,2.945754055107946,0.7722565096997347,0.9884670123813918,0.6953855273318986,0.13416817768689468,0.18462459008183119,1.0,1.0,1.0,5.086329723822206,5.086329723822206
steady,4500.0,50.0,7,6,4750.580046403712,0.2057520748366193,0.20575207483661936,0.0,0.05,4.115041496732386,2.945754055107946,0.7722565096997347,0.9884670123813918,0.6953855273318986,0.061981599620955036,0.09210589919221365,1.0,1.0,1.0,4.115041496732386,4.115041496732386
steady,4500.0,50.0,7,7,4799.883990719257,0.1479491384710134,0.14794913847101349,0.0,0.05,2.9589827694202677,2.945754055107946,0.7722565096997347,0.9884670123813918,0.6953855273318986,0.02863360565675793,0.04594998240616852,1.0,1.0,1.0,2.9589827694202677,2.9589827694202677
steady,4500.0,50.0,8,1,4499.709976798144,2.954421596927671,2.954421596927671,0.0,0.05,59.08843193855341,2.9160402883376975,0.7624439177935707,0.9871209689234334,0.6953855273318986,2.9160402883376975,2.954421596927671,1.0,1.0,1.0,59.08843193855341,59.08843193855341
steady,4500.0,50.0,8,2,4550.46403712297,1.276271404589696,1.276271404589696,0.0,0.05,25.525428091793916,2.9160402883376975,0.7624439177935707,0.9871209689234334,0.6953855273318986,1.3604053578219621,1.473907986240117,0.9381552323735578,0.8659098237505419,1.0,23.94681392289146,22.1027189401224
steady,4500.0,50.0,8,3,4599.767981438515,0.5478696762924914,0.5478696762924914,0.0,0.05,10.957393525849827,2.9160402883376975,0.7624439177935707,0.9871209689234334,0.6953855273318986,0.6346629520148719,0.7353062792938895,0.8632450886776408,0.7450904360814212,1.0,9.458916145898042,8.16424912049119
steady,4500.0,50.0,8,4,4650.522041763341,0.3868723786525687,0.38687237865256874,0.0,0.05,7.737447573051373,2.9160402883376975,0.7624439177935707,0.9871209689234334,0.6953855273318986,0.2960860601909993,0.36683112474901874,1.0,1.0,1.0,7.737447573051373,7.737447573051373
steady,4500.0,50.0,8,5,4699.825986078886,0.2565354842208773,0.2565354842208773,0.0,0.05,5.130709684417545,2.9160402883376975,0.7624439177935707,0.9871209689234334,0.6953855273318986,0.13813151494208192,0.18300547387389682,1.0,1.0,1.0,5.130709684417545,5.130709684417545
steady,4500.0,50.0,8,6,4750.580046403712,0.207829412996006,0.207829412996006,0.0,0.05,4.156588259920119,2.9160402883376975,0.7624439177935707,0.9871209689234334,0.6953855273318986,0.06444178901190505,0.09129815113350498,1.0,1.0,1.0,4.156588259920119,4.156588259920119
steady,4500.0,50.0,8,7,4799.883990719257,0.1513936434992047,0.15139364349920478,0.0,0.05,3.027872869984094,2.9160402883376975,0.7624439177935707,0.9871209689234334,0.6953855273318986,0.03006369815603715,0.04554701137595445,1.0,1.0,1.0,3.027872869984094,3.027872869984094
steady,4500.0,50.0,8,8,4850.638051044083,0.1206636116013908,0.12066361160139084,0.0,0.05,2.4132722320278157,2.9160402883376975,0.7624439177935707,0.9871209689234334,0.6953855273318986,0.014025463300690448,0.02272258769235915,1.0,1.0,1.0,2.4132722320278157,2.4132722320278157
steady,4500.0,60.0,1,1,4499.709976798144,4.28267930516925,,,0.05,85.653586103385,,,,0.6656134607617791,,,1.0,1.0,1.0,85.653586103385,85.653586103385
steady,4500.0,60.0,2,1,4499.709976798144,2.692062679004224,2.692062679004224,0.0,0.05,53.84125358008448,2.692062679004224,0.7351146170150403,1.0,0.6656134607617791,2.692062679004224,2.692062679004224,1.0,1.0,1.0,53.84125358008448,53.84125358008448
steady,4500.0,60.0,2,2,4560.614849187935,1.2907108045870046,1.2907108045870046,0.0,0.05,25.81421609174009,2.692062679004224,0.7351146170150403,1.0,0.6656134607617791,1.2907108045870046,1.3836075214121837,1.0,0.932859054762608,1.0,25.81421609174009,24.081025222778365
steady,4500.0,60.0,3,1,4499.709976798144,2.423798547686224,2.423798547686224,0.0,0.05,48.47597095372448,2.4293186604507193,0.7842064902524268,0.9993270757386686,0.6656134607617791,2.4293186604507193,2.423798547686224,0.9977277115372459,1.0,1.0,48.36581956420553,48.47597095372448
steady,4500.0,60.0,3,2,4560.614849187935,1.1331251518176098,1.1331251518176098,0.0,0.05,22.662503036352195,2.4293186604507193,0.7842064902524268,0.9993270757386686,0.6656134607617791,1.108939708381245,1.2457309880344452,1.0,0.9096066186853804,1.0,22.662503036352195,20.61396275784349
steady,4500.0,60.0,3,3,4620.069605568445,0.4797196621559433,0.4797196621559433,0.0,0.05,9.594393243118866,2.4293186604507193,0.7842064902524268,0.9993270757386686,0.6656134607617791,0.5062107729401467,0.6402535788424653,0.9476678249450537,0.7492651005922429,1.0,9.092297776373975,7.188744018426993
steady,4500.0,60.0,4,1,4499.709976798144,2.6715861709540154,2.6715861709540154,0.0,0.05,53.431723419080306,2.6768646460925676,0.7866279279689536,0.9994758136612651,0.6656134607617791,2.6768646460925676,2.6715861709540154,0.9980281127974635,1.0,1.0,53.32636208746075,53.431723419080306
steady,4500.0,60.0,4,2,4560.614849187935,1.2439616059805343,1.2439616059805345,0.0,0.05,24.879232119610684,2.6768646460925676,0.7866279279689536,0.9994758136612651,0.6656134607617791,1.2189846687376527,1.3730834534655172,1.0,0.9059621269493175,1.0,24.879232119610684,22.539642047948274
steady,4500.0,60.0,4,3,4620.069605568445,0.5217644733938768,0.5217644733938768,0.0,0.05,10.435289467877535,2.6768646460925676,0.7866279279689536,0.9994758136612651,0.6656134607617791,0.5550985272215593,0.7057074148229833,0.9399493023436221,0.7393495695730419,1.0,9.808643055085236,7.715326776445353
steady,4500.0,60.0,4,4,4679.524361948956,0.2614311196372453,0.26143111963724536,0.0,0.05,5.228622392744906,2.6768646460925676,0.7866279279689536,0.9994758136612651,0.6656134607617791,0.2527795326930893,0.3627040687724996,1.0,0.7207835316598663,1.0,5.228622392744906,3.7687049139585334
steady,4500.0,60.0,5,1,4499.709976798144,2.827733864544729,2.827733864544729,0.0,0.05,56.554677290894574,2.8277645038960286,0.7922946902192952,0.9973323988296057,0.6656134607617791,2.8277645038960286,2.827733864544729,0.9999891648150836,1.0,1.0,56.55406451050824,56.554677290894574
steady,4500.0,60.0,5,2,4560.614849187935,1.2994582944219613,1.2994582944219613,0.0,0.05,25.989165888439224,2.8277645038960286,0.7922946902192952,0.9973323988296057,0.6656134607617791,1.2804246507706405,1.4533368312892425,1.0,0.8941205276337922,1.0,25.989165888439224,23.237446716933434
steady,4500.0,60.0,5,3,4620.069605568445,0.514653703552608,0.514653703552608,0.0,0.05,10.293074071052159,2.8277645038960286,0.7922946902192952,0.9973323988296057,0.6656134607617791,0.579782115534115,0.7469542914435205,0.8876674353407599,0.6890029409403594,1.0,9.136826662423344,7.091958306271895
steady,4500.0,60.0,5,4,4679.524361948956,0.2730174331836429,0.2730174331836429,0.0,0.05,5.460348663672858,2.8277645038960286,0.7922946902192952,0.9973323988296057,0.6656134607617791,0.2625279834240141,0.3839032366715343,1.0,0.7111621031141117,1.0,5.460348663672858,3.8831930393939187
steady,4500.0,60.0,5,5,4740.429234338747,0.2090703873377782,0.20907038733777827,0.0,0.05,4.181407746755563,2.8277645038960286,0.7922946902192952,0.9973323988296057,0.6656134607617791,0.118873866982232,0.19731019262511873,1.0,1.0,1.0,4.181407746755563,4.181407746755563
steady,4500.0,60.0,6,1,4499.709976798144,2.898215254879577,2.898215254879577,0.0,0.05,57.964305097591534,2.8930470241071724,0.7972850528934656,0.9950549137596926,0.6656134607617791,2.8930470241071724,2.898215254879577,1.0,1.0,1.0,57.964305097591534,57.964305097591534
steady,4500.0,60.0,6,2,4560.614849187935,1.3150186765936756,1.3150186765936756,0.0,0.05,26.30037353187351,2.8930470241071724,0.7972850528934656,0.9950549137596926,0.6656134607617791,1.3034638583842457,1.4895613154171363,1.0,0.8828227901618256,1.0,26.30037353187351,23.2185691437068
steady,4500.0,60.0,6,3,4620.069605568445,0.4980164609753682,0.4980164609753682,0.0,0.05,9.960329219507363,2.8930470241071724,0.7972850528934656,0.9950549137596926,0.6656134607617791,0.5872763269854839,0.7655721598496043,0.8480104477081672,0.6505153754196116,1.0,8.446463240755179,6.479347301530759
steady,4500.0,60.0,6,4,4679.524361948956,0.2842048496186952,0.2842048496186952,0.0,0.05,5.684096992373903,2.8930470241071724,0.7972850528934656,0.9950549137596926,0.6656134607617791,0.26459765801645296,0.39347204164781674,1.0,0.7222999845896984,1.0,5.684096992373903,4.1056231699980215
steady,4500.0,60.0,6,5,4740.429234338747,0.218866020128693,0.21886602012869308,0.0,0.05,4.37732040257386,2.8930470241071724,0.7972850528934656,0.9950549137596926,0.6656134607617791,0.11921461399128105,0.20222815781195008,1.0,1.0,1.0,4.37732040257386,4.37732040257386
steady,4500.0,60.0,6,6,4799.883990719257,0.1531134900532113,0.1531134900532113,0.0,0.05,3.0622698010642257,2.8930470241071724,0.7972850528934656,0.9950549137596926,0.6656134607617791,0.053712207037775135,0.10393680740503487,1.0,1.0,1.0,3.0622698010642257,3.0622698010642257
steady,4500.0,60.0,7,1,4499.709976798144,2.937343187430816,2.937343187430816,0.0,0.05,58.74686374861632,2.9277002046479694,0.7989898178162785,0.9940510321040144,0.6656134607617791,2.9277002046479694,2.937343187430816,1.0,1.0,1.0,58.74686374861632,58.74686374861632
steady,4500.0,60.0,7,2,4560.614849187935,1.3157478625422898,1.3157478625422898,0.0,0.05,26.314957250845794,2.9277002046479694,0.7989898178162785,0.9940510321040144,0.6656134607617791,1.3168300668074129,1.5096714347681568,0.9991781746996811,0.8715458425192709,1.0,26.293330953200236,22.934691588046995
steady,4500.0,60.0,7,3,4620.069605568445,0.5051299473459745,0.5051299473459745,0.0,0.05,10.102598946919489,2.9277002046479694,0.7989898178162785,0.9940510321040144,0.6656134607617791,0.5922879064239842,0.7759079193427156,0.8528452832943403,0.6510179039980394,1.0,8.615953860894656,6.576972791356326
steady,4500.0,60.0,7,4,4679.524361948956,0.2841878631316399,0.28418786313163996,0.0,0.05,5.683757262632798,2.9277002046479694,0.7989898178162785,0.9940510321040144,0.6656134607617791,0.2664010892055456,0.3987841893499148,1.0,0.7126357331139779,1.0,5.683757262632798,4.05044852369822
steady,4500.0,60.0,7,5,4740.429234338747,0.2221109430178481,0.22211094301784814,0.0,0.05,4.442218860356961,2.9277002046479694,0.7989898178162785,0.9940510321040144,0.6656134607617791,0.11982270709930408,0.20495837935277766,1.0,1.0,1.0,4.442218860356961,4.442218860356961
steady,4500.0,60.0,7,6,4799.883990719257,0.1559098383088189,0.15590983830881894,0.0,0.05,3.118196766176378,2.9277002046479694,0.7989898178162785,0.9940510321040144,0.6656134607617791,0.053894228358533074,0.10534002698401135,1.0,1.0,1.0,3.118196766176378,3.118196766176378
steady,4500.0,60.0,7,7,4859.338747099768,0.120071212164085,0.12007121216408502,0.0,0.05,2.4014242432817,2.9277002046479694,0.7989898178162785,0.9940510321040144,0.6656134607617791,0.02424071297232926,0.05414036410725478,1.0,1.0,1.0,2.4014242432817,2.4014242432817
steady,4500.0,60.0,8,1,4499.709976798144,2.9707874188713506,2.9707874188713506,0.0,0.05,59.41574837742701,2.958941808041429,0.8067394815994254,0.9932470448186494,0.6656134607617791,2.958941808041429,2.9707874188713506,1.0,1.0,1.0,59.41574837742701,59.41574837742701
steady,4500.0,60.0,8,2,4560.614849187935,1.313030889314261,1.313030889314261,0.0,0.05,26.26061778628522,2.958941808041429,0.8067394815994254,0.9932470448186494,0.6656134607617791,1.3206079853721249,1.5268603696803595,0.9942624184150085,0.8599547904888889,1.0,26.10994534926413,22.582944066513697
steady,4500.0,60.0,8,3,4620.069605568445,0.5021036347624649,0.5021036347624649,0.0,0.05,10.042072695249297,2.958941808041429,0.8067394815994254,0.9932470448186494,0.6656134607617791,0.5894017402738337,0.7847423123214056,0.8518869227111368,0.6398324989984983,1.0,8.554710405997454,6.425244467725943
steady,4500.0,60.0,8,4,4679.524361948956,0.2837355270167965,0.28373552701679655,0.0,0.05,5.67471054033593,2.958941808041429,0.8067394815994254,0.9932470448186494,0.6656134607617791,0.2630564219554783,0.40332469751406635,1.0,0.7034915758088455,1.0,5.67471054033593,3.992111060279988
steady,4500.0,60.0,8,5,4740.429234338747,0.2224737559703199,0.2224737559703199,0.0,0.05,4.449475119406398,2.958941808041429,0.8067394815994254,0.9932470448186494,0.6656134607617791,0.11740494878734019,0.20729201047360923,1.0,1.0,1.0,4.449475119406398,4.449475119406398
steady,4500.0,60.0,8,6,4799.883990719257,0.1564888908059755,0.15648889080597553,0.0,0.05,3.12977781611951,2.958941808041429,0.8067394815994254,0.9932470448186494,0.6656134607617791,0.052399108515552136,0.106539415689247,1.0,1.0,1.0,3.12977781611951,3.12977781611951
steady,4500.0,60.0,8,7,4859.338747099768,0.1209394479255215,0.12093944792552155,0.0,0.05,2.41878895851043,2.958941808041429,0.8067394815994254,0.9932470448186494,0.6656134607617791,0.0233862933512107,0.05475679969272737,1.0,1.0,1.0,2.41878895851043,2.41878895851043
steady,4500.0,60.0,8,8,4920.243619489559,0.0965273583210346,0.09652735832103465,0.0,0.05,1.930547166420692,2.958941808041429,0.8067394815994254,0.9932470448186494,0.6656134607617791,0.01043755766467965,0.028142702803391567,1.0,1.0,1.0,1.930547166420692,1.930547166420692
steady,4500.0,70.0,1,1,4499.709976798144,4.28267930516925,,,0.05,85.653586103385,,,,0.4887470556694542,,,1.0,1.0,1.0,85.653586103385,85.653586103385
steady,4500.0,70.0,2,1,4499.709976798144,2.6616162086942508,2.6616162086942508,0.0,0.05,53.23232417388501,2.6616162086942508,0.7394364009370734,1.0,0.4887470556694542,2.6616162086942508,2.6616162086942508,1.0,1.0,1.0,53.23232417388501,53.23232417388501
steady,4500.0,70.0,2,2,4569.315545243619,1.2706100438115409,1.2706100438115409,0.0,0.05,25.412200876230816,2.6616162086942508,0.7394364009370734,1.0,0.4887470556694542,1.2706100438115409,1.6326206424474181,1.0,0.7782641054365227,1.0,25.412200876230816,19.777403782112994
steady,4500.0,70.0,3,1,4499.709976798144,2.3647103392939064,2.3647103392939064,0.0,0.05,47.294206785878124,2.371506377130476,0.8061492273187779,0.9988883196910474,0.4887470556694542,2.371506377130476,2.3647103392939064,0.9971342949350224,1.0,1.0,47.15867553794774,47.294206785878124
steady,4500.0,70.0,3,2,4569.315545243619,1.0894903116958807,1.0894903116958807,0.0,0.05,21.789806233917613,2.371506377130476,0.8061492273187779,0.9988883196910474,0.4887470556694542,1.059054075471211,1.4505002264147089,1.0,0.7511135068133297,1.0,21.789806233917613,16.36661777314081
steady,4500.0,70.0,3,3,4640.371229698376,0.4388690820225141,0.4388690820225141,0.0,0.05,8.777381640450281,2.371506377130476,0.8061492273187779,0.9988883196910474,0.4887470556694542,0.47294645529450896,0.8897288060479127,0.9279466567715906,0.49326163100408893,1.0,8.144941948464178,4.329545583913851
steady,4500.0,70.0,4,1,4499.709976798144,2.5494786071634032,2.5494786071634032,0.0,0.05,50.98957214326806,2.5421881617141655,0.7680475438855447,0.9956731502284983,0.4887470556694542,2.5421881617141655,2.5494786071634032,1.0,1.0,1.0,50.98957214326806,50.98957214326806
steady,4500.0,70.0,4,2,4569.315545243619,1.169097446209202,1.1690974462092019,0.0,0.05,23.38194892418404,2.5421881617141655,0.7680475438855447,0.9956731502284983,0.4887470556694542,1.1793667563535715,1.5638360586836981,0.9912925219495583,0.7475831240221223,1.0,23.17835111715016,17.47995042246721
steady,4500.0,70.0,4,3,4640.371229698376,0.4897785352717505,0.4897785352717505,0.0,0.05,9.79557070543501,2.5421881617141655,0.7680475438855447,0.9956731502284983,0.4887470556694542,0.5471294245403431,0.9592483779106363,0.8951785689158018,0.5105857320692581,1.0,8.768784965804864,5.001478639670713
steady,4500.0,70.0,4,4,4709.976798143851,0.3521434212187456,0.35214342121874564,0.0,0.05,7.042868424374912,2.5421881617141655,0.7680475438855447,0.9956731502284983,0.4887470556694542,0.2538231687345462,0.5883976427162677,1.0,0.5984786403852969,1.0,7.042868424374912,4.215006319032435
steady,4500.0,70.0,5,1,4499.709976798144,2.6506448903959114,2.6506448903959114,0.0,0.05,53.01289780791823,2.6312478911284254,0.7350778928501596,0.9917782269400668,0.4887470556694542,2.6312478911284254,2.6506448903959114,1.0,1.0,1.0,53.01289780791823,53.01289780791823
steady,4500.0,70.0,5,2,4569.315545243619,1.2284859227176634,1.2284859227176634,0.0,0.05,24.569718454353268,2.6312478911284254,0.7350778928501596,0.9917782269400668,0.4887470556694542,1.2615994543076539,1.62589089656211,0.9737527378623014,0.7555770964184955,1.0,23.92483061343241,18.564316529560166
steady,4500.0,70.0,5,3,4640.371229698376,0.5189898318490639,0.5189898318490639,0.0,0.05,10.379796636981277,2.6312478911284254,0.7350778928501596,0.9917782269400668,0.4887470556694542,0.6048967064166613,0.9973124718070758,0.857980918632373,0.5203883903193175,1.0,8.905667453814413,5.401525663760552
steady,4500.0,70.0,5,4,4709.976798143851,0.3765883653610505,0.37658836536105056,0.0,0.05,7.53176730722101,2.6312478911284254,0.7350778928501596,0.9917782269400668,0.4887470556694542,0.2900286808022794,0.6117459471143203,1.0,0.6155960119351235,1.0,7.53176730722101,4.636525917148598
steady,4500.0,70.0,5,5,4779.582366589327,0.2656074520234276,0.2656074520234276,0.0,0.05,5.312149040468552,2.6312478911284254,0.7350778928501596,0.9917782269400668,0.4887470556694542,0.1390595035410389,0.3752415761257921,1.0,0.7078305521624504,1.0,5.312149040468552,3.760101388484086
steady,4500.0,70.0,6,1,4499.709976798144,2.673861283472766,2.6738612834727666,0.0,0.05,53.47722566945532,2.6476563988206476,0.7207042118061117,0.9900495587527534,0.4887470556694542,2.6476563988206476,2.673861283472766,1.0,1.0,1.0,53.47722566945532,53.47722566945532
steady,4500.0,70.0,6,2,4569.315545243619,1.24485698592142,1.24485698592142,0.0,0.05,24.8971397184284,2.6476563988206476,0.7207042118061117,0.9900495587527534,0.4887470556694542,1.2878454897290412,1.6401317035036342,0.9666198281156648,0.7589981848787923,1.0,24.06606891519895,18.89688385496084
steady,4500.0,70.0,6,3,4640.371229698376,0.52482060434108,0.52482060434108,0.0,0.05,10.4964120868216,2.6476563988206476,0.7207042118061117,0.9900495587527534,0.4887470556694542,0.6264204094436894,1.0060477039197653,0.8378089162311331,0.521665724494249,1.0,8.793987634775371,5.475618415861982
steady,4500.0,70.0,6,4,4709.976798143851,0.3823716445844834,0.38237164458448347,0.0,0.05,7.647432891689668,2.6476563988206476,0.7207042118061117,0.9900495587527534,0.4887470556694542,0.30469690075178174,0.6171040901167416,1.0,0.6196226061508483,1.0,7.647432891689668,4.73852229871247
steady,4500.0,70.0,6,5,4779.582366589327,0.2706264505792199,0.27062645057921997,0.0,0.05,5.412529011584398,2.6476563988206476,0.7207042118061117,0.9900495587527534,0.4887470556694542,0.14820749759764457,0.3785282313702122,1.0,0.7149439015409632,1.0,5.412529011584398,3.8696546087458024
steady,4500.0,70.0,6,6,4850.638051044083,0.1804901700928635,0.18049017009286358,0.0,0.05,3.60980340185727,2.6476563988206476,0.7207042118061117,0.9900495587527534,0.4887470556694542,0.0720895496145849,0.23218712084237683,1.0,0.7773478969808646,1.0,3.60980340185727,2.8060730829481195
steady,4500.0,70.0,7,1,4499.709976798144,2.678956330665972,2.678956330665972,0.0,0.05,53.57912661331943,2.6466686644428856,0.7133946722444495,0.9878165493556383,0.4887470556694542,2.6466686644428856,2.678956330665972,1.0,1.0,1.0,53.57912661331943,53.57912661331943
steady,4500.0,70.0,7,2,4569.315545243619,1.2431304212093586,1.2431304212093586,0.0,0.05,24.86260842418717,2.6466686644428856,0.7133946722444495,0.9878165493556383,0.4887470556694542,1.2968095674809488,1.6432569772356995,0.9586067626136797,0.7565039664706386,1.0,23.833464571641663,18.808661889703906
steady,4500.0,70.0,7,3,4640.371229698376,0.5258165409745412,0.5258165409745412,0.0,0.05,10.516330819490824,2.6466686644428856,0.7133946722444495,0.9878165493556383,0.4887470556694542,0.63540823107305,1.0079647295193244,0.8275255422589741,0.5216616470551417,1.0,8.702532363973905,5.485966456272331
steady,4500.0,70.0,7,4,4709.976798143851,0.3851491482297146,0.38514914822971463,0.0,0.05,7.702982964594291,2.6466686644428856,0.7133946722444495,0.9878165493556383,0.4887470556694542,0.3113360899238691,0.6182799830030702,1.0,0.6229364670015559,1.0,7.702982964594291,4.798468993337539
steady,4500.0,70.0,7,5,4779.582366589327,0.2733166132101041,0.2733166132101041,0.0,0.05,5.466332264202081,2.6466686644428856,0.7133946722444495,0.9878165493556383,0.4887470556694542,0.1525478521507221,0.37924951755462,1.0,0.7206775501586252,1.0,5.466332264202081,3.9394629445182066
steady,4500.0,70.0,7,6,4850.638051044083,0.1829116104351181,0.1829116104351181,0.0,0.05,3.658232208702362,2.6466686644428856,0.7133946722444495,0.9878165493556383,0.4887470556694542,0.07474510006690514,0.23262955379342729,1.0,0.7862784734459912,1.0,3.658232208702362,2.87638923656945
steady,4500.0,70.0,7,7,4920.243619489559,0.1541366101805203,0.15413661018052036,0.0,0.05,3.082732203610406,2.6466686644428856,0.7133946722444495,0.9878165493556383,0.4887470556694542,0.03662345883763541,0.14269368000009422,1.0,1.0,1.0,3.082732203610406,3.082732203610406
steady,4500.0,70.0,8,1,4499.709976798144,2.6773503347880965,2.6773503347880965,0.0,0.05,53.54700669576193,2.6425853480818673,0.7099824002945375,0.9869184256219423,0.4887470556694542,2.6425853480818673,2.6773503347880965,1.0,1.0,1.0,53.54700669576193,53.54700669576193
steady,4500.0,70.0,8,2,4569.315545243619,1.2421499098667543,1.2421499098667543,0.0,0.05,24.842998197335085,2.6425853480818673,0.7099824002945375,0.9869184256219423,0.4887470556694542,1.2992346186252117,1.6422718682581767,0.9560628173386715,0.7563607060895472,1.0,23.75146684768372,18.790267657917713
steady,4500.0,70.0,8,3,4640.371229698376,0.5252317079129354,0.5252317079129354,0.0,0.05,10.504634158258707,2.6425853480818673,0.7099824002945375,0.9869184256219423,0.4887470556694542,0.6387724034947252,1.0073604691280216,0.8222517207058282,0.5213940034470279,1.0,8.63745351201344,5.4770532585209075
steady,4500.0,70.0,8,4,4709.976798143851,0.3848900245051715,0.38489002450517157,0.0,0.05,7.69780049010343,2.6425853480818673,0.7099824002945375,0.9869184256219423,0.4887470556694542,0.31405427289043925,0.6179093330254243,1.0,0.6228907769051855,1.0,7.69780049010343,4.794888927741643
steady,4500.0,70.0,8,5,4779.582366589327,0.2731335422735213,0.2731335422735213,0.0,0.05,5.462670845470426,2.6425853480818673,0.7099824002945375,0.9869184256219423,0.4887470556694542,0.1544056784249555,0.3790221629109825,1.0,0.7206268366361197,1.0,5.462670845470426,3.9365472109557107
steady,4500.0,70.0,8,6,4850.638051044083,0.1826734644290558,0.18267346442905583,0.0,0.05,3.6534692885811157,2.6425853480818673,0.7099824002945375,0.9869184256219423,0.4887470556694542,0.075913991904794,0.23249009571410453,1.0,0.7857257913201224,1.0,3.6534692885811157,2.870625047834162
steady,4500.0,70.0,8,7,4920.243619489559,0.1540880639376195,0.15408806393761956,0.0,0.05,3.08176127875239,2.6425853480818673,0.7099824002945375,0.9869184256219423,0.4887470556694542,0.037323330499933936,0.14260813718655307,1.0,1.0,1.0,3.08176127875239,3.08176127875239
steady,4500.0,70.0,8,8,4989.849187935034,0.1154903646102123,0.11549036461021234,0.0,0.05,2.309807292204246,2.6425853480818673,0.7099824002945375,0.9869184256219423,0.4887470556694542,0.01835012182410772,0.08747504158984676,1.0,1.0,1.0,2.309807292204246,2.309807292204246
steady,4500.0,80.0,1,1,4499.709976798144,4.28267930516925,,,0.05,85.653586103385,,,,0.40543448826779266,,,1.0,1.0,1.0,85.653586103385,85.653586103385
steady,4500.0,80.0,2,1,4499.709976798144,2.664942664779483,2.664942664779483,0.0,0.05,53.29885329558966,2.664942664779483,0.7389716540916339,1.0,0.40543448826779266,2.664942664779483,2.664942664779483,1.0,1.0,1.0,53.29885329558966,53.29885329558966
steady,4500.0,80.0,2,2,4579.4663573085845,1.272789424475075,1.272789424475075,0.0,0.05,25.4557884895015,2.664942664779483,0.7389716540916339,1.0,0.40543448826779266,1.2727894244750748,1.7766828440985216,1.0,0.7163852730963252,1.0,25.4557884895015,18.236151988933823
steady,4500.0,80.0,3,1,4499.709976798144,2.368570295749118,2.368570295749118,0.0,0.05,47.37140591498236,2.3758984728999075,0.8018136735401,0.9987243753887607,0.40543448826779266,2.3758984728999075,2.368570295749118,0.996915618560988,1.0,1.0,47.225294429838286,47.37140591498236
steady,4500.0,80.0,3,2,4579.4663573085845,1.098302990749223,1.098302990749223,0.0,0.05,21.966059814984458,2.3758984728999075,0.8018136735401,0.9987243753887607,0.40543448826779266,1.06562554911309,1.5790952147359,1.0,0.69552676779716,1.0,21.966059814984458,15.277982584355223
steady,4500.0,80.0,3,3,4660.672853828306,0.4415203899644754,0.4415203899644754,0.0,0.05,8.830407799289507,2.3758984728999075,0.8018136735401,0.9987243753887607,0.40543448826779266,0.4779487944771341,1.0527623780797164,0.9237817838781022,0.4193922571300729,1.0,8.157369869198767,3.703404658323026
steady,4500.0,80.0,4,1,4499.709976798144,2.5007071782072368,2.5007071782072368,0.0,0.05,50.01414356414473,2.493151543544024,0.7675306244007672,0.9951536024315178,0.40543448826779266,2.493151543544024,2.5007071782072368,1.0,1.0,1.0,50.01414356414473,50.01414356414473
steady,4500.0,80.0,4,2,4579.4663573085845,1.1466203672303048,1.1466203672303048,0.0,0.05,22.932407344606094,2.493151543544024,0.7675306244007672,0.9951536024315178,0.40543448826779266,1.157215821110797,1.6671891670894412,0.9908440122514729,0.6877566084669688,1.0,22.72243850391465,15.771914699309294
steady,4500.0,80.0,4,3,4660.672853828306,0.4775746766471004,0.47757467664710046,0.0,0.05,9.551493532942008,2.493151543544024,0.7675306244007672,0.9951536024315178,0.40543448826779266,0.5371307893805491,1.1114934779581147,0.8891217671544535,0.42966934680033925,1.0,8.49244080897373,4.103983987266857
steady,4500.0,80.0,4,4,4740.429234338747,0.3512466115877001,0.3512466115877001,0.0,0.05,7.0249322317540015,2.493151543544024,0.7675306244007672,0.9951536024315178,0.40543448826779266,0.24931346395146517,0.7410183414880289,1.0,0.474005286943865,1.0,7.0249322317540015,3.3298550182737614
steady,4500.0,80.0,5,1,4499.709976798144,2.5532852422490766,2.5532852422490766,0.0,0.05,51.06570484498153,2.533195397952649,0.7267704678098355,0.9908280438951433,0.40543448826779266,2.533195397952649,2.5532852422490766,1.0,1.0,1.0,51.06570484498153,51.06570484498153
steady,4500.0,80.0,5,2,4579.4663573085845,1.190836711240607,1.190836711240607,0.0,0.05,23.81673422481214,2.533195397952649,0.7267704678098355,0.9908280438951433,0.40543448826779266,1.2247185238626646,1.7022422830883852,0.9723350206909609,0.6995694579270274,1.0,23.15784476527383,16.66145985124391
steady,4500.0,80.0,5,3,4660.672853828306,0.5045928133117314,0.5045928133117314,0.0,0.05,10.091856266234629,2.533195397952649,0.7267704678098355,0.9908280438951433,0.40543448826779266,0.5921120273250949,1.1348629375155768,0.852191460442482,0.44462885924918627,1.0,8.600193730098102,4.4871305393626555
steady,4500.0,80.0,5,4,4740.429234338747,0.3720747307931232,0.37207473079312325,0.0,0.05,7.441494615862464,2.533195397952649,0.7267704678098355,0.9908280438951433,0.40543448826779266,0.28626712674948374,0.756598458246388,1.0,0.49177304914882103,1.0,7.441494615862464,3.6595264974672186
steady,4500.0,80.0,5,5,4820.185614849188,0.2674568924721975,0.2674568924721975,0.0,0.05,5.34913784944395,2.533195397952649,0.7267704678098355,0.9908280438951433,0.40543448826779266,0.13840095129905466,0.5044144170167282,1.0,0.5302324506385544,1.0,5.34913784944395,2.836286470714112
steady,4500.0,80.0,6,1,4499.709976798144,2.5624328597692623,2.5624328597692623,0.0,0.05,51.24865719538524,2.5360671858294226,0.7105572814156672,0.9897339446798505,0.40543448826779266,2.5360671858294226,2.5624328597692623,1.0,1.0,1.0,51.24865719538524,51.24865719538524
steady,4500.0,80.0,6,2,4579.4663573085845,1.2033634030663811,1.2033634030663811,0.0,0.05,24.06726806132762,2.5360671858294226,0.7105572814156672,0.9897339446798505,0.40543448826779266,1.2461480675855323,1.70834088150376,0.965666468028917,0.7044047333264808,1.0,23.240953743887403,16.95309754063641
steady,4500.0,80.0,6,3,4660.672853828306,0.5117870920564478,0.5117870920564478,0.0,0.05,10.235741841128956,2.5360671858294226,0.7105572814156672,0.9897339446798505,0.40543448826779266,0.6123201368733786,1.1389287942864725,0.8358162033829699,0.4493582870359137,1.0,8.555198884460614,4.599515420271537
steady,4500.0,80.0,6,4,4740.429234338747,0.3760818935983391,0.37608189359833916,0.0,0.05,7.521637871966782,2.5360671858294226,0.7105572814156672,0.9897339446798505,0.40543448826779266,0.30087592299291405,0.7593091124255129,1.0,0.4952948508638268,1.0,7.521637871966782,3.7254285080474987
steady,4500.0,80.0,6,5,4820.185614849188,0.2720349507078424,0.2720349507078424,0.0,0.05,5.440699014156848,2.5360671858294226,0.7105572814156672,0.9897339446798505,0.40543448826779266,0.14784148941937833,0.5062215751368574,1.0,0.5373831619766454,1.0,5.440699014156848,2.923740039590824
steady,4500.0,80.0,6,6,4899.941995359628,0.1692890102397989,0.16928901023979895,0.0,0.05,3.3857802047959775,2.5360671858294226,0.7105572814156672,0.9897339446798505,0.40543448826779266,0.0726449154731963,0.337491383865329,1.0,0.5016098731200533,1.0,3.3857802047959775,1.6983407789400986
steady,4500.0,80.0,7,1,4499.709976798144,2.5601894761071056,2.5601894761071056,0.0,0.05,51.20378952214211,2.5295359125809322,0.7031893876565952,0.9884652346818923,0.40543448826779266,2.5295359125809322,2.5601894761071056,1.0,1.0,1.0,51.20378952214211,51.20378952214211
steady,4500.0,80.0,7,2,4579.4663573085845,1.2033459411046348,1.2033459411046348,0.0,0.05,24.066918822092696,2.5295359125809322,0.7031893876565952,0.9884652346818923,0.40543448826779266,1.252130454950208,1.7068452466002546,0.9610387930005958,0.7050117422780391,1.0,23.129242616027284,16.967460370027702
steady,4500.0,80.0,7,3,4660.672853828306,0.5121468292746588,0.5121468292746588,0.0,0.05,10.242936585493176,2.5295359125809322,0.7031893876565952,0.9884652346818923,0.40543448826779266,0.6198096134615175,1.1379316738196004,0.8262970082287321,0.4500681728592528,1.0,8.463707856069636,4.610019753746108
steady,4500.0,80.0,7,4,4740.429234338747,0.3758649815772749,0.3758649815772749,0.0,0.05,7.517299631545497,2.5295359125809322,0.7031893876565952,0.9884652346818923,0.40543448826779266,0.30680825262300043,0.75864434509284,1.0,0.49544293582163057,1.0,7.517299631545497,3.7243929989037627
steady,4500.0,80.0,7,5,4820.185614849188,0.2719933715663563,0.27199337156635633,0.0,0.05,5.439867431327126,2.5295359125809322,0.7031893876565952,0.9884652346818923,0.40543448826779266,0.15187131956839714,0.5057783833448213,1.0,0.537771839451907,1.0,5.439867431327126,2.925407514919309
steady,4500.0,80.0,7,6,4899.941995359628,0.1691174354389925,0.16911743543899255,0.0,0.05,3.38234870877985,2.5295359125809322,0.7031893876565952,0.9884652346818923,0.40543448826779266,0.07517691427872987,0.33719591362352513,1.0,0.5015405839935828,1.0,3.38234870877985,1.6963851466713866
steady,4500.0,80.0,7,7,4979.698375870069,0.138878933210489,0.13887893321048905,0.0,0.05,2.7775786642097797,2.5295359125809322,0.7031893876565952,0.9884652346818923,0.40543448826779266,0.037212875061154976,0.22480415911109944,1.0,0.6177774190639163,1.0,2.7775786642097797,1.715925378422518
steady,4500.0,80.0,8,1,4499.709976798144,2.5599746658160223,2.5599746658160223,0.0,0.05,51.19949331632044,2.5294109763582386,0.7030442184466371,0.9895006546657247,0.40543448826779266,2.5294109763582386,2.5599746658160223,1.0,1.0,1.0,51.19949331632044,51.19949331632044
steady,4500.0,80.0,8,2,4579.4663573085845,1.2035938137090154,1.2035938137090154,0.0,0.05,24.07187627418031,2.5294109763582386,0.7030442184466371,0.9895006546657247,0.40543448826779266,1.2522503860220848,1.7067020353544942,0.9611446937000894,0.7052161354334006,1.0,23.13655614833348,16.975875558708402
steady,4500.0,80.0,8,3,4660.672853828306,0.5124653704126065,0.5124653704126065,0.0,0.05,10.24930740825213,2.5294109763582386,0.7030442184466371,0.9895006546657247,0.40543448826779266,0.6199589722466544,1.1378361967323114,0.8266117490896141,0.4503858919977475,1.0,8.472197923692434,4.616143459424757
steady,4500.0,80.0,8,4,4740.429234338747,0.3760298324645508,0.3760298324645508,0.0,0.05,7.520596649291016,2.5294109763582386,0.7030442184466371,0.9895006546657247,0.40543448826779266,0.3069267389008811,0.7585806917522888,1.0,0.4957018238836768,1.0,7.520596649291016,3.727973475747025
steady,4500.0,80.0,8,5,4820.185614849188,0.2721549839008082,0.2721549839008082,0.0,0.05,5.443099678016164,2.5294109763582386,0.7030442184466371,0.9895006546657247,0.40543448826779266,0.15195202790750162,0.5057359464850639,1.0,0.5381365232041022,1.0,5.443099678016164,2.9291307361809866
steady,4500.0,80.0,8,6,4899.941995359628,0.1696108263683406,0.16961082636834068,0.0,0.05,3.392216527366812,2.5294109763582386,0.7030442184466371,0.9895006546657247,0.40543448826779266,0.07522778519684024,0.3371676215174004,1.0,0.5030460089999698,1.0,3.392216527366812,1.7064409857556115
steady,4500.0,80.0,8,7,4979.698375870069,0.1392593939386459,0.1392593939386459,0.0,0.05,2.7851878787729176,2.5294109763582386,0.7030442184466371,0.9895006546657247,0.40543448826779266,0.03724346258193338,0.22478529712947423,1.0,0.6195218091085103,1.0,2.7851878787729176,1.7254846333644922
steady,4500.0,80.0,8,8,4998.549883990719,0.0124387909333209,0.02684592750937714,0.0,0.05,0.24877581866641799,2.5294109763582386,0.7030442184466371,0.9895006546657247,0.40543448826779266,0.018438340321497767,0.14986145341651183,0.6746155411188594,0.08300193712087932,1.0,0.1678280335269328,0.020648874858145302
steady,4500.0,90.0,1,1,4499.709976798144,4.28267930516925,,,0.05,85.653586103385,,,,0.396741814895877,,,1.0,1.0,1.0,85.653586103385,85.653586103385
steady,4500.0,90.0,2,1,4499.709976798144,2.654647333021314,2.654647333021314,0.0,0.05,53.09294666042627,2.654647333021314,0.7372925830115172,1.0,0.396741814895877,2.654647333021314,2.654647333021314,1.0,1.0,1.0,53.09294666042627,53.09294666042627
steady,4500.0,90.0,2,2,4589.61716937355,1.2700029605452694,1.2700029605452694,0.0,0.05,25.400059210905386,2.654647333021314,0.7372925830115172,1.0,0.396741814895877,1.2700029605452694,1.785270598823117,1.0,0.7113784102995246,1.0,25.400059210905386,18.06905374296767
steady,4500.0,90.0,3,1,4499.709976798144,2.5263803580741198,2.5263803580741193,0.0,0.05,50.52760716148239,2.5010690144229955,0.5990918980435179,0.9894414848261425,0.396741814895877,2.5010690144229955,2.5263803580741198,1.0,1.0,1.0,50.52760716148239,50.52760716148239
steady,4500.0,90.0,3,2,4589.61716937355,1.2817066572481903,1.2817066572481903,0.0,0.05,25.634133144963805,2.5010690144229955,0.5990918980435179,0.9894414848261425,0.396741814895877,1.37386281899745,1.6990100788946236,0.9329218605562752,0.7543843754488313,1.0,23.914643187346915,19.337989522735704
steady,4500.0,90.0,3,3,4679.524361948956,0.8385598373148918,0.8385598373148918,0.0,0.05,16.771196746297836,2.5010690144229955,0.5990918980435179,0.9894414848261425,0.396741814895877,0.7546769139671549,1.1425972494442687,1.0,0.7339067529899506,1.0,16.771196746297836,12.308494547831069
steady,4500.0,90.0,4,1,4499.709976798144,2.630463854009256,2.630463854009256,0.0,0.05,52.609277080185116,2.559755314150132,0.5232830882836211,0.9720335788427255,0.396741814895877,2.559755314150132,2.630463854009256,1.0,1.0,1.0,52.609277080185116,52.609277080185116
steady,4500.0,90.0,4,2,4589.61716937355,1.3324196759598113,1.3324196759598113,0.0,0.05,26.648393519196222,2.559755314150132,0.5232830882836211,0.9720335788427255,0.396741814895877,1.516839031878281,1.769007024554536,0.8784186376783133,0.7532020265975686,1.0,23.40844553144794,20.07162400422811
steady,4500.0,90.0,4,3,4679.524361948956,0.9171725701828553,0.9171725701828553,0.0,0.05,18.343451403657102,2.559755314150132,0.5232830882836211,0.9720335788427255,0.396741814895877,0.8988361645000951,1.1896707298044025,1.0,0.7709465713539497,1.0,18.343451403657102,14.14182096644724
steady,4500.0,90.0,4,4,4769.431554524362,0.6870610642375896,0.6870610642375896,0.0,0.05,13.741221284751791,2.559755314150132,0.5232830882836211,0.9720335788427255,0.396741814895877,0.5326250403860074,0.8000626485413413,1.0,0.8587590802923071,1.0,13.741221284751791,11.800398552586522
steady,4500.0,90.0,5,1,4499.709976798144,2.6483724871618954,2.6483724871618954,0.0,0.05,52.96744974323791,2.5391426951486338,0.4724141067305491,0.9628553821658266,0.396741814895877,2.5391426951486338,2.6483724871618954,1.0,1.0,1.0,52.96744974323791,52.96744974323791
steady,4500.0,90.0,5,2,4589.61716937355,1.3544671066961842,1.3544671066961842,0.0,0.05,27.089342133923683,2.5391426951486338,0.4724141067305491,0.9628553821658266,0.396741814895877,1.5831434497795018,1.7810507170762573,0.8555555132321285,0.7604876681556011,1.0,23.1764360125098,20.601110631296898
steady,4500.0,90.0,5,3,4679.524361948956,0.943008633302256,0.9430086333022561,0.0,0.05,18.86017266604512,2.5391426951486338,0.4724141067305491,0.9628553821658266,0.396741814895877,0.9870824461218506,1.1977702049749233,0.9553494107885757,0.7873034655441267,1.0,18.018054843877007,14.848679300737933
steady,4500.0,90.0,5,4,4769.431554524362,0.7189466448929701,0.7189466448929701,0.0,0.05,14.378932897859402,2.5391426951486338,0.4724141067305491,0.9628553821658266,0.396741814895877,0.6154412321748859,0.8055096074303668,1.0,0.8925363996420369,1.0,14.378932897859402,12.83372099934987
steady,4500.0,90.0,5,5,4859.338747099768,0.5517629134563246,0.5517629134563246,0.0,0.05,11.03525826912649,2.5391426951486338,0.4724141067305491,0.9628553821658266,0.396741814895877,0.38372469467883197,0.5417113607999692,1.0,1.0,1.0,11.03525826912649,11.03525826912649
steady,4500.0,90.0,6,1,4499.709976798144,2.6485394909484627,2.6485394909484627,0.0,0.05,52.97078981896925,2.5134471302524113,0.44720364381654554,0.9609261081754263,0.396741814895877,2.5134471302524113,2.6485394909484627,1.0,1.0,1.0,52.97078981896925,52.97078981896925
steady,4500.0,90.0,6,2,4589.61716937355,1.359099189445816,1.359099189445816,0.0,0.05,27.18198378891632,2.5134471302524113,0.44720364381654554,0.9609261081754263,0.396741814895877,1.6071324850039688,1.781163028397743,0.8456671756233337,0.7630403100542698,1.0,22.986911458612106,20.740949338184844
steady,4500.0,90.0,6,3,4679.524361948956,0.9476711924900671,0.9476711924900673,0.0,0.05,18.953423849801343,2.5134471302524113,0.44720364381654554,0.9609261081754263,0.396741814895877,1.0276225002972903,1.1978457351960827,0.9221977839293191,0.7911462758891378,1.0,17.4788054721599,14.994930694118697
steady,4500.0,90.0,6,4,4769.431554524362,0.7230073077639247,0.7230073077639247,0.0,0.05,14.460146155278494,2.5134471302524113,0.44720364381654554,0.9609261081754263,0.396741814895877,0.6570758870042045,0.8055604020807453,1.0,0.8975209132628817,1.0,14.460146155278494,12.978283583200302
steady,4500.0,90.0,6,5,4859.338747099768,0.5548378864835629,0.5548378864835629,0.0,0.05,11.096757729671257,2.5134471302524113,0.44720364381654554,0.9609261081754263,0.396741814895877,0.4201433125077134,0.5417455205901492,1.0,1.0,1.0,11.096757729671257,11.096757729671257
steady,4500.0,90.0,6,6,4950.696055684454,0.4224602399655945,0.42246023996559456,0.0,0.05,8.44920479931189,2.5134471302524113,0.44720364381654554,0.9609261081754263,0.396741814895877,0.26864538257485104,0.36432799864717547,1.0,1.0,1.0,8.44920479931189,8.44920479931189
steady,4500.0,90.0,7,1,4499.709976798144,2.648165883349051,2.648165883349051,0.0,0.05,52.96331766698101,2.531263372461761,0.4620728829640178,0.9646947367954484,0.396741814895877,2.531263372461761,2.648165883349051,1.0,1.0,1.0,52.96331766698101,52.96331766698101
steady,4500.0,90.0,7,2,4589.61716937355,1.3586805378502314,1.3586805378502314,0.0,0.05,27.173610757004624,2.531263372461761,0.4620728829640178,0.9646947367954484,0.396741814895877,1.5946362468760145,1.7809117744347667,0.8520316407657018,0.7629128839251204,1.0,23.152776158819176,20.73109774928507
steady,4500.0,90.0,7,3,4679.524361948956,0.9470731508933644,0.9470731508933644,0.0,0.05,18.94146301786729,2.531263372461761,0.4620728829640178,0.9646947367954484,0.396741814895877,1.004583239940685,1.197676764987739,0.9427522909393588,0.7907585573834356,1.0,17.857107653837527,14.978123970740434
steady,4500.0,90.0,7,4,4769.431554524362,0.7223751358591869,0.7223751358591869,0.0,0.05,14.447502717183736,2.531263372461761,0.4620728829640178,0.9646947367954484,0.396741814895877,0.6328637568265372,0.8054467683256017,1.0,0.8968626658728698,1.0,14.447502717183736,12.957425802138935
steady,4500.0,90.0,7,5,4859.338747099768,0.5543022519675311,0.5543022519675311,0.0,0.05,11.086045039350623,2.531263372461761,0.4620728829640178,0.9646947367954484,0.396741814895877,0.3986892462273676,0.5416691010222585,1.0,1.0,1.0,11.086045039350623,11.086045039350623
steady,4500.0,90.0,7,6,4950.696055684454,0.422061432555863,0.42206143255586304,0.0,0.05,8.441228651117259,2.531263372461761,0.4620728829640178,0.9646947367954484,0.396741814895877,0.2511648255138022,0.3642766059043305,1.0,1.0,1.0,8.441228651117259,8.441228651117259
steady,4500.0,90.0,7,7,4998.549883990719,0.0097913941640554,0.009791394164055412,0.0,0.05,0.19582788328110798,2.531263372461761,0.4620728829640178,0.9646947367954484,0.396741814895877,0.15822791854135634,0.24497879860369962,0.06188158356830185,0.039968332851100574,1.0,0.012118139524263544,0.007826914020505798
steady,4500.0,90.0,8,1,4500.520216327582,4.112152470101173,4.112152470101173,0.0,0.05,82.24304940202346,3.936921455110035,0.5352670689240497,0.9736174769647438,0.396741814895877,3.936921455110035,4.112152470101173,1.0,1.0,1.0,82.24304940202346,82.24304940202346
steady,4500.0,90.0,8,2,4590.414627865053,1.9664451507404228,1.9664451507404228,0.0,0.05,39.32890301480845,3.936921455110035,0.5352670689240497,0.9736174769647438,0.396741814895877,2.3051182862950412,2.765453931085519,0.8530777628340456,0.7110749988044593,1.0,33.55061259858994,27.965799664235618
steady,4500.0,90.0,8,3,4680.309039402524,1.233612977385686,1.233612977385686,0.0,0.05,24.672259547713722,3.936921455110035,0.5352670689240497,0.9736174769647438,0.396741814895877,1.349676485649693,1.8597888819935198,0.914006423392538,0.6633080718620967,1.0,22.550603706218215,16.365308909075196
steady,4500.0,90.0,8,4,4770.203450939996,0.863718561744008,0.863718561744008,0.0,0.05,17.274371234880157,3.936921455110035,0.5352670689240497,0.9736174769647438,0.396741814895877,0.7902529890748299,1.2507222220219822,1.0,0.6905758501257584,1.0,17.274371234880157,11.929263600915311
steady,4500.0,90.0,8,5,4860.097862477466,0.6513533963877676,0.6513533963877676,0.0,0.05,13.02706792775535,3.936921455110035,0.5352670689240497,0.9736174769647438,0.396741814895877,0.4627033169664271,0.8411202431658881,1.0,0.7743879685217679,1.0,13.02706792775535,10.088004668369543
steady,4500.0,90.0,8,6,4949.992274014937,0.4817578257758956,0.48175782577589565,0.0,0.05,9.635156515517911,3.936921455110035,0.5352670689240497,0.9736174769647438,0.396741814895877,0.2709187595511405,0.5656597852076928,1.0,0.8516741659458945,1.0,9.635156515517911,8.206013889111869
steady,4500.0,90.0,8,7,5039.886685552408,0.3472971407109047,0.3472971407109047,0.0,0.05,6.9459428142180935,3.936921455110035,0.5352670689240497,0.9736174769647438,0.396741814895877,0.1586264277462576,0.3804105241800816,1.0,0.9129535557920015,1.0,6.9459428142180935,6.3413231905683105
steady,4500.0,90.0,8,8,5129.781097089879,0.2550828842292091,0.2550828842292091,0.0,0.05,5.101657684584182,3.936921455110035,0.5352670689240497,0.9736174769647438,0.396741814895877,0.09287781924451365,0.2558289818213444,1.0,0.9970836080149187,1.0,5.101657684584182,5.086779251002232
steady,4500.0,100.0,1,1,4499.709976798144,4.28267930516925,,,0.05,85.653586103385,,,,0.39305674204113256,,,1.0,1.0,1.0,85.653586103385,85.653586103385
steady,4500.0,100.0,2,1,4499.658800113733,3.000753771375724,3.0007537713757237,0.0,0.05,60.01507542751448,3.000753771375724,0.8230219096758788,1.0,0.39305674204113256,3.000753771375724,3.000753771375724,1.0,1.0,1.0,60.01507542751448,60.01507542751448
steady,4500.0,100.0,2,2,4599.7156667614445,1.3176391394629257,1.3176391394629257,0.0,0.05,26.352782789258512,3.000753771375724,0.8230219096758788,1.0,0.39305674204113256,1.3176391394629259,2.025480126968704,0.9999999999999998,0.6505317538883386,1.0,26.352782789258505,17.143322007734763
steady,4500.0,100.0,3,1,4499.609592861127,3.500720093149759,3.500720093149759,0.0,0.05,70.01440186299517,3.483099060311984,0.6205083329263329,0.9973250443316027,0.39305674204113256,3.483099060311984,3.500720093149759,1.0,1.0,1.0,70.01440186299517,70.01440186299517
steady,4500.0,100.0,3,2,4599.665365309537,1.8072158829164733,1.8072158829164735,0.0,0.05,36.14431765832946,3.483099060311984,0.6205083329263329,0.9973250443316027,0.39305674204113256,1.8727615367297712,2.36295261756985,0.965000533955992,0.7648125779073314,1.0,34.87928583976292,27.643628764968437
steady,4500.0,100.0,3,3,4699.721137757948,1.0678828569815848,1.0678828569815848,0.0,0.05,21.357657139631694,3.483099060311984,0.6205083329263329,0.9973250443316027,0.39305674204113256,1.0069296660027547,1.5949704415974695,1.0,0.6695314402892814,1.0,21.357657139631694,14.29962294590226
steady,4500.0,100.0,4,1,4499.562243502051,3.5453017370400866,3.5453017370400866,0.0,0.05,70.90603474080173,3.489347218225854,0.5480491038679743,0.9904007562083944,0.39305674204113256,3.489347218225854,3.5453017370400866,1.0,1.0,1.0,70.90603474080173,70.90603474080173
steady,4500.0,100.0,4,2,4599.616963064295,1.8654816294203755,1.8654816294203753,0.0,0.05,37.30963258840751,3.489347218225854,0.5480491038679743,0.9904007562083944,0.39305674204113256,2.017109551067969,2.3930448012700993,0.9248291092730618,0.7795431278304018,1.0,34.50503427404212,29.08446768617028
steady,4500.0,100.0,4,3,4699.671682626538,1.188312483222641,1.188312483222641,0.0,0.05,23.76624966445282,3.489347218225854,0.5480491038679743,0.9904007562083944,0.39305674204113256,1.1660435853896924,1.6152823780993448,1.0,0.735668573702199,1.0,23.76624966445282,17.48408299289837
steady,4500.0,100.0,4,4,4799.726402188782,0.7996277229310831,0.7996277229310831,0.0,0.05,15.992554458621662,3.489347218225854,0.5480491038679743,0.9904007562083944,0.39305674204113256,0.6740623692493901,1.0903001730738535,1.0,0.7334014454723183,1.0,15.992554458621662,11.728962556747897
steady,4500.0,100.0,5,1,4499.516648764768,3.6389433477933286,3.6389433477933286,0.0,0.05,72.77886695586656,3.5424043428560226,0.509916246806283,0.984347557065002,0.39305674204113256,3.5424043428560226,3.6389433477933286,1.0,1.0,1.0,72.77886695586656,72.77886695586656
steady,4500.0,100.0,5,2,4599.570354457573,1.9098939037475515,1.9098939037475513,0.0,0.05,38.19787807495103,3.5424043428560226,0.509916246806283,0.984347557065002,0.39305674204113256,2.1273763133497567,2.45625199389193,0.8977696572827971,0.7775643168929608,1.0,34.29289590827885,29.7013069721099
steady,4500.0,100.0,5,3,4699.624060150376,1.2552062447348216,1.2552062447348216,0.0,0.05,25.10412489469643,3.5424043428560226,0.509916246806283,0.984347557065002,0.39305674204113256,1.2775870681529216,1.6579466292479177,0.9824819583917226,0.7570848316777312,1.0,24.664349790251745,19.00595217031799
steady,4500.0,100.0,5,4,4799.677765843179,0.8679626764526217,0.8679626764526217,0.0,0.05,17.359253529052435,3.5424043428560226,0.509916246806283,0.984347557065002,0.39305674204113256,0.7672496428906264,1.1190981349918745,1.0,0.775591209844098,1.0,17.359253529052435,13.463684446588205
steady,4500.0,100.0,5,5,4899.731471535983,0.6170469381184145,0.6170469381184145,0.0,0.05,12.340938762368289,3.5424043428560226,0.509916246806283,0.984347557065002,0.39305674204113256,0.46076860762755634,0.7553805494392785,1.0,0.8168689789225451,1.0,12.340938762368289,10.080930045761441
steady,4500.0,100.0,6,1,4499.4727128921695,3.992289459174103,3.992289459174103,0.0,0.05,79.84578918348205,3.8643045828604823,0.557807731705331,0.9806765089196973,0.39305674204113256,3.8643045828604823,3.992289459174103,1.0,1.0,1.0,79.84578918348205,79.84578918348205
steady,4500.0,100.0,6,2,4599.525441602953,1.9171849258079636,1.9171849258079634,0.0,0.05,38.34369851615927,3.8643045828604823,0.557807731705331,0.9806765089196973,0.39305674204113256,2.2121701617033795,2.6947572432630946,0.866653460478702,0.7114499573573593,1.0,33.2306990065815,27.279622674244955
steady,4500.0,100.0,6,3,4699.578170313736,1.2449969382565584,1.2449969382565584,0.0,0.05,24.899938765131168,3.8643045828604823,0.557807731705331,0.9806765089196973,0.39305674204113256,1.266384861596051,1.818935393933376,0.9831110399467846,0.6844646282704421,1.0,24.47940469399936,17.043127330832274
steady,4500.0,100.0,6,4,4799.630899024519,0.8298316020731388,0.8298316020731388,0.0,0.05,16.596632041462776,3.8643045828604823,0.557807731705331,0.9806765089196973,0.39305674204113256,0.7249580730465914,1.2277640130942764,1.0,0.6758885202879932,1.0,16.596632041462776,11.217473072268572
steady,4500.0,100.0,6,5,4899.683627735302,0.5754318646136266,0.5754318646136266,0.0,0.05,11.508637292272532,3.8643045828604823,0.557807731705331,0.9806765089196973,0.39305674204113256,0.4150114421085607,0.8287289789824033,1.0,0.6943547036574004,1.0,11.508637292272532,7.9910764365764
steady,4500.0,100.0,6,6,4999.736356446085,0.4163199101417713,0.41631991014177133,0.0,0.05,8.326398202835424,3.8643045828604823,0.557807731705331,0.9806765089196973,0.39305674204113256,0.2375785627949799,0.55938414327223,1.0,0.7442468921382438,1.0,8.326398202835424,6.196895985165723
steady,4500.0,100.0,7,1,4499.430346970482,4.244532119767221,4.2445321197672214,0.0,0.05,84.8906423953444,4.074160096611977,0.6026703180652043,0.9660563471169035,0.39305674204113256,4.074160096611977,4.244532119767221,1.0,1.0,1.0,84.8906423953444,84.8906423953444
steady,4500.0,100.0,7,2,4599.482133609529,1.845529437966824,1.845529437966824,0.0,0.05,36.91058875933648,4.074160096611977,0.6026703180652043,0.9660563471169035,0.39305674204113256,2.229983744810718,2.865018629278395,0.8275977088449464,0.6441596641316265,1.0,30.547118689344902,23.776312458114774
steady,4500.0,100.0,7,3,4699.533920248576,1.1399550774233018,1.1399550774233018,0.0,0.05,22.799101548466034,4.074160096611977,0.6026703180652043,0.9660563471169035,0.39305674204113256,1.2205773421263875,1.9338602028443164,0.9339474346110405,0.589471294639943,1.0,21.293162402626454,13.439415906401802
steady,4500.0,100.0,7,4,4799.585706887623,0.8103304536565215,0.8103304536565215,0.0,0.05,16.206609073130426,4.074160096611977,0.6026703180652043,0.9660563471169035,0.39305674204113256,0.6680806761839297,1.305337161136365,1.0,0.620782490365237,1.0,16.206609073130426,10.060779140793752
steady,4500.0,100.0,7,5,4899.63749352667,0.6095748858190599,0.6095748858190599,0.0,0.05,12.191497716381198,4.074160096611977,0.6026703180652043,0.9660563471169035,0.39305674204113256,0.3656726816776847,0.8810901127896659,1.0,0.6918417049183003,1.0,12.191497716381198,8.434586565608733
steady,4500.0,100.0,7,6,4999.689280165718,0.4602351641182269,0.46023516411822696,0.0,0.05,9.204703282364537,4.074160096611977,0.6026703180652043,0.9660563471169035,0.39305674204113256,0.20015024366388906,0.5947274083424382,1.0,0.7738590111408284,1.0,9.204703282364537,7.123142579935359
steady,4500.0,100.0,7,7,5099.741066804764,0.3407748058811357,0.34077480588113573,0.0,0.05,6.815496117622713,4.074160096611977,0.6026703180652043,0.9660563471169035,0.39305674204113256,0.1095518534633779,0.40143531870292243,1.0,0.8488909420880382,1.0,6.815496117622713,5.785612920086112
steady,4500.0,100.0,8,1,4499.38946832867,3.9332123161631354,3.9332123161631345,0.0,0.05,78.6642463232627,3.800627480605764,0.514856653479811,0.9855058379714149,0.39305674204113256,3.800627480605764,3.9332123161631354,1.0,1.0,1.0,78.6642463232627,78.6642463232627
steady,4500.0,100.0,8,2,4599.440345967947,2.0131408141906117,2.0131408141906113,0.0,0.05,40.262816283812235,3.800627480605764,0.514856653479811,0.9855058379714149,0.39305674204113256,2.27120272525819,2.6548807361440367,0.8863765404128591,0.7582791900153332,1.0,35.688015804924014,30.53045571942531
steady,4500.0,100.0,8,3,4699.491223607224,1.2989615205172484,1.2989615205172484,0.0,0.05,25.979230410344968,3.800627480605764,0.514856653479811,0.9855058379714149,0.39305674204113256,1.3572395204588856,1.792019132601628,0.9570613741619215,0.7248591808455943,1.0,24.863717956193934,18.831283674241607
steady,4500.0,100.0,8,4,4799.542101246502,0.8522608257999332,0.8522608257999332,0.0,0.05,17.045216515998664,3.800627480605764,0.514856653479811,0.9855058379714149,0.39305674204113256,0.8110676759099329,1.2095957938488975,1.0,0.7045831592122728,1.0,17.045216515998664,12.009772502299548
steady,4500.0,100.0,8,5,4899.592978885779,0.5873986687856282,0.5873986687856282,0.0,0.05,11.747973375712563,3.800627480605764,0.514856653479811,0.9855058379714149,0.39305674204113256,0.48468289125822517,0.8164656045679627,1.0,0.7194408013016709,1.0,11.747973375712563,8.451971379093342
steady,4500.0,100.0,8,6,4999.643856525057,0.4222720036858028,0.42227200368580287,0.0,0.05,8.445440073716055,3.800627480605764,0.514856653479811,0.9855058379714149,0.39305674204113256,0.2896398316143961,0.5511064827047525,1.0,0.7662257965345494,1.0,8.445440073716055,6.471114047567887
steady,4500.0,100.0,8,7,5099.694734164335,0.317529762633554,0.317529762633554,0.0,0.05,6.350595252671079,3.800627480605764,0.514856653479811,0.9855058379714149,0.39305674204113256,0.17308478093756544,0.3719916106446616,1.0,0.853593881010582,1.0,6.350595252671079,5.420829248454884
steady,4500.0,100.0,8,8,5199.7456118036125,0.245464492050538,0.245464492050538,0.0,0.05,4.90928984101076,3.800627480605764,0.514856653479811,0.9855058379714149,0.39305674204113256,0.10343308523977189,0.25109078323824285,1.0,0.9775926017070629,1.0,4.90928984101076,4.799285428207762
