friction_model,x1,spacing_m,n_total,frac_idx,x_f,delta_x,P_1d,P_2d,alpha_1d,alpha_2d
steady,2000.0,10.0,2,1,1999.7099767981438,0.0,0.6442314497888976,2.285617513806893,1.0,1.0
steady,2000.0,10.0,2,2,2009.8607888631088,10.150812064965066,0.1280842196950926,1.2853928245976205,0.1988170862149983,0.5623831707767623
steady,2000.0,10.0,3,1,1999.7099767981438,0.0,0.6527681883324801,1.8191582779894213,1.0,1.0
steady,2000.0,10.0,3,2,2009.8607888631088,10.150812064965066,0.11502546349289028,0.9532431416282471,0.1762118092591598,0.5240023109378887
steady,2000.0,10.0,3,3,2020.0116009280741,20.30162412993036,0.036971214065310426,0.6837595722790824,0.05663758548000743,0.3758659048814545
steady,2000.0,10.0,4,1,1999.7099767981438,0.0,0.6575489481792798,2.0428518898348846,1.0,1.0
steady,2000.0,10.0,4,2,2009.8607888631088,10.150812064965066,0.11517736177311111,0.8069496814033619,0.1751616546449226,0.39501134929002824
steady,2000.0,10.0,4,3,2020.0116009280741,20.30162412993036,0.034155331651667044,0.5912287133717731,0.05194340550044442,0.2894134010956417
steady,2000.0,10.0,4,4,2030.1624129930392,30.452436194895427,0.011935679419992318,0.48676427615004875,0.018151773268045852,0.23827683180173767
steady,2000.0,10.0,5,1,1999.7099767981438,0.0,0.6588063243918052,2.1815653179856374,1.0,1.0
steady,2000.0,10.0,5,2,2009.8607888631088,10.150812064965066,0.11658506956419354,0.8911707044445839,0.17696410196399098,0.4085005830893261
steady,2000.0,10.0,5,3,2020.0116009280741,20.30162412993036,0.03477728284236104,0.6639964627028113,0.05278832572602673,0.30436698696508285
steady,2000.0,10.0,5,4,2030.1624129930392,30.452436194895427,0.011462850734999098,0.5555519788608685,0.01739942424745442,0.25465750407777893
steady,2000.0,10.0,5,5,2040.3132250580045,40.60324825986072,0.005701332772002012,0.47828217387783367,0.008654034669848305,0.21923807182608618
steady,2000.0,10.0,6,1,1999.7099767981438,0.0,0.6617432986099295,2.21424639331295,1.0,1.0
steady,2000.0,10.0,6,2,2009.8607888631088,10.150812064965066,0.11489515899955322,1.1643941695135278,0.1736249679307734,0.5258647696254635
steady,2000.0,10.0,6,3,2020.0116009280741,20.30162412993036,0.033139180102794395,0.8342236095523249,0.0500786032475239,0.3767528365730616
steady,2000.0,10.0,6,4,2030.1624129930392,30.452436194895427,0.010850347496710346,0.6500465735840191,0.016396611071850354,0.2935746335851183
steady,2000.0,10.0,6,5,2040.3132250580045,40.60324825986072,0.0059177567277398134,0.5347860169790526,0.008942677228724136,0.2415205546203497
steady,2000.0,10.0,6,6,2050.46403712297,50.754060324826014,0.006116362424088559,0.4576359513685811,0.009242802211879902,0.20667797077626368
steady,2000.0,10.0,7,1,1999.7099767981438,0.0,0.6633010193241071,2.1174476032432503,1.0,1.0
steady,2000.0,10.0,7,2,2009.8607888631088,10.150812064965066,0.1133496515357575,1.1560698701056462,0.17088719636110156,0.5459733068884057
steady,2000.0,10.0,7,3,2020.0116009280741,20.30162412993036,0.03186880233629984,0.7781773897997447,0.048045761136887175,0.367507270832972
steady,2000.0,10.0,7,4,2030.1624129930392,30.452436194895427,0.010659417267586712,0.6092150782226444,0.01607025612360506,0.28771199688224747
steady,2000.0,10.0,7,5,2040.3132250580045,40.60324825986072,0.006557160101215229,0.5226758232499857,0.009885647556967225,0.2468423881891642
steady,2000.0,10.0,7,6,2050.46403712297,50.754060324826014,0.0068536005867996545,0.46219618086061176,0.010332564532741652,0.21827986683244274
steady,2000.0,10.0,7,7,2060.614849187935,60.90487238979108,0.006873925510779014,0.41681790160282817,0.010363206614371604,0.19684921646438708
steady,2000.0,10.0,8,1,1999.7099767981438,0.0,0.6689647683698597,1.8636942966668948,1.0,1.0
steady,2000.0,10.0,8,2,2009.8607888631088,10.150812064965066,0.10436136303867938,1.109896578351318,0.1560042740262514,0.5955357487203246
steady,2000.0,10.0,8,3,2020.0116009280741,20.30162412993036,0.025610663295078145,0.8391075362502186,0.03828402407123244,0.45023882819779615
steady,2000.0,10.0,8,4,2030.1624129930392,30.452436194895427,0.0098871668785188,0.666349270456722,0.01477980208526071,0.35754215251312815
steady,2000.0,10.0,8,5,2040.3132250580045,40.60324825986072,0.009138186718186843,0.5681067393710048,0.013660191313893661,0.30482828669220563
steady,2000.0,10.0,8,6,2050.46403712297,50.754060324826014,0.009268926039559939,0.49776246113505973,0.013855626600705077,0.26708374974655336
steady,2000.0,10.0,8,7,2060.614849187935,60.90487238979108,0.0072020053654232,0.44322954299871786,0.010765896360989416,0.23782309351453576
steady,2000.0,10.0,8,8,2069.3155452436195,69.60556844547568,0.004425125635306646,0.39334749777665334,0.006614885932019765,0.21105795005121372
steady,2000.0,20.0,2,1,1999.7099767981438,0.0,0.6453902623437694,2.2787264300579264,1.0,1.0
steady,2000.0,20.0,2,2,2020.0116009280741,20.30162412993036,0.13056171417694878,1.283700360331075,0.20229885976712278,0.5633411467906846
steady,2000.0,20.0,3,1,1999.7099767981438,0.0,0.6530825331590367,1.80066057269759,1.0,1.0
steady,2000.0,20.0,3,2,2020.0116009280741,20.30162412993036,0.11623891436517951,0.9542177654877809,0.1779850301659704,0.529926505836831
steady,2000.0,20.0,3,3,2040.3132250580045,40.60324825986072,0.038512515066105146,0.6793050749695435,0.05897036455685868,0.3772532620914051
steady,2000.0,20.0,4,1,1999.7099767981438,0.0,0.655208026511452,1.9990250102310199,1.0,1.0
steady,2000.0,20.0,4,2,2020.0116009280741,20.30162412993036,0.11791900759451644,0.8865551434377966,0.17997186057435363,0.4434937726643754
steady,2000.0,20.0,4,3,2040.3132250580045,40.60324825986072,0.037025721508726656,0.6129573021868227,0.05650987169046761,0.30662813073858713
steady,2000.0,20.0,4,4,2060.614849187935,60.90487238979108,0.014419768446601653,0.49728659944197284,0.02200792399228891,0.2487645711768775
steady,2000.0,20.0,5,1,1999.7099767981438,0.0,0.6555187641209756,2.1267481582685854,1.0,1.0
steady,2000.0,20.0,5,2,2020.0116009280741,20.30162412993036,0.11793831011575406,0.8622230438387853,0.17991599412704012,0.4054184979479342
steady,2000.0,20.0,5,3,2040.3132250580045,40.60324825986072,0.03675378900606025,0.6244653634209923,0.05606824856546343,0.2936244994467883
steady,2000.0,20.0,5,4,2060.614849187935,60.90487238979108,0.014022254802345794,0.49726593693053817,0.021391080728480862,0.23381514872704492
steady,2000.0,20.0,5,5,2079.4663573085845,79.75638051044075,0.006321870093432893,0.39609449808973657,0.009644071900688101,0.1862441947109537
steady,2000.0,20.0,6,1,1999.7099767981438,0.0,0.6553881818681773,2.046646152434848,1.0,1.0
steady,2000.0,20.0,6,2,2020.0116009280741,20.30162412993036,0.11804123771328988,1.1723235149483087,0.18010888963059196,0.5728022470096369
steady,2000.0,20.0,6,3,2040.3132250580045,40.60324825986072,0.036702190938508815,0.8167504049820462,0.056000690817905194,0.3990677157408852
steady,2000.0,20.0,6,4,2060.614849187935,60.90487238979108,0.013952621007118988,0.6070269202193435,0.021289094605501102,0.29659593061417944
steady,2000.0,20.0,6,5,2079.4663573085845,79.75638051044075,0.006243309175950158,0.4706793849520961,0.009526124133263541,0.22997594596024315
steady,2000.0,20.0,6,6,2099.767981438515,100.05800464037134,0.004513869514881001,0.3573846244969563,0.006887322108882498,0.1746196449600162
steady,2000.0,20.0,7,1,1999.7099767981438,0.0,0.6581156366000157,2.132957309096535,1.0,1.0
steady,2000.0,20.0,7,2,2020.0116009280741,20.30162412993036,0.11501167028668477,0.9613490333649253,0.17475906039987565,0.4507118024655298
steady,2000.0,20.0,7,3,2040.3132250580045,40.60324825986072,0.033958741581249,0.6942845669130645,0.051599961606577316,0.3255032643888899
steady,2000.0,20.0,7,4,2060.614849187935,60.90487238979108,0.012825238969700042,0.5463781402230722,0.0194878198548181,0.2561599043229345
steady,2000.0,20.0,7,5,2079.4663573085845,79.75638051044075,0.006569254477941234,0.44292779467787796,0.00998191520244009,0.20765900601427914
steady,2000.0,20.0,7,6,2099.767981438515,100.05800464037134,0.005424436607434296,0.36037485257475466,0.008242376120188005,0.16895549246946723
steady,2000.0,20.0,7,7,2120.0696055684452,120.35962877030147,0.005212489504693139,0.29010435027005105,0.007920324658478133,0.1360103875651087
steady,2000.0,20.0,8,1,1999.7099767981438,0.0,0.6650150389465187,1.8572875424348496,1.0,1.0
steady,2000.0,20.0,8,2,2020.0116009280741,20.30162412993036,0.10612210835971814,1.1032066926553825,0.15957850897301679,0.5939880968614644
steady,2000.0,20.0,8,3,2040.3132250580045,40.60324825986072,0.02722380647653373,0.8177625833112719,0.040937129060510016,0.44029939609631424
steady,2000.0,20.0,8,4,2060.614849187935,60.90487238979108,0.01134476120553089,0.6328975060777322,0.017059405488788124,0.34076441671924534
steady,2000.0,20.0,8,5,2079.4663573085845,79.75638051044075,0.008799318397176119,0.5052156308303807,0.01323175850446259,0.2720179935994497
steady,2000.0,20.0,8,6,2099.767981438515,100.05800464037134,0.008122948903614667,0.40299184580874686,0.01221468452274795,0.21697870502078334
steady,2000.0,20.0,8,7,2120.0696055684452,120.35962877030147,0.006070653932856825,0.3210499082795278,0.009128596463733558,0.17285956048498594
steady,2000.0,20.0,8,8,2140.371229698376,140.66125290023206,0.003242066355172531,0.25063048890232636,0.004875177500208777,0.13494436546629562
steady,2000.0,30.0,2,1,1999.7099767981438,0.0,0.6464914850473842,2.2734491651710904,1.0,1.0
steady,2000.0,30.0,2,2,2030.1624129930392,30.452436194895427,0.1316070706424728,1.2880585336890829,0.20357123595034934,0.5665657950140042
steady,2000.0,30.0,3,1,1999.7099767981438,0.0,0.6518632107824457,1.764144788841058,1.0,1.0
steady,2000.0,30.0,3,2,2030.1624129930392,30.452436194895427,0.11878496011544443,0.9591641862354474,0.18222375208575467,0.543699243000096
steady,2000.0,30.0,3,3,2060.614849187935,60.90487238979108,0.04054509797185653,0.6797581487190096,0.0621987823537232,0.3853187975379117
steady,2000.0,30.0,4,1,1999.7099767981438,0.0,0.6546886563753134,1.79005870525476,1.0,1.0
steady,2000.0,30.0,4,2,2030.1624129930392,30.452436194895427,0.11790333088869048,0.7592511856727426,0.1800906885136254,0.4241487630790782
steady,2000.0,30.0,4,3,2060.614849187935,60.90487238979108,0.0391866513700306,0.47945163204901203,0.059855399949936,0.26784128958540315
steady,2000.0,30.0,4,4,2089.6171693735496,89.90719257540582,0.008894907630818056,0.3149940270600271,0.01358646975810571,0.17596854568811326
steady,2000.0,30.0,5,1,1999.7099767981438,0.0,0.6525614737673614,1.9339738902781665,1.0,1.0
steady,2000.0,30.0,5,2,2030.1624129930392,30.452436194895427,0.12147957277962475,0.933041193260318,0.18615805201968189,0.48244766796004535
steady,2000.0,30.0,5,3,2060.614849187935,60.90487238979108,0.04187915906851113,0.6258779391522573,0.06417657301577243,0.3236227450114315
steady,2000.0,30.0,5,4,2089.6171693735496,89.90719257540582,0.009755321503533804,0.420132748237354,0.01494927588540353,0.2172380663199779
steady,2000.0,30.0,5,5,2120.0696055684452,120.35962877030147,0.006572673894762897,0.28003904329710855,0.01007211451944535,0.14479980557381264
steady,2000.0,30.0,6,1,1999.7099767981438,0.0,0.6516619506638184,1.830037565823546,1.0,1.0
steady,2000.0,30.0,6,2,2030.1624129930392,30.452436194895427,0.12277713578866602,1.0523685113323917,0.1884061754159477,0.5750529557347143
steady,2000.0,30.0,6,3,2060.614849187935,60.90487238979108,0.042944430549051164,0.7311763114032176,0.06589985882297658,0.39954169524065297
steady,2000.0,30.0,6,4,2089.6171693735496,89.90719257540582,0.010274237636548457,0.4724265135841125,0.015766207657333005,0.2581512655296303
steady,2000.0,30.0,6,5,2120.0696055684452,120.35962877030147,0.006423174247902157,0.30906414968071716,0.00985660470334222,0.1688840466734536
steady,2000.0,30.0,6,6,2150.522041763341,150.81206496519712,0.004496687181832842,0.198455651925633,0.006900337172136982,0.10844348533158378
steady,2000.0,30.0,7,1,1999.7099767981438,0.0,0.6552339573987347,1.7485424180073945,1.0,1.0
steady,2000.0,30.0,7,2,2030.1624129930392,30.452436194895427,0.11802125699066034,0.9542754960541909,0.18012078839625817,0.545754844850527
steady,2000.0,30.0,7,3,2060.614849187935,60.90487238979108,0.03890752383399261,0.6420720426306048,0.0593795901367119,0.36720415588333155
steady,2000.0,30.0,7,4,2089.6171693735496,89.90719257540582,0.008584981865848395,0.4158676042824497,0.013102162622844818,0.23783672617811838
steady,2000.0,30.0,7,5,2120.0696055684452,120.35962877030147,0.0060354226460182575,0.27497132967325383,0.009211095636707781,0.15725745446118825
steady,2000.0,30.0,7,6,2150.522041763341,150.81206496519712,0.003951607668193071,0.18681513305814554,0.006030834671452121,0.10684049247774983
steady,2000.0,30.0,7,7,2179.5243619489556,179.81438515081186,0.003073742046907247,0.15832414335647932,0.0046910603643161896,0.09054635548212922
steady,2000.0,30.0,8,1,1999.7099767981438,0.0,0.6619945740061033,1.6685000164926986,1.0,1.0
steady,2000.0,30.0,8,2,2030.1624129930392,30.452436194895427,0.1065648008002562,0.912012671676689,0.16097533874843167,0.5466063306333087
steady,2000.0,30.0,8,3,2060.614849187935,60.90487238979108,0.031122675591316252,0.6647920202365515,0.047013490462580916,0.3984369275788141
steady,2000.0,30.0,8,4,2089.6171693735496,89.90719257540582,0.007362446125438271,0.4538976085476156,0.01112161098373352,0.27203931918546786
steady,2000.0,30.0,8,5,2120.0696055684452,120.35962877030147,0.005110689011514133,0.3014635841523964,0.007720137312586213,0.18067940136200508
steady,2000.0,30.0,8,6,2150.522041763341,150.81206496519712,0.00440468501252301,0.20423036234568737,0.006653657273756447,0.12240357226665996
steady,2000.0,30.0,8,7,2179.5243619489556,179.81438515081186,0.0034870814571571246,0.17366837099453147,0.005267537822938372,0.1040865263876918
steady,2000.0,30.0,8,8,2209.9767981438513,210.2668213457075,0.002449149952475259,0.1474732401926224,0.0036996526084104716,0.08838671785129572
steady,2000.0,40.0,2,1,1999.7099767981438,0.0,0.648575238822785,2.2556855319420506,1.0,1.0
steady,2000.0,40.0,2,2,2040.3132250580045,40.60324825986072,0.13193215561720714,1.286795845241166,0.20341842814825056,0.5704677478395177
steady,2000.0,40.0,3,1,1999.7099767981438,0.0,0.6578827203822601,1.4872575826138446,1.0,1.0
steady,2000.0,40.0,3,2,2040.3132250580045,40.60324825986072,0.12981124418065546,0.670283796298765,0.1973166951477752,0.4506844033840769
steady,2000.0,40.0,3,3,2079.4663573085845,79.75638051044075,0.028144601060539086,0.27883850485335426,0.0427805750000331,0.18748501141496793
steady,2000.0,40.0,4,1,1999.7099767981438,0.0,0.6593833207085464,1.8089158714910414,1.0,1.0
steady,2000.0,40.0,4,2,2040.3132250580045,40.60324825986072,0.12936582851409545,0.6529250304869904,0.1961921456780014,0.3609482567858734
steady,2000.0,40.0,4,3,2079.4663573085845,79.75638051044075,0.025553144810555456,0.26783611636073906,0.038753095518244365,0.14806444046508854
steady,2000.0,40.0,4,4,2120.0696055684452,120.35962877030147,0.013867047991124178,0.21004831316050435,0.02103032872627596,0.11611834274380438
steady,2000.0,40.0,5,1,1999.7099767981438,0.0,0.6574924174689666,1.7136767922383662,1.0,1.0
steady,2000.0,40.0,5,2,2040.3132250580045,40.60324825986072,0.1349236281654264,0.8770024457472906,0.20520940558496215,0.5117665418119888
steady,2000.0,40.0,5,3,2079.4663573085845,79.75638051044075,0.026406316633980496,0.43186223299872134,0.04016216146740105,0.2520091507072536
steady,2000.0,40.0,5,4,2120.0696055684452,120.35962877030147,0.014132863440157049,0.3380713925537893,0.021495097227983036,0.19727838649912977
steady,2000.0,40.0,5,5,2160.672853828306,160.9628770301622,0.0061117241890448456,0.25392314006953587,0.00929550520532553,0.1481744639477011
steady,2000.0,40.0,6,1,1999.7099767981438,0.0,0.6567224678755849,1.8159227468021266,1.0,1.0
steady,2000.0,40.0,6,2,2040.3132250580045,40.60324825986072,0.13595768500175645,0.8597291621346962,0.20702456768619867,0.47343928239716976
steady,2000.0,40.0,6,3,2079.4663573085845,79.75638051044075,0.026626425677866442,0.33235189449136454,0.04054441104169864,0.18302094352672346
steady,2000.0,40.0,6,4,2120.0696055684452,120.35962877030147,0.014319634256350003,0.28391426505336603,0.021804696743012664,0.15634710537843324
steady,2000.0,40.0,6,5,2160.672853828306,160.9628770301622,0.00598830639029383,0.20232812982326245,0.009118473454494793,0.11141890819946279
steady,2000.0,40.0,6,6,2199.825986078886,200.11600928074245,0.003999692259112742,0.15016171090097302,0.006090384378124364,0.0826916845253525
steady,2000.0,40.0,7,1,1999.7099767981438,0.0,0.6597134445777764,1.6853530669962467,1.0,1.0
steady,2000.0,40.0,7,2,2040.3132250580045,40.60324825986072,0.12876088420147583,0.8551233372705315,0.19517698973663355,0.5073852796877699
steady,2000.0,40.0,7,3,2079.4663573085845,79.75638051044075,0.025975918065788126,0.4116949919952953,0.039374547054157716,0.2442781871985119
steady,2000.0,40.0,7,4,2120.0696055684452,120.35962877030147,0.012998985548051583,0.32989921147341067,0.019703987625068142,0.195744866718865
steady,2000.0,40.0,7,5,2160.672853828306,160.9628770301622,0.005552848199997179,0.24606783050453376,0.008417060840030419,0.14600372783792595
steady,2000.0,40.0,7,6,2199.825986078886,200.11600928074245,0.0034332148269554234,0.18188091846407659,0.00520410013646564,0.10791858514740617
steady,2000.0,40.0,7,7,2240.429234338747,240.71925754060317,0.002919136749026133,0.1572757934329524,0.004424855629392867,0.09331919614520905
steady,2000.0,40.0,8,1,1999.7099767981438,0.0,0.6631474076919321,1.6509576108955915,1.0,1.0
steady,2000.0,40.0,8,2,2040.3132250580045,40.60324825986072,0.11313420701651893,0.8402063861516668,0.170601898920603,0.5089206292194757
steady,2000.0,40.0,8,3,2079.4663573085845,79.75638051044075,0.02553376869522716,0.43781639778727865,0.03850391089380383,0.2651893633718296
steady,2000.0,40.0,8,4,2120.0696055684452,120.35962877030147,0.010864591985576644,0.32820899494999917,0.016383373982250166,0.19879916527472583
steady,2000.0,40.0,8,5,2160.672853828306,160.9628770301622,0.0046508801179142665,0.25316238316772627,0.007013342831424974,0.15334275180475035
steady,2000.0,40.0,8,6,2199.825986078886,200.11600928074245,0.0035031672713113993,0.18298050430098567,0.005282637360378268,0.11083295118747756
steady,2000.0,40.0,8,7,2240.429234338747,240.71925754060317,0.0036821959329724333,0.16168147728328877,0.005552605484485303,0.09793193732913698
steady,2000.0,40.0,8,8,2279.582366589327,279.8723897911834,0.0024123547582193855,0.13043889843051865,0.0036377353364247106,0.07900802393088684
steady,2000.0,50.0,2,1,1999.7099767981438,0.0,0.6500936947037425,2.238217964423477,1.0,1.0
steady,2000.0,50.0,2,2,2050.46403712297,50.754060324826014,0.1311358621957364,1.3018856681528013,0.2017184034610534,0.5816617008916477
steady,2000.0,50.0,3,1,1999.7099767981438,0.0,0.6584506618276357,1.478198469689306,1.0,1.0
steady,2000.0,50.0,3,2,2050.46403712297,50.754060324826014,0.12914182162965665,0.6655234257802886,0.1961298379915099,0.4502260281193303
steady,2000.0,50.0,3,3,2099.767981438515,100.05800464037134,0.028635688281361416,0.27093813668037137,0.04348949730246828,0.1832894176499305
steady,2000.0,50.0,4,1,1999.7099767981438,0.0,0.6586495928395673,1.7585675698786984,1.0,1.0
steady,2000.0,50.0,4,2,2050.46403712297,50.754060324826014,0.13240384463742058,0.6854814851877533,0.20102319363259863,0.3897953635270529
steady,2000.0,50.0,4,3,2099.767981438515,100.05800464037134,0.02662105373441863,0.26794305970061316,0.04041762725404575,0.15236438126690532
steady,2000.0,50.0,4,4,2150.522041763341,150.81206496519712,0.014632757775854726,0.21786595418362303,0.022216301254768936,0.12388830427405804
steady,2000.0,50.0,5,1,1999.7099767981438,0.0,0.65539105274776,1.5775269663796654,1.0,1.0
steady,2000.0,50.0,5,2,2050.46403712297,50.754060324826014,0.13899767549226297,0.7721116811358154,0.2120835719522081,0.4894443629751495
steady,2000.0,50.0,5,3,2099.767981438515,100.05800464037134,0.027185698013038242,0.3698238211268728,0.041480117708444196,0.23443264616616818
steady,2000.0,50.0,5,4,2150.522041763341,150.81206496519712,0.0157877452275617,0.28752566066651614,0.02408904601515505,0.18226354718130186
steady,2000.0,50.0,5,5,2199.825986078886,200.11600928074245,0.008476022478288938,0.19554422009811995,0.012932771118483823,0.12395618221784367
steady,2000.0,50.0,6,1,1999.7099767981438,0.0,0.6549051023057533,1.9565598551726826,1.0,1.0
steady,2000.0,50.0,6,2,2050.46403712297,50.754060324826014,0.13957206547841422,0.7750533144029934,0.21311799982473292,0.39613064346277743
steady,2000.0,50.0,6,3,2099.767981438515,100.05800464037134,0.027352433574673287,0.3332577486393189,0.04176549163897543,0.1703284199347462
steady,2000.0,50.0,6,4,2150.522041763341,150.81206496519712,0.015876747961628603,0.2742524003529725,0.024242822213066652,0.1401707183288637
steady,2000.0,50.0,6,5,2199.825986078886,200.11600928074245,0.008263886239629674,0.19734748983109007,0.012618448398912522,0.100864529806921
steady,2000.0,50.0,6,6,2250.580046403712,250.87006960556823,0.005448989456165513,0.1689995735839601,0.008320273329648853,0.08637587709732727
steady,2000.0,50.0,7,1,1999.7099767981438,0.0,0.6592960981264376,1.7370190189433838,1.0,1.0
steady,2000.0,50.0,7,2,2050.46403712297,50.754060324826014,0.1293347232910617,0.9032307983215513,0.19617092177338855,0.5199890090270745
steady,2000.0,50.0,7,3,2099.767981438515,100.05800464037134,0.026451214459253712,0.4630833419550718,0.04012038677981222,0.266596586971605
steady,2000.0,50.0,7,4,2150.522041763341,150.81206496519712,0.01389018238301599,0.35623176462513856,0.021068200498211013,0.20508224765542968
steady,2000.0,50.0,7,5,2199.825986078886,200.11600928074245,0.007758676093606942,0.25083491643618083,0.011768120751291036,0.14440539435703006
steady,2000.0,50.0,7,6,2250.580046403712,250.87006960556823,0.00452748850478071,0.20970304538436643,0.006867155012211893,0.12072581998090458
steady,2000.0,50.0,7,7,2299.8839907192573,300.17401392111356,0.0027598621148161883,0.16374666706158253,0.00418607378787628,0.09426878190498365
steady,2000.0,50.0,8,1,1999.7099767981438,0.0,0.6629843327457501,1.7628680094351796,1.0,1.0
steady,2000.0,50.0,8,2,2050.46403712297,50.754060324826014,0.11050618659414746,0.8937412940853123,0.16667993666831615,0.5069814015013329
steady,2000.0,50.0,8,3,2099.767981438515,100.05800464037134,0.02551928658371101,0.45901365397048033,0.03849153791918863,0.26037891181515493
steady,2000.0,50.0,8,4,2150.522041763341,150.81206496519712,0.011220575162937469,0.3408171835526856,0.016924344375480863,0.19333108419267472
steady,2000.0,50.0,8,5,2199.825986078886,200.11600928074245,0.006152162770751629,0.2535249704098869,0.009279499479682186,0.14381392654071473
steady,2000.0,50.0,8,6,2250.580046403712,250.87006960556823,0.003759049057149115,0.2105329758120783,0.005669891234957258,0.11942639760054002
steady,2000.0,50.0,8,7,2299.8839907192573,300.17401392111356,0.002448144719325077,0.1672779139702368,0.0036926132314259734,0.09488964180808546
steady,2000.0,50.0,8,8,2350.6380510440836,350.9280742459398,0.0030745218180000546,0.14425676694244252,0.004637397395601975,0.08183072480205832
steady,2000.0,60.0,2,1,1999.7099767981438,0.0,0.6512510359470646,2.229632342246466,1.0,1.0
steady,2000.0,60.0,2,2,2060.614849187935,60.90487238979108,0.13094490215897323,1.3218137463226294,0.20106670842918517,0.592839331075919
steady,2000.0,60.0,3,1,1999.7099767981438,0.0,0.6590645901042287,1.4919777152037887,1.0,1.0
steady,2000.0,60.0,3,2,2060.614849187935,60.90487238979108,0.12826985163977825,0.6881737440835428,0.1946240984051242,0.4612493451281512
steady,2000.0,60.0,3,3,2120.0696055684452,120.35962877030147,0.028832869536602246,0.2779979756713993,0.04374816970828676,0.18632850399741233
steady,2000.0,60.0,4,1,1999.7099767981438,0.0,0.6574042641935366,1.5711275011265573,1.0,1.0
steady,2000.0,60.0,4,2,2060.614849187935,60.90487238979108,0.13528739906276402,0.7270992942930217,0.20579026701131356,0.46278821659710256
steady,2000.0,60.0,4,3,2120.0696055684452,120.35962877030147,0.029277878802680398,0.28656453662780473,0.044535577873983996,0.1823941955203045
steady,2000.0,60.0,4,4,2179.5243619489556,179.81438515081186,0.01469873683334583,0.16955258523933425,0.022358748845928682,0.10791777568514248
steady,2000.0,60.0,5,1,1999.7099767981438,0.0,0.6527628774456239,1.6016407380638251,1.0,1.0
steady,2000.0,60.0,5,2,2060.614849187935,60.90487238979108,0.14335501197830955,0.7953033318000811,0.2196126908124478,0.49655538405042016
steady,2000.0,60.0,5,3,2120.0696055684452,120.35962877030147,0.030107695147201918,0.38870496949961225,0.04612347942490025,0.24269173495768215
steady,2000.0,60.0,5,4,2179.5243619489556,179.81438515081186,0.014005175108361169,0.23766580692140857,0.021455226074077443,0.14838896218930817
steady,2000.0,60.0,5,5,2240.429234338747,240.71925754060317,0.008466866177251562,0.1732336457755412,0.012970814471533523,0.10816011459908176
steady,2000.0,60.0,6,1,1999.7099767981438,0.0,0.6534384820854269,1.9972713628001049,1.0,1.0
steady,2000.0,60.0,6,2,2060.614849187935,60.90487238979108,0.14195084947077752,0.7825985631915519,0.2172367458643485,0.39183386782974544
steady,2000.0,60.0,6,3,2120.0696055684452,120.35962877030147,0.030010401472471224,0.3501063713388542,0.045926896403000385,0.17529234026968538
steady,2000.0,60.0,6,4,2179.5243619489556,179.81438515081186,0.013988571165036504,0.22697531874875865,0.02140763292726876,0.11364270422950798
steady,2000.0,60.0,6,5,2240.429234338747,240.71925754060317,0.008241353145911312,0.18423140329417187,0.01261228619350564,0.09224154850740254
steady,2000.0,60.0,6,6,2299.8839907192573,300.17401392111356,0.005745231928522163,0.13771213704879467,0.008792307288340975,0.06895013848079565
steady,2000.0,60.0,7,1,1999.7099767981438,0.0,0.6603143256707228,1.8410056791863474,1.0,1.0
steady,2000.0,60.0,7,2,2060.614849187935,60.90487238979108,0.12702641530889583,0.9271658616618279,0.19237264795045467,0.5036192295026483
steady,2000.0,60.0,7,3,2120.0696055684452,120.35962877030147,0.02893494466497324,0.43400622244412485,0.04381995595140571,0.2357440975608172
steady,2000.0,60.0,7,4,2179.5243619489556,179.81438515081186,0.013891402327354236,0.2532059792147054,0.021037560124481422,0.13753677247025797
steady,2000.0,60.0,7,5,2240.429234338747,240.71925754060317,0.007050968616701397,0.19388196464229077,0.010678200279146276,0.10531307254194838
steady,2000.0,60.0,7,6,2299.8839907192573,300.17401392111356,0.004673463519624206,0.1401740130684873,0.0070776346020920795,0.07613991344689319
steady,2000.0,60.0,7,7,2359.3387470997677,359.62877030162394,0.0034144622389517087,0.12381724999478079,0.005170964957459351,0.06725522435623511
steady,2000.0,60.0,8,1,1999.7099767981438,0.0,0.6627212584522604,1.8519540612255232,1.0,1.0
steady,2000.0,60.0,8,2,2060.614849187935,60.90487238979108,0.1101508074914072,0.9545959691940067,0.16620985985670172,0.5154533739148511
steady,2000.0,60.0,8,3,2120.0696055684452,120.35962877030147,0.02771928458415177,0.5281521253138048,0.04182646056788376,0.28518640735845374
steady,2000.0,60.0,8,4,2179.5243619489556,179.81438515081186,0.013396542975855122,0.28864200040730836,0.0202144458246923,0.15585807793542172
steady,2000.0,60.0,8,5,2240.429234338747,240.71925754060317,0.005834769372786096,0.21802522995767407,0.00880425865078298,0.11772712645658
steady,2000.0,60.0,8,6,2299.8839907192573,300.17401392111356,0.003507459529758058,0.167475831096016,0.005292510969015068,0.09043195757522707
steady,2000.0,60.0,8,7,2359.3387470997677,359.62877030162394,0.0031245033599131564,0.14306737853508675,0.0047146569090151386,0.0772521206278802
steady,2000.0,60.0,8,8,2420.243619489559,420.53364269141525,0.002637213039074206,0.10977081461427225,0.003979369916747856,0.05927296843509815
steady,2000.0,70.0,2,1,1999.7099767981438,0.0,0.6522740444590235,2.2119332393887454,1.0,1.0
steady,2000.0,70.0,2,2,2069.3155452436195,69.60556844547568,0.13121423584734723,1.3229487086831568,0.20116427590825323,0.5980961292704955
steady,2000.0,70.0,3,1,1999.7099767981438,0.0,0.6593338022210827,1.5840607552814123,1.0,1.0
steady,2000.0,70.0,3,2,2069.3155452436195,69.60556844547568,0.12976514863495858,0.743498060138091,0.1968125222729696,0.4693620858033357
steady,2000.0,70.0,3,3,2140.371229698376,140.66125290023206,0.029395284748734627,0.26911419910517886,0.04458331220045355,0.16988881152943536
steady,2000.0,70.0,4,1,1999.7099767981438,0.0,0.6559387450923749,1.5510792657957715,1.0,1.0
steady,2000.0,70.0,4,2,2069.3155452436195,69.60556844547568,0.13906776354753708,0.7726507477664869,0.2120133390320652,0.4981375000007387
steady,2000.0,70.0,4,3,2140.371229698376,140.66125290023206,0.02725294984940453,0.33693121597177444,0.04154801047095722,0.2172237250550274
steady,2000.0,70.0,4,4,2209.9767981438513,210.2668213457075,0.016057706017704235,0.2845105058766375,0.024480496293053784,0.18342744445795373
steady,2000.0,70.0,5,1,1999.7099767981438,0.0,0.6504083397673125,1.5819168320340393,1.0,1.0
steady,2000.0,70.0,5,2,2069.3155452436195,69.60556844547568,0.1476476942819129,0.7700409301715315,0.22700768925369985,0.4867771266972409
steady,2000.0,70.0,5,3,2140.371229698376,140.66125290023206,0.02782262285770041,0.3621491005479925,0.04277716190978443,0.2289305564075317
steady,2000.0,70.0,5,4,2209.9767981438513,210.2668213457075,0.01658046342450184,0.28833837310323485,0.025492390565646193,0.1822715121707678
steady,2000.0,70.0,5,5,2279.582366589327,279.8723897911834,0.006435182439782029,0.20498634909904648,0.009894065076232347,0.12958098994083883
steady,2000.0,70.0,6,1,1999.7099767981438,0.0,0.6543298431397896,2.017967926850536,1.0,1.0
steady,2000.0,70.0,6,2,2069.3155452436195,69.60556844547568,0.14210566364399135,0.8856572437285296,0.21717741462333426,0.43888568888742663
steady,2000.0,70.0,6,3,2140.371229698376,140.66125290023206,0.027268136767307206,0.3658751146218791,0.041673380869289955,0.18130868670093497
steady,2000.0,70.0,6,4,2209.9767981438513,210.2668213457075,0.015345397495366453,0.3155457690389693,0.023452082548660547,0.15636807941315745
steady,2000.0,70.0,6,5,2279.582366589327,279.8723897911834,0.005757182982755598,0.2385800333241117,0.008798594536250804,0.11822786187512212
steady,2000.0,70.0,6,6,2350.6380510440836,350.9280742459398,0.004822975192599882,0.1815705271137157,0.0073708623306204795,0.08997691425011634
steady,2000.0,70.0,7,1,1999.7099767981438,0.0,0.6612159783045735,1.8885481657465295,1.0,1.0
steady,2000.0,70.0,7,2,2069.3155452436195,69.60556844547568,0.12532981991529765,0.9532329018368423,0.18954445147659066,0.5047437598500625
steady,2000.0,70.0,7,3,2140.371229698376,140.66125290023206,0.025774459981500134,0.47841824671808547,0.038980394949905066,0.2533259439157434
steady,2000.0,70.0,7,4,2209.9767981438513,210.2668213457075,0.012915285890895961,0.3644861767617931,0.01953262824049125,0.1929980835928081
steady,2000.0,70.0,7,5,2279.582366589327,279.8723897911834,0.004752652682509289,0.2684527959745504,0.007187746271189007,0.14214770946465796
steady,2000.0,70.0,7,6,2350.6380510440836,350.9280742459398,0.004380106175613417,0.18801719077328566,0.006624319918651186,0.09955647104132175
steady,2000.0,70.0,7,7,2420.243619489559,420.53364269141525,0.0039046191036541684,0.15351705208498828,0.005905209843334425,0.08128839648858206
steady,2000.0,70.0,8,1,1999.7099767981438,0.0,0.6629954210220477,1.8673476686800508,1.0,1.0
steady,2000.0,70.0,8,2,2069.3155452436195,69.60556844547568,0.11154730545354782,0.9311160558692977,0.16824747489445838,0.4986302612450655
steady,2000.0,70.0,8,3,2140.371229698376,140.66125290023206,0.024639005234817372,0.5168255867648774,0.03716316048885353,0.27676987817174914
steady,2000.0,70.0,8,4,2209.9767981438513,210.2668213457075,0.011374478607800186,0.41704191397741414,0.017156194819966837,0.2233338338501279
steady,2000.0,70.0,8,5,2279.582366589327,279.8723897911834,0.004173326307252257,0.32494570759288377,0.0062946532885835346,0.17401457320616368
steady,2000.0,70.0,8,6,2350.6380510440836,350.9280742459398,0.004265900148108217,0.22514962909132796,0.006434282972169058,0.12057188538997493
steady,2000.0,70.0,8,7,2420.243619489559,420.53364269141525,0.004177396442735824,0.18897355844715757,0.006300792298529171,0.10119891524042494
steady,2000.0,70.0,8,8,2489.8491879350345,490.1392111368907,0.0033595752037041287,0.1416892010433042,0.005067267581614877,0.07587724740270692
steady,2000.0,80.0,2,1,1999.7099767981438,0.0,0.652587616163799,2.2007728448832173,1.0,1.0
steady,2000.0,80.0,2,2,2079.4663573085845,79.75638051044075,0.13081292931073005,1.3350522897468493,0.20045266883810448,0.606628845339871
steady,2000.0,80.0,3,1,1999.7099767981438,0.0,0.6593748049002267,1.6243055231314838,1.0,1.0
steady,2000.0,80.0,3,2,2079.4663573085845,79.75638051044075,0.13190470252196926,0.7405223495705203,0.2000451056693445,0.45590089981524784
steady,2000.0,80.0,3,3,2160.672853828306,160.9628770301622,0.029602737020701594,0.2680866800174254,0.044895159476378434,0.16504695465209251
steady,2000.0,80.0,4,1,1999.7099767981438,0.0,0.654105571806515,1.5896958392367682,1.0,1.0
steady,2000.0,80.0,4,2,2079.4663573085845,79.75638051044075,0.14330283040505185,0.8305550274569692,0.21908211240163683,0.5224615973428782
steady,2000.0,80.0,4,3,2160.672853828306,160.9628770301622,0.027687056393834023,0.3944769330807567,0.042328115807617486,0.2481461694396519
steady,2000.0,80.0,4,4,2240.429234338747,240.71925754060317,0.01656005735417818,0.3281283728535497,0.025317101807346566,0.20640953115351174
steady,2000.0,80.0,5,1,1999.7099767981438,0.0,0.6476634588405712,1.5819437479908165,1.0,1.0
steady,2000.0,80.0,5,2,2079.4663573085845,79.75638051044075,0.1500748645910895,0.7689488626254798,0.23171735651066264,0.486078511705679
steady,2000.0,80.0,5,3,2160.672853828306,160.9628770301622,0.028788499251656476,0.3683588993279004,0.0444497815318975,0.23285208452939174
steady,2000.0,80.0,5,4,2240.429234338747,240.71925754060317,0.017705350607076408,0.28839720573895394,0.027337269635023143,0.1823056010084046
steady,2000.0,80.0,5,5,2320.185614849188,320.47563805104414,0.007185661879801503,0.21171717573356613,0.01109474647939081,0.13383356772480837
steady,2000.0,80.0,6,1,1999.7099767981438,0.0,0.6560976976570376,2.1250299344619843,1.0,1.0
steady,2000.0,80.0,6,2,2079.4663573085845,79.75638051044075,0.1402882114577196,0.862280782513785,0.21382213648774692,0.40577347571910677
steady,2000.0,80.0,6,3,2160.672853828306,160.9628770301622,0.026910924883569016,0.3881152656876532,0.041016642764742914,0.18263990515781434
steady,2000.0,80.0,6,4,2240.429234338747,240.71925754060317,0.014675561732344765,0.30598822544881094,0.022367951883922217,0.14399243064135053
steady,2000.0,80.0,6,5,2320.185614849188,320.47563805104414,0.006432908978785652,0.22992202378126486,0.00980480346411508,0.10819707527530739
steady,2000.0,80.0,6,6,2399.9419953596284,400.23201856148467,0.004150077105841267,0.15678672912834238,0.0063253950145861345,0.07378095084012908
steady,2000.0,80.0,7,1,1999.7099767981438,0.0,0.6619093746249565,2.0639265135512592,1.0,1.0
steady,2000.0,80.0,7,2,2079.4663573085845,79.75638051044075,0.12562862487665366,1.0649030886481898,0.18979731922944273,0.5159597890992169
steady,2000.0,80.0,7,3,2160.672853828306,160.9628770301622,0.025616138502884314,0.5245509156815854,0.038700371206252575,0.2541519343045921
steady,2000.0,80.0,7,4,2240.429234338747,240.71925754060317,0.012164931467595272,0.38221395728846025,0.018378545362781766,0.18518777426373115
steady,2000.0,80.0,7,5,2320.185614849188,320.47563805104414,0.005728063065693919,0.2754376518062707,0.008653847921310208,0.13345322616760405
steady,2000.0,80.0,7,6,2399.9419953596284,400.23201856148467,0.00367575460798391,0.17166917746920346,0.00555325962873184,0.08317601248981674
steady,2000.0,80.0,7,7,2479.6983758700694,479.98839907192564,0.004164760131616428,0.1396352448104795,0.006292039803751408,0.06765514367573996
steady,2000.0,80.0,8,1,1999.7099767981438,0.0,0.663148922243715,1.9069150800284091,1.0,1.0
steady,2000.0,80.0,8,2,2079.4663573085845,79.75638051044075,0.11464198777281384,0.9439803271302855,0.1728751776975392,0.49503008131658494
steady,2000.0,80.0,8,3,2160.672853828306,160.9628770301622,0.024664508026677627,0.5233578963248117,0.03719301532335618,0.2744526496256009
steady,2000.0,80.0,8,4,2240.429234338747,240.71925754060317,0.0105810439761875,0.4345197307109068,0.015955758384387213,0.2278652758383102
steady,2000.0,80.0,8,5,2320.185614849188,320.47563805104414,0.005173604685724811,0.34170887798599253,0.007801572938127238,0.17919459632198292
steady,2000.0,80.0,8,6,2399.9419953596284,400.23201856148467,0.0048230832461745666,0.224253106326291,0.007273001711072716,0.11759994384382869
steady,2000.0,80.0,8,7,2479.6983758700694,479.98839907192564,0.004106016996104166,0.18996021938773994,0.006191696703979798,0.09961650698410225
steady,2000.0,80.0,8,8,2559.4547563805104,559.7447795823666,0.0034059438121245493,0.14568086355446538,0.005136016508329368,0.07639609392165227
steady,2000.0,90.0,2,1,1999.7099767981438,0.0,0.6532309596860499,2.199812297185495,1.0,1.0
steady,2000.0,90.0,2,2,2089.6171693735496,89.90719257540582,0.13100499703040178,1.313638882983918,0.2005492775378623,0.5971595325040353
steady,2000.0,90.0,3,1,1999.7099767981438,0.0,0.6531682750653011,1.958728298726607,1.0,1.0
steady,2000.0,90.0,3,2,2089.6171693735496,89.90719257540582,0.12480157719754183,0.9159379790252785,0.19107109448183882,0.46761869914308224
steady,2000.0,90.0,3,3,2179.5243619489556,179.81438515081186,0.04312753041254907,0.6387846289183835,0.06602820752161816,0.32612212185511646
steady,2000.0,90.0,4,1,1999.7099767981438,0.0,0.6415523145240712,1.85035427260245,1.0,1.0
steady,2000.0,90.0,4,2,2089.6171693735496,89.90719257540582,0.13572280830767502,1.1432128832758162,0.21155376613107466,0.6178345953545061
steady,2000.0,90.0,4,3,2179.5243619489556,179.81438515081186,0.051655502322979115,0.8876989535118547,0.0805164304664682,0.4797454015459111
steady,2000.0,90.0,4,4,2269.4315545243617,269.7215777262179,0.024371065674945992,0.7044598757395143,0.03798765139367537,0.38071621535951566
steady,2000.0,90.0,5,1,1999.7099767981438,0.0,0.6358864061520141,1.890106744077669,1.0,1.0
steady,2000.0,90.0,5,2,2089.6171693735496,89.90719257540582,0.13882425434123866,1.1022340898552891,0.21831612218496071,0.5831597042383738
steady,2000.0,90.0,5,3,2179.5243619489556,179.81438515081186,0.055161009880397655,0.8597820253794656,0.08674664114019595,0.4548854333616065
steady,2000.0,90.0,5,4,2269.4315545243617,269.7215777262179,0.026438173030321487,0.6803423620611319,0.041576880358724345,0.3599491744013241
steady,2000.0,90.0,5,5,2359.3387470997677,359.62877030162394,0.014299818091838504,0.5510284258117885,0.022488007218729584,0.29153296634613
steady,2000.0,90.0,6,1,1999.7099767981438,0.0,0.6498019105302745,2.271399391383645,1.0,1.0
steady,2000.0,90.0,6,2,2089.6171693735496,89.90719257540582,0.13000591211679502,1.2055501737921572,0.20007006752365958,0.5307521778711864
steady,2000.0,90.0,6,3,2179.5243619489556,179.81438515081186,0.04487704479782856,0.876101205361009,0.06906265443449743,0.3857098882232787
steady,2000.0,90.0,6,4,2269.4315545243617,269.7215777262179,0.01872363244508543,0.6816684815519505,0.02881436964352091,0.30010947618362505
steady,2000.0,90.0,6,5,2359.3387470997677,359.62877030162394,0.010340209495244853,0.5443342445561878,0.015912864101625474,0.2396470856781384
steady,2000.0,90.0,6,6,2450.6960556844547,450.9860788863109,0.007978488574894263,0.4470732359783862,0.012278339668751317,0.196827223637692
steady,2000.0,90.0,7,1,1999.7099767981438,0.0,0.6606290249242023,2.2444939952587717,1.0,1.0
steady,2000.0,90.0,7,2,2089.6171693735496,89.90719257540582,0.11815441820333004,1.304210885430081,0.178851388215779,0.581071229499866
steady,2000.0,90.0,7,3,2179.5243619489556,179.81438515081186,0.034368775894963254,1.003761935054382,0.052024320152912716,0.44721079101780203
steady,2000.0,90.0,7,4,2269.4315545243617,269.7215777262179,0.01407968528112859,0.7912465318061651,0.021312544181273346,0.3525278006880749
steady,2000.0,90.0,7,5,2359.3387470997677,359.62877030162394,0.011021084381379756,0.6379215486441036,0.016682712938088463,0.2842161975000323
steady,2000.0,90.0,7,6,2450.6960556844547,450.9860788863109,0.011008765296797526,0.5218833049023708,0.01666406543076218,0.23251713125755186
steady,2000.0,90.0,7,7,2540.6032482598607,540.893271461717,0.00987705205593189,0.4289350381048963,0.01495098108513343,0.19110545138947616
steady,2000.0,90.0,8,1,1999.7099767981438,0.0,0.6632266021902063,2.2980599339578025,1.0,1.0
steady,2000.0,90.0,8,2,2089.6171693735496,89.90719257540582,0.11153880872562677,1.375706627536403,0.1681760176043702,0.5986382718779274
steady,2000.0,90.0,8,3,2179.5243619489556,179.81438515081186,0.03003080230876795,1.1468917411837607,0.04527985187806963,0.49906955177123774
steady,2000.0,90.0,8,4,2269.4315545243617,269.7215777262179,0.013517271002946429,0.9599614896577754,0.020381074821648693,0.41772691628825137
steady,2000.0,90.0,8,5,2359.3387470997677,359.62877030162394,0.012473815743995547,0.794653877598954,0.01880777354648116,0.3457933650278529
steady,2000.0,90.0,8,6,2450.6960556844547,450.9860788863109,0.012104168279014381,0.6560238953749701,0.01825042638374604,0.28546857533221154
steady,2000.0,90.0,8,7,2540.6032482598607,540.893271461717,0.009573125791378246,0.5372580594861089,0.014434170402339765,0.23378766216981275
steady,2000.0,90.0,8,8,2630.5104408352668,630.800464037123,0.006383111569036249,0.4351471454117845,0.009624329826272017,0.1893541325801535
steady,2000.0,100.0,2,1,1999.7099767981438,0.0,0.6529108751711815,2.1845259902924132,1.0,1.0
steady,2000.0,100.0,2,2,2099.767981438515,100.05800464037134,0.13062734698535589,1.3051270973127744,0.2000691854781983,0.5974417805567397
steady,2000.0,100.0,3,1,1999.7099767981438,0.0,0.6521037070404473,1.971819831846288,1.0,1.0
steady,2000.0,100.0,3,2,2099.767981438515,100.05800464037134,0.12614155634241317,0.9251083752103509,0.1934378764919199,0.46916475849831457
steady,2000.0,100.0,3,3,2199.825986078886,200.11600928074245,0.043673467949606914,0.6406700452289084,0.06697319380044259,0.32491307516114454
steady,2000.0,100.0,4,1,1999.7099767981438,0.0,0.6368334623135871,1.8561996917455463,1.0,1.0
steady,2000.0,100.0,4,2,2099.767981438515,100.05800464037134,0.13832436099451334,1.1468980646346425,0.21720648989138733,0.6178742889220686
steady,2000.0,100.0,4,3,2199.825986078886,200.11600928074245,0.05453163226729668,0.8859909769514956,0.08562934502402832,0.4773144726246135
steady,2000.0,100.0,4,4,2299.8839907192573,300.17401392111356,0.026272552426793234,0.6904753770007821,0.041254981061055185,0.37198334859729876
steady,2000.0,100.0,5,1,1999.7099767981438,0.0,0.6369109043629215,1.944313987805138,1.0,1.0
steady,2000.0,100.0,5,2,2099.767981438515,100.05800464037134,0.1383427289342032,1.1338812303390193,0.21720891884019844,0.5831780450332585
steady,2000.0,100.0,5,3,2199.825986078886,200.11600928074245,0.05420922771652213,0.8816162907974907,0.08511273295084439,0.45343308556490597
steady,2000.0,100.0,5,4,2299.8839907192573,300.17401392111356,0.025301816229097503,0.6975067367970722,0.039725833010200974,0.3587418190538561
steady,2000.0,100.0,5,5,2399.9419953596284,400.23201856148467,0.014161147491636873,0.5558519468443198,0.022234110602646608,0.2858858961724592
steady,2000.0,100.0,6,1,1999.7099767981438,0.0,0.6511008836980813,2.296126503807219,1.0,1.0
steady,2000.0,100.0,6,2,2099.767981438515,100.05800464037134,0.13019858908243634,1.2438917552005897,0.19996684437431983,0.5417348535187788
steady,2000.0,100.0,6,3,2199.825986078886,200.11600928074245,0.044475874443447375,0.922757726270677,0.06830872996337548,0.40187582205973743
steady,2000.0,100.0,6,4,2299.8839907192573,300.17401392111356,0.017728388955371398,0.7356180467190223,0.027228328818537036,0.320373483559939
steady,2000.0,100.0,6,5,2399.9419953596284,400.23201856148467,0.009893664009269457,0.59879464068414,0.015195285795153671,0.2607846909529051
steady,2000.0,100.0,6,6,2500.0,500.29002320185623,0.008403483864520216,0.5036534738112809,0.012906577267704882,0.21934918349497315
steady,2000.0,100.0,7,1,1999.7099767981438,0.0,0.6603653600603449,2.2853389697542887,1.0,1.0
steady,2000.0,100.0,7,2,2099.767981438515,100.05800464037134,0.11930397635291536,1.3336580566207117,0.1806635895347588,0.5835712225937764
steady,2000.0,100.0,7,3,2199.825986078886,200.11600928074245,0.034804614655680695,1.035875148642759,0.05270508836578014,0.4532698047651691
steady,2000.0,100.0,7,4,2299.8839907192573,300.17401392111356,0.013387806222536816,0.8418397416678637,0.020273332055626637,0.36836537284373844
steady,2000.0,100.0,7,5,2399.9419953596284,400.23201856148467,0.010599400362346028,0.6988372593249969,0.016050812176728112,0.3057915121449722
steady,2000.0,100.0,7,6,2500.0,500.29002320185623,0.011375363365327117,0.5988020557738347,0.01722586321651945,0.26201892310015423
steady,2000.0,100.0,7,7,2600.058004640371,600.3480278422273,0.011121213611557474,0.5174869357050996,0.01684100088251329,0.22643771560974954
steady,2000.0,100.0,8,1,1999.7099767981438,0.0,0.6622957221758928,2.3095706175347726,1.0,1.0
steady,2000.0,100.0,8,2,2099.767981438515,100.05800464037134,0.11402283424170409,1.3547506054633571,0.17216302389376123,0.5865811571977015
steady,2000.0,100.0,8,3,2199.825986078886,200.11600928074245,0.031091301212111896,1.1344901416156998,0.046944741104419596,0.4912125799498829
steady,2000.0,100.0,8,4,2299.8839907192573,300.17401392111356,0.012576084692277315,0.9644786629492795,0.01898862437305212,0.4176008543002511
steady,2000.0,100.0,8,5,2399.9419953596284,400.23201856148467,0.011628162972442178,0.8148065392736148,0.017557357813272972,0.3527956811917431
steady,2000.0,100.0,8,6,2500.0,500.29002320185623,0.012337166476933776,0.6988822825059622,0.018627881871864583,0.30260269038750875
steady,2000.0,100.0,8,7,2600.058004640371,600.3480278422273,0.010943370646882049,0.603639549546207,0.016523390202384098,0.26136440469204175
steady,2000.0,100.0,8,8,2700.116009280742,700.4060324825984,0.008122617992403368,0.5226495096975305,0.01226433709358334,0.22629726310573034
steady,2500.0,10.0,2,1,2500.0,0.0,0.5815346616151611,1.074902898982332,1.0,1.0
steady,2500.0,10.0,2,2,2510.150812064965,10.150812064965066,0.11056973034991813,0.45666299373453123,0.19013437658697846,0.424841159296229
steady,2500.0,10.0,3,1,2500.0,0.0,0.6029261543354089,1.6066834463182844,1.0,1.0
steady,2500.0,10.0,3,2,2510.150812064965,10.150812064965066,0.12363228409265684,0.7789279626816016,0.20505377516577258,0.48480487209009043
steady,2500.0,10.0,3,3,2520.30162412993,20.301624129930133,0.0490515373998411,0.5323913271218725,0.08135579630628138,0.33136043589784125
steady,2500.0,10.0,4,1,2500.0,0.0,0.6280248375700443,1.9546984531097573,1.0,1.0
steady,2500.0,10.0,4,2,2510.150812064965,10.150812064965066,0.12460994956072469,1.0569532660599208,0.1984156391694091,0.5407244602759055
steady,2500.0,10.0,4,3,2520.30162412993,20.301624129930133,0.0458771562326415,0.7633283953178535,0.0730499074051745,0.3905095407956473
steady,2500.0,10.0,4,4,2530.452436194895,30.4524361948952,0.0192084317236307,0.5707853064883827,0.030585465055732543,0.2920068338829001
steady,2500.0,10.0,5,1,2500.0,0.0,0.6368207053724859,2.3780138679772564,1.0,1.0
steady,2500.0,10.0,5,2,2510.150812064965,10.150812064965066,0.1279423546480123,1.3519781588976785,0.20090796917976608,0.5685324955853491
steady,2500.0,10.0,5,3,2520.30162412993,20.301624129930133,0.04769656813118357,0.9924286011952892,0.07489795436736803,0.4173350772085493
steady,2500.0,10.0,5,4,2530.452436194895,30.4524361948952,0.019994130875199197,0.7902807751577757,0.031396797727398534,0.33232807671975023
steady,2500.0,10.0,5,5,2540.6032482598607,40.60324825986072,0.008265804228311559,0.650515553686972,0.012979798173297093,0.2735541463600891
steady,2500.0,10.0,6,1,2500.0,0.0,0.6441269867963799,3.0017446129398433,1.0,1.0
steady,2500.0,10.0,6,2,2510.150812064965,10.150812064965066,0.12940272629205973,1.7037403129326556,0.20089629676231258,0.5675833665489781
steady,2500.0,10.0,6,3,2520.30162412993,20.301624129930133,0.04819295838400039,1.2598922939505104,0.07481903315942738,0.419720014993747
steady,2500.0,10.0,6,4,2530.452436194895,30.4524361948952,0.020554418712554364,0.990864603782793,0.031910506986803186,0.33009623787160286
steady,2500.0,10.0,6,5,2540.6032482598607,40.60324825986072,0.009239023288926076,0.7843357550043148,0.014343481143178212,0.26129329977747623
steady,2500.0,10.0,6,6,2549.303944315545,49.30394431554487,0.004154892587277002,0.6119718705299448,0.006450424640553738,0.20387206422953913
steady,2500.0,10.0,7,1,2500.0,0.0,0.6535614310504254,3.1304474685568935,1.0,1.0
steady,2500.0,10.0,7,2,2510.150812064965,10.150812064965066,0.12551288104923808,1.579640845836205,0.19204450429014708,0.5046054475286897
steady,2500.0,10.0,7,3,2520.30162412993,20.301624129930133,0.04290327824655286,1.1757901078832897,0.06564536431961307,0.3755980957014167
steady,2500.0,10.0,7,4,2530.452436194895,30.4524361948952,0.016341309752115264,0.9500311045323402,0.025003479360541477,0.3034809285492644
steady,2500.0,10.0,7,5,2540.6032482598607,40.60324825986072,0.0069669979843149715,0.7732562292802806,0.010660050690441422,0.24701140557287304
steady,2500.0,10.0,7,6,2549.303944315545,49.30394431554487,0.0038403261551639956,0.6227893658107645,0.005875998754993387,0.19894579674830462
steady,2500.0,10.0,7,7,2559.4547563805104,59.45475638051039,0.003122783778606974,0.5020678665808664,0.004778102914653231,0.1603821407718159
steady,2500.0,10.0,8,1,2500.0,0.0,0.6631360365545489,2.8342539870717802,1.0,1.0
steady,2500.0,10.0,8,2,2510.150812064965,10.150812064965066,0.11734853148350272,1.6433042099210016,0.17695996751015014,0.5798013224703221
steady,2500.0,10.0,8,3,2520.30162412993,20.301624129930133,0.034761252616609395,1.2167327836183672,0.0524194896679393,0.4292956062400883
steady,2500.0,10.0,8,4,2530.452436194895,30.4524361948952,0.01196463365018612,0.9706630003508283,0.018042502579637628,0.34247565841961547
steady,2500.0,10.0,8,5,2540.6032482598607,40.60324825986072,0.006760571943681413,0.8048669564286506,0.01019484927829781,0.2839784155195639
steady,2500.0,10.0,8,6,2549.303944315545,49.30394431554487,0.006267215097929491,0.6701722134107385,0.00945087395716272,0.23645453670266486
steady,2500.0,10.0,8,7,2559.4547563805104,59.45475638051039,0.005990441496682029,0.5522110767694791,0.0090335031825544,0.1948347181615851
steady,2500.0,10.0,8,8,2569.6055684454755,69.60556844547546,0.004717934444527056,0.4485774189619749,0.007114580092856955,0.1582700142641148
steady,2500.0,20.0,2,1,2500.0,0.0,0.5810737745336974,1.050859583264585,1.0,1.0
steady,2500.0,20.0,2,2,2520.30162412993,20.301624129930133,0.11319465535058003,0.4369171199786033,0.19480255401548105,0.41577117146449094
steady,2500.0,20.0,3,1,2500.0,0.0,0.6027107534172897,1.6901447448354245,1.0,1.0
steady,2500.0,20.0,3,2,2520.30162412993,20.301624129930133,0.12630658827981783,0.8692802900365824,0.2095641857452788,0.514322984876202
steady,2500.0,20.0,3,3,2540.6032482598607,40.60324825986072,0.05166070743649911,0.6132383722434049,0.08571393017892874,0.36283186639326453
steady,2500.0,20.0,4,1,2500.0,0.0,0.6345989608697581,1.8762895740446541,1.0,1.0
steady,2500.0,20.0,4,2,2520.30162412993,20.301624129930133,0.1336611989407106,0.9911543525425167,0.21062309770806978,0.5282523370877762
steady,2500.0,20.0,4,3,2540.6032482598607,40.60324825986072,0.05518340230711825,0.694720123116126,0.08695791469857735,0.37026274234341194
steady,2500.0,20.0,4,4,2559.4547563805104,59.45475638051039,0.01853523417679308,0.4605402474585408,0.029207791565541437,0.24545264964925947
steady,2500.0,20.0,5,1,2500.0,0.0,0.6393789404718245,2.2045928307039007,1.0,1.0
steady,2500.0,20.0,5,2,2520.30162412993,20.301624129930133,0.13441198227756015,1.2314001320451704,0.21022272359857821,0.5585612521709956
steady,2500.0,20.0,5,3,2540.6032482598607,40.60324825986072,0.055154831283275516,0.8696083201838724,0.08626313410099878,0.39445302918190867
steady,2500.0,20.0,5,4,2559.4547563805104,59.45475638051039,0.018326260560477217,0.5996932518037332,0.028662596467368007,0.2720199591741656
steady,2500.0,20.0,5,5,2579.7563805104405,79.75638051044052,0.0052085924083712645,0.4168641777579058,0.00814633088247734,0.18908896552330978
steady,2500.0,20.0,6,1,2500.0,0.0,0.6434333380157218,2.902292494822057,1.0,1.0
steady,2500.0,20.0,6,2,2520.30162412993,20.301624129930133,0.13299317770381616,1.7330055125511454,0.20669301673729343,0.5971160782874153
steady,2500.0,20.0,6,3,2540.6032482598607,40.60324825986072,0.05301654714963265,1.236818532340625,0.0823963323273393,0.4261522691276697
steady,2500.0,20.0,6,4,2559.4547563805104,59.45475638051039,0.016452024211383445,0.8328045272467779,0.025569119968386612,0.28694713876446765
steady,2500.0,20.0,6,5,2579.7563805104405,79.75638051044052,0.0055226801330232,0.5272010444054457,0.008583142660985742,0.18164986656100937
steady,2500.0,20.0,6,6,2600.058004640371,100.05800464037111,0.004270058490017151,0.2985860620903727,0.006636365008977536,0.10287938332303731
steady,2500.0,20.0,7,1,2500.0,0.0,0.6524427779845822,3.217715970249409,1.0,1.0
steady,2500.0,20.0,7,2,2520.30162412993,20.301624129930133,0.12559485444452803,1.6121890835566717,0.19249941708680535,0.5010352369391102
steady,2500.0,20.0,7,3,2540.6032482598607,40.60324825986072,0.0453078913228851,1.1652719432629102,0.0694434712923679,0.36214257381225246
steady,2500.0,20.0,7,4,2559.4547563805104,59.45475638051039,0.011382901497202185,0.8008860466966594,0.017446589772001697,0.24889892523191903
steady,2500.0,20.0,7,5,2579.7563805104405,79.75638051044052,0.005768183614578095,0.5251523303575916,0.008840903461903906,0.16320655247793248
steady,2500.0,20.0,7,6,2600.058004640371,100.05800464037111,0.0038204521072814513,0.32169373169511734,0.005855612532156394,0.09997580105561103
steady,2500.0,20.0,7,7,2620.3596287703012,120.35962877030124,0.001567638200748056,0.2176952827279074,0.002402721362922498,0.06765522026825556
steady,2500.0,20.0,8,1,2500.0,0.0,0.6571123559843807,2.797380094538833,1.0,1.0
steady,2500.0,20.0,8,2,2520.30162412993,20.301624129930133,0.11882021528315925,1.6437921587213276,0.1808217638902282,0.587618451253875
steady,2500.0,20.0,8,3,2540.6032482598607,40.60324825986072,0.039492337013693216,1.1833781378800545,0.06009982410775416,0.4230308709890003
steady,2500.0,20.0,8,4,2559.4547563805104,59.45475638051039,0.008794958234595746,0.802690298520266,0.013384253323650482,0.28694359414629167
steady,2500.0,20.0,8,5,2579.7563805104405,79.75638051044052,0.005709213150720123,0.5317511089682321,0.008688336322891833,0.19008897289515275
steady,2500.0,20.0,8,6,2600.058004640371,100.05800464037111,0.0033685271410953707,0.33645703310161845,0.005126257496785587,0.12027576579902906
steady,2500.0,20.0,8,7,2620.3596287703012,120.35962877030124,0.0016417260470058025,0.23531651037952803,0.0024983947296903755,0.08412032059530385
steady,2500.0,20.0,8,8,2640.661252900232,140.66125290023183,0.0013865013071263134,0.1890687411963497,0.002109991228287404,0.0675877910068274
steady,2500.0,30.0,2,1,2500.0,0.0,0.580586020853801,1.0392346714528864,1.0,1.0
steady,2500.0,30.0,2,2,2530.452436194895,30.4524361948952,0.11522160250878154,0.43953455302883415,0.19845741779889636,0.4229406168814109
steady,2500.0,30.0,3,1,2500.0,0.0,0.6164803293705847,1.49451176561451,1.0,1.0
steady,2500.0,30.0,3,2,2530.452436194895,30.4524361948952,0.14282199508802274,0.6915287590826488,0.23167323965363407,0.4627121545599258
steady,2500.0,30.0,3,3,2559.4547563805104,59.45475638051039,0.02890791599074189,0.3023738650786017,0.046891870857025314,0.2023228401646422
steady,2500.0,30.0,4,1,2500.0,0.0,0.6426898161408449,1.740404409693751,1.0,1.0
steady,2500.0,30.0,4,2,2530.452436194895,30.4524361948952,0.14459862580757954,0.8178189361483069,0.22498975738537436,0.46990166859679117
steady,2500.0,30.0,4,3,2559.4547563805104,59.45475638051039,0.025894569894668856,0.3704734732690488,0.04029092922330371,0.21286631498149264
steady,2500.0,30.0,4,4,2589.907192575406,89.90719257540604,0.016325003376782266,0.2849758579245671,0.025401061237921744,0.1637411720731693
steady,2500.0,30.0,5,1,2500.0,0.0,0.6472243429977697,2.029137190375153,1.0,1.0
steady,2500.0,30.0,5,2,2530.452436194895,30.4524361948952,0.147040346516338,1.0105075618393942,0.22718605705602252,0.497998640324841
steady,2500.0,30.0,5,3,2559.4547563805104,59.45475638051039,0.027642604258138716,0.47854046028327524,0.042709463198039775,0.23583445345792575
steady,2500.0,30.0,5,4,2589.907192575406,89.90719257540604,0.017389029203825505,0.3957545944167381,0.026867081549010012,0.19503589816101582
steady,2500.0,30.0,5,5,2620.3596287703012,120.35962877030124,0.005794349614447535,0.288435329340544,0.008952613845779752,0.1421467856923056
steady,2500.0,30.0,6,1,2500.0,0.0,0.654329709307914,2.657848395706606,1.0,1.0
steady,2500.0,30.0,6,2,2530.452436194895,30.4524361948952,0.14560005047024815,1.4092207443164158,0.22251786583899674,0.5302111085767047
steady,2500.0,30.0,6,3,2559.4547563805104,59.45475638051039,0.02702759556255179,0.662691103917855,0.041305774715836976,0.24933367342860588
steady,2500.0,30.0,6,4,2589.907192575406,89.90719257540604,0.016098427143995307,0.5069183758007221,0.024602928638258914,0.19072509049785533
steady,2500.0,30.0,6,5,2620.3596287703012,120.35962877030124,0.004875344033879907,0.3684228324991572,0.007450898170337656,0.1386169478644058
steady,2500.0,30.0,6,6,2649.3619489559164,149.36194895591643,0.0030952339621855255,0.22795673596356705,0.0047303888516071835,0.08576739603801341
steady,2500.0,30.0,7,1,2500.0,0.0,0.6600338346458097,2.7545129991019235,1.0,1.0
steady,2500.0,30.0,7,2,2530.452436194895,30.4524361948952,0.13837240801587544,1.404031141248439,0.20964441632015648,0.5097202814821374
steady,2500.0,30.0,7,3,2559.4547563805104,59.45475638051039,0.02630901583998461,0.674493747728062,0.03986010179933075,0.24486860216233242
steady,2500.0,30.0,7,4,2589.907192575406,89.90719257540604,0.014313193608591955,0.5453097421292561,0.021685545281588125,0.19796956569348118
steady,2500.0,30.0,7,5,2620.3596287703012,120.35962877030124,0.005032309155027666,0.4106301184525992,0.00762431998312348,0.14907539684382695
steady,2500.0,30.0,7,6,2649.3619489559164,149.36194895591643,0.0029396122133477595,0.2674810443463302,0.004453729580280119,0.09710647378812125
steady,2500.0,30.0,7,7,2679.814385150812,179.8143851508121,0.0014179388884103163,0.21919569263688066,0.002148282124311426,0.07957693164212579
steady,2500.0,30.0,8,1,2500.0,0.0,0.6625779823273851,2.7182269944857462,1.0,1.0
steady,2500.0,30.0,8,2,2530.452436194895,30.4524361948952,0.1292154815328797,1.4326670106368466,0.19501928071771227,0.5270593712530947
steady,2500.0,30.0,8,3,2559.4547563805104,59.45475638051039,0.025839454828564774,0.709331936880171,0.03899836021988019,0.26095390058267287
steady,2500.0,30.0,8,4,2589.907192575406,89.90719257540604,0.01276877331869838,0.5752280425665741,0.019271351688817856,0.21161883968244524
steady,2500.0,30.0,8,5,2620.3596287703012,120.35962877030124,0.0049404256754985165,0.43263003368700403,0.0074563686196524,0.1591589056265892
steady,2500.0,30.0,8,6,2649.3619489559164,149.36194895591643,0.002518491545066143,0.2902066819781725,0.0038010492534322343,0.106763225649253
steady,2500.0,30.0,8,7,2679.814385150812,179.8143851508121,0.0015353187725664292,0.24293861804458286,0.0023171895437476457,0.08937392592208575
steady,2500.0,30.0,8,8,2710.2668213457073,210.26682134570729,0.0014330961013935299,0.18626387234034644,0.002162909332362067,0.06852403155373166
steady,2500.0,40.0,2,1,2500.0,0.0,0.5798258472200408,1.039898981282901,1.0,1.0
steady,2500.0,40.0,2,2,2540.6032482598607,40.60324825986072,0.11653267345821154,0.43843989951352796,0.20097874907944213,0.42161777961608743
steady,2500.0,40.0,3,1,2500.0,0.0,0.6162939774990996,1.4801148413224807,1.0,1.0
steady,2500.0,40.0,3,2,2540.6032482598607,40.60324825986072,0.14443913316865853,0.6826584209915273,0.2343672637444677,0.46121990127575024
steady,2500.0,40.0,3,3,2579.7563805104405,79.75638051044052,0.029723670421233733,0.2933949449767641,0.04822969476653235,0.19822444636432135
steady,2500.0,40.0,4,1,2500.0,0.0,0.6426577064324498,1.7356357841089924,1.0,1.0
steady,2500.0,40.0,4,2,2540.6032482598607,40.60324825986072,0.14672512329108228,0.8248303243499999,0.22830991027181383,0.47523237991629425
steady,2500.0,40.0,4,3,2579.7563805104405,79.75638051044052,0.026874398935495678,0.3785865730392542,0.04181759382406234,0.21812558631568302
steady,2500.0,40.0,4,4,2620.3596287703012,120.35962877030124,0.016923364760913585,0.2893808701648098,0.026333403601209927,0.16672902968140094
steady,2500.0,40.0,5,1,2500.0,0.0,0.6466174914674505,2.049992664399401,1.0,1.0
steady,2500.0,40.0,5,2,2540.6032482598607,40.60324825986072,0.1500073697996069,1.0391067944214663,0.23198780079267,0.5068831769336598
steady,2500.0,40.0,5,3,2579.7563805104405,79.75638051044052,0.02917612237091845,0.4924030176151227,0.04512114620454421,0.24019745346717378
steady,2500.0,40.0,5,4,2620.3596287703012,120.35962877030124,0.018796843443195776,0.39381190630403934,0.029069494239225932,0.19210405634276592
steady,2500.0,40.0,5,5,2659.5127610208815,159.5127610208815,0.006840701753752346,0.26627243638548187,0.010579209260528787,0.12988945814764336
steady,2500.0,40.0,6,1,2500.0,0.0,0.6545794733472087,2.831409462292409,1.0,1.0
steady,2500.0,40.0,6,2,2540.6032482598607,40.60324825986072,0.14711022220014963,1.387939604526801,0.2247400479087708,0.4901938850635458
steady,2500.0,40.0,6,3,2579.7563805104405,79.75638051044052,0.02763750297823482,0.6088843974230289,0.04222176848429076,0.2150463949251814
steady,2500.0,40.0,6,4,2620.3596287703012,120.35962877030124,0.017014426144744528,0.482528974705884,0.025992911231604666,0.17042006150364827
steady,2500.0,40.0,6,5,2659.5127610208815,159.5127610208815,0.007264640270779756,0.31932990415390905,0.01109817916170184,0.11278125202540232
steady,2500.0,40.0,6,6,2700.116009280742,200.11600928074222,0.0045618153934498815,0.24670689346914282,0.0069690779793673075,0.0871321851377159
steady,2500.0,40.0,7,1,2500.0,0.0,0.6597773416116396,2.757250963226497,1.0,1.0
steady,2500.0,40.0,7,2,2540.6032482598607,40.60324825986072,0.14016391530769892,1.4465629194653151,0.21244123807786458,0.5246395553970782
steady,2500.0,40.0,7,3,2579.7563805104405,79.75638051044052,0.02710613081119752,0.6996502680052893,0.04108375523322052,0.25374921519170246
steady,2500.0,40.0,7,4,2620.3596287703012,120.35962877030124,0.0154768593540708,0.5303171509918841,0.023457700618007647,0.19233546676190633
steady,2500.0,40.0,7,5,2659.5127610208815,159.5127610208815,0.007456871378314576,0.36131365660199455,0.011302102858063691,0.13104126589158582
steady,2500.0,40.0,7,6,2700.116009280742,200.11600928074222,0.004212223946829391,0.27448663480987284,0.0063843113140869346,0.0995508346794346
steady,2500.0,40.0,7,7,2740.719257540603,240.71925754060294,0.002705466146963754,0.20820255624442827,0.004100574506476845,0.07551091976074333
steady,2500.0,40.0,8,1,2500.0,0.0,0.6614858508874367,2.74768947863916,1.0,1.0
steady,2500.0,40.0,8,2,2540.6032482598607,40.60324825986072,0.13134134234139125,1.5016244410897808,0.1985550290534351,0.5465044186264766
steady,2500.0,40.0,8,3,2579.7563805104405,79.75638051044052,0.026371481576531308,0.7852373350876196,0.03986703803437645,0.2857809593085903
steady,2500.0,40.0,8,4,2620.3596287703012,120.35962877030124,0.013909836380253173,0.6089705516446108,0.02102816917639584,0.22163004822008264
steady,2500.0,40.0,8,5,2659.5127610208815,159.5127610208815,0.0072170788942339,0.4362059485636343,0.01091040554314443,0.15875372816133237
steady,2500.0,40.0,8,6,2700.116009280742,200.11600928074222,0.003709604730858929,0.32436615120773626,0.0056079880255672804,0.11805051252311964
steady,2500.0,40.0,8,7,2740.719257540603,240.71925754060294,0.0021324784532008247,0.2458413356994583,0.003223770320015058,0.08947202280703691
steady,2500.0,40.0,8,8,2779.872389791183,279.8723897911832,0.0011133042699223508,0.1770415131110467,0.0016830356513729858,0.06443286786494139
steady,2500.0,50.0,2,1,2500.0,0.0,0.5792766384955024,1.039359708408577,1.0,1.0
steady,2500.0,50.0,2,2,2549.303944315545,49.30394431554487,0.11736726769706227,0.4460038332051169,0.2026100482869266,0.429114030106111
steady,2500.0,50.0,3,1,2500.0,0.0,0.6167098307267288,1.4729083596069843,1.0,1.0
steady,2500.0,50.0,3,2,2549.303944315545,49.30394431554487,0.14591917449328826,0.6827437965746394,0.23660912672875278,0.4635344705062409
steady,2500.0,50.0,3,3,2600.058004640371,100.05800464037111,0.029464375583215255,0.28343700242020087,0.047776724344566604,0.19243356219108587
steady,2500.0,50.0,4,1,2500.0,0.0,0.6423594671445786,1.7386981460648736,1.0,1.0
steady,2500.0,50.0,4,2,2549.303944315545,49.30394431554487,0.1484653572056509,0.8325531599362268,0.23112503948234825,0.4788370895894214
steady,2500.0,50.0,4,3,2600.058004640371,100.05800464037111,0.026753598348346043,0.37761742110378094,0.04164895158667366,0.21718400169599733
steady,2500.0,50.0,4,4,2649.3619489559164,149.36194895591643,0.016954141107249812,0.2810547718167974,0.026393541271547683,0.16164667366379695
steady,2500.0,50.0,5,1,2500.0,0.0,0.6463515991784388,2.1072683780230173,1.0,1.0
steady,2500.0,50.0,5,2,2549.303944315545,49.30394431554487,0.15198643446586177,1.074339732099561,0.23514513564915426,0.5098257741178073
steady,2500.0,50.0,5,3,2600.058004640371,100.05800464037111,0.028995923439765526,0.49088181408343373,0.04486091389983642,0.2329469844481631
steady,2500.0,50.0,5,4,2649.3619489559164,149.36194895591643,0.01919850889730646,0.3876802891913134,0.02970288759509407,0.18397290693225543
steady,2500.0,50.0,5,5,2700.116009280742,200.11600928074222,0.007101067420553917,0.2582393613403477,0.01098638485551812,0.12254697314948604
steady,2500.0,50.0,6,1,2500.0,0.0,0.6552514256152747,3.0397044613816955,1.0,1.0
steady,2500.0,50.0,6,2,2549.303944315545,49.30394431554487,0.14909492981939576,1.3557872731722167,0.2275385050546011,0.4460260168042602
steady,2500.0,50.0,6,3,2600.058004640371,100.05800464037111,0.027389586425332995,0.5454467717624553,0.041800117259744134,0.17944072481129394
steady,2500.0,50.0,6,4,2649.3619489559164,149.36194895591643,0.01674993654297988,0.4573065191096104,0.025562609844384316,0.15044440172375903
steady,2500.0,50.0,6,5,2700.116009280742,200.11600928074222,0.006938428325200132,0.28288664424889975,0.010588955710680088,0.09306386454435568
steady,2500.0,50.0,6,6,2749.4199535962875,249.41995359628754,0.003909395114231962,0.2901404313926429,0.005966251978103028,0.09545021072896007
steady,2500.0,50.0,7,1,2500.0,0.0,0.6601185372638033,2.66093440306176,1.0,1.0
steady,2500.0,50.0,7,2,2549.303944315545,49.30394431554487,0.1418684254642959,1.3568718510243158,0.21491356090732078,0.5099230741889217
steady,2500.0,50.0,7,3,2600.058004640371,100.05800464037111,0.02618431760793327,0.6461820949409597,0.03966608439215702,0.2428402948217893
steady,2500.0,50.0,7,4,2649.3619489559164,149.36194895591643,0.014824672293140518,0.5134893991471093,0.022457591260183214,0.19297333995015858
steady,2500.0,50.0,7,5,2700.116009280742,200.11600928074222,0.006952549640364421,0.34929379244349257,0.010532274505095396,0.13126734429889872
steady,2500.0,50.0,7,6,2749.4199535962875,249.41995359628754,0.0038094135740784625,0.31871414885159693,0.005770802301460148,0.11977527461213391
steady,2500.0,50.0,7,7,2800.1740139211133,300.1740139211133,0.002545681515909339,0.20550252281783937,0.0038564005889930152,0.07722945841182004
steady,2500.0,50.0,8,1,2500.0,0.0,0.6611991693470163,2.740647424339413,1.0,1.0
steady,2500.0,50.0,8,2,2549.303944315545,49.30394431554487,0.13378920625553578,1.5215433963445344,0.20234327636506658,0.5551766282783627
steady,2500.0,50.0,8,3,2600.058004640371,100.05800464037111,0.025436710442202887,0.7768573238483377,0.03847057228962272,0.2834575936142483
steady,2500.0,50.0,8,4,2649.3619489559164,149.36194895591643,0.013251924157638392,0.6029080687222591,0.020042257722019917,0.21998746112611692
steady,2500.0,50.0,8,5,2700.116009280742,200.11600928074222,0.006711133005352312,0.4187519807945703,0.010149941676393905,0.1527930871646153
steady,2500.0,50.0,8,6,2749.4199535962875,249.41995359628754,0.0034931292338980253,0.3650964049647515,0.00528302120728275,0.13321538616108267
steady,2500.0,50.0,8,7,2800.1740139211133,300.1740139211133,0.0025539906260181535,0.2355647908203535,0.0038626646015608437,0.08595224206088181
steady,2500.0,50.0,8,8,2849.4779582366587,349.47795823665865,0.0015777155400965122,0.18769105626574026,0.0023861426529840084,0.06848420362242692
steady,2500.0,60.0,2,1,2500.0,0.0,0.5786771615516858,1.0700214697238568,1.0,1.0
steady,2500.0,60.0,2,2,2559.4547563805104,59.45475638051039,0.11800616938489847,0.4785005499815653,0.20392401363909451,0.4471878027877826
steady,2500.0,60.0,3,1,2500.0,0.0,0.6169097761751738,1.4654623710794175,1.0,1.0
steady,2500.0,60.0,3,2,2559.4547563805104,59.45475638051039,0.14696151849431902,0.6825725199907133,0.23822206126392903,0.46577280553983114
steady,2500.0,60.0,3,3,2620.3596287703012,120.35962877030124,0.029590788281377955,0.28811826129095586,0.047966152303243026,0.19660570409510839
steady,2500.0,60.0,4,1,2500.0,0.0,0.6413187769726866,1.7526804978596116,1.0,1.0
steady,2500.0,60.0,4,2,2559.4547563805104,59.45475638051039,0.1496809184108217,0.8471506311965455,0.23339550280654972,0.4833457280041018
steady,2500.0,60.0,4,3,2620.3596287703012,120.35962877030124,0.027199585395859132,0.38521775998245705,0.04241195856490188,0.21978778245829075
steady,2500.0,60.0,4,4,2679.814385150812,179.8143851508121,0.017165966356916435,0.29999735126572824,0.026766667331880607,0.1711648823799247
steady,2500.0,60.0,5,1,2500.0,0.0,0.6453828454830596,2.1962837388686087,1.0,1.0
steady,2500.0,60.0,5,2,2559.4547563805104,59.45475638051039,0.15285409423760565,1.1309157698095786,0.23684251186316643,0.5149224345631032
steady,2500.0,60.0,5,3,2620.3596287703012,120.35962877030124,0.029265971615517677,0.5081804572932686,0.0453466834768633,0.23138196959699392
steady,2500.0,60.0,5,4,2679.814385150812,179.8143851508121,0.01934708620464529,0.41136098129920096,0.0299776889640819,0.18729865090705858
steady,2500.0,60.0,5,5,2740.719257540603,240.71925754060294,0.007202243575012447,0.2738492156412027,0.011159645201944705,0.12468753959006822
steady,2500.0,60.0,6,1,2500.0,0.0,0.6550681031682267,2.931817956548402,1.0,1.0
steady,2500.0,60.0,6,2,2559.4547563805104,59.45475638051039,0.15028976535023544,1.2796145674561483,0.22942616900954468,0.43645771545878137
steady,2500.0,60.0,6,3,2620.3596287703012,120.35962877030124,0.027558362236669395,0.5772383104248838,0.042069461332926765,0.19688750085440515
steady,2500.0,60.0,6,4,2679.814385150812,179.8143851508121,0.01683907073353444,0.4689419408321521,0.025705832190718085,0.1599492014109336
steady,2500.0,60.0,6,5,2740.719257540603,240.71925754060294,0.006828600086842828,0.3065869777156077,0.010424259788892803,0.10457231051158078
steady,2500.0,60.0,6,6,2800.1740139211133,300.1740139211133,0.0037791208998453948,0.2527551197765856,0.005769050395779821,0.08621105523009741
steady,2500.0,60.0,7,1,2500.0,0.0,0.659255430114635,2.7139107150157784,1.0,1.0
steady,2500.0,60.0,7,2,2559.4547563805104,59.45475638051039,0.14296249007950468,1.381019577097707,0.21685447483480805,0.5088669901543456
steady,2500.0,60.0,7,3,2620.3596287703012,120.35962877030124,0.02654234692182841,0.6477073724150858,0.04026109715503303,0.23866200491836007
steady,2500.0,60.0,7,4,2679.814385150812,179.8143851508121,0.014848127897690152,0.5167161495401069,0.022522572009923796,0.1903954123034231
steady,2500.0,60.0,7,5,2740.719257540603,240.71925754060294,0.006891538721831951,0.34618636609230113,0.010453518328447611,0.12755996878485681
steady,2500.0,60.0,7,6,2800.1740139211133,300.1740139211133,0.0035832813680591598,0.2766933105620388,0.005435346004561659,0.10195372641816262
steady,2500.0,60.0,7,7,2859.6287703016237,359.6287703016237,0.0023405417917237944,0.2120089326530604,0.00355028064208255,0.07811934691883472
steady,2500.0,60.0,8,1,2500.0,0.0,0.6600121230991868,2.647948002661762,1.0,1.0
steady,2500.0,60.0,8,2,2559.4547563805104,59.45475638051039,0.13526670419855122,1.4560960758583406,0.20494578730370278,0.5498960230316638
steady,2500.0,60.0,8,3,2620.3596287703012,120.35962877030124,0.025952270402173544,0.7438327255123783,0.039320899562133395,0.2809091133076122
steady,2500.0,60.0,8,4,2679.814385150812,179.8143851508121,0.013495562884074204,0.6082969136808706,0.020447446966131086,0.2297238892415562
steady,2500.0,60.0,8,5,2740.719257540603,240.71925754060294,0.006629376125098152,0.41481656323027477,0.0100443247829584,0.15665585684208835
steady,2500.0,60.0,8,6,2800.1740139211133,300.1740139211133,0.0032735372527884746,0.306995267793498,0.004959813824959889,0.11593704539700221
steady,2500.0,60.0,8,7,2859.6287703016237,359.6287703016237,0.002244426722225585,0.22162794668127136,0.003400584085768819,0.08369799801902728
steady,2500.0,60.0,8,8,2920.533642691415,420.533642691415,0.001681915776126423,0.18201521704889875,0.0025483104283429417,0.0687382142194386
steady,2500.0,70.0,2,1,2500.0,0.0,0.5784789334268908,1.048354249493647,1.0,1.0
steady,2500.0,70.0,2,2,2569.6055684454755,69.60556844547546,0.11868708771308079,0.4604817878546945,0.20517097659889227,0.4392425442803387
steady,2500.0,70.0,3,1,2500.0,0.0,0.6172081274443357,1.4618395733668843,1.0,1.0
steady,2500.0,70.0,3,2,2569.6055684454755,69.60556844547546,0.147671229650982,0.6808077956840783,0.23925678079198667,0.4657199107806702
steady,2500.0,70.0,3,3,2640.661252900232,140.66125290023183,0.029426708464193225,0.28768001885310895,0.047677124061926965,0.19679315302056652
steady,2500.0,70.0,4,1,2500.0,0.0,0.6399822837961128,1.7750275899333054,1.0,1.0
steady,2500.0,70.0,4,2,2569.6055684454755,69.60556844547546,0.15052439376638804,0.8641661604416507,0.23520087598915862,0.4868466075358979
steady,2500.0,70.0,4,3,2640.661252900232,140.66125290023183,0.027604940465224655,0.3875625251596463,0.043133913491297686,0.2183416907757521
steady,2500.0,70.0,4,4,2710.2668213457073,210.26682134570729,0.017465901547993528,0.30436973168278314,0.027291226632701383,0.1714732398577644
steady,2500.0,70.0,5,1,2500.0,0.0,0.6435770937958418,2.300810173971176,1.0,1.0
steady,2500.0,70.0,5,2,2569.6055684454755,69.60556844547546,0.1526131621895177,1.195314643540375,0.23713268178859437,0.5195190185886885
steady,2500.0,70.0,5,3,2640.661252900232,140.66125290023183,0.02926030446361384,0.5344166376870094,0.04546511171029327,0.2322732417184211
steady,2500.0,70.0,5,4,2710.2668213457073,210.26682134570729,0.018630810936756757,0.4377669830304511,0.02894884096460229,0.19026644961103834
steady,2500.0,70.0,5,5,2779.872389791183,279.8723897911832,0.00694713450525886,0.3164649137617117,0.01079456458632547,0.13754499060454708
steady,2500.0,70.0,6,1,2500.0,0.0,0.6541830348942419,2.8384775621515774,1.0,1.0
steady,2500.0,70.0,6,2,2569.6055684454755,69.60556844547546,0.15071054521798924,1.1912564602721578,0.23037978238361648,0.41968147860544674
steady,2500.0,70.0,6,3,2640.661252900232,140.66125290023183,0.02766536433216302,0.5492565430081505,0.042289944643146435,0.19350392278310344
steady,2500.0,70.0,6,4,2710.2668213457073,210.26682134570729,0.01600165835727362,0.462307615556254,0.024460521755750694,0.16287168224286505
steady,2500.0,70.0,6,5,2779.872389791183,279.8723897911832,0.005742310860213535,0.35156013867057534,0.00877783518360708,0.1238551762248532
steady,2500.0,70.0,6,6,2849.4779582366587,349.47795823665865,0.002902058168743939,0.24461211963674082,0.004436156265062879,0.08617722503725689
steady,2500.0,70.0,7,1,2500.0,0.0,0.6583957441268222,2.773092871766487,1.0,1.0
steady,2500.0,70.0,7,2,2569.6055684454755,69.60556844547546,0.14427273224135687,1.3887308595324257,0.2191276804692811,0.5007877210573877
steady,2500.0,70.0,7,3,2640.661252900232,140.66125290023183,0.02681758308727505,0.6488018187199238,0.04073170783149741,0.23396324923897366
steady,2500.0,70.0,7,4,2710.2668213457073,210.26682134570729,0.014282821213533501,0.5347695234302586,0.02169336807071204,0.1928422696819401
steady,2500.0,70.0,7,5,2779.872389791183,279.8723897911832,0.0053305725793542655,0.4045339834615965,0.008096304732989699,0.1458782673960373
steady,2500.0,70.0,7,6,2849.4779582366587,349.47795823665865,0.0024143466018667855,0.27650603907347915,0.00366701428951176,0.09971034215573968
steady,2500.0,70.0,7,7,2920.533642691415,420.533642691415,0.001316910171759877,0.23552700340712926,0.0020001802616546223,0.08493296629373118
steady,2500.0,70.0,8,1,2500.0,0.0,0.6590178426947388,2.686672742476563,1.0,1.0
steady,2500.0,70.0,8,2,2569.6055684454755,69.60556844547546,0.1365369397327247,1.4985429854484527,0.2071824628820702,0.5577690806015705
steady,2500.0,70.0,8,3,2640.661252900232,140.66125290023183,0.026120005514685986,0.7698439082060119,0.03963474707737911,0.2865417495903774
steady,2500.0,70.0,8,4,2710.2668213457073,210.26682134570729,0.01299735792931298,0.6236386737544899,0.019722315675348774,0.23212305090035734
steady,2500.0,70.0,8,5,2779.872389791183,279.8723897911832,0.005190295416557681,0.4644713050868219,0.007875804083444002,0.1728797474078195
steady,2500.0,70.0,8,6,2849.4779582366587,349.47795823665865,0.0023560950656627846,0.2966596453556965,0.0035751612673014417,0.11041897312816631
steady,2500.0,70.0,8,7,2920.533642691415,420.533642691415,0.001975647543092147,0.2360407022234185,0.002997866544877874,0.08785614209411945
steady,2500.0,70.0,8,8,2990.139211136891,490.13921113689094,0.002285707878370169,0.17782023295142949,0.0034683550737015824,0.066186041247255
steady,2500.0,80.0,2,1,2500.0,0.0,0.5777932781957812,1.0378397725923951,1.0,1.0
steady,2500.0,80.0,2,2,2579.7563805104405,79.75638051044052,0.11869031341960817,0.451167950969043,0.20542003152101537,0.4347183090141953
steady,2500.0,80.0,3,1,2500.0,0.0,0.600908278485981,1.5593709394875466,1.0,1.0
steady,2500.0,80.0,3,2,2579.7563805104405,79.75638051044052,0.1309041837140815,0.760421186920405,0.21784386802575134,0.48764611912692235
steady,2500.0,80.0,3,3,2659.5127610208815,159.5127610208815,0.052512032877759636,0.5096581950049116,0.08738776741446527,0.3268357656917729
steady,2500.0,80.0,4,1,2500.0,0.0,0.6299049114239922,1.9633171738948072,1.0,1.0
steady,2500.0,80.0,4,2,2579.7563805104405,79.75638051044052,0.14191285847194468,1.0855603323908987,0.22529250986649701,0.5529215283322643
steady,2500.0,80.0,4,3,2659.5127610208815,159.5127610208815,0.06018974595551203,0.7538048785050995,0.09555370162052604,0.38394452436317744
steady,2500.0,80.0,4,4,2740.719257540603,240.71925754060294,0.02061737626797735,0.5045359909817555,0.032730934295096624,0.25698139744831067
steady,2500.0,80.0,5,1,2500.0,0.0,0.6342480747689091,2.648641981806753,1.0,1.0
steady,2500.0,80.0,5,2,2579.7563805104405,79.75638051044052,0.14427203151042006,1.561349351682414,0.22746940392840162,0.5894905247319799
steady,2500.0,80.0,5,3,2659.5127610208815,159.5127610208815,0.06213955827208208,1.0678001095772534,0.09797358595802262,0.4031500357208946
steady,2500.0,80.0,5,4,2740.719257540603,240.71925754060294,0.02213656072106254,0.6893651909878014,0.03490205426185659,0.2602711864128785
steady,2500.0,80.0,5,5,2820.475638051044,320.4756380510439,0.005796796271593618,0.43932571175325097,0.009139635581401968,0.16586828826656594
steady,2500.0,80.0,6,1,2500.0,0.0,0.6429522191758859,3.07368842747478,1.0,1.0
steady,2500.0,80.0,6,2,2579.7563805104405,79.75638051044052,0.13976614222497483,1.4521949677667438,0.21738184900290458,0.4724600433752517
steady,2500.0,80.0,6,3,2659.5127610208815,159.5127610208815,0.05657587234668565,1.034586462191909,0.08799389855003949,0.33659444885306217
steady,2500.0,80.0,6,4,2740.719257540603,240.71925754060294,0.017433041608264133,0.720401145235654,0.027114054650296114,0.23437676336879298
steady,2500.0,80.0,6,5,2820.475638051044,320.4756380510439,0.005693504024552428,0.504244576441504,0.008855252155207065,0.16405194877080342
steady,2500.0,80.0,6,6,2900.232018561485,400.2320185614849,0.0041348662174403306,0.34014713266855184,0.006431062984338495,0.11066415503538957
steady,2500.0,80.0,7,1,2500.0,0.0,0.647622693802138,3.137574292403466,1.0,1.0
steady,2500.0,80.0,7,2,2579.7563805104405,79.75638051044052,0.13398144592519898,1.711420397354134,0.20688195025811287,0.5454597207459716
steady,2500.0,80.0,7,3,2659.5127610208815,159.5127610208815,0.050714136994512195,1.2250946674658665,0.07830815300306077,0.390459174283778
steady,2500.0,80.0,7,4,2740.719257540603,240.71925754060294,0.013383764889612496,0.8472793696228516,0.020665991197803067,0.27004280716929663
steady,2500.0,80.0,7,5,2820.475638051044,320.4756380510439,0.005877575773622796,0.5696010087560123,0.009075617377019398,0.18154183954627018
steady,2500.0,80.0,7,6,2900.232018561485,400.2320185614849,0.0042062388608898995,0.3636312653883778,0.006494891085726826,0.11589566700262147
steady,2500.0,80.0,7,7,2979.9883990719254,479.9883990719254,0.0022160650547671467,0.23341190900790915,0.003421845892639766,0.0743924724182736
steady,2500.0,80.0,8,1,2500.0,0.0,0.6503340278151782,2.910984509427918,1.0,1.0
steady,2500.0,80.0,8,2,2579.7563805104405,79.75638051044052,0.12712596733570766,1.784690427531988,0.19547795732416487,0.6130882599175097
steady,2500.0,80.0,8,3,2659.5127610208815,159.5127610208815,0.04470674568566098,1.313885744628656,0.06874428182061298,0.4513544267835584
steady,2500.0,80.0,8,4,2740.719257540603,240.71925754060294,0.010230640119909581,0.9129303122546285,0.015731362165193483,0.3136156545312714
steady,2500.0,80.0,8,5,2820.475638051044,320.4756380510439,0.005972754770659714,0.5990160947107848,0.009184133868445127,0.20577783659470814
steady,2500.0,80.0,8,6,2900.232018561485,400.2320185614849,0.004283275130461273,0.3673968702769925,0.006586269435802242,0.12621052055999957
steady,2500.0,80.0,8,7,2979.9883990719254,479.9883990719254,0.0023064151657830414,0.2210854343008049,0.0035465085127584827,0.07594868113683428
steady,2500.0,80.0,8,8,3059.7447795823664,559.7447795823664,0.002377519507932685,0.18530532046095682,0.0036558436222690846,0.06365726779404057
steady,2500.0,90.0,2,1,2500.0,0.0,0.578466402628106,1.0388150402399612,1.0,1.0
steady,2500.0,90.0,2,2,2589.907192575406,89.90719257540604,0.11954018747285008,0.45352312058408195,0.20665018215362466,0.4365773530573068
steady,2500.0,90.0,3,1,2500.0,0.0,0.601239487478298,1.5607771268232167,1.0,1.0
steady,2500.0,90.0,3,2,2589.907192575406,89.90719257540604,0.13099660738767377,0.7640223338615288,0.217877584749292,0.4895140508732396
steady,2500.0,90.0,3,3,2679.814385150812,179.8143851508121,0.05197178311422725,0.514038790312557,0.08644106748910632,0.32934797766983176
steady,2500.0,90.0,4,1,2500.0,0.0,0.6207983851877407,2.097927760757326,1.0,1.0
steady,2500.0,90.0,4,2,2589.907192575406,89.90719257540604,0.134245629210838,1.1971459991319617,0.21624674357076443,0.5706326125832888
steady,2500.0,90.0,4,3,2679.814385150812,179.8143851508121,0.05183809792996965,0.8590807383664725,0.08350230794220392,0.4094901428142383
steady,2500.0,90.0,4,4,2769.721577726218,269.72157772621813,0.023309780516539712,0.6447813866476836,0.03754806886214824,0.30734203470138816
steady,2500.0,90.0,5,1,2500.0,0.0,0.6282812762887604,2.7150124970731455,1.0,1.0
steady,2500.0,90.0,5,2,2589.907192575406,89.90719257540604,0.1390150222074984,1.6279989813884033,0.22126239863243446,0.5996285406212416
steady,2500.0,90.0,5,3,2679.814385150812,179.8143851508121,0.055562369761262505,1.1773131846806768,0.0884355015152892,0.4336308528781548
steady,2500.0,90.0,5,4,2769.721577726218,269.72157772621813,0.0255954214140829,0.9003161684832451,0.040738793881101035,0.3316066388106167
steady,2500.0,90.0,5,5,2859.6287703016237,359.6287703016237,0.011972298246788199,0.7215066461625811,0.019055634313198417,0.265747081068829
steady,2500.0,90.0,6,1,2500.0,0.0,0.6412552338600166,3.0403441142885557,1.0,1.0
steady,2500.0,90.0,6,2,2589.907192575406,89.90719257540604,0.13842531065671443,1.591823456808557,0.21586616895657512,0.523566871699668
steady,2500.0,90.0,6,3,2679.814385150812,179.8143851508121,0.052839274845669054,1.1756726746970019,0.08239975606531058,0.3866906608274211
steady,2500.0,90.0,6,4,2769.721577726218,269.72157772621813,0.02233202662942375,0.9466171028109032,0.03482548827710425,0.3113519612343002
steady,2500.0,90.0,6,5,2859.6287703016237,359.6287703016237,0.008804454183437857,0.8013550301909391,0.01373003091209051,0.26357379298772476
steady,2500.0,90.0,6,6,2949.5359628770298,449.53596287702976,0.002697261396368216,0.6783513432381065,0.004206221257847881,0.22311663342649016
steady,2500.0,90.0,7,1,2500.0,0.0,0.6471895436756938,3.1785497930669684,1.0,1.0
steady,2500.0,90.0,7,2,2589.907192575406,89.90719257540604,0.13473897078562078,1.619278542415217,0.20819089570016042,0.5094394135171884
steady,2500.0,90.0,7,3,2679.814385150812,179.8143851508121,0.04850279679183668,1.2341840921168257,0.07494372748417177,0.38828527865406415
steady,2500.0,90.0,7,4,2769.721577726218,269.72157772621813,0.019028973447687055,0.9947165375161002,0.02940247356224664,0.3129466587831247
steady,2500.0,90.0,7,5,2859.6287703016237,359.6287703016237,0.007126172654016845,0.8340304571010135,0.01101095146492009,0.2623933905078962
steady,2500.0,90.0,7,6,2949.5359628770298,449.53596287702976,0.0026445494836151774,0.706111025652622,0.004086205516540853,0.22214880106417922
steady,2500.0,90.0,7,7,3039.443155452436,539.4431554524358,0.0016481240327095898,0.5937908146860005,0.002546586311251443,0.1868118649521153
steady,2500.0,90.0,8,1,2500.0,0.0,0.6504767792708215,2.9129949237922768,1.0,1.0
steady,2500.0,90.0,8,2,2589.907192575406,89.90719257540604,0.1280879771384757,1.7698011479289262,0.19691398866237952,0.6075538043248335
steady,2500.0,90.0,8,3,2679.814385150812,179.8143851508121,0.04246865622997891,1.3469258166022857,0.06528850465282694,0.4623852261468389
steady,2500.0,90.0,8,4,2769.721577726218,269.72157772621813,0.01590023280777433,1.0586276054749768,0.024443966817075845,0.36341553389897585
steady,2500.0,90.0,8,5,2859.6287703016237,359.6287703016237,0.007161198348493131,0.8487449908766871,0.011009152942432116,0.2913650772078072
steady,2500.0,90.0,8,6,2949.5359628770298,449.53596287702976,0.004810853860332756,0.687350778074997,0.007395888698326294,0.2359601702223946
steady,2500.0,90.0,8,7,3039.443155452436,539.4431554524358,0.004480349984899912,0.5664524545910998,0.006887793888541792,0.19445706889652414
steady,2500.0,90.0,8,8,3129.350348027842,629.3503480278418,0.004584081324192743,0.4792053982744364,0.0070472635923014134,0.1645060876558562
steady,2500.0,100.0,2,1,2500.0,0.0,0.577357169218586,1.0404805138842086,1.0,1.0
steady,2500.0,100.0,2,2,2600.058004640371,100.05800464037111,0.11884128339241737,0.4531826323074675,0.20583668087686696,0.43555129217720323
steady,2500.0,100.0,3,1,2500.0,0.0,0.6009726478596894,1.5696757352639759,1.0,1.0
steady,2500.0,100.0,3,2,2600.058004640371,100.05800464037111,0.13033198104377094,0.7729344676316203,0.21686840741910085,0.49241665031002996
steady,2500.0,100.0,3,3,2700.116009280742,200.11600928074222,0.050853908966248015,0.5197616603493139,0.08461934024345315,0.331126772665505
steady,2500.0,100.0,4,1,2500.0,0.0,0.6190252125357227,2.1223531875351123,1.0,1.0
steady,2500.0,100.0,4,2,2600.058004640371,100.05800464037111,0.13393313049647343,1.2118343153222375,0.21636134972247906,0.570986168767534
steady,2500.0,100.0,4,3,2700.116009280742,200.11600928074222,0.05121833783414651,0.8598844657225444,0.0827403097595008,0.4051561591033813
steady,2500.0,100.0,4,4,2800.1740139211133,300.1740139211133,0.022726769152822925,0.6535321433130916,0.036713802107876836,0.3079280805623591
steady,2500.0,100.0,5,1,2500.0,0.0,0.6260858166443087,2.801111934547327,1.0,1.0
steady,2500.0,100.0,5,2,2600.058004640371,100.05800464037111,0.1374913215125243,1.6877982869791643,0.21960459390287662,0.6025458198092039
steady,2500.0,100.0,5,3,2700.116009280742,200.11600928074222,0.053848719691397054,1.1882064585485783,0.08600852831967208,0.4241909949737864
steady,2500.0,100.0,5,4,2800.1740139211133,300.1740139211133,0.024293838363746087,0.8877523696616965,0.0388027291433562,0.3169285592313045
steady,2500.0,100.0,5,5,2900.232018561485,400.2320185614849,0.011294084144191965,0.7065759865831883,0.0180391950175871,0.25224839388554254
steady,2500.0,100.0,6,1,2500.0,0.0,0.638641672845438,2.9564893291540657,1.0,1.0
steady,2500.0,100.0,6,2,2600.058004640371,100.05800464037111,0.1365395414051842,1.571570309056466,0.2137967928037622,0.5315663728460459
steady,2500.0,100.0,6,3,2700.116009280742,200.11600928074222,0.05094389603848253,1.1638167655093508,0.07976913847714383,0.39364822123080395
steady,2500.0,100.0,6,4,2800.1740139211133,300.1740139211133,0.02116883055946004,0.9491282267217637,0.03314664773619189,0.321032184138928
steady,2500.0,100.0,6,5,2900.232018561485,400.2320185614849,0.008663901465264013,0.8077702948234105,0.013566138624594298,0.27321941833442576
steady,2500.0,100.0,6,6,3000.290023201856,500.290023201856,0.0034961908396489165,0.6844899326520824,0.00547441701395996,0.23152119167226423
steady,2500.0,100.0,7,1,2500.0,0.0,0.6449266150119082,3.156946852955465,1.0,1.0
steady,2500.0,100.0,7,2,2600.058004640371,100.05800464037111,0.13414313052430066,1.6035727648948321,0.20799751072736203,0.5079505102829344
steady,2500.0,100.0,7,3,2700.116009280742,200.11600928074222,0.04779033055445938,1.2164713479593978,0.07410196670760279,0.38533158922854965
steady,2500.0,100.0,7,4,2800.1740139211133,300.1740139211133,0.01857102932978346,0.9922028283373117,0.02879556975554584,0.314291901179278
steady,2500.0,100.0,7,5,2900.232018561485,400.2320185614849,0.007100252204801958,0.8275855121956814,0.011009395549090273,0.26214743254892425
steady,2500.0,100.0,7,6,3000.290023201856,500.290023201856,0.0031134796375056977,0.7026171767456192,0.00482764947985316,0.22256224430507732
steady,2500.0,100.0,7,7,3100.348027842227,600.3480278422271,0.0019886306072704613,0.5870216863247654,0.003083499053971811,0.18594601482606793
steady,2500.0,100.0,8,1,2500.0,0.0,0.6494003933723378,2.9209143659027403,1.0,1.0
steady,2500.0,100.0,8,2,2600.058004640371,100.05800464037111,0.1283768066043196,1.7597941312504162,0.19768513834378593,0.6024805628652974
steady,2500.0,100.0,8,3,2700.116009280742,200.11600928074222,0.04209197908672492,1.3298858527141553,0.06481668246017094,0.45529778902064444
steady,2500.0,100.0,8,4,2800.1740139211133,300.1740139211133,0.015162099582509657,1.0430274980430365,0.023347844776891554,0.35708937934600404
steady,2500.0,100.0,8,5,2900.232018561485,400.2320185614849,0.006434340880979105,0.8347003935304335,0.00990812593685932,0.28576681441753266
steady,2500.0,100.0,8,6,3000.290023201856,500.290023201856,0.004615853590398199,0.6765141390375548,0.007107870025190561,0.23161039807768233
steady,2500.0,100.0,8,7,3100.348027842227,600.3480278422271,0.004562700255767519,0.5641564859819432,0.007026020160033175,0.19314379516483515
steady,2500.0,100.0,8,8,3200.406032482598,700.4060324825982,0.005224668136845941,0.478383810171778,0.008045372608590867,0.16377878644995067
steady,3000.0,10.0,2,1,3000.290023201856,0.0,0.5885029336323006,2.7049944876376393,1.0,1.0
steady,3000.0,10.0,2,2,3010.440835266821,10.150812064965066,0.12183233166448529,1.2409665337159574,0.20702077203340963,0.4587685998575673
steady,3000.0,10.0,3,1,3000.290023201856,0.0,0.5767043787914579,2.538948796438972,1.0,1.0
steady,3000.0,10.0,3,2,3010.440835266821,10.150812064965066,0.12151737361368953,1.31860785118082,0.21070998952416736,0.519351888084646
steady,3000.0,10.0,3,3,3020.591647331786,20.301624129930133,0.05126805749955475,0.8867735338554146,0.08889833229113352,0.3492679864592652
steady,3000.0,10.0,4,1,3000.290023201856,0.0,0.5830666386931194,2.7381188339228206,1.0,1.0
steady,3000.0,10.0,4,2,3010.440835266821,10.150812064965066,0.12360093570977979,1.4213945938551305,0.21198423560438628,0.5191135520655037
steady,3000.0,10.0,4,3,3020.591647331786,20.301624129930133,0.052352918958362644,0.9639954071434772,0.08978891173692605,0.3520648538699067
steady,3000.0,10.0,4,4,3029.2923433874707,29.002320185614735,0.018795069982096478,0.6337949386001847,0.0322348574499539,0.23147093937196497
steady,3000.0,10.0,5,1,3000.290023201856,0.0,0.5965195431060524,3.071783368171281,1.0,1.0
steady,3000.0,10.0,5,2,3010.440835266821,10.150812064965066,0.12210578875572001,1.5654055708090373,0.2046970466716317,0.5096080625441264
steady,3000.0,10.0,5,3,3020.591647331786,20.301624129930133,0.04908534215638634,1.0934060752788823,0.08228622636703738,0.3559515578501936
steady,3000.0,10.0,5,4,3029.2923433874707,29.002320185614735,0.015711678376179324,0.7242290828767848,0.0263389163988983,0.23576828053077803
steady,3000.0,10.0,5,5,3039.443155452436,39.1531322505798,0.00551822541885025,0.4529311214982664,0.009250703489305784,0.1474489139407995
steady,3000.0,10.0,6,1,3000.290023201856,0.0,0.6051352367379481,3.069125708677348,1.0,1.0
steady,3000.0,10.0,6,2,3010.440835266821,10.150812064965066,0.12178813548154573,1.6348277753838647,0.20125771577616078,0.5326688870259407
steady,3000.0,10.0,6,3,3020.591647331786,20.301624129930133,0.047592550761023845,1.1548361570985228,0.0786477928761462,0.3762752870739218
steady,3000.0,10.0,6,4,3029.2923433874707,29.002320185614735,0.014319358156914843,0.7940978721971798,0.023663071141097333,0.25873748668945834
steady,3000.0,10.0,6,5,3039.443155452436,39.1531322505798,0.005479837137837249,0.5235683055901887,0.009055557840883549,0.1705920041365209
steady,3000.0,10.0,6,6,3049.5939675174013,49.30394431554532,0.0041488237217759145,0.3262485412589139,0.006856027330585856,0.10630015588364805
steady,3000.0,10.0,7,1,3000.290023201856,0.0,0.6147696579471194,3.3971305249123454,1.0,1.0
steady,3000.0,10.0,7,2,3010.440835266821,10.150812064965066,0.11906199320893528,1.8645093631472547,0.19366927380006876,0.5488483146214594
steady,3000.0,10.0,7,3,3020.591647331786,20.301624129930133,0.04382722204724616,1.3787479192288066,0.07129047681630385,0.4058566219690313
steady,3000.0,10.0,7,4,3029.2923433874707,29.002320185614735,0.011502563367580125,0.9791215645501444,0.0187103628471032,0.2882201779913677
steady,3000.0,10.0,7,5,3039.443155452436,39.1531322505798,0.0055752514477283655,0.647098794949441,0.009068846153444892,0.19048393642930098
steady,3000.0,10.0,7,6,3049.5939675174013,49.30394431554532,0.003673306986884094,0.3854356529307159,0.005975094800791325,0.11345918271440604
steady,3000.0,10.0,7,7,3059.7447795823664,59.45475638051039,0.0013879690316670312,0.24307022959303987,0.002257705815055726,0.0715516309457411
steady,3000.0,10.0,8,1,3000.290023201856,0.0,0.6244351360422002,3.070730574603771,1.0,1.0
steady,3000.0,10.0,8,2,3010.440835266821,10.150812064965066,0.11415420563157357,1.835277871659422,0.18281195122219845,0.5976681532524993
steady,3000.0,10.0,8,3,3020.591647331786,20.301624129930133,0.03866366226416901,1.2838499898288593,0.061917819854320405,0.4180926846682144
steady,3000.0,10.0,8,4,3029.2923433874707,29.002320185614735,0.008700111893315253,0.8466735564102128,0.013932771221777128,0.2757238174565226
steady,3000.0,10.0,8,5,3039.443155452436,39.1531322505798,0.00538946288652671,0.53059649054269,0.008630941110531106,0.17279161347822092
steady,3000.0,10.0,8,6,3049.5939675174013,49.30394431554532,0.0030211479415920314,0.32019321987848026,0.004838209394719034,0.10427265176782763
steady,3000.0,10.0,8,7,3059.7447795823664,59.45475638051039,0.000800221771428859,0.2237787683897277,0.0012815130431334005,0.0728747648004263
steady,3000.0,10.0,8,8,3069.8955916473315,69.60556844547546,0.000967263624355541,0.18639212173625022,0.0015490217774839817,0.060699601351480066
steady,3000.0,20.0,2,1,3000.290023201856,0.0,0.5892251592923234,2.7052892211877584,1.0,1.0
steady,3000.0,20.0,2,2,3020.591647331786,20.301624129930133,0.12373738639123269,1.2495961880180024,0.21000017470374974,0.4619085376273989
steady,3000.0,20.0,3,1,3000.290023201856,0.0,0.5837102438172065,2.4510464382512924,1.0,1.0
steady,3000.0,20.0,3,2,3020.591647331786,20.301624129930133,0.13243165997033396,1.1341353394569746,0.2268791088953477,0.4627147498136051
steady,3000.0,20.0,3,3,3039.443155452436,39.1531322505798,0.02714273505479734,0.4771287956397063,0.04650035757004344,0.19466330306663446
steady,3000.0,20.0,4,1,3000.290023201856,0.0,0.596449877292159,2.843533027747177,1.0,1.0
steady,3000.0,20.0,4,2,3020.591647331786,20.301624129930133,0.13208453666306558,1.3172425554026241,0.22145119261776058,0.46324151769962923
steady,3000.0,20.0,4,3,3039.443155452436,39.1531322505798,0.024459623009911998,0.6137136877841539,0.04100868143515594,0.21582787391443664
steady,3000.0,20.0,4,4,3059.7447795823664,59.45475638051039,0.01566427734894071,0.4497489597755938,0.026262520867730645,0.15816554806536318
steady,3000.0,20.0,5,1,3000.290023201856,0.0,0.6007564148554211,2.957823076790051,1.0,1.0
steady,3000.0,20.0,5,2,3020.591647331786,20.301624129930133,0.13371956578292082,1.3566327546543395,0.2225853315525594,0.45865919611615585
steady,3000.0,20.0,5,3,3039.443155452436,39.1531322505798,0.02474567795252321,0.6271872800008051,0.041190867613920594,0.21204354138769316
steady,3000.0,20.0,5,4,3059.7447795823664,59.45475638051039,0.015537634423179314,0.48630062876964103,0.025863451540369526,0.1644116690364706
steady,3000.0,20.0,5,5,3080.046403712297,79.75638051044098,0.005237347788008525,0.3556503947246923,0.008717922370032374,0.12024059096552132
steady,3000.0,20.0,6,1,3000.290023201856,0.0,0.6061520544345074,2.971184469706205,1.0,1.0
steady,3000.0,20.0,6,2,3020.591647331786,20.301624129930133,0.13472673591554513,1.4441168605310026,0.22226557664847754,0.48604079459051525
steady,3000.0,20.0,6,3,3039.443155452436,39.1531322505798,0.02472203638988864,0.7173226198422915,0.04078520597105354,0.24142648400192446
steady,3000.0,20.0,6,4,3059.7447795823664,59.45475638051039,0.01518463581853032,0.5791912776522007,0.025050869179510413,0.1949361554482923
steady,3000.0,20.0,6,5,3080.046403712297,79.75638051044098,0.004868494107015604,0.4595008786488505,0.008031803359237196,0.15465242341357774
steady,3000.0,20.0,6,6,3100.348027842227,100.05800464037111,0.002754611115520831,0.3092752197471444,0.004544422633510115,0.10409155772738876
steady,3000.0,20.0,7,1,3000.290023201856,0.0,0.6182233830303823,3.2259248713171083,1.0,1.0
steady,3000.0,20.0,7,2,3020.591647331786,20.301624129930133,0.13133219695816065,1.617944550458259,0.21243485860143596,0.5015443988928578
steady,3000.0,20.0,7,3,3039.443155452436,39.1531322505798,0.023997561156489298,0.7753468035678059,0.03881697427693373,0.24034868587973057
steady,3000.0,20.0,7,4,3059.7447795823664,59.45475638051039,0.01334552723350292,0.6026961072102854,0.021586901433728302,0.1868289347247605
steady,3000.0,20.0,7,5,3080.046403712297,79.75638051044098,0.005022406376554534,0.46283748201350583,0.00812393467218258,0.14347435246516904
steady,3000.0,20.0,7,6,3100.348027842227,100.05800464037111,0.002546745302253712,0.2982630008987096,0.0041194580667107406,0.09245813613040908
steady,3000.0,20.0,7,7,3120.6496519721577,120.3596287703017,0.001034970314594418,0.2334462281137351,0.0016741041232074443,0.07236567416352188
steady,3000.0,20.0,8,1,3000.290023201856,0.0,0.6202241691697864,3.4196532491553127,1.0,1.0
steady,3000.0,20.0,8,2,3020.591647331786,20.301624129930133,0.13083804156263712,1.6159065655277023,0.21095282652040637,0.4725352097984925
steady,3000.0,20.0,8,3,3039.443155452436,39.1531322505798,0.024342150729905684,0.6954398331284949,0.039247343041289996,0.20336559950932898
steady,3000.0,20.0,8,4,3059.7447795823664,59.45475638051039,0.01347480508241687,0.5536832184702141,0.021725701370931483,0.1619120940425697
steady,3000.0,20.0,8,5,3080.046403712297,79.75638051044098,0.0052142097542687785,0.40642872962315685,0.008406976079710606,0.11885086001732739
steady,3000.0,20.0,8,6,3100.348027842227,100.05800464037111,0.0027123664581551314,0.27392950843771235,0.0043732034206048825,0.08010446921932088
steady,3000.0,20.0,8,7,3120.6496519721577,120.3596287703017,0.001116000877501097,0.23112634379149652,0.001799350836319298,0.06758765493214464
steady,3000.0,20.0,8,8,3139.5011600928074,139.21113689095137,0.0016862187232836044,0.18378014435061837,0.002718724627485457,0.05374233320176946
steady,3000.0,30.0,2,1,3000.290023201856,0.0,0.5896182362929603,2.7133671830728887,1.0,1.0
steady,3000.0,30.0,2,2,3029.2923433874707,29.002320185614735,0.12496853242735703,1.2631238421447155,0.2119482145142889,0.4655189500428127
steady,3000.0,30.0,3,1,3000.290023201856,0.0,0.5857237123672814,2.583012138774629,1.0,1.0
steady,3000.0,30.0,3,2,3029.2923433874707,29.002320185614735,0.13338077186909908,1.1356486230990581,0.2277196040604583,0.43966058310426887
steady,3000.0,30.0,3,3,3059.7447795823664,59.45475638051039,0.026612089252709907,0.4847510066352768,0.045434543097382145,0.18766888446185961
steady,3000.0,30.0,4,1,3000.290023201856,0.0,0.5928025400666196,3.121821177501196,1.0,1.0
steady,3000.0,30.0,4,2,3029.2923433874707,29.002320185614735,0.13532979909891846,1.442055016149863,0.2282881565988398,0.4619274885258256
steady,3000.0,30.0,4,3,3059.7447795823664,59.45475638051039,0.026528043609741432,0.5363695473830138,0.04475021919906111,0.17181302735999146
steady,3000.0,30.0,4,4,3090.197215777262,89.90719257540604,0.012095789158884852,0.3235209844584329,0.02040441519957981,0.10363213203563097
steady,3000.0,30.0,5,1,3000.290023201856,0.0,0.5961735459838992,2.772408587375891,1.0,1.0
steady,3000.0,30.0,5,2,3029.2923433874707,29.002320185614735,0.13724369537233141,1.3382256521776392,0.23020762376470483,0.4826942386022118
steady,3000.0,30.0,5,3,3059.7447795823664,59.45475638051039,0.027216967073413964,0.5923074382155158,0.045652758759190254,0.21364363135815417
steady,3000.0,30.0,5,4,3090.197215777262,89.90719257540604,0.012206179213830853,0.3499831851049338,0.02047420469435003,0.12623795305590074
steady,3000.0,30.0,5,5,3120.6496519721577,120.3596287703017,0.007461607106577824,0.23672949602204665,0.012515830594702938,0.08538766511544865
steady,3000.0,30.0,6,1,3000.290023201856,0.0,0.607023703006555,2.9471472168080544,1.0,1.0
steady,3000.0,30.0,6,2,3029.2923433874707,29.002320185614735,0.13643544370376945,1.466404246366111,0.22476131167203556,0.4975673553065052
steady,3000.0,30.0,6,3,3059.7447795823664,59.45475638051039,0.026597384243301613,0.6909610599502796,0.04381605547125464,0.23445081263997183
steady,3000.0,30.0,6,4,3090.197215777262,89.90719257540604,0.012137692374397407,0.4067637030466835,0.019995417500634795,0.13801947209384205
steady,3000.0,30.0,6,5,3120.6496519721577,120.3596287703017,0.007316760670128417,0.26793344626486953,0.012053500767579427,0.09091281383461336
steady,3000.0,30.0,6,6,3149.6519721577724,149.36194895591643,0.00454389232458665,0.19952097032490954,0.007485527010034372,0.06769969589133837
steady,3000.0,30.0,7,1,3000.290023201856,0.0,0.6128256838157534,3.2011486247603615,1.0,1.0
steady,3000.0,30.0,7,2,3029.2923433874707,29.002320185614735,0.13543530836197784,1.619832290286931,0.2210013580349491,0.5060159586961358
steady,3000.0,30.0,7,3,3059.7447795823664,59.45475638051039,0.02649404325110712,0.646827747559182,0.04323259280867963,0.20206114222753518
steady,3000.0,30.0,7,4,3090.197215777262,89.90719257540604,0.012359341827022334,0.3731327102409363,0.020167793474429804,0.11656213252793568
steady,3000.0,30.0,7,5,3120.6496519721577,120.3596287703017,0.007371738068799307,0.25432185690778836,0.01202909451003954,0.07944706313872787
steady,3000.0,30.0,7,6,3149.6519721577724,149.36194895591643,0.004644632440536262,0.1969449357275922,0.0075790433775825145,0.061523208952016566
steady,3000.0,30.0,7,7,3180.104408352668,179.8143851508121,0.0033299884371107316,0.15303910495046893,0.005433826494308446,0.04780756000103727
steady,3000.0,30.0,8,1,3000.290023201856,0.0,0.6232510408406192,3.5546574487296536,1.0,1.0
steady,3000.0,30.0,8,2,3029.2923433874707,29.002320185614735,0.12758683248893915,1.8779464607407936,0.2047117840619319,0.5283058882120766
steady,3000.0,30.0,8,3,3059.7447795823664,59.45475638051039,0.025860102701955223,0.7711486068296719,0.04149227359023103,0.21694034318419664
steady,3000.0,30.0,8,4,3090.197215777262,89.90719257540604,0.01218688863762838,0.4181435508266612,0.01955373972772052,0.11763258678444398
steady,3000.0,30.0,8,5,3120.6496519721577,120.3596287703017,0.007343176296370248,0.27869910713919854,0.011782052199168457,0.07840392813062724
steady,3000.0,30.0,8,6,3149.6519721577724,149.36194895591643,0.004501509400918755,0.21410348645443933,0.0072226263671333404,0.06023181967391952
steady,3000.0,30.0,8,7,3180.104408352668,179.8143851508121,0.0028907550589978397,0.1641537722234373,0.004638187294639557,0.046179913139619624
steady,3000.0,30.0,8,8,3210.5568445475637,210.26682134570774,0.002520906458769001,0.12352228160764729,0.004044768951157932,0.03474941914636278
steady,3000.0,40.0,2,1,3000.290023201856,0.0,0.5897099246138711,2.7215481074505834,1.0,1.0
steady,3000.0,40.0,2,2,3039.443155452436,39.1531322505798,0.12582239342727153,1.2762520519601206,0.21336319464125897,0.46894341072502765
steady,3000.0,40.0,3,1,3000.290023201856,0.0,0.5851499494408571,2.6192561415966584,1.0,1.0
steady,3000.0,40.0,3,2,3039.443155452436,39.1531322505798,0.13425910690187154,1.1353097050208936,0.22944393489252368,0.43344737728812816
steady,3000.0,40.0,3,3,3080.046403712297,79.75638051044098,0.027010261659644322,0.4998235136901418,0.046159555658261804,0.19082651205905238
steady,3000.0,40.0,4,1,3000.290023201856,0.0,0.5866324048634366,3.050455566261772,1.0,1.0
steady,3000.0,40.0,4,2,3039.443155452436,39.1531322505798,0.13712360296592854,1.513640030048079,0.2337470651622967,0.4962013040901273
steady,3000.0,40.0,4,3,3080.046403712297,79.75638051044098,0.027615977562667364,0.5957070219132494,0.04707543827057448,0.19528460879804513
steady,3000.0,40.0,4,4,3120.6496519721577,120.3596287703017,0.012687550574072413,0.32681138361605716,0.021627769739426473,0.10713527095120197
steady,3000.0,40.0,5,1,3000.290023201856,0.0,0.5950863690323104,2.7946973822687053,1.0,1.0
steady,3000.0,40.0,5,2,3039.443155452436,39.1531322505798,0.13858136987131206,1.2788122121821077,0.2328760614978693,0.45758521845538125
steady,3000.0,40.0,5,3,3080.046403712297,79.75638051044098,0.027586006174901513,0.5838041020596125,0.04635630659757848,0.20889707263606716
steady,3000.0,40.0,5,4,3120.6496519721577,120.3596287703017,0.012188829898886727,0.3612129513295876,0.020482455208489125,0.12924939695487128
steady,3000.0,40.0,5,5,3159.8027842227375,159.5127610208815,0.007283866285226278,0.2817253904607865,0.012240015339404957,0.10080711859832381
steady,3000.0,40.0,6,1,3000.290023201856,0.0,0.6045630000284868,3.1421693109254183,1.0,1.0
steady,3000.0,40.0,6,2,3039.443155452436,39.1531322505798,0.13810765862726057,1.592349108431871,0.2284421286462337,0.5067674434013548
steady,3000.0,40.0,6,3,3080.046403712297,79.75638051044098,0.02726817358870204,0.7184739032810911,0.04510394051143913,0.22865537537488367
steady,3000.0,40.0,6,4,3120.6496519721577,120.3596287703017,0.012112535019353506,0.40387492798950786,0.020035190739067336,0.12853378924720016
steady,3000.0,40.0,6,5,3159.8027842227375,159.5127610208815,0.006939087453126828,0.29999106736313996,0.011477856654806629,0.09547259796601726
steady,3000.0,40.0,6,6,3200.406032482598,200.11600928074222,0.005265434645284039,0.21612714416105527,0.00870948874647627,0.06878278118546147
steady,3000.0,40.0,7,1,3000.290023201856,0.0,0.6175349833330002,3.1431951974943257,1.0,1.0
steady,3000.0,40.0,7,2,3039.443155452436,39.1531322505798,0.13205061137151503,1.5742692246948413,0.21383502948902236,0.5008499713761997
steady,3000.0,40.0,7,3,3080.046403712297,79.75638051044098,0.026245715273045634,0.6959433057759505,0.04250077482475656,0.22141269060564187
steady,3000.0,40.0,7,4,3120.6496519721577,120.3596287703017,0.011789046391773373,0.3887431000971585,0.019090491567206058,0.12367768327180396
steady,3000.0,40.0,7,5,3159.8027842227375,159.5127610208815,0.006020766179806241,0.29993008979842495,0.009749676281189073,0.09542203743423937
steady,3000.0,40.0,7,6,3200.406032482598,200.11600928074222,0.004708289903324593,0.21954288857620693,0.007624329034628456,0.06984704250987049
steady,3000.0,40.0,7,7,3239.5591647331785,239.26914153132248,0.0032267865303719665,0.17850094761541987,0.005225269203302691,0.056789647603723827
steady,3000.0,40.0,8,1,3000.290023201856,0.0,0.626999438228509,3.355344194438175,1.0,1.0
steady,3000.0,40.0,8,2,3039.443155452436,39.1531322505798,0.12229128102630082,1.6155444163312753,0.19504209026377461,0.48148396191639736
steady,3000.0,40.0,8,3,3080.046403712297,79.75638051044098,0.025540290679748428,0.762224456477227,0.040734152413132316,0.22716729262550522
steady,3000.0,40.0,8,4,3120.6496519721577,120.3596287703017,0.011463317907540137,0.4201347738528299,0.01828282006109605,0.1252136143139193
steady,3000.0,40.0,8,5,3159.8027842227375,159.5127610208815,0.0052165874293668,0.30945942968982176,0.008319923609669364,0.09222881819480169
steady,3000.0,40.0,8,6,3200.406032482598,200.11600928074222,0.004231962014725806,0.22118565342873156,0.0067495467407156975,0.06592040655482359
steady,3000.0,40.0,8,7,3239.5591647331785,239.26914153132248,0.0030469380281606864,0.18021850591377075,0.004859554638149826,0.05371088492575554
steady,3000.0,40.0,8,8,3280.162412993039,279.8723897911832,0.0019772474766566487,0.13747705724012732,0.0031535075728984048,0.04097256474254104
steady,3000.0,50.0,2,1,3000.290023201856,0.0,0.5904662973469954,2.7313023922267043,1.0,1.0
steady,3000.0,50.0,2,2,3049.5939675174013,49.30394431554532,0.1270165772222911,1.265551749888168,0.2151123235872819,0.4633510201909289
steady,3000.0,50.0,3,1,3000.290023201856,0.0,0.5811920795868865,2.5979298116076284,1.0,1.0
steady,3000.0,50.0,3,2,3049.5939675174013,49.30394431554532,0.13648555179385458,1.157801662735498,0.23483725361651353,0.44566318056877646
steady,3000.0,50.0,3,3,3100.348027842227,100.05800464037111,0.028121169443435623,0.49910866667592707,0.04838532807161491,0.19211784107711247
steady,3000.0,50.0,4,1,3000.290023201856,0.0,0.5834153268717933,3.063474470422541,1.0,1.0
steady,3000.0,50.0,4,2,3049.5939675174013,49.30394431554532,0.13712378841464531,1.541040419006276,0.23503631478090828,0.5030368080050369
steady,3000.0,50.0,4,3,3100.348027842227,100.05800464037111,0.027395467649242736,0.6093870643008155,0.04695705852661451,0.19892023589044744
steady,3000.0,50.0,4,4,3149.6519721577724,149.36194895591643,0.018649042388174195,0.4362611943638836,0.031965293898204974,0.142407321678679
steady,3000.0,50.0,5,1,3000.290023201856,0.0,0.5950796961530134,2.942837284999333,1.0,1.0
steady,3000.0,50.0,5,2,3049.5939675174013,49.30394431554532,0.1384069700577703,1.3558228162027748,0.23258560315958351,0.46071959979366717
steady,3000.0,50.0,5,3,3100.348027842227,100.05800464037111,0.02644518720136813,0.671552541221861,0.044439740378183316,0.22819900530858378
steady,3000.0,50.0,5,4,3149.6519721577724,149.36194895591643,0.017329052372221983,0.5285497933110234,0.029120557270309134,0.17960551064281596
steady,3000.0,50.0,5,5,3200.406032482598,200.11600928074222,0.007715503854330626,0.36170018627508843,0.012965496729612383,0.12290865965264214
steady,3000.0,50.0,6,1,3000.290023201856,0.0,0.6080460472086091,3.2832181518902477,1.0,1.0
steady,3000.0,50.0,6,2,3049.5939675174013,49.30394431554532,0.13702070524843352,1.5735686749789526,0.22534593535713637,0.47927630823830625
steady,3000.0,50.0,6,3,3100.348027842227,100.05800464037111,0.02526322309596874,0.6351021469048375,0.04154820710034384,0.19343891192219134
steady,3000.0,50.0,6,4,3149.6519721577724,149.36194895591643,0.015405065287647287,0.48921571492653904,0.025335359646474438,0.14900493731885675
steady,3000.0,50.0,6,5,3200.406032482598,200.11600928074222,0.007266160467856593,0.30376739468630504,0.011950016781152942,0.0925212339336687
steady,3000.0,50.0,6,6,3249.7099767981435,249.41995359628754,0.0044622636239218146,0.2536695727177695,0.007338693581525572,0.07726247875783834
steady,3000.0,50.0,7,1,3000.290023201856,0.0,0.6231329936490823,3.3791756229028436,1.0,1.0
steady,3000.0,50.0,7,2,3049.5939675174013,49.30394431554532,0.12676194704589683,1.6402032591076066,0.20342679385916596,0.485385621271323
steady,3000.0,50.0,7,3,3100.348027842227,100.05800464037111,0.02367212893732685,0.7670565086119985,0.03798888708925887,0.22699515923740804
steady,3000.0,50.0,7,4,3149.6519721577724,149.36194895591643,0.01248463783267859,0.5603505877723228,0.020035270094700398,0.16582464195541274
steady,3000.0,50.0,7,5,3200.406032482598,200.11600928074222,0.006719405090535836,0.358078530175053,0.01078326000872917,0.10596623855478975
steady,3000.0,50.0,7,6,3249.7099767981435,249.41995359628754,0.003759093397815415,0.27698293044177325,0.006032569990881194,0.08196760433653759
steady,3000.0,50.0,7,7,3300.46403712297,300.1740139211138,0.0029398409771843976,0.192465631145383,0.004717838739317294,0.05695638600163892
steady,3000.0,50.0,8,1,3000.290023201856,0.0,0.6288457312935405,2.811514698505992,1.0,1.0
steady,3000.0,50.0,8,2,3049.5939675174013,49.30394431554532,0.119408617234561,1.43297034579479,0.18988539047396658,0.5096791229852914
steady,3000.0,50.0,8,3,3100.348027842227,100.05800464037111,0.023155038010428928,0.6673175503418808,0.03682149191471625,0.23735161359692908
steady,3000.0,50.0,8,4,3149.6519721577724,149.36194895591643,0.011239090388345764,0.5314383410888464,0.017872571648418236,0.18902207460314785
steady,3000.0,50.0,8,5,3200.406032482598,200.11600928074222,0.006500267826221164,0.36345369154721474,0.010336824284153227,0.12927326744560505
steady,3000.0,50.0,8,6,3249.7099767981435,249.41995359628754,0.003634216292876647,0.28590868593572094,0.0057791857557831176,0.1016920473820214
steady,3000.0,50.0,8,7,3300.46403712297,300.1740139211138,0.0028757745954305,0.21411164684245595,0.004573100288865775,0.07615526497379954
steady,3000.0,50.0,8,8,3349.7679814385147,349.47795823665865,0.0020724087708198858,0.16740034312270186,0.003295575794967909,0.05954098095651307
steady,3000.0,60.0,2,1,3000.290023201856,0.0,0.5914879438001497,2.730955013053874,1.0,1.0
steady,3000.0,60.0,2,2,3059.7447795823664,59.45475638051039,0.1258955741684142,1.2894737962354441,0.21284554569205463,0.47216954877389133
steady,3000.0,60.0,3,1,3000.290023201856,0.0,0.5793721180989754,2.509652128754635,1.0,1.0
steady,3000.0,60.0,3,2,3059.7447795823664,59.45475638051039,0.13760517830054136,1.1813761599698507,0.23750742226265362,0.47073303364800806
steady,3000.0,60.0,3,3,3120.6496519721577,120.3596287703017,0.028642437367899266,0.49097676559717085,0.049437031008465304,0.1956353870609184
steady,3000.0,60.0,4,1,3000.290023201856,0.0,0.5813100801042217,3.0875232841278337,1.0,1.0
steady,3000.0,60.0,4,2,3059.7447795823664,59.45475638051039,0.13861661395205177,1.4644582190748356,0.23845554841780747,0.4743148745155187
steady,3000.0,60.0,4,3,3120.6496519721577,120.3596287703017,0.0281590510043251,0.5924020709393347,0.04844067214398989,0.19186966912435025
steady,3000.0,60.0,4,4,3180.104408352668,179.8143851508121,0.01918054401822603,0.4367277923146014,0.0329953748863037,0.14144923037818277
steady,3000.0,60.0,5,1,3000.290023201856,0.0,0.597094122717809,2.938614409232612,1.0,1.0
steady,3000.0,60.0,5,2,3059.7447795823664,59.45475638051039,0.1390014539484232,1.3481377208228154,0.23279655360820942,0.4587664569353511
steady,3000.0,60.0,5,3,3120.6496519721577,120.3596287703017,0.0262662314352627,0.6596720224930619,0.043990102122770866,0.22448403588456106
steady,3000.0,60.0,5,4,3180.104408352668,179.8143851508121,0.016341105126772233,0.5241422238728058,0.027367720607250318,0.17836372891456692
steady,3000.0,60.0,5,5,3239.5591647331785,239.26914153132248,0.005835663516055779,0.3924021384225646,0.00977343988832688,0.13353304781658518
steady,3000.0,60.0,6,1,3000.290023201856,0.0,0.6148697020608124,3.2258069038751613,1.0,1.0
steady,3000.0,60.0,6,2,3059.7447795823664,59.45475638051039,0.13296373594844144,1.5296532471069175,0.21624701217639594,0.47419244012074785
steady,3000.0,60.0,6,3,3120.6496519721577,120.3596287703017,0.02442290542819036,0.7085939195222065,0.03972045678350056,0.21966408425469383
steady,3000.0,60.0,6,4,3180.104408352668,179.8143851508121,0.013182846718022266,0.5481116380857368,0.021440065551836942,0.16991458398433285
steady,3000.0,60.0,6,5,3239.5591647331785,239.26914153132248,0.005418161289895518,0.3926027827968319,0.008811885301448217,0.12170684560355992
steady,3000.0,60.0,6,6,3300.46403712297,300.1740139211138,0.0033781297251345376,0.2549549769989827,0.0054940578691913345,0.07903603178873023
steady,3000.0,60.0,7,1,3000.290023201856,0.0,0.6250836838027354,2.9130156512192014,1.0,1.0
steady,3000.0,60.0,7,2,3059.7447795823664,59.45475638051039,0.12489606292942475,1.5042178958588188,0.1998069477187627,0.5163782402711258
steady,3000.0,60.0,7,3,3120.6496519721577,120.3596287703017,0.02383661451954693,0.7151813068319994,0.03813347738423663,0.24551234612579936
steady,3000.0,60.0,7,4,3180.104408352668,179.8143851508121,0.011419270871135355,0.5535670033977339,0.01826838736481732,0.19003227914894527
steady,3000.0,60.0,7,5,3239.5591647331785,239.26914153132248,0.005120697566259359,0.41057125386831794,0.008192019243099225,0.14094371710515155
steady,3000.0,60.0,7,6,3300.46403712297,300.1740139211138,0.0029125973016917188,0.2640645259743002,0.004659531798962904,0.09064988231827033
steady,3000.0,60.0,7,7,3359.91879350348,359.6287703016242,0.0023593897363669,0.22172891287120966,0.0037745181925296885,0.07611662257235322
steady,3000.0,60.0,8,1,3000.290023201856,0.0,0.6243588743837567,2.9139635854332573,1.0,1.0
steady,3000.0,60.0,8,2,3059.7447795823664,59.45475638051039,0.12667675604149073,1.6396092029443328,0.2028909353879544,0.5626731957601147
steady,3000.0,60.0,8,3,3120.6496519721577,120.3596287703017,0.024085569681276738,0.8054703791947914,0.03857648328463215,0.27641744846136485
steady,3000.0,60.0,8,4,3180.104408352668,179.8143851508121,0.011832432615401782,0.6182970205609619,0.018951332480186836,0.2121841960042996
steady,3000.0,60.0,8,5,3239.5591647331785,239.26914153132248,0.005207087497307672,0.45516187486009474,0.00833989506827636,0.15620026177932483
steady,3000.0,60.0,8,6,3300.46403712297,300.1740139211138,0.00308234742826985,0.29432170839770344,0.004936820080137617,0.10100390748498073
steady,3000.0,60.0,8,7,3359.91879350348,359.6287703016242,0.002072326124150658,0.2471500658459083,0.0033191265619409147,0.08481577020433535
steady,3000.0,60.0,8,8,3419.3735498839906,419.08352668213456,0.0022786533488101737,0.17300202670577144,0.003649589110203981,0.05937000296455282
steady,3000.0,70.0,2,1,3000.290023201856,0.0,0.5928438468815922,2.737130531752661,1.0,1.0
steady,3000.0,70.0,2,2,3069.8955916473315,69.60556844547546,0.12691299916691479,1.2850618181247209,0.2140749201235497,0.4694923399586135
steady,3000.0,70.0,3,1,3000.290023201856,0.0,0.5697926844891731,2.6271775733272205,1.0,1.0
steady,3000.0,70.0,3,2,3069.8955916473315,69.60556844547546,0.12839729115761575,1.402284886358166,0.2253403644041616,0.5337609838767867
steady,3000.0,70.0,3,3,3139.5011600928074,139.21113689095137,0.05533863265935074,0.9440400270011102,0.09712064434270963,0.3593362080224823
steady,3000.0,70.0,4,1,3000.290023201856,0.0,0.5730131001041182,3.0398876584546066,1.0,1.0
steady,3000.0,70.0,4,2,3069.8955916473315,69.60556844547546,0.13079154922865086,1.5270172685933854,0.2282522846421585,0.5023268752535671
steady,3000.0,70.0,4,3,3139.5011600928074,139.21113689095137,0.057117997588787675,1.06411342164539,0.09968009034768867,0.35005024566807685
steady,3000.0,70.0,4,4,3210.5568445475637,210.26682134570774,0.02106315214347219,0.6931700025009067,0.0367585874383063,0.22802487472622418
steady,3000.0,70.0,5,1,3000.290023201856,0.0,0.5910691258083498,3.221406205076184,1.0,1.0
steady,3000.0,70.0,5,2,3069.8955916473315,69.60556844547546,0.12748558694226725,1.7100117979160785,0.2156864254547506,0.5308277469700963
steady,3000.0,70.0,5,3,3139.5011600928074,139.21113689095137,0.05145175108681783,1.1843341330137558,0.08704861891822228,0.3676450772173723
steady,3000.0,70.0,5,4,3210.5568445475637,210.26682134570774,0.015818473139073124,0.7600855467989999,0.026762475738247506,0.23594837111857628
steady,3000.0,70.0,5,5,3280.162412993039,279.8723897911832,0.006497826327005687,0.4563956750974231,0.01099334416785722,0.1416759160574814
steady,3000.0,70.0,6,1,3000.290023201856,0.0,0.6110371431884972,3.1592095253752457,1.0,1.0
steady,3000.0,70.0,6,2,3069.8955916473315,69.60556844547546,0.1189551732145669,1.7999466303368825,0.19467748326040915,0.5697458860767038
steady,3000.0,70.0,6,3,3139.5011600928074,139.21113689095137,0.0416534005064495,1.2630819625721792,0.06816836091026295,0.39980949425067097
steady,3000.0,70.0,6,4,3210.5568445475637,210.26682134570774,0.00910650866564333,0.8209494660501514,0.014903363514243989,0.25985913864090426
steady,3000.0,70.0,6,5,3280.162412993039,279.8723897911832,0.005790900194001039,0.49043991887965394,0.009477165600413623,0.15524133962637388
steady,3000.0,70.0,6,6,3349.7679814385147,349.47795823665865,0.0041351554486202605,0.26658760063801007,0.006767437126722454,0.08438427350156373
steady,3000.0,70.0,7,1,3000.290023201856,0.0,0.6138080386129294,2.9418838216799648,1.0,1.0
steady,3000.0,70.0,7,2,3069.8955916473315,69.60556844547546,0.11900341377612425,1.734122333191502,0.19387724873243053,0.5894598285669997
steady,3000.0,70.0,7,3,3139.5011600928074,139.21113689095137,0.041530892272582255,1.2356251326752314,0.06766104329039564,0.42001153260009666
steady,3000.0,70.0,7,4,3210.5568445475637,210.26682134570774,0.009039315609555395,0.8229387819191556,0.014726616533048754,0.2797319105039355
steady,3000.0,70.0,7,5,3280.162412993039,279.8723897911832,0.005837618209826807,0.5152540971070988,0.00951049488211092,0.1751442709293879
steady,3000.0,70.0,7,6,3349.7679814385147,349.47795823665865,0.004093488753737112,0.3008400627504515,0.006669004796658402,0.1022610276223133
steady,3000.0,70.0,7,7,3419.3735498839906,419.08352668213456,0.0023982611818817194,0.21723225506118837,0.0039071843817836925,0.0738412079567227
steady,3000.0,70.0,8,1,3000.290023201856,0.0,0.6107236307685979,3.0191143583208238,1.0,1.0
steady,3000.0,70.0,8,2,3069.8955916473315,69.60556844547546,0.12144490229534956,1.8928255206899436,0.19885410712290713,0.6269472752740305
steady,3000.0,70.0,8,3,3139.5011600928074,139.21113689095137,0.044002039681929735,1.3678913812679065,0.07204902097296122,0.45307703482577016
steady,3000.0,70.0,8,4,3210.5568445475637,210.26682134570774,0.010496852483830643,0.9200955973557853,0.017187565627058372,0.3047567889636104
steady,3000.0,70.0,8,5,3280.162412993039,279.8723897911832,0.006050195555163325,0.5769834000733391,0.009906601366561062,0.19111015072454784
steady,3000.0,70.0,8,6,3349.7679814385147,349.47795823665865,0.0043207566045409046,0.3345435575597218,0.007074814837446549,0.11080850801086874
steady,3000.0,70.0,8,7,3419.3735498839906,419.08352668213456,0.002563734247505524,0.23472853278664946,0.004197863187771292,0.07774747986598333
steady,3000.0,70.0,8,8,3490.429234338747,490.13921113689094,0.0023643455761234327,0.18691178345418577,0.00387138380931469,0.061909474524887716
steady,3000.0,80.0,2,1,3000.290023201856,0.0,0.5941158006662818,2.732206044337336,1.0,1.0
steady,3000.0,80.0,2,2,3080.046403712297,79.75638051044098,0.12624963826810334,1.2934821148522977,0.21250005154974574,0.47342041334441753
steady,3000.0,80.0,3,1,3000.290023201856,0.0,0.5721512102074442,2.666186759922359,1.0,1.0
steady,3000.0,80.0,3,2,3080.046403712297,79.75638051044098,0.1285046331593365,1.4167580027527846,0.22459907602527787,0.5313798808280188
steady,3000.0,80.0,3,3,3159.8027842227375,159.5127610208815,0.05433556977826099,0.9392062165151229,0.0949671499577194,0.3522657267049339
steady,3000.0,80.0,4,1,3000.290023201856,0.0,0.5735282564419341,3.0901506878068212,1.0,1.0
steady,3000.0,80.0,4,2,3080.046403712297,79.75638051044098,0.12783050129713316,1.581300291184144,0.22288439995994366,0.5117227122365491
steady,3000.0,80.0,4,3,3159.8027842227375,159.5127610208815,0.052578304256034096,1.157552585415549,0.09167517670745713,0.37459421962270106
steady,3000.0,80.0,4,4,3239.5591647331785,239.26914153132248,0.026111581047016545,0.8778313282320602,0.04552797661445329,0.28407395525914797
steady,3000.0,80.0,5,1,3000.290023201856,0.0,0.5968252732460129,3.166656403233411,1.0,1.0
steady,3000.0,80.0,5,2,3080.046403712297,79.75638051044098,0.1238411295623338,1.8347655090207886,0.20749980792332529,0.5794015123166965
steady,3000.0,80.0,5,3,3159.8027842227375,159.5127610208815,0.04489572527078315,1.3227841991112659,0.07522423610951379,0.4177226799095086
steady,3000.0,80.0,5,4,3239.5591647331785,239.26914153132248,0.018500808223072086,0.9853065075844522,0.03099870104771184,0.3111504319124661
steady,3000.0,80.0,5,5,3319.3155452436195,319.02552204176345,0.008513359244509784,0.7469694100258157,0.014264408070736234,0.2358858413761278
steady,3000.0,80.0,6,1,3000.290023201856,0.0,0.6126174164645389,2.99432018270848,1.0,1.0
steady,3000.0,80.0,6,2,3080.046403712297,79.75638051044098,0.11855894360886383,1.7698917170017334,0.1935285227329585,0.591082986790276
steady,3000.0,80.0,6,3,3159.8027842227375,159.5127610208815,0.03811256433367222,1.3185124880201762,0.06221266864011587,0.4403378421700815
steady,3000.0,80.0,6,4,3239.5591647331785,239.26914153132248,0.013673407930052185,1.0224393756570238,0.022319652629144055,0.34145960126822084
steady,3000.0,80.0,6,5,3319.3155452436195,319.02552204176345,0.006602669521061181,0.7963217776747089,0.010777802497300325,0.2659440971854936
steady,3000.0,80.0,6,6,3400.522041763341,400.2320185614849,0.005221778190589325,0.6122585801483086,0.008523718148146358,0.20447331707676522
steady,3000.0,80.0,7,1,3000.290023201856,0.0,0.607238861873514,3.220027021880702,1.0,1.0
steady,3000.0,80.0,7,2,3080.046403712297,79.75638051044098,0.123386277964249,2.0589112582466713,0.20319232794746592,0.6394080683969339
steady,3000.0,80.0,7,3,3159.8027842227375,159.5127610208815,0.04330208505360619,1.5210008903676722,0.07130980537050326,0.47235656099535156
steady,3000.0,80.0,7,4,3239.5591647331785,239.26914153132248,0.017091380422172852,1.1503648114775797,0.028146058322816855,0.3572531546041787
steady,3000.0,80.0,7,5,3319.3155452436195,319.02552204176345,0.007756183066958702,0.881813474467006,0.01277287004166458,0.2738528181518087
steady,3000.0,80.0,7,6,3400.522041763341,400.2320185614849,0.004617340166231198,0.6701246333195401,0.0076038285033097515,0.20811149371291435
steady,3000.0,80.0,7,7,3480.278422273782,479.98839907192587,0.003994569545836467,0.5011896462185086,0.006578250827873602,0.15564765227522276
steady,3000.0,80.0,8,1,3000.290023201856,0.0,0.6133925907694612,3.014694557015266,1.0,1.0
steady,3000.0,80.0,8,2,3080.046403712297,79.75638051044098,0.11942470973617321,1.921445507093314,0.19469539008673492,0.6373599284285915
steady,3000.0,80.0,8,3,3159.8027842227375,159.5127610208815,0.03905643854215029,1.468335619251728,0.06367282410952588,0.4870594985601033
steady,3000.0,80.0,8,4,3239.5591647331785,239.26914153132248,0.014424080064101038,1.1705062295905415,0.023515249908719903,0.3882669396363043
steady,3000.0,80.0,8,5,3319.3155452436195,319.02552204176345,0.007065176288545695,0.9334287261690336,0.011518196331134177,0.30962630160887206
steady,3000.0,80.0,8,6,3400.522041763341,400.2320185614849,0.00543767573929051,0.7332576348388056,0.008864919174307762,0.24322783650917393
steady,3000.0,80.0,8,7,3480.278422273782,479.98839907192587,0.005491334234978915,0.5643886855854825,0.008952397400318111,0.1872125599829464
steady,3000.0,80.0,8,8,3560.0348027842224,559.7447795823664,0.005536325788560847,0.42520843341645814,0.009025746107588103,0.14104527850988685
steady,3000.0,90.0,2,1,3000.290023201856,0.0,0.5933221495538811,2.7329431263267274,1.0,1.0
steady,3000.0,90.0,2,2,3090.197215777262,89.90719257540604,0.12782547593228233,1.2956471235394056,0.2154402562392021,0.4740849200476589
steady,3000.0,90.0,3,1,3000.290023201856,0.0,0.5709858456867422,2.7397436995242628,1.0,1.0
steady,3000.0,90.0,3,2,3090.197215777262,89.90719257540604,0.1295409632940283,1.459705829316097,0.22687245975112647,0.5327891910362142
steady,3000.0,90.0,3,3,3180.104408352668,179.8143851508121,0.054949616584209174,0.9475378124860961,0.09623639009495864,0.34584907071804905
steady,3000.0,90.0,4,1,3000.290023201856,0.0,0.5768046898259785,3.147049222406161,1.0,1.0
steady,3000.0,90.0,4,2,3090.197215777262,89.90719257540604,0.12785059469625648,1.635703331845632,0.2216531816598594,0.5197577845938524
steady,3000.0,90.0,4,3,3180.104408352668,179.8143851508121,0.05153402165256662,1.2000454683355688,0.08934397129835124,0.38132402244984326
steady,3000.0,90.0,4,4,3270.011600928074,269.72157772621813,0.025140556543692065,0.9080057058563726,0.043585908691687214,0.28852605780412055
steady,3000.0,90.0,5,1,3000.290023201856,0.0,0.6024287870414088,2.977887251240826,1.0,1.0
steady,3000.0,90.0,5,2,3090.197215777262,89.90719257540604,0.12215499228821111,1.7643510036434837,0.20277084182535024,0.592484152282231
steady,3000.0,90.0,5,3,3180.104408352668,179.8143851508121,0.04198270342710765,1.2944211674878818,0.0696890725180799,0.43467769538572104
steady,3000.0,90.0,5,4,3270.011600928074,269.72157772621813,0.016294828289712508,0.993197668316178,0.027048555182328064,0.33352426889309944
steady,3000.0,90.0,5,5,3359.91879350348,359.6287703016242,0.007534298543812635,0.7649634380908883,0.012506538043798286,0.25688126297331887
steady,3000.0,90.0,6,1,3000.290023201856,0.0,0.6075164195160336,2.900655704988011,1.0,1.0
steady,3000.0,90.0,6,2,3090.197215777262,89.90719257540604,0.122508884354374,1.7472173871712247,0.20165526464612818,0.6023525591702191
steady,3000.0,90.0,6,3,3180.104408352668,179.8143851508121,0.04176958746777123,1.30528454531589,0.06875466427894439,0.4499963725688999
steady,3000.0,90.0,6,4,3270.011600928074,269.72157772621813,0.015942302556584437,1.0132527863779324,0.026241764081511687,0.34931852981914663
steady,3000.0,90.0,6,5,3359.91879350348,359.6287703016242,0.007140446986470591,0.7979612156854118,0.011753504526114523,0.27509683907442917
steady,3000.0,90.0,6,6,3449.825986078886,449.5359628770302,0.005055649113524492,0.6327861738093338,0.008321831231412606,0.21815280342344154
steady,3000.0,90.0,7,1,3000.290023201856,0.0,0.6038616814011003,3.0175111931362304,1.0,1.0
steady,3000.0,90.0,7,2,3090.197215777262,89.90719257540604,0.12547012991110695,1.9269673371507507,0.20777958558321985,0.6385949260217888
steady,3000.0,90.0,7,3,3180.104408352668,179.8143851508121,0.045236132690862636,1.454499250510101,0.07491141445819882,0.48201950462307214
steady,3000.0,90.0,7,4,3270.011600928074,269.72157772621813,0.01850450611121095,1.1224308800150065,0.030643617042028847,0.3719723998267643
steady,3000.0,90.0,7,5,3359.91879350348,359.6287703016242,0.008348092023174452,0.8671005875698882,0.013824510281568001,0.2873562124780962
steady,3000.0,90.0,7,6,3449.825986078886,449.5359628770302,0.005014164097135876,0.6687587412630633,0.00830349772401826,0.2216259355671166
steady,3000.0,90.0,7,7,3539.7331786542923,539.4431554524363,0.004553638010650681,0.5232118706276899,0.007540862669221164,0.1733918574412621
steady,3000.0,90.0,8,1,3000.290023201856,0.0,0.6152976022598395,3.0019434368518176,1.0,1.0
steady,3000.0,90.0,8,2,3090.197215777262,89.90719257540604,0.11833620523320595,1.8891389106061793,0.19232352734446817,0.6293052984993439
steady,3000.0,90.0,8,3,3180.104408352668,179.8143851508121,0.037400746032738345,1.4144758395097339,0.06078480705170057,0.4711867059670903
steady,3000.0,90.0,8,4,3270.011600928074,269.72157772621813,0.01346285500577805,1.114682963995525,0.02188023316900998,0.3713204420548674
steady,3000.0,90.0,8,5,3359.91879350348,359.6287703016242,0.006919645304722044,0.8935270244070462,0.01124601376522167,0.29764952045335713
steady,3000.0,90.0,8,6,3449.825986078886,449.5359628770302,0.00640452369497161,0.7178680141771924,0.010408822773645373,0.23913442384178668
steady,3000.0,90.0,8,7,3539.7331786542923,539.4431554524363,0.007173208681676027,0.5767559181175916,0.01165811252202278,0.19212751014470947
steady,3000.0,90.0,8,8,3629.6403712296983,629.3503480278423,0.007332891679820097,0.4603922112333978,0.011917634089403497,0.1533647188623307
steady,3000.0,100.0,2,1,3000.290023201856,0.0,0.5911478579203838,2.7438108528474188,1.0,1.0
steady,3000.0,100.0,2,2,3100.348027842227,100.05800464037111,0.12917601054707625,1.2961653797972132,0.2185172606418778,0.47239603941798824
steady,3000.0,100.0,3,1,3000.290023201856,0.0,0.5708210526772055,2.7916152999864634,1.0,1.0
steady,3000.0,100.0,3,2,3100.348027842227,100.05800464037111,0.13045032374581397,1.4855287401236508,0.22853103110684064,0.5321394893239244
steady,3000.0,100.0,3,3,3200.406032482598,200.11600928074222,0.05539704918375235,0.9347775904937351,0.09704801342545948,0.33485186533340316
steady,3000.0,100.0,4,1,3000.290023201856,0.0,0.5815910344555264,3.1586102046321627,1.0,1.0
steady,3000.0,100.0,4,2,3100.348027842227,100.05800464037111,0.1270780014905345,1.7053811517808368,0.21850061978603627,0.5399150389876732
steady,3000.0,100.0,4,3,3200.406032482598,200.11600928074222,0.04937452501525721,1.208857668005572,0.08489560892471568,0.38271821772523845
steady,3000.0,100.0,4,4,3300.46403712297,300.1740139211138,0.022903138189753775,0.9204506347807447,0.039380143146799405,0.29141001109629994
steady,3000.0,100.0,5,1,3000.290023201856,0.0,0.604798286937861,2.7670958709158664,1.0,1.0
steady,3000.0,100.0,5,2,3100.348027842227,100.05800464037111,0.12017820014101939,1.6159075411510908,0.1987079043320222,0.5839723726725269
steady,3000.0,100.0,5,3,3200.406032482598,200.11600928074222,0.039275355564647105,1.1957145748506357,0.06493959459359776,0.4321189545394654
steady,3000.0,100.0,5,4,3300.46403712297,300.1740139211138,0.014177313605252108,0.9582628186269837,0.023441391801939302,0.3463063310162121
steady,3000.0,100.0,5,5,3400.522041763341,400.2320185614849,0.006188785246834696,0.7722900448681402,0.01023280882320117,0.2790976825145289
steady,3000.0,100.0,6,1,3000.290023201856,0.0,0.5998432223391507,2.9309726640576126,1.0,1.0
steady,3000.0,100.0,6,2,3100.348027842227,100.05800464037111,0.12517421073967688,1.806582025337348,0.20867821136920928,0.6163762792779963
steady,3000.0,100.0,6,3,3200.406032482598,200.11600928074222,0.04470707260099972,1.3352798464235975,0.07453126239663069,0.4555756738362233
steady,3000.0,100.0,6,4,3300.46403712297,300.1740139211138,0.0177996381827117,1.0663935827888835,0.02967381729062499,0.36383607253183237
steady,3000.0,100.0,6,5,3400.522041763341,400.2320185614849,0.0074042741841694945,0.8808563746068931,0.012343682329685683,0.3005338075679776
steady,3000.0,100.0,6,6,3500.580046403712,500.290023201856,0.0039412383806357466,0.662981812698456,0.006570447466700515,0.22619856569410302
steady,3000.0,100.0,7,1,3000.290023201856,0.0,0.6058563581103977,2.9364982580234056,1.0,1.0
steady,3000.0,100.0,7,2,3100.348027842227,100.05800464037111,0.12352495289204686,1.8488711773726878,0.20388488333655225,0.6296176652994804
steady,3000.0,100.0,7,3,3200.406032482598,200.11600928074222,0.04249073821708174,1.3687818970698715,0.07013335363782577,0.46612726342675104
steady,3000.0,100.0,7,4,3300.46403712297,300.1740139211138,0.016150570867196762,1.0954512211872138,0.026657425726402697,0.3730467805298737
steady,3000.0,100.0,7,5,3400.522041763341,400.2320185614849,0.006654645271300772,0.9106392820800063,0.010983866360759027,0.3101106154556241
steady,3000.0,100.0,7,6,3500.580046403712,500.290023201856,0.0040350705002104295,0.6617640938141932,0.006660110843427294,0.22535824497973142
steady,3000.0,100.0,7,7,3600.638051044083,600.3480278422271,0.0041670415838993965,0.4905789914617883,0.006877936540760191,0.16706258555453843
steady,3000.0,100.0,8,1,3000.290023201856,0.0,0.6120631783160682,3.0098355350674755,1.0,1.0
steady,3000.0,100.0,8,2,3100.348027842227,100.05800464037111,0.11899424447723145,1.8327830276953323,0.19441497004380007,0.608931287554303
steady,3000.0,100.0,8,3,3200.406032482598,200.11600928074222,0.03792220308588958,1.3392814560227024,0.061957988046630434,0.4449683181751251
steady,3000.0,100.0,8,4,3300.46403712297,300.1740139211138,0.013579452941298463,1.0896268898534287,0.022186358242720593,0.3620220696972405
steady,3000.0,100.0,8,5,3400.522041763341,400.2320185614849,0.00638493025990764,0.9404459460378977,0.010431815678692037,0.3124575861640275
steady,3000.0,100.0,8,6,3500.580046403712,500.290023201856,0.0053732840515083495,0.6929946186546595,0.008778969625801597,0.23024335070159363
steady,3000.0,100.0,8,7,3600.638051044083,600.3480278422271,0.006001696343387505,0.5365593086111063,0.009805681106155746,0.17826864702727938
steady,3000.0,100.0,8,8,3700.6960556844547,700.4060324825987,0.006343414627403191,0.44319676504252214,0.010363986680027769,0.14724949582090252
steady,3500.0,10.0,2,1,3500.580046403712,0.0,0.6227317210543374,2.720035490035533,1.0,1.0
steady,3500.0,10.0,2,2,3509.2807424593966,8.700696055684602,0.08374424968026203,1.2874508183364606,0.13447885638212864,0.473321330935885
steady,3500.0,10.0,3,1,3500.580046403712,0.0,0.612671935130268,2.4160304635800416,1.0,1.0
steady,3500.0,10.0,3,2,3509.2807424593966,8.700696055684602,0.11683674029483146,1.057053482068158,0.19070033013669757,0.4375166199278093
steady,3500.0,10.0,3,3,3519.4315545243617,18.85150812064967,0.02176658017838218,0.4214544910968568,0.03552730087718823,0.17444088452111287
steady,3500.0,10.0,4,1,3500.580046403712,0.0,0.6077931101011352,2.4638500278493027,1.0,1.0
steady,3500.0,10.0,4,2,3509.2807424593966,8.700696055684602,0.12158354467568022,1.1474896880524184,0.20004100516284073,0.46573033061353303
steady,3500.0,10.0,4,3,3519.4315545243617,18.85150812064967,0.022574472202196293,0.46544286834275383,0.03714170468046266,0.1889087659889102
steady,3500.0,10.0,4,4,3529.5823665893267,29.002320185614735,0.010367441577134843,0.2808695051381336,0.0170575174427524,0.11399618562957133
steady,3500.0,10.0,5,1,3500.580046403712,0.0,0.5986189432782546,2.660207838277344,1.0,1.0
steady,3500.0,10.0,5,2,3509.2807424593966,8.700696055684602,0.12850105333726128,1.2917284645803746,0.21466252409845715,0.48557426453447783
steady,3500.0,10.0,5,3,3519.4315545243617,18.85150812064967,0.02380400880860034,0.5311420775320257,0.03976487726606336,0.19966187223776258
steady,3500.0,10.0,5,4,3529.5823665893267,29.002320185614735,0.010629824931004664,0.30667633540215833,0.017757247829131306,0.11528284782468387
steady,3500.0,10.0,5,5,3539.7331786542923,39.153132250580256,0.005586712663983789,0.20820965582177212,0.009332669349534651,0.07826819123899781
steady,3500.0,10.0,6,1,3500.580046403712,0.0,0.6001366219080246,2.8511334046938908,1.0,1.0
steady,3500.0,10.0,6,2,3509.2807424593966,8.700696055684602,0.12976284952399333,1.3961129767299445,0.21622218139502317,0.4896694677392119
steady,3500.0,10.0,6,3,3519.4315545243617,18.85150812064967,0.02410920439816172,0.5502751988681805,0.04017285984233209,0.19300226287631755
steady,3500.0,10.0,6,4,3529.5823665893267,29.002320185614735,0.01068908530615836,0.3138134735105237,0.01781108653588639,0.11006621892679061
steady,3500.0,10.0,6,5,3539.7331786542923,39.153132250580256,0.005524683799125935,0.2121022280761608,0.009205710162398045,0.07439224966708738
steady,3500.0,10.0,6,6,3549.8839907192573,49.30394431554532,0.0036776461085836023,0.15662781254832403,0.006128014812512523,0.054935280225914304
steady,3500.0,10.0,7,1,3500.580046403712,0.0,0.6158733411630161,3.2628582266988255,1.0,1.0
steady,3500.0,10.0,7,2,3509.2807424593966,8.700696055684602,0.12311694190836216,1.6428314973636646,0.19990626916220786,0.503494599894335
steady,3500.0,10.0,7,3,3519.4315545243617,18.85150812064967,0.023520890999933108,0.5607104014254719,0.03819111727667287,0.17184638818731846
steady,3500.0,10.0,7,4,3529.5823665893267,29.002320185614735,0.010833041484117258,0.32034919101773135,0.01758972301619701,0.09818054256738039
steady,3500.0,10.0,7,5,3539.7331786542923,39.153132250580256,0.00561846436948996,0.217496218963657,0.009122759492852937,0.06665818857342978
steady,3500.0,10.0,7,6,3549.8839907192573,49.30394431554532,0.0035130658337363717,0.15892979875527222,0.0057042018203000856,0.048708766275777894
steady,3500.0,10.0,7,7,3560.0348027842224,59.45475638051039,0.0016628545005673914,0.12535614924251265,0.002699994283609118,0.0384191222949153
steady,3500.0,10.0,8,1,3500.580046403712,0.0,0.6225432123582695,3.5308011516023288,1.0,1.0
steady,3500.0,10.0,8,2,3509.2807424593966,8.700696055684602,0.11913015357485819,1.8921775744954568,0.1913604569288912,0.5359060148818517
steady,3500.0,10.0,8,3,3519.4315545243617,18.85150812064967,0.02351323209460583,0.7367671262599227,0.03776963852121179,0.20866854139479565
steady,3500.0,10.0,8,4,3529.5823665893267,29.002320185614735,0.010849429774213586,0.3669634994711835,0.017427593071193605,0.10393207765457144
steady,3500.0,10.0,8,5,3539.7331786542923,39.153132250580256,0.005663875014471371,0.23621516078212998,0.009097962843440093,0.06690129255082296
steady,3500.0,10.0,8,6,3549.8839907192573,49.30394431554532,0.0032297080535283245,0.16740405952933787,0.005187925897214102,0.0474124858187971
steady,3500.0,10.0,8,7,3560.0348027842224,59.45475638051039,0.0022112367693685317,0.12958952285893813,0.003551941014651975,0.03670258315173839
steady,3500.0,10.0,8,8,3570.1856148491875,69.60556844547546,0.0013902589614798982,0.09946380927532422,0.0022331927067575407,0.02817032310929946
steady,3500.0,20.0,2,1,3500.580046403712,0.0,0.6206508209754504,2.7141528841930063,1.0,1.0
steady,3500.0,20.0,2,2,3519.4315545243617,18.85150812064967,0.0863925246403693,1.2717149056460069,0.13919666537231007,0.4685494737795964
steady,3500.0,20.0,3,1,3500.580046403712,0.0,0.610813423707715,2.3919405687806217,1.0,1.0
steady,3500.0,20.0,3,2,3519.4315545243617,18.85150812064967,0.11900394448547438,1.0909280682520137,0.19482863320701982,0.4560849389364861
steady,3500.0,20.0,3,3,3539.7331786542923,39.153132250580256,0.02292159141043471,0.44078699186007025,0.037526338683419466,0.18428007686026138
steady,3500.0,20.0,4,1,3500.580046403712,0.0,0.6069589552816926,2.452639840555197,1.0,1.0
steady,3500.0,20.0,4,2,3519.4315545243617,18.85150812064967,0.12269862550422558,1.1805539606768987,0.20215308537177865,0.48134012224544964
steady,3500.0,20.0,4,3,3539.7331786542923,39.153132250580256,0.023382881892989735,0.49426434628243393,0.0385246509496472,0.2015234108610699
steady,3500.0,20.0,4,4,3560.0348027842224,59.45475638051039,0.010643176759946324,0.3001790933698757,0.01753524957055255,0.12239020520107226
steady,3500.0,20.0,5,1,3500.580046403712,0.0,0.6064824330575245,2.8068244302732737,1.0,1.0
steady,3500.0,20.0,5,2,3519.4315545243617,18.85150812064967,0.1244075103798249,1.3481443104287214,0.20512961892834403,0.48030945430294175
steady,3500.0,20.0,5,3,3539.7331786542923,39.153132250580256,0.023639509834339004,0.5325527462359232,0.03897806192862442,0.18973496898916248
steady,3500.0,20.0,5,4,3560.0348027842224,59.45475638051039,0.010450967916827326,0.3193375056437843,0.017232103268250903,0.11377181351264407
steady,3500.0,20.0,5,5,3580.336426914153,79.75638051044098,0.006456869197246309,0.21746324563626662,0.010646424109424913,0.07747661139428458
steady,3500.0,20.0,6,1,3500.580046403712,0.0,0.6087020894999945,3.2321350190308653,1.0,1.0
steady,3500.0,20.0,6,2,3519.4315545243617,18.85150812064967,0.12531644938309955,1.5051763590615577,0.20587484673502288,0.46569105257022186
steady,3500.0,20.0,6,3,3539.7331786542923,39.153132250580256,0.023920336515469102,0.5969287542092939,0.03929728011138907,0.18468558729587947
steady,3500.0,20.0,6,4,3560.0348027842224,59.45475638051039,0.010568476989010239,0.3437845299790694,0.017362314293501917,0.10636453240810186
steady,3500.0,20.0,6,5,3580.336426914153,79.75638051044098,0.0064428116408743585,0.23228364008497146,0.010584507186703878,0.07186693585425159
steady,3500.0,20.0,6,6,3600.638051044083,100.05800464037111,0.0045779766005872675,0.1643922902815736,0.007520882020214109,0.0508618264130765
steady,3500.0,20.0,7,1,3500.580046403712,0.0,0.6121081402862931,3.537550140912326,1.0,1.0
steady,3500.0,20.0,7,2,3519.4315545243617,18.85150812064967,0.12562067657447507,1.7376755927914926,0.2052262799768031,0.4912087528301013
steady,3500.0,20.0,7,3,3539.7331786542923,39.153132250580256,0.024116410368789906,0.6968453471282635,0.03939893751047039,0.1969852919027598
steady,3500.0,20.0,7,4,3560.0348027842224,59.45475638051039,0.01069037924319344,0.38082235368496187,0.017464853903418717,0.10765143630918224
steady,3500.0,20.0,7,5,3580.336426914153,79.75638051044098,0.0064995851996446355,0.2521476357540256,0.010618360991906875,0.07127747331066729
steady,3500.0,20.0,7,6,3600.638051044083,100.05800464037111,0.004503608448234966,0.18263190022679407,0.007357537258250729,0.0516266605283208
steady,3500.0,20.0,7,7,3619.489559164733,118.90951276102078,0.0031374584673885698,0.14223257397920272,0.005125660419940059,0.04020651815906736
steady,3500.0,20.0,8,1,3500.580046403712,0.0,0.6160998511669332,3.658110815456936,1.0,1.0
steady,3500.0,20.0,8,2,3519.4315545243617,18.85150812064967,0.12458772335557469,1.85565995231578,0.20222001858886582,0.5072727552360901
steady,3500.0,20.0,8,3,3539.7331786542923,39.153132250580256,0.02412216889861443,0.7975246424177748,0.039153018545493024,0.21801544093413575
steady,3500.0,20.0,8,4,3560.0348027842224,59.45475638051039,0.01075945500759861,0.40575820739754526,0.017463816923863076,0.11092015192187715
steady,3500.0,20.0,8,5,3580.336426914153,79.75638051044098,0.0065229145749559885,0.2634177905474334,0.010587430856542433,0.07200924297711025
steady,3500.0,20.0,8,6,3600.638051044083,100.05800464037111,0.004485097643558465,0.1919977637037527,0.007279822637618558,0.052485496856051424
steady,3500.0,20.0,8,7,3619.489559164733,118.90951276102078,0.003067800096206447,0.14670671526290524,0.004979387822275617,0.04010450275125962
steady,3500.0,20.0,8,8,3639.7911832946634,139.21113689095137,0.0021018548387417937,0.11813651504412594,0.0034115490123244534,0.03229440577495722
steady,3500.0,30.0,2,1,3500.580046403712,0.0,0.618881414374462,2.7072823408407523,1.0,1.0
steady,3500.0,30.0,2,2,3529.5823665893267,29.002320185614735,0.09123033715804608,1.2527419497157555,0.14741166084339064,0.4627304403451004
steady,3500.0,30.0,3,1,3500.580046403712,0.0,0.6100121994910694,2.3780231116405974,1.0,1.0
steady,3500.0,30.0,3,2,3529.5823665893267,29.002320185614735,0.11970316977912139,1.107593088606896,0.1962307801040524,0.4657621211438807
steady,3500.0,30.0,3,3,3560.0348027842224,59.45475638051039,0.02395624935175203,0.4514195617166417,0.039271754518579505,0.18982976216963993
steady,3500.0,30.0,4,1,3500.580046403712,0.0,0.6099995860950606,2.5101351490257344,1.0,1.0
steady,3500.0,30.0,4,2,3529.5823665893267,29.002320185614735,0.11691931300786124,1.1795983816384845,0.19167113498605043,0.4699342113496659
steady,3500.0,30.0,4,3,3560.0348027842224,59.45475638051039,0.023538133467051366,0.4834423476418702,0.03858713022697568,0.19259614281307125
steady,3500.0,30.0,4,4,3590.487238979118,89.90719257540604,0.011193238112010694,0.29042773647726533,0.018349583126219322,0.11570203165753438
steady,3500.0,30.0,5,1,3500.580046403712,0.0,0.6029282988528317,3.1247118144379114,1.0,1.0
steady,3500.0,30.0,5,2,3529.5823665893267,29.002320185614735,0.12637076111477935,1.4359403233523174,0.20959500715959112,0.4595432822692551
steady,3500.0,30.0,5,3,3560.0348027842224,59.45475638051039,0.024495281119268755,0.5448693573100032,0.04062718762060925,0.174374275026709
steady,3500.0,30.0,5,4,3590.487238979118,89.90719257540604,0.010870212317206637,0.32325656721117213,0.018029029882805248,0.10345164175382399
steady,3500.0,30.0,5,5,3619.489559164733,118.90951276102078,0.005546191742572529,0.24878479131979303,0.00919875838159372,0.07961847558877863
steady,3500.0,30.0,6,1,3500.580046403712,0.0,0.6070198802284104,3.1962713252341866,1.0,1.0
steady,3500.0,30.0,6,2,3529.5823665893267,29.002320185614735,0.12560143543837357,1.5073620255048996,0.20691486313613333,0.47160014658469496
steady,3500.0,30.0,6,3,3560.0348027842224,59.45475638051039,0.024536876071795753,0.6378010999741145,0.04042186569336573,0.19954535615883098
steady,3500.0,30.0,6,4,3590.487238979118,89.90719257540604,0.010787769329611672,0.3580955064278098,0.017771690320179355,0.11203539061302081
steady,3500.0,30.0,6,5,3619.489559164733,118.90951276102078,0.00532011144224254,0.27311446970802267,0.008764311706299769,0.08544783653121561
steady,3500.0,30.0,6,6,3649.9419953596284,149.36194895591643,0.004234898306748425,0.1992111156510828,0.006976539722479783,0.0623260966859523
steady,3500.0,30.0,7,1,3500.580046403712,0.0,0.6080645406874917,3.1701835871727497,1.0,1.0
steady,3500.0,30.0,7,2,3529.5823665893267,29.002320185614735,0.12714940148604606,1.5848877229786562,0.20910510805693097,0.49993562814199644
steady,3500.0,30.0,7,3,3560.0348027842224,59.45475638051039,0.02481323448370481,0.711284709166331,0.04080690917390183,0.22436704045921604
steady,3500.0,30.0,7,4,3590.487238979118,89.90719257540604,0.010939728964011722,0.3856660421158032,0.017991065474140318,0.12165416655246454
steady,3500.0,30.0,7,5,3619.489559164733,118.90951276102078,0.005485653182370695,0.296168069939929,0.009021498237947718,0.09342300273658889
steady,3500.0,30.0,7,6,3649.9419953596284,149.36194895591643,0.004321539573090108,0.215702275556984,0.007107040920695812,0.06804094136054524
steady,3500.0,30.0,7,7,3680.394431554524,179.8143851508121,0.003256922121135594,0.17192352254237211,0.005356211229573168,0.0542314089436372
steady,3500.0,30.0,8,1,3500.580046403712,0.0,0.6058485598397141,3.5354825346415644,1.0,1.0
steady,3500.0,30.0,8,2,3529.5823665893267,29.002320185614735,0.13077176545121352,1.843748453233859,0.21584893341301506,0.5214983910027384
steady,3500.0,30.0,8,3,3560.0348027842224,59.45475638051039,0.025304125389067098,0.8508965368533485,0.04176641997096051,0.2406733815019721
steady,3500.0,30.0,8,4,3590.487238979118,89.90719257540604,0.011198049230225847,0.43907560287986214,0.018483248079666066,0.12419113899663958
steady,3500.0,30.0,8,5,3619.489559164733,118.90951276102078,0.005888195472495851,0.32901796898132196,0.009718922950074616,0.09306168698544529
steady,3500.0,30.0,8,6,3649.9419953596284,149.36194895591643,0.004510884785731994,0.2342858841124674,0.007445564922899896,0.06626701781634452
steady,3500.0,30.0,8,7,3680.394431554524,179.8143851508121,0.003170530337559881,0.17919164925967918,0.005233206031551334,0.05068378856461981
steady,3500.0,30.0,8,8,3709.396751740139,208.81670533642682,0.002101697951638294,0.14633147662466867,0.003469015346333955,0.041389393156627236
steady,3500.0,40.0,2,1,3500.580046403712,0.0,0.6178425572521188,2.712130343084716,1.0,1.0
steady,3500.0,40.0,2,2,3539.7331786542923,39.153132250580256,0.09447155946633863,1.2439677402108125,0.15290555556176794,0.4586681253659629
steady,3500.0,40.0,3,1,3500.580046403712,0.0,0.6097105608473194,2.378039689290784,1.0,1.0
steady,3500.0,40.0,3,2,3539.7331786542923,39.153132250580256,0.11837961665802199,1.1006890916627592,0.194157071010069,0.46285564392368234
steady,3500.0,40.0,3,3,3580.336426914153,79.75638051044098,0.02449119809422016,0.4419666218919309,0.04016856467138203,0.18585334125509953
steady,3500.0,40.0,4,1,3500.580046403712,0.0,0.6092079500662907,2.6214198461266145,1.0,1.0
steady,3500.0,40.0,4,2,3539.7331786542923,39.153132250580256,0.11790173494092512,1.2269809287568403,0.19353282393654858,0.46805967787640573
steady,3500.0,40.0,4,3,3580.336426914153,79.75638051044098,0.0219183375811551,0.5045139670360113,0.03597841685875909,0.19245828468929782
steady,3500.0,40.0,4,4,3619.489559164733,118.90951276102078,0.011115345607833315,0.4038334827964835,0.018245568867943703,0.15405143262083107
steady,3500.0,40.0,5,1,3500.580046403712,0.0,0.601863339652895,3.0075251147736806,1.0,1.0
steady,3500.0,40.0,5,2,3539.7331786542923,39.153132250580256,0.1284318367716601,1.3548557800086887,0.21339036340995443,0.4504886005284923
steady,3500.0,40.0,5,3,3580.336426914153,79.75638051044098,0.02306313519955056,0.5893764742584469,0.03831955475615356,0.19596726602989584
steady,3500.0,40.0,5,4,3619.489559164733,118.90951276102078,0.013199201000371611,0.4562232202313042,0.021930561525783942,0.1516939020692552
steady,3500.0,40.0,5,5,3660.0928074245935,159.5127610208815,0.007204037338952864,0.29897747855390966,0.01196955664903524,0.09940980279275508
steady,3500.0,40.0,6,1,3500.580046403712,0.0,0.602662741359847,2.9902504778398074,1.0,1.0
steady,3500.0,40.0,6,2,3539.7331786542923,39.153132250580256,0.12995747913109232,1.4907654715929768,0.21563881456792322,0.49854200597600895
steady,3500.0,40.0,6,3,3580.336426914153,79.75638051044098,0.023318206769848727,0.6551782929527179,0.03869196678267114,0.21910482008384344
steady,3500.0,40.0,6,4,3619.489559164733,118.90951276102078,0.013469748911428981,0.5030680683370339,0.02235039266080373,0.16823609662975667
steady,3500.0,40.0,6,5,3660.0928074245935,159.5127610208815,0.007241810214023964,0.3326664368449998,0.012016356275291813,0.11125035822595103
steady,3500.0,40.0,6,6,3700.6960556844547,200.11600928074267,0.0037041824074022607,0.24874676475906693,0.0061463603989258585,0.0831859292733111
steady,3500.0,40.0,7,1,3500.580046403712,0.0,0.5993343446339351,3.214286705429192,1.0,1.0
steady,3500.0,40.0,7,2,3539.7331786542923,39.153132250580256,0.1342175949437511,1.6193498529268515,0.22394444127130625,0.5037975766728082
steady,3500.0,40.0,7,3,3580.336426914153,79.75638051044098,0.024025207313936446,0.7737189266002549,0.0400864851631533,0.24071248071722431
steady,3500.0,40.0,7,4,3619.489559164733,118.90951276102078,0.014665912055927538,0.5667188444505875,0.02447033477596761,0.176312475017662
steady,3500.0,40.0,7,5,3660.0928074245935,159.5127610208815,0.007444760839054813,0.3745426173840604,0.012421715701278504,0.11652433392187057
steady,3500.0,40.0,7,6,3700.6960556844547,200.11600928074267,0.003945861024265402,0.27339583371944665,0.006583739209331443,0.08505645537395866
steady,3500.0,40.0,7,7,3739.8491879350345,239.26914153132248,0.0032963131680942797,0.17881970747351067,0.005499957073388846,0.055632780725960014
steady,3500.0,40.0,8,1,3500.580046403712,0.0,0.6024955998759395,3.5789012457564455,1.0,1.0
steady,3500.0,40.0,8,2,3539.7331786542923,39.153132250580256,0.1338827427468779,1.8931579921702943,0.2222136440074348,0.5289774325053084
steady,3500.0,40.0,8,3,3580.336426914153,79.75638051044098,0.023915052273945796,0.9051302724622294,0.03969332270454783,0.252907305988243
steady,3500.0,40.0,8,4,3619.489559164733,118.90951276102078,0.014314794460287739,0.6415135203245241,0.02375916847066653,0.1792487348135621
steady,3500.0,40.0,8,5,3660.0928074245935,159.5127610208815,0.007567886363603594,0.4143045966272243,0.012560898976128465,0.11576307033296077
steady,3500.0,40.0,8,6,3700.6960556844547,200.11600928074267,0.004000200771893009,0.2915137656814596,0.006639385868903764,0.08145342541292852
steady,3500.0,40.0,8,7,3739.8491879350345,239.26914153132248,0.0031053078809022737,0.18077267717600243,0.005154075617384909,0.05051066368214188
steady,3500.0,40.0,8,8,3780.452436194895,279.8723897911832,0.002127039551017794,0.14203674621350043,0.0035303818840432613,0.03968724937071551
steady,3500.0,50.0,2,1,3500.580046403712,0.0,0.6169228168707466,2.711025203491766,1.0,1.0
steady,3500.0,50.0,2,2,3549.8839907192573,49.30394431554532,0.09654410263195437,1.2393875666478742,0.1564930004075074,0.45716563794816767
steady,3500.0,50.0,3,1,3500.580046403712,0.0,0.6123051077165915,2.382828063016428,1.0,1.0
steady,3500.0,50.0,3,2,3549.8839907192573,49.30394431554532,0.11526014540363666,1.1030897913553757,0.18823972550786788,0.46293302000101993
steady,3500.0,50.0,3,3,3600.638051044083,100.05800464037111,0.024663030311515587,0.4426496040050193,0.04027898836821559,0.18576648935579013
steady,3500.0,50.0,4,1,3500.580046403712,0.0,0.6060604299363034,2.684522784842691,1.0,1.0
steady,3500.0,50.0,4,2,3549.8839907192573,49.30394431554532,0.12342669092055891,1.2463730464015892,0.20365409920184196,0.46428104594188596
steady,3500.0,50.0,4,3,3600.638051044083,100.05800464037111,0.0227297477379145,0.5194256172265835,0.03750409466644008,0.19348899557096555
steady,3500.0,50.0,4,4,3649.9419953596284,149.36194895591643,0.012293367854173903,0.419822555795537,0.020284062854039043,0.15638628890241957
steady,3500.0,50.0,5,1,3500.580046403712,0.0,0.5987876477825167,2.8898588465978454,1.0,1.0
steady,3500.0,50.0,5,2,3549.8839907192573,49.30394431554532,0.13143425223526434,1.3231442825623396,0.21950060713844594,0.45785775458204214
steady,3500.0,50.0,5,3,3600.638051044083,100.05800464037111,0.023996996724458756,0.5923698814317928,0.04007597152901626,0.2049822890585726
steady,3500.0,50.0,5,4,3649.9419953596284,149.36194895591643,0.01426690987983604,0.4653045326786953,0.023826326298931718,0.16101289280148962
steady,3500.0,50.0,5,5,3700.6960556844547,200.11600928074267,0.0071159855497178095,0.31763207587813463,0.011883988549313527,0.10991266104642948
steady,3500.0,50.0,6,1,3500.580046403712,0.0,0.5958047025367471,3.0275240537129022,1.0,1.0
steady,3500.0,50.0,6,2,3549.8839907192573,49.30394431554532,0.13438284484886218,1.5084204233905072,0.2255484796892383,0.49823565284001853
steady,3500.0,50.0,6,3,3600.638051044083,100.05800464037111,0.024769798972172807,0.7000593079996591,0.04157368826850623,0.23123162544030615
steady,3500.0,50.0,6,4,3649.9419953596284,149.36194895591643,0.01528557204291122,0.5285953730542712,0.02565533970750837,0.1745965890530287
steady,3500.0,50.0,6,5,3700.6960556844547,200.11600928074267,0.007134962232577578,0.35142992181523064,0.01197533722409235,0.11607832525203
steady,3500.0,50.0,6,6,3749.9999999999995,249.41995359628754,0.004426529928579879,0.29914192586058247,0.00742949813879132,0.09880744811712398
steady,3500.0,50.0,7,1,3500.580046403712,0.0,0.597761284729427,3.4569460715599023,1.0,1.0
steady,3500.0,50.0,7,2,3549.8839907192573,49.30394431554532,0.13467253692857295,1.7623796591478618,0.22529484656995083,0.5098082592745251
steady,3500.0,50.0,7,3,3600.638051044083,100.05800464037111,0.024893319083826908,0.728704357385947,0.04164424782895519,0.21079425085075987
steady,3500.0,50.0,7,4,3649.9419953596284,149.36194895591643,0.015255156071812962,0.572518788160923,0.025520481940743477,0.1656140351366781
steady,3500.0,50.0,7,5,3700.6960556844547,200.11600928074267,0.0071207869047081596,0.3437726806104021,0.011912425723474781,0.09944403918782543
steady,3500.0,50.0,7,6,3749.9999999999995,249.41995359628754,0.00430320355259589,0.3117760263065426,0.007198866274090851,0.09018828175293395
steady,3500.0,50.0,7,7,3799.303944315545,298.72389791183286,0.0031644483244516975,0.19075679833263362,0.0052938328481478445,0.05518072726154998
steady,3500.0,50.0,8,1,3500.580046403712,0.0,0.6073098901246407,3.698646182427866,1.0,1.0
steady,3500.0,50.0,8,2,3549.8839907192573,49.30394431554532,0.12877758617498006,1.9912589700441998,0.21204592296125874,0.5383750896489097
steady,3500.0,50.0,8,3,3600.638051044083,100.05800464037111,0.023703956075765694,0.9531576507265589,0.03903107204610291,0.2577044690716772
steady,3500.0,50.0,8,4,3649.9419953596284,149.36194895591643,0.013316618717387043,0.6738863298363633,0.021927221891041522,0.18219810617138046
steady,3500.0,50.0,8,5,3700.6960556844547,200.11600928074267,0.006719049576533234,0.42842728417506626,0.011063626141761427,0.11583354098872954
steady,3500.0,50.0,8,6,3749.9999999999995,249.41995359628754,0.00383875787061027,0.3397824834250245,0.006320921053701968,0.09186671735169445
steady,3500.0,50.0,8,7,3799.303944315545,298.72389791183286,0.003083630552575076,0.19624736763397962,0.005077524016515209,0.0530592432891645
steady,3500.0,50.0,8,8,3850.058004640371,349.4779582366591,0.0022837881190123023,0.18826706745288402,0.003760498809830993,0.05090161593377978
steady,3500.0,60.0,2,1,3500.580046403712,0.0,0.6157034888266709,2.70266872277093,1.0,1.0
steady,3500.0,60.0,2,2,3560.0348027842224,59.45475638051039,0.09912361981742421,1.227512648072511,0.16099246084559524,0.4541853900665987
steady,3500.0,60.0,3,1,3500.580046403712,0.0,0.6088009292960944,2.6191246997785775,1.0,1.0
steady,3500.0,60.0,3,2,3560.0348027842224,59.45475638051039,0.10414565312366984,1.3363424871781011,0.1710668432193176,0.5102248424029129
steady,3500.0,60.0,3,3,3619.489559164733,118.90951276102078,0.031696986155867586,0.8853501021426649,0.05206461526350848,0.33803281768810506
steady,3500.0,60.0,4,1,3500.580046403712,0.0,0.5964339022602578,2.921854718912248,1.0,1.0
steady,3500.0,60.0,4,2,3560.0348027842224,59.45475638051039,0.1160851187816405,1.3742779348354255,0.19463199248352922,0.4703443761047241
steady,3500.0,60.0,4,3,3619.489559164733,118.90951276102078,0.04145512451754997,0.9352903018719739,0.0695049767634784,0.320101576515127
steady,3500.0,60.0,4,4,3680.394431554524,179.8143851508121,0.009559535784295692,0.6313046781527007,0.01602782093383472,0.21606299384649888
steady,3500.0,60.0,5,1,3500.580046403712,0.0,0.5837855429120627,3.089338486103819,1.0,1.0
steady,3500.0,60.0,5,2,3560.0348027842224,59.45475638051039,0.12461414858776569,1.5975442014150252,0.21345877797206203,0.5171153010914644
steady,3500.0,60.0,5,3,3619.489559164733,118.90951276102078,0.05047946968520579,1.1102013427083035,0.08646920140125781,0.35936539414574026
steady,3500.0,60.0,5,4,3680.394431554524,179.8143851508121,0.015611824666209832,0.7331724014338239,0.026742396854047282,0.23732342853711666
steady,3500.0,60.0,5,5,3739.8491879350345,239.26914153132248,0.006664729830586928,0.4510649170337442,0.011416400956662359,0.14600695879156114
steady,3500.0,60.0,6,1,3500.580046403712,0.0,0.5847486010222958,3.628876557119047,1.0,1.0
steady,3500.0,60.0,6,2,3560.0348027842224,59.45475638051039,0.12509630323150164,1.7749951582329735,0.2139317700167219,0.48913076272898526
steady,3500.0,60.0,6,3,3619.489559164733,118.90951276102078,0.05075968906553877,1.1958391390104568,0.08680600342916146,0.3295342567287077
steady,3500.0,60.0,6,4,3680.394431554524,179.8143851508121,0.015743302538502178,0.7613737539988904,0.02692319829577823,0.2098097695015954
steady,3500.0,60.0,6,5,3739.8491879350345,239.26914153132248,0.0063685107047689125,0.4584449056979091,0.010891023413540563,0.1263324608820166
steady,3500.0,60.0,6,6,3799.303944315545,298.72389791183286,0.0049525385113099,0.25797770464282876,0.008469517503165545,0.07109023979797109
steady,3500.0,60.0,7,1,3500.580046403712,0.0,0.5932047124922917,3.465232852160424,1.0,1.0
steady,3500.0,60.0,7,2,3560.0348027842224,59.45475638051039,0.12122236414229623,1.9043888638619655,0.2043516539728626,0.5495702439374777
steady,3500.0,60.0,7,3,3619.489559164733,118.90951276102078,0.04607771359754704,1.3788181525537522,0.07767590618752171,0.3979005773577722
steady,3500.0,60.0,7,4,3680.394431554524,179.8143851508121,0.012243017792472615,0.9248663250728261,0.020638773655446484,0.26689875241607836
steady,3500.0,60.0,7,5,3739.8491879350345,239.26914153132248,0.006045829172350378,0.5617714271299434,0.010191809075402345,0.1621165015735387
steady,3500.0,60.0,7,6,3799.303944315545,298.72389791183286,0.004610893271305087,0.306135265316551,0.007772853408282732,0.08834478904518316
steady,3500.0,60.0,7,7,3860.208816705336,359.6287703016242,0.002803526538757479,0.2020264061050831,0.004726069229926944,0.05830096121221069
steady,3500.0,60.0,8,1,3500.580046403712,0.0,0.5943776036050811,3.721640269159102,1.0,1.0
steady,3500.0,60.0,8,2,3560.0348027842224,59.45475638051039,0.12151004414400715,2.1121914695191295,0.2044324069531082,0.5675431575218782
steady,3500.0,60.0,8,3,3619.489559164733,118.90951276102078,0.046154077467117145,1.5206242650709727,0.07765110459609954,0.4085898031769081
steady,3500.0,60.0,8,4,3680.394431554524,179.8143851508121,0.012254112246729232,0.9976787102948367,0.020616712629150748,0.268074998694127
steady,3500.0,60.0,8,5,3739.8491879350345,239.26914153132248,0.006065850423319932,0.5866504176805646,0.010205381875980359,0.1576322200031217
steady,3500.0,60.0,8,6,3799.303944315545,298.72389791183286,0.0046036716262586866,0.3087422406188663,0.007745365233037075,0.08295864680350368
steady,3500.0,60.0,8,7,3860.208816705336,359.6287703016242,0.0027731783755011014,0.2015584346159854,0.004665684505406884,0.054158494652554685
steady,3500.0,60.0,8,8,3919.6635730858466,419.08352668213456,0.0023516070543855945,0.15676763446600828,0.003956419353828916,0.04212326370313852
steady,3500.0,70.0,2,1,3500.580046403712,0.0,0.6153988408093148,2.675960952492401,1.0,1.0
steady,3500.0,70.0,2,2,3570.1856148491875,69.60556844547546,0.10105294604451467,1.2472098731175665,0.16420724145599513,0.4660792497573293
steady,3500.0,70.0,3,1,3500.580046403712,0.0,0.6084483678548369,2.606570795914837,1.0,1.0
steady,3500.0,70.0,3,2,3570.1856148491875,69.60556844547546,0.10517451131557215,1.3559867608260374,0.17285692077107287,0.5202186577672148
steady,3500.0,70.0,3,3,3639.7911832946634,139.21113689095137,0.03205448777527496,0.8887119763058919,0.05268234655355752,0.34095063817132104
steady,3500.0,70.0,4,1,3500.580046403712,0.0,0.592699097081213,2.9510853042867358,1.0,1.0
steady,3500.0,70.0,4,2,3570.1856148491875,69.60556844547546,0.11870882269227993,1.4580903590907088,0.20028514178082873,0.49408614416285834
steady,3500.0,70.0,4,3,3639.7911832946634,139.21113689095137,0.04173472569080877,1.0419765052340229,0.07041469422905192,0.3530824756981615
steady,3500.0,70.0,4,4,3709.396751740139,208.81670533642682,0.017597116545604564,0.8095598593185576,0.02968979813241282,0.27432614643249853
steady,3500.0,70.0,5,1,3500.580046403712,0.0,0.5790992142152498,3.1453446499827162,1.0,1.0
steady,3500.0,70.0,5,2,3570.1856148491875,69.60556844547546,0.12505365966279516,1.7176682839329782,0.2159451378849791,0.5460985917528678
steady,3500.0,70.0,5,3,3639.7911832946634,139.21113689095137,0.04969272931333494,1.242204672834877,0.08581038981493812,0.39493435889186357
steady,3500.0,70.0,5,4,3709.396751740139,208.81670533642682,0.023716213563941765,0.9358742816108051,0.040953627602620966,0.29754268156780456
steady,3500.0,70.0,5,5,3780.452436194895,279.8723897911832,0.010381966860800933,0.6655002732602241,0.01792778613051611,0.21158262362882269
steady,3500.0,70.0,6,1,3500.580046403712,0.0,0.5895672976216193,3.3249401307063278,1.0,1.0
steady,3500.0,70.0,6,2,3570.1856148491875,69.60556844547546,0.12140962130007066,1.8582631254279558,0.20593004698505277,0.5588861911426956
steady,3500.0,70.0,6,3,3639.7911832946634,139.21113689095137,0.04457980217847505,1.3602790607317523,0.07561444191072839,0.40911385085384494
steady,3500.0,70.0,6,4,3709.396751740139,208.81670533642682,0.019497534239933348,1.0138985212606948,0.033070922214628574,0.3049373767356554
steady,3500.0,70.0,6,5,3780.452436194895,279.8723897911832,0.007859627107893187,0.7109630159793573,0.013331178882546242,0.21382731358483892
steady,3500.0,70.0,6,6,3850.058004640371,349.4779582366591,0.003043155963312126,0.48465423917377193,0.005161677005472588,0.14576329802089255
steady,3500.0,70.0,7,1,3500.580046403712,0.0,0.5888807973811356,3.4895451317893795,1.0,1.0
steady,3500.0,70.0,7,2,3570.1856148491875,69.60556844547546,0.12244271333769316,1.9863118080802051,0.20792444563011578,0.5692179734215554
steady,3500.0,70.0,7,3,3639.7911832946634,139.21113689095137,0.04561407200236498,1.4853243442276316,0.07745892242575984,0.42564984493150326
steady,3500.0,70.0,7,4,3709.396751740139,208.81670533642682,0.02024562563548621,1.1264554699681235,0.0343798366758134,0.3228086834889269
steady,3500.0,70.0,7,5,3780.452436194895,279.8723897911832,0.008243294542209508,0.8052504816685411,0.013998239675786677,0.23076087319599226
steady,3500.0,70.0,7,6,3850.058004640371,349.4779582366591,0.003078448024188845,0.5533814483386741,0.0052276250777394785,0.1585826884132917
steady,3500.0,70.0,7,7,3919.6635730858466,419.08352668213456,0.00258254569305696,0.4035276503815185,0.004385515208751974,0.11563904037389434
steady,3500.0,70.0,8,1,3500.580046403712,0.0,0.5946787126210326,3.529265341404366,1.0,1.0
steady,3500.0,70.0,8,2,3570.1856148491875,69.60556844547546,0.12034798932345336,2.070678350881182,0.2023748063774175,0.5867165402919853
steady,3500.0,70.0,8,3,3639.7911832946634,139.21113689095137,0.04279603042407483,1.4817452334400678,0.07196496110555618,0.41984523409352137
steady,3500.0,70.0,8,4,3709.396751740139,208.81670533642682,0.018073629220708376,1.0820897464017256,0.030392258604733432,0.3066048148057749
steady,3500.0,70.0,8,5,3780.452436194895,279.8723897911832,0.0071405730292804555,0.7660940352050621,0.012007446841015288,0.21706898209592193
steady,3500.0,70.0,8,6,3850.058004640371,349.4779582366591,0.003018369733882314,0.5524635752753759,0.005075631042145296,0.15653784055112713
steady,3500.0,70.0,8,7,3919.6635730858466,419.08352668213456,0.0024840845768607507,0.38490145797488157,0.0041771876546786175,0.10905993761911975
steady,3500.0,70.0,8,8,3990.719257540603,490.13921113689094,0.002727003394822002,0.2451219547857556,0.0045856751502047184,0.06945410193732178
steady,3500.0,80.0,2,1,3500.580046403712,0.0,0.6144528863045968,2.6730586399169622,1.0,1.0
steady,3500.0,80.0,2,2,3580.336426914153,79.75638051044098,0.10325007091830186,1.2479715026023326,0.16803578145634862,0.46687023021728413
steady,3500.0,80.0,3,1,3500.580046403712,0.0,0.6062737168625778,2.639326659094735,1.0,1.0
steady,3500.0,80.0,3,2,3580.336426914153,79.75638051044098,0.1084001820537207,1.3481661037853607,0.17879742934376858,0.5107992597808145
steady,3500.0,80.0,3,3,3660.0928074245935,159.5127610208815,0.033741587421871236,0.8828812805018545,0.055654049455552,0.3345100453782689
steady,3500.0,80.0,4,1,3500.580046403712,0.0,0.5861511177286224,2.9687745955236435,1.0,1.0
steady,3500.0,80.0,4,2,3580.336426914153,79.75638051044098,0.12294313339597535,1.4631636801482948,0.20974647949557582,0.49285105118942735
steady,3500.0,80.0,4,3,3660.0928074245935,159.5127610208815,0.04584230219475,1.045404167758467,0.07820901608512189,0.35213322336250813
steady,3500.0,80.0,4,4,3739.8491879350345,239.26914153132248,0.02057013961703271,0.8122685189854715,0.035093577398169054,0.2736039712176938
steady,3500.0,80.0,5,1,3500.580046403712,0.0,0.5816373817522439,3.197680954548689,1.0,1.0
steady,3500.0,80.0,5,2,3580.336426914153,79.75638051044098,0.12527563700908248,1.724345630981836,0.21538443184596634,0.5392488042088629
steady,3500.0,80.0,5,3,3660.0928074245935,159.5127610208815,0.048345985983882754,1.251226127318484,0.08312049311245329,0.3912917345736508
steady,3500.0,80.0,5,4,3739.8491879350345,239.26914153132248,0.021799355797762838,0.9544731915862843,0.037479289470855506,0.2984891879937396
steady,3500.0,80.0,5,5,3819.6055684454755,319.02552204176345,0.010838898860535701,0.7204578696190775,0.018635148290989098,0.22530636416188704
steady,3500.0,80.0,6,1,3500.580046403712,0.0,0.5915030785912068,3.3218485482206392,1.0,1.0
steady,3500.0,80.0,6,2,3580.336426914153,79.75638051044098,0.12200399612758724,1.8167028490738102,0.20626096556955592,0.5468951466938292
steady,3500.0,80.0,6,3,3660.0928074245935,159.5127610208815,0.04363340030461575,1.348671906791423,0.07376698766900451,0.40600042031231204
steady,3500.0,80.0,6,4,3739.8491879350345,239.26914153132248,0.01775510280596106,1.0479806130464393,0.030016923746616332,0.31548115389179743
steady,3500.0,80.0,6,5,3819.6055684454755,319.02552204176345,0.00816472602031128,0.8034333005629518,0.013803353381959314,0.24186331462742752
steady,3500.0,80.0,6,6,3899.361948955916,398.781902552204,0.00521787682549698,0.6901883518616743,0.008821385744812164,0.20777237187149195
steady,3500.0,80.0,7,1,3500.580046403712,0.0,0.588339967405403,3.3953312462095746,1.0,1.0
steady,3500.0,80.0,7,2,3580.336426914153,79.75638051044098,0.1240750378001446,1.9375970648033742,0.21089003751915628,0.5706651057879663
steady,3500.0,80.0,7,3,3660.0928074245935,159.5127610208815,0.04606734779332072,1.404923083996563,0.0783005580880033,0.4137808602812961
steady,3500.0,80.0,7,4,3739.8491879350345,239.26914153132248,0.019594703665495265,1.0664596995619207,0.03330506977438317,0.3140959223794373
steady,3500.0,80.0,7,5,3819.6055684454755,319.02552204176345,0.009115656790040665,0.8395626694100844,0.01549385949460647,0.24726973851147568
steady,3500.0,80.0,7,6,3899.361948955916,398.781902552204,0.005339899455187603,0.6775999104491353,0.009076214010645445,0.19956813085780167
steady,3500.0,80.0,7,7,3980.568445475638,479.98839907192587,0.0043894942759414015,0.54332906292264,0.0074608126578569935,0.16002240238833634
steady,3500.0,80.0,8,1,3500.580046403712,0.0,0.5936089728980117,3.344066135101326,1.0,1.0
steady,3500.0,80.0,8,2,3580.336426914153,79.75638051044098,0.12191621755163762,1.9710309354198179,0.20538135897178245,0.5894114696867666
steady,3500.0,80.0,8,3,3660.0928074245935,159.5127610208815,0.04328999699395306,1.4458810477341935,0.07292679014370415,0.4323721449636889
steady,3500.0,80.0,8,4,3739.8491879350345,239.26914153132248,0.017461767198149913,1.1224690406724542,0.02941627905808295,0.3356599407201745
steady,3500.0,80.0,8,5,3819.6055684454755,319.02552204176345,0.008045473394091987,0.8926750041790669,0.01355349019542918,0.2669429874035726
steady,3500.0,80.0,8,6,3899.361948955916,398.781902552204,0.00529026339305983,0.6956840632149817,0.008912034073933638,0.20803537822193888
steady,3500.0,80.0,8,7,3980.568445475638,479.98839907192587,0.005032917757690035,0.5551577242969562,0.008478506874852687,0.1660127826030973
steady,3500.0,80.0,8,8,4060.3248259860784,559.7447795823664,0.005332458790771393,0.41816285955016885,0.008983116890464467,0.12504622894890757
steady,3500.0,90.0,2,1,3500.580046403712,0.0,0.614585285730687,2.6617847804438224,1.0,1.0
steady,3500.0,90.0,2,2,3590.487238979118,89.90719257540604,0.104048725631922,1.2384885953678337,0.16929908354089107,0.4652850239685155
steady,3500.0,90.0,3,1,3500.580046403712,0.0,0.6042206734474953,2.694534722837461,1.0,1.0
steady,3500.0,90.0,3,2,3590.487238979118,89.90719257540604,0.10949414183800753,1.324011898620095,0.18121548409336607,0.4913693957618975
steady,3500.0,90.0,3,3,3680.394431554524,179.8143851508121,0.03503013504335264,0.8634770195999454,0.05797573069369106,0.3204549610296604
steady,3500.0,90.0,4,1,3500.580046403712,0.0,0.5818680423209687,2.944222665789115,1.0,1.0
steady,3500.0,90.0,4,2,3590.487238979118,89.90719257540604,0.12570068183198072,1.494916213750402,0.21602953365608968,0.5077456372851245
steady,3500.0,90.0,4,3,3680.394431554524,179.8143851508121,0.04850358695692596,1.0645148068900518,0.0833583964560998,0.36156056376420126
steady,3500.0,90.0,4,4,3770.30162412993,269.72157772621813,0.022577967108603183,0.8140212541400219,0.03880255567661641,0.27648087340630767
steady,3500.0,90.0,5,1,3500.580046403712,0.0,0.5887272946375468,3.1509997671252625,1.0,1.0
steady,3500.0,90.0,5,2,3590.487238979118,89.90719257540604,0.12338270482277808,1.7285257238938614,0.2095753092248582,0.5485642182293271
steady,3500.0,90.0,5,3,3680.394431554524,179.8143851508121,0.044771897385789294,1.242820888253553,0.0760486184241778,0.3944211298331546
steady,3500.0,90.0,5,4,3770.30162412993,269.72157772621813,0.01872645885251203,0.9423582330644588,0.03180837549589251,0.29906642421754165
steady,3500.0,90.0,5,5,3860.208816705336,359.6287703016242,0.008855614441626894,0.7345035194180181,0.0150419634392506,0.23310173713155313
steady,3500.0,90.0,6,1,3500.580046403712,0.0,0.586530887070624,3.3012384648484576,1.0,1.0
steady,3500.0,90.0,6,2,3590.487238979118,89.90719257540604,0.12477602660998804,1.8196023614877401,0.21273564506239517,0.5511877984165159
steady,3500.0,90.0,6,3,3680.394431554524,179.8143851508121,0.046366775980660746,1.3457258271246733,0.0790525733644403,0.40764271998340734
steady,3500.0,90.0,6,4,3770.30162412993,269.72157772621813,0.01980374774999316,1.0374377905216954,0.033764202681466966,0.31425714972375335
steady,3500.0,90.0,6,5,3860.208816705336,359.6287703016242,0.009172852156947943,0.805036100703658,0.015639163016223975,0.24385881519183528
steady,3500.0,90.0,6,6,3950.116009280742,449.5359628770302,0.005250585142773908,0.6893322491683926,0.008951932896488173,0.20881019547917942
steady,3500.0,90.0,7,1,3500.580046403712,0.0,0.5903657977760871,3.304821768274759,1.0,1.0
steady,3500.0,90.0,7,2,3590.487238979118,89.90719257540604,0.12336855820071997,1.8821521797020677,0.208969690767064,0.5695170002116701
steady,3500.0,90.0,7,3,3680.394431554524,179.8143851508121,0.0444711503061982,1.359309698661071,0.07532812787211149,0.41131104609332136
steady,3500.0,90.0,7,4,3770.30162412993,269.72157772621813,0.018303404281524605,1.041197235282888,0.031003497069907644,0.31505397515776834
steady,3500.0,90.0,7,5,3860.208816705336,359.6287703016242,0.00837984656458066,0.8300718348686061,0.014194329339788335,0.25116992475571076
steady,3500.0,90.0,7,6,3950.116009280742,449.5359628770302,0.005138027136439671,0.6778490784290925,0.008703124665749035,0.20510911811832902
steady,3500.0,90.0,7,7,4040.0232018561483,539.4431554524363,0.004706312160374009,0.5369434501210443,0.007971857750063987,0.1624727406710798
steady,3500.0,90.0,8,1,3500.580046403712,0.0,0.5918708380037792,3.303243718839834,1.0,1.0
steady,3500.0,90.0,8,2,3590.487238979118,89.90719257540604,0.12286372590484208,1.8689302486021653,0.20758536831993332,0.565786362641922
steady,3500.0,90.0,8,3,3680.394431554524,179.8143851508121,0.043822122598640614,1.4027326945032,0.07404000971975715,0.42465310279795765
steady,3500.0,90.0,8,4,3770.30162412993,269.72157772621813,0.017835499608578692,1.098438832834377,0.030134107753531203,0.33253339030647455
steady,3500.0,90.0,8,5,3860.208816705336,359.6287703016242,0.00820540187160715,0.8576838341059442,0.013863500859886526,0.25964897146831784
steady,3500.0,90.0,8,6,3950.116009280742,449.5359628770302,0.005235689667672246,0.727111893322156,0.0088460003965237,0.22012057093308646
steady,3500.0,90.0,8,7,4040.0232018561483,539.4431554524363,0.004970004309966767,0.5351419859065485,0.008397109624000487,0.16200499613588948
steady,3500.0,90.0,8,8,4129.930394431554,629.3503480278423,0.0054474356143943085,0.4162087679997079,0.009203757415666973,0.12600001799016175
steady,3500.0,100.0,2,1,3500.580046403712,0.0,0.614027254054334,2.6459571095935517,1.0,1.0
steady,3500.0,100.0,2,2,3600.638051044083,100.05800464037111,0.10300696045142183,1.2456429241882712,0.1677563329172795,0.47077215260666705
steady,3500.0,100.0,3,1,3500.580046403712,0.0,0.6050395802753329,2.6891026800919917,1.0,1.0
steady,3500.0,100.0,3,2,3600.638051044083,100.05800464037111,0.11188141404235101,1.3211675111454142,0.1849158595400281,0.4913042260997703
steady,3500.0,100.0,3,3,3700.6960556844547,200.11600928074267,0.03525696389751447,0.8651660952135575,0.05827216110633659,0.32173040532017205
steady,3500.0,100.0,4,1,3500.580046403712,0.0,0.5813986769450851,2.9073398318037893,1.0,1.0
steady,3500.0,100.0,4,2,3600.638051044083,100.05800464037111,0.12870419403050942,1.4202963245589717,0.22136994653440867,0.48852091833990485
steady,3500.0,100.0,4,3,3700.6960556844547,200.11600928074267,0.05187767363200769,0.9625435985213251,0.08922908786892148,0.3310736460842756
steady,3500.0,100.0,4,4,3799.303944315545,298.72389791183286,0.017202716552445617,0.6409390042876442,0.029588503095390545,0.2204554821133479
steady,3500.0,100.0,5,1,3500.580046403712,0.0,0.5929916644299474,3.2137365309334665,1.0,1.0
steady,3500.0,100.0,5,2,3600.638051044083,100.05800464037111,0.12162875016992283,1.6917837284568318,0.20511038765923723,0.526422658538668
steady,3500.0,100.0,5,3,3700.6960556844547,200.11600928074267,0.043887667626942316,1.1467306981090597,0.07401059788780041,0.3568216271219902
steady,3500.0,100.0,5,4,3799.303944315545,298.72389791183286,0.01145431738449843,0.7190086833841074,0.019316152437841856,0.22372981620097623
steady,3500.0,100.0,5,5,3899.361948955916,398.781902552204,0.007420462619329064,0.4714926573968397,0.012513603587434025,0.14671167124577236
steady,3500.0,100.0,6,1,3500.580046403712,0.0,0.5851769358021875,3.254044958285741,1.0,1.0
steady,3500.0,100.0,6,2,3600.638051044083,100.05800464037111,0.12649840146430075,1.789605498903528,0.216171201776589,0.5499633600164847
steady,3500.0,100.0,6,3,3700.6960556844547,200.11600928074267,0.0492881587693786,1.2235234863242632,0.08422778779175928,0.37600079347669063
steady,3500.0,100.0,6,4,3799.303944315545,298.72389791183286,0.0151738029823913,0.8028076772562908,0.025930282029298285,0.24671069009421948
steady,3500.0,100.0,6,5,3899.361948955916,398.781902552204,0.0074174696978196045,0.5034133615786309,0.01267560158988733,0.15470387411114117
steady,3500.0,100.0,6,6,3999.4199535962875,498.83990719257554,0.005640204283378956,0.28709768317869716,0.009638459649212085,0.08822793995137139
steady,3500.0,100.0,7,1,3500.580046403712,0.0,0.5891874751865741,3.156106536194965,1.0,1.0
steady,3500.0,100.0,7,2,3600.638051044083,100.05800464037111,0.1243365747254051,1.8260823056046627,0.21103058018338264,0.578587029513334
steady,3500.0,100.0,7,3,3700.6960556844547,200.11600928074267,0.046821487054935766,1.2621140328596112,0.07946789269427208,0.3998958902005979
steady,3500.0,100.0,7,4,3799.303944315545,298.72389791183286,0.013410412404790883,0.8585183736326129,0.02276085790952073,0.27201818563059393
steady,3500.0,100.0,7,5,3899.361948955916,398.781902552204,0.007432982478628414,0.5349688366654327,0.012615649163748195,0.16950278152219686
steady,3500.0,100.0,7,6,3999.4199535962875,498.83990719257554,0.005500999377546507,0.33238788774572026,0.009336585737510021,0.10531580095089266
steady,3500.0,100.0,7,7,4099.477958236658,598.8979118329462,0.0031482211619283025,0.24198573952850225,0.005343326690594324,0.07667223420798804
steady,3500.0,100.0,8,1,3500.580046403712,0.0,0.5907686336302194,3.230776134192921,1.0,1.0
steady,3500.0,100.0,8,2,3600.638051044083,100.05800464037111,0.12363350727574622,1.7624868650590166,0.2092756795770107,0.5455304830333912
steady,3500.0,100.0,8,3,3700.6960556844547,200.11600928074267,0.046005990143567536,1.2591972843849115,0.07787480161372977,0.38975070759567537
steady,3500.0,100.0,8,4,3799.303944315545,298.72389791183286,0.0128288385174296,0.8591520079452837,0.02171550381508503,0.2659274342324273
steady,3500.0,100.0,8,5,3899.361948955916,398.781902552204,0.007431304813798285,0.5948199298607163,0.012579044300530303,0.18411053726856505
steady,3500.0,100.0,8,6,3999.4199535962875,498.83990719257554,0.0055186232493406985,0.31393463575636255,0.009341429004836059,0.0971700367703708
steady,3500.0,100.0,8,7,4099.477958236658,598.8979118329462,0.00317702995164376,0.2415763864472762,0.005377790510171809,0.07477348365012121
steady,3500.0,100.0,8,8,4199.53596287703,698.9559164733182,0.0022455240251511364,0.18835319596832725,0.0038010210720779065,0.058299674178873336
steady,4000.0,10.0,2,1,3999.4199535962875,0.0,0.6196845571678856,3.0285872024298235,1.0,1.0
steady,4000.0,10.0,2,2,4009.5707656612526,10.150812064965066,0.07920381209029252,1.3982791984129055,0.1278131126137367,0.46169355707871695
steady,4000.0,10.0,3,1,3999.4199535962875,0.0,0.6281747346854689,2.9158118101398034,1.0,1.0
steady,4000.0,10.0,3,2,4009.5707656612526,10.150812064965066,0.08531667281213046,1.4835084122663889,0.1358167848868501,0.5087805759985792
steady,4000.0,10.0,3,3,4019.7215777262177,20.301624129930133,0.020276330040261702,0.9743664114935972,0.03227816866976382,0.3341664260036314
steady,4000.0,10.0,4,1,3999.4199535962875,0.0,0.6107758906018198,3.070480697171682,1.0,1.0
steady,4000.0,10.0,4,2,4009.5707656612526,10.150812064965066,0.11002474134478767,1.622774297791335,0.1801392999261583,0.528508223251859
steady,4000.0,10.0,4,3,4019.7215777262177,20.301624129930133,0.03573420317303803,1.1162390035213337,0.058506243816906084,0.36353884411308535
steady,4000.0,10.0,4,4,4029.872389791183,30.452436194895654,0.013425751399764816,0.8270239993945507,0.021981469154808867,0.26934675087075094
steady,4000.0,10.0,5,1,3999.4199535962875,0.0,0.5985370045917372,2.943889653172516,1.0,1.0
steady,4000.0,10.0,5,2,4009.5707656612526,10.150812064965066,0.11723652728455028,1.642358859167785,0.19587181140874899,0.557887371015377
steady,4000.0,10.0,5,3,4019.7215777262177,20.301624129930133,0.043830894703445554,1.1670636785343678,0.07323004988362024,0.3964359456464913
steady,4000.0,10.0,5,4,4029.872389791183,30.452436194895654,0.018954546336228697,0.8887706314506044,0.031668127769573104,0.3019035141119541
steady,4000.0,10.0,5,5,4040.0232018561483,40.60324825986072,0.008767782324445467,0.6951086255767348,0.014648688814864474,0.23611911704219046
steady,4000.0,10.0,6,1,3999.4199535962875,0.0,0.5923652397605089,2.8143836028752283,1.0,1.0
steady,4000.0,10.0,6,2,4009.5707656612526,10.150812064965066,0.1196378266777806,1.6297934660200062,0.20196631849321497,0.5790942870598655
steady,4000.0,10.0,6,3,4019.7215777262177,20.301624129930133,0.0470429063068253,1.167988250989069,0.07941537272822519,0.41500677085946275
steady,4000.0,10.0,6,4,4029.872389791183,30.452436194895654,0.021684703300659552,0.8790921652691462,0.03660698137761527,0.31235690982958003
steady,4000.0,10.0,6,5,4040.0232018561483,40.60324825986072,0.010478655407837,0.6734699758985623,0.017689517724020203,0.23929572898681348
steady,4000.0,10.0,6,6,4050.1740139211133,50.75406032482579,0.005251008882591214,0.5331874717925266,0.008864478416583286,0.18945088766428714
steady,4000.0,10.0,7,1,3999.4199535962875,0.0,0.5927111105563262,2.7608910725159537,1.0,1.0
steady,4000.0,10.0,7,2,4009.5707656612526,10.150812064965066,0.11973919021120875,1.591107642321025,0.2020194797745904,0.5763022156723755
steady,4000.0,10.0,7,3,4019.7215777262177,20.301624129930133,0.047088734993073075,1.1600024919607117,0.07944635110496746,0.420155109887628
steady,4000.0,10.0,7,4,4029.872389791183,30.452436194895654,0.021696776599307927,0.8981194514187495,0.03660598934773309,0.325300574281733
steady,4000.0,10.0,7,5,4040.0232018561483,40.60324825986072,0.01045411853992355,0.704469550263507,0.017637797493134863,0.2551602115984734
steady,4000.0,10.0,7,6,4050.1740139211133,50.75406032482579,0.005173096386393887,0.5628238037185942,0.008727854589292839,0.20385585267067502
steady,4000.0,10.0,7,7,4060.3248259860784,60.90487238979085,0.002859348951952178,0.4572273313256747,0.004824186523630976,0.16560860943673925
steady,4000.0,10.0,8,1,3999.4199535962875,0.0,0.6005474723097182,2.8891442684130406,1.0,1.0
steady,4000.0,10.0,8,2,4009.5707656612526,10.150812064965066,0.11793569926492303,1.6281532603540907,0.19638031080430637,0.5635416957729177
steady,4000.0,10.0,8,3,4019.7215777262177,20.301624129930133,0.044185529688825984,1.1985878142690072,0.07357541531044584,0.4148591080664074
steady,4000.0,10.0,8,4,4029.872389791183,30.452436194895654,0.019018674595651264,0.9449881759704073,0.03166889458797494,0.32708237740217583
steady,4000.0,10.0,8,5,4040.0232018561483,40.60324825986072,0.00850540020582656,0.754217294312513,0.014162744159282883,0.26105214009502964
steady,4000.0,10.0,8,6,4050.1740139211133,50.75406032482579,0.004110887613644272,0.6062105086892042,0.006845233396510208,0.20982355063293037
steady,4000.0,10.0,8,7,4060.3248259860784,60.90487238979085,0.0026070080295506944,0.4873623125476394,0.004341052372636067,0.16868742688828742
steady,4000.0,10.0,8,8,4070.475638051044,71.05568445475637,0.002440726885620576,0.39316315133593527,0.004064169775344302,0.13608290718964108
steady,4000.0,20.0,2,1,3999.4199535962875,0.0,0.6175284874032945,3.0340635385887875,1.0,1.0
steady,4000.0,20.0,2,2,4019.7215777262177,20.301624129930133,0.08104519513912627,1.3962064659978548,0.13124122496748464,0.4601770688847414
steady,4000.0,20.0,3,1,3999.4199535962875,0.0,0.6245283314966754,2.921493595316653,1.0,1.0
steady,4000.0,20.0,3,2,4019.7215777262177,20.301624129930133,0.0879572105312725,1.4771280627031884,0.14083782287423854,0.5056071541868591
steady,4000.0,20.0,3,3,4040.0232018561483,40.60324825986072,0.022132919910950285,0.971170656824321,0.03543941690829138,0.33242265476165056
steady,4000.0,20.0,4,1,3999.4199535962875,0.0,0.6026527009231034,3.0678537265601915,1.0,1.0
steady,4000.0,20.0,4,2,4019.7215777262177,20.301624129930133,0.1140159977334919,1.6213563287596067,0.18919022109890118,0.5284985769440645
steady,4000.0,20.0,4,3,4040.0232018561483,40.60324825986072,0.04007296996019874,1.1321341078721032,0.06649430077857052,0.369031319215307
steady,4000.0,20.0,4,4,4060.3248259860784,60.90487238979085,0.016719509081721904,0.8407350089638449,0.027743191154892478,0.27404664103934084
steady,4000.0,20.0,5,1,3999.4199535962875,0.0,0.6032179791530381,2.9738791935308786,1.0,1.0
steady,4000.0,20.0,5,2,4019.7215777262177,20.301624129930133,0.11567713447642919,1.626258091429319,0.19176672193830877,0.5468473954715246
steady,4000.0,20.0,5,3,4040.0232018561483,40.60324825986072,0.04116325988750391,1.1622504493269648,0.06823944462878928,0.3908196579925723
steady,4000.0,20.0,5,4,4060.3248259860784,60.90487238979085,0.016652188554693304,0.8807539643126225,0.02760559056623973,0.2961633297776652
steady,4000.0,20.0,5,5,4080.626450116009,81.20649651972144,0.007546436726220441,0.6746834563283385,0.01251029807966962,0.22686982638568068
steady,4000.0,20.0,6,1,3999.4199535962875,0.0,0.5999548001037464,2.847102109143497,1.0,1.0
steady,4000.0,20.0,6,2,4019.7215777262177,20.301624129930133,0.11736027401909396,1.5595367542855303,0.19561519300920602,0.5477628460451286
steady,4000.0,20.0,6,3,4040.0232018561483,40.60324825986072,0.043266646580792274,1.128965824835603,0.07211651039930082,0.39653155438644716
steady,4000.0,20.0,6,4,4060.3248259860784,60.90487238979085,0.01839828000932692,0.8831848429435336,0.030666110190543393,0.31020483603562254
steady,4000.0,20.0,6,5,4080.626450116009,81.20649651972144,0.008634865282581228,0.7012799173161629,0.01439252637213346,0.24631358147078583
steady,4000.0,20.0,6,6,4099.477958236658,100.05800464037065,0.004627299784750226,0.5558405374845301,0.007712747333549222,0.19523027842922902
steady,4000.0,20.0,7,1,3999.4199535962875,0.0,0.5994727602667862,2.9350004811714134,1.0,1.0
steady,4000.0,20.0,7,2,4019.7215777262177,20.301624129930133,0.1176302685374098,1.6539591038790764,0.19622287505617475,0.5635294148977279
steady,4000.0,20.0,7,3,4040.0232018561483,40.60324825986072,0.04359881957243572,1.2164085658664927,0.07272860830746126,0.4144491878859936
steady,4000.0,20.0,7,4,4060.3248259860784,60.90487238979085,0.018674489625495876,0.9550603637351004,0.031151523243833596,0.3254038184531806
steady,4000.0,20.0,7,5,4080.626450116009,81.20649651972144,0.008804892905862742,0.7542822912121137,0.014687728099512411,0.2569956277864273
steady,4000.0,20.0,7,6,4099.477958236658,100.05800464037065,0.004673883694646235,0.591200824812305,0.007796657336967562,0.20143125311391624
steady,4000.0,20.0,7,7,4119.779582366589,120.3596287703017,0.003172495433042129,0.45675412437072216,0.0052921427683057,0.15562318551594345
steady,4000.0,20.0,8,1,3999.4199535962875,0.0,0.5953332753449152,3.146802930039906,1.0,1.0
steady,4000.0,20.0,8,2,4019.7215777262177,20.301624129930133,0.11918071147257003,1.8123247724693796,0.20019158412323065,0.5759257293072358
steady,4000.0,20.0,8,3,4040.0232018561483,40.60324825986072,0.045708346516898736,1.325895082394029,0.07677774518888925,0.42134671661094925
steady,4000.0,20.0,8,4,4060.3248259860784,60.90487238979085,0.02049294714806545,1.0051161797351504,0.0344226469387127,0.31940868306055764
steady,4000.0,20.0,8,5,4080.626450116009,81.20649651972144,0.009999214566413202,0.7617806951336249,0.01679599474868931,0.24208083952812526
steady,4000.0,20.0,8,6,4099.477958236658,100.05800464037065,0.005163407641140412,0.5823302192531168,0.008673137979980901,0.18505455606834967
steady,4000.0,20.0,8,7,4119.779582366589,120.3596287703017,0.003046543179933266,0.44934733005401595,0.0051173742609435125,0.1427948746851833
steady,4000.0,20.0,8,8,4140.081206496519,140.66125290023183,0.002348772669421772,0.3487857667723193,0.0039453072198273745,0.11083813461680493
steady,4000.0,30.0,2,1,3999.4199535962875,0.0,0.6159560488361788,3.0368273238505235,1.0,1.0
steady,4000.0,30.0,2,2,4029.872389791183,30.452436194895654,0.0830687023472174,1.3832401479751146,0.13486141179094185,0.4554885742470353
steady,4000.0,30.0,3,1,3999.4199535962875,0.0,0.6181383412621393,2.9292102519339824,1.0,1.0
steady,4000.0,30.0,3,2,4029.872389791183,30.452436194895654,0.0950018270192506,1.4605738964487462,0.15369023514262536,0.49862378280439806
steady,4000.0,30.0,3,3,4060.3248259860784,60.90487238979085,0.02672350977812727,0.9612333709545113,0.043232247531454125,0.3281544471995025
steady,4000.0,30.0,4,1,3999.4199535962875,0.0,0.6036547330073807,3.129656641725955,1.0,1.0
steady,4000.0,30.0,4,2,4029.872389791183,30.452436194895654,0.11492589712801678,1.5512496452600795,0.19038349381518327,0.49566128903028495
steady,4000.0,30.0,4,3,4060.3248259860784,60.90487238979085,0.0417221955885912,1.043368670344542,0.06911599181991517,0.33338119473998945
steady,4000.0,30.0,4,4,4089.3271461716936,89.90719257540604,0.010524279516573741,0.6820123460427445,0.017434269858437546,0.2179192237735785
steady,4000.0,30.0,5,1,3999.4199535962875,0.0,0.6061784027178339,3.0097810634938287,1.0,1.0
steady,4000.0,30.0,5,2,4029.872389791183,30.452436194895654,0.11443177016684161,1.512468911995935,0.18877572947795657,0.5025179174462023
steady,4000.0,30.0,5,3,4060.3248259860784,60.90487238979085,0.0410392935381409,1.0275838855113766,0.06770167553667203,0.3414148284654737
steady,4000.0,30.0,5,4,4089.3271461716936,89.90719257540604,0.010055417670973827,0.6824952711646036,0.01658821499725133,0.22675910864172497
steady,4000.0,30.0,5,5,4119.779582366589,120.3596287703017,0.006314387134100685,0.43175028435852664,0.010416714131994454,0.14344906664318638
steady,4000.0,30.0,6,1,3999.4199535962875,0.0,0.600061412290485,2.8805204611986563,1.0,1.0
steady,4000.0,30.0,6,2,4029.872389791183,30.452436194895654,0.11967271999651646,1.5438310575637093,0.1994341204839611,0.5359555949556709
steady,4000.0,30.0,6,3,4060.3248259860784,60.90487238979085,0.04632278934020549,1.0665035378211478,0.0771967475185373,0.3702468189992822
steady,4000.0,30.0,6,4,4089.3271461716936,89.90719257540604,0.013457128037521679,0.7126634322394293,0.022426251316768873,0.2474078701537403
steady,4000.0,30.0,6,5,4119.779582366589,120.3596287703017,0.006386807814162244,0.4500851282372084,0.010643590278173794,0.1562513213497247
steady,4000.0,30.0,6,6,4150.232018561484,150.8120649651969,0.0048182648466506455,0.2694627806579466,0.00802961954887071,0.09354656017469025
steady,4000.0,30.0,7,1,3999.4199535962875,0.0,0.595050247944904,2.987766423391832,1.0,1.0
steady,4000.0,30.0,7,2,4029.872389791183,30.452436194895654,0.12278195603619496,1.7046386948900423,0.20633880325273538,0.5705394777664273
steady,4000.0,30.0,7,3,4060.3248259860784,60.90487238979085,0.04982651304265144,1.1884339224457428,0.08373496728172929,0.39776667718776526
steady,4000.0,30.0,7,4,4089.3271461716936,89.90719257540604,0.01608902148705352,0.7777493825907547,0.0270380888716867,0.26031130696884347
steady,4000.0,30.0,7,5,4119.779582366589,120.3596287703017,0.006537113336666008,0.47031258293757744,0.01098581734776671,0.15741276803146473
steady,4000.0,30.0,7,6,4150.232018561484,150.8120649651969,0.0050352156773126105,0.2681307340267872,0.008461832752280147,0.0897428701010685
steady,4000.0,30.0,7,7,4180.684454756381,181.264501160093,0.003064322808413427,0.20553162820203827,0.005149687474287304,0.06879106298032178
steady,4000.0,30.0,8,1,3999.4199535962875,0.0,0.5969991981948783,3.0868582898085783,1.0,1.0
steady,4000.0,30.0,8,2,4029.872389791183,30.452436194895654,0.12210218369425663,1.7651546571514514,0.20452654553549138,0.5718288600999925
steady,4000.0,30.0,8,3,4060.3248259860784,60.90487238979085,0.04895170554882759,1.2447498352292532,0.08199626682387653,0.4032416516620989
steady,4000.0,30.0,8,4,4089.3271461716936,89.90719257540604,0.015373774769395217,0.8256162220610643,0.02575175111772388,0.2674616534185838
steady,4000.0,30.0,8,5,4119.779582366589,120.3596287703017,0.006550040828597592,0.5051659087482951,0.01097160741321375,0.16365050200591533
steady,4000.0,30.0,8,6,4150.232018561484,150.8120649651969,0.004928018321186192,0.287044390571859,0.008254648140377468,0.09298917009554693
steady,4000.0,30.0,8,7,4180.684454756381,181.264501160093,0.0028838378262949042,0.211817265840899,0.00483055561048431,0.0686190443339186
steady,4000.0,30.0,8,8,4209.686774941995,210.26682134570774,0.00252947868840593,0.170491183469022,0.004236988418165735,0.05523129585569491
steady,4000.0,40.0,2,1,3999.4199535962875,0.0,0.614789947028814,3.0328312478561603,1.0,1.0
steady,4000.0,40.0,2,2,4040.0232018561483,40.60324825986072,0.08502338726520832,1.3674113294485968,0.13829664534385017,0.45086957291645846
steady,4000.0,40.0,3,1,3999.4199535962875,0.0,0.6139429291861994,2.9749453409105375,1.0,1.0
steady,4000.0,40.0,3,2,4040.0232018561483,40.60324825986072,0.10108748652275039,1.4423809125922569,0.16465290455701642,0.48484282812093255
steady,4000.0,40.0,3,3,4080.626450116009,81.20649651972144,0.030188946340757278,0.947573552544034,0.04917223557045224,0.3185179705701791
steady,4000.0,40.0,4,1,3999.4199535962875,0.0,0.6065335060935637,3.364163418402016,1.0,1.0
steady,4000.0,40.0,4,2,4040.0232018561483,40.60324825986072,0.11240968982432878,1.552634822592253,0.18533137690663454,0.46152181968905587
steady,4000.0,40.0,4,3,4080.626450116009,81.20649651972144,0.03875178468350282,1.0521417263405817,0.0638905918538406,0.3127498862229323
steady,4000.0,40.0,4,4,4119.779582366589,120.3596287703017,0.008945356576295329,0.6800119750072359,0.01474833044906083,0.20213404951958094
steady,4000.0,40.0,5,1,3999.4199535962875,0.0,0.606695514979942,3.004435974591578,1.0,1.0
steady,4000.0,40.0,5,2,4040.0232018561483,40.60324825986072,0.11367170064188924,1.5213018049850473,0.18736202565408341,0.5063518803032082
steady,4000.0,40.0,5,3,4080.626450116009,81.20649651972144,0.03976157312552245,1.0334576055795714,0.0655379381316788,0.3439772437553971
steady,4000.0,40.0,5,4,4119.779582366589,120.3596287703017,0.009421645214607284,0.6787503082029456,0.01552944596090969,0.22591605011493535
steady,4000.0,40.0,5,5,4160.3828306264495,160.96287703016196,0.006830730933995152,0.4219735516213649,0.01125891120889691,0.140450172741234
steady,4000.0,40.0,6,1,3999.4199535962875,0.0,0.5959846797068951,2.941008296011382,1.0,1.0
steady,4000.0,40.0,6,2,4040.0232018561483,40.60324825986072,0.12198969088087437,1.6456144537421504,0.20468595088865177,0.5595409084612054
steady,4000.0,40.0,6,3,4080.626450116009,81.20649651972144,0.048302556768438094,1.130183588022841,0.08104664165560978,0.3842843930619321
steady,4000.0,40.0,6,4,4119.779582366589,120.3596287703017,0.014944535495006244,0.7259401435728696,0.025075368552017075,0.2468337626103929
steady,4000.0,40.0,6,5,4160.3828306264495,160.96287703016196,0.007088816468767448,0.43132699120156165,0.011894293108765353,0.14665956290790835
steady,4000.0,40.0,6,6,4199.53596287703,200.11600928074267,0.0052395460271158776,0.24464324508799856,0.008791410594132526,0.08318345970658621
steady,4000.0,40.0,7,1,3999.4199535962875,0.0,0.599434009112451,2.9906062127362643,1.0,1.0
steady,4000.0,40.0,7,2,4040.0232018561483,40.60324825986072,0.12039198839849563,1.7018941223848643,0.20084277262938988,0.5690799795496014
steady,4000.0,40.0,7,3,4080.626450116009,81.20649651972144,0.046435057861624114,1.1696957100958478,0.07746483708920344,0.3911232796596216
steady,4000.0,40.0,7,4,4119.779582366589,120.3596287703017,0.013547266064517711,0.7526676999094719,0.022600095854715355,0.2516773009779901
steady,4000.0,40.0,7,5,4160.3828306264495,160.96287703016196,0.007026828680390893,0.45848836019796607,0.011722439123524424,0.1533095056933192
steady,4000.0,40.0,7,6,4199.53596287703,200.11600928074267,0.005003918960624271,0.27286145238936216,0.008347739508529552,0.09123951231937913
steady,4000.0,40.0,7,7,4240.1392111368905,240.71925754060294,0.0032194894682626555,0.17584677047640718,0.0053708822311059334,0.058799707473193415
steady,4000.0,40.0,8,1,3999.4199535962875,0.0,0.5925292377081195,3.174276354853475,1.0,1.0
steady,4000.0,40.0,8,2,4040.0232018561483,40.60324825986072,0.12454096598066729,1.744598752413735,0.21018535129572172,0.5496051878867573
steady,4000.0,40.0,8,3,4080.626450116009,81.20649651972144,0.05111694528389162,1.228924651856084,0.08626906831063733,0.3871511218539796
steady,4000.0,40.0,8,4,4119.779582366589,120.3596287703017,0.017019798820480502,0.817614189953192,0.02872398142969693,0.2575749867219526
steady,4000.0,40.0,8,5,4160.3828306264495,160.96287703016196,0.007117269070077707,0.5021795927445751,0.012011675740436089,0.15820285841739692
steady,4000.0,40.0,8,6,4199.53596287703,200.11600928074267,0.005272032466810666,0.28536680168513306,0.00889750603228068,0.08989979755505743
steady,4000.0,40.0,8,7,4240.1392111368905,240.71925754060294,0.0032922308843355906,0.18014180523649592,0.005556233641853378,0.056750511013654734
steady,4000.0,40.0,8,8,4279.29234338747,279.87238979118274,0.0027699809232922946,0.12977589470196205,0.004674842601871386,0.0408836157266315
steady,4000.0,50.0,2,1,3999.4199535962875,0.0,0.6140277034965657,3.028575014037906,1.0,1.0
steady,4000.0,50.0,2,2,4050.1740139211133,50.75406032482579,0.08669961973705181,1.3574095993227446,0.14119822158404738,0.4482007521791419
steady,4000.0,50.0,3,1,3999.4199535962875,0.0,0.6158403411246067,2.972258766248404,1.0,1.0
steady,4000.0,50.0,3,2,4050.1740139211133,50.75406032482579,0.11173949792189693,1.2407733982899758,0.18144231623060886,0.41745133781069965
steady,4000.0,50.0,3,3,4099.477958236658,100.05800464037065,0.025655121057726236,0.4863755412449531,0.041658721172563265,0.16363835705289487
steady,4000.0,50.0,4,1,3999.4199535962875,0.0,0.6164337990822509,3.266487517681423,1.0,1.0
steady,4000.0,50.0,4,2,4050.1740139211133,50.75406032482579,0.11645563089904788,1.4321607999590935,0.18891830894481693,0.43844061616854174
steady,4000.0,50.0,4,3,4099.477958236658,100.05800464037065,0.02345884874578602,0.6155992499729129,0.038055747074076156,0.1884590853755565
steady,4000.0,50.0,4,4,4150.232018561484,150.8120649651969,0.012086390053093076,0.4322155598219815,0.019606955476950388,0.13231814218863794
steady,4000.0,50.0,5,1,3999.4199535962875,0.0,0.6116477544626054,2.8345454217072947,1.0,1.0
steady,4000.0,50.0,5,2,4050.1740139211133,50.75406032482579,0.12707721559529073,1.399110782587105,0.20776208964739998,0.493592648709223
steady,4000.0,50.0,5,3,4099.477958236658,100.05800464037065,0.024493936849908603,0.6261906320287016,0.04004582158799718,0.22091395228076338
steady,4000.0,50.0,5,4,4150.232018561484,150.8120649651969,0.013567234446001086,0.4408392238041002,0.022181450593113477,0.15552378184808738
steady,4000.0,50.0,5,5,4199.53596287703,200.11600928074267,0.007694398220545172,0.2877495290836153,0.012579786591884868,0.10151522952498636
steady,4000.0,50.0,6,1,3999.4199535962875,0.0,0.6092802048377339,2.8433543824860577,1.0,1.0
steady,4000.0,50.0,6,2,4050.1740139211133,50.75406032482579,0.13084133970942244,1.4907717310206035,0.21474739975225135,0.5243003616443908
steady,4000.0,50.0,6,3,4099.477958236658,100.05800464037065,0.02513528603086094,0.6442501866382156,0.0412540664070238,0.22658103773716806
steady,4000.0,50.0,6,4,4150.232018561484,150.8120649651969,0.014455400361608013,0.46405779994012075,0.023725373394426683,0.16320786561060904
steady,4000.0,50.0,6,5,4199.53596287703,200.11600928074267,0.007461641542203903,0.3058683958758851,0.012246650199625505,0.10757308260972107
steady,4000.0,50.0,6,6,4250.290023201856,250.870069605568,0.004596718756853005,0.24350449448115555,0.00754450697783169,0.0856398681715678
steady,4000.0,50.0,7,1,3999.4199535962875,0.0,0.6068423983098373,2.9425236577142577,1.0,1.0
steady,4000.0,50.0,7,2,4050.1740139211133,50.75406032482579,0.1337648881010359,1.5092947485591373,0.2204277230358238,0.5129252723601048
steady,4000.0,50.0,7,3,4099.477958236658,100.05800464037065,0.02574090096596345,0.6860387088041641,0.0424177694862066,0.23314636978554543
steady,4000.0,50.0,7,4,4150.232018561484,150.8120649651969,0.01543080096744728,0.4839116385929856,0.025428020537827896,0.16445462972722077
steady,4000.0,50.0,7,5,4199.53596287703,200.11600928074267,0.007419403235326269,0.3222583305565687,0.012226244006665669,0.10951766851957884
steady,4000.0,50.0,7,6,4250.290023201856,250.870069605568,0.004712091430523146,0.25588062313038173,0.007764934427204078,0.08695958058299824
steady,4000.0,50.0,7,7,4299.593967517401,300.1740139211138,0.003614437215514903,0.184882828815898,0.005956138242123071,0.06283138228343568
steady,4000.0,50.0,8,1,3999.4199535962875,0.0,0.6048224142449864,3.2972114245348187,1.0,1.0
steady,4000.0,50.0,8,2,4050.1740139211133,50.75406032482579,0.1355904524749318,1.623123062637872,0.2241822546279017,0.4922714541627756
steady,4000.0,50.0,8,3,4099.477958236658,100.05800464037065,0.02614628671699417,0.6730757398555307,0.043229692057020035,0.20413484402216955
steady,4000.0,50.0,8,4,4150.232018561484,150.8120649651969,0.016096511402785903,0.522266197429361,0.026613615870833003,0.15839633259278907
steady,4000.0,50.0,8,5,4199.53596287703,200.11600928074267,0.0075572322462407185,0.3358173950167008,0.012494960616951645,0.10184891163419374
steady,4000.0,50.0,8,6,4250.290023201856,250.870069605568,0.004919229738863547,0.273515151728668,0.008133345628409512,0.08295347689669504
steady,4000.0,50.0,8,7,4299.593967517401,300.1740139211138,0.003669009315757954,0.1924540009829424,0.006066258837874026,0.05836871713802655
steady,4000.0,50.0,8,8,4350.348027842227,350.9280742459391,0.00257086702502935,0.14572919294875908,0.00425061466718065,0.044197709574938474
steady,4000.0,60.0,2,1,3999.4199535962875,0.0,0.613202106430058,3.0150429152388796,1.0,1.0
steady,4000.0,60.0,2,2,4060.3248259860784,60.90487238979085,0.08868772088672372,1.3664402929709805,0.14463048961629663,0.4532075766035053
steady,4000.0,60.0,3,1,3999.4199535962875,0.0,0.6150800708898455,3.0412291489354684,1.0,1.0
steady,4000.0,60.0,3,2,4060.3248259860784,60.90487238979085,0.11270217545922531,1.2127072464505768,0.18323171371196825,0.39875563039209483
steady,4000.0,60.0,3,3,4119.779582366589,120.3596287703017,0.02629615747798434,0.47799601042884093,0.0427524134214612,0.15717198113669123
steady,4000.0,60.0,4,1,3999.4199535962875,0.0,0.6176404526341518,3.109599447110253,1.0,1.0
steady,4000.0,60.0,4,2,4060.3248259860784,60.90487238979085,0.11248982652545034,1.4027851594168463,0.1821283337995377,0.45111442270175756
steady,4000.0,60.0,4,3,4119.779582366589,120.3596287703017,0.02391942275160682,0.6011702120415692,0.038727098669774244,0.19332721859088184
steady,4000.0,60.0,4,4,4180.684454756381,181.264501160093,0.011405573998989522,0.42953479595485244,0.018466364938284584,0.1381318730147121
steady,4000.0,60.0,5,1,3999.4199535962875,0.0,0.6097594137856417,2.7970275762551164,1.0,1.0
steady,4000.0,60.0,5,2,4060.3248259860784,60.90487238979085,0.13003696244589813,1.4354046435465988,0.21325945857657896,0.5131893070101343
steady,4000.0,60.0,5,3,4119.779582366589,120.3596287703017,0.02507551312893657,0.6336213544234705,0.041123617876200204,0.22653382462242766
steady,4000.0,60.0,5,4,4180.684454756381,181.264501160093,0.014093037880151779,0.4425195192540282,0.023112456423848054,0.15821063868326554
steady,4000.0,60.0,5,5,4240.1392111368905,240.71925754060294,0.007553969393761732,0.28512872676894235,0.01238844242988153,0.10193990548734433
steady,4000.0,60.0,6,1,3999.4199535962875,0.0,0.6109901527672396,2.7953624374927832,1.0,1.0
steady,4000.0,60.0,6,2,4060.3248259860784,60.90487238979085,0.12967508376776413,1.4317763960766068,0.21223760019773125,0.5121970506839878
steady,4000.0,60.0,6,3,4119.779582366589,120.3596287703017,0.02509995430688375,0.6432120613799026,0.04108078369709132,0.23009970111668684
steady,4000.0,60.0,6,4,4180.684454756381,181.264501160093,0.013961389213633442,0.45664619271403056,0.022850432450344446,0.16335849211868417
steady,4000.0,60.0,6,5,4240.1392111368905,240.71925754060294,0.0073965957913673394,0.2987635657718042,0.012105916532152552,0.1068782930487437
steady,4000.0,60.0,6,6,4299.593967517401,300.1740139211138,0.004103746759080831,0.22114822199747777,0.006716551388749106,0.07911253976633888
steady,4000.0,60.0,7,1,3999.4199535962875,0.0,0.6066416839952969,3.055248226438917,1.0,1.0
steady,4000.0,60.0,7,2,4060.3248259860784,60.90487238979085,0.13444552289839412,1.5353735592636866,0.2216226257532221,0.5025364374577382
steady,4000.0,60.0,7,3,4119.779582366589,120.3596287703017,0.02588930410998241,0.6897917473774728,0.042676434529650815,0.22577273473503273
steady,4000.0,60.0,7,4,4180.684454756381,181.264501160093,0.015252830870066736,0.4884978275943848,0.025143064303812305,0.15988809791856406
steady,4000.0,60.0,7,5,4240.1392111368905,240.71925754060294,0.007667876423998687,0.32076422875279315,0.012639877255876359,0.10498794368883864
steady,4000.0,60.0,7,6,4299.593967517401,300.1740139211138,0.0044720466672379215,0.2416178909216928,0.007371809068221879,0.07908290031259213
steady,4000.0,60.0,7,7,4360.498839907193,361.0788863109051,0.003715627907006486,0.1622464505296315,0.006124913610511624,0.05310417959680477
steady,4000.0,60.0,8,1,3999.4199535962875,0.0,0.6062614352978017,2.9573565506808235,1.0,1.0
steady,4000.0,60.0,8,2,4060.3248259860784,60.90487238979085,0.13561256595381174,1.4851406342197608,0.22368661118482241,0.5021851808426215
steady,4000.0,60.0,8,3,4119.779582366589,120.3596287703017,0.026246606635564558,0.6914877605291796,0.04329255517081003,0.2338195441364653
steady,4000.0,60.0,8,4,4180.684454756381,181.264501160093,0.015704673132536828,0.49664903510742525,0.025904126863722635,0.1679368133656694
steady,4000.0,60.0,8,5,4240.1392111368905,240.71925754060294,0.007788976465232472,0.3345850895390552,0.01284755389629302,0.11313654062511644
steady,4000.0,60.0,8,6,4299.593967517401,300.1740139211138,0.004541320863545986,0.24603008706255436,0.00749069724567792,0.08319256837864711
steady,4000.0,60.0,8,7,4360.498839907193,361.0788863109051,0.0036979046581513166,0.17017056768580557,0.006099521498237585,0.057541444452015776
steady,4000.0,60.0,8,8,4419.953596287703,420.533642691415,0.0021875266733326296,0.13946040799042214,0.003608223360369433,0.0471571167021834
steady,4000.0,70.0,2,1,3999.4199535962875,0.0,0.6121781868097704,3.0854852818298006,1.0,1.0
steady,4000.0,70.0,2,2,4070.475638051044,71.05568445475637,0.0912330187909414,1.320435594612539,0.14903016924922113,0.42795070272688984
steady,4000.0,70.0,3,1,3999.4199535962875,0.0,0.6156434894487609,3.006945862303619,1.0,1.0
steady,4000.0,70.0,3,2,4070.475638051044,71.05568445475637,0.11155887883138395,1.200520977129381,0.18120694970927462,0.3992492821968077
steady,4000.0,70.0,3,3,4140.081206496519,140.66125290023183,0.02621865132411025,0.48336188010834824,0.04258739314791762,0.16074844784137385
steady,4000.0,70.0,4,1,3999.4199535962875,0.0,0.6175234336476999,3.025455293870975,1.0,1.0
steady,4000.0,70.0,4,2,4070.475638051044,71.05568445475637,0.11271184183466117,1.4512975405986557,0.18252237193473667,0.47969558285614794
steady,4000.0,70.0,4,3,4140.081206496519,140.66125290023183,0.026260060483171827,0.6060286729226649,0.04252479995464159,0.20030990844596824
steady,4000.0,70.0,4,4,4209.686774941995,210.26682134570774,0.014629316554233607,0.3222783583491783,0.023690301868899928,0.10652226757475343
steady,4000.0,70.0,5,1,3999.4199535962875,0.0,0.6116475551500626,2.6465368467123214,1.0,1.0
steady,4000.0,70.0,5,2,4070.475638051044,71.05568445475637,0.12744655983550945,1.3270923106580508,0.20836600876176395,0.5014448645620182
steady,4000.0,70.0,5,3,4140.081206496519,140.66125290023183,0.02747549828108472,0.5860807748578002,0.044920474298869445,0.22145196111131538
steady,4000.0,70.0,5,4,4209.686774941995,210.26682134570774,0.014720454985866036,0.3130222704686451,0.024066890911146527,0.11827618075958367
steady,4000.0,70.0,5,5,4279.29234338747,279.87238979118274,0.006731376788798973,0.19980695563916415,0.01100531953756847,0.07549751513468468
steady,4000.0,70.0,6,1,3999.4199535962875,0.0,0.6098928606322477,2.8254954576716793,1.0,1.0
steady,4000.0,70.0,6,2,4070.475638051044,71.05568445475637,0.13085460596572573,1.3858447401299419,0.21455343128639812,0.4904784880708791
steady,4000.0,70.0,6,3,4140.081206496519,140.66125290023183,0.02811602293146317,0.6023443459501122,0.04609993778631315,0.21318184897967166
steady,4000.0,70.0,6,4,4209.686774941995,210.26682134570774,0.014790455908495962,0.32717818842587926,0.02425090841883832,0.11579497943892895
steady,4000.0,70.0,6,5,4279.29234338747,279.87238979118274,0.006708426790875697,0.2098602507366136,0.010999352876374683,0.07427378804195524
steady,4000.0,70.0,6,6,4350.348027842227,350.9280742459391,0.005932402074250564,0.148615182126848,0.00972695772844548,0.05259791932184269
steady,4000.0,70.0,7,1,3999.4199535962875,0.0,0.6077889017194896,3.1060572995016464,1.0,1.0
steady,4000.0,70.0,7,2,4070.475638051044,71.05568445475637,0.13422448556692457,1.5270844323315305,0.22084063263937756,0.49164721867061006
steady,4000.0,70.0,7,3,4140.081206496519,140.66125290023183,0.028794215798833282,0.6272353919656088,0.047375356340617354,0.20193941433928025
steady,4000.0,70.0,7,4,4209.686774941995,210.26682134570774,0.014935223999090547,0.36523257458674596,0.024573044945107505,0.1175871979713143
steady,4000.0,70.0,7,5,4279.29234338747,279.87238979118274,0.007102677013263809,0.23318785783588739,0.01168609198550631,0.07507519512705106
steady,4000.0,70.0,7,6,4350.348027842227,350.9280742459391,0.005833416930154865,0.16897918397436948,0.009597768096211698,0.054403112267594506
steady,4000.0,70.0,7,7,4419.953596287703,420.533642691415,0.003866888900470784,0.12510938444385197,0.00636222361009062,0.04027916177332763
steady,4000.0,70.0,8,1,3999.4199535962875,0.0,0.6078612634262105,2.8283882934004407,1.0,1.0
steady,4000.0,70.0,8,2,4070.475638051044,71.05568445475637,0.1353920240097597,1.4657870833768698,0.22273507485346647,0.5182411081240269
steady,4000.0,70.0,8,3,4140.081206496519,140.66125290023183,0.029094701369415596,0.6723568219789886,0.04786404911775968,0.2377172977090232
steady,4000.0,70.0,8,4,4209.686774941995,210.26682134570774,0.015011083847959438,0.355004657107344,0.024694917658265394,0.12551482338393444
steady,4000.0,70.0,8,5,4279.29234338747,279.87238979118274,0.007241679140446906,0.22729707156617307,0.011913374936295785,0.08036275362068632
steady,4000.0,70.0,8,6,4350.348027842227,350.9280742459391,0.00579458748078624,0.16208249696378701,0.009532746745737742,0.05730560310335704
steady,4000.0,70.0,8,7,4419.953596287703,420.533642691415,0.0038860075364658794,0.12530993413598598,0.006392918533025768,0.04430436034132062
steady,4000.0,70.0,8,8,4489.5591647331785,490.13921113689094,0.0028544021171394286,0.10200885438738538,0.0046958118387912876,0.036066071488630315
steady,4000.0,80.0,2,1,3999.4199535962875,0.0,0.6116083444727746,3.082259926470387,1.0,1.0
steady,4000.0,80.0,2,2,4080.626450116009,81.20649651972144,0.09433348214820621,1.3194866316173635,0.15423838311023144,0.42809064228673205
steady,4000.0,80.0,3,1,3999.4199535962875,0.0,0.6154701366080824,3.0190283364848236,1.0,1.0
steady,4000.0,80.0,3,2,4080.626450116009,81.20649651972144,0.10792239814200366,1.211119429408404,0.17534952830818862,0.40116199466301106
steady,4000.0,80.0,3,3,4160.3828306264495,160.96287703016196,0.026377619080495258,0.48192729325959316,0.042857674989504706,0.15962993372255677
steady,4000.0,80.0,4,1,3999.4199535962875,0.0,0.6153976722823202,2.852894001656314,1.0,1.0
steady,4000.0,80.0,4,2,4080.626450116009,81.20649651972144,0.11601234355793691,1.3989611414462353,0.18851605844994976,0.490365621938297
steady,4000.0,80.0,4,3,4160.3828306264495,160.96287703016196,0.02650902428817056,0.5971248692241802,0.0430762504997082,0.20930496151539646
steady,4000.0,80.0,4,4,4240.1392111368905,240.71925754060294,0.013640588050567708,0.30662418343075737,0.022165485286902327,0.1074782951111186
steady,4000.0,80.0,5,1,3999.4199535962875,0.0,0.612689347530836,2.667834882047245,1.0,1.0
steady,4000.0,80.0,5,2,4080.626450116009,81.20649651972144,0.12512057113598155,1.3223833181200566,0.2042153525929947,0.4956765979104693
steady,4000.0,80.0,5,3,4160.3828306264495,160.96287703016196,0.02693871939188759,0.5803970977018508,0.04396799046768443,0.21755360558763862
steady,4000.0,80.0,5,4,4240.1392111368905,240.71925754060294,0.013450231825102701,0.30950527566990776,0.02195277570812632,0.11601365502515634
steady,4000.0,80.0,5,5,4319.8955916473315,320.4756380510439,0.008594913159507982,0.1946023071516845,0.01402817462739616,0.07294390985785089
steady,4000.0,80.0,6,1,3999.4199535962875,0.0,0.6102951206893955,2.9218662076480046,1.0,1.0
steady,4000.0,80.0,6,2,4080.626450116009,81.20649651972144,0.12990612032267032,1.4061751459865253,0.21285787141133794,0.4812592521539324
steady,4000.0,80.0,6,3,4160.3828306264495,160.96287703016196,0.02753705103492964,0.6102267903290701,0.045120876935446426,0.20884830001175186
steady,4000.0,80.0,6,4,4240.1392111368905,240.71925754060294,0.013480226288163573,0.3275528007095585,0.022088045326228684,0.11210396966575226
steady,4000.0,80.0,6,5,4319.8955916473315,320.4756380510439,0.008658768958267966,0.20738303290226148,0.014187839071180732,0.07097622483857577
steady,4000.0,80.0,6,6,4399.651972157772,400.2320185614849,0.0063056536816767424,0.1469343793929586,0.01033213844894223,0.050287853361785304
steady,4000.0,80.0,7,1,3999.4199535962875,0.0,0.6085138695126658,2.977213298284565,1.0,1.0
steady,4000.0,80.0,7,2,4080.626450116009,81.20649651972144,0.13393983849187333,1.4852766604451857,0.22010975460450938,0.4988815081878697
steady,4000.0,80.0,7,3,4160.3828306264495,160.96287703016196,0.02817927640924385,0.6436150823360766,0.04630835519297447,0.2161803733400358
steady,4000.0,80.0,7,4,4240.1392111368905,240.71925754060294,0.013678303244899501,0.34587023166037617,0.022478211147190286,0.11617247305044033
steady,4000.0,80.0,7,5,4319.8955916473315,320.4756380510439,0.008741978287103068,0.22508124226781312,0.014366111809586468,0.07560131563213904
steady,4000.0,80.0,7,6,4399.651972157772,400.2320185614849,0.0062454060248783,0.15797351025086454,0.010263374982529147,0.05306086411137791
steady,4000.0,80.0,7,7,4479.408352668213,479.98839907192587,0.004699069377082192,0.11364514022268393,0.00772220587321286,0.038171648732109625
steady,4000.0,80.0,8,1,3999.4199535962875,0.0,0.6087161445678333,2.7271799206765337,1.0,1.0
steady,4000.0,80.0,8,2,4080.626450116009,81.20649651972144,0.134903385125994,1.4269018397632598,0.22161952879000865,0.5232151457793394
steady,4000.0,80.0,8,3,4160.3828306264495,160.96287703016196,0.028453998615748117,0.6537459230722572,0.04674428117221934,0.23971499574185848
steady,4000.0,80.0,8,4,4240.1392111368905,240.71925754060294,0.013816029421084649,0.34946198286319324,0.022696998501483046,0.1281404208844798
steady,4000.0,80.0,8,5,4319.8955916473315,320.4756380510439,0.0087869113710823,0.22368855431996892,0.014435154134642992,0.08202192771516091
steady,4000.0,80.0,8,6,4399.651972157772,400.2320185614849,0.006219165716170176,0.1610057926216278,0.010216856857945768,0.05903746628557128
steady,4000.0,80.0,8,7,4479.408352668213,479.98839907192587,0.004653785501482374,0.11902162676702577,0.007645247366958529,0.04364274827071181
steady,4000.0,80.0,8,8,4560.614849187935,561.1948955916473,0.003616634569099965,0.09080936042170976,0.0059414139108593,0.033297898584990535
steady,4000.0,90.0,2,1,3999.4199535962875,0.0,0.6113342324221028,3.095087008395597,1.0,1.0
steady,4000.0,90.0,2,2,4089.3271461716936,89.90719257540604,0.09632123291791,1.3134437331535789,0.15755903695476992,0.42436407428637357
steady,4000.0,90.0,3,1,3999.4199535962875,0.0,0.6166949791624201,3.0294478963455442,1.0,1.0
steady,4000.0,90.0,3,2,4089.3271461716936,89.90719257540604,0.10433205421748416,1.2207720065346443,0.16917934755879702,0.4029684775259792
steady,4000.0,90.0,3,3,4180.684454756381,181.264501160093,0.024056950157040666,0.47219892323633855,0.03900947951565006,0.15586963017451372
steady,4000.0,90.0,4,1,3999.4199535962875,0.0,0.615084265627696,2.669887680949397,1.0,1.0
steady,4000.0,90.0,4,2,4089.3271461716936,89.90719257540604,0.11806163066325875,1.3140526140517303,0.19194383153790542,0.4921752414635138
steady,4000.0,90.0,4,3,4180.684454756381,181.264501160093,0.022818945617367543,0.5573771020895129,0.03709889342410786,0.2087642510456892
steady,4000.0,90.0,4,4,4270.591647331787,271.17169373549905,0.010808276055955801,0.408232012408887,0.01757202494023467,0.15290231694830025
steady,4000.0,90.0,5,1,3999.4199535962875,0.0,0.6131312121499004,2.7010621829098502,1.0,1.0
steady,4000.0,90.0,5,2,4089.3271461716936,89.90719257540604,0.1253948532129583,1.3188700381081226,0.20451552739138867,0.48827829527689953
steady,4000.0,90.0,5,3,4180.684454756381,181.264501160093,0.023440539909941095,0.5641036872364329,0.0382308704000707,0.2088451316691735
steady,4000.0,90.0,5,4,4270.591647331787,271.17169373549905,0.011213909066749671,0.4206826918505016,0.018289574636771316,0.15574713329898268
steady,4000.0,90.0,5,5,4360.498839907193,361.0788863109051,0.005366379802912947,0.2924981023771397,0.008752416606057491,0.10829002909589883
steady,4000.0,90.0,6,1,3999.4199535962875,0.0,0.6119012013247643,2.967641548425875,1.0,1.0
steady,4000.0,90.0,6,2,4089.3271461716936,89.90719257540604,0.12965843429999407,1.4194172821138888,0.21189439409382418,0.47829808922401357
steady,4000.0,90.0,6,3,4180.684454756381,181.264501160093,0.023776036110207108,0.6088017129197323,0.03885600495428356,0.20514664691989462
steady,4000.0,90.0,6,4,4270.591647331787,271.17169373549905,0.011951663991990004,0.4464218518971137,0.0195320158975251,0.15042984289457367
steady,4000.0,90.0,6,5,4360.498839907193,361.0788863109051,0.005510657564948796,0.3104628522268088,0.009005796283808952,0.10461602156483067
steady,4000.0,90.0,6,6,4450.406032482599,450.98607888631113,0.002857062932963211,0.18745604567644386,0.0046691572541084705,0.06316667381068179
steady,4000.0,90.0,7,1,3999.4199535962875,0.0,0.6102052694612974,2.9510404715260297,1.0,1.0
steady,4000.0,90.0,7,2,4089.3271461716936,89.90719257540604,0.13316128819516668,1.508136635391641,0.21822375987136983,0.511052508409605
steady,4000.0,90.0,7,3,4180.684454756381,181.264501160093,0.024567660506563102,0.6298380821438595,0.04026130506583788,0.21342915768896936
steady,4000.0,90.0,7,4,4270.591647331787,271.17169373549905,0.012845636265587154,0.47364384133543297,0.02105133617893461,0.16050062542534507
steady,4000.0,90.0,7,5,4360.498839907193,361.0788863109051,0.00546269189476397,0.3294919596303458,0.00895222012682151,0.11165280951228714
steady,4000.0,90.0,7,6,4450.406032482599,450.98607888631113,0.0028646398520486126,0.19976869624062865,0.0046945511542002575,0.06769432617687046
steady,4000.0,90.0,7,7,4540.313225058005,540.8932714617172,0.0016818866469445082,0.15125332908496258,0.0027562637215986594,0.051254237461117264
steady,4000.0,90.0,8,1,3999.4199535962875,0.0,0.6100506150072347,2.746979651775611,1.0,1.0
steady,4000.0,90.0,8,2,4089.3271461716936,89.90719257540604,0.13417872867622938,1.4630711013973563,0.21994687879240665,0.5326108260218261
steady,4000.0,90.0,8,3,4180.684454756381,181.264501160093,0.02483869125976645,0.6525844299868655,0.040715787589972165,0.23756434801584483
steady,4000.0,90.0,8,4,4270.591647331787,271.17169373549905,0.013176004356941084,0.46692893785546313,0.021598215021527072,0.1699790304429982
steady,4000.0,90.0,8,5,4360.498839907193,361.0788863109051,0.005514344019557767,0.3270624876023347,0.009039158200819733,0.11906258111192265
steady,4000.0,90.0,8,6,4450.406032482599,450.98607888631113,0.002894722129326855,0.19907245614064203,0.004745052390927474,0.07246957800068314
steady,4000.0,90.0,8,7,4540.313225058005,540.8932714617172,0.001609362272195194,0.16224569749763135,0.002638079911084277,0.05906330518056728
steady,4000.0,90.0,8,8,4630.220417633411,630.8004640371232,0.00223369927855867,0.1201693340778823,0.003661498281633861,0.04374598625082878
steady,4000.0,100.0,2,1,3999.4199535962875,0.0,0.6106180172315927,3.0945525337596025,1.0,1.0
steady,4000.0,100.0,2,2,4099.477958236658,100.05800464037065,0.09795534967690608,1.3111582434724607,0.16042001204126602,0.42369881563442763
steady,4000.0,100.0,3,1,3999.4199535962875,0.0,0.6169765306569717,3.1908917695492596,1.0,1.0
steady,4000.0,100.0,3,2,4099.477958236658,100.05800464037065,0.0938925705712392,1.4121350840368256,0.15218175393358982,0.44255185886054094
steady,4000.0,100.0,3,3,4199.53596287703,200.11600928074267,0.023735114448038913,0.9144498962425743,0.0384700442701851,0.2865812952257381
steady,4000.0,100.0,4,1,3999.4199535962875,0.0,0.6132215529666237,2.8037725206303388,1.0,1.0
steady,4000.0,100.0,4,2,4099.477958236658,100.05800464037065,0.10889529865403097,1.5071678206274615,0.17757904647548794,0.5375499651050945
steady,4000.0,100.0,4,3,4199.53596287703,200.11600928074267,0.028629571447235953,1.0454359977892165,0.046687157861188544,0.37286762392342143
steady,4000.0,100.0,4,4,4299.593967517401,300.1740139211138,0.009826540238589967,0.7693724374824434,0.01602445346392579,0.27440615521457307
steady,4000.0,100.0,5,1,3999.4199535962875,0.0,0.60801302045517,2.9740148573882528,1.0,1.0
steady,4000.0,100.0,5,2,4099.477958236658,100.05800464037065,0.11577792577507776,1.561373891764787,0.19042014213512107,0.5250054107449781
steady,4000.0,100.0,5,3,4199.53596287703,200.11600928074267,0.03446253045813226,1.0877963181248425,0.05668057968944967,0.36576694142010213
steady,4000.0,100.0,5,4,4299.593967517401,300.1740139211138,0.011597485125475974,0.8083586444254579,0.019074402579066282,0.27180719774054846
steady,4000.0,100.0,5,5,4399.651972157772,400.2320185614849,0.006238178788737712,0.609336680019941,0.010259942762521259,0.2048868984316554
steady,4000.0,100.0,6,1,3999.4199535962875,0.0,0.605097792012693,3.149930546374394,1.0,1.0
steady,4000.0,100.0,6,2,4099.477958236658,100.05800464037065,0.11903016439699789,1.6280910717443131,0.1967122768719358,0.5168657047433203
steady,4000.0,100.0,6,3,4199.53596287703,200.11600928074267,0.03761993441497111,1.1384815444278658,0.062171660368877966,0.3614306816187649
steady,4000.0,100.0,6,4,4299.593967517401,300.1740139211138,0.013257409034484424,0.8453647367524657,0.021909531334410037,0.2683756750527373
steady,4000.0,100.0,6,5,4399.651972157772,400.2320185614849,0.0061495167050462365,0.6334785560174918,0.010162847702007876,0.2011087376979257
steady,4000.0,100.0,6,6,4499.7099767981435,500.290023201856,0.0053425785028572885,0.4747308137184162,0.00882928110692101,0.1507115178348414
steady,4000.0,100.0,7,1,3999.4199535962875,0.0,0.6030247713360674,3.0014752456221827,1.0,1.0
steady,4000.0,100.0,7,2,4099.477958236658,100.05800464037065,0.12153135465694012,1.6611776729119139,0.2015362559446341,0.5534537309061046
steady,4000.0,100.0,7,3,4199.53596287703,200.11600928074267,0.040141972890911856,1.1686302293950668,0.06656770135988431,0.38935194654681177
steady,4000.0,100.0,7,4,4299.593967517401,300.1740139211138,0.014794174978815963,0.8598220825978576,0.024533279032696864,0.2864664913868457
steady,4000.0,100.0,7,5,4399.651972157772,400.2320185614849,0.0065114714267939175,0.6417175633137904,0.010798016493364012,0.21380071824672578
steady,4000.0,100.0,7,6,4499.7099767981435,500.290023201856,0.0048039435738771626,0.4823741633874607,0.007966411667025717,0.1607123577284304
steady,4000.0,100.0,7,7,4599.767981438515,600.3480278422271,0.005285344085830567,0.3780802629624589,0.008764721346554816,0.12596481130867557
steady,4000.0,100.0,8,1,3999.4199535962875,0.0,0.6025530517352123,2.940854565714042,1.0,1.0
steady,4000.0,100.0,8,2,4099.477958236658,100.05800464037065,0.12232508385325712,1.7002509746094998,0.2030113091303569,0.5781486083779452
steady,4000.0,100.0,8,3,4199.53596287703,200.11600928074267,0.04097857360355802,1.195905705949886,0.06800824173995847,0.4066524471806103
steady,4000.0,100.0,8,4,4299.593967517401,300.1740139211138,0.015378025407907768,0.8708382153964418,0.025521446391521277,0.2961174025907675
steady,4000.0,100.0,8,5,4399.651972157772,400.2320185614849,0.006748466427522209,0.6450875916917342,0.01119978798229998,0.219353788933492
steady,4000.0,100.0,8,6,4499.7099767981435,500.290023201856,0.004732852034289654,0.48472812163977563,0.00785466444931304,0.16482560113341857
steady,4000.0,100.0,8,7,4599.767981438515,600.3480278422271,0.005027383382958306,0.38012396534643117,0.008343470120150605,0.12925629501645783
steady,4000.0,100.0,8,8,4699.825986078886,700.4060324825982,0.005601702046750036,0.29930678396122967,0.00929661219143848,0.10177544563090549
steady,4500.0,10.0,2,1,4499.7099767981435,0.0,0.5822215413686676,2.6810147951339593,1.0,1.0
steady,4500.0,10.0,2,2,4509.860788863109,10.150812064965066,0.04997133633053504,1.271654989069668,0.08582873147060832,0.4743185272150386
steady,4500.0,10.0,3,1,4499.7099767981435,0.0,0.626808449211258,2.7550082388394435,1.0,1.0
steady,4500.0,10.0,3,2,4509.860788863109,10.150812064965066,0.05047548689897377,1.3682546161012443,0.08052777042570088,0.4966426585633828
steady,4500.0,10.0,3,3,4520.011600928074,20.301624129930133,0.019166172385344193,0.879888832527729,0.03057739953802772,0.3193779314788493
steady,4500.0,10.0,4,1,4499.7099767981435,0.0,0.6318494077864714,2.8894927273193676,1.0,1.0
steady,4500.0,10.0,4,2,4509.860788863109,10.150812064965066,0.07681652546924268,1.3602801739353247,0.12157410376999551,0.47076781369762444
steady,4500.0,10.0,4,3,4520.011600928074,20.301624129930133,0.014007912469752927,0.9432464225652084,0.022169701034976348,0.3264401441980006
steady,4500.0,10.0,4,4,4530.162412993039,30.4524361948952,0.009735003649046158,0.7047155263813484,0.015407157985872525,0.24388901197724253
steady,4500.0,10.0,5,1,4499.7099767981435,0.0,0.6282470939095417,3.0684746298036707,1.0,1.0
steady,4500.0,10.0,5,2,4509.860788863109,10.150812064965066,0.0873829294547596,1.39359747641789,0.1390900655202099,0.4541662045636845
steady,4500.0,10.0,5,3,4520.011600928074,20.301624129930133,0.018231989247713208,0.9827946630014596,0.029020411593560582,0.3202876939100981
steady,4500.0,10.0,5,4,4530.162412993039,30.4524361948952,0.007262107579750689,0.738325795252972,0.01155931742486711,0.24061655523618003
steady,4500.0,10.0,5,5,4540.313225058005,40.603248259861175,0.008253233085930269,0.5526267047765014,0.013136922026285747,0.1800981827937942
steady,4500.0,10.0,6,1,4499.7099767981435,0.0,0.6266498029333794,2.9321036241420457,1.0,1.0
steady,4500.0,10.0,6,2,4509.860788863109,10.150812064965066,0.08913482443724287,1.440527223165756,0.1422402496896963,0.4912947862090872
steady,4500.0,10.0,6,3,4520.011600928074,20.301624129930133,0.019328844593319874,1.0108031927127044,0.030844730985058286,0.3447365176285243
steady,4500.0,10.0,6,4,4530.162412993039,30.4524361948952,0.007376419720126821,0.75675554253021,0.011771199297594013,0.25809304156214535
steady,4500.0,10.0,6,5,4540.313225058005,40.603248259861175,0.007897118372448312,0.5682644671404722,0.012602123762716437,0.19380777079689684
steady,4500.0,10.0,6,6,4550.46403712297,50.75406032482624,0.008034119676536416,0.4352420183824357,0.012820748748229548,0.14844018976641407
steady,4500.0,10.0,7,1,4499.7099767981435,0.0,0.6238960855838663,2.9079083504546523,1.0,1.0
steady,4500.0,10.0,7,2,4509.860788863109,10.150812064965066,0.09292394353680572,1.4861135833749284,0.14894137931614662,0.5110592922031308
steady,4500.0,10.0,7,3,4520.011600928074,20.301624129930133,0.02162893194594398,1.0420573213202684,0.034667523079108246,0.35835287627182005
steady,4500.0,10.0,7,4,4530.162412993039,30.4524361948952,0.007410343838575218,0.769451171849815,0.011877528982475228,0.2646064040255984
steady,4500.0,10.0,7,5,4540.313225058005,40.603248259861175,0.006980314123674652,0.5729815159777204,0.011188264015380384,0.19704249478431277
steady,4500.0,10.0,7,6,4550.46403712297,50.75406032482624,0.007628344483432206,0.44286229546658873,0.012226947178700926,0.1522958230087778
steady,4500.0,10.0,7,7,4560.614849187935,60.90487238979131,0.006273797127692022,0.36231954118768506,0.01005583665719069,0.124597991931567
steady,4500.0,10.0,8,1,4499.7099767981435,0.0,0.6201565673526868,2.9781263573370778,1.0,1.0
steady,4500.0,10.0,8,2,4509.860788863109,10.150812064965066,0.09806684576877116,1.5477180270138886,0.15813239902851817,0.5196952181699223
steady,4500.0,10.0,8,3,4520.011600928074,20.301624129930133,0.025163066604451986,1.0659224454293583,0.04057534488728812,0.3579171322947035
steady,4500.0,10.0,8,4,4530.162412993039,30.4524361948952,0.007941182007717516,0.7631701097478701,0.01280512442465407,0.25625847199789953
steady,4500.0,10.0,8,5,4540.313225058005,40.603248259861175,0.005767011148651399,0.5634527814193211,0.00929928255580605,0.18919707017506746
steady,4500.0,10.0,8,6,4550.46403712297,50.75406032482624,0.006611313076067315,0.44401513623509203,0.010660716058026395,0.1490921079091193
steady,4500.0,10.0,8,7,4560.614849187935,60.90487238979131,0.006410218875146728,0.3693640285005043,0.010336452458305095,0.12402564034615877
steady,4500.0,10.0,8,8,4569.315545243619,69.60556844547591,0.004829335434742906,0.31636472036027574,0.007787284193987152,0.10622944845199803
steady,4500.0,20.0,2,1,4499.7099767981435,0.0,0.5833548290919895,2.6827551860806382,1.0,1.0
steady,4500.0,20.0,2,2,4520.011600928074,20.301624129930133,0.051336592498010473,1.287487585698524,0.08800234426432627,0.479912439412511
steady,4500.0,20.0,3,1,4499.7099767981435,0.0,0.6252415688454103,2.7190254459808805,1.0,1.0
steady,4500.0,20.0,3,2,4520.011600928074,20.301624129930133,0.05191297522113639,1.3605913958047322,0.0830286689303151,0.5003967130266789
steady,4500.0,20.0,3,3,4540.313225058005,40.603248259861175,0.01982890938247389,0.9006029652568763,0.031713997230047496,0.33122270576323587
steady,4500.0,20.0,4,1,4499.7099767981435,0.0,0.6299687963978602,3.0426296613381996,1.0,1.0
steady,4500.0,20.0,4,2,4520.011600928074,20.301624129930133,0.06665312569870571,1.4293800798480152,0.10580385263496539,0.4697844427176687
steady,4500.0,20.0,4,3,4540.313225058005,40.603248259861175,0.014560021795631616,0.9099985143177944,0.023112290448170317,0.2990829038055068
steady,4500.0,20.0,4,4,4560.614849187935,60.90487238979131,0.014782355743818318,0.649492912448454,0.0234652189574203,0.2134643334025726
steady,4500.0,20.0,5,1,4499.7099767981435,0.0,0.6267738367159221,3.067672095367665,1.0,1.0
steady,4500.0,20.0,5,2,4520.011600928074,20.301624129930133,0.08251450479631557,1.396049694347196,0.13164956793452484,0.45508439329460915
steady,4500.0,20.0,5,3,4540.313225058005,40.603248259861175,0.016465480398785672,0.9792836041269736,0.026270210136815998,0.31922694919243155
steady,4500.0,20.0,5,4,4560.614849187935,60.90487238979131,0.00961986912729451,0.7215411159986731,0.01534823019687499,0.23520803187806008
steady,4500.0,20.0,5,5,4579.4663573085845,79.75638051044098,0.00994387447913102,0.5107094358219487,0.015865171608364318,0.16648110356812418
steady,4500.0,20.0,6,1,4499.7099767981435,0.0,0.6242610636402738,2.9742351251943906,1.0,1.0
steady,4500.0,20.0,6,2,4520.011600928074,20.301624129930133,0.08716092322797504,1.440508015639865,0.13962255265403023,0.4843288963395979
steady,4500.0,20.0,6,3,4540.313225058005,40.603248259861175,0.018539117099165354,1.0077760320388358,0.029697698893885193,0.33883536089735655
steady,4500.0,20.0,6,4,4560.614849187935,60.90487238979131,0.00881555912636616,0.7509780985332579,0.014121590532908946,0.2524945294915698
steady,4500.0,20.0,6,5,4579.4663573085845,79.75638051044098,0.008695371940425007,0.542961495812516,0.013929063410938051,0.1825550008515312
steady,4500.0,20.0,6,6,4599.767981438515,100.05800464037111,0.007601543401017053,0.3825966375866982,0.01217686612823476,0.12863698446224636
steady,4500.0,20.0,7,1,4499.7099767981435,0.0,0.6209458287249179,3.053181433711046,1.0,1.0
steady,4500.0,20.0,7,2,4520.011600928074,20.301624129930133,0.09196780741241233,1.4661942158484385,0.1481092281451729,0.48021850246427233
steady,4500.0,20.0,7,3,4540.313225058005,40.603248259861175,0.021196531299671438,1.0164293344429767,0.03413587839570077,0.33290826520176325
steady,4500.0,20.0,7,4,4560.614849187935,60.90487238979131,0.008451676968590394,0.7507025884241458,0.013610973095584686,0.24587552516055045
steady,4500.0,20.0,7,5,4579.4663573085845,79.75638051044098,0.007285147355941537,0.5440648849242542,0.01173233963243015,0.17819605442279937
steady,4500.0,20.0,7,6,4599.767981438515,100.05800464037111,0.007086238174071133,0.387850059581152,0.011412007048380338,0.12703144834394345
steady,4500.0,20.0,7,7,4620.069605568445,120.35962877030124,0.00526832208505242,0.2735804823981778,0.00848435055256054,0.08960505241434319
steady,4500.0,20.0,8,1,4499.7099767981435,0.0,0.6187239356621483,3.1663581259896243,1.0,1.0
steady,4500.0,20.0,8,2,4520.011600928074,20.301624129930133,0.09441121127025513,1.5100122418870106,0.15259020352787514,0.476892436611246
steady,4500.0,20.0,8,3,4540.313225058005,40.603248259861175,0.02283230386582524,1.038454822814718,0.03690224759349334,0.32796505685539146
steady,4500.0,20.0,8,4,4560.614849187935,60.90487238979131,0.008575378044161178,0.7566982343238848,0.013859780670977189,0.23898062196845904
steady,4500.0,20.0,8,5,4579.4663573085845,79.75638051044098,0.006565390591488094,0.5419575926719157,0.010611179256321997,0.17116117984996734
steady,4500.0,20.0,8,6,4599.767981438515,100.05800464037111,0.006499590060963425,0.38273234282975105,0.010504830484709904,0.12087462238976224
steady,4500.0,20.0,8,7,4620.069605568445,120.35962877030124,0.005268594697651652,0.2695582881304632,0.00851525921978966,0.08513196467509958
steady,4500.0,20.0,8,8,4640.371229698376,140.66125290023228,0.003060355735474474,0.19136481175273787,0.004946237827698279,0.060436881786051305
steady,4500.0,30.0,2,1,4499.7099767981435,0.0,0.585664259369758,2.691848376828405,1.0,1.0
steady,4500.0,30.0,2,2,4530.162412993039,30.4524361948952,0.053163624996836044,1.3004281179954598,0.09077491779000858,0.48309857612695584
steady,4500.0,30.0,3,1,4499.7099767981435,0.0,0.6170765594299885,2.6414238468471014,1.0,1.0
steady,4500.0,30.0,3,2,4530.162412993039,30.4524361948952,0.048194642932013976,1.3083811868249213,0.0781015616223257,0.49533178417642143
steady,4500.0,30.0,3,3,4560.614849187935,60.90487238979131,0.023205343838956817,0.8818446285963395,0.03760529140888493,0.33385199790974135
steady,4500.0,30.0,4,1,4499.7099767981435,0.0,0.6268560932181835,2.9416861642922636,1.0,1.0
steady,4500.0,30.0,4,2,4530.162412993039,30.4524361948952,0.06609430638695526,1.3830119072306866,0.10543776650177744,0.4701425746969251
steady,4500.0,30.0,4,3,4560.614849187935,60.90487238979131,0.017104501017421562,0.8546030170096698,0.02728616855203507,0.29051468079202036
steady,4500.0,30.0,4,4,4589.61716937355,89.90719257540604,0.01094170837384217,0.5106343147452552,0.017454896733425866,0.17358558535019933
steady,4500.0,30.0,5,1,4499.7099767981435,0.0,0.6249709387631165,3.0187260799179625,1.0,1.0
steady,4500.0,30.0,5,2,4530.162412993039,30.4524361948952,0.07886074612009283,1.379566446620682,0.12618306104947308,0.45700285819181496
steady,4500.0,30.0,5,3,4560.614849187935,60.90487238979131,0.01840435649492347,0.9294171196056116,0.029448339680157986,0.30788388711004533
steady,4500.0,30.0,5,4,4589.61716937355,89.90719257540604,0.006750981053069855,0.5879988855107118,0.010802071959427041,0.1947837829415418
steady,4500.0,30.0,5,5,4620.069605568445,120.35962877030124,0.006878696031650841,0.33820864420078495,0.011006425427179873,0.11203687755928361
steady,4500.0,30.0,6,1,4499.7099767981435,0.0,0.622339533486293,3.045219336125372,1.0,1.0
steady,4500.0,30.0,6,2,4530.162412993039,30.4524361948952,0.08505307151745874,1.3938345619766144,0.13666666978554082,0.45771237081072774
steady,4500.0,30.0,6,3,4560.614849187935,60.90487238979131,0.02048386068466143,0.9449259086698012,0.03291428485976552,0.31029814419610613
steady,4500.0,30.0,6,4,4589.61716937355,89.90719257540604,0.005312957777690339,0.6069008664888139,0.008537072597537878,0.199296273765624
steady,4500.0,30.0,6,5,4620.069605568445,120.35962877030124,0.005578152068210878,0.3589447259830826,0.008963197367460405,0.11787155090108911
steady,4500.0,30.0,6,6,4650.522041763341,150.81206496519735,0.0054657163426911,0.19430005931818511,0.008782531156381185,0.06380494731962577
steady,4500.0,30.0,7,1,4499.7099767981435,0.0,0.619030537738719,3.0872166543340507,1.0,1.0
steady,4500.0,30.0,7,2,4530.162412993039,30.4524361948952,0.09018378003491735,1.4086687157617592,0.14568551070897606,0.4562908514322024
steady,4500.0,30.0,7,3,4560.614849187935,60.90487238979131,0.02298607311618787,0.9429427231972066,0.03713237346925501,0.30543458032769993
steady,4500.0,30.0,7,4,4589.61716937355,89.90719257540604,0.004691618194033686,0.612409837911127,0.007578976977730182,0.1983695692530627
steady,4500.0,30.0,7,5,4620.069605568445,120.35962877030124,0.0041374647334693196,0.3750569791766248,0.006683781301942271,0.12148709377104894
steady,4500.0,30.0,7,6,4650.522041763341,150.81206496519735,0.004986478494794486,0.21209904133357055,0.00805530291447299,0.06870235071963968
steady,4500.0,30.0,7,7,4679.524361948956,179.8143851508121,0.002949804186084823,0.15976967548905038,0.004765199786201629,0.05175201269556334
steady,4500.0,30.0,8,1,4499.7099767981435,0.0,0.6183580815446049,3.1257514330943854,1.0,1.0
steady,4500.0,30.0,8,2,4530.162412993039,30.4524361948952,0.09076381819065188,1.4338537181222697,0.1467819713198083,0.458722885940679
steady,4500.0,30.0,8,3,4560.614849187935,60.90487238979131,0.0233680018883259,0.9758876974365579,0.0377904042750677,0.3122089898461513
steady,4500.0,30.0,8,4,4589.61716937355,89.90719257540604,0.004744854745204084,0.6298301778456817,0.0076733124168958024,0.20149720517673145
steady,4500.0,30.0,8,5,4620.069605568445,120.35962877030124,0.004175146154764095,0.37525277178447985,0.00675198769026345,0.12005201943168994
steady,4500.0,30.0,8,6,4650.522041763341,150.81206496519735,0.004828357728776364,0.20619401899872034,0.007808352268503623,0.06596622393438221
steady,4500.0,30.0,8,7,4679.524361948956,179.8143851508121,0.0028536845521210338,0.1658800499997248,0.004614938556301839,0.053068855137821794
steady,4500.0,30.0,8,8,4709.976798143851,210.26682134570729,0.001969219201126843,0.12282076368439601,0.003184593619619079,0.039293195992493785
steady,4500.0,40.0,2,1,4499.7099767981435,0.0,0.5852000412425052,2.7012893850965547,1.0,1.0
steady,4500.0,40.0,2,2,4540.313225058005,40.603248259861175,0.054492651847091976,1.2996989426176095,0.09311799044202455,0.4811402102226649
steady,4500.0,40.0,3,1,4499.7099767981435,0.0,0.6037319935729009,2.4526657764902433,1.0,1.0
steady,4500.0,40.0,3,2,4540.313225058005,40.603248259861175,0.053863842193200305,1.121128680930606,0.089218134481217,0.457106178785981
steady,4500.0,40.0,3,3,4579.4663573085845,79.75638051044098,0.0164705537213214,0.4814211795778557,0.027281233886328034,0.19628486856728103
steady,4500.0,40.0,4,1,4499.7099767981435,0.0,0.6170353138620602,2.853221125283879,1.0,1.0
steady,4500.0,40.0,4,2,4540.313225058005,40.603248259861175,0.06930535038674035,1.2775632206453105,0.11231990913608185,0.4477617277273595
steady,4500.0,40.0,4,3,4579.4663573085845,79.75638051044098,0.019209137805864494,0.4594269269825992,0.031131342687071465,0.16102044209310587
steady,4500.0,40.0,4,4,4620.069605568445,120.35962877030124,0.004823817043680048,0.3558064417440115,0.007817732527312729,0.12470342329622659
steady,4500.0,40.0,5,1,4499.7099767981435,0.0,0.6194296457260936,3.007286933448622,1.0,1.0
steady,4500.0,40.0,5,2,4540.313225058005,40.603248259861175,0.08138267049182134,1.302518855695147,0.13138323464713222,0.43312091081427895
steady,4500.0,40.0,5,3,4579.4663573085845,79.75638051044098,0.021147623302499047,0.5105422972047109,0.03414047656325823,0.16976840205242533
steady,4500.0,40.0,5,4,4620.069605568445,120.35962877030124,0.00588670273587765,0.3737176243393689,0.009503424281505407,0.12427069069555204
steady,4500.0,40.0,5,5,4660.672853828306,160.96287703016242,0.003672848843477684,0.25601409113705426,0.0059294043622538945,0.08513124846503049
steady,4500.0,40.0,6,1,4499.7099767981435,0.0,0.6194919728981112,2.943929756556833,1.0,1.0
steady,4500.0,40.0,6,2,4540.313225058005,40.603248259861175,0.08951524865730572,1.2756273255463897,0.1444978346346199,0.43330766391598297
steady,4500.0,40.0,6,3,4579.4663573085845,79.75638051044098,0.02183444491404033,0.5616345264673718,0.03524572693314216,0.190777149222558
steady,4500.0,40.0,6,4,4620.069605568445,120.35962877030124,0.0070961884283363644,0.39678381409177893,0.011454851295552598,0.13478032660529582
steady,4500.0,40.0,6,5,4660.672853828306,160.96287703016242,0.003717741456032622,0.2845082203195039,0.006001274622882135,0.09664232636184213
steady,4500.0,40.0,6,6,4699.825986078886,200.11600928074222,0.004061446750056674,0.1794906916003256,0.0065560926174013014,0.06096976030102521
steady,4500.0,40.0,7,1,4499.7099767981435,0.0,0.6189006358561052,2.9149611702281626,1.0,1.0
steady,4500.0,40.0,7,2,4540.313225058005,40.603248259861175,0.09310919613016427,1.2585733833947927,0.15044288329316277,0.43176334431112867
steady,4500.0,40.0,7,3,4579.4663573085845,79.75638051044098,0.022068400781612978,0.5640636132461808,0.03565742140672787,0.19350639007037954
steady,4500.0,40.0,7,4,4620.069605568445,120.35962877030124,0.0076109250671034315,0.4038980577452349,0.012297491109498515,0.13856035609339545
steady,4500.0,40.0,7,5,4660.672853828306,160.96287703016242,0.0035356623508722555,0.2951774361944032,0.0057128109845637634,0.10126290504627847
steady,4500.0,40.0,7,6,4699.825986078886,200.11600928074222,0.0034939236243658983,0.1849173430301583,0.005645370875298693,0.0634373263420467
steady,4500.0,40.0,7,7,4740.429234338747,240.7192575406034,0.0027023572221796543,0.15980338888518722,0.004366383011453157,0.054821789915190856
steady,4500.0,40.0,8,1,4499.7099767981435,0.0,0.618139773712099,2.955742227185461,1.0,1.0
steady,4500.0,40.0,8,2,4540.313225058005,40.603248259861175,0.09572079943368607,1.2708067287960598,0.15485300170680877,0.4299450463263696
steady,4500.0,40.0,8,3,4579.4663573085845,79.75638051044098,0.02242885521936138,0.5676289093524909,0.036284439496054345,0.1920427648026001
steady,4500.0,40.0,8,4,4620.069605568445,120.35962877030124,0.008043311789298175,0.40490153927924094,0.013012124654260443,0.1369881092996392
steady,4500.0,40.0,8,5,4660.672853828306,160.96287703016242,0.0035436434413618134,0.2960216911065028,0.005732754292902496,0.10015138951693456
steady,4500.0,40.0,8,6,4699.825986078886,200.11600928074222,0.0032133875805292213,0.18806416637000134,0.005198480533345956,0.06362671434615637
steady,4500.0,40.0,8,7,4740.429234338747,240.7192575406034,0.0027917615534611604,0.16311677975407343,0.004516392039774218,0.05518640233705282
steady,4500.0,40.0,8,8,4779.582366589327,279.8723897911832,0.003337112914920502,0.12005588240781181,0.005398638069963081,0.040617845935141755
steady,4500.0,50.0,2,1,4499.7099767981435,0.0,0.5827634030704728,2.6880149602792667,1.0,1.0
steady,4500.0,50.0,2,2,4550.46403712297,50.75406032482624,0.055079575205012186,1.2875646314917915,0.09451447176471287,0.4790020332915194
steady,4500.0,50.0,3,1,4499.7099767981435,0.0,0.6032615242722043,2.421952336089767,1.0,1.0
steady,4500.0,50.0,3,2,4550.46403712297,50.75406032482624,0.05532455308048144,1.1171576162295578,0.09170906954032401,0.46126325426915904
steady,4500.0,50.0,3,3,4599.767981438515,100.05800464037111,0.01738607232152281,0.48358071307349604,0.028820124642455817,0.19966566057787716
steady,4500.0,50.0,4,1,4499.7099767981435,0.0,0.6146033050452848,2.7958328290027508,1.0,1.0
steady,4500.0,50.0,4,2,4550.46403712297,50.75406032482624,0.06737127566571446,1.2672883460393582,0.10961749654234361,0.45327758258400197
steady,4500.0,50.0,4,3,4599.767981438515,100.05800464037111,0.019444702619215406,0.474898079280601,0.03163781004689308,0.16985925422801226
steady,4500.0,50.0,4,4,4650.522041763341,150.81206496519735,0.006018145733020452,0.3653506603108909,0.009791918923340361,0.13067686183555127
steady,4500.0,50.0,5,1,4499.7099767981435,0.0,0.6175852877399758,3.0080177938104637,1.0,1.0
steady,4500.0,50.0,5,2,4550.46403712297,50.75406032482624,0.07782539444670881,1.2984347025464213,0.12601562244383635,0.4316579194505377
steady,4500.0,50.0,5,3,4599.767981438515,100.05800464037111,0.020991232763427847,0.46339011572832556,0.03398920469793617,0.1540516537773925
steady,4500.0,50.0,5,4,4650.522041763341,150.81206496519735,0.006456154885136286,0.3532240452165087,0.01045386768969559,0.11742751187952762
steady,4500.0,50.0,5,5,4699.825986078886,200.11600928074222,0.0045791204865896825,0.22191182822229855,0.007414555653271401,0.0737734426567961
steady,4500.0,50.0,6,1,4499.7099767981435,0.0,0.618360284570982,3.008433842234695,1.0,1.0
steady,4500.0,50.0,6,2,4550.46403712297,50.75406032482624,0.0853126937981629,1.3011154637123736,0.13796599802225784,0.43248930571326505
steady,4500.0,50.0,6,3,4599.767981438515,100.05800464037111,0.021667399293213437,0.5172696429354049,0.0350400888185215,0.1719398431414971
steady,4500.0,50.0,6,4,4650.522041763341,150.81206496519735,0.007401422074806197,0.37717127336896705,0.011969433127389963,0.12537130385715925
steady,4500.0,50.0,6,5,4699.825986078886,200.11600928074222,0.0045756327121204525,0.2457324739132415,0.007399622560325043,0.08168119586459277
steady,4500.0,50.0,6,6,4750.580046403712,250.87006960556846,0.0035122742823888004,0.19894257169031182,0.00567998037717706,0.06612828538803275
steady,4500.0,50.0,7,1,4499.7099767981435,0.0,0.6183338813640779,2.9805604428943937,1.0,1.0
steady,4500.0,50.0,7,2,4550.46403712297,50.75406032482624,0.08912096073045707,1.2836838056550868,0.14413080605230855,0.4306853795618765
steady,4500.0,50.0,7,3,4599.767981438515,100.05800464037111,0.02203968447267987,0.5437609928535823,0.03564366297389226,0.18243582147441412
steady,4500.0,50.0,7,4,4650.522041763341,150.81206496519735,0.00798513845400645,0.38480709739546615,0.012913959099881125,0.12910561780850305
steady,4500.0,50.0,7,5,4699.825986078886,200.11600928074222,0.004799530813129394,0.25431648619111036,0.007762037562200814,0.0853250558288112
steady,4500.0,50.0,7,6,4750.580046403712,250.87006960556846,0.0030446975767711736,0.20575207483661936,0.004924034843528882,0.06903133782343816
steady,4500.0,50.0,7,7,4799.883990719257,300.1740139211133,0.002935020346352109,0.14794913847101349,0.0047466594259355415,0.049638026574405414
steady,4500.0,50.0,8,1,4499.7099767981435,0.0,0.6180581109879779,2.954421596927671,1.0,1.0
steady,4500.0,50.0,8,2,4550.46403712297,50.75406032482624,0.09138820532020972,1.276271404589696,0.14786345117957259,0.43198689243163596
steady,4500.0,50.0,8,3,4599.767981438515,100.05800464037111,0.022225320953198364,0.5478696762924914,0.03595992117581105,0.18544058737663777
steady,4500.0,50.0,8,4,4650.522041763341,150.81206496519735,0.008282845364842258,0.38687237865256874,0.013401402259088499,0.1309469098976533
steady,4500.0,50.0,8,5,4699.825986078886,200.11600928074222,0.004868332199708727,0.2565354842208773,0.0078768195306532,0.08683103470664133
steady,4500.0,50.0,8,6,4750.580046403712,250.87006960556846,0.0027250801019238673,0.207829412996006,0.004409100137150168,0.07034521180461503
steady,4500.0,50.0,8,7,4799.883990719257,300.1740139211133,0.0026286145858182316,0.15139364349920478,0.004253021745182407,0.05124307365497205
steady,4500.0,50.0,8,8,4850.638051044083,350.92807424593957,0.0026978564391057936,0.12066361160139084,0.0043650530445967575,0.040841703745623174
steady,4500.0,60.0,2,1,4499.7099767981435,0.0,0.5790384768777891,2.692062679004224,1.0,1.0
steady,4500.0,60.0,2,2,4560.614849187935,60.90487238979131,0.055265865245572664,1.2907108045870046,0.09544420181465245,0.47945050264001654
steady,4500.0,60.0,3,1,4499.7099767981435,0.0,0.6006788472746846,2.423798547686224,1.0,1.0
steady,4500.0,60.0,3,2,4560.614849187935,60.90487238979131,0.054847026608783336,1.1331251518176098,0.09130840357976236,0.467499723893844
steady,4500.0,60.0,3,3,4620.069605568445,120.35962877030124,0.01789335366822032,0.4797196621559433,0.029788552983684248,0.19792059971893589
steady,4500.0,60.0,4,1,4499.7099767981435,0.0,0.6117806367011018,2.6715861709540154,1.0,1.0
steady,4500.0,60.0,4,2,4560.614849187935,60.90487238979131,0.06429834059426107,1.2439616059805345,0.1051003198482651,0.4656266077078545
steady,4500.0,60.0,4,3,4620.069605568445,120.35962877030124,0.021857915548265907,0.5217644733938768,0.03572835463726036,0.1953013827764935
steady,4500.0,60.0,4,4,4679.524361948956,179.8143851508121,0.01036800735585513,0.26143111963724536,0.01694726301205351,0.09785614346996305
steady,4500.0,60.0,5,1,4499.7099767981435,0.0,0.6152254421410402,2.827733864544729,1.0,1.0
steady,4500.0,60.0,5,2,4560.614849187935,60.90487238979131,0.07386774608610022,1.2994582944219613,0.1200661432808009,0.4595405213747641
steady,4500.0,60.0,5,3,4620.069605568445,120.35962877030124,0.023001100026244142,0.514653703552608,0.037386457793745054,0.18200217142268738
steady,4500.0,60.0,5,4,4679.524361948956,179.8143851508121,0.01018291152427585,0.2730174331836429,0.01655151238355552,0.09654990400859356
steady,4500.0,60.0,5,5,4740.429234338747,240.7192575406034,0.004858182914369981,0.20907038733777827,0.0078965897402797,0.07393566628005109
steady,4500.0,60.0,6,1,4499.7099767981435,0.0,0.6163240874945346,2.898215254879577,1.0,1.0
steady,4500.0,60.0,6,2,4560.614849187935,60.90487238979131,0.08020431908236192,1.3150186765936756,0.13013335144567614,0.45373395726202387
steady,4500.0,60.0,6,3,4620.069605568445,120.35962877030124,0.023556651258147755,0.4980164609753682,0.03822120818595565,0.1718355667809295
steady,4500.0,60.0,6,4,4679.524361948956,179.8143851508121,0.010745674092271916,0.2842048496186952,0.017435103235953285,0.09806202252927694
steady,4500.0,60.0,6,5,4740.429234338747,240.7192575406034,0.004382301439606616,0.21886602012869308,0.0071103848259792,0.07551751712030345
steady,4500.0,60.0,6,6,4799.883990719257,300.1740139211133,0.0031414007910558974,0.1531134900532113,0.005096994997917804,0.05283026848865761
steady,4500.0,60.0,7,1,4499.7099767981435,0.0,0.6165061507820147,2.937343187430816,1.0,1.0
steady,4500.0,60.0,7,2,4560.614849187935,60.90487238979131,0.08340759712182966,1.3157478625422898,0.13529077855270427,0.4479380782512939
steady,4500.0,60.0,7,3,4620.069605568445,120.35962877030124,0.0239377220052,0.5051299473459745,0.038828034359163995,0.17196831119614345
steady,4500.0,60.0,7,4,4679.524361948956,179.8143851508121,0.01108861582541514,0.28418786313163996,0.017986220918233584,0.09674996927417542
steady,4500.0,60.0,7,5,4740.429234338747,240.7192575406034,0.004422706086205008,0.22211094301784814,0.007173823133143072,0.07561627254461889
steady,4500.0,60.0,7,6,4799.883990719257,300.1740139211133,0.002927005285638653,0.15590983830881894,0.004747730873286273,0.05307852312796566
steady,4500.0,60.0,7,7,4859.338747099768,359.6287703016242,0.0025108526633281633,0.12007121216408502,0.004072713078601474,0.04087748843168265
steady,4500.0,60.0,8,1,4499.7099767981435,0.0,0.6165769924253236,2.9707874188713506,1.0,1.0
steady,4500.0,60.0,8,2,4560.614849187935,60.90487238979131,0.08481878736779731,1.313030889314261,0.13756398375190768,0.4419807627343132
steady,4500.0,60.0,8,3,4620.069605568445,120.35962877030124,0.024062803649479065,0.5021036347624649,0.039026437809213936,0.16901365327352236
steady,4500.0,60.0,8,4,4679.524361948956,179.8143851508121,0.011197581779272017,0.28373552701679655,0.01816088163657551,0.09550852585897654
steady,4500.0,60.0,8,5,4740.429234338747,240.7192575406034,0.004443059290602186,0.2224737559703199,0.0072060088929450355,0.07488713415073005
steady,4500.0,60.0,8,6,4799.883990719257,300.1740139211133,0.0028704296410931654,0.15648889080597553,0.004655427750883546,0.05267589656934395
steady,4500.0,60.0,8,7,4859.338747099768,359.6287703016242,0.0024850809541320336,0.12093944792552155,0.004030447105002889,0.040709559747451864
steady,4500.0,60.0,8,8,4920.243619489559,420.5336426914155,0.0020656402845926065,0.09652735832103465,0.0033501741225655376,0.03249217958439683
steady,4500.0,70.0,2,1,4499.7099767981435,0.0,0.5764661942753808,2.6616162086942508,1.0,1.0
steady,4500.0,70.0,2,2,4569.315545243619,69.60556844547591,0.05523797968346859,1.2706100438115409,0.0958217155351197,0.4773828922671324
steady,4500.0,70.0,3,1,4499.7099767981435,0.0,0.5984557830702155,2.3647103392939064,1.0,1.0
steady,4500.0,70.0,3,2,4569.315545243619,69.60556844547591,0.054600808022774415,1.0894903116958807,0.0912361607446748,0.4607288654310187
steady,4500.0,70.0,3,3,4640.371229698376,140.66125290023228,0.016579074524714056,0.4388690820225141,0.027703090175951847,0.18559105304777362
steady,4500.0,70.0,4,1,4499.7099767981435,0.0,0.609645619682693,2.5494786071634032,1.0,1.0
steady,4500.0,70.0,4,2,4569.315545243619,69.60556844547591,0.06208855416187973,1.1690974462092019,0.10184368124254782,0.45856334817806577
steady,4500.0,70.0,4,3,4640.371229698376,140.66125290023228,0.017206213295898408,0.4897785352717505,0.02822330340838643,0.19210929399273804
steady,4500.0,70.0,4,4,4709.976798143851,210.26682134570729,0.006850325631745929,0.35214342121874564,0.011236569919605706,0.1381237011478778
steady,4500.0,70.0,5,1,4499.7099767981435,0.0,0.6139785385212417,2.6506448903959114,1.0,1.0
steady,4500.0,70.0,5,2,4569.315545243619,69.60556844547591,0.06964734218446979,1.2284859227176634,0.11343611838976389,0.46346680657557704
steady,4500.0,70.0,5,3,4640.371229698376,140.66125290023228,0.01848626287251275,0.5189898318490639,0.030108972403231946,0.19579757127388928
steady,4500.0,70.0,5,4,4709.976798143851,210.26682134570729,0.006729798197536368,0.37658836536105056,0.010960966508283803,0.142074242659039
steady,4500.0,70.0,5,5,4779.582366589327,279.8723897911832,0.006381133262388306,0.2656074520234276,0.010393088458363987,0.1002048418427545
steady,4500.0,70.0,6,1,4499.7099767981435,0.0,0.6157953933524358,2.6738612834727666,1.0,1.0
steady,4500.0,70.0,6,2,4569.315545243619,69.60556844547591,0.07440728081418596,1.24485698592142,0.12083117479834853,0.4655652832912186
steady,4500.0,70.0,6,3,4640.371229698376,140.66125290023228,0.01893444679800248,0.52482060434108,0.03074795135267568,0.1962781717903674
steady,4500.0,70.0,6,4,4709.976798143851,210.26682134570729,0.005970870878665063,0.38237164458448347,0.009696192831452016,0.14300354582638092
steady,4500.0,70.0,6,5,4779.582366589327,279.8723897911832,0.005685269479253279,0.27062645057921997,0.00923240014561046,0.10121185128487101
steady,4500.0,70.0,6,6,4850.638051044083,350.92807424593957,0.004632212057388311,0.18049017009286358,0.007522323335629721,0.06750169547256615
steady,4500.0,70.0,7,1,4499.7099767981435,0.0,0.6163124672849911,2.678956330665972,1.0,1.0
steady,4500.0,70.0,7,2,4569.315545243619,69.60556844547591,0.07638245618150252,1.2431304212093586,0.12393462770270759,0.4640353435325779
steady,4500.0,70.0,7,3,4640.371229698376,140.66125290023228,0.019156898851584357,0.5258165409745412,0.03108309480737139,0.19627663764262498
steady,4500.0,70.0,7,4,4709.976798143851,210.26682134570729,0.005995889244365886,0.38514914822971463,0.009728651556862481,0.14376835628894666
steady,4500.0,70.0,7,5,4779.582366589327,279.8723897911832,0.005437283000527635,0.2733166132101041,0.0088222829962863,0.10202354181046291
steady,4500.0,70.0,7,6,4850.638051044083,350.92807424593957,0.004720303793222543,0.1829116104351181,0.007658945816911102,0.06827719001662391
steady,4500.0,70.0,7,7,4920.243619489559,420.5336426914155,0.003584638322946232,0.15413661018052036,0.005816267742785491,0.05753606671975984
steady,4500.0,70.0,8,1,4499.7099767981435,0.0,0.6163617095452352,2.6773503347880965,1.0,1.0
steady,4500.0,70.0,8,2,4569.315545243619,69.60556844547591,0.07660019368748963,1.2421499098667543,0.12427798888416818,0.4639474684081889
steady,4500.0,70.0,8,3,4640.371229698376,140.66125290023228,0.019168874306711735,0.5252317079129354,0.031100040787502746,0.1961759359947587
steady,4500.0,70.0,8,4,4709.976798143851,210.26682134570729,0.0059910764546940035,0.38489002450517157,0.009720065931925505,0.1437578114093292
steady,4500.0,70.0,8,5,4779.582366589327,279.8723897911832,0.005403370736117205,0.2731335422735213,0.00876655809801022,0.10201636249263545
steady,4500.0,70.0,8,6,4850.638051044083,350.92807424593957,0.004730183653984489,0.18267346442905583,0.007674363252503987,0.06822919737304899
steady,4500.0,70.0,8,7,4920.243619489559,420.5336426914155,0.003585227200456674,0.15408806393761956,0.005816758479532953,0.05755244725932183
steady,4500.0,70.0,8,8,4989.849187935034,490.1392111368905,0.0017040343082557374,0.11549036461021234,0.0027646660749140474,0.04313606744309501
steady,4500.0,80.0,2,1,4499.7099767981435,0.0,0.571980546118233,2.664942664779483,1.0,1.0
steady,4500.0,80.0,2,2,4579.4663573085845,79.75638051044098,0.05485890253415195,1.272789424475075,0.09591043420349504,0.4776048060232452
steady,4500.0,80.0,3,1,4499.7099767981435,0.0,0.5949095279143749,2.368570295749118,1.0,1.0
steady,4500.0,80.0,3,2,4579.4663573085845,79.75638051044098,0.05475939528598783,1.098302990749223,0.09204659316511961,0.46369871002788116
steady,4500.0,80.0,3,3,4660.672853828306,160.96287703016242,0.016839291484437153,0.4415203899644754,0.028305634208737745,0.1864079739397533
steady,4500.0,80.0,4,1,4499.7099767981435,0.0,0.6061143638156521,2.5007071782072368,1.0,1.0
steady,4500.0,80.0,4,2,4579.4663573085845,79.75638051044098,0.05971480137969466,1.1466203672303048,0.09852068346272808,0.45851844519129975
steady,4500.0,80.0,4,3,4660.672853828306,160.96287703016242,0.017550348050021723,0.47757467664710046,0.028955505920594895,0.19097584907541032
steady,4500.0,80.0,4,4,4740.429234338747,240.7192575406034,0.006490340306708451,0.3512466115877001,0.010708111693394003,0.14045891284221038
steady,4500.0,80.0,5,1,4499.7099767981435,0.0,0.6100334680268565,2.5532852422490766,1.0,1.0
steady,4500.0,80.0,5,2,4579.4663573085845,79.75638051044098,0.06522706360803779,1.190836711240607,0.10692374603480966,0.46639391930674046
steady,4500.0,80.0,5,3,4660.672853828306,160.96287703016242,0.018454756043488736,0.5045928133117314,0.030252038635159392,0.19762492844992824
steady,4500.0,80.0,5,4,4740.429234338747,240.7192575406034,0.006766501613677026,0.37207473079312325,0.011092017025825103,0.14572391859570652
steady,4500.0,80.0,5,5,4820.185614849188,320.47563805104437,0.007042039401448612,0.2674568924721975,0.011543693535743171,0.10475010314030034
steady,4500.0,80.0,6,1,4499.7099767981435,0.0,0.6113850164689029,2.5624328597692623,1.0,1.0
steady,4500.0,80.0,6,2,4579.4663573085845,79.75638051044098,0.06801412391676252,1.2033634030663811,0.11124597771398272,0.46961753494479447
steady,4500.0,80.0,6,3,4660.672853828306,160.96287703016242,0.018750314838586055,0.5117870920564478,0.030668587442459445,0.19972702508292542
steady,4500.0,80.0,6,4,4740.429234338747,240.7192575406034,0.006600630273376584,0.37608189359833916,0.01079619240834358,0.14676751125967216
steady,4500.0,80.0,6,5,4820.185614849188,320.47563805104437,0.00648688792190681,0.2720349507078424,0.01061015194545049,0.10616276234154215
steady,4500.0,80.0,6,6,4899.941995359628,400.23201856148444,0.004288443585754018,0.16928901023979895,0.007014309265415474,0.066065734988679
steady,4500.0,80.0,7,1,4499.7099767981435,0.0,0.6115655090311896,2.5601894761071056,1.0,1.0
steady,4500.0,80.0,7,2,4579.4663573085845,79.75638051044098,0.06843170376869168,1.2033459411046348,0.11189595024267743,0.47002221997036786
steady,4500.0,80.0,7,3,4660.672853828306,160.96287703016242,0.01881532434101829,0.5121468292746588,0.030765836305622525,0.20004254921530393
steady,4500.0,80.0,7,4,4740.429234338747,240.7192575406034,0.006587420105805246,0.3758649815772749,0.010771405529786492,0.1468113923149142
steady,4500.0,80.0,7,5,4820.185614849188,320.47563805104437,0.006431263290253105,0.27199337156635633,0.010516066055525564,0.10623954754315125
steady,4500.0,80.0,7,6,4899.941995359628,400.23201856148444,0.004309112868444671,0.16911743543899255,0.007046036450405688,0.06605660909759849
steady,4500.0,80.0,7,7,4979.698375870069,479.9883990719254,0.003302289141282581,0.13887893321048905,0.005399730842430759,0.054245568348191685
steady,4500.0,80.0,8,1,4499.7099767981435,0.0,0.6115824515787317,2.5599746658160223,1.0,1.0
steady,4500.0,80.0,8,2,4579.4663573085845,79.75638051044098,0.06846088223509197,1.2035938137090154,0.11194056019489745,0.47015848624632994
steady,4500.0,80.0,8,3,4660.672853828306,160.96287703016242,0.01882951194538159,0.5124653704126065,0.030788182193219098,0.2001837663691301
steady,4500.0,80.0,8,4,4740.429234338747,240.7192575406034,0.006598432735016975,0.3760298324645508,0.010789113909308317,0.14688810693549845
steady,4500.0,80.0,8,5,4820.185614849188,320.47563805104437,0.006436324822083627,0.2721549839008082,0.010524050854417053,0.10631159266338114
steady,4500.0,80.0,8,6,4899.941995359628,400.23201856148444,0.004323638269376167,0.16961082636834068,0.007069591774935951,0.06625488471944516
steady,4500.0,80.0,8,7,4979.698375870069,479.9883990719254,0.003314690202298674,0.1392593939386459,0.005419858260717213,0.05439873909621497
steady,4500.0,80.0,8,8,4998.549883990719,498.8399071925751,0.0003310947253562498,0.012438790933320934,0.0005413738155853979,0.004858950793310262
steady,4500.0,90.0,2,1,4499.7099767981435,0.0,0.5711809191679077,2.654647333021314,1.0,1.0
steady,4500.0,90.0,2,2,4589.61716937355,89.90719257540604,0.055351131051926385,1.2700029605452694,0.0969064777803879,0.4784074120684989
steady,4500.0,90.0,3,1,4499.7099767981435,0.0,0.5998897571647673,2.5263803580741193,1.0,1.0
steady,4500.0,90.0,3,2,4589.61716937355,89.90719257540604,0.05038038622213988,1.2817066572481903,0.08398274119606658,0.5073292519679206
steady,4500.0,90.0,3,3,4679.524361948956,179.8143851508121,0.026745980664573166,0.8385598373148918,0.044584826370400996,0.33192145222112673
steady,4500.0,90.0,4,1,4499.7099767981435,0.0,0.6118552804392263,2.630463854009256,1.0,1.0
steady,4500.0,90.0,4,2,4589.61716937355,89.90719257540604,0.05146598171486505,1.3324196759598113,0.08411463194028446,0.5065341133385985
steady,4500.0,90.0,4,3,4679.524361948956,179.8143851508121,0.025356429139936163,0.9171725701828553,0.041441873512530286,0.348673321925688
steady,4500.0,90.0,4,4,4769.431554524362,269.72157772621813,0.017091469319985442,0.6870610642375896,0.02793384296318594,0.26119388152412604
steady,4500.0,90.0,5,1,4499.7099767981435,0.0,0.6164530967595602,2.6483724871618954,1.0,1.0
steady,4500.0,90.0,5,2,4589.61716937355,89.90719257540604,0.05414461932861506,1.3544671066961842,0.0878325043920308,0.5114337629098717
steady,4500.0,90.0,5,3,4679.524361948956,179.8143851508121,0.023103439215340953,0.9430086333022561,0.03747801631103195,0.3560709975177332
steady,4500.0,90.0,5,4,4769.431554524362,269.72157772621813,0.018530422190464278,0.7189466448929701,0.030059743860272693,0.27146734395486144
steady,4500.0,90.0,5,5,4859.338747099768,359.6287703016242,0.010428956987546504,0.5517629134563246,0.01691768123538876,0.20834037361852234
steady,4500.0,90.0,6,1,4499.7099767981435,0.0,0.6171720693302306,2.6485394909484627,1.0,1.0
steady,4500.0,90.0,6,2,4589.61716937355,89.90719257540604,0.05504365198869464,1.359099189445816,0.0891868811374262,0.5131504340753145
steady,4500.0,90.0,6,3,4679.524361948956,179.8143851508121,0.022163564131841552,0.9476711924900673,0.03591148276670064,0.3578089719744744
steady,4500.0,90.0,6,4,4769.431554524362,269.72157772621813,0.018670127441161127,0.7230073077639247,0.030251089394603324,0.27298339716468045
steady,4500.0,90.0,6,5,4859.338747099768,359.6287703016242,0.010140044080792733,0.5548378864835629,0.016429849283032108,0.20948824375840103
steady,4500.0,90.0,6,6,4950.696055684454,450.9860788863107,0.008799719215492777,0.42246023996559456,0.014258129382041601,0.15950686837382524
steady,4500.0,90.0,7,1,4499.7099767981435,0.0,0.6172032481132387,2.648165883349051,1.0,1.0
steady,4500.0,90.0,7,2,4589.61716937355,89.90719257540604,0.05508525913356185,1.3586805378502314,0.08924978814021944,0.5130647390306046
steady,4500.0,90.0,7,3,4679.524361948956,179.8143851508121,0.022146898999727188,0.9470731508933644,0.0358826676097853,0.357633619875667
steady,4500.0,90.0,7,4,4769.431554524362,269.72157772621813,0.018682741584744277,0.7223751358591869,0.030269998808101772,0.2727831894524757
steady,4500.0,90.0,7,5,4859.338747099768,359.6287703016242,0.010148590786291567,0.5543022519675311,0.016442866782239614,0.20931553247960538
steady,4500.0,90.0,7,6,4950.696055684454,450.9860788863107,0.008794997247338756,0.42206143255586304,0.014249758526424884,0.15937877427153294
steady,4500.0,90.0,7,7,4998.549883990719,498.8399071925751,0.0002711393865466496,0.009791394164055412,0.00043930323985738893,0.003697424782042939
steady,4500.0,90.0,8,1,4500.520216327582,0.0,0.6180145893525302,4.112152470101173,1.0,1.0
steady,4500.0,90.0,8,2,4590.414627865053,89.89441153747157,0.10097896858476224,1.9664451507404228,0.16339253202833606,0.47820336552161974
steady,4500.0,90.0,8,3,4680.309039402524,179.78882307494223,0.024041263901130868,1.233612977385686,0.03890080317734564,0.29999203248301126
steady,4500.0,90.0,8,4,4770.2034509399955,269.6832346124138,0.009375612395690463,0.863718561744008,0.015170535707762056,0.21004050020615056
steady,4500.0,90.0,8,5,4860.097862477466,359.57764614988446,0.009496741859269192,0.6513533963877676,0.015366533449021905,0.15839719006618985
steady,4500.0,90.0,8,6,4949.992274014937,449.4720576873551,0.010380075231161424,0.48175782577589565,0.016795841732532926,0.11715466030957815
steady,4500.0,90.0,8,7,5039.886685552408,539.3664692248267,0.008642827633585742,0.3472971407109047,0.013984827838191483,0.08445628979860272
steady,4500.0,90.0,8,8,5129.781097089879,629.2608807622973,0.005767332576153061,0.2550828842292091,0.009332033054745958,0.062031475263594295
steady,4500.0,100.0,2,1,4499.658800113733,0.0,0.5604786963587266,3.0007537713757237,1.0,1.0
steady,4500.0,100.0,2,2,4599.7156667614445,100.0568666477111,0.13754195210132947,1.3176391394629257,0.2454008564373652,0.43910271880083035
steady,4500.0,100.0,3,1,4499.609592861127,0.0,0.4997834697339982,3.500720093149759,1.0,1.0
steady,4500.0,100.0,3,2,4599.665365309537,100.05577244841061,0.1275647393936225,1.8072158829164735,0.25524001316313405,0.5162411831933807
steady,4500.0,100.0,3,3,4699.721137757948,200.11154489682121,0.06215825236916364,1.0678828569815848,0.12437036463460142,0.3050466271414352
steady,4500.0,100.0,4,1,4499.562243502051,0.0,0.4866459513155734,3.5453017370400866,1.0,1.0
steady,4500.0,100.0,4,2,4599.616963064295,100.05471956224392,0.12486662683194871,1.8654816294203753,0.2565861824071293,0.5261841636581925
steady,4500.0,100.0,4,3,4699.671682626538,200.10943912448693,0.061306838209621406,1.188312483222641,0.12597831759185024,0.3351795055432273
steady,4500.0,100.0,4,4,4799.726402188782,300.16415868673084,0.03791966635265997,0.7996277229310831,0.07792043938750524,0.22554574539505318
steady,4500.0,100.0,5,1,4499.516648764768,0.0,0.544312185213009,3.6389433477933286,1.0,1.0
steady,4500.0,100.0,5,2,4599.570354457573,100.05370569280421,0.13177275255595802,1.9098939037475513,0.2420903961655582,0.5248484851806554
steady,4500.0,100.0,5,3,4699.624060150376,200.10741138560752,0.05942451556395407,1.2552062447348216,0.10917359041061908,0.34493701186526693
steady,4500.0,100.0,5,4,4799.677765843179,300.1611170784108,0.03305925079039193,0.8679626764526217,0.06073582713834462,0.23852052464047238
steady,4500.0,100.0,5,5,4899.731471535983,400.21482277121413,0.020222953912365945,0.6170469381184145,0.03715322651550043,0.16956761321733532
steady,4500.0,100.0,6,1,4499.4727128921695,0.0,0.5982377101496927,3.992289459174103,1.0,1.0
steady,4500.0,100.0,6,2,4599.525441602953,100.05272871078341,0.11810894589999868,1.9171849258079634,0.19742811911747443,0.4802219241398837
steady,4500.0,100.0,6,3,4699.578170313736,200.10545742156683,0.03746409066004017,1.2449969382565584,0.06262408742281692,0.3118503683132522
steady,4500.0,100.0,6,4,4799.630899024519,300.15818613234933,0.013264572827368431,0.8298316020731388,0.022172746054489496,0.2078585760274027
steady,4500.0,100.0,6,5,4899.683627735302,400.21091484313274,0.006086615949575178,0.5754318646136266,0.010174243191811108,0.1441358074102843
steady,4500.0,100.0,6,6,4999.736356446085,500.26364355391524,0.005163998824703682,0.41631991014177133,0.008632018238053785,0.10428099324939646
steady,4500.0,100.0,7,1,4499.430346970482,0.0,0.6179252161318356,4.2445321197672214,1.0,1.0
steady,4500.0,100.0,7,2,4599.482133609529,100.05178663904735,0.09818173435658221,1.845529437966824,0.15888934743785393,0.4348016190929511
steady,4500.0,100.0,7,3,4699.533920248576,200.1035732780938,0.021808481744317865,1.1399550774233018,0.03529307620886114,0.2685702558626931
steady,4500.0,100.0,7,4,4799.585706887623,300.15535991714114,0.009305064659394076,0.8103304536565215,0.015058561159945966,0.19091160834494086
steady,4500.0,100.0,7,5,4899.63749352667,400.2071465561885,0.010270464511431033,0.6095748858190599,0.016620885898982002,0.14361415313132092
steady,4500.0,100.0,7,6,4999.689280165718,500.25893319523584,0.010552258115911907,0.46023516411822696,0.017076917789450693,0.10843012872369716
steady,4500.0,100.0,7,7,5099.741066804764,600.3107198342823,0.008106438075699015,0.34077480588113573,0.013118801214238666,0.08028559951145439
steady,4500.0,100.0,8,1,4499.38946832867,0.0,0.6193696734104679,3.9332123161631345,1.0,1.0
steady,4500.0,100.0,8,2,4599.440345967947,100.05087763927713,0.09833553484959859,2.0131408141906113,0.15876711287481746,0.5118312087851995
steady,4500.0,100.0,8,3,4699.491223607224,200.10175527855426,0.02202214511491196,1.2989615205172484,0.03555573684073077,0.3302546153380276
steady,4500.0,100.0,8,4,4799.542101246502,300.1526329178323,0.009687646735395981,0.8522608257999332,0.015641138323825868,0.21668314784270717
steady,4500.0,100.0,8,5,4899.592978885779,400.20351055710944,0.010643786367765013,0.5873986687856282,0.01718486846337918,0.14934323946148886
steady,4500.0,100.0,8,6,4999.643856525057,500.2543881963875,0.010758756355552098,0.42227200368580287,0.01737049264344925,0.10736059224428826
steady,4500.0,100.0,8,7,5099.6947341643345,600.3052658356646,0.008132703825286915,0.317529762633554,0.013130613548618516,0.08073038959241988
steady,4500.0,100.0,8,8,5199.7456118036125,700.3561434749427,0.0051218511009382545,0.245464492050538,0.008269457354499674,0.06240814690878159
brunone,2000.0,10.0,2,1,1999.7099767981438,0.0,0.06127174255616581,0.10106477201595598,1.0,1.0
brunone,2000.0,10.0,2,2,2009.8607888631088,10.150812064965066,0.12258104293450688,0.19313161169440532,2.000612971340595,1.9109686574458797
brunone,2000.0,10.0,3,1,1999.7099767981438,0.0,0.06612228955289831,0.08819835088089284,1.0,1.0
brunone,2000.0,10.0,3,2,2009.8607888631088,10.150812064965066,0.12560654263690516,0.17888120822688341,1.8996097002421402,2.0281695342405315
brunone,2000.0,10.0,3,3,2020.0116009280741,20.30162412993036,0.014605505632020168,0.0939658725101872,0.22088626589881855,1.0653926243709828
brunone,2000.0,10.0,4,1,1999.7099767981438,0.0,0.07092078315515653,0.0882713120776835,1.0,1.0
brunone,2000.0,10.0,4,2,2009.8607888631088,10.150812064965066,0.1242008983571766,0.18457983216639934,1.751262363889254,2.0910511900396265
brunone,2000.0,10.0,4,3,2020.0116009280741,20.30162412993036,0.013967780071942045,0.0993641852743824,0.19694903878012904,1.1256679314672084
brunone,2000.0,10.0,4,4,2030.1624129930392,30.452436194895427,0.004418366560592414,0.06130758967461225,0.062300024957792105,0.6945358376531016
brunone,2000.0,10.0,5,1,1999.7099767981438,0.0,0.07713090995818477,0.10356103545570865,1.0,1.0
brunone,2000.0,10.0,5,2,2009.8607888631088,10.150812064965066,0.1204202008918528,0.17392353588963172,1.5612443954976885,1.6794302521628992
brunone,2000.0,10.0,5,3,2020.0116009280741,20.30162412993036,0.014235122239187012,0.09902967921977826,0.18455794501717074,0.9562445835348143
brunone,2000.0,10.0,5,4,2030.1624129930392,30.452436194895427,0.003996420745775771,0.05989535476205209,0.05181347851260103,0.578358013692016
brunone,2000.0,10.0,5,5,2040.3132250580045,40.60324825986072,0.00225303424820965,0.04617723276452374,0.029210523374236023,0.44589388819188647
brunone,2000.0,10.0,6,1,1999.7099767981438,0.0,0.08738844096755334,0.12288001093512924,1.0,1.0
brunone,2000.0,10.0,6,2,2009.8607888631088,10.150812064965066,0.11533540248454673,0.16543790068248945,1.3198015802498397,1.346336962566087
brunone,2000.0,10.0,6,3,2020.0116009280741,20.30162412993036,0.014673306103900594,0.09838759575951252,0.16790900422801547,0.8006802327797095
brunone,2000.0,10.0,6,4,2030.1624129930392,30.452436194895427,0.003657328431072477,0.05930451956091122,0.04185139808628025,0.48262137274889433
brunone,2000.0,10.0,6,5,2040.3132250580045,40.60324825986072,0.0022619330387377893,0.04561530169600191,0.02588366394564274,0.3712182424860226
brunone,2000.0,10.0,6,6,2050.46403712297,50.754060324826014,0.0009985666722805771,0.03760472780454936,0.01142675920550336,0.3060280310717228
brunone,2000.0,10.0,7,1,1999.7099767981438,0.0,0.09947690696715006,0.13689242490728423,1.0,1.0
brunone,2000.0,10.0,7,2,2009.8607888631088,10.150812064965066,0.1094022832317994,0.14566689302698285,1.099775682289026,1.0640975432032962
brunone,2000.0,10.0,7,3,2020.0116009280741,20.30162412993036,0.015132606391886511,0.09103648168198462,0.15212180246902635,0.6650220546801086
brunone,2000.0,10.0,7,4,2030.1624129930392,30.452436194895427,0.003738462813047581,0.05738076434243094,0.03758121283648397,0.4191668339668489
brunone,2000.0,10.0,7,5,2040.3132250580045,40.60324825986072,0.0018562316418118583,0.04538980415158627,0.01865992518670525,0.3315727965395331
brunone,2000.0,10.0,7,6,2050.46403712297,50.754060324826014,0.0007667528093163353,0.03857412845534447,0.007707847305400616,0.28178424395265345
brunone,2000.0,10.0,7,7,2060.614849187935,60.90487238979108,0.0004068316410903383,0.03461121826999761,0.00408970939581671,0.2528351608457474
brunone,2000.0,10.0,8,1,1999.7099767981438,0.0,0.06872095326823478,0.08836313752935158,1.0,1.0
brunone,2000.0,10.0,8,2,2009.8607888631088,10.150812064965066,0.0699674654507457,0.08286215555914743,1.0181387498750996,0.9377457373740617
brunone,2000.0,10.0,8,3,2020.0116009280741,20.30162412993036,0.010726483605954476,0.08758214815487912,0.15608752637767367,0.9911615929865206
brunone,2000.0,10.0,8,4,2030.1624129930392,30.452436194895427,0.002765761031208387,0.05428664757675994,0.040246255322054995,0.6143585333728959
brunone,2000.0,10.0,8,5,2040.3132250580045,40.60324825986072,0.001428355967888636,0.04502756924750167,0.020784868369235383,0.5095741335864727
brunone,2000.0,10.0,8,6,2050.46403712297,50.754060324826014,0.0011689065091592486,0.03912056022531101,0.017009462959524425,0.442724888671097
brunone,2000.0,10.0,8,7,2060.614849187935,60.90487238979108,0.0009089306024215911,0.03515502763005688,0.013226396887624817,0.39784720883614433
brunone,2000.0,10.0,8,8,2069.3155452436195,69.60556844547568,0.0005672558242688437,0.03383397678419928,0.008254481308702235,0.38289696054489514
brunone,2000.0,20.0,2,1,1999.7099767981438,0.0,0.11388030436657566,0.17720211386277052,1.0,1.0
brunone,2000.0,20.0,2,2,2020.0116009280741,20.30162412993036,0.011660316755790056,0.1489989991397615,0.10239098692831038,0.8408421090007415
brunone,2000.0,20.0,3,1,1999.7099767981438,0.0,0.11515354280407161,0.16146163611726533,1.0,1.0
brunone,2000.0,20.0,3,2,2020.0116009280741,20.30162412993036,0.009014433469049952,0.10628970294127701,0.07828185958974437,0.6582969521260246
brunone,2000.0,20.0,3,3,2040.3132250580045,40.60324825986072,0.00547079745107561,0.05995486094919459,0.04750872025174178,0.3713257365090179
brunone,2000.0,20.0,4,1,1999.7099767981438,0.0,0.11374625230187538,0.16907505824947155,1.0,1.0
brunone,2000.0,20.0,4,2,2020.0116009280741,20.30162412993036,0.009995815454601467,0.09370273698581508,0.08787819600485125,0.5542079237231784
brunone,2000.0,20.0,4,3,2040.3132250580045,40.60324825986072,0.005656984861503299,0.057855391054771436,0.0497333736015321,0.3421876156884439
brunone,2000.0,20.0,4,4,2060.614849187935,60.90487238979108,0.002237751132387922,0.03767232655074083,0.0196731855960324,0.22281421601023504
brunone,2000.0,20.0,5,1,1999.7099767981438,0.0,0.10958389045204386,0.17026706947514714,1.0,1.0
brunone,2000.0,20.0,5,2,2020.0116009280741,20.30162412993036,0.011375127967271286,0.08355371598142339,0.10380292139974054,0.49072152494889343
brunone,2000.0,20.0,5,3,2040.3132250580045,40.60324825986072,0.0045441829761989705,0.042236528350458956,0.041467618620344544,0.24806046454346223
brunone,2000.0,20.0,5,4,2060.614849187935,60.90487238979108,0.0027138816016593357,0.034976889728414805,0.024765333576535004,0.2054236901840856
brunone,2000.0,20.0,5,5,2079.4663573085845,79.75638051044075,0.0012464093822073185,0.03257161165034023,0.011374020187326462,0.19129718829802564
brunone,2000.0,20.0,6,1,1999.7099767981438,0.0,0.11071439068474329,0.16438351420561081,1.0,1.0
brunone,2000.0,20.0,6,2,2020.0116009280741,20.30162412993036,0.011470125969521206,0.06621358797983917,0.10360103956297903,0.40279944311823906
brunone,2000.0,20.0,6,3,2040.3132250580045,40.60324825986072,0.004548541685410731,0.044338869098355056,0.04108356336768,0.2697281981871736
brunone,2000.0,20.0,6,4,2060.614849187935,60.90487238979108,0.002841563846744631,0.03610402307112574,0.025665713636413533,0.21963287039822527
brunone,2000.0,20.0,6,5,2079.4663573085845,79.75638051044075,0.001154798839153162,0.033938250466552036,0.010430431238531813,0.20645774991829224
brunone,2000.0,20.0,6,6,2099.767981438515,100.05800464037134,0.000995226989191105,0.02973037132381141,0.008989138476361137,0.18085981107950203
brunone,2000.0,20.0,7,1,1999.7099767981438,0.0,0.11409293033107717,0.1688962194790724,1.0,1.0
brunone,2000.0,20.0,7,2,2020.0116009280741,20.30162412993036,0.01097433862859858,0.05819699214172585,0.09618771817634118,0.34457249736686335
brunone,2000.0,20.0,7,3,2040.3132250580045,40.60324825986072,0.005089828927133696,0.04033708221956018,0.04461125603807289,0.2388276205587791
brunone,2000.0,20.0,7,4,2060.614849187935,60.90487238979108,0.002868264493200635,0.03485238124477311,0.025139721496129926,0.20635382693744428
brunone,2000.0,20.0,7,5,2079.4663573085845,79.75638051044075,0.001106584442948757,0.031780860951457456,0.009698974684387962,0.18816798297486675
brunone,2000.0,20.0,7,6,2099.767981438515,100.05800464037134,0.0009148032894207346,0.02859036162954975,0.008018054114011621,0.1692776884984825
brunone,2000.0,20.0,7,7,2120.0696055684452,120.35962877030147,0.0007894833209590731,0.025007442846029092,0.006919651539040451,0.14806395858450647
brunone,2000.0,20.0,8,1,1999.7099767981438,0.0,0.11705321396776572,0.16321028313358008,1.0,1.0
brunone,2000.0,20.0,8,2,2020.0116009280741,20.30162412993036,0.009575219154788669,0.05175063503864613,0.08180227462550073,0.31707950041536676
brunone,2000.0,20.0,8,3,2040.3132250580045,40.60324825986072,0.005916634707732417,0.03793901831316531,0.05054653782818598,0.23245482811958593
brunone,2000.0,20.0,8,4,2060.614849187935,60.90487238979108,0.0026450913568355737,0.03383335737877675,0.02259734070662923,0.20729917704441275
brunone,2000.0,20.0,8,5,2079.4663573085845,79.75638051044075,0.0009684015449825327,0.031098533308131594,0.008273173475178669,0.1905427324250083
brunone,2000.0,20.0,8,6,2099.767981438515,100.05800464037134,0.0010187679812647802,0.02858739926884234,0.008703460133485356,0.1751568511491698
brunone,2000.0,20.0,8,7,2120.0696055684452,120.35962877030147,0.0007290686931641093,0.02572297674199022,0.0062285234932966576,0.1576063483753481
brunone,2000.0,20.0,8,8,2140.371229698376,140.66125290023206,0.000593361487221598,0.022942811532246213,0.005069160146128056,0.1405720956532413
brunone,2000.0,30.0,2,1,1999.7099767981438,0.0,0.11222508384657329,0.16442600251555142,1.0,1.0
brunone,2000.0,30.0,2,2,2030.1624129930392,30.452436194895427,0.007263171519634614,0.0613117374675276,0.06471968004554438,0.3728834644735022
brunone,2000.0,30.0,3,1,1999.7099767981438,0.0,0.11394965011524928,0.15256129241844213,1.0,1.0
brunone,2000.0,30.0,3,2,2030.1624129930392,30.452436194895427,0.007630496692530833,0.049811887630605664,0.06696375710511887,0.3265041010139229
brunone,2000.0,30.0,3,3,2060.614849187935,60.90487238979108,0.0028579419284291306,0.03901751188673124,0.025080743341805725,0.2557497466638836
brunone,2000.0,30.0,4,1,1999.7099767981438,0.0,0.11220099722774439,0.16312844022873804,1.0,1.0
brunone,2000.0,30.0,4,2,2030.1624129930392,30.452436194895427,0.008532773787157033,0.04990244231952143,0.076049001327834,0.30590890374203555
brunone,2000.0,30.0,4,3,2060.614849187935,60.90487238979108,0.0036327807720965403,0.038269426212421895,0.03237743747252763,0.23459689897580496
brunone,2000.0,30.0,4,4,2089.6171693735496,89.90719257540582,0.0013580485406555977,0.031220376448873547,0.01210371185827382,0.19138524468876464
brunone,2000.0,30.0,5,1,1999.7099767981438,0.0,0.10813973423193066,0.15989355369718436,1.0,1.0
brunone,2000.0,30.0,5,2,2030.1624129930392,30.452436194895427,0.009488224538402385,0.053136654523718026,0.08774040925653372,0.33232518319250876
brunone,2000.0,30.0,5,3,2060.614849187935,60.90487238979108,0.003913883740176526,0.045178250676606274,0.03619283668463895,0.28255204560758873
brunone,2000.0,30.0,5,4,2089.6171693735496,89.90719257540582,0.0016567903878250757,0.03728312492456896,0.015320829106826781,0.23317465940608145
brunone,2000.0,30.0,5,5,2120.0696055684452,120.35962877030147,0.0010537789480803668,0.03190760328104152,0.009744604567089967,0.1995552825192064
brunone,2000.0,30.0,6,1,1999.7099767981438,0.0,0.10963479694626221,0.16251528568822307,1.0,1.0
brunone,2000.0,30.0,6,2,2030.1624129930392,30.452436194895427,0.009590831866700402,0.044694129600499954,0.08747981602411663,0.2750149280495575
brunone,2000.0,30.0,6,3,2060.614849187935,60.90487238979108,0.003590676893663783,0.039975083470480705,0.032751252281917054,0.24597737561235178
brunone,2000.0,30.0,6,4,2089.6171693735496,89.90719257540582,0.0017260578200849492,0.03492312606524303,0.01574370426326398,0.21489133109756328
brunone,2000.0,30.0,6,5,2120.0696055684452,120.35962877030147,0.0008918725942027925,0.029135699059412525,0.008134940904208963,0.1792797455084183
brunone,2000.0,30.0,6,6,2150.522041763341,150.81206496519712,0.0010089662309059797,0.024325137921469786,0.009202974411495715,0.1496790767616547
brunone,2000.0,30.0,7,1,1999.7099767981438,0.0,0.11259729804796997,0.16524240868275347,1.0,1.0
brunone,2000.0,30.0,7,2,2030.1624129930392,30.452436194895427,0.009568333384841582,0.041523877610944296,0.08497835694747465,0.25129068222834605
brunone,2000.0,30.0,7,3,2060.614849187935,60.90487238979108,0.0034659563551795755,0.037156083420639995,0.03078187856428819,0.2248580356388742
brunone,2000.0,30.0,7,4,2089.6171693735496,89.90719257540582,0.0015078256044721138,0.03348007908682614,0.013391312496945824,0.20261190425457948
brunone,2000.0,30.0,7,5,2120.0696055684452,120.35962877030147,0.0008123608108840335,0.029363881165231892,0.007214745157898392,0.17770184663434183
brunone,2000.0,30.0,7,6,2150.522041763341,150.81206496519712,0.0008783442566292136,0.024914864091159963,0.0078007578499353645,0.1507776622827718
brunone,2000.0,30.0,7,7,2179.5243619489556,179.81438515081186,0.0010015586552833222,0.021823478163672985,0.008895050526493335,0.13206947500730015
brunone,2000.0,30.0,8,1,1999.7099767981438,0.0,0.11516805583731096,0.16629577469712367,1.0,1.0
brunone,2000.0,30.0,8,2,2030.1624129930392,30.452436194895427,0.01003890757207139,0.03947082167189647,0.08716746583143316,0.23735312423773314
brunone,2000.0,30.0,8,3,2060.614849187935,60.90487238979108,0.0035109061082331224,0.03500816861766747,0.03048506882145088,0.21051748717866245
brunone,2000.0,30.0,8,4,2089.6171693735496,89.90719257540582,0.0014389602577040308,0.03241061645424539,0.012494439080718173,0.1948974140399851
brunone,2000.0,30.0,8,5,2120.0696055684452,120.35962877030147,0.000855594996047569,0.029439787057284943,0.007429099934240464,0.17703268234508032
brunone,2000.0,30.0,8,6,2150.522041763341,150.81206496519712,0.00103227917323094,0.0259969871451865,0.00896324215708878,0.15632981170168095
brunone,2000.0,30.0,8,7,2179.5243619489556,179.81438515081186,0.001006481832900095,0.02329990611308772,0.008739244798244006,0.14011123346653934
brunone,2000.0,30.0,8,8,2209.9767981438513,210.2668213457075,0.0008001223814416547,0.020555333225341144,0.006947433258506387,0.12360706856670771
brunone,2000.0,40.0,2,1,1999.7099767981438,0.0,0.1115710350767879,0.1605247208214177,1.0,1.0
brunone,2000.0,40.0,2,2,2040.3132250580045,40.60324825986072,0.008264939555066714,0.05660863500738942,0.07407782449430925,0.3526474596418456
brunone,2000.0,40.0,3,1,1999.7099767981438,0.0,0.11402397371879304,0.1513820415876869,1.0,1.0
brunone,2000.0,40.0,3,2,2040.3132250580045,40.60324825986072,0.007923156967410843,0.04649100295494876,0.06948676413392682,0.30711042384785914
brunone,2000.0,40.0,3,3,2079.4663573085845,79.75638051044075,0.0037633206034525073,0.03476057048898797,0.03300464350359901,0.2296214935696529
brunone,2000.0,40.0,4,1,1999.7099767981438,0.0,0.11197115615089762,0.16214204438419458,1.0,1.0
brunone,2000.0,40.0,4,2,2040.3132250580045,40.60324825986072,0.0084759966559687,0.04865624461640054,0.07569803641703983,0.30008407012008476
brunone,2000.0,40.0,4,3,2079.4663573085845,79.75638051044075,0.004044280590531044,0.033684319639823164,0.03611895000066607,0.20774574397254036
brunone,2000.0,40.0,4,4,2120.0696055684452,120.35962877030147,0.0019630801617211914,0.026778044114385047,0.017532016540721004,0.16515176070516685
brunone,2000.0,40.0,5,1,1999.7099767981438,0.0,0.10795650376799677,0.15530543394522828,1.0,1.0
brunone,2000.0,40.0,5,2,2040.3132250580045,40.60324825986072,0.009551173108904009,0.044515873063926154,0.08847241968330037,0.2866343561399507
brunone,2000.0,40.0,5,3,2079.4663573085845,79.75638051044075,0.003780882276080749,0.03721108486249285,0.03502227419485564,0.23959937471097195
brunone,2000.0,40.0,5,4,2120.0696055684452,120.35962877030147,0.0020981558050765852,0.03139687472627711,0.019435195952488545,0.20216211325451677
brunone,2000.0,40.0,5,5,2160.672853828306,160.9628770301622,0.0012940326412184645,0.02422648392013543,0.011986611237423889,0.15599250653830574
brunone,2000.0,40.0,6,1,1999.7099767981438,0.0,0.10923470673655943,0.17469340067104697,1.0,1.0
brunone,2000.0,40.0,6,2,2040.3132250580045,40.60324825986072,0.009693581323911455,0.04923997993708623,0.08874085548002061,0.28186514057166145
brunone,2000.0,40.0,6,3,2079.4663573085845,79.75638051044075,0.003697742460126611,0.036096964213152526,0.03385135155847885,0.2066303825702278
brunone,2000.0,40.0,6,4,2120.0696055684452,120.35962877030147,0.0018072847380496432,0.03004199195532148,0.016544968097074304,0.17196981591703897
brunone,2000.0,40.0,6,5,2160.672853828306,160.9628770301622,0.0011330794674908218,0.02565184212615063,0.010372888812925196,0.1468392167512603
brunone,2000.0,40.0,6,6,2199.825986078886,200.11600928074245,0.0011326647148985952,0.02135823120987137,0.010369091919020159,0.12226123670286534
brunone,2000.0,40.0,7,1,1999.7099767981438,0.0,0.11217241403535623,0.1687320808530644,1.0,1.0
brunone,2000.0,40.0,7,2,2040.3132250580045,40.60324825986072,0.0115705591206897,0.04209895129996263,0.10314977367824779,0.24950176094031173
brunone,2000.0,40.0,7,3,2079.4663573085845,79.75638051044075,0.003663030746890728,0.03726293741259716,0.03265536164476372,0.22084085743627227
brunone,2000.0,40.0,7,4,2120.0696055684452,120.35962877030147,0.0018267160055322207,0.03295441634613956,0.016284895187835113,0.1953061692804997
brunone,2000.0,40.0,7,5,2160.672853828306,160.9628770301622,0.0010152304340944496,0.027774734124574128,0.009050624815602646,0.1646084964053811
brunone,2000.0,40.0,7,6,2199.825986078886,200.11600928074245,0.001043977485928901,0.023006740781966673,0.00930690040779406,0.136350720418137
brunone,2000.0,40.0,7,7,2240.429234338747,240.71925754060317,0.0011850587593969218,0.0187839552435552,0.010564618490098614,0.11132414860640923
brunone,2000.0,40.0,8,1,1999.7099767981438,0.0,0.1146041586266797,0.1759172150554975,1.0,1.0
brunone,2000.0,40.0,8,2,2040.3132250580045,40.60324825986072,0.012242332336750846,0.04639357002892962,0.10682275829649385,0.2637238772469971
brunone,2000.0,40.0,8,3,2079.4663573085845,79.75638051044075,0.003509819674090317,0.04187280356431497,0.030625587379629653,0.23802561648730705
brunone,2000.0,40.0,8,4,2120.0696055684452,120.35962877030147,0.0016987599304893685,0.034653464862744544,0.014822847188495473,0.19698734346045801
brunone,2000.0,40.0,8,5,2160.672853828306,160.9628770301622,0.0009384876695914142,0.02857812386757928,0.008188949518389775,0.1624521162329883
brunone,2000.0,40.0,8,6,2199.825986078886,200.11600928074245,0.0009483798647442386,0.023687967495128918,0.00827526571556241,0.13465406150078008
brunone,2000.0,40.0,8,7,2240.429234338747,240.71925754060317,0.0010868513195383851,0.02072602229546839,0.009483524267900062,0.11781690773657282
brunone,2000.0,40.0,8,8,2279.582366589327,279.8723897911834,0.0005324684146959628,0.017704604932531776,0.004646152644691245,0.10064168493655617
brunone,2000.0,50.0,2,1,1999.7099767981438,0.0,0.11141683989246193,0.1605006495066566,1.0,1.0
brunone,2000.0,50.0,2,2,2050.46403712297,50.754060324826014,0.008205337160289235,0.05766394298805847,0.07364539479138808,0.35927544944711837
brunone,2000.0,50.0,3,1,1999.7099767981438,0.0,0.11367147683735021,0.15258034566425702,1.0,1.0
brunone,2000.0,50.0,3,2,2050.46403712297,50.754060324826014,0.00794387701293863,0.046747787196912576,0.06988452366379767,0.30638144771134546
brunone,2000.0,50.0,3,3,2099.767981438515,100.05800464037134,0.00391592118331172,0.03375051366506044,0.03444946166147659,0.22119830387149744
brunone,2000.0,50.0,4,1,1999.7099767981438,0.0,0.1121207512556289,0.15436912629727648,1.0,1.0
brunone,2000.0,50.0,4,2,2050.46403712297,50.754060324826014,0.008282617823367165,0.04675497352891035,0.07387230044939024,0.302877749264914
brunone,2000.0,50.0,4,3,2099.767981438515,100.05800464037134,0.004034738491313699,0.03537560607137524,0.035985653379317147,0.2291624427753166
brunone,2000.0,50.0,4,4,2150.522041763341,150.81206496519712,0.00206093964569809,0.025233657718126936,0.018381429152211668,0.1634631115909356
brunone,2000.0,50.0,5,1,1999.7099767981438,0.0,0.1074909286999268,0.1584227526455831,1.0,1.0
brunone,2000.0,50.0,5,2,2050.46403712297,50.754060324826014,0.009835646300285111,0.045190106800401086,0.09150210551945681,0.2852501048349952
brunone,2000.0,50.0,5,3,2099.767981438515,100.05800464037134,0.003570867627785241,0.03589032277529998,0.033220176539303384,0.22654777912862267
brunone,2000.0,50.0,5,4,2150.522041763341,150.81206496519712,0.0019623535448490626,0.028091651907782213,0.01825599209703729,0.17732081685657683
brunone,2000.0,50.0,5,5,2199.825986078886,200.11600928074245,0.001469122159403538,0.021200490527055086,0.013667405958550793,0.13382225831212488
brunone,2000.0,50.0,6,1,1999.7099767981438,0.0,0.10873396386294548,0.1732039717543969,1.0,1.0
brunone,2000.0,50.0,6,2,2050.46403712297,50.754060324826014,0.010634874280749688,0.053078947365575224,0.09780636981242119,0.30645340766689305
brunone,2000.0,50.0,6,3,2099.767981438515,100.05800464037134,0.0034281980913591853,0.03854612121341549,0.03152830973476036,0.22254755952175198
brunone,2000.0,50.0,6,4,2150.522041763341,150.81206496519712,0.0019297927159237281,0.02975719098464333,0.01774783744990801,0.17180432228678338
brunone,2000.0,50.0,6,5,2199.825986078886,200.11600928074245,0.0012594495658566423,0.02439215711098632,0.011582853426038296,0.14082908644597586
brunone,2000.0,50.0,6,6,2250.580046403712,250.87006960556823,0.0011830948205219251,0.01949486106008226,0.010880637277356739,0.11255435347479191
brunone,2000.0,50.0,7,1,1999.7099767981438,0.0,0.11194198608736401,0.18463073625764823,1.0,1.0
brunone,2000.0,50.0,7,2,2050.46403712297,50.754060324826014,0.01316417995138155,0.05321075887518363,0.11759823468834738,0.2882009786329897
brunone,2000.0,50.0,7,3,2099.767981438515,100.05800464037134,0.0034503284075141057,0.04147941807516272,0.030822469103070328,0.2246614995743671
brunone,2000.0,50.0,7,4,2150.522041763341,150.81206496519712,0.0019348044959081028,0.03139967358885504,0.0172839929282486,0.1700674233624756
brunone,2000.0,50.0,7,5,2199.825986078886,200.11600928074245,0.0010758524561357507,0.02482958493944329,0.009610803718419936,0.13448240224094724
brunone,2000.0,50.0,7,6,2250.580046403712,250.87006960556823,0.0011019680768968876,0.019532356381582842,0.00984409974678194,0.10579146667283966
brunone,2000.0,50.0,7,7,2299.8839907192573,300.17401392111356,0.0004486178817200474,0.01843952478135883,0.00400759265937919,0.09987245436549021
brunone,2000.0,50.0,8,1,1999.7099767981438,0.0,0.1130716755253915,0.17123580286520124,1.0,1.0
brunone,2000.0,50.0,8,2,2050.46403712297,50.754060324826014,0.012277435365524442,0.04767963803088194,0.10858099792434231,0.2784443278396393
brunone,2000.0,50.0,8,3,2099.767981438515,100.05800464037134,0.003395401643064788,0.04211128663644439,0.03002875501126109,0.2459257113980706
brunone,2000.0,50.0,8,4,2150.522041763341,150.81206496519712,0.0018551007712089005,0.037122086663199244,0.016406414449853243,0.2167892814589842
brunone,2000.0,50.0,8,5,2199.825986078886,200.11600928074245,0.0014575591104939059,0.03178097781042526,0.0128905767401191,0.18559773878272176
brunone,2000.0,50.0,8,6,2250.580046403712,250.87006960556823,0.0013390057779172565,0.02621132856452814,0.011842097251106604,0.1530715430181502
brunone,2000.0,50.0,8,7,2299.8839907192573,300.17401392111356,0.0005876997182394797,0.02221174181540586,0.005197585650948501,0.12971435554801117
brunone,2000.0,50.0,8,8,2350.6380510440836,350.9280742459398,0.0008029630761478892,0.01903568214361568,0.007101363559148594,0.11116648402437652
brunone,2000.0,60.0,2,1,1999.7099767981438,0.0,0.11138929533012462,0.15896330816230198,1.0,1.0
brunone,2000.0,60.0,2,2,2060.614849187935,60.90487238979108,0.008656295097434381,0.057737555913661996,0.07771209137987369,0.3632130998098743
brunone,2000.0,60.0,3,1,1999.7099767981438,0.0,0.11351482325957458,0.15257259453107913,1.0,1.0
brunone,2000.0,60.0,3,2,2060.614849187935,60.90487238979108,0.007608261545992046,0.04782774768398513,0.06702438789508766,0.3134753513957095
brunone,2000.0,60.0,3,3,2120.0696055684452,120.35962877030147,0.0038640378330452876,0.03209198639082396,0.03403994053014014,0.21033912734758406
brunone,2000.0,60.0,4,1,1999.7099767981438,0.0,0.1115878904657401,0.15124974631062058,1.0,1.0
brunone,2000.0,60.0,4,2,2060.614849187935,60.90487238979108,0.008995027995924458,0.04316109545370998,0.08060935607243268,0.2853630932052629
brunone,2000.0,60.0,4,3,2120.0696055684452,120.35962877030147,0.003402173763238128,0.030886647138867296,0.030488736269126526,0.20420957979946358
brunone,2000.0,60.0,4,4,2179.5243619489556,179.81438515081186,0.001786301408929539,0.02182139387821325,0.016008022030651905,0.14427392052214622
brunone,2000.0,60.0,5,1,1999.7099767981438,0.0,0.10690623567501274,0.15787271704044756,1.0,1.0
brunone,2000.0,60.0,5,2,2060.614849187935,60.90487238979108,0.010504707628364168,0.045238578359592725,0.09826094392003215,0.286550958314111
brunone,2000.0,60.0,5,3,2120.0696055684452,120.35962877030147,0.0031968590345333066,0.03515787699054363,0.029903391643603727,0.22269761140258362
brunone,2000.0,60.0,5,4,2179.5243619489556,179.81438515081186,0.0014472401799876303,0.02711645776370183,0.013537472074006386,0.171761519482524
brunone,2000.0,60.0,5,5,2240.429234338747,240.71925754060317,0.0013779852714624736,0.020200812453673698,0.012889662261156117,0.12795632350140765
brunone,2000.0,60.0,6,1,1999.7099767981438,0.0,0.10836916739664842,0.17548515293455433,1.0,1.0
brunone,2000.0,60.0,6,2,2060.614849187935,60.90487238979108,0.012366691196059224,0.05493940001087368,0.11411632564080854,0.3130714997374328
brunone,2000.0,60.0,6,3,2120.0696055684452,120.35962877030147,0.0032561906821071012,0.040788654649990326,0.03004720586427433,0.2324336501857915
brunone,2000.0,60.0,6,4,2179.5243619489556,179.81438515081186,0.001658421826348514,0.030657795098263448,0.015303447153731704,0.1747030708044971
brunone,2000.0,60.0,6,5,2240.429234338747,240.71925754060317,0.0012852917103377054,0.022927150986943663,0.011860308067453659,0.13065008978562503
brunone,2000.0,60.0,6,6,2299.8839907192573,300.17401392111356,0.000702528757815744,0.017785345586667462,0.0064827365079255135,0.10134957453238425
brunone,2000.0,60.0,7,1,1999.7099767981438,0.0,0.11112744415810102,0.1731004645255199,1.0,1.0
brunone,2000.0,60.0,7,2,2060.614849187935,60.90487238979108,0.013469524934643581,0.04898968468288422,0.12120790716180323,0.2830130168464208
brunone,2000.0,60.0,7,3,2120.0696055684452,120.35962877030147,0.003318078628809981,0.04097076143261013,0.029858318563408606,0.23668776132353986
brunone,2000.0,60.0,7,4,2179.5243619489556,179.81438515081186,0.0017374825385951679,0.03435892901213258,0.015635044536102632,0.1984912582777449
brunone,2000.0,60.0,7,5,2240.429234338747,240.71925754060317,0.001425343337083576,0.026325423551190816,0.012826204614728113,0.15208176144039004
brunone,2000.0,60.0,7,6,2299.8839907192573,300.17401392111356,0.0008626976081342428,0.01913130533137712,0.007763137312029626,0.11052139798594607
brunone,2000.0,60.0,7,7,2359.3387470997677,359.62877030162394,0.0005081313587807202,0.014642193131331166,0.004572510081828227,0.08458783268702606
brunone,2000.0,60.0,8,1,1999.7099767981438,0.0,0.11159680034434113,0.1702179900869529,1.0,1.0
brunone,2000.0,60.0,8,2,2060.614849187935,60.90487238979108,0.013338143630225724,0.05094017188187299,0.11952084279360861,0.2992643248569149
brunone,2000.0,60.0,8,3,2120.0696055684452,120.35962877030147,0.0029403688141257838,0.0446321044764675,0.026348146228682482,0.26220556624871416
brunone,2000.0,60.0,8,4,2179.5243619489556,179.81438515081186,0.0018989833742859852,0.037933020456206876,0.017016467931217697,0.22284965553188268
brunone,2000.0,60.0,8,5,2240.429234338747,240.71925754060317,0.001625696876362053,0.0307580143793599,0.014567593975327529,0.18069778854542756
brunone,2000.0,60.0,8,6,2299.8839907192573,300.17401392111356,0.0010534896220682967,0.02357201534982174,0.009440141821429177,0.1384813399440352
brunone,2000.0,60.0,8,7,2359.3387470997677,359.62877030162394,0.0008080160531168754,0.01803816585011373,0.007240494804722673,0.10597097193369072
brunone,2000.0,60.0,8,8,2420.243619489559,420.53364269141525,0.0009080768229897804,0.011527110716743628,0.008137122392289335,0.06771969702412303
brunone,2000.0,70.0,2,1,1999.7099767981438,0.0,0.11145462805227835,0.15947258803449887,1.0,1.0
brunone,2000.0,70.0,2,2,2069.3155452436195,69.60556844547568,0.00891990934293909,0.05466253658327275,0.0800317537173527,0.3427707373222509
brunone,2000.0,70.0,3,1,1999.7099767981438,0.0,0.11353047030945178,0.1564511075357081,1.0,1.0
brunone,2000.0,70.0,3,2,2069.3155452436195,69.60556844547568,0.008158121546640407,0.048303368339287965,0.07185843170035047,0.30874417637640117
brunone,2000.0,70.0,3,3,2140.371229698376,140.66125290023206,0.003871915554905914,0.02941331905193309,0.03410463767438092,0.18800326514288082
brunone,2000.0,70.0,4,1,1999.7099767981438,0.0,0.11129334192261248,0.1533430851169582,1.0,1.0
brunone,2000.0,70.0,4,2,2069.3155452436195,69.60556844547568,0.009693734806962203,0.046013451324517014,0.08710076128096428,0.30006864208726153
brunone,2000.0,70.0,4,3,2140.371229698376,140.66125290023206,0.003737708725575711,0.03462604765318424,0.033584297685792526,0.22580768886170627
brunone,2000.0,70.0,4,4,2209.9767981438513,210.2668213457075,0.0018077521923599888,0.025071576102021487,0.01624312974281071,0.16349988056454476
brunone,2000.0,70.0,5,1,1999.7099767981438,0.0,0.1063607540825377,0.15753414299285998,1.0,1.0
brunone,2000.0,70.0,5,2,2069.3155452436195,69.60556844547568,0.011757906820509116,0.04592591981064928,0.11054741875358261,0.29152994352932626
brunone,2000.0,70.0,5,3,2140.371229698376,140.66125290023206,0.003647413220068931,0.036779014927873145,0.034292848443312825,0.2334669439217383
brunone,2000.0,70.0,5,4,2209.9767981438513,210.2668213457075,0.001734271672025349,0.02775799664049764,0.016305560138089332,0.17620305105386413
brunone,2000.0,70.0,5,5,2279.582366589327,279.8723897911834,0.0006052734760245192,0.02052810098213962,0.005690759540448698,0.1303089006112791
brunone,2000.0,70.0,6,1,1999.7099767981438,0.0,0.108253473954697,0.1799561885634705,1.0,1.0
brunone,2000.0,70.0,6,2,2069.3155452436195,69.60556844547568,0.013092324254015776,0.05834104083199197,0.12094137745172763,0.32419580175435364
brunone,2000.0,70.0,6,3,2140.371229698376,140.66125290023206,0.003258519126744005,0.04139673031375218,0.030100827324097357,0.2300378255630345
brunone,2000.0,70.0,6,4,2209.9767981438513,210.2668213457075,0.001642342355792727,0.027682527095514577,0.01517126698843892,0.1538292587573389
brunone,2000.0,70.0,6,5,2279.582366589327,279.8723897911834,0.0006624400058580448,0.018831133227732402,0.006119341778678338,0.10464287656931935
brunone,2000.0,70.0,6,6,2350.6380510440836,350.9280742459398,0.000957866457706298,0.016688307221832704,0.008848366918064501,0.09273538940255306
brunone,2000.0,70.0,7,1,1999.7099767981438,0.0,0.10995849130596676,0.1741006680605778,1.0,1.0
brunone,2000.0,70.0,7,2,2069.3155452436195,69.60556844547568,0.014031656077301223,0.054204532906448874,0.12760866314778013,0.3113401775551405
brunone,2000.0,70.0,7,3,2140.371229698376,140.66125290023206,0.003110333341559744,0.04505771824680895,0.028286431585397405,0.2588026728945764
brunone,2000.0,70.0,7,4,2209.9767981438513,210.2668213457075,0.0019196859866733094,0.035744974857960125,0.01745827870020203,0.2053121062437438
brunone,2000.0,70.0,7,5,2279.582366589327,279.8723897911834,0.0009653084854160252,0.02654289198132863,0.008778844398019164,0.15245715181341585
brunone,2000.0,70.0,7,6,2350.6380510440836,350.9280742459398,0.0010780217526745258,0.018401334308557914,0.009803897269514722,0.10569364559908079
brunone,2000.0,70.0,7,7,2420.243619489559,420.53364269141525,0.000693302039814482,0.009797805647470683,0.006305125066561011,0.05627666887562755
brunone,2000.0,70.0,8,1,1999.7099767981438,0.0,0.1098580471887593,0.16723894268991057,1.0,1.0
brunone,2000.0,70.0,8,2,2069.3155452436195,69.60556844547568,0.014517913738810716,0.05474539358631873,0.13215157296457197,0.32734835981249893
brunone,2000.0,70.0,8,3,2140.371229698376,140.66125290023206,0.0027749784972180705,0.04525202934950155,0.02525967435457934,0.2705830868197158
brunone,2000.0,70.0,8,4,2209.9767981438513,210.2668213457075,0.002105980515061471,0.038275857465950525,0.019170015933770896,0.22886928636543985
brunone,2000.0,70.0,8,5,2279.582366589327,279.8723897911834,0.0012065631699701466,0.029494222767118057,0.010982929342417826,0.17635977776901735
brunone,2000.0,70.0,8,6,2350.6380510440836,350.9280742459398,0.0012318089042166473,0.021910579703996375,0.01121273257388364,0.13101362249474582
brunone,2000.0,70.0,8,7,2420.243619489559,420.53364269141525,0.0008897663945275024,0.013726736521858754,0.008099237309386139,0.08207858947847127
brunone,2000.0,70.0,8,8,2489.8491879350345,490.1392111368907,0.0006935957486595005,0.009476086094655235,0.006313563424878258,0.05666195888493214
brunone,2000.0,80.0,2,1,1999.7099767981438,0.0,0.11151602059243033,0.1609070818699206,1.0,1.0
brunone,2000.0,80.0,2,2,2079.4663573085845,79.75638051044075,0.008848867340040456,0.04904435869903828,0.07935063763063577,0.30479925512965544
brunone,2000.0,80.0,3,1,1999.7099767981438,0.0,0.11357340508583558,0.16553222372102558,1.0,1.0
brunone,2000.0,80.0,3,2,2079.4663573085845,79.75638051044075,0.008340658107243435,0.044212496064162866,0.07343847884933802,0.26709298691398586
brunone,2000.0,80.0,3,3,2160.672853828306,160.9628770301622,0.0036791741332050467,0.028566944574329185,0.03239468016675586,0.1725763354842231
brunone,2000.0,80.0,4,1,1999.7099767981438,0.0,0.11065820896796817,0.15528092171388633,1.0,1.0
brunone,2000.0,80.0,4,2,2079.4663573085845,79.75638051044075,0.009993060189628337,0.04981221965560362,0.09030563826061012,0.3207877639172273
brunone,2000.0,80.0,4,3,2160.672853828306,160.9628770301622,0.0035559984419054162,0.03607463103470439,0.032134971956167824,0.2323185014394356
brunone,2000.0,80.0,4,4,2240.429234338747,240.71925754060317,0.0016364328344871083,0.025398251504154166,0.014788173871138656,0.16356324539953368
brunone,2000.0,80.0,5,1,1999.7099767981438,0.0,0.10592546397417538,0.15860807768881635,1.0,1.0
brunone,2000.0,80.0,5,2,2079.4663573085845,79.75638051044075,0.012845626640195909,0.04646464406797725,0.12127043071841226,0.29295257054397505
brunone,2000.0,80.0,5,3,2160.672853828306,160.9628770301622,0.00355663420470205,0.036367556670072104,0.03357676304886573,0.22929195788769355
brunone,2000.0,80.0,5,4,2240.429234338747,240.71925754060317,0.001653915369678436,0.029030338918424548,0.015613954450854806,0.1830319069586171
brunone,2000.0,80.0,5,5,2320.185614849188,320.47563805104414,0.0005478421809393057,0.02330671795633632,0.005171959228546496,0.1469453403379827
brunone,2000.0,80.0,6,1,1999.7099767981438,0.0,0.10788434184937096,0.1779392885387178,1.0,1.0
brunone,2000.0,80.0,6,2,2079.4663573085845,79.75638051044075,0.013756816416861705,0.05830615214619973,0.12751448617139538,0.3276744142624404
brunone,2000.0,80.0,6,3,2160.672853828306,160.9628770301622,0.003239837436269806,0.041012804700246,0.030030654872912836,0.23048762888203875
brunone,2000.0,80.0,6,4,2240.429234338747,240.71925754060317,0.0015642922825799383,0.02712963384872201,0.014499715674810499,0.1524656756330622
brunone,2000.0,80.0,6,5,2320.185614849188,320.47563805104414,0.0005532862309310219,0.020546780821918725,0.005128512826296191,0.11547073718600348
brunone,2000.0,80.0,6,6,2399.9419953596284,400.23201856148467,0.0006283473863959473,0.017050436166695743,0.005824268616044868,0.09582164965769063
brunone,2000.0,80.0,7,1,1999.7099767981438,0.0,0.1092697632240835,0.16936149740004638,1.0,1.0
brunone,2000.0,80.0,7,2,2079.4663573085845,79.75638051044075,0.015005891890466194,0.0530379650251777,0.1373288588508521,0.3131642424009601
brunone,2000.0,80.0,7,3,2160.672853828306,160.9628770301622,0.0029001093168575806,0.04455030127169395,0.02654082182744572,0.2630485792556635
brunone,2000.0,80.0,7,4,2240.429234338747,240.71925754060317,0.0017667267011065536,0.03567395098608894,0.016168486587487728,0.2106379049178103
brunone,2000.0,80.0,7,5,2320.185614849188,320.47563805104414,0.0010019988021352161,0.026960074618058126,0.009169954913148119,0.15918656265996584
brunone,2000.0,80.0,7,6,2399.9419953596284,400.23201856148467,0.0009226786056015461,0.015524298302118593,0.00844404324103252,0.09166368118161396
brunone,2000.0,80.0,7,7,2479.6983758700694,479.98839907192564,0.0006987120939245417,0.010499067501751662,0.006394377303551645,0.06199205641735656
brunone,2000.0,80.0,8,1,1999.7099767981438,0.0,0.10803960940583755,0.15867001604606293,1.0,1.0
brunone,2000.0,80.0,8,2,2079.4663573085845,79.75638051044075,0.015334855908071213,0.05165393005096422,0.14193735049955342,0.32554310724950547
brunone,2000.0,80.0,8,3,2160.672853828306,160.9628770301622,0.003009257780791838,0.041421546222398395,0.027853282674208214,0.2610546545251086
brunone,2000.0,80.0,8,4,2240.429234338747,240.71925754060317,0.0023556279657932807,0.03462414128972851,0.021803373584447654,0.21821477146430046
brunone,2000.0,80.0,8,5,2320.185614849188,320.47563805104414,0.0014185657549155707,0.028925184404622717,0.013130052604937716,0.1822977341618567
brunone,2000.0,80.0,8,6,2399.9419953596284,400.23201856148467,0.001132189323996516,0.018807485390768812,0.010479391125375007,0.11853206963380453
brunone,2000.0,80.0,8,7,2479.6983758700694,479.98839907192564,0.0009745198061539529,0.014488814132717062,0.009020023410981511,0.09131412785961317
brunone,2000.0,80.0,8,8,2559.4547563805104,559.7447795823666,0.0008557276846275165,0.010983186923243437,0.007920499614294979,0.06922030511457784
brunone,2000.0,90.0,2,1,1999.7099767981438,0.0,0.11151881116360286,0.1595574723212417,1.0,1.0
brunone,2000.0,90.0,2,2,2089.6171693735496,89.90719257540582,0.008940957660181676,0.045601206023809876,0.08017443484996364,0.28579799717558596
brunone,2000.0,90.0,3,1,1999.7099767981438,0.0,0.11317372719010169,0.15664913311747147,1.0,1.0
brunone,2000.0,90.0,3,2,2089.6171693735496,89.90719257540582,0.008251037462790487,0.04616137361907388,0.07290594440643405,0.29468004514558904
brunone,2000.0,90.0,3,3,2179.5243619489556,179.81438515081186,0.003308763228623617,0.02939526591164538,0.029236142616967782,0.18765035801124935
brunone,2000.0,90.0,4,1,1999.7099767981438,0.0,0.10998941656962824,0.15517756004613167,1.0,1.0
brunone,2000.0,90.0,4,2,2089.6171693735496,89.90719257540582,0.010692647807931867,0.04855687925796666,0.0972152425334754,0.3129117331367468
brunone,2000.0,90.0,4,3,2179.5243619489556,179.81438515081186,0.0034989734587959295,0.03561232889970473,0.03181191034485506,0.229494064020067
brunone,2000.0,90.0,4,4,2269.4315545243617,269.7215777262179,0.0015996625274830069,0.02488011136966653,0.014543785914805254,0.1603331780849634
brunone,2000.0,90.0,5,1,1999.7099767981438,0.0,0.10597495917738126,0.16011413735466665,1.0,1.0
brunone,2000.0,90.0,5,2,2089.6171693735496,89.90719257540582,0.013205674748526791,0.04642269721528309,0.12461127469200613,0.2899350299870948
brunone,2000.0,90.0,5,3,2179.5243619489556,179.81438515081186,0.0033923143724668785,0.037308649911746664,0.032010527758626554,0.2330128402659709
brunone,2000.0,90.0,5,4,2269.4315545243617,269.7215777262179,0.0015709955726391288,0.02723560406708601,0.014824214935620696,0.17010118230070337
brunone,2000.0,90.0,5,5,2359.3387470997677,359.62877030162394,0.0008781987455104114,0.019559433171001332,0.008286851463094025,0.12215931393787856
brunone,2000.0,90.0,6,1,1999.7099767981438,0.0,0.10714693413253246,0.18576503250892512,1.0,1.0
brunone,2000.0,90.0,6,2,2089.6171693735496,89.90719257540582,0.014009573391523457,0.06619936131723977,0.13075104299479723,0.3563607231304913
brunone,2000.0,90.0,6,3,2179.5243619489556,179.81438515081186,0.0034241976651417307,0.04713932244091686,0.03195796214669347,0.25375778102185104
brunone,2000.0,90.0,6,4,2269.4315545243617,269.7215777262179,0.00194161799049176,0.03031684436257262,0.018121078369728517,0.16319995185916403
brunone,2000.0,90.0,6,5,2359.3387470997677,359.62877030162394,0.001099717114019651,0.017819359643295174,0.010263635846634549,0.095924186606212
brunone,2000.0,90.0,6,6,2450.6960556844547,450.9860788863109,0.0011674625358382208,0.007988272442876056,0.010895902391328902,0.043002024304505525
brunone,2000.0,90.0,7,1,1999.7099767981438,0.0,0.10774737429771328,0.1680802863970579,1.0,1.0
brunone,2000.0,90.0,7,2,2089.6171693735496,89.90719257540582,0.015357813022924008,0.056954498387079694,0.1425353807740069,0.33885293515347453
brunone,2000.0,90.0,7,3,2179.5243619489556,179.81438515081186,0.0035492983347330097,0.04674313282186022,0.03294092647609267,0.2781000307878962
brunone,2000.0,90.0,7,4,2269.4315545243617,269.7215777262179,0.002055922385909913,0.03401040105958113,0.01908095115366116,0.202346163185598
brunone,2000.0,90.0,7,5,2359.3387470997677,359.62877030162394,0.001528173785671154,0.02327222432708414,0.01418293295434473,0.1384589759212327
brunone,2000.0,90.0,7,6,2450.6960556844547,450.9860788863109,0.001300907466409428,0.01461675279597157,0.012073681376354777,0.0869629217637234
brunone,2000.0,90.0,7,7,2540.6032482598607,540.893271461717,0.001171730136173486,0.010302216773128266,0.01087479062771327,0.06129342705182704
brunone,2000.0,90.0,8,1,1999.7099767981438,0.0,0.10583613659830816,0.1548108386775173,1.0,1.0
brunone,2000.0,90.0,8,2,2089.6171693735496,89.90719257540582,0.015591295352888548,0.05401770525654909,0.14731542414538384,0.3489271534086322
brunone,2000.0,90.0,8,3,2179.5243619489556,179.81438515081186,0.0046055854656475445,0.04392282335017111,0.043516190345530496,0.28371930367011106
brunone,2000.0,90.0,8,4,2269.4315545243617,269.7215777262179,0.0027879496489174,0.03404824161401578,0.026342133589955383,0.21993448200962756
brunone,2000.0,90.0,8,5,2359.3387470997677,359.62877030162394,0.0018942749189414744,0.02656419120330767,0.017898186572427807,0.17159128798883969
brunone,2000.0,90.0,8,6,2450.6960556844547,450.9860788863109,0.0014692423388228159,0.018267247413546583,0.013882237069926287,0.11799721240189547
brunone,2000.0,90.0,8,7,2540.6032482598607,540.893271461717,0.0012539365112107775,0.013711569891811902,0.01184790518166762,0.08856983147267963
brunone,2000.0,90.0,8,8,2630.5104408352668,630.800464037123,0.0010719645326291755,0.011856258856401788,0.010128530453617402,0.07658545717912732
brunone,2000.0,100.0,2,1,1999.7099767981438,0.0,0.1115352121597912,0.16106860864066785,1.0,1.0
brunone,2000.0,100.0,2,2,2099.767981438515,100.05800464037134,0.00877281729455816,0.04721712164245391,0.07865513611961181,0.29314912471735455
brunone,2000.0,100.0,3,1,1999.7099767981438,0.0,0.11297765441172404,0.1505685543924227,1.0,1.0
brunone,2000.0,100.0,3,2,2099.767981438515,100.05800464037134,0.008446912822777515,0.04376163925112345,0.07476622582368778,0.29064262074980607
brunone,2000.0,100.0,3,3,2199.825986078886,200.11600928074245,0.0030104673137223616,0.027773750813302266,0.026646572982931004,0.18445917160708272
brunone,2000.0,100.0,4,1,1999.7099767981438,0.0,0.10943606075454668,0.15014505298919462,1.0,1.0
brunone,2000.0,100.0,4,2,2099.767981438515,100.05800464037134,0.011283520527589158,0.04573965718618623,0.10310605525994655,0.30463645838186854
brunone,2000.0,100.0,4,3,2199.825986078886,200.11600928074245,0.0033186245699640036,0.03435458232591991,0.030324780945901568,0.22880928570049047
brunone,2000.0,100.0,4,4,2299.8839907192573,300.17401392111356,0.0013583409672355755,0.025642665581775498,0.01241218806552429,0.17078595046099124
brunone,2000.0,100.0,5,1,1999.7099767981438,0.0,0.1057257984201683,0.1627105252020366,1.0,1.0
brunone,2000.0,100.0,5,2,2099.767981438515,100.05800464037134,0.013440490983034983,0.05199856101576143,0.12712593504965264,0.31957711986483456
brunone,2000.0,100.0,5,3,2199.825986078886,200.11600928074245,0.003238972296646442,0.040229558108173795,0.03063559079283883,0.24724619417349317
brunone,2000.0,100.0,5,4,2299.8839907192573,300.17401392111356,0.0013532600611328932,0.029425128363912856,0.012799714746583032,0.1808434231736138
brunone,2000.0,100.0,5,5,2399.9419953596284,400.23201856148467,0.0008288731474842556,0.02214314378163392,0.007839838146127818,0.136089191244014
brunone,2000.0,100.0,6,1,1999.7099767981438,0.0,0.1064526607349594,0.1972027796442393,1.0,1.0
brunone,2000.0,100.0,6,2,2099.767981438515,100.05800464037134,0.014503297609427054,0.0704111599291766,0.1362417576911173,0.35704953072264395
brunone,2000.0,100.0,6,3,2199.825986078886,200.11600928074245,0.0031546729075430198,0.04457579586346425,0.029634514400700317,0.226040403405472
brunone,2000.0,100.0,6,4,2299.8839907192573,300.17401392111356,0.001793340672396755,0.029625334051456023,0.016846367765872255,0.15022777115465188
brunone,2000.0,100.0,6,5,2399.9419953596284,400.23201856148467,0.0012331927365670558,0.019855539860410193,0.011584423799771416,0.1006859025832713
brunone,2000.0,100.0,6,6,2500.0,500.29002320185623,0.0009431511753269234,0.009953844156235486,0.008859817770784845,0.050475171669448926
brunone,2000.0,100.0,7,1,1999.7099767981438,0.0,0.10617981391086907,0.16052691802609467,1.0,1.0
brunone,2000.0,100.0,7,2,2099.767981438515,100.05800464037134,0.015814361431894346,0.05388785717453395,0.14893943443119476,0.33569358857169446
brunone,2000.0,100.0,7,3,2199.825986078886,200.11600928074245,0.0040683241959358464,0.042954240927579275,0.03831542028648624,0.26758279206853514
brunone,2000.0,100.0,7,4,2299.8839907192573,300.17401392111356,0.002129453789589153,0.03251975412526881,0.020055165960044804,0.2025813148669715
brunone,2000.0,100.0,7,5,2399.9419953596284,400.23201856148467,0.001594932708459177,0.0192736509007284,0.015021053905764211,0.12006491582673597
brunone,2000.0,100.0,7,6,2500.0,500.29002320185623,0.0012182183906090575,0.014556083552272121,0.011473163737428202,0.09067690161413264
brunone,2000.0,100.0,7,7,2600.058004640371,600.3480278422273,0.0010029301891508996,0.011757205359635385,0.00944558247194512,0.07324133238342106
brunone,2000.0,100.0,8,1,1999.7099767981438,0.0,0.10454117492579337,0.14601343060749716,1.0,1.0
brunone,2000.0,100.0,8,2,2099.767981438515,100.05800464037134,0.015859873531098075,0.04579729320783403,0.15170934842042777,0.31365123754227126
brunone,2000.0,100.0,8,3,2199.825986078886,200.11600928074245,0.0047289579375341395,0.03597590163606311,0.04523536243868412,0.24638761986745555
brunone,2000.0,100.0,8,4,2299.8839907192573,300.17401392111356,0.0023632063293416304,0.030416182396854063,0.02260550764824586,0.20831085380506306
brunone,2000.0,100.0,8,5,2399.9419953596284,400.23201856148467,0.0020817585957844977,0.02171172131697412,0.019913288685173048,0.14869674129729896
brunone,2000.0,100.0,8,6,2500.0,500.29002320185623,0.0017692978048163565,0.01963752074438358,0.016924410942121704,0.13449119483516386
brunone,2000.0,100.0,8,7,2600.058004640371,600.3480278422273,0.0014205451661319097,0.017617920002745514,0.013588379575227249,0.12065958541926697
brunone,2000.0,100.0,8,8,2700.116009280742,700.4060324825984,0.0012170268292168776,0.015064734775187653,0.01164160274725018,0.10317362390918404
brunone,2500.0,10.0,2,1,2500.0,0.0,0.0043206264607127875,0.04231529745133203,1.0,1.0
brunone,2500.0,10.0,2,2,2510.150812064965,10.150812064965066,0.10067920779835138,0.11802048637744188,23.301993059067183,2.7890737743999185
brunone,2500.0,10.0,3,1,2500.0,0.0,0.011274687855157561,0.0633190435094514,1.0,1.0
brunone,2500.0,10.0,3,2,2510.150812064965,10.150812064965066,0.10239756331371982,0.14528549287938677,9.082075231632995,2.2944991716070464
brunone,2500.0,10.0,3,3,2520.30162412993,20.301624129930133,0.018401829373197655,0.10367153608541502,1.632136482144808,1.637288410238546
brunone,2500.0,10.0,4,1,2500.0,0.0,0.01863908343018393,0.06900881519735308,1.0,1.0
brunone,2500.0,10.0,4,2,2510.150812064965,10.150812064965066,0.10027323971256953,0.16541024280348057,5.379730182986795,2.396943670608405
brunone,2500.0,10.0,4,3,2520.30162412993,20.301624129930133,0.01861850871234204,0.10445915424909116,0.9988961518457193,1.5137074002843889
brunone,2500.0,10.0,4,4,2530.452436194895,30.4524361948952,0.0072945106943870216,0.05476808072363472,0.3913556544617623,0.7936389078265963
brunone,2500.0,10.0,5,1,2500.0,0.0,0.02637662905959868,0.0741304571113878,1.0,1.0
brunone,2500.0,10.0,5,2,2510.150812064965,10.150812064965066,0.10090542284189566,0.19152880638116734,3.8255617355006675,2.583672269730885
brunone,2500.0,10.0,5,3,2520.30162412993,20.301624129930133,0.01863118735975184,0.1132545822223704,0.706352101235309,1.5277739627612847
brunone,2500.0,10.0,5,4,2530.452436194895,30.4524361948952,0.0074945676313320315,0.06618845101672645,0.2841366732040649,0.8928644661838823
brunone,2500.0,10.0,5,5,2540.6032482598607,40.60324825986072,0.0037049167193588784,0.05478705482152878,0.14046210040667148,0.7390626870033489
brunone,2500.0,10.0,6,1,2500.0,0.0,0.01952098611525715,0.08954483067803133,1.0,1.0
brunone,2500.0,10.0,6,2,2510.150812064965,10.150812064965066,0.10068045387591162,0.20995997214443254,5.157549586965902,2.3447469893529376
brunone,2500.0,10.0,6,3,2520.30162412993,20.301624129930133,0.018135082059565547,0.12400208003131362,0.9290044033888014,1.3848044503783503
brunone,2500.0,10.0,6,4,2530.452436194895,30.4524361948952,0.006454481894440691,0.09798362666907995,0.33064322961615233,1.0942410179029907
brunone,2500.0,10.0,6,5,2540.6032482598607,40.60324825986072,0.0023727155178045454,0.06538506642052545,0.1215469087368535,0.7301936463046642
brunone,2500.0,10.0,6,6,2549.303944315545,49.30394431554487,0.003034377874942672,0.0538084991289685,0.15544183357474306,0.6009112834491038
brunone,2500.0,10.0,7,1,2500.0,0.0,0.026069667412553222,0.08730855638877064,1.0,1.0
brunone,2500.0,10.0,7,2,2510.150812064965,10.150812064965066,0.10050066235779524,0.2025534871473019,3.85508034173852,2.3199729273424765
brunone,2500.0,10.0,7,3,2520.30162412993,20.301624129930133,0.01743076753342595,0.09418147951830501,0.6686225511658266,1.0787199263601426
brunone,2500.0,10.0,7,4,2530.452436194895,30.4524361948952,0.007066396052509026,0.09117683379918798,0.27105815892021595,1.044305822595354
brunone,2500.0,10.0,7,5,2540.6032482598607,40.60324825986072,0.0030067640585528126,0.06860935552157635,0.11533572757069305,0.7858262507064048
brunone,2500.0,10.0,7,6,2549.303944315545,49.30394431554487,0.0032150413813355197,0.054377595556085276,0.12332498648553505,0.6228209216282399
brunone,2500.0,10.0,7,7,2559.4547563805104,59.45475638051039,0.002201066184155159,0.04216045767738843,0.08443015974554736,0.48289033081310895
brunone,2500.0,10.0,8,1,2500.0,0.0,0.03382079782017545,0.07397139261943973,1.0,1.0
brunone,2500.0,10.0,8,2,2510.150812064965,10.150812064965066,0.09993622976615958,0.17441481304887468,2.9548749943013957,2.3578684525541616
brunone,2500.0,10.0,8,3,2520.30162412993,20.301624129930133,0.015443323077996719,0.08316189167674502,0.45662208088965195,1.1242439642117812
brunone,2500.0,10.0,8,4,2530.452436194895,30.4524361948952,0.007156795231333992,0.07642615624129027,0.21160929642720255,1.033185310360176
brunone,2500.0,10.0,8,5,2540.6032482598607,40.60324825986072,0.0033916533890522935,0.0646837218119951,0.10028306863385221,0.8744423961946091
brunone,2500.0,10.0,8,6,2549.303944315545,49.30394431554487,0.0030224743659306593,0.053661330197050224,0.0893673290027367,0.7254335533889623
brunone,2500.0,10.0,8,7,2559.4547563805104,59.45475638051039,0.0021475248994376086,0.04651060012185281,0.06349716854273985,0.6287646950373865
brunone,2500.0,10.0,8,8,2569.6055684454755,69.60556844547546,0.0014090952941945608,0.03986060571089891,0.04166357345224954,0.5388651517752218
brunone,2500.0,20.0,2,1,2500.0,0.0,0.09939532843862871,0.10611513565340731,1.0,1.0
brunone,2500.0,20.0,2,2,2520.30162412993,20.301624129930133,0.01057820136790918,0.07438932745026226,0.10642553864531623,0.7010246652582369
brunone,2500.0,20.0,3,1,2500.0,0.0,0.09773825754062229,0.12742970888759886,1.0,1.0
brunone,2500.0,20.0,3,2,2520.30162412993,20.301624129930133,0.010875131541957508,0.09025332976013796,0.11126790896018941,0.7082597186166937
brunone,2500.0,20.0,3,3,2540.6032482598607,40.60324825986072,0.004448321400601136,0.03191216800167142,0.0455125916149294,0.2504295762758117
brunone,2500.0,20.0,4,1,2500.0,0.0,0.09418875937780052,0.1482518711349183,1.0,1.0
brunone,2500.0,20.0,4,2,2520.30162412993,20.301624129930133,0.012375765661201316,0.07538112507259297,0.131393233576428,0.5084666014366288
brunone,2500.0,20.0,4,3,2540.6032482598607,40.60324825986072,0.0044229059915974886,0.04581578755453059,0.04695789625869018,0.3090401976298526
brunone,2500.0,20.0,4,4,2559.4547563805104,59.45475638051039,0.0027292170959508227,0.02395576154348613,0.028976038265921523,0.16158825760576684
brunone,2500.0,20.0,5,1,2500.0,0.0,0.09546902653873283,0.16481937302980515,1.0,1.0
brunone,2500.0,20.0,5,2,2520.30162412993,20.301624129930133,0.014041253516703376,0.060703749406864446,0.14707653388512018,0.3683046979913403
brunone,2500.0,20.0,5,3,2540.6032482598607,40.60324825986072,0.004518603254678512,0.04940487348509332,0.04733056802297303,0.2997516164326094
brunone,2500.0,20.0,5,4,2559.4547563805104,59.45475638051039,0.0022728616957770195,0.030856169356226926,0.023807320323465272,0.18721202968444153
brunone,2500.0,20.0,5,5,2579.7563805104405,79.75638051044052,0.0014977896937744522,0.021726636952412823,0.015688750038388443,0.1318208930966136
brunone,2500.0,20.0,6,1,2500.0,0.0,0.09653033855392483,0.17727569018866346,1.0,1.0
brunone,2500.0,20.0,6,2,2520.30162412993,20.301624129930133,0.013686245459540381,0.07131014404325275,0.14178180315709574,0.4022556277590109
brunone,2500.0,20.0,6,3,2540.6032482598607,40.60324825986072,0.005191520114855492,0.04588379651417389,0.05378122767025569,0.25882734663361134
brunone,2500.0,20.0,6,4,2559.4547563805104,59.45475638051039,0.0019698081460265762,0.03712225029612791,0.02040610418999184,0.20940406581760315
brunone,2500.0,20.0,6,5,2579.7563805104405,79.75638051044052,0.0011316973011497463,0.029744005672283053,0.011723747353455568,0.16778389434348479
brunone,2500.0,20.0,6,6,2600.058004640371,100.05800464037111,0.0009855618646225659,0.020731140958938445,0.010209866445998224,0.11694294314621245
brunone,2500.0,20.0,7,1,2500.0,0.0,0.10201156033807304,0.16588876277101242,1.0,1.0
brunone,2500.0,20.0,7,2,2520.30162412993,20.301624129930133,0.011853049486226426,0.07545800254460376,0.11619319856440426,0.4548710912309569
brunone,2500.0,20.0,7,3,2540.6032482598607,40.60324825986072,0.004362541800536572,0.04505005087734975,0.04276517079122034,0.27156782728879236
brunone,2500.0,20.0,7,4,2559.4547563805104,59.45475638051039,0.0022168359045360475,0.03699636853568174,0.021731222394690435,0.22301913594201886
brunone,2500.0,20.0,7,5,2579.7563805104405,79.75638051044052,0.001236217592105274,0.03372727445630648,0.012118406855148254,0.20331259268515095
brunone,2500.0,20.0,7,6,2600.058004640371,100.05800464037111,0.0008008929573620488,0.027034846451506358,0.0078510019326029,0.16296972742405946
brunone,2500.0,20.0,7,7,2620.3596287703012,120.35962877030124,0.00046155338191161026,0.021805142588264645,0.004524520362025558,0.13144436201723786
brunone,2500.0,20.0,8,1,2500.0,0.0,0.10955134356037609,0.15423673195490303,1.0,1.0
brunone,2500.0,20.0,8,2,2520.30162412993,20.301624129930133,0.00892828355037811,0.089170442487989,0.08149862210916238,0.5781401184904603
brunone,2500.0,20.0,8,3,2540.6032482598607,40.60324825986072,0.004212564596725434,0.041958787326295835,0.03845287935153255,0.2720414702417585
brunone,2500.0,20.0,8,4,2559.4547563805104,59.45475638051039,0.0019049480234534955,0.03716802373318079,0.017388632229815036,0.2409803635106083
brunone,2500.0,20.0,8,5,2579.7563805104405,79.75638051044052,0.0014091954967799703,0.03388932898030446,0.012863333766448356,0.2197228153810552
brunone,2500.0,20.0,8,6,2600.058004640371,100.05800464037111,0.0006559584113312382,0.028793469002330044,0.0059876802055807326,0.18668360407654974
brunone,2500.0,20.0,8,7,2620.3596287703012,120.35962877030124,0.00042773092476764324,0.024885659106830195,0.0039043877588950935,0.16134716284125147
brunone,2500.0,20.0,8,8,2640.661252900232,140.66125290023183,0.00024885298787556616,0.019299603775094886,0.0022715649100042115,0.12512975041987962
brunone,2500.0,30.0,2,1,2500.0,0.0,0.09795894956498108,0.10586512879245638,1.0,1.0
brunone,2500.0,30.0,2,2,2530.452436194895,30.4524361948952,0.009251193393048267,0.06601011976365896,0.09443949158429356,0.6235303401280388
brunone,2500.0,30.0,3,1,2500.0,0.0,0.09714809599566386,0.12067204809191338,1.0,1.0
brunone,2500.0,30.0,3,2,2530.452436194895,30.4524361948952,0.010323987858611038,0.0841738108823937,0.10627061449636482,0.6975419097741696
brunone,2500.0,30.0,3,3,2559.4547563805104,59.45475638051039,0.0036465145812319072,0.02135037976530217,0.037535625828371014,0.17692895830391503
brunone,2500.0,30.0,4,1,2500.0,0.0,0.09398525741770047,0.13827937337517668,1.0,1.0
brunone,2500.0,30.0,4,2,2530.452436194895,30.4524361948952,0.011939260852668495,0.06871853240519034,0.12703333672436104,0.4969543231783721
brunone,2500.0,30.0,4,3,2559.4547563805104,59.45475638051039,0.0023910487056903514,0.029236787635747163,0.025440678372180947,0.21143274605694465
brunone,2500.0,30.0,4,4,2589.907192575406,89.90719257540604,0.002510824107310095,0.01654948626573828,0.02671508464515016,0.11968152488539678
brunone,2500.0,30.0,5,1,2500.0,0.0,0.09514814378633063,0.155962576552609,1.0,1.0
brunone,2500.0,30.0,5,2,2530.452436194895,30.4524361948952,0.012701704863770388,0.04196550779247722,0.13349398483583624,0.2690742145973813
brunone,2500.0,30.0,5,3,2559.4547563805104,59.45475638051039,0.0034333913249373215,0.0354713590469146,0.0360846905500071,0.2274350669947381
brunone,2500.0,30.0,5,4,2589.907192575406,89.90719257540604,0.002018561257467182,0.021257798515014407,0.02121493049827817,0.13630063688928457
brunone,2500.0,30.0,5,5,2620.3596287703012,120.35962877030124,0.0016364644318857,0.014432565528235894,0.017199120936721848,0.09253864514970697
brunone,2500.0,30.0,6,1,2500.0,0.0,0.09483727920210203,0.16679055611079335,1.0,1.0
brunone,2500.0,30.0,6,2,2530.452436194895,30.4524361948952,0.011748321209401013,0.04694729667494377,0.12387872478252852,0.28147454969667624
brunone,2500.0,30.0,6,3,2559.4547563805104,59.45475638051039,0.0036482595058088675,0.046648925514205575,0.03846862263977735,0.2796856524851339
brunone,2500.0,30.0,6,4,2589.907192575406,89.90719257540604,0.0016943960798903185,0.03760103718933748,0.017866350596999866,0.22543864632455796
brunone,2500.0,30.0,6,5,2620.3596287703012,120.35962877030124,0.001242925366180708,0.02260920562702844,0.013105873308870284,0.13555447115368993
brunone,2500.0,30.0,6,6,2649.3619489559164,149.36194895591643,0.001035876223106654,0.015194547723200695,0.01092266914257589,0.09109956868965331
brunone,2500.0,30.0,7,1,2500.0,0.0,0.09948189229911042,0.15140382478527517,1.0,1.0
brunone,2500.0,30.0,7,2,2530.452436194895,30.4524361948952,0.010337509873143353,0.040111249848393156,0.10391348248645842,0.26492890721406787
brunone,2500.0,30.0,7,3,2559.4547563805104,59.45475638051039,0.0028464628389320763,0.03951480702403891,0.028612873892403128,0.2609894900612969
brunone,2500.0,30.0,7,4,2589.907192575406,89.90719257540604,0.0020691645557932934,0.03438568580078227,0.020799408897168678,0.22711239857743978
brunone,2500.0,30.0,7,5,2620.3596287703012,120.35962877030124,0.001172166328448185,0.025932157417044757,0.01178271041451296,0.17127808662576666
brunone,2500.0,30.0,7,6,2649.3619489559164,149.36194895591643,0.0008696620456065213,0.018744975908623472,0.008741912980421844,0.12380780957950094
brunone,2500.0,30.0,7,7,2679.814385150812,179.8143851508121,0.0010092245742439531,0.012054926190308839,0.010144806767542537,0.07962101490768445
brunone,2500.0,30.0,8,1,2500.0,0.0,0.10552417935115876,0.14471025737878854,1.0,1.0
brunone,2500.0,30.0,8,2,2530.452436194895,30.4524361948952,0.009802313186074033,0.04067071215045854,0.09289163153265871,0.2810492696727109
brunone,2500.0,30.0,8,3,2559.4547563805104,59.45475638051039,0.002773636179764709,0.037807535153882105,0.026284366263913065,0.26126368537178685
brunone,2500.0,30.0,8,4,2589.907192575406,89.90719257540604,0.0014066290570364578,0.0352907253649189,0.013329921783665703,0.24387162322946554
brunone,2500.0,30.0,8,5,2620.3596287703012,120.35962877030124,0.0006498597287388281,0.026903525342112877,0.006158396423783153,0.18591305018338228
brunone,2500.0,30.0,8,6,2649.3619489559164,149.36194895591643,0.0005704892234956914,0.021311831980854526,0.00540624174481606,0.1472724350497796
brunone,2500.0,30.0,8,7,2679.814385150812,179.8143851508121,0.0006000042004606468,0.016435160731629535,0.0056859404560160465,0.11357288024586558
brunone,2500.0,30.0,8,8,2710.2668213457073,210.26682134570729,0.00037153489314070584,0.008411364837045968,0.0035208508175583932,0.058125560616126004
brunone,2500.0,40.0,2,1,2500.0,0.0,0.09804256571406648,0.10380387451273466,1.0,1.0
brunone,2500.0,40.0,2,2,2540.6032482598607,40.60324825986072,0.010333255618895469,0.04271677658858099,0.10539560591500231,0.41151427910660976
brunone,2500.0,40.0,3,1,2500.0,0.0,0.09610535636212378,0.1206978085480065,1.0,1.0
brunone,2500.0,40.0,3,2,2540.6032482598607,40.60324825986072,0.009607898869401058,0.022646668994153813,0.09997256378925037,0.18763115309708625
brunone,2500.0,40.0,3,3,2579.7563805104405,79.75638051044052,0.0018087169606718838,0.021786632746047363,0.01882014727521181,0.18050561984629504
brunone,2500.0,40.0,4,1,2500.0,0.0,0.09316609594442199,0.13618457744808551,1.0,1.0
brunone,2500.0,40.0,4,2,2540.6032482598607,40.60324825986072,0.010723193689353192,0.026743443900303986,0.11509759618724484,0.19637645026654188
brunone,2500.0,40.0,4,3,2579.7563805104405,79.75638051044052,0.00186721009581005,0.022245748484338274,0.020041733818318735,0.16334998353847008
brunone,2500.0,40.0,4,4,2620.3596287703012,120.35962877030124,0.0007744139076024604,0.018267808585836858,0.008312185884277422,0.13414006878128817
brunone,2500.0,40.0,5,1,2500.0,0.0,0.09407959440171948,0.15374314125441987,1.0,1.0
brunone,2500.0,40.0,5,2,2540.6032482598607,40.60324825986072,0.01158415059979435,0.03208387381751088,0.12313138330858522,0.20868491144211299
brunone,2500.0,40.0,5,3,2579.7563805104405,79.75638051044052,0.002890382488444891,0.02752531897886094,0.03072273543296721,0.17903445158123196
brunone,2500.0,40.0,5,4,2620.3596287703012,120.35962877030124,0.0007857495572143783,0.020644141191391713,0.008351965824376655,0.13427682706982694
brunone,2500.0,40.0,5,5,2659.5127610208815,159.5127610208815,0.0005547703030195922,0.01301795699253864,0.005896818609258935,0.0846734162338731
brunone,2500.0,40.0,6,1,2500.0,0.0,0.09316498514233904,0.16270869838376847,1.0,1.0
brunone,2500.0,40.0,6,2,2540.6032482598607,40.60324825986072,0.010846435687656864,0.046825179743217316,0.11642180451255905,0.2877853501892958
brunone,2500.0,40.0,6,3,2579.7563805104405,79.75638051044052,0.0020425375158603216,0.03499274606675328,0.02192387529220016,0.21506376988044357
brunone,2500.0,40.0,6,4,2620.3596287703012,120.35962877030124,0.0005047574344750385,0.024388371020091715,0.005417887779446984,0.1498897800938014
brunone,2500.0,40.0,6,5,2659.5127610208815,159.5127610208815,0.0006339523524299407,0.018472891751745126,0.006804620335219049,0.1135335230091666
brunone,2500.0,40.0,6,6,2700.116009280742,200.11600928074222,0.00043221145669460666,0.010833846015955701,0.004639204911955567,0.06658430756051371
brunone,2500.0,40.0,7,1,2500.0,0.0,0.09672579906550043,0.1423148008878209,1.0,1.0
brunone,2500.0,40.0,7,2,2540.6032482598607,40.60324825986072,0.011371153008775732,0.045092634547522305,0.11756070374849481,0.31685133426892403
brunone,2500.0,40.0,7,3,2579.7563805104405,79.75638051044052,0.0021549677081612807,0.036136049069063945,0.022279140921875325,0.25391630978388574
brunone,2500.0,40.0,7,4,2620.3596287703012,120.35962877030124,0.0011210454612126457,0.030990141901522016,0.011589932283252582,0.2177576872411878
brunone,2500.0,40.0,7,5,2659.5127610208815,159.5127610208815,0.00042226605336340975,0.023314032598662517,0.004365599017460286,0.16382015400520228
brunone,2500.0,40.0,7,6,2700.116009280742,200.11600928074222,0.0004962563079543191,0.013776515237281463,0.005130547514198007,0.09680310938382825
brunone,2500.0,40.0,7,7,2740.719257540603,240.71925754060294,0.0004979955411684007,0.011864631318524157,0.005148528582650114,0.0833689204812675
brunone,2500.0,40.0,8,1,2500.0,0.0,0.10298401902391308,0.14185106963293193,1.0,1.0
brunone,2500.0,40.0,8,2,2540.6032482598607,40.60324825986072,0.010482893408329003,0.04967764915844442,0.10179145762309835,0.3502099017440989
brunone,2500.0,40.0,8,3,2579.7563805104405,79.75638051044052,0.0031979326215164105,0.04173746301644026,0.031052707515462616,0.294234390508611
brunone,2500.0,40.0,8,4,2620.3596287703012,120.35962877030124,0.001226575183826587,0.03299509035550114,0.011910344881197285,0.23260374730259384
brunone,2500.0,40.0,8,5,2659.5127610208815,159.5127610208815,0.0006187265919869699,0.024717048851320148,0.006007986460921674,0.17424647494925816
brunone,2500.0,40.0,8,6,2700.116009280742,200.11600928074222,0.0005371530629620184,0.01606515776064804,0.005215887552779334,0.11325369489436954
brunone,2500.0,40.0,8,7,2740.719257540603,240.71925754060294,0.0004588636350557922,0.012405804637307968,0.004455678069324943,0.08745654628766969
brunone,2500.0,40.0,8,8,2779.872389791183,279.8723897911832,0.0002809636399863376,0.010732063653254636,0.002728225628105438,0.07565726279700254
brunone,2500.0,50.0,2,1,2500.0,0.0,0.09909947116393232,0.10181882723320904,1.0,1.0
brunone,2500.0,50.0,2,2,2549.303944315545,49.30394431554487,0.011572561528667535,0.0541605019452254,0.11677722789785602,0.5319301293971348
brunone,2500.0,50.0,3,1,2500.0,0.0,0.0960577860555977,0.1181376166660243,1.0,1.0
brunone,2500.0,50.0,3,2,2549.303944315545,49.30394431554487,0.00912836214948971,0.027181318627903725,0.0950299036062133,0.23008182655949005
brunone,2500.0,50.0,3,3,2600.058004640371,100.05800464037111,0.0024035836271828273,0.02720141632104418,0.02502226759412971,0.23025194759043374
brunone,2500.0,50.0,4,1,2500.0,0.0,0.0927595529454819,0.13594715694047713,1.0,1.0
brunone,2500.0,50.0,4,2,2549.303944315545,49.30394431554487,0.010536115230329893,0.02406216583983275,0.11358523080121294,0.17699646231195615
brunone,2500.0,50.0,4,3,2600.058004640371,100.05800464037111,0.0017080798000109413,0.030368088454518632,0.018414058129569047,0.223381563380652
brunone,2500.0,50.0,4,4,2649.3619489559164,149.36194895591643,0.0010216852587321965,0.019015224779245707,0.011014340046816283,0.1398721768603907
brunone,2500.0,50.0,5,1,2500.0,0.0,0.09316010351175835,0.15517529466203714,1.0,1.0
brunone,2500.0,50.0,5,2,2549.303944315545,49.30394431554487,0.010014013636097944,0.03024339178188446,0.1074925129815255,0.19489823974720222
brunone,2500.0,50.0,5,3,2600.058004640371,100.05800464037111,0.0013090078693980553,0.02832331923742676,0.014051163749864627,0.1825246686279109
brunone,2500.0,50.0,5,4,2649.3619489559164,149.36194895591643,0.00032696617605292087,0.02175200996564724,0.0035097231940242777,0.14017701730821175
brunone,2500.0,50.0,5,5,2700.116009280742,200.11600928074222,0.00037666926637007465,0.015097488587060729,0.004043246541933401,0.09729312014481552
brunone,2500.0,50.0,6,1,2500.0,0.0,0.09160197867787219,0.15568681975424337,1.0,1.0
brunone,2500.0,50.0,6,2,2549.303944315545,49.30394431554487,0.012051454274128869,0.04995329939446084,0.13156325276017292,0.32085760036279065
brunone,2500.0,50.0,6,3,2600.058004640371,100.05800464037111,0.0017626192139199234,0.03366620913321359,0.019242152182305534,0.21624315524176535
brunone,2500.0,50.0,6,4,2649.3619489559164,149.36194895591643,0.0006144376007391587,0.022487041807237686,0.006707689174487071,0.14443767200546714
brunone,2500.0,50.0,6,5,2700.116009280742,200.11600928074222,0.0005715284150372676,0.015254732437720433,0.006239258401252513,0.09798345461613589
brunone,2500.0,50.0,6,6,2749.4199535962875,249.41995359628754,0.00023821183740631695,0.011120408897551129,0.0026005097361926368,0.07142806895988402
brunone,2500.0,50.0,7,1,2500.0,0.0,0.09544177175267275,0.14055191806078107,1.0,1.0
brunone,2500.0,50.0,7,2,2549.303944315545,49.30394431554487,0.011925475231633025,0.048431270351457924,0.12495027085767678,0.34457922040248523
brunone,2500.0,50.0,7,3,2600.058004640371,100.05800464037111,0.0024330808164645928,0.03969695870438211,0.025492829520911076,0.28243626449277864
brunone,2500.0,50.0,7,4,2649.3619489559164,149.36194895591643,0.0012128076686657358,0.03084541344592271,0.012707304636051795,0.21945921387272527
brunone,2500.0,50.0,7,5,2700.116009280742,200.11600928074222,0.0005209688307630804,0.02070223338721864,0.0054584991581371305,0.14729242882524057
brunone,2500.0,50.0,7,6,2749.4199535962875,249.41995359628754,0.0003317118780246572,0.013699615674828833,0.0034755419134952087,0.09747014387170792
brunone,2500.0,50.0,7,7,2800.1740139211133,300.1740139211133,0.0006656118776774375,0.007390471402490099,0.006974010073935973,0.052581789736189315
brunone,2500.0,50.0,8,1,2500.0,0.0,0.10294261355179397,0.14050354375159957,1.0,1.0
brunone,2500.0,50.0,8,2,2549.303944315545,49.30394431554487,0.01275720305981909,0.05135032408120364,0.12392538541291748,0.36547351554340446
brunone,2500.0,50.0,8,3,2600.058004640371,100.05800464037111,0.003063642709463688,0.04260558209960251,0.02976068514058334,0.3032349288992041
brunone,2500.0,50.0,8,4,2649.3619489559164,149.36194895591643,0.001392893255520259,0.03377854453586247,0.013530774161076125,0.24041062334755467
brunone,2500.0,50.0,8,5,2700.116009280742,200.11600928074222,0.0006793807416645541,0.024526541277702832,0.006599606501371119,0.17456172721923682
brunone,2500.0,50.0,8,6,2749.4199535962875,249.41995359628754,0.0003234945641008942,0.017625643392068468,0.0031424747530635886,0.12544625510107682
brunone,2500.0,50.0,8,7,2800.1740139211133,300.1740139211133,0.00037989363211203884,0.009962800294686366,0.003690343765372746,0.07090782217066283
brunone,2500.0,50.0,8,8,2849.4779582366587,349.47795823665865,0.000777104320400195,0.008857333251006374,0.007548908013776113,0.06303992778050865
brunone,2500.0,60.0,2,1,2500.0,0.0,0.10001791632465415,0.10326982574342093,1.0,1.0
brunone,2500.0,60.0,2,2,2559.4547563805104,59.45475638051039,0.012215617560597908,0.05951278524612448,0.12213429362941838,0.5762843581627317
brunone,2500.0,60.0,3,1,2500.0,0.0,0.09722846370181941,0.11687794312174359,1.0,1.0
brunone,2500.0,60.0,3,2,2559.4547563805104,59.45475638051039,0.01069130262847529,0.041773939679732565,0.10996062491806324,0.3574150824695774
brunone,2500.0,60.0,3,3,2620.3596287703012,120.35962877030124,0.0032700541616910526,0.029515230627552364,0.03363268365238873,0.2525303734752451
brunone,2500.0,60.0,4,1,2500.0,0.0,0.09209130360808389,0.13672023389415963,1.0,1.0
brunone,2500.0,60.0,4,2,2559.4547563805104,59.45475638051039,0.009767409528842464,0.025973528791136003,0.10606223547893255,0.1899757486608976
brunone,2500.0,60.0,4,3,2620.3596287703012,120.35962877030124,0.0015575259751735703,0.031334753120136054,0.01691284534098884,0.2291888495772578
brunone,2500.0,60.0,4,4,2679.814385150812,179.8143851508121,0.0013783882058879856,0.02250913788829926,0.014967626169719993,0.16463647879453194
brunone,2500.0,60.0,5,1,2500.0,0.0,0.09175762423945899,0.15244210614738718,1.0,1.0
brunone,2500.0,60.0,5,2,2559.4547563805104,59.45475638051039,0.010866447710933858,0.036548150222318436,0.11842555647011734,0.23975101857345246
brunone,2500.0,60.0,5,3,2620.3596287703012,120.35962877030124,0.0012867083926066593,0.02878430300506323,0.014022904399189203,0.1888212104419064
brunone,2500.0,60.0,5,4,2679.814385150812,179.8143851508121,0.00036961303868419514,0.024097784003343538,0.004028145254934015,0.15807826730001243
brunone,2500.0,60.0,5,5,2740.719257540603,240.71925754060294,0.0006139449595143633,0.01775323799815217,0.006690942192576358,0.116458886896955
brunone,2500.0,60.0,6,1,2500.0,0.0,0.08972294768929638,0.152469975428726,1.0,1.0
brunone,2500.0,60.0,6,2,2559.4547563805104,59.45475638051039,0.01257140056554339,0.05306690962127915,0.14011354830959385,0.3480482598102466
brunone,2500.0,60.0,6,3,2620.3596287703012,120.35962877030124,0.001777100386270029,0.030809619678293154,0.019806531461984397,0.20207007702113453
brunone,2500.0,60.0,6,4,2679.814385150812,179.8143851508121,0.0008722090317996023,0.02402470604504368,0.009721136612898572,0.1575700788138077
brunone,2500.0,60.0,6,5,2740.719257540603,240.71925754060294,0.0005972535720655882,0.02030796571316406,0.00665664233562445,0.13319321168682993
brunone,2500.0,60.0,6,6,2800.1740139211133,300.1740139211133,0.000882924141566531,0.015267352946611103,0.009840561019283817,0.10013350434196153
brunone,2500.0,60.0,7,1,2500.0,0.0,0.09510943605277748,0.14092832713422407,1.0,1.0
brunone,2500.0,60.0,7,2,2559.4547563805104,59.45475638051039,0.01308725228043837,0.051755944324440535,0.137602038489389,0.3672501148413316
brunone,2500.0,60.0,7,3,2620.3596287703012,120.35962877030124,0.0020686314635836116,0.04013107790836457,0.021750012926537603,0.2847623236891375
brunone,2500.0,60.0,7,4,2679.814385150812,179.8143851508121,0.0010411761575842393,0.029758133461747674,0.010947138378640758,0.21115792734419672
brunone,2500.0,60.0,7,5,2740.719257540603,240.71925754060294,0.0008966932682762012,0.021548767992429232,0.009428015825670696,0.15290586662471048
brunone,2500.0,60.0,7,6,2800.1740139211133,300.1740139211133,0.000978139599161707,0.015298259152486277,0.010284359152533767,0.10855347156654878
brunone,2500.0,60.0,7,7,2859.6287703016237,359.6287703016237,0.0010270524969851016,0.011348124076652389,0.010798639331802752,0.08052408133564318
brunone,2500.0,60.0,8,1,2500.0,0.0,0.10253201680458776,0.1469186183602607,1.0,1.0
brunone,2500.0,60.0,8,2,2559.4547563805104,59.45475638051039,0.013469314769220931,0.05783593862897883,0.13136691532062258,0.39365969592198796
brunone,2500.0,60.0,8,3,2620.3596287703012,120.35962877030124,0.0025647257816794706,0.0443784692059344,0.025013901624187235,0.30206157464068634
brunone,2500.0,60.0,8,4,2679.814385150812,179.8143851508121,0.0010942086831841893,0.03429269640254153,0.010671873208830018,0.2334128702357658
brunone,2500.0,60.0,8,5,2740.719257540603,240.71925754060294,0.0007763375928516094,0.02589021684687146,0.007571660219375226,0.1762214832662378
brunone,2500.0,60.0,8,6,2800.1740139211133,300.1740139211133,0.0007980528776183151,0.018500698781659247,0.007783450501508193,0.12592480781634827
brunone,2500.0,60.0,8,7,2859.6287703016237,359.6287703016237,0.0009853080999065668,0.012635467739483052,0.009609760254540117,0.08600317563904315
brunone,2500.0,60.0,8,8,2920.533642691415,420.533642691415,0.0010828605346219337,0.01134317324816857,0.010561194135932392,0.0772071870452379
brunone,2500.0,70.0,2,1,2500.0,0.0,0.10073554818360722,0.1026158967660698,1.0,1.0
brunone,2500.0,70.0,2,2,2569.6055684454755,69.60556844547546,0.012997586165509535,0.0637949779449168,0.12902680731750504,0.6216870870441076
brunone,2500.0,70.0,3,1,2500.0,0.0,0.09774649423272642,0.11747754676389566,1.0,1.0
brunone,2500.0,70.0,3,2,2569.6055684454755,69.60556844547546,0.010973551546614535,0.051153308598306274,0.11226542325382437,0.4354305142336119
brunone,2500.0,70.0,3,3,2640.661252900232,140.66125290023183,0.003478169878393571,0.030534655428737435,0.035583576737927114,0.2599190761967941
brunone,2500.0,70.0,4,1,2500.0,0.0,0.09148915947835559,0.13803384227895996,1.0,1.0
brunone,2500.0,70.0,4,2,2569.6055684454755,69.60556844547546,0.009678745537394489,0.029500247263750074,0.10579117343059946,0.2137174969318861
brunone,2500.0,70.0,4,3,2640.661252900232,140.66125290023183,0.001080427967290575,0.03571071753589869,0.011809355047645635,0.25870987104545706
brunone,2500.0,70.0,4,4,2710.2668213457073,210.26682134570729,0.00122791610792621,0.02077208810192946,0.01342143828763351,0.1504854734098471
brunone,2500.0,70.0,5,1,2500.0,0.0,0.09061074524703823,0.15024708291212596,1.0,1.0
brunone,2500.0,70.0,5,2,2569.6055684454755,69.60556844547546,0.01258483606890168,0.04423005518380205,0.13888900300500548,0.2943821226111298
brunone,2500.0,70.0,5,3,2640.661252900232,140.66125290023183,0.0015728291970554253,0.031674329827294366,0.017358086977072248,0.2108149403860275
brunone,2500.0,70.0,5,4,2710.2668213457073,210.26682134570729,0.00039071820742685404,0.020836108662880257,0.004312051582421185,0.1386789564165218
brunone,2500.0,70.0,5,5,2779.872389791183,279.8723897911832,0.0006735565275583755,0.018623765466334798,0.007433517136648778,0.1239542565843169
brunone,2500.0,70.0,6,1,2500.0,0.0,0.08922735242883363,0.1525708335078759,1.0,1.0
brunone,2500.0,70.0,6,2,2569.6055684454755,69.60556844547546,0.013931289926887903,0.05007187086440675,0.156132503628854,0.32818769953053956
brunone,2500.0,70.0,6,3,2640.661252900232,140.66125290023183,0.002408964354391927,0.031600169112444586,0.026998048118857722,0.20711802109158264
brunone,2500.0,70.0,6,4,2710.2668213457073,210.26682134570729,0.0009123322816171956,0.022189806670792983,0.0102248050265176,0.1454393750142783
brunone,2500.0,70.0,6,5,2779.872389791183,279.8723897911832,0.0010705745032873176,0.022433288324272573,0.011998277144233226,0.14703523477253952
brunone,2500.0,70.0,6,6,2849.4779582366587,349.47795823665865,0.0010099123387178894,0.020583963942083113,0.011318416508249307,0.1349141475393496
brunone,2500.0,70.0,7,1,2500.0,0.0,0.09485733987851802,0.14847197474562393,1.0,1.0
brunone,2500.0,70.0,7,2,2569.6055684454755,69.60556844547546,0.014793984823446528,0.05995593436911575,0.15596035944496126,0.4038198755814884
brunone,2500.0,70.0,7,3,2640.661252900232,140.66125290023183,0.003097134305218069,0.04148401490183136,0.03265044443776843,0.27940636590107765
brunone,2500.0,70.0,7,4,2710.2668213457073,210.26682134570729,0.0014212193255280492,0.025141417596703283,0.014982702733896793,0.16933443257407946
brunone,2500.0,70.0,7,5,2779.872389791183,279.8723897911832,0.0012160525264234055,0.01994892461478903,0.012819804223698248,0.13436154970638325
brunone,2500.0,70.0,7,6,2849.4779582366587,349.47795823665865,0.0011882622653693444,0.019054904898069262,0.012526835212658599,0.1283400785280583
brunone,2500.0,70.0,7,7,2920.533642691415,420.533642691415,0.0011959322739226977,0.019855409755444996,0.012607693568618994,0.13373170114739258
brunone,2500.0,70.0,8,1,2500.0,0.0,0.10091564800530144,0.14462555348169054,1.0,1.0
brunone,2500.0,70.0,8,2,2569.6055684454755,69.60556844547546,0.0137119170657639,0.06079175766314318,0.13587503362257128,0.42033898021236865
brunone,2500.0,70.0,8,3,2640.661252900232,140.66125290023183,0.0023882836739290442,0.042123102180934735,0.023666138216776645,0.29125629023966004
brunone,2500.0,70.0,8,4,2710.2668213457073,210.26682134570729,0.000999393215254971,0.028969579360633477,0.009903253212053592,0.2003074744623259
brunone,2500.0,70.0,8,5,2779.872389791183,279.8723897911832,0.0011503028094513928,0.026300216534268242,0.011398656523426016,0.18185041233116406
brunone,2500.0,70.0,8,6,2849.4779582366587,349.47795823665865,0.0013140911658869883,0.02199604864338936,0.01302167891562223,0.15208964193297997
brunone,2500.0,70.0,8,7,2920.533642691415,420.533642691415,0.0013327512895994198,0.024901847325267797,0.013206587045146913,0.1721815178976677
brunone,2500.0,70.0,8,8,2990.139211136891,490.13921113689094,0.0013658545001023908,0.02274330905838919,0.013534615563590672,0.15725650489053078
brunone,2500.0,80.0,2,1,2500.0,0.0,0.10139141234250866,0.10453762888110531,1.0,1.0
brunone,2500.0,80.0,2,2,2579.7563805104405,79.75638051044052,0.013181107676355375,0.06643361808255537,0.13000220996851777,0.6354995688501113
brunone,2500.0,80.0,3,1,2500.0,0.0,0.09814846682935928,0.11837363394696372,1.0,1.0
brunone,2500.0,80.0,3,2,2579.7563805104405,79.75638051044052,0.01105784368153869,0.05150235542230545,0.1126644566008742,0.4350829969905345
brunone,2500.0,80.0,3,3,2659.5127610208815,159.5127610208815,0.003775960056731073,0.03166171293157843,0.03847192094498989,0.2674726784662553
brunone,2500.0,80.0,4,1,2500.0,0.0,0.09096062091076475,0.1370426030943291,1.0,1.0
brunone,2500.0,80.0,4,2,2579.7563805104405,79.75638051044052,0.011085871648358553,0.035195830277607205,0.12187550543695326,0.25682400569537656
brunone,2500.0,80.0,4,3,2659.5127610208815,159.5127610208815,0.001825671795758769,0.035809066507207304,0.020071012900734386,0.2612987910231041
brunone,2500.0,80.0,4,4,2740.719257540603,240.71925754060294,0.0009087957662297944,0.02350068894473938,0.009991090178697789,0.17148454870317512
brunone,2500.0,80.0,5,1,2500.0,0.0,0.09050011179298503,0.1493484187726753,1.0,1.0
brunone,2500.0,80.0,5,2,2579.7563805104405,79.75638051044052,0.014313402666143227,0.043924359294522285,0.15815895011140424,0.29410662433179147
brunone,2500.0,80.0,5,3,2659.5127610208815,159.5127610208815,0.0032978856253080713,0.03389381121264739,0.0364406801270239,0.22694456018471473
brunone,2500.0,80.0,5,4,2740.719257540603,240.71925754060294,0.0007798670539309325,0.02424145920705072,0.00861730486825081,0.16231480323838504
brunone,2500.0,80.0,5,5,2820.475638051044,320.4756380510439,0.000763788210661419,0.020381622213003967,0.008439638311260328,0.1364702912859562
brunone,2500.0,80.0,6,1,2500.0,0.0,0.0895433119428278,0.1566159026432338,1.0,1.0
brunone,2500.0,80.0,6,2,2579.7563805104405,79.75638051044052,0.01601680390282391,0.05505100011783595,0.17887214081438513,0.35150325853716424
brunone,2500.0,80.0,6,3,2659.5127610208815,159.5127610208815,0.004378386679307769,0.03348301745683441,0.04889685878609571,0.2137906616871959
brunone,2500.0,80.0,6,4,2740.719257540603,240.71925754060294,0.001718020130361514,0.025454910541149546,0.01918647069318194,0.16253081654891105
brunone,2500.0,80.0,6,5,2820.475638051044,320.4756380510439,0.0011463282355742082,0.02072660204943015,0.012801941437079335,0.1323403415593416
brunone,2500.0,80.0,6,6,2900.232018561485,400.2320185614849,0.0011823884472205069,0.019708282952836418,0.013204653944176713,0.12583832561199917
brunone,2500.0,80.0,7,1,2500.0,0.0,0.09435853762584731,0.15171193708329117,1.0,1.0
brunone,2500.0,80.0,7,2,2579.7563805104405,79.75638051044052,0.015807024749297353,0.06359612459981093,0.16752087460252657,0.4191899847992588
brunone,2500.0,80.0,7,3,2659.5127610208815,159.5127610208815,0.004231213111633998,0.036836258036509424,0.044841868241024506,0.24280395296967303
brunone,2500.0,80.0,7,4,2740.719257540603,240.71925754060294,0.0016667654440256302,0.027039070305972534,0.01766417206077025,0.17822638630688534
brunone,2500.0,80.0,7,5,2820.475638051044,320.4756380510439,0.001357784762632865,0.024373722479308094,0.01438963337919442,0.16065790832218238
brunone,2500.0,80.0,7,6,2900.232018561485,400.2320185614849,0.0014268263414207256,0.02083341895426065,0.015121327410545626,0.13732221310194545
brunone,2500.0,80.0,7,7,2979.9883990719254,479.9883990719254,0.001489519480362568,0.015232929187957064,0.015785741469085134,0.10040692565670725
brunone,2500.0,80.0,8,1,2500.0,0.0,0.09941899766456062,0.13924719065719343,1.0,1.0
brunone,2500.0,80.0,8,2,2579.7563805104405,79.75638051044052,0.014403368476590449,0.06046266222517319,0.14487541430650275,0.4342110023176236
brunone,2500.0,80.0,8,3,2659.5127610208815,159.5127610208815,0.0034349885369718237,0.04586609700665631,0.03455062530967636,0.32938615702181057
brunone,2500.0,80.0,8,4,2740.719257540603,240.71925754060294,0.0016556500691781724,0.028882888090406247,0.01665325650097912,0.207421693422252
brunone,2500.0,80.0,8,5,2820.475638051044,320.4756380510439,0.0016381875457645474,0.020938885970042686,0.016477610760991444,0.15037205326167918
brunone,2500.0,80.0,8,6,2900.232018561485,400.2320185614849,0.0016190113849367286,0.017899739566614302,0.016284728502285527,0.12854650411354357
brunone,2500.0,80.0,8,7,2979.9883990719254,479.9883990719254,0.0014328375955119856,0.015905701755806682,0.014412110654609242,0.11422637455547835
brunone,2500.0,80.0,8,8,3059.7447795823664,559.7447795823664,0.0011458849900578137,0.011530834086248614,0.01152581515581183,0.08280837862385225
brunone,2500.0,90.0,2,1,2500.0,0.0,0.10157402963885472,0.10492000257120537,1.0,1.0
brunone,2500.0,90.0,2,2,2589.907192575406,89.90719257540604,0.01418657692692434,0.0651213428835521,0.13966736357083154,0.6206761464703228
brunone,2500.0,90.0,3,1,2500.0,0.0,0.09828196573235873,0.11896912929428125,1.0,1.0
brunone,2500.0,90.0,3,2,2589.907192575406,89.90719257540604,0.010967054532102208,0.052822222492320124,0.11158765955055958,0.4439994039265382
brunone,2500.0,90.0,3,3,2679.814385150812,179.8143851508121,0.003542005864811142,0.03071636739124366,0.03603922488136558,0.2581877128415713
brunone,2500.0,90.0,4,1,2500.0,0.0,0.0911185294359254,0.13701212802727847,1.0,1.0
brunone,2500.0,90.0,4,2,2589.907192575406,89.90719257540604,0.01294025412108158,0.04044267091878952,0.1420156163756042,0.29517584684720444
brunone,2500.0,90.0,4,3,2679.814385150812,179.8143851508121,0.0023127547145117364,0.033681745680768274,0.02538182660353476,0.24583039593445624
brunone,2500.0,90.0,4,4,2769.721577726218,269.72157772621813,0.0009338742029490989,0.022442071490536952,0.01024900433238225,0.16379624062235457
brunone,2500.0,90.0,5,1,2500.0,0.0,0.09100637062705114,0.15149924881626883,1.0,1.0
brunone,2500.0,90.0,5,2,2589.907192575406,89.90719257540604,0.016223694502535607,0.05048707193537207,0.17826987705092817,0.33324965192798034
brunone,2500.0,90.0,5,3,2679.814385150812,179.8143851508121,0.004127922586735495,0.03291676299297735,0.045358611252084076,0.21727344029868592
brunone,2500.0,90.0,5,4,2769.721577726218,269.72157772621813,0.0013644518220126056,0.025403370769610634,0.014992926457909199,0.16767984638932862
brunone,2500.0,90.0,5,5,2859.6287703016237,359.6287703016237,0.0008591307752755829,0.020199478030938918,0.009440336641885717,0.13333054908698522
brunone,2500.0,90.0,6,1,2500.0,0.0,0.08932282097588384,0.15500746649037592,1.0,1.0
brunone,2500.0,90.0,6,2,2589.907192575406,89.90719257540604,0.017162178378035627,0.05963872047253014,0.192136546859276,0.3847474049015115
brunone,2500.0,90.0,6,3,2679.814385150812,179.8143851508121,0.0045817021381661105,0.03399681832342434,0.05129374652646851,0.21932374674051672
brunone,2500.0,90.0,6,4,2769.721577726218,269.72157772621813,0.0019013269961458198,0.027913869395217717,0.02128601599650728,0.18008080531366422
brunone,2500.0,90.0,6,5,2859.6287703016237,359.6287703016237,0.0012751567265051284,0.02199555958256913,0.014275822377457227,0.14190000056503593
brunone,2500.0,90.0,6,6,2949.5359628770298,449.53596287702976,0.0016505472818549383,0.02020041368159012,0.018478450006640158,0.13031897197574235
brunone,2500.0,90.0,7,1,2500.0,0.0,0.09429187493014461,0.15229193526374796,1.0,1.0
brunone,2500.0,90.0,7,2,2589.907192575406,89.90719257540604,0.016814019827222956,0.06589304084254674,0.17831886193459923,0.4326758388645425
brunone,2500.0,90.0,7,3,2679.814385150812,179.8143851508121,0.004640687893942916,0.03590385440606479,0.049216201262101675,0.23575676770988843
brunone,2500.0,90.0,7,4,2769.721577726218,269.72157772621813,0.0020376737972964878,0.029348280054816756,0.021610279770193162,0.1927106645797738
brunone,2500.0,90.0,7,5,2859.6287703016237,359.6287703016237,0.0016462880396199567,0.02551883742589425,0.01745948991723408,0.1675652580138223
brunone,2500.0,90.0,7,6,2949.5359628770298,449.53596287702976,0.0017201170789276235,0.020452618776102667,0.0182424740223053,0.13429876467641993
brunone,2500.0,90.0,7,7,3039.443155452436,539.4431554524358,0.0012060932530592258,0.01817936390077507,0.012791062368340331,0.119371809605617
brunone,2500.0,90.0,8,1,2500.0,0.0,0.0987053095366246,0.1412628885096622,1.0,1.0
brunone,2500.0,90.0,8,2,2589.907192575406,89.90719257540604,0.015613048570040767,0.06400556960618567,0.15817840644375414,0.4530954327881223
brunone,2500.0,90.0,8,3,2679.814385150812,179.8143851508121,0.0039212617555846605,0.04547629224766774,0.039726958701544586,0.32192667676165504
brunone,2500.0,90.0,8,4,2769.721577726218,269.72157772621813,0.0021903953941930215,0.03028825232175772,0.022191262095989633,0.2144105408101296
brunone,2500.0,90.0,8,5,2859.6287703016237,359.6287703016237,0.0020438142392046874,0.021773717425169672,0.020706223898181792,0.15413614753941815
brunone,2500.0,90.0,8,6,2949.5359628770298,449.53596287702976,0.0019882968395608163,0.016923391817834775,0.020143767836755113,0.11980069214482497
brunone,2500.0,90.0,8,7,3039.443155452436,539.4431554524358,0.0012576599421664568,0.014724445586234348,0.01274156322563177,0.10423435158079197
brunone,2500.0,90.0,8,8,3129.350348027842,629.3503480278418,0.0015165654948022438,0.01777846609248438,0.015364578682968642,0.12585376300915974
brunone,2500.0,100.0,2,1,2500.0,0.0,0.10167932376165269,0.10600172272594167,1.0,1.0
brunone,2500.0,100.0,2,2,2600.058004640371,100.05800464037111,0.01391831449451621,0.06643577311063015,0.13688441248038039,0.626742390615614
brunone,2500.0,100.0,3,1,2500.0,0.0,0.09814362496774888,0.11911472965380712,1.0,1.0
brunone,2500.0,100.0,3,2,2600.058004640371,100.05800464037111,0.011130407903417114,0.052846085321785655,0.11340938249503922,0.4436570143371567
brunone,2500.0,100.0,3,3,2700.116009280742,200.11600928074222,0.0034592876004313168,0.031235313802048123,0.03524719615327107,0.2622288099282924
brunone,2500.0,100.0,4,1,2500.0,0.0,0.09123911328459745,0.13708333850774307,1.0,1.0
brunone,2500.0,100.0,4,2,2600.058004640371,100.05800464037111,0.01420103835705369,0.042993555518329854,0.15564638723260193,0.3136307882952631
brunone,2500.0,100.0,4,3,2700.116009280742,200.11600928074222,0.002653873125552427,0.030749829898850146,0.02908701137059868,0.22431486009595003
brunone,2500.0,100.0,4,4,2800.1740139211133,300.1740139211133,0.0008654212343902516,0.021406611585414265,0.009485199967811917,0.1561576470083206
brunone,2500.0,100.0,5,1,2500.0,0.0,0.09039921854279957,0.1530880308217224,1.0,1.0
brunone,2500.0,100.0,5,2,2600.058004640371,100.05800464037111,0.01671566608390961,0.05294169206304979,0.18490940910065018,0.34582515549306836
brunone,2500.0,100.0,5,3,2700.116009280742,200.11600928074222,0.004077504609461879,0.03713626262071678,0.04510552939715272,0.2425810980870448
brunone,2500.0,100.0,5,4,2800.1740139211133,300.1740139211133,0.00138358835566833,0.02553334800869341,0.015305313231366807,0.1667886631739884
brunone,2500.0,100.0,5,5,2900.232018561485,400.2320185614849,0.0009651819759673981,0.020904811539674047,0.010676884065213816,0.13655418668242328
brunone,2500.0,100.0,6,1,2500.0,0.0,0.08829818949944468,0.15086642052651095,1.0,1.0
brunone,2500.0,100.0,6,2,2600.058004640371,100.05800464037111,0.01712479830396436,0.057720004417386735,0.19394280223686874,0.3825901364660793
brunone,2500.0,100.0,6,3,2700.116009280742,200.11600928074222,0.00438691656885649,0.035182105499769925,0.04968297304537688,0.2332003727336234
brunone,2500.0,100.0,6,4,2800.1740139211133,300.1740139211133,0.0018470493124428252,0.031472986793945126,0.02091831466662679,0.2086149236132672
brunone,2500.0,100.0,6,5,2900.232018561485,400.2320185614849,0.0014544226591529778,0.023528073201391754,0.016471715528913817,0.15595301538460835
brunone,2500.0,100.0,6,6,3000.290023201856,500.290023201856,0.0014701083211637604,0.017527625189035115,0.016649359737698884,0.1161797643760964
brunone,2500.0,100.0,7,1,2500.0,0.0,0.09348930546695844,0.1590922574538514,1.0,1.0
brunone,2500.0,100.0,7,2,2600.058004640371,100.05800464037111,0.017410306867517995,0.07267891763301368,0.186227791302517,0.45683503896533734
brunone,2500.0,100.0,7,3,2700.116009280742,200.11600928074222,0.004758182471375705,0.04288338070442406,0.050895473526192475,0.26955039415958654
brunone,2500.0,100.0,7,4,2800.1740139211133,300.1740139211133,0.0021091009251445773,0.031907410401687375,0.0225598095376801,0.20055916555802789
brunone,2500.0,100.0,7,5,2900.232018561485,400.2320185614849,0.001627256669033278,0.026380816383079653,0.017405805518668584,0.16582086900572177
brunone,2500.0,100.0,7,6,3000.290023201856,500.290023201856,0.0016792021325861095,0.018481129272342592,0.01796143552675748,0.11616611372620378
brunone,2500.0,100.0,7,7,3100.348027842227,600.3480278422271,0.0011459727056925986,0.024231089173191816,0.012257794621199912,0.1523084124959421
brunone,2500.0,100.0,8,1,2500.0,0.0,0.09809457600879015,0.13950670864536086,1.0,1.0
brunone,2500.0,100.0,8,2,2600.058004640371,100.05800464037111,0.016552953063109617,0.06566173946444588,0.16874483520502015,0.4706708379979359
brunone,2500.0,100.0,8,3,2700.116009280742,200.11600928074222,0.00454008938881405,0.04329297693624055,0.04628277702538026,0.31032899676742687
brunone,2500.0,100.0,8,4,2800.1740139211133,300.1740139211133,0.002477375797951992,0.02503558798652519,0.02525497228032258,0.1794579502994942
brunone,2500.0,100.0,8,5,2900.232018561485,400.2320185614849,0.0019679333519630176,0.022073520417750653,0.020061591904802903,0.15822551210683075
brunone,2500.0,100.0,8,6,3000.290023201856,500.290023201856,0.0017158064605593288,0.01876798564590902,0.017491348965161715,0.13453106182598717
brunone,2500.0,100.0,8,7,3100.348027842227,600.3480278422271,0.0014550641868928597,0.018996644951162666,0.014833278720349155,0.13617011780740895
brunone,2500.0,100.0,8,8,3200.406032482598,700.4060324825982,0.0014947961735935662,0.01852365296244373,0.015238316270000688,0.13277965728180566
brunone,3000.0,10.0,2,1,3000.290023201856,0.0,0.0006501552024773629,0.10293138053122342,1.0,1.0
brunone,3000.0,10.0,2,2,3010.440835266821,10.150812064965066,0.10576108031279835,0.2482173088585453,162.670512994135,2.4114833355727754
brunone,3000.0,10.0,3,1,3000.290023201856,0.0,0.002213551186472679,0.11552143619687077,1.0,1.0
brunone,3000.0,10.0,3,2,3010.440835266821,10.150812064965066,0.09879967859850217,0.2552202589594862,44.63401578525982,2.20928917923546
brunone,3000.0,10.0,3,3,3020.591647331786,20.301624129930133,0.016148510828939793,0.11663438105010149,7.295295870104835,1.0096340981368517
brunone,3000.0,10.0,4,1,3000.290023201856,0.0,0.0011561725221228825,0.1275413932473303,1.0,1.0
brunone,3000.0,10.0,4,2,3010.440835266821,10.150812064965066,0.09556504279161371,0.2203580957495726,82.65638645013281,1.7277378750461874
brunone,3000.0,10.0,4,3,3020.591647331786,20.301624129930133,0.016462048973564965,0.13515137169199842,14.238401846238752,1.0596667344687911
brunone,3000.0,10.0,4,4,3029.2923433874707,29.002320185614735,0.006885987186444654,0.12241374980758929,5.955847466259698,0.9597962409756854
brunone,3000.0,10.0,5,1,3000.290023201856,0.0,0.002222321572909575,0.13706376661877315,1.0,1.0
brunone,3000.0,10.0,5,2,3010.440835266821,10.150812064965066,0.08820953087424267,0.18564168863709302,39.692514328047636,1.3544184084290758
brunone,3000.0,10.0,5,3,3020.591647331786,20.301624129930133,0.016486959577647283,0.11848318323199174,7.418800131639692,0.8644384008615411
brunone,3000.0,10.0,5,4,3029.2923433874707,29.002320185614735,0.007050256122229585,0.10121711093932097,3.172473420666585,0.738467309313369
brunone,3000.0,10.0,5,5,3039.443155452436,39.1531322505798,0.00313033318556296,0.08424926889415472,1.408586958666189,0.6146720681366085
brunone,3000.0,10.0,6,1,3000.290023201856,0.0,0.003924031518204499,0.1337890472251952,1.0,1.0
brunone,3000.0,10.0,6,2,3010.440835266821,10.150812064965066,0.08735078887440004,0.15219828351483122,22.260470760532712,1.1375989789257517
brunone,3000.0,10.0,6,3,3020.591647331786,20.301624129930133,0.01610644429610322,0.11507282443886481,4.1045654759350585,0.8601064648077879
brunone,3000.0,10.0,6,4,3029.2923433874707,29.002320185614735,0.007041097898268459,0.09280294810759789,1.794353043700888,0.6936513117653865
brunone,3000.0,10.0,6,5,3039.443155452436,39.1531322505798,0.003060481078981924,0.07410573802821957,0.7799328483432504,0.5538998861654495
brunone,3000.0,10.0,6,6,3049.5939675174013,49.30394431554532,0.0018375514840902843,0.06418781014387355,0.46828153024904456,0.47976879628892133
brunone,3000.0,10.0,7,1,3000.290023201856,0.0,0.00620593850041774,0.1378488580363921,1.0,1.0
brunone,3000.0,10.0,7,2,3010.440835266821,10.150812064965066,0.08911763944881014,0.16602291217974624,14.360058425137693,1.2043836600802031
brunone,3000.0,10.0,7,3,3020.591647331786,20.301624129930133,0.016468502180794434,0.1115819991578389,2.6536682855761287,0.809451748438723
brunone,3000.0,10.0,7,4,3029.2923433874707,29.002320185614735,0.006921236768704884,0.0909372967273545,1.1152602895176928,0.6596884299422129
brunone,3000.0,10.0,7,5,3039.443155452436,39.1531322505798,0.0031364749262251627,0.0741895421658032,0.5053989700371728,0.5381948260044139
brunone,3000.0,10.0,7,6,3049.5939675174013,49.30394431554532,0.001789374387138354,0.06337068919086136,0.2883326006240484,0.45971138313043913
brunone,3000.0,10.0,7,7,3059.7447795823664,59.45475638051039,0.0009055930297747643,0.053673068529341186,0.14592362294821423,0.38936172046613177
brunone,3000.0,10.0,8,1,3000.290023201856,0.0,0.009183054964188609,0.13819602666278016,1.0,1.0
brunone,3000.0,10.0,8,2,3010.440835266821,10.150812064965066,0.09693612864534891,0.1706798645751716,10.555978269037176,1.2350562363971365
brunone,3000.0,10.0,8,3,3020.591647331786,20.301624129930133,0.01588948731361199,0.12134880226051203,1.7303051517797319,0.8780918322393018
brunone,3000.0,10.0,8,4,3029.2923433874707,29.002320185614735,0.006025159446952796,0.09843105345233628,0.6561171059575776,0.7122567546209081
brunone,3000.0,10.0,8,5,3039.443155452436,39.1531322505798,0.0029111725981278806,0.07459005948527173,0.31701570005631613,0.5397409845022758
brunone,3000.0,10.0,8,6,3049.5939675174013,49.30394431554532,0.0019701854493344084,0.0640153442797783,0.2145457537842897,0.46322130835198116
brunone,3000.0,10.0,8,7,3059.7447795823664,59.45475638051039,0.0012276263754761665,0.051853632534751976,0.13368387538390789,0.37521796962573256
brunone,3000.0,10.0,8,8,3069.8955916473315,69.60556844547546,0.0005646599693903714,0.043309302539822785,0.06148933787202517,0.3133903599522744
brunone,3000.0,20.0,2,1,3000.290023201856,0.0,0.10564091714128687,0.22942939440105498,1.0,1.0
brunone,3000.0,20.0,2,2,3020.591647331786,20.301624129930133,0.02562871406839342,0.09957129885577397,0.24260215418346776,0.4339953871896552
brunone,3000.0,20.0,3,1,3000.290023201856,0.0,0.09914182295276946,0.21942482477335953,1.0,1.0
brunone,3000.0,20.0,3,2,3020.591647331786,20.301624129930133,0.01626073256466672,0.09608567104061276,0.16401486355978373,0.43789790485127716
brunone,3000.0,20.0,3,3,3039.443155452436,39.1531322505798,0.006584845824184413,0.055231359063989474,0.06641844610141365,0.251709710243757
brunone,3000.0,20.0,4,1,3000.290023201856,0.0,0.09360573459180388,0.19195068220111902,1.0,1.0
brunone,3000.0,20.0,4,2,3020.591647331786,20.301624129930133,0.015721540836600205,0.0915981676479373,0.16795488978489126,0.47719636417839884
brunone,3000.0,20.0,4,3,3039.443155452436,39.1531322505798,0.006316757828633457,0.05637126379195676,0.06748259448184014,0.29367576684563684
brunone,3000.0,20.0,4,4,3059.7447795823664,59.45475638051039,0.003336626759468875,0.04408786865661758,0.03564553789379727,0.22968331318783175
brunone,3000.0,20.0,5,1,3000.290023201856,0.0,0.08626465503941334,0.16359030836017452,1.0,1.0
brunone,3000.0,20.0,5,2,3020.591647331786,20.301624129930133,0.014692821355302078,0.09836804187149166,0.1703226118343497,0.6013072709351223
brunone,3000.0,20.0,5,3,3039.443155452436,39.1531322505798,0.005530815082641277,0.05005673870699645,0.06411449834366474,0.30598841220341255
brunone,3000.0,20.0,5,4,3059.7447795823664,59.45475638051039,0.0027301449290097254,0.039411014494632725,0.03164847674592048,0.24091289324953186
brunone,3000.0,20.0,5,5,3080.046403712297,79.75638051044098,0.0019731320701189266,0.03209843245116243,0.02287300713388844,0.1962123109426003
brunone,3000.0,20.0,6,1,3000.290023201856,0.0,0.083313667258008,0.13727295406551568,1.0,1.0
brunone,3000.0,20.0,6,2,3020.591647331786,20.301624129930133,0.012684517509706028,0.09743352808607246,0.15225014006914706,0.7097794955266336
brunone,3000.0,20.0,6,3,3039.443155452436,39.1531322505798,0.004557034061431833,0.050883511934219985,0.05469731691583673,0.37067397784661227
brunone,3000.0,20.0,6,4,3059.7447795823664,59.45475638051039,0.0025522038514229064,0.04114243982203689,0.030633675547124498,0.2997126426113116
brunone,3000.0,20.0,6,5,3080.046403712297,79.75638051044098,0.001990439412428246,0.036394445248495715,0.023890911034610926,0.26512465981555183
brunone,3000.0,20.0,6,6,3100.348027842227,100.05800464037111,0.0014300772839742713,0.03043347295321259,0.01716497822074702,0.22170043006933277
brunone,3000.0,20.0,7,1,3000.290023201856,0.0,0.08222924348788865,0.1392439630684264,1.0,1.0
brunone,3000.0,20.0,7,2,3020.591647331786,20.301624129930133,0.011247739716118317,0.10089229895896815,0.1367851537850396,0.72457215907729
brunone,3000.0,20.0,7,3,3039.443155452436,39.1531322505798,0.004461330236080704,0.05205978051052817,0.05425478876912935,0.37387459652340743
brunone,3000.0,20.0,7,4,3059.7447795823664,59.45475638051039,0.0028796498018870587,0.04206985723653586,0.035019777389915976,0.3021305650131644
brunone,3000.0,20.0,7,5,3080.046403712297,79.75638051044098,0.0020089247744080664,0.03647065494090949,0.024430782641262607,0.2619191104391887
brunone,3000.0,20.0,7,6,3100.348027842227,100.05800464037111,0.0013590215409355253,0.03266555406907298,0.016527229040307203,0.2345922462219829
brunone,3000.0,20.0,7,7,3120.6496519721577,120.3596287703017,0.0010612559938760634,0.028363854024502623,0.012906065395486378,0.2036989855751537
brunone,3000.0,20.0,8,1,3000.290023201856,0.0,0.09135497971935726,0.13439417815448015,1.0,1.0
brunone,3000.0,20.0,8,2,3020.591647331786,20.301624129930133,0.00918868199794438,0.11924291245192906,0.1005821688776248,0.8872624847994874
brunone,3000.0,20.0,8,3,3039.443155452436,39.1531322505798,0.00542656910477582,0.05174442857445913,0.059400911931087444,0.38501986682028144
brunone,3000.0,20.0,8,4,3059.7447795823664,59.45475638051039,0.002893110768532116,0.03973186241108137,0.031668889615210465,0.2956367824610033
brunone,3000.0,20.0,8,5,3080.046403712297,79.75638051044098,0.0017042477510407319,0.034612996315972755,0.01865522554190462,0.2575483312691317
brunone,3000.0,20.0,8,6,3100.348027842227,100.05800464037111,0.0014477280482472414,0.03099740043313349,0.015847281151992652,0.23064541082652665
brunone,3000.0,20.0,8,7,3120.6496519721577,120.3596287703017,0.0011222360002324382,0.026626799811148665,0.012284344035540812,0.19812465224901588
brunone,3000.0,20.0,8,8,3139.5011600928074,139.21113689095137,0.0009831183069791828,0.023970290094552035,0.010761518529141213,0.17835809871912195
brunone,3000.0,30.0,2,1,3000.290023201856,0.0,0.10656747250025052,0.21967945095313587,1.0,1.0
brunone,3000.0,30.0,2,2,3029.2923433874707,29.002320185614735,0.01705845537901908,0.08451433039977597,0.1600718772698581,0.38471659517123147
brunone,3000.0,30.0,3,1,3000.290023201856,0.0,0.0988527815360181,0.21141585609064847,1.0,1.0
brunone,3000.0,30.0,3,2,3029.2923433874707,29.002320185614735,0.016562106106822395,0.07252798087855115,0.16754314698557884,0.34305837896781705
brunone,3000.0,30.0,3,3,3059.7447795823664,59.45475638051039,0.007076953563325585,0.04166720056672128,0.07159083895628186,0.1970864500761745
brunone,3000.0,30.0,4,1,3000.290023201856,0.0,0.09411145435237128,0.1867350562737704,1.0,1.0
brunone,3000.0,30.0,4,2,3029.2923433874707,29.002320185614735,0.01649416496241795,0.09607648375417492,0.17526203453046896,0.514506947283204
brunone,3000.0,30.0,4,3,3059.7447795823664,59.45475638051039,0.0068179279240845716,0.043134575234770205,0.072445250910234,0.23099345187510498
brunone,3000.0,30.0,4,4,3090.197215777262,89.90719257540604,0.0037953105809803373,0.035526345555136216,0.04032782839344899,0.190250005885619
brunone,3000.0,30.0,5,1,3000.290023201856,0.0,0.08697814672474125,0.15271975824274364,1.0,1.0
brunone,3000.0,30.0,5,2,3029.2923433874707,29.002320185614735,0.01457621636410408,0.08313586910245221,0.1675848119670021,0.544368784098716
brunone,3000.0,30.0,5,3,3059.7447795823664,59.45475638051039,0.005259172973995605,0.037583835668614875,0.06046545220880884,0.24609674675411974
brunone,3000.0,30.0,5,4,3090.197215777262,89.90719257540604,0.0032610703864255366,0.03141515859137391,0.03749298541328788,0.20570461185146993
brunone,3000.0,30.0,5,5,3120.6496519721577,120.3596287703017,0.002461202884318177,0.02780276045952557,0.02829679611485765,0.1820508412233988
brunone,3000.0,30.0,6,1,3000.290023201856,0.0,0.08249337221727163,0.12481897079294575,1.0,1.0
brunone,3000.0,30.0,6,2,3029.2923433874707,29.002320185614735,0.012351232566223478,0.09163121439891125,0.14972393822976124,0.7341128821748775
brunone,3000.0,30.0,6,3,3059.7447795823664,59.45475638051039,0.004312583965107954,0.04204402613550058,0.05227794487234004,0.3368400321554064
brunone,3000.0,30.0,6,4,3090.197215777262,89.90719257540604,0.0027441363116361512,0.03656909239308789,0.03326493071962952,0.2929770383522072
brunone,3000.0,30.0,6,5,3120.6496519721577,120.3596287703017,0.0018662404002515482,0.03243243109624138,0.022622913212181836,0.2598357516506163
brunone,3000.0,30.0,6,6,3149.6519721577724,149.36194895591643,0.0014651550144594116,0.028536447946762345,0.01776088157240652,0.22862268263771893
brunone,3000.0,30.0,7,1,3000.290023201856,0.0,0.08165579380204004,0.1306504388478721,1.0,1.0
brunone,3000.0,30.0,7,2,3029.2923433874707,29.002320185614735,0.010120752109751746,0.07376287206024898,0.12394407841148065,0.5645818928028067
brunone,3000.0,30.0,7,3,3059.7447795823664,59.45475638051039,0.0040578741744716085,0.044658336137813975,0.04969487142956694,0.34181543155636573
brunone,3000.0,30.0,7,4,3090.197215777262,89.90719257540604,0.0023860747304209166,0.038842275591073394,0.029221132014288304,0.29729923552955606
brunone,3000.0,30.0,7,5,3120.6496519721577,120.3596287703017,0.0016439073207765538,0.03314649383694148,0.020132157734721372,0.2537036548000951
brunone,3000.0,30.0,7,6,3149.6519721577724,149.36194895591643,0.001426001532635336,0.02873536279959987,0.017463568305911316,0.2199408058097608
brunone,3000.0,30.0,7,7,3180.104408352668,179.8143851508121,0.0012248310587192265,0.022709683520669714,0.01499992837848851,0.1738201855342607
brunone,3000.0,30.0,8,1,3000.290023201856,0.0,0.08935157120431698,0.1248345497643712,1.0,1.0
brunone,3000.0,30.0,8,2,3029.2923433874707,29.002320185614735,0.007962004955641156,0.0834298686947103,0.08910872912838577,0.6683235438601459
brunone,3000.0,30.0,8,3,3059.7447795823664,59.45475638051039,0.003537334466630297,0.04514640486678738,0.03958894531962514,0.3616499194494034
brunone,3000.0,30.0,8,4,3090.197215777262,89.90719257540604,0.002163322371437277,0.03966311087192462,0.024211352327431226,0.31772542895208
brunone,3000.0,30.0,8,5,3120.6496519721577,120.3596287703017,0.001726815063926802,0.03388963617651169,0.019326073852446946,0.2714764161081956
brunone,3000.0,30.0,8,6,3149.6519721577724,149.36194895591643,0.0014077015780351895,0.029829805447263325,0.015754637093244275,0.23895472450189423
brunone,3000.0,30.0,8,7,3180.104408352668,179.8143851508121,0.0013034142041520565,0.02523931670415383,0.014587479398337459,0.20218214229789563
brunone,3000.0,30.0,8,8,3210.5568445475637,210.26682134570774,0.0012446694761704179,0.022840000237474335,0.01393002338284883,0.18296217097418538
brunone,3000.0,40.0,2,1,3000.290023201856,0.0,0.10672833750118346,0.21222576890241224,1.0,1.0
brunone,3000.0,40.0,2,2,3039.443155452436,39.1531322505798,0.01727747016596405,0.05383287120285296,0.1618826880515446,0.25365850472006973
brunone,3000.0,40.0,3,1,3000.290023201856,0.0,0.09866599000296239,0.2131822984236647,1.0,1.0
brunone,3000.0,40.0,3,2,3039.443155452436,39.1531322505798,0.016723630859840737,0.050661854671926014,0.16949742114115127,0.23764569125361396
brunone,3000.0,40.0,3,3,3080.046403712297,79.75638051044098,0.007280284832774731,0.0461992416384111,0.07378717664066559,0.2167123723687307
brunone,3000.0,40.0,4,1,3000.290023201856,0.0,0.0943764064131471,0.18420638039055182,1.0,1.0
brunone,3000.0,40.0,4,2,3039.443155452436,39.1531322505798,0.016678279489870478,0.05642544370734505,0.1767208577200828,0.30631644565032223
brunone,3000.0,40.0,4,3,3080.046403712297,79.75638051044098,0.0067770013218253974,0.043703493967889404,0.07180821541517529,0.2372528784031794
brunone,3000.0,40.0,4,4,3120.6496519721577,120.3596287703017,0.0038330661136894593,0.034158304946204476,0.0406146648232147,0.1854349717625552
brunone,3000.0,40.0,5,1,3000.290023201856,0.0,0.08700408020292653,0.1544501173997715,1.0,1.0
brunone,3000.0,40.0,5,2,3039.443155452436,39.1531322505798,0.014505500319684457,0.059735931732972605,0.16672206965296485,0.3867652076842059
brunone,3000.0,40.0,5,3,3080.046403712297,79.75638051044098,0.005178743477298662,0.04457102735421108,0.05952299553331139,0.2885787858538528
brunone,3000.0,40.0,5,4,3120.6496519721577,120.3596287703017,0.0030232725157312863,0.03748080101552935,0.03474862912957493,0.24267253173084868
brunone,3000.0,40.0,5,5,3159.8027842227375,159.5127610208815,0.002206509607968381,0.030377535269017895,0.025360989999801888,0.19668185288839954
brunone,3000.0,40.0,6,1,3000.290023201856,0.0,0.08290571446230038,0.12126224621680931,1.0,1.0
brunone,3000.0,40.0,6,2,3039.443155452436,39.1531322505798,0.012018421832598944,0.060095354747836414,0.14496493891339743,0.4955817381148431
brunone,3000.0,40.0,6,3,3080.046403712297,79.75638051044098,0.004343393428426302,0.047968285835956734,0.05238955428580702,0.39557477559992116
brunone,3000.0,40.0,6,4,3120.6496519721577,120.3596287703017,0.002490394570713399,0.03924755653382258,0.0300388771373034,0.3236584984880653
brunone,3000.0,40.0,6,5,3159.8027842227375,159.5127610208815,0.0018062326452041998,0.031765273587114694,0.021786588016505737,0.2619551804303573
brunone,3000.0,40.0,6,6,3200.406032482598,200.11600928074222,0.0014803181757281237,0.025787885235212995,0.017855441996115565,0.21266211075379446
brunone,3000.0,40.0,7,1,3000.290023201856,0.0,0.08156535631874358,0.1211646227076931,1.0,1.0
brunone,3000.0,40.0,7,2,3039.443155452436,39.1531322505798,0.009231122413449805,0.05159826676346205,0.11317454897611363,0.42585257652261826
brunone,3000.0,40.0,7,3,3080.046403712297,79.75638051044098,0.0036793853214438696,0.043737367717322964,0.045109657917332645,0.3609747361887832
brunone,3000.0,40.0,7,4,3120.6496519721577,120.3596287703017,0.002377995850861839,0.03688323058958262,0.02915448369487941,0.304405937684984
brunone,3000.0,40.0,7,5,3159.8027842227375,159.5127610208815,0.0017344121914628255,0.02971427612062284,0.02126407913532599,0.2452388779545648
brunone,3000.0,40.0,7,6,3200.406032482598,200.11600928074222,0.0014918235924592297,0.0259225097157648,0.01828991694254894,0.21394454203272079
brunone,3000.0,40.0,7,7,3239.5591647331785,239.26914153132248,0.0013431732013302969,0.021592877709955126,0.016467447234355278,0.17821107537344008
brunone,3000.0,40.0,8,1,3000.290023201856,0.0,0.08693003659568511,0.11149149673526895,1.0,1.0
brunone,3000.0,40.0,8,2,3039.443155452436,39.1531322505798,0.005978139313669908,0.04637911899624517,0.06876954787761634,0.4159879484474954
brunone,3000.0,40.0,8,3,3080.046403712297,79.75638051044098,0.0027656455152089052,0.04071171333317891,0.031814613492825584,0.3651553214847125
brunone,3000.0,40.0,8,4,3120.6496519721577,120.3596287703017,0.0018496835906305577,0.035265481560910326,0.0212778420792977,0.31630646814838687
brunone,3000.0,40.0,8,5,3159.8027842227375,159.5127610208815,0.0015811458892423633,0.028428281714279365,0.018188717630435756,0.2549816133671693
brunone,3000.0,40.0,8,6,3200.406032482598,200.11600928074222,0.0013801547956606786,0.02483684121599243,0.01587661583624807,0.2227689280642297
brunone,3000.0,40.0,8,7,3239.5591647331785,239.26914153132248,0.0013978698601721544,0.021068672461768842,0.01608040114688666,0.18897111509584774
brunone,3000.0,40.0,8,8,3280.162412993039,279.8723897911832,0.0013503884629098336,0.019135374944412815,0.015534198716498204,0.17163080149375712
brunone,3000.0,50.0,2,1,3000.290023201856,0.0,0.10656413199762424,0.21105718162639092,1.0,1.0
brunone,3000.0,50.0,2,2,3049.5939675174013,49.30394431554532,0.01815031390748051,0.05677604894338627,0.1703229179203107,0.2690078987403995
brunone,3000.0,50.0,3,1,3000.290023201856,0.0,0.09909217546714942,0.20392121229085597,1.0,1.0
brunone,3000.0,50.0,3,2,3049.5939675174013,49.30394431554532,0.01768307195966193,0.05297734743403946,0.17845073918600304,0.259793215423205
brunone,3000.0,50.0,3,3,3100.348027842227,100.05800464037111,0.007446608614606623,0.034858238350577844,0.07514830085726888,0.1709397367688213
brunone,3000.0,50.0,4,1,3000.290023201856,0.0,0.09402585516643909,0.18568390139923727,1.0,1.0
brunone,3000.0,50.0,4,2,3049.5939675174013,49.30394431554532,0.016644756808054884,0.05907563916609139,0.1770231898299814,0.3181516476168464
brunone,3000.0,50.0,4,3,3100.348027842227,100.05800464037111,0.006606758967590605,0.044338459749835094,0.07026534303671798,0.2387846195373899
brunone,3000.0,50.0,4,4,3149.6519721577724,149.36194895591643,0.003964509321005696,0.030076724502466533,0.04216403364785093,0.1619780943626278
brunone,3000.0,50.0,5,1,3000.290023201856,0.0,0.08736644689672597,0.14972611371876632,1.0,1.0
brunone,3000.0,50.0,5,2,3049.5939675174013,49.30394431554532,0.01381904907631404,0.06141863188394335,0.15817341287381464,0.41020654552823865
brunone,3000.0,50.0,5,3,3100.348027842227,100.05800464037111,0.0050916586995622005,0.04968678237035236,0.05827933812600783,0.33185114564370566
brunone,3000.0,50.0,5,4,3149.6519721577724,149.36194895591643,0.002782617790606175,0.04110023126692044,0.03184995944604968,0.2745027587112817
brunone,3000.0,50.0,5,5,3200.406032482598,200.11600928074222,0.0019444601880413402,0.02766602204924831,0.022256372521820025,0.1847775338723743
brunone,3000.0,50.0,6,1,3000.290023201856,0.0,0.08279817483332674,0.12762984818921036,1.0,1.0
brunone,3000.0,50.0,6,2,3049.5939675174013,49.30394431554532,0.011372084797172055,0.05855942526160157,0.13734704684087704,0.45882233734845185
brunone,3000.0,50.0,6,3,3100.348027842227,100.05800464037111,0.004185698821226889,0.04934757664047432,0.050553032475084476,0.38664604981208534
brunone,3000.0,50.0,6,4,3149.6519721577724,149.36194895591643,0.0025410675760262885,0.04015635978841472,0.03068989843244098,0.3146314154419677
brunone,3000.0,50.0,6,5,3200.406032482598,200.11600928074222,0.0015760211120534671,0.03224875255491009,0.01903449098033873,0.25267406498126943
brunone,3000.0,50.0,6,6,3249.7099767981435,249.41995359628754,0.0012586800024421854,0.02483611791811618,0.015201784398942566,0.19459490292033263
brunone,3000.0,50.0,7,1,3000.290023201856,0.0,0.07972274436189883,0.115402382198273,1.0,1.0
brunone,3000.0,50.0,7,2,3049.5939675174013,49.30394431554532,0.007618296810174479,0.05216811269746584,0.09555989161125043,0.4520540365261761
brunone,3000.0,50.0,7,3,3100.348027842227,100.05800464037111,0.003257634959320094,0.04080123116404415,0.040862052421730057,0.35355622983539015
brunone,3000.0,50.0,7,4,3149.6519721577724,149.36194895591643,0.0021943982086818853,0.03419413904392497,0.027525372166322892,0.29630358050300876
brunone,3000.0,50.0,7,5,3200.406032482598,200.11600928074222,0.001740887555018741,0.03170315605621546,0.021836774046764346,0.2747183849441359
brunone,3000.0,50.0,7,6,3249.7099767981435,249.41995359628754,0.0013985985585821049,0.024237463730710944,0.017543281654143913,0.21002567944454145
brunone,3000.0,50.0,7,7,3300.46403712297,300.1740139211138,0.001339799816122188,0.020497972400243574,0.01680574128306735,0.1776217441077254
brunone,3000.0,50.0,8,1,3000.290023201856,0.0,0.08357054334686259,0.10358701100308826,1.0,1.0
brunone,3000.0,50.0,8,2,3049.5939675174013,49.30394431554532,0.007003989126539105,0.0484871546664006,0.08380930464301031,0.468081414811313
brunone,3000.0,50.0,8,3,3100.348027842227,100.05800464037111,0.0015591472267680105,0.04258566863529781,0.018656660161903135,0.4111101210752012
brunone,3000.0,50.0,8,4,3149.6519721577724,149.36194895591643,0.0016106811331373114,0.03486295198015599,0.019273311727220924,0.3365571768367427
brunone,3000.0,50.0,8,5,3200.406032482598,200.11600928074222,0.0015305062578431121,0.029640919847322256,0.018313944083032822,0.28614514078834236
brunone,3000.0,50.0,8,6,3249.7099767981435,249.41995359628754,0.0016268883347090278,0.02123284938773508,0.019467246107956585,0.20497598281991228
brunone,3000.0,50.0,8,7,3300.46403712297,300.1740139211138,0.0012278676252726673,0.016931648210439753,0.014692588753149036,0.1634533909848501
brunone,3000.0,50.0,8,8,3349.7679814385147,349.47795823665865,0.0011919033837181924,0.013258267432194921,0.014262242842805915,0.12799160149335373
brunone,3000.0,60.0,2,1,3000.290023201856,0.0,0.1060245704521654,0.21029897370925055,1.0,1.0
brunone,3000.0,60.0,2,2,3059.7447795823664,59.45475638051039,0.0181000125040942,0.05375802443659692,0.17071526370635282,0.25562666088385305
brunone,3000.0,60.0,3,1,3000.290023201856,0.0,0.09989797057846424,0.20253650235512402,1.0,1.0
brunone,3000.0,60.0,3,2,3059.7447795823664,59.45475638051039,0.01744662111149486,0.05746189941397175,0.17464439978579466,0.28371132485155215
brunone,3000.0,60.0,3,3,3120.6496519721577,120.3596287703017,0.007545429305449445,0.035465154625175216,0.07553135726138635,0.1751050018775935
brunone,3000.0,60.0,4,1,3000.290023201856,0.0,0.09468391983660368,0.1875644753540162,1.0,1.0
brunone,3000.0,60.0,4,2,3059.7447795823664,59.45475638051039,0.016385234378066063,0.07154502080210368,0.17305192271657227,0.3814422782729348
brunone,3000.0,60.0,4,3,3120.6496519721577,120.3596287703017,0.006595336682894676,0.04589802628605757,0.06965635447155408,0.24470532705848436
brunone,3000.0,60.0,4,4,3180.104408352668,179.8143851508121,0.003812708780092369,0.027589213340161102,0.04026775387702549,0.14709189087159596
brunone,3000.0,60.0,5,1,3000.290023201856,0.0,0.08786793696224358,0.15502263648656595,1.0,1.0
brunone,3000.0,60.0,5,2,3059.7447795823664,59.45475638051039,0.013897043240526843,0.06860170203907462,0.1581582966548803,0.44252699859752126
brunone,3000.0,60.0,5,3,3120.6496519721577,120.3596287703017,0.0049865930840367,0.05075027524439064,0.056750997649795895,0.32737332040400813
brunone,3000.0,60.0,5,4,3180.104408352668,179.8143851508121,0.0026408287680307375,0.035469939181324614,0.030054521129425044,0.22880490220793265
brunone,3000.0,60.0,5,5,3239.5591647331785,239.26914153132248,0.001836111293894938,0.02498061964462969,0.020896260426415906,0.1611417545901077
brunone,3000.0,60.0,6,1,3000.290023201856,0.0,0.08211361663667084,0.1205800880389371,1.0,1.0
brunone,3000.0,60.0,6,2,3059.7447795823664,59.45475638051039,0.01002334885280481,0.06232951966080754,0.12206682963624961,0.516913867575552
brunone,3000.0,60.0,6,3,3120.6496519721577,120.3596287703017,0.0038940570620613355,0.046599953813310745,0.04742279321700588,0.3864647519436453
brunone,3000.0,60.0,6,4,3180.104408352668,179.8143851508121,0.0022905064500275026,0.03754340574691984,0.02789435594052976,0.3113565959148787
brunone,3000.0,60.0,6,5,3239.5591647331785,239.26914153132248,0.0015225401789644782,0.027602861164755924,0.018541872119715308,0.22891724175754913
brunone,3000.0,60.0,6,6,3300.46403712297,300.1740139211138,0.0014733091808092214,0.01943656725331789,0.017942324807445655,0.16119217998117177
brunone,3000.0,60.0,7,1,3000.290023201856,0.0,0.07805312922906293,0.10614371233566637,1.0,1.0
brunone,3000.0,60.0,7,2,3059.7447795823664,59.45475638051039,0.006965448404349673,0.055678106213849235,0.08923983539350656,0.5245539748767606
brunone,3000.0,60.0,7,3,3120.6496519721577,120.3596287703017,0.002687014963333225,0.04420081282006461,0.03442546109135007,0.4164242219104322
brunone,3000.0,60.0,7,4,3180.104408352668,179.8143851508121,0.002128414295547867,0.034568474388529946,0.02726878879258765,0.32567613877317025
brunone,3000.0,60.0,7,5,3239.5591647331785,239.26914153132248,0.001402826034176397,0.025538176418248234,0.017972707155141928,0.24059999274838728
brunone,3000.0,60.0,7,6,3300.46403712297,300.1740139211138,0.0014558545492166794,0.02040245444295196,0.01865209714967577,0.19221538416172707
brunone,3000.0,60.0,7,7,3359.91879350348,359.6287703016242,0.0013748629048698994,0.015357599062944986,0.01761444952238983,0.14468684696441064
brunone,3000.0,60.0,8,1,3000.290023201856,0.0,0.08063672453576154,0.09598824268052368,1.0,1.0
brunone,3000.0,60.0,8,2,3059.7447795823664,59.45475638051039,0.009208347924434347,0.057667845698595954,0.11419546090752411,0.6007803048393232
brunone,3000.0,60.0,8,3,3120.6496519721577,120.3596287703017,0.001707258205769864,0.051857701696125795,0.021172216699014267,0.5402505582764241
brunone,3000.0,60.0,8,4,3180.104408352668,179.8143851508121,0.001338526648810428,0.03680167067547364,0.01659946701104911,0.3833976917148085
brunone,3000.0,60.0,8,5,3239.5591647331785,239.26914153132248,0.0014000442164238513,0.02406100659612433,0.01736236466057034,0.250666184984824
brunone,3000.0,60.0,8,6,3300.46403712297,300.1740139211138,0.0012411984403398863,0.017833657679717663,0.01539247095520885,0.18579002158705182
brunone,3000.0,60.0,8,7,3359.91879350348,359.6287703016242,0.001289420816836271,0.014420994200399785,0.015990490986081986,0.15023708943601538
brunone,3000.0,60.0,8,8,3419.3735498839906,419.08352668213456,0.0009532660302961315,0.01317568902763714,0.011821735515476798,0.13726357165939168
brunone,3000.0,70.0,2,1,3000.290023201856,0.0,0.10557119021116755,0.21081649447975664,1.0,1.0
brunone,3000.0,70.0,2,2,3069.8955916473315,69.60556844547546,0.018258510694646735,0.05199358171996291,0.17294974754121234,0.24662957160098078
brunone,3000.0,70.0,3,1,3000.290023201856,0.0,0.10002764411982047,0.2003761756115054,1.0,1.0
brunone,3000.0,70.0,3,2,3069.8955916473315,69.60556844547546,0.01788017873306667,0.056517837651061484,0.178752372810545,0.28205867029142107
brunone,3000.0,70.0,3,3,3139.5011600928074,139.21113689095137,0.008168373548292421,0.03526619400027259,0.08166116097373785,0.17599993558439608
brunone,3000.0,70.0,4,1,3000.290023201856,0.0,0.09508535311851625,0.1838528526956043,1.0,1.0
brunone,3000.0,70.0,4,2,3069.8955916473315,69.60556844547546,0.016409522615643643,0.05993855537206906,0.1725767647430461,0.32601373594842303
brunone,3000.0,70.0,4,3,3139.5011600928074,139.21113689095137,0.006949685348018953,0.0424639588642919,0.07308891559099254,0.23096709265967869
brunone,3000.0,70.0,4,4,3210.5568445475637,210.26682134570774,0.003745672122376301,0.026582467300411777,0.039392735048347796,0.14458555801917852
brunone,3000.0,70.0,5,1,3000.290023201856,0.0,0.08829124224425981,0.147773014704517,1.0,1.0
brunone,3000.0,70.0,5,2,3069.8955916473315,69.60556844547546,0.013150340318415483,0.06850360613708044,0.14894274884064668,0.46357317859460623
brunone,3000.0,70.0,5,3,3139.5011600928074,139.21113689095137,0.004891828753250632,0.04710068666538491,0.055405594359146874,0.3187367244254047
brunone,3000.0,70.0,5,4,3210.5568445475637,210.26682134570774,0.0024150437698882508,0.035302914586856124,0.027353152005801153,0.23889960326956106
brunone,3000.0,70.0,5,5,3280.162412993039,279.8723897911832,0.0016789610651926237,0.025116895402420698,0.019016167657350865,0.16996943219060512
brunone,3000.0,70.0,6,1,3000.290023201856,0.0,0.08105626119191559,0.11428567672544206,1.0,1.0
brunone,3000.0,70.0,6,2,3069.8955916473315,69.60556844547546,0.008859038441466452,0.06306126998721129,0.10929493059753954,0.5517862937339786
brunone,3000.0,70.0,6,3,3139.5011600928074,139.21113689095137,0.0037853198890676855,0.04670829354879789,0.04669990736564132,0.40869770287145507
brunone,3000.0,70.0,6,4,3210.5568445475637,210.26682134570774,0.0020620468385741126,0.03475791326360181,0.025439698405183505,0.3041318410101698
brunone,3000.0,70.0,6,5,3280.162412993039,279.8723897911832,0.001713794327515174,0.025124054735875315,0.02114326891364322,0.21983555118838655
brunone,3000.0,70.0,6,6,3349.7679814385147,349.47795823665865,0.001307916729020445,0.019281965452880814,0.016135912387122222,0.16871725316203426
brunone,3000.0,70.0,7,1,3000.290023201856,0.0,0.0764695909954539,0.09855664661259098,1.0,1.0
brunone,3000.0,70.0,7,2,3069.8955916473315,69.60556844547546,0.008782300069191437,0.06509475227231379,0.11484696014280425,0.6604805917168624
brunone,3000.0,70.0,7,3,3139.5011600928074,139.21113689095137,0.002482252473654662,0.047882076719571565,0.032460647969233036,0.4858330550529755
brunone,3000.0,70.0,7,4,3210.5568445475637,210.26682134570774,0.001827959832505355,0.03657474957767554,0.023904401850586943,0.3711038355580879
brunone,3000.0,70.0,7,5,3280.162412993039,279.8723897911832,0.001627490544480309,0.025560545320214758,0.021282846204539827,0.2593487724951602
brunone,3000.0,70.0,7,6,3349.7679814385147,349.47795823665865,0.0013114277492830802,0.018477296995474898,0.017149663444140092,0.18747895378488208
brunone,3000.0,70.0,7,7,3419.3735498839906,419.08352668213456,0.0012590298561255583,0.01510834130572171,0.016464451290192035,0.1532960163012645
brunone,3000.0,70.0,8,1,3000.290023201856,0.0,0.07877818786365849,0.10056822450389095,1.0,1.0
brunone,3000.0,70.0,8,2,3069.8955916473315,69.60556844547546,0.010413181883167952,0.05525160049800125,0.1321835671212704,0.5493942124419585
brunone,3000.0,70.0,8,3,3139.5011600928074,139.21113689095137,0.0023152075263229294,0.04349001396157222,0.029388941141040993,0.4324428931316134
brunone,3000.0,70.0,8,4,3210.5568445475637,210.26682134570774,0.0012818830039666572,0.03719321433057822,0.016272054977771434,0.3698306747887274
brunone,3000.0,70.0,8,5,3280.162412993039,279.8723897911832,0.0011474074601639384,0.028554058444969468,0.014565040035571242,0.2839272402971052
brunone,3000.0,70.0,8,6,3349.7679814385147,349.47795823665865,0.0012940716875061292,0.019827306547540478,0.01642677653039926,0.19715279498419866
brunone,3000.0,70.0,8,7,3419.3735498839906,419.08352668213456,0.001142767102552234,0.013735473619061002,0.01450613594374654,0.13657866276171138
brunone,3000.0,70.0,8,8,3490.429234338747,490.13921113689094,0.0011106799284090784,0.009303953750491692,0.014098825557289201,0.09251385113328439
brunone,3000.0,80.0,2,1,3000.290023201856,0.0,0.10533175798408227,0.21079389180104843,1.0,1.0
brunone,3000.0,80.0,2,2,3080.046403712297,79.75638051044098,0.018621025651633406,0.04996901836915168,0.17678453306027053,0.23705154804159817
brunone,3000.0,80.0,3,1,3000.290023201856,0.0,0.10008136277238053,0.20646335915061773,1.0,1.0
brunone,3000.0,80.0,3,2,3080.046403712297,79.75638051044098,0.017662679573549257,0.05869941605658967,0.17648320410784443,0.28430912050485274
brunone,3000.0,80.0,3,3,3159.8027842227375,159.5127610208815,0.008106564041338953,0.035016253200095625,0.08099973678192283,0.16960032687713275
brunone,3000.0,80.0,4,1,3000.290023201856,0.0,0.09565156415378152,0.1787085195907476,1.0,1.0
brunone,3000.0,80.0,4,2,3080.046403712297,79.75638051044098,0.01570205977568414,0.064937059935178,0.1641589441280806,0.3633685740550448
brunone,3000.0,80.0,4,3,3159.8027842227375,159.5127610208815,0.006666916084174061,0.04092921906179032,0.06970002156426303,0.22902779988061284
brunone,3000.0,80.0,4,4,3239.5591647331785,239.26914153132248,0.0037655208963678372,0.0288579208445116,0.03936706032651918,0.16148038666873765
brunone,3000.0,80.0,5,1,3000.290023201856,0.0,0.08843697410611606,0.1461828021373115,1.0,1.0
brunone,3000.0,80.0,5,2,3080.046403712297,79.75638051044098,0.012126969239240505,0.0695858122383094,0.13712555593194858,0.4760191432980365
brunone,3000.0,80.0,5,3,3159.8027842227375,159.5127610208815,0.004694288581319184,0.04821221394308252,0.05308061055646792,0.32980770130398873
brunone,3000.0,80.0,5,4,3239.5591647331785,239.26914153132248,0.0024263547816772797,0.03373931025262037,0.02743597693387702,0.2308021857518409
brunone,3000.0,80.0,5,5,3319.3155452436195,319.02552204176345,0.0017431328384974315,0.026604348478656857,0.019710453191284404,0.18199369617820726
brunone,3000.0,80.0,6,1,3000.290023201856,0.0,0.07991523580495377,0.11555112593291382,1.0,1.0
brunone,3000.0,80.0,6,2,3080.046403712297,79.75638051044098,0.00847356694250703,0.06471749618943934,0.1060319331746472,0.5600767250594576
brunone,3000.0,80.0,6,3,3159.8027842227375,159.5127610208815,0.0032457098570788778,0.04940180501839834,0.04061440630670933,0.42753200905268396
brunone,3000.0,80.0,6,4,3239.5591647331785,239.26914153132248,0.002383873303270101,0.035755379562770286,0.029830022764224015,0.3094334155041379
brunone,3000.0,80.0,6,5,3319.3155452436195,319.02552204176345,0.0017208001418185434,0.025793231411170806,0.021532816921399547,0.22321921316583043
brunone,3000.0,80.0,6,6,3400.522041763341,400.2320185614849,0.0013045871907244855,0.020241822011139995,0.016324636692664516,0.17517632863994684
brunone,3000.0,80.0,7,1,3000.290023201856,0.0,0.07511670223048912,0.09398091900192293,1.0,1.0
brunone,3000.0,80.0,7,2,3080.046403712297,79.75638051044098,0.010319677234854236,0.06560877961245386,0.1373819261019899,0.6981074489291964
brunone,3000.0,80.0,7,3,3159.8027842227375,159.5127610208815,0.0021134409651718043,0.049600117703169036,0.028135433298001996,0.5277679578995623
brunone,3000.0,80.0,7,4,3239.5591647331785,239.26914153132248,0.0018371195555665846,0.034316636121074925,0.024456871787708966,0.3651447175183803
brunone,3000.0,80.0,7,5,3319.3155452436195,319.02552204176345,0.0014336730285105736,0.023157651071888153,0.01908594208664102,0.24640800832575735
brunone,3000.0,80.0,7,6,3400.522041763341,400.2320185614849,0.0012773907529839376,0.017659382783678974,0.017005415773769916,0.18790391678674315
brunone,3000.0,80.0,7,7,3480.278422273782,479.98839907192587,0.0012934515262045235,0.01677845757227618,0.017219226720519214,0.1785304692746501
brunone,3000.0,80.0,8,1,3000.290023201856,0.0,0.07717700191203514,0.09886911372257422,1.0,1.0
brunone,3000.0,80.0,8,2,3080.046403712297,79.75638051044098,0.011060443046330347,0.05480094055690467,0.14331268088046265,0.5542776555140929
brunone,3000.0,80.0,8,3,3159.8027842227375,159.5127610208815,0.002166476067247664,0.04440166997894374,0.028071524075487825,0.44909545870446865
brunone,3000.0,80.0,8,4,3239.5591647331785,239.26914153132248,0.0016041884126898436,0.035175754892731864,0.020785834807605853,0.35578102774780296
brunone,3000.0,80.0,8,5,3319.3155452436195,319.02552204176345,0.0013070893543847256,0.026326999047978073,0.016936254609559994,0.2662813294943796
brunone,3000.0,80.0,8,6,3400.522041763341,400.2320185614849,0.001194154058173235,0.021008930991697837,0.015472926242124678,0.21249235682084391
brunone,3000.0,80.0,8,7,3480.278422273782,479.98839907192587,0.0011017738255722734,0.015223562053561974,0.014275934517747321,0.1539769244445656
brunone,3000.0,80.0,8,8,3560.0348027842224,559.7447795823664,0.001085342582799026,0.013201001441505147,0.014063031160967857,0.13351997347267652
brunone,3000.0,90.0,2,1,3000.290023201856,0.0,0.10509596238877787,0.21651266135367028,1.0,1.0
brunone,3000.0,90.0,2,2,3090.197215777262,89.90719257540604,0.017712612520051744,0.05361500599135549,0.16853751673663814,0.2476298875832308
brunone,3000.0,90.0,3,1,3000.290023201856,0.0,0.10035371909649661,0.2024273712223128,1.0,1.0
brunone,3000.0,90.0,3,2,3090.197215777262,89.90719257540604,0.017170157121942756,0.05738317649719452,0.17109637068290948,0.28347538255671123
brunone,3000.0,90.0,3,3,3180.104408352668,179.8143851508121,0.007942191808145097,0.0362172465595459,0.07914197779265325,0.17891476997826966
brunone,3000.0,90.0,4,1,3000.290023201856,0.0,0.0963011487294783,0.17113899556755938,1.0,1.0
brunone,3000.0,90.0,4,2,3090.197215777262,89.90719257540604,0.015454683734027135,0.06169217880902792,0.1604828596327675,0.3604799631108862
brunone,3000.0,90.0,4,3,3180.104408352668,179.8143851508121,0.006487467909360587,0.037844250744174746,0.06736646441866107,0.2211316632931577
brunone,3000.0,90.0,4,4,3270.011600928074,269.72157772621813,0.003632231284734212,0.027143063294954764,0.0377174242743209,0.1586024459530013
brunone,3000.0,90.0,5,1,3000.290023201856,0.0,0.08850865471683177,0.13876346530930408,1.0,1.0
brunone,3000.0,90.0,5,2,3090.197215777262,89.90719257540604,0.011024389742274533,0.06198613423056476,0.1245571947460412,0.4467035620103427
brunone,3000.0,90.0,5,3,3180.104408352668,179.8143851508121,0.004302391531622198,0.042632852238810644,0.04860983985562723,0.3072339836986769
brunone,3000.0,90.0,5,4,3270.011600928074,269.72157772621813,0.002104747288381758,0.030450239563538768,0.02378012969596629,0.2194398900003334
brunone,3000.0,90.0,5,5,3359.91879350348,359.6287703016242,0.0016753664524852617,0.022827173454141335,0.01892884326222457,0.16450420435421897
brunone,3000.0,90.0,6,1,3000.290023201856,0.0,0.07866997413658615,0.11477743695545,1.0,1.0
brunone,3000.0,90.0,6,2,3090.197215777262,89.90719257540604,0.009654802279574905,0.06419802544083632,0.12272537757305371,0.5593261806826572
brunone,3000.0,90.0,6,3,3180.104408352668,179.8143851508121,0.002733714832195419,0.04790106581987998,0.03474915127656158,0.4173386955702141
brunone,3000.0,90.0,6,4,3270.011600928074,269.72157772621813,0.0020131737150946103,0.034475709115256874,0.02559011537997146,0.30037009040930546
brunone,3000.0,90.0,6,5,3359.91879350348,359.6287703016242,0.001628635901745614,0.025092192288809004,0.02070212834845973,0.21861607084455414
brunone,3000.0,90.0,6,6,3449.825986078886,449.5359628770302,0.0014564912670664441,0.019900298388490747,0.018513941094447244,0.1733816237438278
brunone,3000.0,90.0,7,1,3000.290023201856,0.0,0.07445491371507096,0.1003860774197554,1.0,1.0
brunone,3000.0,90.0,7,2,3090.197215777262,89.90719257540604,0.011124718771526414,0.05987701005792996,0.14941550821077076,0.5964672751138547
brunone,3000.0,90.0,7,3,3180.104408352668,179.8143851508121,0.002160890392896952,0.04599721665661945,0.02902280433990417,0.45820314767640735
brunone,3000.0,90.0,7,4,3270.011600928074,269.72157772621813,0.0014295911094195448,0.03417166580497281,0.019200762422348642,0.34040244108838963
brunone,3000.0,90.0,7,5,3359.91879350348,359.6287703016242,0.00134278986340339,0.024205605708741456,0.018034939487567847,0.24112512741710068
brunone,3000.0,90.0,7,6,3449.825986078886,449.5359628770302,0.0012488895712445876,0.01695188596612458,0.016773769640294284,0.16886690268055585
brunone,3000.0,90.0,7,7,3539.7331786542923,539.4431554524363,0.0012186847385073248,0.011604559416683972,0.0163680901326549,0.11559929140532652
brunone,3000.0,90.0,8,1,3000.290023201856,0.0,0.07581515011631215,0.10304103192053696,1.0,1.0
brunone,3000.0,90.0,8,2,3090.197215777262,89.90719257540604,0.011451483242982497,0.05441521376643279,0.15104478755781864,0.5280926709701106
brunone,3000.0,90.0,8,3,3180.104408352668,179.8143851508121,0.0022569488033989307,0.040282268644553004,0.02976910023836163,0.3909342510818198
brunone,3000.0,90.0,8,4,3270.011600928074,269.72157772621813,0.0014012156656937514,0.03203688794686445,0.01848200080780781,0.3109138888629397
brunone,3000.0,90.0,8,5,3359.91879350348,359.6287703016242,0.0013334397611292033,0.025787736550052048,0.017588038262583414,0.2502666759969853
brunone,3000.0,90.0,8,6,3449.825986078886,449.5359628770302,0.001022950624484206,0.020697264300197887,0.013492694044855702,0.2008642956541737
brunone,3000.0,90.0,8,7,3539.7331786542923,539.4431554524363,0.000951688330908631,0.01521695535147051,0.01255274611273069,0.14767860014450845
brunone,3000.0,90.0,8,8,3629.6403712296983,629.3503480278423,0.0008701684032071116,0.012681101121688739,0.011477500234084333,0.12306846006228017
brunone,3000.0,100.0,2,1,3000.290023201856,0.0,0.10514358885384531,0.20933727378511058,1.0,1.0
brunone,3000.0,100.0,2,2,3100.348027842227,100.05800464037111,0.018064773560159293,0.05392251656086845,0.17181050939083128,0.2575867908560858
brunone,3000.0,100.0,3,1,3000.290023201856,0.0,0.10066414322813533,0.20462737374653392,1.0,1.0
brunone,3000.0,100.0,3,2,3100.348027842227,100.05800464037111,0.017478546312908905,0.060736779225072667,0.17363229599339303,0.2968164919142518
brunone,3000.0,100.0,3,3,3200.406032482598,200.11600928074222,0.007827694244016165,0.038754700847161636,0.07776050133637205,0.18939157619823618
brunone,3000.0,100.0,4,1,3000.290023201856,0.0,0.09706298296313533,0.165820386164264,1.0,1.0
brunone,3000.0,100.0,4,2,3100.348027842227,100.05800464037111,0.014752317883120388,0.0582741355856985,0.15198706481876145,0.35142925989794355
brunone,3000.0,100.0,4,3,3200.406032482598,200.11600928074222,0.0064647358114061195,0.040183034694762705,0.06660351468758627,0.24232867637249877
brunone,3000.0,100.0,4,4,3300.46403712297,300.1740139211138,0.0036277324508574957,0.03060177967170564,0.037375035673850185,0.18454775302109772
brunone,3000.0,100.0,5,1,3000.290023201856,0.0,0.08812216296324385,0.13733637285753833,1.0,1.0
brunone,3000.0,100.0,5,2,3100.348027842227,100.05800464037111,0.010778368165977388,0.05705309175119417,0.12231166148830339,0.415425939713556
brunone,3000.0,100.0,5,3,3200.406032482598,200.11600928074222,0.004067561886253634,0.03997759088421625,0.046158216610618516,0.2910925201562282
brunone,3000.0,100.0,5,4,3300.46403712297,300.1740139211138,0.001995059302200402,0.02928958278016005,0.022639699652317317,0.21326894085474865
brunone,3000.0,100.0,5,5,3400.522041763341,400.2320185614849,0.0015991353560385099,0.023422662080354723,0.018146801011971487,0.17054958998117348
brunone,3000.0,100.0,6,1,3000.290023201856,0.0,0.07768770408292637,0.11794369875382424,1.0,1.0
brunone,3000.0,100.0,6,2,3100.348027842227,100.05800464037111,0.01076370939578256,0.07069398652636424,0.1385510039567269,0.5993875660447019
brunone,3000.0,100.0,6,3,3200.406032482598,200.11600928074222,0.00237011858990933,0.04984517170718135,0.030508284649259153,0.4226183529415992
brunone,3000.0,100.0,6,4,3300.46403712297,300.1740139211138,0.001736968410717462,0.03152228846565689,0.022358343977617948,0.26726555804775287
brunone,3000.0,100.0,6,5,3400.522041763341,400.2320185614849,0.001527238510960566,0.020977161431601568,0.019658690252067974,0.17785741547232423
brunone,3000.0,100.0,6,6,3500.580046403712,500.290023201856,0.001373674175247507,0.017851599796779683,0.01768200246696958,0.15135696086689718
brunone,3000.0,100.0,7,1,3000.290023201856,0.0,0.07416049343988719,0.10211221965250165,1.0,1.0
brunone,3000.0,100.0,7,2,3100.348027842227,100.05800464037111,0.011412025430839823,0.05789538673516379,0.15388281417099997,0.5669780456461305
brunone,3000.0,100.0,7,3,3200.406032482598,200.11600928074222,0.0023348638767031727,0.04284319980459171,0.03148393124697532,0.41956976305472066
brunone,3000.0,100.0,7,4,3300.46403712297,300.1740139211138,0.0015456800997524945,0.030970482151338515,0.02084236536270336,0.30329849117700347
brunone,3000.0,100.0,7,5,3400.522041763341,400.2320185614849,0.0011581739122057996,0.021737233324126772,0.015617127913861429,0.21287592609484746
brunone,3000.0,100.0,7,6,3500.580046403712,500.290023201856,0.0010227697125357363,0.01610546785649996,0.01379130133977291,0.1577232177628546
brunone,3000.0,100.0,7,7,3600.638051044083,600.3480278422271,0.000928953535248619,0.013107564094953133,0.012526258822719507,0.12836430487516104
brunone,3000.0,100.0,8,1,3000.290023201856,0.0,0.07403953567431867,0.10791385487359094,1.0,1.0
brunone,3000.0,100.0,8,2,3100.348027842227,100.05800464037111,0.01207679441595691,0.05597624336403055,0.16311277894933993,0.5187122953730129
brunone,3000.0,100.0,8,3,3200.406032482598,200.11600928074222,0.0023749718966253846,0.035937358268076265,0.032077077131767676,0.33301894654929043
brunone,3000.0,100.0,8,4,3300.46403712297,300.1740139211138,0.0015101320607586424,0.02733488803765901,0.020396292967062007,0.25330285967152955
brunone,3000.0,100.0,8,5,3400.522041763341,400.2320185614849,0.0010165123812441227,0.022696123144698415,0.01372931869421096,0.21031704567763235
brunone,3000.0,100.0,8,6,3500.580046403712,500.290023201856,0.000935128144993864,0.01934533742866985,0.012630118982745353,0.17926648483951166
brunone,3000.0,100.0,8,7,3600.638051044083,600.3480278422271,0.0009689624375117163,0.017409286695474226,0.013087095005213684,0.1613257789360529
brunone,3000.0,100.0,8,8,3700.6960556844547,700.4060324825987,0.0009405927482889871,0.015558659514729936,0.012703925540895047,0.14417666325566048
brunone,3500.0,10.0,2,1,3500.580046403712,0.0,-0.00017427842865428423,0.0819659937292832,-0.00017427842865428423,1.0
brunone,3500.0,10.0,2,2,3509.2807424593966,8.700696055684602,0.10333387157575595,0.2501737013907381,0.10333387157575595,3.0521645625014964
brunone,3500.0,10.0,3,1,3500.580046403712,0.0,-0.0010322237166222454,0.10046204754618995,-0.0010322237166222454,1.0
brunone,3500.0,10.0,3,2,3509.2807424593966,8.700696055684602,0.10057756935331713,0.2172293419344163,0.10057756935331713,2.1623025534547224
brunone,3500.0,10.0,3,3,3519.4315545243617,18.85150812064967,0.01554202774239379,0.11804665644537547,0.01554202774239379,1.1750373332884794
brunone,3500.0,10.0,4,1,3500.580046403712,0.0,-0.0005819472144664263,0.10199735920405835,-0.0005819472144664263,1.0
brunone,3500.0,10.0,4,2,3509.2807424593966,8.700696055684602,0.09494433352805959,0.21851922302791504,0.09494433352805959,2.1424007908944023
brunone,3500.0,10.0,4,3,3519.4315545243617,18.85150812064967,0.01571072448957722,0.10752673990924613,0.01571072448957722,1.0542110182884792
brunone,3500.0,10.0,4,4,3529.5823665893267,29.002320185614735,0.004724213264661816,0.09227441415521105,0.004724213264661816,0.9046745413340032
brunone,3500.0,10.0,5,1,3500.580046403712,0.0,-0.00010065021706541402,0.11268897929048238,-0.00010065021706541402,1.0
brunone,3500.0,10.0,5,2,3509.2807424593966,8.700696055684602,0.08832687815895314,0.23952591927177735,0.08832687815895314,2.1255487517935796
brunone,3500.0,10.0,5,3,3519.4315545243617,18.85150812064967,0.01582340471388662,0.11527581287654175,0.01582340471388662,1.0229555152806131
brunone,3500.0,10.0,5,4,3529.5823665893267,29.002320185614735,0.004935285517958458,0.09572938836054272,0.004935285517958458,0.8495008914206036
brunone,3500.0,10.0,5,5,3539.7331786542923,39.153132250580256,0.0011494981412191127,0.0794779150356138,0.0011494981412191127,0.7052856058864528
brunone,3500.0,10.0,6,1,3500.580046403712,0.0,0.00044907491483452865,0.11233487887384258,1.0,1.0
brunone,3500.0,10.0,6,2,3509.2807424593966,8.700696055684602,0.08353861388543699,0.22852222820293558,186.02378161385076,2.0342945173740468
brunone,3500.0,10.0,6,3,3519.4315545243617,18.85150812064967,0.016189516773474483,0.11739557473643475,36.05081521741169,1.0450500851857023
brunone,3500.0,10.0,6,4,3529.5823665893267,29.002320185614735,0.005242075119496336,0.099120738372692,11.673052638506633,0.8823683202080924
brunone,3500.0,10.0,6,5,3539.7331786542923,39.153132250580256,0.0013655602973773047,0.08261076166546115,3.04082960830817,0.7353972558980276
brunone,3500.0,10.0,6,6,3549.8839907192573,49.30394431554532,0.0005327035801753018,0.061062505047666873,1.186224308190512,0.5435756521911861
brunone,3500.0,10.0,7,1,3500.580046403712,0.0,0.0008832483645704377,0.11594461846067218,1.0,1.0
brunone,3500.0,10.0,7,2,3509.2807424593966,8.700696055684602,0.07964604733528508,0.2129226991694262,90.17401053895009,1.8364172653830284
brunone,3500.0,10.0,7,3,3519.4315545243617,18.85150812064967,0.016118607952758657,0.13498186472985904,18.24923611446237,1.1641925819579475
brunone,3500.0,10.0,7,4,3529.5823665893267,29.002320185614735,0.005250243283117558,0.1184026434940134,5.944243424295476,1.0211999924272033
brunone,3500.0,10.0,7,5,3539.7331786542923,39.153132250580256,0.0013425540858770133,0.09512604484862335,1.5200187622537586,0.8204438128440572
brunone,3500.0,10.0,7,6,3549.8839907192573,49.30394431554532,0.0004178400784441694,0.06435032704922283,0.47307200919345405,0.555009175100698
brunone,3500.0,10.0,7,7,3560.0348027842224,59.45475638051039,0.0002897959329298651,0.04855383569570469,0.3281024279855933,0.41876748002904424
brunone,3500.0,10.0,8,1,3500.580046403712,0.0,0.0015474921176171531,0.12205328361138212,1.0,1.0
brunone,3500.0,10.0,8,2,3509.2807424593966,8.700696055684602,0.07507753296310636,0.20388514598418508,48.515615755582424,1.6704601461879203
brunone,3500.0,10.0,8,3,3519.4315545243617,18.85150812064967,0.01616063630351866,0.13528407575972723,10.443113809460304,1.1084017713974166
brunone,3500.0,10.0,8,4,3529.5823665893267,29.002320185614735,0.00533379645483,0.12191573008091332,3.4467357824368396,0.9988730042617553
brunone,3500.0,10.0,8,5,3539.7331786542923,39.153132250580256,0.0014485785970853554,0.0920543549088847,0.9360814059046026,0.7542144888292062
brunone,3500.0,10.0,8,6,3549.8839907192573,49.30394431554532,0.0004531246660154028,0.0665380716743735,0.2928122611138915,0.5451559327664698
brunone,3500.0,10.0,8,7,3560.0348027842224,59.45475638051039,0.0003274599080116189,0.05439095660468305,0.21160683423437762,0.4456328825848222
brunone,3500.0,10.0,8,8,3570.1856148491875,69.60556844547546,0.00025050220927762604,0.04323627036016643,0.16187624248668378,0.3542409436343458
brunone,3500.0,20.0,2,1,3500.580046403712,0.0,0.0739134199010688,0.15881974526452572,1.0,1.0
brunone,3500.0,20.0,2,2,3519.4315545243617,18.85150812064967,0.10368577195547758,0.1632545381556718,1.4028003587746083,1.0279234353622695
brunone,3500.0,20.0,3,1,3500.580046403712,0.0,0.08310807123326752,0.1578791795236594,1.0,1.0
brunone,3500.0,20.0,3,2,3519.4315545243617,18.85150812064967,0.09256136459769075,0.10696284422639711,1.1137469950167627,0.6774981004405835
brunone,3500.0,20.0,3,3,3539.7331786542923,39.153132250580256,0.0058384937412947055,0.061461663001022224,0.07025182578124375,0.3892955561744082
brunone,3500.0,20.0,4,1,3500.580046403712,0.0,0.08746814123630833,0.17792996671456712,1.0,1.0
brunone,3500.0,20.0,4,2,3519.4315545243617,18.85150812064967,0.08479774260228078,0.09271551990918997,0.9694700425059557,0.5210787233941485
brunone,3500.0,20.0,4,3,3539.7331786542923,39.153132250580256,0.005841828708201007,0.05190808629116478,0.06678807421342621,0.29173324341950246
brunone,3500.0,20.0,4,4,3560.0348027842224,59.45475638051039,0.0029760316566987306,0.03967732106739826,0.034024178571012885,0.22299403411370325
brunone,3500.0,20.0,5,1,3500.580046403712,0.0,0.08438574341365714,0.18353467712766464,1.0,1.0
brunone,3500.0,20.0,5,2,3519.4315545243617,18.85150812064967,0.07536313150765915,0.10153321205374859,0.8930789545602587,0.5532099636033535
brunone,3500.0,20.0,5,3,3539.7331786542923,39.153132250580256,0.005403298996389554,0.0581973036881203,0.06403094619789858,0.3170915959801914
brunone,3500.0,20.0,5,4,3560.0348027842224,59.45475638051039,0.0027265842156358306,0.039727773468861804,0.03231095805212229,0.21645922226036673
brunone,3500.0,20.0,5,5,3580.336426914153,79.75638051044098,0.0018452969297200485,0.036672988688596295,0.021867401471768067,0.19981503911158424
brunone,3500.0,20.0,6,1,3500.580046403712,0.0,0.08147698431757718,0.1648311163308375,1.0,1.0
brunone,3500.0,20.0,6,2,3519.4315545243617,18.85150812064967,0.06907993494237864,0.11285994090637302,0.8478459962769622,0.6847004583761263
brunone,3500.0,20.0,6,3,3539.7331786542923,39.153132250580256,0.004816814478692419,0.065060774824932,0.05911871332789718,0.3947117284235736
brunone,3500.0,20.0,6,4,3560.0348027842224,59.45475638051039,0.002507408118091012,0.039223282241899596,0.030774434511686807,0.23796042346260257
brunone,3500.0,20.0,6,5,3580.336426914153,79.75638051044098,0.0019032576987793254,0.03766234967112369,0.023359451932596042,0.2284905332772876
brunone,3500.0,20.0,6,6,3600.638051044083,100.05800464037111,0.0014553627409407731,0.030514784371731853,0.01786225586440618,0.18512757209315206
brunone,3500.0,20.0,7,1,3500.580046403712,0.0,0.07771944553971985,0.15905735517852887,1.0,1.0
brunone,3500.0,20.0,7,2,3519.4315545243617,18.85150812064967,0.06351219749055544,0.10566762398792608,0.8171982835118972,0.6643366090761588
brunone,3500.0,20.0,7,3,3539.7331786542923,39.153132250580256,0.004216867846762585,0.0538074339050096,0.05425756472500158,0.3382895047174345
brunone,3500.0,20.0,7,4,3560.0348027842224,59.45475638051039,0.0023003881271735694,0.040150159146417466,0.029598617324127934,0.25242566809533706
brunone,3500.0,20.0,7,5,3580.336426914153,79.75638051044098,0.0018388060448392342,0.036316654386543995,0.02365953632414273,0.2283242692284272
brunone,3500.0,20.0,7,6,3600.638051044083,100.05800464037111,0.001315467838989471,0.033167890717429684,0.016925852080573307,0.20852786518549513
brunone,3500.0,20.0,7,7,3619.489559164733,118.90951276102078,0.0009044455857327801,0.02891899438933814,0.011637313923843522,0.18181488279419042
brunone,3500.0,20.0,8,1,3500.580046403712,0.0,0.07259358463923417,0.15352044826408354,1.0,1.0
brunone,3500.0,20.0,8,2,3519.4315545243617,18.85150812064967,0.05753398420485579,0.09271164581052474,0.7925491555594126,0.6039042150987182
brunone,3500.0,20.0,8,3,3539.7331786542923,39.153132250580256,0.004106066872919312,0.051689323603074794,0.05656239312778244,0.3366934124251618
brunone,3500.0,20.0,8,4,3560.0348027842224,59.45475638051039,0.0023106790870970426,0.04019049452332569,0.03183034835075778,0.26179245161003317
brunone,3500.0,20.0,8,5,3580.336426914153,79.75638051044098,0.001850858603067303,0.03759683419200807,0.02549617314347337,0.24489789221651156
brunone,3500.0,20.0,8,6,3600.638051044083,100.05800464037111,0.0012806629881068397,0.03400173836215709,0.01764154497220803,0.22148019203062658
brunone,3500.0,20.0,8,7,3619.489559164733,118.90951276102078,0.0009270096291459614,0.030264217970845525,0.012769856093384685,0.1971347681240839
brunone,3500.0,20.0,8,8,3639.7911832946634,139.21113689095137,0.0008628179966088914,0.026109327620866676,0.011885595688610891,0.17007068384762536
brunone,3500.0,30.0,2,1,3500.580046403712,0.0,0.10560464158652565,0.22384833324386078,1.0,1.0
brunone,3500.0,30.0,2,2,3529.5823665893267,29.002320185614735,0.014665742105255996,0.10063143369390663,0.1388740294453803,0.44955185609659454
brunone,3500.0,30.0,3,1,3500.580046403712,0.0,0.10317641051159797,0.18802164533201768,1.0,1.0
brunone,3500.0,30.0,3,2,3529.5823665893267,29.002320185614735,0.01567179063448155,0.07218322158521519,0.15189315616596194,0.383909105027512
brunone,3500.0,30.0,3,3,3560.0348027842224,59.45475638051039,0.00636708863604223,0.04554511319760608,0.06171070116193383,0.24223335093776213
brunone,3500.0,30.0,4,1,3500.580046403712,0.0,0.09613055279449038,0.18518973919220064,1.0,1.0
brunone,3500.0,30.0,4,2,3529.5823665893267,29.002320185614735,0.015658549734291077,0.07738358548439218,0.1628883770986546,0.41786108572721203
brunone,3500.0,30.0,4,3,3560.0348027842224,59.45475638051039,0.006286476157110009,0.04073361761192055,0.06539519408100514,0.21995612602296957
brunone,3500.0,30.0,4,4,3590.487238979118,89.90719257540604,0.003578154803615562,0.03604845429419677,0.03722182698007579,0.19465686625749604
brunone,3500.0,30.0,5,1,3500.580046403712,0.0,0.08820920204352688,0.1917449884682639,1.0,1.0
brunone,3500.0,30.0,5,2,3529.5823665893267,29.002320185614735,0.015432131213558941,0.10224597541057523,0.17494922135157676,0.5332393624853364
brunone,3500.0,30.0,5,3,3560.0348027842224,59.45475638051039,0.006205868813829199,0.04062308838373812,0.07035398427895209,0.21185997458526395
brunone,3500.0,30.0,5,4,3590.487238979118,89.90719257540604,0.0034573465519056714,0.03696497401983961,0.03919485123785205,0.1927819564679666
brunone,3500.0,30.0,5,5,3619.489559164733,118.90951276102078,0.0023626935321132145,0.03197366495986818,0.026785113994652644,0.16675098116142004
brunone,3500.0,30.0,6,1,3500.580046403712,0.0,0.0816273923781246,0.17418458832400874,1.0,1.0
brunone,3500.0,30.0,6,2,3529.5823665893267,29.002320185614735,0.014385274317696189,0.09380996385362618,0.17623096730885296,0.5385663838360141
brunone,3500.0,30.0,6,3,3560.0348027842224,59.45475638051039,0.0054263516502845634,0.04315466446787387,0.06647709172366967,0.24775248420715557
brunone,3500.0,30.0,6,4,3590.487238979118,89.90719257540604,0.003017452737249495,0.03623242000036571,0.03696617825633427,0.2080116292089408
brunone,3500.0,30.0,6,5,3619.489559164733,118.90951276102078,0.0021816700211710316,0.03307834753584745,0.02672718014885037,0.18990398550253423
brunone,3500.0,30.0,6,6,3649.9419953596284,149.36194895591643,0.0016472303058145165,0.026419092283837733,0.020179871705125783,0.1516729610698644
brunone,3500.0,30.0,7,1,3500.580046403712,0.0,0.07670031804868989,0.1520625113115699,1.0,1.0
brunone,3500.0,30.0,7,2,3529.5823665893267,29.002320185614735,0.01341360278454989,0.08740680257629825,0.17488327461738612,0.5748083588939635
brunone,3500.0,30.0,7,3,3560.0348027842224,59.45475638051039,0.0048280716748990826,0.041970197682307676,0.06294721844352966,0.2760062116579967
brunone,3500.0,30.0,7,4,3590.487238979118,89.90719257540604,0.0025527735847623374,0.035415112371907545,0.03328243806162341,0.23289837887356354
brunone,3500.0,30.0,7,5,3619.489559164733,118.90951276102078,0.001752434269401311,0.03180148809361062,0.02284780968299054,0.2091343081165526
brunone,3500.0,30.0,7,6,3649.9419953596284,149.36194895591643,0.0012549636847210017,0.025412982065271282,0.01636190978927026,0.16712194114170006
brunone,3500.0,30.0,7,7,3680.394431554524,179.8143851508121,0.0010446522076397074,0.02049778019145929,0.013619920154393035,0.1347983800521364
brunone,3500.0,30.0,8,1,3500.580046403712,0.0,0.07203224031644777,0.14777797912363475,1.0,1.0
brunone,3500.0,30.0,8,2,3529.5823665893267,29.002320185614735,0.012896751662133716,0.09877155097029461,0.17904137932509764,0.6683780056814815
brunone,3500.0,30.0,8,3,3560.0348027842224,59.45475638051039,0.004580352738220057,0.043443624902671556,0.06358753688762037,0.2939790160909261
brunone,3500.0,30.0,8,4,3590.487238979118,89.90719257540604,0.0023633028987682277,0.0365248592202986,0.0328089601043353,0.24716036473702885
brunone,3500.0,30.0,8,5,3619.489559164733,118.90951276102078,0.0014986941032056162,0.032095867790100624,0.020805879375980007,0.2171897868710765
brunone,3500.0,30.0,8,6,3649.9419953596284,149.36194895591643,0.0010614997224812721,0.02822888791367137,0.014736452980192681,0.19102228952565645
brunone,3500.0,30.0,8,7,3680.394431554524,179.8143851508121,0.0009487533190009,0.023583577989470948,0.01317123158786806,0.1595879042962168
brunone,3500.0,30.0,8,8,3709.396751740139,208.81670533642682,0.0009205012181181153,0.02015295345559968,0.012779016924563555,0.13637318344121635
brunone,3500.0,40.0,2,1,3500.580046403712,0.0,0.10615899971000024,0.221305419481987,1.0,1.0
brunone,3500.0,40.0,2,2,3539.7331786542923,39.153132250580256,0.01567189413594198,0.06365351554360861,0.147626618362585,0.2876274593392397
brunone,3500.0,40.0,3,1,3500.580046403712,0.0,0.10397488051840689,0.19075906643928375,1.0,1.0
brunone,3500.0,40.0,3,2,3539.7331786542923,39.153132250580256,0.015614221621166345,0.058788846363983654,0.15017301816857703,0.30818376007672177
brunone,3500.0,40.0,3,3,3580.336426914153,79.75638051044098,0.006414713358827919,0.04257231931894179,0.06169483751118433,0.22317324210900366
brunone,3500.0,40.0,4,1,3500.580046403712,0.0,0.09511775889407154,0.19646713874257193,1.0,1.0
brunone,3500.0,40.0,4,2,3539.7331786542923,39.153132250580256,0.015499022039618632,0.0562664623059593,0.1629456183558657,0.28639121364557785
brunone,3500.0,40.0,4,3,3580.336426914153,79.75638051044098,0.006304455314847929,0.04121883537821244,0.06628052834874845,0.20980015101772764
brunone,3500.0,40.0,4,4,3619.489559164733,118.90951276102078,0.0037426030601372504,0.031018201977234202,0.039347048370906454,0.15787984787561296
brunone,3500.0,40.0,5,1,3500.580046403712,0.0,0.08825621704830768,0.1947949944479752,1.0,1.0
brunone,3500.0,40.0,5,2,3539.7331786542923,39.153132250580256,0.015344011864685793,0.05765304588537043,0.17385757488661832,0.29596779962828096
brunone,3500.0,40.0,5,3,3580.336426914153,79.75638051044098,0.0062062748110987805,0.04258903932071316,0.07032110619132623,0.21863518331877674
brunone,3500.0,40.0,5,4,3619.489559164733,118.90951276102078,0.003597403269899459,0.02804933789084056,0.040760904899542594,0.14399414097024874
brunone,3500.0,40.0,5,5,3660.0928074245935,159.5127610208815,0.0024699479611835196,0.02395700050130299,0.027986107311075613,0.12298570899726737
brunone,3500.0,40.0,6,1,3500.580046403712,0.0,0.08133569945368278,0.16636008288671175,1.0,1.0
brunone,3500.0,40.0,6,2,3539.7331786542923,39.153132250580256,0.014566842873131708,0.05604307991889862,0.17909531695153005,0.33687816780581287
brunone,3500.0,40.0,6,3,3580.336426914153,79.75638051044098,0.005699421118000704,0.04337019036405288,0.07007281127822945,0.26070070182392974
brunone,3500.0,40.0,6,4,3619.489559164733,118.90951276102078,0.0031995379414614705,0.033917716794881696,0.039337436856782315,0.20388134104248468
brunone,3500.0,40.0,6,5,3660.0928074245935,159.5127610208815,0.0022747459350903605,0.028867129538491892,0.02796737410963966,0.1735219713622642
brunone,3500.0,40.0,6,6,3700.6960556844547,200.11600928074267,0.001721670411090396,0.02201530900162467,0.02116746302859071,0.1323352851213515
brunone,3500.0,40.0,7,1,3500.580046403712,0.0,0.07681499895038922,0.14739943422383747,1.0,1.0
brunone,3500.0,40.0,7,2,3539.7331786542923,39.153132250580256,0.013781105142282488,0.05055474741539784,0.17940643533931414,0.3429778932436507
brunone,3500.0,40.0,7,3,3580.336426914153,79.75638051044098,0.004943168113796066,0.04227453368426364,0.06435160035592266,0.2868025505448446
brunone,3500.0,40.0,7,4,3619.489559164733,118.90951276102078,0.0026902633757452314,0.033246535936475974,0.035022631159348595,0.22555402679489617
brunone,3500.0,40.0,7,5,3660.0928074245935,159.5127610208815,0.001934473070962967,0.03259398572867088,0.025183533130194294,0.22112693919282203
brunone,3500.0,40.0,7,6,3700.6960556844547,200.11600928074267,0.0014976943904681278,0.02676099042966742,0.019497421218939416,0.18155422760326734
brunone,3500.0,40.0,7,7,3739.8491879350345,239.26914153132248,0.0011933087289164443,0.022023664935246705,0.015534840138280022,0.14941485393900536
brunone,3500.0,40.0,8,1,3500.580046403712,0.0,0.0731654755103998,0.14031371633351167,1.0,1.0
brunone,3500.0,40.0,8,2,3539.7331786542923,39.153132250580256,0.012887145275304244,0.04592337410537706,0.17613697150744895,0.3272906976266083
brunone,3500.0,40.0,8,3,3580.336426914153,79.75638051044098,0.004219113350328404,0.03893671144661258,0.057665358161018115,0.2774975423932462
brunone,3500.0,40.0,8,4,3619.489559164733,118.90951276102078,0.0023067883937674402,0.028215487689830832,0.03152837287908491,0.2010885922425819
brunone,3500.0,40.0,8,5,3660.0928074245935,159.5127610208815,0.0015728349210041822,0.028987580133386,0.02149695481416803,0.20659120783662677
brunone,3500.0,40.0,8,6,3700.6960556844547,200.11600928074267,0.0011328733652808958,0.023977183299739527,0.015483714926719341,0.1708826758087439
brunone,3500.0,40.0,8,7,3739.8491879350345,239.26914153132248,0.0009914381222536138,0.022658394075148396,0.01355062774262555,0.16148381403633882
brunone,3500.0,40.0,8,8,3780.452436194895,279.8723897911832,0.0009989883356049006,0.018142479058381875,0.013653821404644648,0.12929939803788687
brunone,3500.0,50.0,2,1,3500.580046403712,0.0,0.10658681060809629,0.22133212557206117,1.0,1.0
brunone,3500.0,50.0,2,2,3549.8839907192573,49.30394431554532,0.016441632195061704,0.06387938764408992,0.1542557855072249,0.28861326605428594
brunone,3500.0,50.0,3,1,3500.580046403712,0.0,0.10411047078436285,0.19183882473700703,1.0,1.0
brunone,3500.0,50.0,3,2,3549.8839907192573,49.30394431554532,0.016653274355781327,0.05925815044560396,0.15995772788573934,0.3088955039567267
brunone,3500.0,50.0,3,3,3600.638051044083,100.05800464037111,0.006737195003777832,0.04091931539878311,0.06471198288721736,0.21330049042408197
brunone,3500.0,50.0,4,1,3500.580046403712,0.0,0.09512933842858996,0.1975624661642756,1.0,1.0
brunone,3500.0,50.0,4,2,3549.8839907192573,49.30394431554532,0.016233732341235443,0.057803838858093155,0.17064906168165458,0.29258512500055833
brunone,3500.0,50.0,4,3,3600.638051044083,100.05800464037111,0.006618059323419363,0.041985523309978165,0.0695690670485141,0.2125177121198046
brunone,3500.0,50.0,4,4,3649.9419953596284,149.36194895591643,0.003879990898633111,0.029264725021774553,0.04078648041419604,0.14812897201556785
brunone,3500.0,50.0,5,1,3500.580046403712,0.0,0.08774849760992051,0.18262940739180827,1.0,1.0
brunone,3500.0,50.0,5,2,3549.8839907192573,49.30394431554532,0.015849833082746574,0.05688183249739668,0.180627971013314,0.31146042310351424
brunone,3500.0,50.0,5,3,3600.638051044083,100.05800464037111,0.0065000355670503706,0.04205564721422824,0.07407574766631106,0.23027861621432727
brunone,3500.0,50.0,5,4,3649.9419953596284,149.36194895591643,0.003773694926943958,0.031068836669656003,0.043005806705883914,0.1701195722713032
brunone,3500.0,50.0,5,5,3700.6960556844547,200.11600928074267,0.002511833814341718,0.021623691970349447,0.028625376875486695,0.11840202670076322
brunone,3500.0,50.0,6,1,3500.580046403712,0.0,0.08183110122535585,0.166961871365882,1.0,1.0
brunone,3500.0,50.0,6,2,3549.8839907192573,49.30394431554532,0.015150755265538381,0.05317672998381022,0.18514666231625673,0.3184962503641216
brunone,3500.0,50.0,6,3,3600.638051044083,100.05800464037111,0.005944828158140734,0.03955293801465803,0.07264753949441773,0.23689802762201498
brunone,3500.0,50.0,6,4,3649.9419953596284,149.36194895591643,0.0033435431202542658,0.03177463814900031,0.040859075219413635,0.19031074513634935
brunone,3500.0,50.0,6,5,3700.6960556844547,200.11600928074267,0.0021416980626456418,0.024516331090533933,0.0261721769666473,0.14683790310907924
brunone,3500.0,50.0,6,6,3749.9999999999995,249.41995359628754,0.0017306742417470772,0.019001334274971995,0.021149345613484395,0.11380642849487636
brunone,3500.0,50.0,7,1,3500.580046403712,0.0,0.0781201501194695,0.1595454258924429,1.0,1.0
brunone,3500.0,50.0,7,2,3549.8839907192573,49.30394431554532,0.013878698522903639,0.04285772051108508,0.17765836985309016,0.26862393748585117
brunone,3500.0,50.0,7,3,3600.638051044083,100.05800464037111,0.0050361851508870965,0.04552872528358323,0.06446717195480597,0.285365280946859
brunone,3500.0,50.0,7,4,3649.9419953596284,149.36194895591643,0.002829429914783026,0.040680470435861836,0.0362189513263347,0.2549773533669744
brunone,3500.0,50.0,7,5,3700.6960556844547,200.11600928074267,0.001832505817440229,0.029418017649861256,0.023457530670867494,0.18438646852648305
brunone,3500.0,50.0,7,6,3749.9999999999995,249.41995359628754,0.0015071744190287102,0.026237164773541582,0.019293030245382037,0.16444949535080558
brunone,3500.0,50.0,7,7,3799.303944315545,298.72389791183286,0.0013767207110131463,0.01530133442998211,0.017623119117253627,0.09590581706991376
brunone,3500.0,50.0,8,1,3500.580046403712,0.0,0.07338922436429472,0.13928757105430606,1.0,1.0
brunone,3500.0,50.0,8,2,3549.8839907192573,49.30394431554532,0.012422582456399486,0.04657944467604389,0.16926984259617428,0.3344120679502932
brunone,3500.0,50.0,8,3,3600.638051044083,100.05800464037111,0.004191462140364455,0.03718281735475504,0.05711277338970873,0.26695000187962237
brunone,3500.0,50.0,8,4,3649.9419953596284,149.36194895591643,0.0023352055582040064,0.029202243304261858,0.03181946094173641,0.20965433658740706
brunone,3500.0,50.0,8,5,3700.6960556844547,200.11600928074267,0.0015786417601062557,0.025967738167887874,0.021510538826109947,0.18643255799014155
brunone,3500.0,50.0,8,6,3749.9999999999995,249.41995359628754,0.0014083992848632416,0.02231532435468979,0.01919081850316509,0.16021044940175883
brunone,3500.0,50.0,8,7,3799.303944315545,298.72389791183286,0.0013406590420972934,0.018806270694919375,0.018267791405485272,0.13501757947654283
brunone,3500.0,50.0,8,8,3850.058004640371,349.4779582366591,0.0012764442204110228,0.01423174041838058,0.017392801619961495,0.10217523581362364
brunone,3500.0,60.0,2,1,3500.580046403712,0.0,0.1071393346370418,0.21995343716536084,1.0,1.0
brunone,3500.0,60.0,2,2,3560.0348027842224,59.45475638051039,0.016539477729836192,0.06652854210233305,0.1543735341074063,0.30246648090485145
brunone,3500.0,60.0,3,1,3500.580046403712,0.0,0.10342130506486219,0.20051920216838975,1.0,1.0
brunone,3500.0,60.0,3,2,3560.0348027842224,59.45475638051039,0.016419424878509788,0.06002946187044801,0.15876249935361098,0.29937014121987754
brunone,3500.0,60.0,3,3,3619.489559164733,118.90951276102078,0.007193149438388612,0.038572719705341194,0.06955191131921341,0.1923642189287639
brunone,3500.0,60.0,4,1,3500.580046403712,0.0,0.09467416996275413,0.20627815050346418,1.0,1.0
brunone,3500.0,60.0,4,2,3560.0348027842224,59.45475638051039,0.015990969356469334,0.05846298737510345,0.1689053029222264,0.28341822549995005
brunone,3500.0,60.0,4,3,3619.489559164733,118.90951276102078,0.007213414878942987,0.04014254395716115,0.07619200550457242,0.19460395518955853
brunone,3500.0,60.0,4,4,3680.394431554524,179.8143851508121,0.004119899094097969,0.029900467968587995,0.043516611719107576,0.14495218177790406
brunone,3500.0,60.0,5,1,3500.580046403712,0.0,0.08795323379325022,0.18697470577304603,1.0,1.0
brunone,3500.0,60.0,5,2,3560.0348027842224,59.45475638051039,0.015842986821322298,0.05654610396158009,0.1801296682116779,0.30242648987086507
brunone,3500.0,60.0,5,3,3619.489559164733,118.90951276102078,0.00703931666998054,0.045439155348888156,0.08003476809650582,0.2430230076363548
brunone,3500.0,60.0,5,4,3680.394431554524,179.8143851508121,0.003923394940612931,0.034067566368549906,0.044607739492962484,0.18220414482107467
brunone,3500.0,60.0,5,5,3739.8491879350345,239.26914153132248,0.0026659734319049006,0.02468161686051003,0.03031126107508164,0.13200511137837603
brunone,3500.0,60.0,6,1,3500.580046403712,0.0,0.08308921761511517,0.1759055579738923,1.0,1.0
brunone,3500.0,60.0,6,2,3560.0348027842224,59.45475638051039,0.015164355577863985,0.05048253407486988,0.18250690057172186,0.28698657766323926
brunone,3500.0,60.0,6,3,3619.489559164733,118.90951276102078,0.0063552445751122975,0.044856541039504226,0.07648699503407266,0.25500354597187763
brunone,3500.0,60.0,6,4,3680.394431554524,179.8143851508121,0.0032723515420292146,0.03461420856782707,0.0393835883397935,0.19677723072834613
brunone,3500.0,60.0,6,5,3739.8491879350345,239.26914153132248,0.0021825393309258625,0.025813937971611297,0.026267419450689663,0.14674884789849887
brunone,3500.0,60.0,6,6,3799.303944315545,298.72389791183286,0.00180588813949617,0.015553459663750034,0.021734325961057694,0.08841937595887937
brunone,3500.0,60.0,7,1,3500.580046403712,0.0,0.07819130634316034,0.1605389370829551,1.0,1.0
brunone,3500.0,60.0,7,2,3560.0348027842224,59.45475638051039,0.014101535839219996,0.050679747066287355,0.18034659476505224,0.31568507919109784
brunone,3500.0,60.0,7,3,3619.489559164733,118.90951276102078,0.005614244174410556,0.03582001350391418,0.07180138607444629,0.22312352476461797
brunone,3500.0,60.0,7,4,3680.394431554524,179.8143851508121,0.0027432227667353133,0.028360152097372884,0.035083475325198635,0.17665591047683574
brunone,3500.0,60.0,7,5,3739.8491879350345,239.26914153132248,0.0017905501060920923,0.02206011721987854,0.02289960597708722,0.1374128770298226
brunone,3500.0,60.0,7,6,3799.303944315545,298.72389791183286,0.001502309413321604,0.01754060788625037,0.01921325379484488,0.10926077003478996
brunone,3500.0,60.0,7,7,3860.208816705336,359.6287703016242,0.001385435218375172,0.016353524637330367,0.017718532700999705,0.10186640658322055
brunone,3500.0,60.0,8,1,3500.580046403712,0.0,0.07324049649418092,0.1387211742022076,1.0,1.0
brunone,3500.0,60.0,8,2,3560.0348027842224,59.45475638051039,0.012474416277284068,0.0545589374372485,0.17032129592779563,0.3932992764155846
brunone,3500.0,60.0,8,3,3619.489559164733,118.90951276102078,0.004731430716400143,0.04005853283384386,0.06460129222056903,0.28877013955672226
brunone,3500.0,60.0,8,4,3680.394431554524,179.8143851508121,0.0022839732808297214,0.033699695259975564,0.03118456851273785,0.2429311563557921
brunone,3500.0,60.0,8,5,3739.8491879350345,239.26914153132248,0.0016092543923384476,0.02333303659379649,0.021972193927799297,0.16820097384545618
brunone,3500.0,60.0,8,6,3799.303944315545,298.72389791183286,0.0014623598910650322,0.01767161035736523,0.019966548030995655,0.12738942312877283
brunone,3500.0,60.0,8,7,3860.208816705336,359.6287703016242,0.0013923304264399827,0.01679363442608616,0.01901039033167403,0.12106035378281069
brunone,3500.0,60.0,8,8,3919.6635730858466,419.08352668213456,0.0012964955344211787,0.013756546543933348,0.017701894395598307,0.09916688366464554
brunone,3500.0,70.0,2,1,3500.580046403712,0.0,0.10754243913574636,0.21875477380420658,1.0,1.0
brunone,3500.0,70.0,2,2,3570.1856148491875,69.60556844547546,0.016881283182668086,0.06417832524736823,0.15697322209104392,0.29338022723476725
brunone,3500.0,70.0,3,1,3500.580046403712,0.0,0.10317072720934062,0.2027325931501441,1.0,1.0
brunone,3500.0,70.0,3,2,3570.1856148491875,69.60556844547546,0.01722876332374243,0.06432872982370115,0.16699274871625228,0.31730827699746916
brunone,3500.0,70.0,3,3,3639.7911832946634,139.21113689095137,0.0075484643504336035,0.03782555588173316,0.07316478767390329,0.18657856289402608
brunone,3500.0,70.0,4,1,3500.580046403712,0.0,0.0940488465312609,0.20987020726038477,1.0,1.0
brunone,3500.0,70.0,4,2,3570.1856148491875,69.60556844547546,0.016594124564814107,0.059835216543180185,0.1764415532656042,0.2851058152763101
brunone,3500.0,70.0,4,3,3639.7911832946634,139.21113689095137,0.007393855427211311,0.04294445618874222,0.07861718351594739,0.20462388039413942
brunone,3500.0,70.0,4,4,3709.396751740139,208.81670533642682,0.004388927367361318,0.029540252677144843,0.04666646672697344,0.1407548649365673
brunone,3500.0,70.0,5,1,3500.580046403712,0.0,0.08904270424327354,0.1892081842909301,1.0,1.0
brunone,3500.0,70.0,5,2,3570.1856148491875,69.60556844547546,0.01602309349165314,0.05959250987294076,0.17994841495240815,0.3149573581939257
brunone,3500.0,70.0,5,3,3639.7911832946634,139.21113689095137,0.007140239510831547,0.04295399310972894,0.08018893374266466,0.22701974161795277
brunone,3500.0,70.0,5,4,3709.396751740139,208.81670533642682,0.004188920046615465,0.03477749884631805,0.047043944613035536,0.18380546791170252
brunone,3500.0,70.0,5,5,3780.452436194895,279.8723897911832,0.002927252115856932,0.024016778232816265,0.032874699176469166,0.12693308338019677
brunone,3500.0,70.0,6,1,3500.580046403712,0.0,0.08389166540652326,0.18339239274119679,1.0,1.0
brunone,3500.0,70.0,6,2,3570.1856148491875,69.60556844547546,0.014888194318842406,0.05640470377111718,0.1774692902649746,0.3075629415594978
brunone,3500.0,70.0,6,3,3639.7911832946634,139.21113689095137,0.0063145857235747385,0.04596074221459866,0.07527071602376043,0.2506142241104756
brunone,3500.0,70.0,6,4,3709.396751740139,208.81670533642682,0.003535733839438766,0.0323059352251067,0.04214642565867853,0.17615744438591197
brunone,3500.0,70.0,6,5,3780.452436194895,279.8723897911832,0.0024296753136998357,0.02316415062579942,0.028962058411000486,0.12630922297027147
brunone,3500.0,70.0,6,6,3850.058004640371,349.4779582366591,0.0019007513068753658,0.019161400330944017,0.02265721270003023,0.10448307066904662
brunone,3500.0,70.0,7,1,3500.580046403712,0.0,0.07767586759558559,0.15816805126103883,1.0,1.0
brunone,3500.0,70.0,7,2,3570.1856148491875,69.60556844547546,0.013531079380603418,0.0635566007340391,0.17419926934131091,0.4018295744767442
brunone,3500.0,70.0,7,3,3639.7911832946634,139.21113689095137,0.005557767742012142,0.04140277175945903,0.07155076491643843,0.26176444249874675
brunone,3500.0,70.0,7,4,3709.396751740139,208.81670533642682,0.0030735228301642086,0.027534927429633177,0.03956856775860307,0.17408653144616312
brunone,3500.0,70.0,7,5,3780.452436194895,279.8723897911832,0.0021189089446874464,0.02131735072378322,0.02727885777497085,0.13477659080847684
brunone,3500.0,70.0,7,6,3850.058004640371,349.4779582366591,0.0016601334751367024,0.018184932278147867,0.021372577179054896,0.11497222184356089
brunone,3500.0,70.0,7,7,3919.6635730858466,419.08352668213456,0.0014443063458505908,0.01665173600293719,0.018594016269895805,0.10527875806888046
brunone,3500.0,70.0,8,1,3500.580046403712,0.0,0.07329068723779691,0.1414299081571362,1.0,1.0
brunone,3500.0,70.0,8,2,3570.1856148491875,69.60556844547546,0.011631485581484202,0.05885973018519034,0.15870345905947106,0.41617597686476626
brunone,3500.0,70.0,8,3,3639.7911832946634,139.21113689095137,0.004385451813760065,0.044155538326314685,0.05983641277003107,0.31220792618528403
brunone,3500.0,70.0,8,4,3709.396751740139,208.81670533642682,0.002487810932766218,0.03424302245156652,0.033944434504950625,0.24212009254450398
brunone,3500.0,70.0,8,5,3780.452436194895,279.8723897911832,0.0017901696515758487,0.02787973162397948,0.024425608751184366,0.19712755234913681
brunone,3500.0,70.0,8,6,3850.058004640371,349.4779582366591,0.001461104710084745,0.02021358351165327,0.019935748526195226,0.142922977007062
brunone,3500.0,70.0,8,7,3919.6635730858466,419.08352668213456,0.0013192761153594309,0.01626493361408884,0.018000596870908638,0.11500349414084061
brunone,3500.0,70.0,8,8,3990.719257540603,490.13921113689094,0.0013180008714463246,0.015005589295957775,0.017983197062540507,0.1060991235268693
brunone,3500.0,80.0,2,1,3500.580046403712,0.0,0.10786092814503188,0.218531694518836,1.0,1.0
brunone,3500.0,80.0,2,2,3580.336426914153,79.75638051044098,0.01690715871713702,0.06301633194535021,0.1567496127458066,0.28836243678108037
brunone,3500.0,80.0,3,1,3500.580046403712,0.0,0.10312852255352284,0.20795214795038347,1.0,1.0
brunone,3500.0,80.0,3,2,3580.336426914153,79.75638051044098,0.016898358660765455,0.06478350617506266,0.16385727480964685,0.31153083444235324
brunone,3500.0,80.0,3,3,3660.0928074245935,159.5127610208815,0.00760261764639014,0.03733841202059352,0.07371983480558877,0.17955290382238473
brunone,3500.0,80.0,4,1,3500.580046403712,0.0,0.09411154980741186,0.20972460009330554,1.0,1.0
brunone,3500.0,80.0,4,2,3580.336426914153,79.75638051044098,0.01600197042643609,0.06165293752242853,0.17003195101113758,0.2939709385308133
brunone,3500.0,80.0,4,3,3660.0928074245935,159.5127610208815,0.007407232492787524,0.04389288387744497,0.07870694413114594,0.20928819918081723
brunone,3500.0,80.0,4,4,3739.8491879350345,239.26914153132248,0.004600934442631335,0.034046797061534025,0.048888095584937265,0.16234050295667155
brunone,3500.0,80.0,5,1,3500.580046403712,0.0,0.09056610610676591,0.19251524442409093,1.0,1.0
brunone,3500.0,80.0,5,2,3580.336426914153,79.75638051044098,0.01576409350270504,0.06327492309608344,0.17406173435480576,0.32867487084137303
brunone,3500.0,80.0,5,3,3660.0928074245935,159.5127610208815,0.006981513348536523,0.04741000677322828,0.07708748502785587,0.24626624720060608
brunone,3500.0,80.0,5,4,3739.8491879350345,239.26914153132248,0.004290511801571426,0.03656317091688877,0.04737436537807487,0.18992350983044196
brunone,3500.0,80.0,5,5,3819.6055684454755,319.02552204176345,0.003040127583742938,0.0264713874470233,0.03356805006233805,0.13750281192646543
brunone,3500.0,80.0,6,1,3500.580046403712,0.0,0.08347615842204312,0.18352969246971954,1.0,1.0
brunone,3500.0,80.0,6,2,3580.336426914153,79.75638051044098,0.014720728685585634,0.06070516131920688,0.1763465037664983,0.33076479616083154
brunone,3500.0,80.0,6,3,3660.0928074245935,159.5127610208815,0.006181269444920266,0.05024782263966261,0.07404832184141347,0.2737857943501593
brunone,3500.0,80.0,6,4,3739.8491879350345,239.26914153132248,0.0036212095598006527,0.03227415791345886,0.04338016540593965,0.1758525145394866
brunone,3500.0,80.0,6,5,3819.6055684454755,319.02552204176345,0.002545995460289548,0.023068921704355812,0.03049967210298983,0.12569585549848802
brunone,3500.0,80.0,6,6,3899.361948955916,398.781902552204,0.0020565427407662393,0.018124145747799348,0.024636288727718676,0.09875320719991748
brunone,3500.0,80.0,7,1,3500.580046403712,0.0,0.0782418336981622,0.16276179870096386,1.0,1.0
brunone,3500.0,80.0,7,2,3580.336426914153,79.75638051044098,0.013352859704699979,0.064707273231177,0.170661385010633,0.3975581109794765
brunone,3500.0,80.0,7,3,3660.0928074245935,159.5127610208815,0.0052261833918451185,0.043852030649852825,0.06679525702332657,0.2694245885695851
brunone,3500.0,80.0,7,4,3739.8491879350345,239.26914153132248,0.003043471112853639,0.02937290056436526,0.03889825901313361,0.1804655686948446
brunone,3500.0,80.0,7,5,3819.6055684454755,319.02552204176345,0.002225594309247141,0.02319040982846258,0.028445068373946062,0.14248066815155716
brunone,3500.0,80.0,7,6,3899.361948955916,398.781902552204,0.0017688315167476978,0.019581866055715182,0.022607234942517013,0.12030996346809984
brunone,3500.0,80.0,7,7,3980.568445475638,479.98839907192587,0.001481234473337794,0.014799072773284808,0.018931489758433232,0.09092473105728321
brunone,3500.0,80.0,8,1,3500.580046403712,0.0,0.07317772651596087,0.14152259947707835,1.0,1.0
brunone,3500.0,80.0,8,2,3580.336426914153,79.75638051044098,0.011049959089013973,0.06217926964777095,0.15100167243654194,0.4393592958122691
brunone,3500.0,80.0,8,3,3660.0928074245935,159.5127610208815,0.004228652712149895,0.047254463460179794,0.05778606296586133,0.3339004769187648
brunone,3500.0,80.0,8,4,3739.8491879350345,239.26914153132248,0.002516346322495815,0.031047729627745654,0.03438677917859298,0.21938354540169597
brunone,3500.0,80.0,8,5,3819.6055684454755,319.02552204176345,0.0018417025986791314,0.02040142263413668,0.025167529607215057,0.14415664148001314
brunone,3500.0,80.0,8,6,3899.361948955916,398.781902552204,0.0016078176884071998,0.016267059938143643,0.02197140803570219,0.11494319633931209
brunone,3500.0,80.0,8,7,3980.568445475638,479.98839907192587,0.0015204679923206317,0.013715239574186118,0.020777742965122057,0.09691200998895941
brunone,3500.0,80.0,8,8,4060.3248259860784,559.7447795823664,0.0014034679444604543,0.009520265230406364,0.01917889515403765,0.06727028238305013
brunone,3500.0,90.0,2,1,3500.580046403712,0.0,0.10837194903531079,0.213716180282415,1.0,1.0
brunone,3500.0,90.0,2,2,3590.487238979118,89.90719257540604,0.017036689236386498,0.06497890669317792,0.15720571040791598,0.30404299107026717
brunone,3500.0,90.0,3,1,3500.580046403712,0.0,0.1031274653547478,0.20333042305092083,1.0,1.0
brunone,3500.0,90.0,3,2,3590.487238979118,89.90719257540604,0.017066758099853894,0.06250996029480006,0.16549187979308919,0.30743043444681883
brunone,3500.0,90.0,3,3,3680.394431554524,179.8143851508121,0.007655577902564692,0.03138607085080318,0.07423413225788393,0.15435993482855756
brunone,3500.0,90.0,4,1,3500.580046403712,0.0,0.09448165302258445,0.20660788854273088,1.0,1.0
brunone,3500.0,90.0,4,2,3590.487238979118,89.90719257540604,0.016284158417608614,0.06680031972380045,0.17235259859092564,0.32331930883648097
brunone,3500.0,90.0,4,3,3680.394431554524,179.8143851508121,0.007452576680614274,0.04349511549686437,0.0788785594048915,0.21052011035807405
brunone,3500.0,90.0,4,4,3770.30162412993,269.72157772621813,0.004628108324417105,0.030508691147981055,0.04898420144396525,0.1476646964603736
brunone,3500.0,90.0,5,1,3500.580046403712,0.0,0.09153349491875204,0.20241182910187527,1.0,1.0
brunone,3500.0,90.0,5,2,3590.487238979118,89.90719257540604,0.015773084801880038,0.0617643703427483,0.17232036005924078,0.3051420987439517
brunone,3500.0,90.0,5,3,3680.394431554524,179.8143851508121,0.006842329519272927,0.044894238063383676,0.07475219344947323,0.22179651388253646
brunone,3500.0,90.0,5,4,3770.30162412993,269.72157772621813,0.004044373209968137,0.02607112664447631,0.044184625677824794,0.12880238650160378
brunone,3500.0,90.0,5,5,3860.208816705336,359.6287703016242,0.0028303191357126243,0.02060404140741486,0.030921130436731416,0.10179267436511678
brunone,3500.0,90.0,6,1,3500.580046403712,0.0,0.0836073408567558,0.17927762249533843,1.0,1.0
brunone,3500.0,90.0,6,2,3590.487238979118,89.90719257540604,0.01462919285367073,0.06578843295676222,0.1749749807105441,0.3669639971852753
brunone,3500.0,90.0,6,3,3680.394431554524,179.8143851508121,0.006241527556274051,0.043681081311426805,0.07465286531439437,0.24365049415223364
brunone,3500.0,90.0,6,4,3770.30162412993,269.72157772621813,0.0036325492734398325,0.03429642365169736,0.04344773121852384,0.1913034274681389
brunone,3500.0,90.0,6,5,3860.208816705336,359.6287703016242,0.0025168928152596625,0.024850394277334032,0.03010373000107547,0.13861403298105535
brunone,3500.0,90.0,6,6,3950.116009280742,449.5359628770302,0.0019699434697247153,0.019128578728781077,0.023561848152781388,0.1066980834670454
brunone,3500.0,90.0,7,1,3500.580046403712,0.0,0.07842607381849669,0.1525495710721671,1.0,1.0
brunone,3500.0,90.0,7,2,3590.487238979118,89.90719257540604,0.012678643259246534,0.06238033724214787,0.16166362335808135,0.4089184702632655
brunone,3500.0,90.0,7,3,3680.394431554524,179.8143851508121,0.004908881463046314,0.047216994764368136,0.06259246732670891,0.30951902671709935
brunone,3500.0,90.0,7,4,3770.30162412993,269.72157772621813,0.0029086614050783965,0.034369351367381146,0.03708793853189668,0.2252995608301116
brunone,3500.0,90.0,7,5,3860.208816705336,359.6287703016242,0.0021166294498238107,0.024030340900123827,0.026988848819875597,0.15752480148735207
brunone,3500.0,90.0,7,6,3950.116009280742,449.5359628770302,0.0017007044676648788,0.020041400986445315,0.021685447005811605,0.13137631817374476
brunone,3500.0,90.0,7,7,4040.0232018561483,539.4431554524363,0.0015229073034728473,0.01767320314558963,0.019418380002004788,0.11585219821581086
brunone,3500.0,90.0,8,1,3500.580046403712,0.0,0.07375401564596067,0.13515452661605906,1.0,1.0
brunone,3500.0,90.0,8,2,3590.487238979118,89.90719257540604,0.010282822041097307,0.0609025634969659,0.13942050410458529,0.4506143080947276
brunone,3500.0,90.0,8,3,3680.394431554524,179.8143851508121,0.004001733619350544,0.04606345580415625,0.05425784052979507,0.34082066622164464
brunone,3500.0,90.0,8,4,3770.30162412993,269.72157772621813,0.002515846887387179,0.033559615785258776,0.03411132079185936,0.24830552572311124
brunone,3500.0,90.0,8,5,3860.208816705336,359.6287703016242,0.0019260616537010633,0.025554178220736128,0.026114668290695968,0.18907378731997113
brunone,3500.0,90.0,8,6,3950.116009280742,449.5359628770302,0.0016256114435427465,0.02064061132970894,0.02204098894555279,0.15271860918387045
brunone,3500.0,90.0,8,7,4040.0232018561483,539.4431554524363,0.0014611311521952107,0.015955006557047027,0.019810869135709674,0.11805010869056053
brunone,3500.0,90.0,8,8,4129.930394431554,629.3503480278423,0.0013268579615073376,0.014391573964100205,0.017990314830810254,0.10648236743844433
brunone,3500.0,100.0,2,1,3500.580046403712,0.0,0.1086626230790469,0.2126658895834552,1.0,1.0
brunone,3500.0,100.0,2,2,3600.638051044083,100.05800464037111,0.017506810695338455,0.06959118675168367,0.16111161500862245,0.3272324813724978
brunone,3500.0,100.0,3,1,3500.580046403712,0.0,0.10274299080100353,0.2058413045526107,1.0,1.0
brunone,3500.0,100.0,3,2,3600.638051044083,100.05800464037111,0.017292779192439513,0.05730672717808566,0.16831103569812186,0.27840246787514267
brunone,3500.0,100.0,3,3,3700.6960556844547,200.11600928074267,0.007741332642129574,0.028767577596205313,0.07534657675211419,0.13975609831433344
brunone,3500.0,100.0,4,1,3500.580046403712,0.0,0.095368923053752,0.21025095694935886,1.0,1.0
brunone,3500.0,100.0,4,2,3600.638051044083,100.05800464037111,0.016421665377586422,0.054874824557001725,0.1721909491242846,0.26099678856738284
brunone,3500.0,100.0,4,3,3700.6960556844547,200.11600928074267,0.007516620522338923,0.03771904418483034,0.07881624623256354,0.17940010705356915
brunone,3500.0,100.0,4,4,3799.303944315545,298.72389791183286,0.004519232366451368,0.023981209879006544,0.047386844914922975,0.11405993212569619
brunone,3500.0,100.0,5,1,3500.580046403712,0.0,0.091477408249718,0.2017422703831494,1.0,1.0
brunone,3500.0,100.0,5,2,3600.638051044083,100.05800464037111,0.015493520561800507,0.06120545190466536,0.16936991174373667,0.30338437149747455
brunone,3500.0,100.0,5,3,3700.6960556844547,200.11600928074267,0.006873684243662585,0.04258870689814336,0.07514078475964883,0.21110452865063326
brunone,3500.0,100.0,5,4,3799.303944315545,298.72389791183286,0.003943727258187461,0.028048178347772564,0.04311148876695048,0.13902975461961142
brunone,3500.0,100.0,5,5,3899.361948955916,398.781902552204,0.0027471099286394103,0.021127885423162955,0.03003047398479262,0.10472711238471157
brunone,3500.0,100.0,6,1,3500.580046403712,0.0,0.08427865007576288,0.18042000639396275,1.0,1.0
brunone,3500.0,100.0,6,2,3600.638051044083,100.05800464037111,0.013985490343257847,0.061988790278268195,0.16594345460784543,0.34358046824868355
brunone,3500.0,100.0,6,3,3700.6960556844547,200.11600928074267,0.006058833975462798,0.039483389210972934,0.07189049622907066,0.21884152428615664
brunone,3500.0,100.0,6,4,3799.303944315545,298.72389791183286,0.0034539873403763525,0.0321667671333875,0.04098294570773697,0.17828824960325393
brunone,3500.0,100.0,6,5,3899.361948955916,398.781902552204,0.0024472957886264943,0.025439709140154268,0.02903814651072936,0.1410027061223158
brunone,3500.0,100.0,6,6,3999.4199535962875,498.83990719257554,0.0019459199288369604,0.018212010218846324,0.023089120757008592,0.10094229893262956
brunone,3500.0,100.0,7,1,3500.580046403712,0.0,0.07861698529234816,0.15377571866346204,1.0,1.0
brunone,3500.0,100.0,7,2,3600.638051044083,100.05800464037111,0.01170892374291267,0.05882765075911727,0.1489363106378528,0.38255487453036396
brunone,3500.0,100.0,7,3,3700.6960556844547,200.11600928074267,0.004721949724845476,0.04065151275068005,0.06006271681986089,0.264355862577016
brunone,3500.0,100.0,7,4,3799.303944315545,298.72389791183286,0.0028343710796899088,0.028967896809764967,0.03605290980250524,0.1883775739208943
brunone,3500.0,100.0,7,5,3899.361948955916,398.781902552204,0.0020808668649016904,0.024649636809619103,0.026468413373569318,0.16029602738235157
brunone,3500.0,100.0,7,6,3999.4199535962875,498.83990719257554,0.0016097822128029445,0.018671517281036998,0.020476264853157955,0.12142045209295746
brunone,3500.0,100.0,7,7,4099.477958236658,598.8979118329462,0.0013819896354944137,0.01638680617351533,0.017578766603111192,0.10656302773897507
brunone,3500.0,100.0,8,1,3500.580046403712,0.0,0.07452511808083753,0.12990627599356303,1.0,1.0
brunone,3500.0,100.0,8,2,3600.638051044083,100.05800464037111,0.009406275137146997,0.058588739238146476,0.12621617220309525,0.451007765329595
brunone,3500.0,100.0,8,3,3700.6960556844547,200.11600928074267,0.0037664049668915465,0.03859244570366305,0.050538731958882914,0.2970791473198365
brunone,3500.0,100.0,8,4,3799.303944315545,298.72389791183286,0.0023641993679197606,0.028024083610375207,0.03172352394470961,0.21572540199492615
brunone,3500.0,100.0,8,5,3899.361948955916,398.781902552204,0.0018110045048433626,0.024309186666007558,0.02430059222286589,0.18712865471728327
brunone,3500.0,100.0,8,6,3999.4199535962875,498.83990719257554,0.0015346298133435405,0.020436479762934612,0.02059211515342954,0.15731710886660516
brunone,3500.0,100.0,8,7,4099.477958236658,598.8979118329462,0.0012964168257364945,0.01871233406202724,0.017395703074636778,0.1440448809644459
brunone,3500.0,100.0,8,8,4199.53596287703,698.9559164733182,0.0011107444327327564,0.015561338901897467,0.014904296180086958,0.11978896926172024
brunone,4000.0,10.0,2,1,3999.4199535962875,0.0,-0.0019963101285484382,0.06857328680583784,-0.0019963101285484382,1.0
brunone,4000.0,10.0,2,2,4009.5707656612526,10.150812064965066,0.10659745828885354,0.2607097885877783,0.10659745828885354,3.801914721194075
brunone,4000.0,10.0,3,1,3999.4199535962875,0.0,-0.0010982805505375375,0.07948606089101501,-0.0010982805505375375,1.0
brunone,4000.0,10.0,3,2,4009.5707656612526,10.150812064965066,0.10155895968572919,0.2947620679191745,0.10155895968572919,3.7083491698416013
brunone,4000.0,10.0,3,3,4019.7215777262177,20.301624129930133,0.013337958313951787,0.11762045032384262,0.013337958313951787,1.4797619734246796
brunone,4000.0,10.0,4,1,3999.4199535962875,0.0,-0.0004259238914724307,0.08574981298336358,-0.0004259238914724307,1.0
brunone,4000.0,10.0,4,2,4009.5707656612526,10.150812064965066,0.09589592531594728,0.2882045180109817,0.09589592531594728,3.360992962945547
brunone,4000.0,10.0,4,3,4019.7215777262177,20.301624129930133,0.013575927167082903,0.11145072600298257,0.013575927167082903,1.2997197559440188
brunone,4000.0,10.0,4,4,4029.872389791183,30.452436194895654,0.005377618312827552,0.07186550707045844,0.005377618312827552,0.8380835429273898
brunone,4000.0,10.0,5,1,3999.4199535962875,0.0,-0.0002920615645621326,0.0906314383191776,-0.0002920615645621326,1.0
brunone,4000.0,10.0,5,2,4009.5707656612526,10.150812064965066,0.09435051111928093,0.24217188513190507,0.09435051111928093,2.6720516591499526
brunone,4000.0,10.0,5,3,4019.7215777262177,20.301624129930133,0.013883034052548563,0.10206485754188241,0.013883034052548563,1.1261529049383463
brunone,4000.0,10.0,5,4,4029.872389791183,30.452436194895654,0.0055369795482538234,0.06859171744617507,0.0055369795482538234,0.7568203563603941
brunone,4000.0,10.0,5,5,4040.0232018561483,40.60324825986072,0.0027577683910679483,0.05675042399841021,0.0027577683910679483,0.6261670900394596
brunone,4000.0,10.0,6,1,3999.4199535962875,0.0,6.720448973128172e-06,0.08459139165305214,1.0,1.0
brunone,4000.0,10.0,6,2,4009.5707656612526,10.150812064965066,0.0902887397604639,0.19806720733210623,13434.926761810848,2.3414581964140053
brunone,4000.0,10.0,6,3,4019.7215777262177,20.301624129930133,0.014057970077503402,0.09254721420603876,2091.8200753721117,1.094050025629287
brunone,4000.0,10.0,6,4,4029.872389791183,30.452436194895654,0.00567440705645172,0.06788459088894103,844.3493997411382,0.8024999892112743
brunone,4000.0,10.0,6,5,4040.0232018561483,40.60324825986072,0.002912953085618445,0.055167662040920634,433.4462023692073,0.6521663843430826
brunone,4000.0,10.0,6,6,4050.1740139211133,50.75406032482579,0.0018123190615247009,0.04696887553661742,269.6723193303437,0.5552441521385318
brunone,4000.0,10.0,7,1,3999.4199535962875,0.0,0.00020818775759182733,0.08368641343105425,1.0,1.0
brunone,4000.0,10.0,7,2,4009.5707656612526,10.150812064965066,0.08664977205352502,0.1763714014816129,416.209738054869,2.1075273064117863
brunone,4000.0,10.0,7,3,4019.7215777262177,20.301624129930133,0.014240465328909435,0.09362892705019911,68.40203042500355,1.1188067837001532
brunone,4000.0,10.0,7,4,4029.872389791183,30.452436194895654,0.0057540381464382916,0.06976727540943889,27.638696016504735,0.8336750560700901
brunone,4000.0,10.0,7,5,4040.0232018561483,40.60324825986072,0.003007004693645755,0.05733244645352317,14.44371527139115,0.6850866718139019
brunone,4000.0,10.0,7,6,4050.1740139211133,50.75406032482579,0.0018773092222971086,0.04658749712436137,9.017385287264387,0.5566912861278596
brunone,4000.0,10.0,7,7,4060.3248259860784,60.90487238979085,0.0013144954477935541,0.0430577358539478,6.313990135629168,0.5145128592399443
brunone,4000.0,10.0,8,1,3999.4199535962875,0.0,0.0002775195788966306,0.09827518669883255,1.0,1.0
brunone,4000.0,10.0,8,2,4009.5707656612526,10.150812064965066,0.08552122491588791,0.17343327728567426,308.1628519901384,1.7647717914509395
brunone,4000.0,10.0,8,3,4019.7215777262177,20.301624129930133,0.014312929142497228,0.10348003876516679,51.57448421982671,1.0529620165697031
brunone,4000.0,10.0,8,4,4029.872389791183,30.452436194895654,0.0057348682616846485,0.07162211114176273,20.664733942323938,0.7287914024651103
brunone,4000.0,10.0,8,5,4040.0232018561483,40.60324825986072,0.00300162203982493,0.05820520648188846,10.815892888562512,0.5922675747262651
brunone,4000.0,10.0,8,6,4050.1740139211133,50.75406032482579,0.0018671892731397367,0.04819727312937174,6.7281352925201,0.4904317635851848
brunone,4000.0,10.0,8,7,4060.3248259860784,60.90487238979085,0.001296248971244934,0.042835579786196704,4.670837914926916,0.4358738072659959
brunone,4000.0,10.0,8,8,4070.475638051044,71.05568445475637,0.0009479996621262496,0.03924427685533279,3.415973986034898,0.3993304736789576
brunone,4000.0,20.0,2,1,3999.4199535962875,0.0,0.025005674219916917,0.12436562808664509,1.0,1.0
brunone,4000.0,20.0,2,2,4019.7215777262177,20.301624129930133,0.10787249096751311,0.25091418509607605,4.31392051335265,2.0175525099367895
brunone,4000.0,20.0,3,1,3999.4199535962875,0.0,0.03270136485104771,0.11041773545834635,1.0,1.0
brunone,4000.0,20.0,3,2,4019.7215777262177,20.301624129930133,0.10111337988467943,0.2633224993304486,3.0920232334412763,2.3847844572920405
brunone,4000.0,20.0,3,3,4040.0232018561483,40.60324825986072,0.009519195602303757,0.058128298946000106,0.29109474927615364,0.5264398758470124
brunone,4000.0,20.0,4,1,3999.4199535962875,0.0,0.04256775842516043,0.116255919253089,1.0,1.0
brunone,4000.0,20.0,4,2,4019.7215777262177,20.301624129930133,0.09791698395433623,0.2529868643645341,2.3002616904643176,2.176120286948848
brunone,4000.0,20.0,4,3,4040.0232018561483,40.60324825986072,0.009098342531702198,0.055883948429329366,0.21373788210385214,0.48069766071583914
brunone,4000.0,20.0,4,4,4060.3248259860784,60.90487238979085,0.003665189967867422,0.04236577753163212,0.08610248938316296,0.36441824041150006
brunone,4000.0,20.0,5,1,3999.4199535962875,0.0,0.05245581782098088,0.11898825794529222,1.0,1.0
brunone,4000.0,20.0,5,2,4019.7215777262177,20.301624129930133,0.0957974071920308,0.2173604828278836,1.8262494261163624,1.8267389285404987
brunone,4000.0,20.0,5,3,4040.0232018561483,40.60324825986072,0.008624875991409124,0.06122310931655006,0.16442172383707288,0.5145306803693092
brunone,4000.0,20.0,5,4,4060.3248259860784,60.90487238979085,0.0035674182014563244,0.037890367459933925,0.06800805610601796,0.3184378703767136
brunone,4000.0,20.0,5,5,4080.626450116009,81.20649651972144,0.0024983703859448453,0.030716897452274176,0.04762808949945617,0.2581506611047035
brunone,4000.0,20.0,6,1,3999.4199535962875,0.0,0.03305894958653759,0.1144692234716501,1.0,1.0
brunone,4000.0,20.0,6,2,4019.7215777262177,20.301624129930133,0.0786575016162429,0.11078488401403647,2.3793103713214814,0.9678137114424812
brunone,4000.0,20.0,6,3,4040.0232018561483,40.60324825986072,0.0060537083460492115,0.050021513332160567,0.18311859335404984,0.4369865699713521
brunone,4000.0,20.0,6,4,4060.3248259860784,60.90487238979085,0.003550555280967662,0.038220729754822415,0.10740072886083271,0.33389524795971304
brunone,4000.0,20.0,6,5,4080.626450116009,81.20649651972144,0.0024417995764559864,0.030636849824323784,0.07386198312393889,0.26764268067138086
brunone,4000.0,20.0,6,6,4099.477958236658,100.05800464037065,0.001475577617792407,0.029805570027786662,0.04463473994930855,0.2603806431443857
brunone,4000.0,20.0,7,1,3999.4199535962875,0.0,0.03930422777869656,0.10252105097915286,1.0,1.0
brunone,4000.0,20.0,7,2,4019.7215777262177,20.301624129930133,0.07276943159556078,0.09607489595403058,1.8514403082867035,0.9371235959487669
brunone,4000.0,20.0,7,3,4040.0232018561483,40.60324825986072,0.006098006832669919,0.05216064090479873,0.15514887780024322,0.5087798106498668
brunone,4000.0,20.0,7,4,4060.3248259860784,60.90487238979085,0.0035893118916133,0.037985185858418105,0.09132126731564376,0.3705110852418222
brunone,4000.0,20.0,7,5,4080.626450116009,81.20649651972144,0.00245531032848611,0.032538649819691325,0.062469369511870224,0.3173850590578504
brunone,4000.0,20.0,7,6,4099.477958236658,100.05800464037065,0.0015053604069052572,0.030677308277319553,0.038300215828720174,0.29922935811063456
brunone,4000.0,20.0,7,7,4119.779582366589,120.3596287703017,0.0011814003118472696,0.028354656252280334,0.030057843102761706,0.2765739912093382
brunone,4000.0,20.0,8,1,3999.4199535962875,0.0,0.04446627117482727,0.10230746404353043,1.0,1.0
brunone,4000.0,20.0,8,2,4019.7215777262177,20.301624129930133,0.06859723205061193,0.09323774233080104,1.5426801087257658,0.9113483869674421
brunone,4000.0,20.0,8,3,4040.0232018561483,40.60324825986072,0.006052778408200931,0.04765620300140952,0.13612066513073082,0.4658135498416074
brunone,4000.0,20.0,8,4,4060.3248259860784,60.90487238979085,0.0035648118035652536,0.034381461588849506,0.08016889452118763,0.336060148790519
brunone,4000.0,20.0,8,5,4080.626450116009,81.20649651972144,0.00247254472676298,0.03132780924547538,0.05560494868215323,0.3062123525234271
brunone,4000.0,20.0,8,6,4099.477958236658,100.05800464037065,0.0015283856833640602,0.02950019116645982,0.03437179783649797,0.28834837655547685
brunone,4000.0,20.0,8,7,4119.779582366589,120.3596287703017,0.001209733530799253,0.027477969409919912,0.027205643712353674,0.2685822551346636
brunone,4000.0,20.0,8,8,4140.081206496519,140.66125290023183,0.0010697468966755158,0.024934744264691135,0.02405749050712191,0.24372360802611373
brunone,4000.0,30.0,2,1,3999.4199535962875,0.0,0.10740259600158716,0.24144781838288268,1.0,1.0
brunone,4000.0,30.0,2,2,4029.872389791183,30.452436194895654,0.014715920869580753,0.1188247131899635,0.13701643551859105,0.4921341347617143
brunone,4000.0,30.0,3,1,3999.4199535962875,0.0,0.10148872613411657,0.2543669890529866,1.0,1.0
brunone,4000.0,30.0,3,2,4029.872389791183,30.452436194895654,0.014986736039592724,0.09307511603915015,0.14766897379111713,0.36590878551368117
brunone,4000.0,30.0,3,3,4060.3248259860784,60.90487238979085,0.006802498197391108,0.04503304730036,0.06702713154958374,0.17703966803247126
brunone,4000.0,30.0,4,1,3999.4199535962875,0.0,0.09904752017028302,0.2625417471820901,1.0,1.0
brunone,4000.0,30.0,4,2,4029.872389791183,30.452436194895654,0.014952855609564346,0.0848713545191855,0.15096648138042545,0.32326803424646056
brunone,4000.0,30.0,4,3,4060.3248259860784,60.90487238979085,0.00675860587446477,0.04402987164623026,0.06823599281279671,0.16770617289940037
brunone,4000.0,30.0,4,4,4089.3271461716936,89.90719257540604,0.0038816009998897307,0.03908589382155237,0.03918927998617695,0.1488749665189198
brunone,4000.0,30.0,5,1,3999.4199535962875,0.0,0.09607289634155773,0.22770414176436127,1.0,1.0
brunone,4000.0,30.0,5,2,4029.872389791183,30.452436194895654,0.014686698624174965,0.0743664439379171,0.15287036389494194,0.3265924078573631
brunone,4000.0,30.0,5,3,4060.3248259860784,60.90487238979085,0.006508314415674799,0.04023568009312397,0.06774350168997177,0.17670157328434413
brunone,4000.0,30.0,5,4,4089.3271461716936,89.90719257540604,0.003654986052822159,0.03484628295323422,0.03804388325951969,0.15303315382508395
brunone,4000.0,30.0,5,5,4119.779582366589,120.3596287703017,0.002562512485581019,0.030689870999865667,0.02667258491375956,0.13477959057778122
brunone,4000.0,30.0,6,1,3999.4199535962875,0.0,0.09077881639204373,0.19245903242761075,1.0,1.0
brunone,4000.0,30.0,6,2,4029.872389791183,30.452436194895654,0.014433531158381285,0.07292827560300488,0.15899668812652976,0.3789288280373916
brunone,4000.0,30.0,6,3,4060.3248259860784,60.90487238979085,0.006393550586534137,0.04347942345222711,0.0704299840055471,0.2259152137667581
brunone,4000.0,30.0,6,4,4089.3271461716936,89.90719257540604,0.0035985894280167667,0.038083716862865935,0.03964129045784919,0.19787960264837293
brunone,4000.0,30.0,6,5,4119.779582366589,120.3596287703017,0.002431767703810025,0.033403462129328286,0.026787832232885958,0.17356141568410027
brunone,4000.0,30.0,6,6,4150.232018561484,150.8120649651969,0.0018690468327916823,0.027461764735089607,0.02058901963118671,0.14268888494707957
brunone,4000.0,30.0,7,1,3999.4199535962875,0.0,0.08777414769413441,0.17072438015511857,1.0,1.0
brunone,4000.0,30.0,7,2,4029.872389791183,30.452436194895654,0.014417557966035489,0.07844792875404157,0.16425745330249392,0.45950044558817266
brunone,4000.0,30.0,7,3,4060.3248259860784,60.90487238979085,0.006287561260486053,0.04225995623165871,0.07163340716672348,0.24753322397926827
brunone,4000.0,30.0,7,4,4089.3271461716936,89.90719257540604,0.003472111836410486,0.03933813262701542,0.03955734037440859,0.23041895124336173
brunone,4000.0,30.0,7,5,4119.779582366589,120.3596287703017,0.0022613259734425455,0.03354381931839479,0.02576300690862374,0.19647937387687214
brunone,4000.0,30.0,7,6,4150.232018561484,150.8120649651969,0.0016700138105475344,0.029425996522891983,0.01902626062934855,0.17235966237602268
brunone,4000.0,30.0,7,7,4180.684454756381,181.264501160093,0.0013323924341442687,0.02335031400087949,0.015179782078741927,0.1367719946012609
brunone,4000.0,30.0,8,1,3999.4199535962875,0.0,0.08556363998440485,0.160206258520582,1.0,1.0
brunone,4000.0,30.0,8,2,4029.872389791183,30.452436194895654,0.014330518847487482,0.07865644731536932,0.16748374484885656,0.49096987871584413
brunone,4000.0,30.0,8,3,4060.3248259860784,60.90487238979085,0.00622945441693901,0.03926598094755971,0.07280492529390305,0.2450964232618611
brunone,4000.0,30.0,8,4,4089.3271461716936,89.90719257540604,0.003455070522609618,0.03429737101690833,0.04038012552106657,0.21408259161424756
brunone,4000.0,30.0,8,5,4119.779582366589,120.3596287703017,0.0022689212894670048,0.030833973323273804,0.0265173535146535,0.1924642246065094
brunone,4000.0,30.0,8,6,4150.232018561484,150.8120649651969,0.001689107370969711,0.027159618684036217,0.019740948039115375,0.16952907417500776
brunone,4000.0,30.0,8,7,4180.684454756381,181.264501160093,0.001339304648088196,0.022413312677451468,0.01565273109386537,0.13990285326195284
brunone,4000.0,30.0,8,8,4209.686774941995,210.26682134570774,0.0011318839310243722,0.02137066087160987,0.013228562169990356,0.13339466927794422
brunone,4000.0,40.0,2,1,3999.4199535962875,0.0,0.10655408061830648,0.23330582844159753,1.0,1.0
brunone,4000.0,40.0,2,2,4040.0232018561483,40.60324825986072,0.015103654888826533,0.0512134591415024,0.14174637706208743,0.21951212913792445
brunone,4000.0,40.0,3,1,3999.4199535962875,0.0,0.10147961797637427,0.25247390523060737,1.0,1.0
brunone,4000.0,40.0,3,2,4040.0232018561483,40.60324825986072,0.015113393759386314,0.04368839705045086,0.1489303375472393,0.1730412377094824
brunone,4000.0,40.0,3,3,4080.626450116009,81.20649651972144,0.006814125128693399,0.03815687225199279,0.06714772152847297,0.1511319445751855
brunone,4000.0,40.0,4,1,3999.4199535962875,0.0,0.09942023118001052,0.2605876437071277,1.0,1.0
brunone,4000.0,40.0,4,2,4040.0232018561483,40.60324825986072,0.01476439968705282,0.06966459792038024,0.14850498245493274,0.26733653572107086
brunone,4000.0,40.0,4,3,4080.626450116009,81.20649651972144,0.006498592063762797,0.05321426848404765,0.0653648858650955,0.20420871737055468
brunone,4000.0,40.0,4,4,4119.779582366589,120.3596287703017,0.0037676125847634022,0.037934710821215675,0.037895834077691426,0.14557371286510493
brunone,4000.0,40.0,5,1,3999.4199535962875,0.0,0.09504637481153351,0.2277484838948934,1.0,1.0
brunone,4000.0,40.0,5,2,4040.0232018561483,40.60324825986072,0.014456071759746685,0.06900116986828418,0.15209493037910685,0.3029709295458073
brunone,4000.0,40.0,5,3,4080.626450116009,81.20649651972144,0.0065344403858121755,0.05179569352074305,0.06875002227880075,0.22742497616206706
brunone,4000.0,40.0,5,4,4119.779582366589,120.3596287703017,0.0037406760212411474,0.04237335879568099,0.03935632504299607,0.18605330789045524
brunone,4000.0,40.0,5,5,4160.3828306264495,160.96287703016196,0.0025314255390058663,0.03260225905993152,0.026633583280008356,0.14315027921317605
brunone,4000.0,40.0,6,1,3999.4199535962875,0.0,0.09158862390267276,0.19513551548899694,1.0,1.0
brunone,4000.0,40.0,6,2,4040.0232018561483,40.60324825986072,0.014372080911055211,0.06828409372658109,0.1569199350164688,0.3499316541915273
brunone,4000.0,40.0,6,3,4080.626450116009,81.20649651972144,0.006344388777373359,0.05230667040156317,0.06927048913973491,0.2680530515958925
brunone,4000.0,40.0,6,4,4119.779582366589,120.3596287703017,0.0035741156298329207,0.042014394208564246,0.039023576046201734,0.21530880272245112
brunone,4000.0,40.0,6,5,4160.3828306264495,160.96287703016196,0.002345863650273738,0.03278262914470869,0.0256130461438812,0.1679992955795748
brunone,4000.0,40.0,6,6,4199.53596287703,200.11600928074267,0.0018046574773223905,0.025823978540427315,0.019703947940522847,0.13233869024669395
brunone,4000.0,40.0,7,1,3999.4199535962875,0.0,0.08866687870397083,0.1778760298175506,1.0,1.0
brunone,4000.0,40.0,7,2,4040.0232018561483,40.60324825986072,0.014673332395958895,0.06319077258081206,0.16548831548416476,0.3552517595857493
brunone,4000.0,40.0,7,3,4080.626450116009,81.20649651972144,0.006482340088607614,0.048015673274086,0.07310892391114825,0.2699389756075408
brunone,4000.0,40.0,7,4,4119.779582366589,120.3596287703017,0.0037019340421969357,0.03881016380291211,0.041751035970900255,0.21818658670715846
brunone,4000.0,40.0,7,5,4160.3828306264495,160.96287703016196,0.0024357856834814453,0.032390987795993614,0.02747120141235288,0.18209866629706883
brunone,4000.0,40.0,7,6,4199.53596287703,200.11600928074267,0.0018604272693542917,0.026714234841538606,0.020982212259502656,0.1501845688198668
brunone,4000.0,40.0,7,7,4240.1392111368905,240.71925754060294,0.0014925415937985587,0.021497686886607276,0.016833135615178896,0.12085769459020246
brunone,4000.0,40.0,8,1,3999.4199535962875,0.0,0.08591332660941714,0.17387361475463464,1.0,1.0
brunone,4000.0,40.0,8,2,4040.0232018561483,40.60324825986072,0.014505359023115194,0.05705377951016562,0.16883712452504698,0.3281336250510363
brunone,4000.0,40.0,8,3,4080.626450116009,81.20649651972144,0.00629824725802264,0.045923195788644344,0.07330931657036169,0.26411825539746103
brunone,4000.0,40.0,8,4,4119.779582366589,120.3596287703017,0.0035217513684546982,0.03710187353249739,0.04099191018950338,0.21338415023380325
brunone,4000.0,40.0,8,5,4160.3828306264495,160.96287703016196,0.0022305314340588197,0.030895436145131287,0.025962577892011535,0.17768904263438717
brunone,4000.0,40.0,8,6,4199.53596287703,200.11600928074267,0.001616520087375378,0.025152812858741637,0.01881570823958978,0.14466147088640532
brunone,4000.0,40.0,8,7,4240.1392111368905,240.71925754060294,0.0012544633280996754,0.021068142985613415,0.014601498715126822,0.12116929308304863
brunone,4000.0,40.0,8,8,4279.29234338747,279.87238979118274,0.001094924952092047,0.016945218673191903,0.01274452981048961,0.0974571023734941
brunone,4000.0,50.0,2,1,3999.4199535962875,0.0,0.10603287484113352,0.23314315401276164,1.0,1.0
brunone,4000.0,50.0,2,2,4050.1740139211133,50.75406032482579,0.015726556281858695,0.06242909523466114,0.14831773924286606,0.26777151359650875
brunone,4000.0,50.0,3,1,3999.4199535962875,0.0,0.10204844988344357,0.26435392990802176,1.0,1.0
brunone,4000.0,50.0,3,2,4050.1740139211133,50.75406032482579,0.015966357686576504,0.055565563479675346,0.15645860083923627,0.210193824237864
brunone,4000.0,50.0,3,3,4099.477958236658,100.05800464037065,0.006982487302271268,0.04433325081316893,0.06842325689656667,0.16770414886056004
brunone,4000.0,50.0,4,1,3999.4199535962875,0.0,0.09973590972907473,0.27747186967435067,1.0,1.0
brunone,4000.0,50.0,4,2,4050.1740139211133,50.75406032482579,0.01544476300662101,0.07806939749879413,0.15485659125760795,0.2813596837417023
brunone,4000.0,50.0,4,3,4099.477958236658,100.05800464037065,0.006354871834509882,0.04965573727300402,0.06371698871321697,0.17895773481932237
brunone,4000.0,50.0,4,4,4150.232018561484,150.8120649651969,0.0035080651834871667,0.037329850735742805,0.0351735417365377,0.13453562258240534
brunone,4000.0,50.0,5,1,3999.4199535962875,0.0,0.09464137463613287,0.22550085917776677,1.0,1.0
brunone,4000.0,50.0,5,2,4050.1740139211133,50.75406032482579,0.014923175754642625,0.07405780726463354,0.1576813081172761,0.32841474544561405
brunone,4000.0,50.0,5,3,4099.477958236658,100.05800464037065,0.006215448418714767,0.0535257449194293,0.0656736912646426,0.23736381810072793
brunone,4000.0,50.0,5,4,4150.232018561484,150.8120649651969,0.003421306583054021,0.04153681034372831,0.03615022072754013,0.18419801368022293
brunone,4000.0,50.0,5,5,4199.53596287703,200.11600928074267,0.002300520551524087,0.0319941749319569,0.02430776772176952,0.14188050124782567
brunone,4000.0,50.0,6,1,3999.4199535962875,0.0,0.09300200424423545,0.1972515555561125,1.0,1.0
brunone,4000.0,50.0,6,2,4050.1740139211133,50.75406032482579,0.014604181079326801,0.06619133431278058,0.1570308209807426,0.3355681232838289
brunone,4000.0,50.0,6,3,4099.477958236658,100.05800464037065,0.0059909157749617765,0.050184518348136475,0.06441706094020132,0.25441887242232875
brunone,4000.0,50.0,6,4,4150.232018561484,150.8120649651969,0.003184496217711101,0.03845414240291697,0.034241156882471015,0.19494975486760024
brunone,4000.0,50.0,6,5,4199.53596287703,200.11600928074267,0.002046883724888761,0.029933089855332974,0.022009028101301734,0.15175084308431652
brunone,4000.0,50.0,6,6,4250.290023201856,250.870069605568,0.001652361507496324,0.023876657926635535,0.017766945141924104,0.12104674084480564
brunone,4000.0,50.0,7,1,3999.4199535962875,0.0,0.08885712962738017,0.1863505030460132,1.0,1.0
brunone,4000.0,50.0,7,2,4050.1740139211133,50.75406032482579,0.014648903821462571,0.06322140783564789,0.16485907076778566,0.3392607307319016
brunone,4000.0,50.0,7,3,4099.477958236658,100.05800464037065,0.006017668051469609,0.04729165414315978,0.06772296243086547,0.2537779795071583
brunone,4000.0,50.0,7,4,4150.232018561484,150.8120649651969,0.0032055858969033952,0.037761680307280165,0.0360757308990953,0.2026379306202149
brunone,4000.0,50.0,7,5,4199.53596287703,200.11600928074267,0.00204637904824852,0.028180132731781018,0.023029992717860142,0.15122112509040478
brunone,4000.0,50.0,7,6,4250.290023201856,250.870069605568,0.0015558114760420088,0.021869621910867866,0.01750913497393242,0.11735746109291625
brunone,4000.0,50.0,7,7,4299.593967517401,300.1740139211138,0.001261984294411655,0.016813989255112904,0.014202397710839301,0.09022776424145867
brunone,4000.0,50.0,8,1,3999.4199535962875,0.0,0.08717006028827583,0.1698545507651853,1.0,1.0
brunone,4000.0,50.0,8,2,4050.1740139211133,50.75406032482579,0.014736818330630199,0.050044757502032244,0.16905825557415918,0.2946330096931957
brunone,4000.0,50.0,8,3,4099.477958236658,100.05800464037065,0.005890126839767303,0.043237755637485845,0.06757052616791079,0.2545575343298261
brunone,4000.0,50.0,8,4,4150.232018561484,150.8120649651969,0.003071613743860805,0.03599225751993485,0.035237026723427996,0.21190046046921754
brunone,4000.0,50.0,8,5,4199.53596287703,200.11600928074267,0.001921582778497159,0.02810821921945299,0.022044068481109073,0.16548405145948122
brunone,4000.0,50.0,8,6,4250.290023201856,250.870069605568,0.0014076636625155268,0.023535912234741743,0.016148476413350082,0.13856509660008381
brunone,4000.0,50.0,8,7,4299.593967517401,300.1740139211138,0.0011210544588467332,0.018750515976483875,0.012860544723031612,0.11039160206196327
brunone,4000.0,50.0,8,8,4350.348027842227,350.9280742459391,0.0009881355263884903,0.01395712436426495,0.01133572149796244,0.08217103575611534
brunone,4000.0,60.0,2,1,3999.4199535962875,0.0,0.10570297277914292,0.2345202899386361,1.0,1.0
brunone,4000.0,60.0,2,2,4060.3248259860784,60.90487238979085,0.015915315826164476,0.07031465617044774,0.15056639759241333,0.2998233380525245
brunone,4000.0,60.0,3,1,3999.4199535962875,0.0,0.1027030508140458,0.274924407758048,1.0,1.0
brunone,4000.0,60.0,3,2,4060.3248259860784,60.90487238979085,0.015734306056492207,0.07516981391285597,0.1532019344291997,0.2734199357774391
brunone,4000.0,60.0,3,3,4119.779582366589,120.3596287703017,0.00669014572723796,0.036623064849698767,0.06514067181267226,0.1332113985380648
brunone,4000.0,60.0,4,1,3999.4199535962875,0.0,0.09929502378374533,0.2596623333144333,1.0,1.0
brunone,4000.0,60.0,4,2,4060.3248259860784,60.90487238979085,0.015163366085289284,0.0810165401586141,0.152710231665925,0.3120072870195949
brunone,4000.0,60.0,4,3,4119.779582366589,120.3596287703017,0.006102889200996391,0.048034396486323606,0.06146218580185726,0.1849879259467227
brunone,4000.0,60.0,4,4,4180.684454756381,181.264501160093,0.0035522366488583263,0.03293833554947318,0.035774568689310594,0.12685064918363465
brunone,4000.0,60.0,5,1,3999.4199535962875,0.0,0.09569329256094819,0.218851124852076,1.0,1.0
brunone,4000.0,60.0,5,2,4060.3248259860784,60.90487238979085,0.014838056612839113,0.06901726944363527,0.15505848127640273,0.31536173044705545
brunone,4000.0,60.0,5,3,4119.779582366589,120.3596287703017,0.0060300945841596735,0.04965758836639082,0.06301480932238834,0.22690122520482797
brunone,4000.0,60.0,5,4,4180.684454756381,181.264501160093,0.0033355524095789197,0.03697540174869261,0.03485670019614454,0.16895230387179738
brunone,4000.0,60.0,5,5,4240.1392111368905,240.71925754060294,0.002194204083238459,0.029747125129702713,0.02292954944403177,0.13592402209405657
brunone,4000.0,60.0,6,1,3999.4199535962875,0.0,0.09315043246073883,0.2031483364150458,1.0,1.0
brunone,4000.0,60.0,6,2,4060.3248259860784,60.90487238979085,0.014657511566321677,0.0674419500225615,0.1573531241789945,0.3319837671954794
brunone,4000.0,60.0,6,3,4119.779582366589,120.3596287703017,0.005944878106827286,0.05012740920108227,0.06382018794526736,0.24675274277741846
brunone,4000.0,60.0,6,4,4180.684454756381,181.264501160093,0.0031799729560340047,0.037220305065687624,0.03413803749514855,0.18321737565029342
brunone,4000.0,60.0,6,5,4240.1392111368905,240.71925754060294,0.002027512080496747,0.027944718006940747,0.02176599750464181,0.13755819269840242
brunone,4000.0,60.0,6,6,4299.593967517401,300.1740139211138,0.0015672671546232233,0.01971717606737708,0.016825119467736203,0.09705802378363343
brunone,4000.0,60.0,7,1,3999.4199535962875,0.0,0.0904384777207975,0.18640491596665068,1.0,1.0
brunone,4000.0,60.0,7,2,4060.3248259860784,60.90487238979085,0.014620329393178826,0.06391767045688036,0.1616604985138609,0.3428969140938093
brunone,4000.0,60.0,7,3,4119.779582366589,120.3596287703017,0.005981955134566408,0.045257183236106543,0.0661439166748688,0.24278964426133168
brunone,4000.0,60.0,7,4,4180.684454756381,181.264501160093,0.0031423052367225627,0.037031259173943634,0.03474522477505113,0.19866031419776944
brunone,4000.0,60.0,7,5,4240.1392111368905,240.71925754060294,0.0019635888127969405,0.029367007586607513,0.021711873776325052,0.1575441690167737
brunone,4000.0,60.0,7,6,4299.593967517401,300.1740139211138,0.0014836780652338955,0.021134661754426694,0.016405385214624247,0.1133803883058956
brunone,4000.0,60.0,7,7,4360.498839907193,361.0788863109051,0.0012495154664555702,0.015328898647828253,0.01381619304023544,0.08223441194314164
brunone,4000.0,60.0,8,1,3999.4199535962875,0.0,0.08833594973567382,0.16132972902344606,1.0,1.0
brunone,4000.0,60.0,8,2,4060.3248259860784,60.90487238979085,0.014474234856716678,0.05542217017298948,0.16385440921875732,0.3435335229809688
brunone,4000.0,60.0,8,3,4119.779582366589,120.3596287703017,0.005836318064337762,0.0432424167350237,0.06606956829922221,0.2680374968505605
brunone,4000.0,60.0,8,4,4180.684454756381,181.264501160093,0.0028893236028865723,0.036774241050872215,0.032708354996264226,0.22794460310243136
brunone,4000.0,60.0,8,5,4240.1392111368905,240.71925754060294,0.0016635185797783654,0.031007580205244977,0.018831728019635088,0.19220003896949858
brunone,4000.0,60.0,8,6,4299.593967517401,300.1740139211138,0.001158152018979561,0.02360664391255503,0.013110766595537601,0.1463254420338379
brunone,4000.0,60.0,8,7,4360.498839907193,361.0788863109051,0.0009350174060390715,0.020090535519528465,0.010584789192134214,0.12453089483965293
brunone,4000.0,60.0,8,8,4419.953596287703,420.533642691415,0.0008618581157442165,0.01610232760607055,0.009756595342248995,0.09981004557275615
brunone,4000.0,70.0,2,1,3999.4199535962875,0.0,0.10564836800397935,0.22723902386860692,1.0,1.0
brunone,4000.0,70.0,2,2,4070.475638051044,71.05568445475637,0.016687854891256185,0.0663270911404047,0.15795657998832147,0.2918824857246176
brunone,4000.0,70.0,3,1,3999.4199535962875,0.0,0.10356940021317083,0.2569862047140736,1.0,1.0
brunone,4000.0,70.0,3,2,4070.475638051044,71.05568445475637,0.016032490619895187,0.06557501959098483,0.15479949277389315,0.2551694152763745
brunone,4000.0,70.0,3,3,4140.081206496519,140.66125290023183,0.006831491587738643,0.03878722237811073,0.0659605209036432,0.15093114597830626
brunone,4000.0,70.0,4,1,3999.4199535962875,0.0,0.09851424765319242,0.24483028907792853,1.0,1.0
brunone,4000.0,70.0,4,2,4070.475638051044,71.05568445475637,0.01563289424683085,0.06908481399691709,0.1586866328397957,0.2821742941083881
brunone,4000.0,70.0,4,3,4140.081206496519,140.66125290023183,0.006306058625634779,0.04704952349759524,0.06401164071043308,0.19217198850187836
brunone,4000.0,70.0,4,4,4209.686774941995,210.26682134570774,0.0034868513857743864,0.031327888227209534,0.03539438679011617,0.12795756744476167
brunone,4000.0,70.0,5,1,3999.4199535962875,0.0,0.09674308133251022,0.21754930405405584,1.0,1.0
brunone,4000.0,70.0,5,2,4070.475638051044,71.05568445475637,0.015516354157164554,0.06435169706996581,0.16038722297705366,0.2958028174338629
brunone,4000.0,70.0,5,3,4140.081206496519,140.66125290023183,0.006030811541259615,0.048325612474726484,0.06233842728795717,0.2221363689709562
brunone,4000.0,70.0,5,4,4209.686774941995,210.26682134570774,0.0031627057743473237,0.03620902812817548,0.03269180318411572,0.16644056061507048
brunone,4000.0,70.0,5,5,4279.29234338747,279.87238979118274,0.0020456236778873173,0.025658596489116024,0.02114490927631733,0.1179438224391675
brunone,4000.0,70.0,6,1,3999.4199535962875,0.0,0.0940230725480401,0.20485077726166345,1.0,1.0
brunone,4000.0,70.0,6,2,4070.475638051044,71.05568445475637,0.01539470946583717,0.06694502184770344,0.1637333161812108,0.32679896431240824
brunone,4000.0,70.0,6,3,4140.081206496519,140.66125290023183,0.005991746231788652,0.04792806483905817,0.06372633939108119,0.23396574560143302
brunone,4000.0,70.0,6,4,4209.686774941995,210.26682134570774,0.003154368193937088,0.033794545603944556,0.033548873786542095,0.16497152735123644
brunone,4000.0,70.0,6,5,4279.29234338747,279.87238979118274,0.0019491249051003146,0.02328878091370651,0.020730283028183638,0.11368656358066384
brunone,4000.0,70.0,6,6,4350.348027842227,350.9280742459391,0.0013758775978309284,0.0172973038610024,0.014633403914001409,0.0844385561637773
brunone,4000.0,70.0,7,1,3999.4199535962875,0.0,0.0916498871470875,0.1855775855989362,1.0,1.0
brunone,4000.0,70.0,7,2,4070.475638051044,71.05568445475637,0.015074815356641631,0.06381157831399793,0.16448263959614365,0.34385390944736877
brunone,4000.0,70.0,7,3,4140.081206496519,140.66125290023183,0.005813741115254931,0.045184238130702284,0.0634342419421046,0.2434789631779825
brunone,4000.0,70.0,7,4,4209.686774941995,210.26682134570774,0.0030366070000829803,0.03375392036805744,0.03313268673435,0.18188576092915248
brunone,4000.0,70.0,7,5,4279.29234338747,279.87238979118274,0.0017589866475207255,0.026434233715023292,0.01919245841184458,0.14244303065862726
brunone,4000.0,70.0,7,6,4350.348027842227,350.9280742459391,0.001203408685687661,0.021078839220884143,0.013130498281534475,0.11358504936279856
brunone,4000.0,70.0,7,7,4419.953596287703,420.533642691415,0.0009721154663269522,0.019500531224261375,0.010606837570534254,0.10508020761949799
brunone,4000.0,70.0,8,1,3999.4199535962875,0.0,0.08976253691055239,0.16072851208363706,1.0,1.0
brunone,4000.0,70.0,8,2,4070.475638051044,71.05568445475637,0.014623538352209045,0.057576289757219276,0.1629136035535769,0.35822076003079495
brunone,4000.0,70.0,8,3,4140.081206496519,140.66125290023183,0.0055813607744081275,0.04402614398227764,0.062179178157251803,0.27391620448379495
brunone,4000.0,70.0,8,4,4209.686774941995,210.26682134570774,0.002764043100350865,0.03444826261717946,0.03079283624865918,0.21432577313509804
brunone,4000.0,70.0,8,5,4279.29234338747,279.87238979118274,0.0015296011128192958,0.027179063216808793,0.017040528994223175,0.16909920252771227
brunone,4000.0,70.0,8,6,4350.348027842227,350.9280742459391,0.0009922584889952932,0.022464995457753326,0.011054260754506866,0.13976982158624968
brunone,4000.0,70.0,8,7,4419.953596287703,420.533642691415,0.00079009482671379,0.020514900408336537,0.008802055444367763,0.12763697082980122
brunone,4000.0,70.0,8,8,4489.5591647331785,490.13921113689094,0.0007164467545403542,0.01640517280385044,0.007981578720912125,0.10206759579354413
brunone,4000.0,80.0,2,1,3999.4199535962875,0.0,0.10574976366713632,0.191313323318658,1.0,1.0
brunone,4000.0,80.0,2,2,4080.626450116009,81.20649651972144,0.016624108729463846,0.07506055633732744,0.1572023251209411,0.39234359131540475
brunone,4000.0,80.0,3,1,3999.4199535962875,0.0,0.10417780162908823,0.2536427731798971,1.0,1.0
brunone,4000.0,80.0,3,2,4080.626450116009,81.20649651972144,0.01606142768585877,0.06431228829095509,0.15417322533876682,0.25355458578487217
brunone,4000.0,80.0,3,3,4160.3828306264495,160.96287703016196,0.006793331995758203,0.05040928444923352,0.06520901659976465,0.19874126046351237
brunone,4000.0,80.0,4,1,3999.4199535962875,0.0,0.0983857773336434,0.23843752836644408,1.0,1.0
brunone,4000.0,80.0,4,2,4080.626450116009,81.20649651972144,0.015309548880196202,0.06433438530596501,0.15560733771791874,0.26981652488484253
brunone,4000.0,80.0,4,3,4160.3828306264495,160.96287703016196,0.006367218910886602,0.04597260562137965,0.06471686338660768,0.1928077594845992
brunone,4000.0,80.0,4,4,4240.1392111368905,240.71925754060294,0.003420815222692222,0.03052612435500483,0.034769407890041244,0.1280256701373392
brunone,4000.0,80.0,5,1,3999.4199535962875,0.0,0.09711476623956478,0.21898308076052958,1.0,1.0
brunone,4000.0,80.0,5,2,4080.626450116009,81.20649651972144,0.015023489464047066,0.06279290710006026,0.15469830228481218,0.2867477564110438
brunone,4000.0,80.0,5,3,4160.3828306264495,160.96287703016196,0.006204737862127405,0.046892428900704664,0.06389077688578712,0.21413722346880393
brunone,4000.0,80.0,5,4,4240.1392111368905,240.71925754060294,0.0032018698519370027,0.033740350751057906,0.032969958904483815,0.15407743207318786
brunone,4000.0,80.0,5,5,4319.8955916473315,320.4756380510439,0.002010732355451559,0.022443121387039286,0.020704702624639405,0.10248792422270336
brunone,4000.0,80.0,6,1,3999.4199535962875,0.0,0.09519182116152258,0.20496917136010462,1.0,1.0
brunone,4000.0,80.0,6,2,4080.626450116009,81.20649651972144,0.015125554199940655,0.06318324366661382,0.15889552290711448,0.3082573015607744
brunone,4000.0,80.0,6,3,4160.3828306264495,160.96287703016196,0.006194877176389072,0.0451894743174108,0.06507783022532507,0.2204696151013787
brunone,4000.0,80.0,6,4,4240.1392111368905,240.71925754060294,0.0031348445152515436,0.03209460047987106,0.03293186827398021,0.1565825741837291
brunone,4000.0,80.0,6,5,4319.8955916473315,320.4756380510439,0.001909987642926143,0.023268582968842867,0.02006461920384162,0.11352235467626955
brunone,4000.0,80.0,6,6,4399.651972157772,400.2320185614849,0.001290948349574258,0.021916528774787634,0.013561546925168729,0.10692597637662835
brunone,4000.0,80.0,7,1,3999.4199535962875,0.0,0.09320093203738088,0.18104739212492293,1.0,1.0
brunone,4000.0,80.0,7,2,4080.626450116009,81.20649651972144,0.015094615309428428,0.06152077555030456,0.1619577720893854,0.33980481479597974
brunone,4000.0,80.0,7,3,4160.3828306264495,160.96287703016196,0.006032590888893054,0.04477815670420069,0.06472672275931224,0.24732837175198694
brunone,4000.0,80.0,7,4,4240.1392111368905,240.71925754060294,0.002908809517590443,0.03348008852059084,0.031210090435831506,0.18492444507286543
brunone,4000.0,80.0,7,5,4319.8955916473315,320.4756380510439,0.0016353678771703457,0.023601440211727408,0.017546690160935675,0.1303605643512522
brunone,4000.0,80.0,7,6,4399.651972157772,400.2320185614849,0.0010045512213980956,0.02175992453762703,0.010778338793813692,0.12018910784758863
brunone,4000.0,80.0,7,7,4479.408352668213,479.98839907192587,0.000759179376765992,0.016130385766964656,0.008145620007979122,0.08909482527003022
brunone,4000.0,80.0,8,1,3999.4199535962875,0.0,0.09146143984437446,0.15977433648555,1.0,1.0
brunone,4000.0,80.0,8,2,4080.626450116009,81.20649651972144,0.014870007707081426,0.05513856124972979,0.1625822612500238,0.34510273966755933
brunone,4000.0,80.0,8,3,4160.3828306264495,160.96287703016196,0.005758170515944953,0.0425624788892202,0.06295735695548557,0.2663912104123778
brunone,4000.0,80.0,8,4,4240.1392111368905,240.71925754060294,0.002653684260581243,0.03433185757837959,0.029014241029843832,0.2148771719761425
brunone,4000.0,80.0,8,5,4319.8955916473315,320.4756380510439,0.0013841196767624894,0.024111375915419963,0.015133368544357359,0.1509089409837768
brunone,4000.0,80.0,8,6,4399.651972157772,400.2320185614849,0.0007044807737129892,0.02210049990282195,0.007702489430646328,0.1383232150353553
brunone,4000.0,80.0,8,7,4479.408352668213,479.98839907192587,0.0005346126878247123,0.01593396014014016,0.005845224924671846,0.09972790681300202
brunone,4000.0,80.0,8,8,4560.614849187935,561.1948955916473,0.0006007779108202524,0.014578410521309478,0.006568646982187265,0.09124375567429097
brunone,4000.0,90.0,2,1,3999.4199535962875,0.0,0.10596116570887908,0.2175788523481531,1.0,1.0
brunone,4000.0,90.0,2,2,4089.3271461716936,89.90719257540604,0.0171251703509039,0.05701602302484191,0.16161742121593972,0.2620476319711863
brunone,4000.0,90.0,3,1,3999.4199535962875,0.0,0.10434292600366744,0.25780712256494603,1.0,1.0
brunone,4000.0,90.0,3,2,4089.3271461716936,89.90719257540604,0.016648425676611577,0.057765919259636846,0.1595549052939767,0.2240664209930221
brunone,4000.0,90.0,3,3,4180.684454756381,181.264501160093,0.006361638410070204,0.04346454066192768,0.06096856446067657,0.1685932499827588
brunone,4000.0,90.0,4,1,3999.4199535962875,0.0,0.0989568174040442,0.23347650188849556,1.0,1.0
brunone,4000.0,90.0,4,2,4089.3271461716936,89.90719257540604,0.015931733466359208,0.06001659329729956,0.16099682552753666,0.2570562468250551
brunone,4000.0,90.0,4,3,4180.684454756381,181.264501160093,0.005952883261034337,0.04244221165048202,0.06015637342830563,0.18178365406019192
brunone,4000.0,90.0,4,4,4270.591647331787,271.17169373549905,0.003237933331217904,0.031616639670845395,0.03272066964317685,0.13541679533105636
brunone,4000.0,90.0,5,1,3999.4199535962875,0.0,0.09751388477280752,0.21851181830281327,1.0,1.0
brunone,4000.0,90.0,5,2,4089.3271461716936,89.90719257540604,0.015540461156826762,0.06094970770215064,0.15936665012406864,0.27893094376106764
brunone,4000.0,90.0,5,3,4180.684454756381,181.264501160093,0.0058966295511017576,0.04368865159260028,0.06046964045007544,0.1999372479343732
brunone,4000.0,90.0,5,4,4270.591647331787,271.17169373549905,0.0030952916858616713,0.03230719627875267,0.031742061072361424,0.1478510248538659
brunone,4000.0,90.0,5,5,4360.498839907193,361.0788863109051,0.002048772389114457,0.023450871170797413,0.021010058145953105,0.10732083670778501
brunone,4000.0,90.0,6,1,3999.4199535962875,0.0,0.09599900811920335,0.2040169007726119,1.0,1.0
brunone,4000.0,90.0,6,2,4089.3271461716936,89.90719257540604,0.015170640351986306,0.06087918103214394,0.15802913643804217,0.2984026362600084
brunone,4000.0,90.0,6,3,4180.684454756381,181.264501160093,0.0059264258521176585,0.04336031476259342,0.06173424047005496,0.21253295486005294
brunone,4000.0,90.0,6,4,4270.591647331787,271.17169373549905,0.003022485438468794,0.03409477636600786,0.03148454861862458,0.16711741153252974
brunone,4000.0,90.0,6,5,4360.498839907193,361.0788863109051,0.001902667309102756,0.02634621522486758,0.019819655914988066,0.1291374152096933
brunone,4000.0,90.0,6,6,4450.406032482599,450.98607888631113,0.0012590369717703934,0.02071457079254774,0.013115103962397496,0.10153360194229827
brunone,4000.0,90.0,7,1,3999.4199535962875,0.0,0.09448089820548922,0.17892638324027457,1.0,1.0
brunone,4000.0,90.0,7,2,4089.3271461716936,89.90719257540604,0.014894748507857205,0.057753486966506125,0.15764825261781687,0.3227779264333019
brunone,4000.0,90.0,7,3,4180.684454756381,181.264501160093,0.005682177089470292,0.04425626195384404,0.060141014717196725,0.24734341102962834
brunone,4000.0,90.0,7,4,4270.591647331787,271.17169373549905,0.002708536799918171,0.03373463070203937,0.028667559806928342,0.18853916393502576
brunone,4000.0,90.0,7,5,4360.498839907193,361.0788863109051,0.0015933812185908445,0.025400536743228615,0.016864585845970198,0.14196082368198903
brunone,4000.0,90.0,7,6,4450.406032482599,450.98607888631113,0.0009680238549661232,0.02099825091599676,0.0102457096974326,0.11735692934562297
brunone,4000.0,90.0,7,7,4540.313225058005,540.8932714617172,0.0006542865802158497,0.01649756085719831,0.006925067316705892,0.09220306451421564
brunone,4000.0,90.0,8,1,3999.4199535962875,0.0,0.09289570351293432,0.16177567520088507,1.0,1.0
brunone,4000.0,90.0,8,2,4089.3271461716936,89.90719257540604,0.014444187299267842,0.052573639588261875,0.15548821692551915,0.3249786441810768
brunone,4000.0,90.0,8,3,4180.684454756381,181.264501160093,0.005211351789619243,0.04314951079401999,0.05609895390795594,0.2667243436965357
brunone,4000.0,90.0,8,4,4270.591647331787,271.17169373549905,0.0023086786459069254,0.035845155083431196,0.02485237269972854,0.22157320647198936
brunone,4000.0,90.0,8,5,4360.498839907193,361.0788863109051,0.001243263221537421,0.027221651494874106,0.013383430821042392,0.16826788984853008
brunone,4000.0,90.0,8,6,4450.406032482599,450.98607888631113,0.0006898843105167342,0.022322917386624813,0.00742643937693715,0.1379868596369962
brunone,4000.0,90.0,8,7,4540.313225058005,540.8932714617172,0.000542480596053766,0.017151198877028102,0.00583967369360881,0.10601840391474546
brunone,4000.0,90.0,8,8,4630.220417633411,630.8004640371232,0.0005512103396198564,0.01525720798435828,0.005933647292343383,0.0943108904686235
brunone,4000.0,100.0,2,1,3999.4199535962875,0.0,0.10610802367695342,0.21963513195301296,1.0,1.0
brunone,4000.0,100.0,2,2,4099.477958236658,100.05800464037065,0.01687740764472207,0.05785985959786467,0.15905873146884209,0.26343626852120705
brunone,4000.0,100.0,3,1,3999.4199535962875,0.0,0.10415499684030669,0.24769564684473483,1.0,1.0
brunone,4000.0,100.0,3,2,4099.477958236658,100.05800464037065,0.01631061156511708,0.0501257370710518,0.15659941490973267,0.20236826003838712
brunone,4000.0,100.0,3,3,4199.53596287703,200.11600928074267,0.006816165458411488,0.038563350254556386,0.06544251994805608,0.15568844566222587
brunone,4000.0,100.0,4,1,3999.4199535962875,0.0,0.09951412981258917,0.23229850557576323,1.0,1.0
brunone,4000.0,100.0,4,2,4099.477958236658,100.05800464037065,0.015763111647766684,0.06053795462769704,0.15840073844239705,0.26060415015434885
brunone,4000.0,100.0,4,3,4199.53596287703,200.11600928074267,0.006292525784368244,0.04163663041081732,0.06323248564016684,0.17923761630587717
brunone,4000.0,100.0,4,4,4299.593967517401,300.1740139211138,0.003338664784429171,0.028885990309034257,0.033549655618923056,0.12434858432446182
brunone,4000.0,100.0,5,1,3999.4199535962875,0.0,0.09803857724366408,0.21800769794367522,1.0,1.0
brunone,4000.0,100.0,5,2,4099.477958236658,100.05800464037065,0.015589770476900957,0.06062368311324205,0.1590166943993312,0.2780804700249845
brunone,4000.0,100.0,5,3,4199.53596287703,200.11600928074267,0.006217168838696003,0.04500964309658662,0.06341553512393305,0.20645896232625408
brunone,4000.0,100.0,5,4,4299.593967517401,300.1740139211138,0.003199339421661689,0.03331952699718253,0.03263347461387657,0.15283647004882833
brunone,4000.0,100.0,5,5,4399.651972157772,400.2320185614849,0.002058567824538388,0.02587130955352323,0.020997528548604337,0.11867154140679646
brunone,4000.0,100.0,6,1,3999.4199535962875,0.0,0.09660422740329695,0.2026120918455345,1.0,1.0
brunone,4000.0,100.0,6,2,4099.477958236658,100.05800464037065,0.015449102852722359,0.060425596169469166,0.15992160248046355,0.29823292193012774
brunone,4000.0,100.0,6,3,4199.53596287703,200.11600928074267,0.0061285074389475815,0.04479521202527083,0.06343932976517366,0.2210885422347911
brunone,4000.0,100.0,6,4,4299.593967517401,300.1740139211138,0.0030174420490775137,0.03421993998295065,0.0312350932271369,0.16889386843228946
brunone,4000.0,100.0,6,5,4399.651972157772,400.2320185614849,0.0018867771561868892,0.02762527329366705,0.01953099990448758,0.136345629927792
brunone,4000.0,100.0,6,6,4499.7099767981435,500.290023201856,0.0013024116916743238,0.019489090257254028,0.013481932692625358,0.09618917646885526
brunone,4000.0,100.0,7,1,3999.4199535962875,0.0,0.09538952523561281,0.18094628593031933,1.0,1.0
brunone,4000.0,100.0,7,2,4099.477958236658,100.05800464037065,0.015070293580631828,0.05798501980981423,0.15798688109001585,0.320454324396267
brunone,4000.0,100.0,7,3,4199.53596287703,200.11600928074267,0.005787049219613579,0.043708433064230515,0.060667554485878045,0.24155474006834388
brunone,4000.0,100.0,7,4,4299.593967517401,300.1740139211138,0.0026677359372273258,0.03214380505444798,0.027966759774073716,0.17764280095158322
brunone,4000.0,100.0,7,5,4399.651972157772,400.2320185614849,0.0015162644209082657,0.026686157328704302,0.01589550233280941,0.14748110021435246
brunone,4000.0,100.0,7,6,4499.7099767981435,500.290023201856,0.001028416818934455,0.019969892030210604,0.010781234274877228,0.11036364702119841
brunone,4000.0,100.0,7,7,4599.767981438515,600.3480278422271,0.0006824203253806293,0.016576026628229046,0.007154038388335053,0.09160744329735684
brunone,4000.0,100.0,8,1,3999.4199535962875,0.0,0.09443705865170121,0.1695144962528679,1.0,1.0
brunone,4000.0,100.0,8,2,4099.477958236658,100.05800464037065,0.014714957758080837,0.054881174700631856,0.15581762041479844,0.3237550528939106
brunone,4000.0,100.0,8,3,4199.53596287703,200.11600928074267,0.0054945390906892535,0.04255526934939895,0.05818202270523886,0.2510420659594709
brunone,4000.0,100.0,8,4,4299.593967517401,300.1740139211138,0.002468476790870189,0.03333726072129194,0.02613885720408046,0.19666318490875337
brunone,4000.0,100.0,8,5,4399.651972157772,400.2320185614849,0.0012693070470380134,0.02749565478081134,0.013440772776706422,0.16220238026012573
brunone,4000.0,100.0,8,6,4499.7099767981435,500.290023201856,0.0009125338135236819,0.020989003706311942,0.009662878392784879,0.12381834102849976
brunone,4000.0,100.0,8,7,4599.767981438515,600.3480278422271,0.0006851461395996651,0.017716789864042255,0.007255055900529392,0.10451489551438593
brunone,4000.0,100.0,8,8,4699.825986078886,700.4060324825982,0.0006536939776136968,0.011419673431863014,0.006922006963649974,0.06736694314820177
brunone,4500.0,10.0,2,1,4499.574529667149,0.0,-0.0011225744131159736,0.06182980811161649,-0.0011225744131159736,1.0
brunone,4500.0,10.0,2,2,4509.72503617945,10.150506512301035,0.0928994637898488,0.20148286446052888,0.0928994637898488,3.258668765343857
brunone,4500.0,10.0,3,1,4499.4396302715195,0.0,0.0003201580017611179,0.07197732508073325,1.0,1.0
brunone,4500.0,10.0,3,2,4509.589832466782,10.150202195262864,0.08958398127121495,0.21290002122614407,279.81178286481486,2.957876261549663
brunone,4500.0,10.0,3,3,4519.740034662044,20.300404390524818,0.0338146825336017,0.2015900684263148,105.61873308677173,2.8007440982309584
brunone,4500.0,10.0,4,1,4499.305275295474,0.0,0.0017599022148519637,0.05727550505160367,1.0,1.0
brunone,4500.0,10.0,4,2,4509.4551744018445,10.149899106370867,0.0841887860952282,0.2621284778104873,47.83719537639757,4.5766244675506
brunone,4500.0,10.0,4,3,4519.605073508215,20.299798212741734,0.032154978849852876,0.1857336035092104,18.270889472434483,3.242810401093268
brunone,4500.0,10.0,4,4,4529.754972614586,30.4496973191126,0.004308846016235735,0.0638136368149371,2.4483439931338338,1.1141523196948284
brunone,4500.0,10.0,5,1,4500.621403912543,0.0,0.0018642080381060535,0.0807527873666714,1.0,1.0
brunone,4500.0,10.0,5,2,4509.321058688148,8.699654775604358,0.06650118402389485,0.22949581924696835,35.67261950627403,2.841955389166997
brunone,4500.0,10.0,5,3,4519.470655926352,18.849252013808837,0.050830008894210056,0.16276847833295963,27.26627493026525,2.0156391332212773
brunone,4500.0,10.0,5,4,4529.620253164557,28.998849252013315,0.003889190508826896,0.06662927421559343,2.086242752594355,0.8251018495875837
brunone,4500.0,10.0,5,5,4539.769850402762,39.1484464902187,0.001226443810184429,0.04988905157430705,0.6578899914144976,0.6177997466239469
brunone,4500.0,10.0,6,1,4500.488084984209,0.0,0.0024403289442280662,0.093080219793017,1.0,1.0
brunone,4500.0,10.0,6,2,4510.637381567614,10.149296583404976,0.08137641343567309,0.2651802467635243,33.346493565200234,2.848943066026349
brunone,4500.0,10.0,6,3,4519.3367786391045,18.848693654895214,0.04504582704824273,0.12992578132559912,18.458916022279034,1.3958473842725747
brunone,4500.0,10.0,6,4,4529.4860752225095,28.99799023830019,0.004446190672391157,0.06391622056745776,1.8219636671963468,0.6866788745190826
brunone,4500.0,10.0,6,5,4539.6353718059145,39.147286821705165,0.001724689332177175,0.052437865482674366,0.7067446117280451,0.5633620719770617
brunone,4500.0,10.0,6,6,4549.784668389319,49.29658340511014,0.0008175522075566662,0.04287367171597588,0.3350172154005563,0.4606099105837341
brunone,4500.0,10.0,7,1,4500.355300859599,0.0,0.0027228115827209708,0.101739792945104,1.0,1.0
brunone,4500.0,10.0,7,2,4510.504297994269,10.148997134670026,0.08044169076595149,0.2567378114320662,29.543612667301858,2.5234748764487347
brunone,4500.0,10.0,7,3,4520.65329512894,20.29799426934096,0.01983733491008298,0.11788033604869873,7.285606920424165,1.1586453307635856
brunone,4500.0,10.0,7,4,4529.352435530086,28.997134670486957,0.004953291144832213,0.05944009543861933,1.8191824863188921,0.5842364498489944
brunone,4500.0,10.0,7,5,4539.501432664756,39.14613180515698,0.002206155073341927,0.05182835421260924,0.8102488939529424,0.509420677124578
brunone,4500.0,10.0,7,6,4549.650429799427,49.29512893982792,0.001181815896815089,0.04283282421730012,0.4340424817915869,0.4210036503653151
brunone,4500.0,10.0,7,7,4559.799426934097,59.444126074497945,0.0006144941576938749,0.037254171930732556,0.22568368725675694,0.3661711003366587
brunone,4500.0,10.0,8,1,4500.223048327138,0.0,0.0024148895935427253,0.11688408274527756,1.0,1.0
brunone,4500.0,10.0,8,2,4510.371747211896,10.148698884758232,0.08137490595469829,0.24442190505101255,33.69715376317413,2.0911479074843307
brunone,4500.0,10.0,8,3,4520.520446096654,20.297397769516465,0.018481267918913028,0.10685231525917396,7.6530488053494725,0.9141733651795381
brunone,4500.0,10.0,8,4,4530.6691449814125,30.446096654274697,0.004717875441512585,0.05745261569868343,1.9536609268299099,0.4915349836289379
brunone,4500.0,10.0,8,5,4539.368029739777,39.14498141263903,0.0025032106952293564,0.047091568430924796,1.0365735567881846,0.40289120062267353
brunone,4500.0,10.0,8,6,4549.516728624535,49.29368029739726,0.0013663737087440562,0.03941518836271158,0.5658120820089085,0.33721604718931725
brunone,4500.0,10.0,8,7,4559.665427509293,59.44237918215549,0.0006209205210851421,0.03548662458740252,0.2571217014415266,0.3036052792982736
brunone,4500.0,10.0,8,8,4569.814126394052,69.59107806691463,0.00044618576436346937,0.03270581399849436,0.18476445695759516,0.27981409641353205
brunone,4500.0,20.0,2,1,4499.4396302715195,0.0,0.005822561121902144,0.11309366924129968,1.0,1.0
brunone,4500.0,20.0,2,2,4519.740034662044,20.300404390524818,0.09348536418709033,0.1794131366142147,16.055711950439782,1.5864118461963952
brunone,4500.0,20.0,3,1,4500.621403912543,0.0,0.00567741214682797,0.08026632137595086,1.0,1.0
brunone,4500.0,20.0,3,2,4519.470655926352,18.849252013808837,0.08342548841903824,0.19734472698020805,14.694280820470105,2.458624284721934
brunone,4500.0,20.0,3,3,4539.769850402762,39.1484464902187,0.010762729772313679,0.06547855792474037,1.895710491676552,0.81576627410209
brunone,4500.0,20.0,4,1,4500.355300859599,0.0,0.006731544460238797,0.09566274185522619,1.0,1.0
brunone,4500.0,20.0,4,2,4520.65329512894,20.29799426934096,0.08154292451743064,0.22469427753752713,12.11355358329431,2.3488170334650698
brunone,4500.0,20.0,4,3,4539.501432664756,39.14613180515698,0.012818738521766846,0.06940430342916726,1.904278965619743,0.7255102883649535
brunone,4500.0,20.0,4,4,4559.799426934097,59.444126074497945,0.004940079644940308,0.05091876406089052,0.7338701651782691,0.5322737261487844
brunone,4500.0,20.0,5,1,4499.925777904653,0.0,0.007363768845821436,0.0960217395364595,1.0,1.0
brunone,4500.0,20.0,5,2,4520.228375677991,20.302597773337766,0.0795805081591369,0.23247406817385652,10.807035069317092,2.4210566200541077
brunone,4500.0,20.0,5,3,4540.530973451328,40.60519554667462,0.011100132938124618,0.06622410062331262,1.5073983405146372,0.6896782014469474
brunone,4500.0,20.0,5,4,4559.383385669426,59.457607764773456,0.005518420265054281,0.04439724331448605,0.7494016149333237,0.4623665799933608
brunone,4500.0,20.0,5,5,4579.685983442763,79.76020553811031,0.0029468523223632782,0.03818853882676521,0.40018262170674557,0.39770721725224534
brunone,4500.0,20.0,6,1,4499.658800113733,0.0,0.007572946095138222,0.11842484251371231,1.0,1.0
brunone,4500.0,20.0,6,2,4519.960193346602,20.301393232868577,0.07785714534774273,0.23213380478320272,10.280958608397658,1.9601782857032226
brunone,4500.0,20.0,6,3,4540.261586579471,40.60278646573806,0.010902815095151222,0.06660337338137012,1.4397058896471946,0.562410487256153
brunone,4500.0,20.0,6,4,4560.56297981234,60.90417969860664,0.004063106419848246,0.03953501449086461,0.5365291616768184,0.33384054942937236
brunone,4500.0,20.0,6,5,4579.414273528576,79.75547341484253,0.0033273654979333804,0.03710734661045395,0.43937530468750147,0.31334089894320377
brunone,4500.0,20.0,6,6,4599.7156667614445,100.0568666477111,0.0020644244664158227,0.029783585352608766,0.2726051975652076,0.2514977830699682
brunone,4500.0,20.0,7,1,4499.39393939394,0.0,0.007474776367403355,0.1282405376963725,1.0,1.0
brunone,4500.0,20.0,7,2,4519.694137638063,20.30019824412284,0.07781801152574852,0.22160949351871836,10.41074778706477,1.728076764957193
brunone,4500.0,20.0,7,3,4539.9943358821865,40.60039648824659,0.010677652553046289,0.06761836572041062,1.4284912388296072,0.527277621687041
brunone,4500.0,20.0,7,4,4560.29453412631,60.90059473237034,0.003948758425462908,0.040192739389816635,0.5282778014179785,0.3134168033900372
brunone,4500.0,20.0,7,5,4580.594732370434,81.20079297649409,0.0020127116569866794,0.025477453768859265,0.26926714032059673,0.1986692681309612
brunone,4500.0,20.0,7,6,4599.444916454263,100.05097706032302,0.002273719451752853,0.030493063262217127,0.30418561572869035,0.2377802199676809
brunone,4500.0,20.0,7,7,4619.745114698386,120.35117530444586,0.001663564531341267,0.027223284919433988,0.22255709730606546,0.2122829910764172
brunone,4500.0,20.0,8,1,4500.581100141044,0.0,0.007392140533181085,0.14160618138488834,1.0,1.0
brunone,4500.0,20.0,8,2,4519.430183356841,18.84908321579678,0.07876694401809362,0.22380730456934644,10.655498723885538,1.580491066001094
brunone,4500.0,20.0,8,3,4539.7291960507755,39.14809590973164,0.010021522087893834,0.06045781208371567,1.3556996167632704,0.4269433120252722
brunone,4500.0,20.0,8,4,4560.02820874471,59.44710860366649,0.002498111189859263,0.029166985536492614,0.3379415175680166,0.20597254478048654
brunone,4500.0,20.0,8,5,4580.327221438646,79.74612129760226,0.001508239769261675,0.025252314997866076,0.20403288634620004,0.1783277732010144
brunone,4500.0,20.0,8,6,4600.626234132581,100.04513399153711,0.0010412631859674946,0.022402098719505697,0.14086084826087636,0.1582000058218953
brunone,4500.0,20.0,8,7,4619.475317348378,118.8942172073339,0.0008444960676291927,0.019900822995108407,0.11424242597100326,0.14053640032151976
brunone,4500.0,20.0,8,8,4639.774330042313,139.19322990126875,0.0007417451997615284,0.018301627526059884,0.10034241048747089,0.12924314000330048
brunone,4500.0,30.0,2,1,4499.305275295474,0.0,0.08879274262309853,0.18071728637813103,1.0,1.0
brunone,4500.0,30.0,2,2,4529.754972614586,30.4496973191126,0.024956908484788737,0.15064652331366626,0.28106923772727854,0.8336032835201774
brunone,4500.0,30.0,3,1,4500.355300859599,0.0,0.08185000261906064,0.21508189442640938,1.0,1.0
brunone,4500.0,30.0,3,2,4529.352435530086,28.997134670486957,0.041802665051048245,0.17010635564724835,0.5107228309521585,0.7908910980205752
brunone,4500.0,30.0,3,3,4559.799426934097,59.444126074497945,0.00550857047172594,0.04634442512366942,0.06730079774540097,0.21547339094842424
brunone,4500.0,30.0,4,1,4499.792022792023,0.0,0.0790551519948924,0.21682987134844817,1.0,1.0
brunone,4500.0,30.0,4,2,4530.245014245014,30.452991452991228,0.012993861788079734,0.13414610331818955,0.1643645159131342,0.6186698469355044
brunone,4500.0,30.0,4,3,4560.698005698006,60.905982905983365,0.005999857900544718,0.048470093952099016,0.07589458433945402,0.22353974408907434
brunone,4500.0,30.0,4,4,4589.700854700855,89.90883190883233,0.003538710856401073,0.033819886981823775,0.044762558379872606,0.15597429805912127
brunone,4500.0,30.0,5,1,4499.39393939394,0.0,0.07627956459627433,0.2589483523580345,1.0,1.0
brunone,4500.0,30.0,5,2,4529.844236760125,30.450297366184714,0.012712619176688561,0.14132990444845572,0.16665825564124254,0.5457841425190695
brunone,4500.0,30.0,5,3,4560.29453412631,60.90059473237034,0.005886100490327362,0.044322410588670764,0.07716484121901834,0.171163130350366
brunone,4500.0,30.0,5,4,4589.294817332201,89.90087793826115,0.0034728538134878874,0.03389646405335231,0.0455279711134784,0.1309004816778499
brunone,4500.0,30.0,5,5,4619.745114698386,120.35117530444586,0.002427577830855479,0.02802421451577468,0.03182474682051407,0.10822318142046738
brunone,4500.0,30.0,6,1,4500.45045045045,0.0,0.07546187398252889,0.2347997454417375,1.0,1.0
brunone,4500.0,30.0,6,2,4529.448198198198,28.99774774774778,0.03294781943860231,0.09391740158441293,0.43661544167628896,0.3999893671422966
brunone,4500.0,30.0,6,3,4559.895833333333,59.44538288288277,0.005336800299800758,0.04705057073329595,0.07072180981135383,0.20038595290969316
brunone,4500.0,30.0,6,4,4590.343468468469,89.89301801801867,0.0030513383780965187,0.03548474243466466,0.0404354969875645,0.15112768699091172
brunone,4500.0,30.0,6,5,4619.341216216217,118.89076576576645,0.0020580985585819706,0.02842220365980689,0.027273356066647197,0.12104869878089151
brunone,4500.0,30.0,6,6,4649.788851351352,149.33840090090143,0.0016493328507630328,0.023529907678769526,0.021856505328040093,0.10021266264365761
brunone,4500.0,30.0,7,1,4499.871220604703,0.0,0.07590081119758225,0.2455540291729988,1.0,1.0
brunone,4500.0,30.0,7,2,4530.324748040313,30.45352743561034,0.01273425571528672,0.0682720142841881,0.167774962011109,0.2780325556624803
brunone,4500.0,30.0,7,3,4559.328107502799,59.456886898095945,0.005736160704222283,0.04877117020072694,0.0755744321268203,0.1986168598616904
brunone,4500.0,30.0,7,4,4589.781634938409,89.91041433370629,0.0032806381194334187,0.03660367677622945,0.04322270167697391,0.14906567365034468
brunone,4500.0,30.0,7,5,4620.23516237402,120.36394176931663,0.0022844384081851,0.030740585379858715,0.03009768106744383,0.12518868243942038
brunone,4500.0,30.0,7,6,4650.68868980963,150.81746920492697,0.0016978414005343796,0.02296416778605166,0.022369212841673328,0.09351981665050522
brunone,4500.0,30.0,7,7,4679.6920492721165,179.82082866741348,0.0013415323158322157,0.020875010010562176,0.017674808670226028,0.08501188142123794
brunone,4500.0,30.0,8,1,4499.479543556916,0.0,0.07776175082315978,0.2392077081222015,1.0,1.0
brunone,4500.0,30.0,8,2,4529.9304202616195,30.45087670470366,0.013096996291190684,0.06222808755141166,0.1684246580426788,0.26014248470463947
brunone,4500.0,30.0,8,3,4560.381296966323,60.90175340940732,0.006045844637926107,0.045599141237619475,0.07774830908418118,0.19062571852544455
brunone,4500.0,30.0,8,4,4589.382131923184,89.90258836626799,0.0036290363305989536,0.035609025484047985,0.04666865511878518,0.14886236636595665
brunone,4500.0,30.0,8,5,4619.8330086278875,120.35346507097165,0.002448368782758209,0.031201438039154157,0.0314855151387488,0.13043659121224727
brunone,4500.0,30.0,8,6,4650.283885332591,150.8043417756753,0.0017648009470056405,0.02525371517500746,0.022694974435684002,0.10557233031180736
brunone,4500.0,30.0,8,7,4679.284720289452,179.80517673253598,0.001397262388505111,0.02374835700948287,0.017968504743195213,0.0992792297368227
brunone,4500.0,30.0,8,8,4709.7355969941555,210.25605343723964,0.0011759041318457383,0.01873284602061553,0.015121883437525673,0.07831205009098487
brunone,4500.0,40.0,2,1,4500.621403912543,0.0,0.08541403811615941,0.18024857493987448,1.0,1.0
brunone,4500.0,40.0,2,2,4539.769850402762,39.1484464902187,0.013700086450316631,0.059079057605941954,0.1603961919197065,0.3277643533417613
brunone,4500.0,40.0,3,1,4499.925777904653,0.0,0.07917155838830589,0.23393030021511266,1.0,1.0
brunone,4500.0,40.0,3,2,4540.530973451328,40.60519554667462,0.013327367091440305,0.06935794959910811,0.16833528811034287,0.2964898071576423
brunone,4500.0,40.0,3,3,4579.685983442763,79.76020553811031,0.006062052648026097,0.03958303197158152,0.07656856542211879,0.16920865717345124
brunone,4500.0,40.0,4,1,4499.39393939394,0.0,0.0774909266506194,0.2540683162368205,1.0,1.0
brunone,4500.0,40.0,4,2,4539.9943358821865,40.60039648824659,0.013157066020034917,0.06994028863832306,0.1697884718730454,0.2752814269573494
brunone,4500.0,40.0,4,3,4580.594732370434,81.20079297649409,0.006152787706759356,0.047978663586056035,0.07940010492454443,0.18884158519527666
brunone,4500.0,40.0,4,4,4619.745114698386,120.35117530444586,0.003806268311373603,0.03510484780206531,0.0491188901190302,0.1381708995518497
brunone,4500.0,40.0,5,1,4500.320314695139,0.0,0.07396833767416451,0.24594978682948215,1.0,1.0
brunone,4500.0,40.0,5,2,4539.466142174768,39.14582747962868,0.012620765103905768,0.07044194821649305,0.17062388449908236,0.2864078441561354
brunone,4500.0,40.0,5,3,4580.061815116605,79.7415004214663,0.005572721230676937,0.04674103845653352,0.07533927901996591,0.19004301267778387
brunone,4500.0,40.0,5,4,4620.657488058443,120.33717336330392,0.0032754779584360533,0.03247075449587695,0.04428216263105376,0.13202188509473697
brunone,4500.0,40.0,5,5,4659.803315538073,159.4830008429335,0.0023528885382289684,0.025041646784385318,0.03180940132240906,0.10181609468824943
brunone,4500.0,40.0,6,1,4499.609592861127,0.0,0.07395392451751509,0.24280260752921135,1.0,1.0
brunone,4500.0,40.0,6,2,4540.21193530396,40.602342442833105,0.01262546126481511,0.0755118820171783,0.17072063919778757,0.31100111644432626
brunone,4500.0,40.0,6,3,4579.364194088121,79.75460122699405,0.005863559129421933,0.04703461133387718,0.0792866527054047,0.1937154292225568
brunone,4500.0,40.0,6,4,4619.966536530954,120.35694366982716,0.003554006777261035,0.03783490996872403,0.048057040927142566,0.1558257975634473
brunone,4500.0,40.0,6,5,4660.568878973787,160.95928611266027,0.0024844747393907023,0.030858076594106196,0.03359490054922352,0.12709120757854173
brunone,4500.0,40.0,6,6,4699.721137757948,200.11154489682121,0.0018611695977233972,0.02216759021883689,0.025166610289662203,0.09129881447492251
brunone,4500.0,40.0,7,1,4500.542335362479,0.0,0.07623817685684063,0.23560596311102958,1.0,1.0
brunone,4500.0,40.0,7,2,4539.690094078584,39.14775871610436,0.012969263030840894,0.06709787292080431,0.17011507312398697,0.28478851738223776
brunone,4500.0,40.0,7,3,4580.287769784172,79.74543442169306,0.0055683404230904305,0.04654600629821804,0.07303874059772718,0.1975586936918196
brunone,4500.0,40.0,7,4,4619.435528500277,118.89319313779743,0.00353227828138743,0.03777203054392662,0.046332145219321164,0.16031865257216135
brunone,4500.0,40.0,7,5,4660.033204205866,159.49086884338703,0.0024632589504433467,0.027085700665237748,0.032310045334227135,0.11496186390016615
brunone,4500.0,40.0,7,6,4700.630879911455,200.08854454897573,0.0018814821708081724,0.023303739938039837,0.02467900267789985,0.09890980529664235
brunone,4500.0,40.0,7,7,4739.778638627559,239.2363032650801,0.001490738898214771,0.016384920308405396,0.01955370602597262,0.06954374198366102
brunone,4500.0,40.0,8,1,4499.818731117824,0.0,0.07963050060472371,0.23542151065077485,1.0,1.0
brunone,4500.0,40.0,8,2,4540.422960725075,40.604229607251,0.01324523428752349,0.06644209106436265,0.16633368102595825,0.28222608410207295
brunone,4500.0,40.0,8,3,4579.577039274925,79.75830815710015,0.005926536141116354,0.045994245288944746,0.07442545376595046,0.19536976532774347
brunone,4500.0,40.0,8,4,4620.181268882175,120.36253776435024,0.0035589012601779583,0.03860174317937444,0.044692689775289986,0.16396863257171265
brunone,4500.0,40.0,8,5,4659.335347432024,159.51661631419938,0.0023732507713630333,0.02936276877745613,0.029803288354842406,0.12472423907351853
brunone,4500.0,40.0,8,6,4699.939577039275,200.12084592145038,0.0018370231964645164,0.02403735626512882,0.023069341301560818,0.10210348323176774
brunone,4500.0,40.0,8,7,4740.543806646526,240.72507552870138,0.0014123744016411707,0.020497640233913407,0.017736600811440687,0.08706783070608906
brunone,4500.0,40.0,8,8,4779.697885196374,279.8791540785496,0.0011872089134336227,0.01593835626335578,0.01490897212020286,0.06770135923135247
brunone,4500.0,50.0,2,1,4500.488084984209,0.0,0.08363840854445855,0.18714209278647206,1.0,1.0
brunone,4500.0,50.0,2,2,4549.784668389319,49.29658340511014,0.013854739192493637,0.05386460004470017,0.16565044019374256,0.2878272826956111
brunone,4500.0,50.0,3,1,4499.658800113733,0.0,0.07713825737480151,0.22149194069431294,1.0,1.0
brunone,4500.0,50.0,3,2,4550.412283195906,50.75348308217235,0.01336899164814041,0.06982116926732122,0.17331207760090794,0.31523119553899853
brunone,4500.0,50.0,3,3,4599.7156667614445,100.0568666477111,0.006083451177192963,0.04315736333783765,0.07886425470612489,0.19484845905702863
brunone,4500.0,50.0,4,1,4500.45045045045,0.0,0.07462992583854162,0.23253570610755006,1.0,1.0
brunone,4500.0,50.0,4,2,4549.746621621622,49.29617117117141,0.012974183481472338,0.07492307406444923,0.1738469298434167,0.3222002991222198
brunone,4500.0,50.0,4,3,4600.49268018018,100.04222972973002,0.005824163371878925,0.0491923066866776,0.07804058903233042,0.21154732539838708
brunone,4500.0,50.0,4,4,4649.788851351352,149.33840090090143,0.003647669710598971,0.030841620699245082,0.04887676986964364,0.13263176316234432
brunone,4500.0,50.0,5,1,4499.609592861127,0.0,0.07254726739516947,0.24814289681178892,1.0,1.0
brunone,4500.0,50.0,5,2,4550.3625209146685,50.75292805354184,0.012790369809563436,0.07339882968527853,0.1763039500839294,0.29579258817531245
brunone,4500.0,50.0,5,3,4599.665365309537,100.05577244841061,0.00594739007044672,0.043720674704777515,0.08197951878808774,0.1761915221693358
brunone,4500.0,50.0,5,4,4650.418293363079,150.80870050195244,0.0036355374473979896,0.030433736475934184,0.05011267244009332,0.1226460110966526
brunone,4500.0,50.0,5,5,4699.721137757948,200.11154489682121,0.002539923697902061,0.019436262961679485,0.03501060465953789,0.0783268963625482
brunone,4500.0,50.0,6,1,4500.414250207125,0.0,0.07465074796079078,0.23034239736122208,1.0,1.0
brunone,4500.0,50.0,6,2,4549.710024855012,49.2957746478869,0.013094640765984565,0.0689250035303472,0.17541205043065788,0.29922847170101846
brunone,4500.0,50.0,6,3,4600.455675227838,100.04142502071227,0.005832056975144167,0.047561639153437564,0.0781245618357015,0.20648234844430996
brunone,4500.0,50.0,6,4,4649.751449875725,149.33719966859917,0.00360331593085481,0.03794460387629475,0.048268986303357596,0.16473130570396108
brunone,4500.0,50.0,6,5,4700.49710024855,200.08285004142454,0.002486692236174055,0.028479596563172227,0.03331101568439949,0.12364027156716022
brunone,4500.0,50.0,6,6,4749.792874896438,249.37862468931235,0.001966266726318892,0.02223642435578787,0.02633954488107266,0.09653639369271994
brunone,4500.0,50.0,7,1,4499.562243502051,0.0,0.07685746299820838,0.23668426054391864,1.0,1.0
brunone,4500.0,50.0,7,2,4550.3146374829,50.752393980848865,0.01370752644195926,0.07543874333665158,0.1783499728878482,0.3187315589270176
brunone,4500.0,50.0,7,3,4599.616963064295,100.05471956224392,0.006230159012809945,0.05089372585912967,0.08106121084110174,0.21502792683455998
brunone,4500.0,50.0,7,4,4650.369357045143,150.80711354309187,0.003602106763542879,0.038445262364684304,0.04686736489892787,0.16243269525541806
brunone,4500.0,50.0,7,5,4699.671682626538,200.10943912448693,0.0024692187836959736,0.03054572503938669,0.03212724812102546,0.12905684970006145
brunone,4500.0,50.0,7,6,4750.424076607387,250.8618331053358,0.0018748446361506448,0.025614648794314993,0.024393787707959462,0.10822286507539859
brunone,4500.0,50.0,7,7,4799.726402188782,300.16415868673084,0.0014683738129474592,0.018383926659756616,0.019105155903749886,0.07767278913058662
brunone,4500.0,50.0,8,1,4500.379403794038,0.0,0.08292845946524646,0.22359412977708273,1.0,1.0
brunone,4500.0,50.0,8,2,4549.674796747968,49.29539295392988,0.013969968147543697,0.06410074701013967,0.16845806901065383,0.28668349689701766
brunone,4500.0,50.0,8,3,4600.420054200542,100.04065040650403,0.0060231454090137184,0.04816001212309697,0.07263061978786534,0.21539032429478894
brunone,4500.0,50.0,8,4,4649.715447154472,149.3360433604339,0.003471481431191738,0.0353223715493642,0.04186115904693203,0.15797539758570425
brunone,4500.0,50.0,8,5,4700.460704607046,200.08130081300806,0.0023867341363523324,0.029388188833934632,0.028780639984667282,0.13143542213399725
brunone,4500.0,50.0,8,6,4749.756097560976,249.37669376693793,0.0017730135064341862,0.024622378876709036,0.021380036695089193,0.11012086453815616
brunone,4500.0,50.0,8,7,4800.50135501355,300.1219512195121,0.0013760907451291738,0.022360938336010612,0.01659370925256201,0.100006821996194
brunone,4500.0,50.0,8,8,4849.79674796748,349.41734417344196,0.0012052410653285337,0.018905039662177707,0.014533503613842294,0.08455069764588863
brunone,4500.0,60.0,2,1,4500.355300859599,0.0,0.08157959574572647,0.1850340652308561,1.0,1.0
brunone,4500.0,60.0,2,2,4559.799426934097,59.444126074497945,0.014211077417914815,0.05196340996762907,0.1741989193254768,0.28083158580987444
brunone,4500.0,60.0,3,1,4499.39393939394,0.0,0.07648635669302778,0.21538409961072397,1.0,1.0
brunone,4500.0,60.0,3,2,4560.29453412631,60.90059473237034,0.013432493444737358,0.07012913314569567,0.17561947026248953,0.32560032645141435
brunone,4500.0,60.0,3,3,4619.745114698386,120.35117530444586,0.006292254896457923,0.038191117160255264,0.08226636969664294,0.17731632571429487
brunone,4500.0,60.0,4,1,4499.871220604703,0.0,0.07291835544313921,0.23404501609218908,1.0,1.0
brunone,4500.0,60.0,4,2,4559.328107502799,59.456886898095945,0.012963767158210335,0.07559555016897677,0.17778468918322374,0.32299576992145856
brunone,4500.0,60.0,4,3,4620.23516237402,120.36394176931663,0.006005767654687527,0.04802374705781995,0.0823629059951955,0.20519021451370556
brunone,4500.0,60.0,4,4,4679.6920492721165,179.82082866741348,0.0036608260250860706,0.03157338756080247,0.0502044513050042,0.134903054497712
brunone,4500.0,60.0,5,1,4500.542335362479,0.0,0.07269457880157365,0.2440960467106743,1.0,1.0
brunone,4500.0,60.0,5,2,4559.988931931378,59.44659656889871,0.012813733703812055,0.07538825739537912,0.1762680782398958,0.3088466954351637
brunone,4500.0,60.0,5,3,4619.435528500277,118.89319313779743,0.006232496272227607,0.04694675644075729,0.08573536534601518,0.19232903225345152
brunone,4500.0,60.0,5,4,4680.332042058661,179.78970669618138,0.00371660001732167,0.03531804157181736,0.05112623360080897,0.14468911745088456
brunone,4500.0,60.0,5,5,4739.778638627559,239.2363032650801,0.002656942988207475,0.024713414151263668,0.03654939655761454,0.10124463089136523
brunone,4500.0,60.0,6,1,4499.562243502051,0.0,0.07613171388192796,0.2299358620751286,1.0,1.0
brunone,4500.0,60.0,6,2,4560.46511627907,60.902872777018274,0.013410754298031024,0.07349654989891563,0.17615200833163497,0.3196393517549758
brunone,4500.0,60.0,6,3,4619.917920656634,120.35567715458274,0.006185291550184031,0.050936386792153614,0.08124461193369097,0.22152432566395755
brunone,4500.0,60.0,6,4,4679.3707250341995,179.8084815321481,0.003776060050993133,0.03684871416007263,0.04959904169305045,0.16025648990774996
brunone,4500.0,60.0,6,5,4740.273597811217,240.71135430916547,0.0025777523451352134,0.029262772881955956,0.03385911355066862,0.12726493648213397
brunone,4500.0,60.0,6,6,4799.726402188782,300.16415868673084,0.001959252734491482,0.021255078162518592,0.025735040426517527,0.09243916094990771
brunone,4500.0,60.0,7,1,4500.254260210982,0.0,0.08021966047135863,0.2332271628688,1.0,1.0
brunone,4500.0,60.0,7,2,4559.697051663511,59.44279145252949,0.013911761678159665,0.06940068320748019,0.17342084965725674,0.2975668972422435
brunone,4500.0,60.0,7,3,4620.589667297809,120.33540708682722,0.0059179026665865655,0.04582683064312948,0.07377122555510535,0.19649010895402858
brunone,4500.0,60.0,7,4,4680.032458750338,179.7781985393567,0.0035759568405997256,0.03427086463298009,0.04457706277473555,0.14694199514084422
brunone,4500.0,60.0,7,5,4739.475250202867,239.2209899918853,0.002434069960097702,0.029394314602019266,0.030342561234932605,0.12603298106642405
brunone,4500.0,60.0,7,6,4800.3678658371655,300.1136056261839,0.0018241886072304133,0.022052127690768256,0.022739919322916056,0.09455214143806011
brunone,4500.0,60.0,7,7,4859.810657289694,359.5563970787125,0.0014302272370380026,0.01855043545895776,0.017828886692292177,0.07953805736338333
brunone,4500.0,60.0,8,1,4500.716960941681,0.0,0.08570298334406276,0.21253957486374928,1.0,1.0
brunone,4500.0,60.0,8,2,4560.165864098449,59.44890315676821,0.013819394932875387,0.054781068787796316,0.16124753647601875,0.2577452637840002
brunone,4500.0,60.0,8,3,4619.614767255217,118.89780631353642,0.005920547606916514,0.03819718045380272,0.06908216465636807,0.17971796771631554
brunone,4500.0,60.0,8,4,4680.513643659711,179.79668271803075,0.003117115202726253,0.02906380972258966,0.036371139966181784,0.1367454025501901
brunone,4500.0,60.0,8,5,4739.9625468164795,239.24558587479896,0.0019043569358047645,0.02372918582417646,0.022220427591879068,0.11164596447220855
brunone,4500.0,60.0,8,6,4799.411449973248,298.6944890315672,0.0013287647735078167,0.021573289328107845,0.015504300103222363,0.10150245826894887
brunone,4500.0,60.0,8,7,4860.310326377742,359.5933654360615,0.001091487939506975,0.02192799788887215,0.012735705303572608,0.1031713642173667
brunone,4500.0,60.0,8,8,4919.75922953451,419.0422685928297,0.0009134766934040017,0.01874062371441545,0.01065863354764166,0.08817474922695842
brunone,4500.0,70.0,2,1,4500.223048327138,0.0,0.0795252069502224,0.1867873319282483,1.0,1.0
brunone,4500.0,70.0,2,2,4569.814126394052,69.59107806691463,0.014266366924836918,0.052291366401480834,0.1793942760031638,0.279951353561642
brunone,4500.0,70.0,3,1,4500.581100141044,0.0,0.07548227889490336,0.215204315828109,1.0,1.0
brunone,4500.0,70.0,3,2,4570.177715091679,69.59661495063483,0.013681870003668186,0.06437762944933054,0.18125936582701666,0.2991465538300409
brunone,4500.0,70.0,3,3,4639.774330042313,139.19322990126875,0.006578326899384872,0.033077285670123524,0.0871506133054635,0.15370177657841896
brunone,4500.0,70.0,4,1,4499.479543556916,0.0,0.07143646618616889,0.23837936194315915,1.0,1.0
brunone,4500.0,70.0,4,2,4570.531589201225,71.05204564430915,0.012814787390118586,0.07795553375831421,0.17938719640361647,0.3270229986474352
brunone,4500.0,70.0,4,3,4640.13359309769,140.6540495407744,0.006065868528833987,0.05064512323682439,0.08491277428289734,0.21245598957891568
brunone,4500.0,70.0,4,4,4709.7355969941555,210.25605343723964,0.0035891766068090487,0.028858475191701004,0.050242919315960845,0.12106113111663677
brunone,4500.0,70.0,5,1,4499.818731117824,0.0,0.07412595109307968,0.24154273967769932,1.0,1.0
brunone,4500.0,70.0,5,2,4569.425981873112,69.60725075528717,0.013190048584122507,0.07239838396063226,0.1779410367033242,0.2997332234338175
brunone,4500.0,70.0,5,3,4640.483383685801,140.6646525679762,0.006014555383523253,0.0483854991897681,0.08113967233918926,0.20031858235246863
brunone,4500.0,70.0,5,4,4710.090634441088,210.27190332326336,0.003753557732400245,0.03360808634467936,0.05063756588683654,0.1391392943109118
brunone,4500.0,70.0,5,5,4779.697885196374,279.8791540785496,0.0026351801977523774,0.022722195585547736,0.035550035566402266,0.09407111807983515
brunone,4500.0,70.0,6,1,4500.379403794038,0.0,0.07852650021639479,0.2289470769173212,1.0,1.0
brunone,4500.0,70.0,6,2,4569.972899728998,69.59349593495972,0.013859869056048612,0.07257566258376956,0.17649925843957254,0.31699755052989187
brunone,4500.0,70.0,6,3,4639.566395663956,139.18699186991853,0.006369256931616719,0.051357141844807774,0.08110964978784249,0.22431883619704038
brunone,4500.0,70.0,6,4,4710.609756097561,210.23035230352343,0.0038697876695157037,0.03704810735307607,0.04928002214350269,0.16181952550743908
brunone,4500.0,70.0,6,5,4780.20325203252,279.82384823848224,0.0026075566146007904,0.02863395597104907,0.03320607193005125,0.12506801290758363
brunone,4500.0,70.0,6,6,4849.79674796748,349.41734417344196,0.0020055235562744266,0.023603498472085944,0.025539449112692184,0.10309587171802935
brunone,4500.0,70.0,7,1,4500.716960941681,0.0,0.08446799555088019,0.23076739388968326,1.0,1.0
brunone,4500.0,70.0,7,2,4570.315676832531,69.59871589085014,0.014238134584555534,0.06670549405084994,0.16856247732289376,0.2890594417456481
brunone,4500.0,70.0,7,3,4639.914392723382,139.1974317817012,0.005976522085067777,0.04199330981758421,0.0707548704818946,0.18197245767596967
brunone,4500.0,70.0,7,4,4709.513108614232,208.79614767255134,0.0033377739606019956,0.03696802854313161,0.03951524999301602,0.16019606548403417
brunone,4500.0,70.0,7,5,4780.561797752809,279.8448368111285,0.002172752454678601,0.03202546682970469,0.02572278932995185,0.13877812757643845
brunone,4500.0,70.0,7,6,4850.16051364366,349.44355270197957,0.0014837003653302226,0.0266829618743668,0.017565237054033084,0.11562708849207008
brunone,4500.0,70.0,7,7,4919.75922953451,419.0422685928297,0.0011668736746283936,0.021696270310670826,0.013814388124381557,0.09401791971114679
brunone,4500.0,70.0,8,1,4499.59587955626,0.0,0.08722975205194071,0.2057537958475705,1.0,1.0
brunone,4500.0,70.0,8,2,4570.6497622820925,71.05388272583241,0.01438864186225586,0.06926008941706525,0.16495108060937952,0.3366163386282094
brunone,4500.0,70.0,8,3,4640.253565768621,140.6576862123611,0.005510804982759781,0.046451032509160335,0.06317574970840668,0.2257602700247283
brunone,4500.0,70.0,8,4,4709.857369255151,210.26148969889073,0.002544308838957375,0.031032522933037585,0.02916790176638784,0.1508235743851236
brunone,4500.0,70.0,8,5,4779.4611727416805,279.86529318542034,0.0012147684468424402,0.024246577362363745,0.013926079328061253,0.1178426733877923
brunone,4500.0,70.0,8,6,4850.515055467512,350.91917591125184,0.0008282808873537695,0.020860950707726925,0.009495394264798231,0.10138792638936993
brunone,4500.0,70.0,8,7,4920.118858954042,420.52297939778146,0.0006154781492003116,0.015426206950997244,0.007055828254949377,0.07497410624893408
brunone,4500.0,70.0,8,8,4989.722662440571,490.12678288431107,0.0006117568857632214,0.011643365057415133,0.007013167771002634,0.05658882262391377
brunone,4500.0,80.0,2,1,4499.925777904653,0.0,0.07859684328610472,0.19136043100405173,1.0,1.0
brunone,4500.0,80.0,2,2,4579.685983442763,79.76020553811031,0.014124730360503787,0.05256195066547421,0.17971116612263388,0.27467512687803936
brunone,4500.0,80.0,3,1,4500.320314695139,0.0,0.07404008628438465,0.2241495732431292,1.0,1.0
brunone,4500.0,80.0,3,2,4580.061815116605,79.7415004214663,0.013329760827428478,0.06318799339105563,0.18003437727273122,0.2819010202732675
brunone,4500.0,80.0,3,3,4659.803315538073,159.4830008429335,0.006467650995789135,0.031098535454652947,0.08735336924037579,0.13874010556746041
brunone,4500.0,80.0,4,1,4500.542335362479,0.0,0.07085071315534526,0.2441829102519783,1.0,1.0
brunone,4500.0,80.0,4,2,4580.287769784172,79.74543442169306,0.012720886271347997,0.072418410551391,0.17954492911675488,0.2965744428087153
brunone,4500.0,80.0,4,3,4660.033204205866,159.49086884338703,0.006169409859441701,0.05013543427246707,0.08707618575292006,0.20531917741799002
brunone,4500.0,80.0,4,4,4739.778638627559,239.2363032650801,0.003839026776685558,0.035481261044389825,0.054184730198385114,0.14530607816810703
brunone,4500.0,80.0,5,1,4499.3077132733715,0.0,0.07607454424988115,0.2340392488689995,1.0,1.0
brunone,4500.0,80.0,5,2,4580.506950122649,81.19923684927744,0.013581210385502616,0.06702242096394596,0.1785250311969346,0.28637256907904757
brunone,4500.0,80.0,5,3,4660.256200599618,160.94848732624632,0.006049712534092019,0.045881732542243384,0.07952348047226679,0.19604289777876147
brunone,4500.0,80.0,5,4,4740.005451076588,240.6977378032161,0.003471550016428426,0.03174653697732353,0.04563353025192588,0.13564620947443418
brunone,4500.0,80.0,5,5,4819.7547015535565,320.446988280185,0.002341881840071128,0.01943421562611454,0.030784040353613908,0.08303827550306571
brunone,4500.0,80.0,6,1,4499.516648764768,0.0,0.08098939288041224,0.22719006215803927,1.0,1.0
brunone,4500.0,80.0,6,2,4580.719656283566,81.20300751879768,0.014585973000896948,0.06521095093569854,0.18009732487357183,0.2870325854761029
brunone,4500.0,80.0,6,3,4660.47261009667,160.95596133190156,0.006233487963073532,0.04656781274227077,0.07696672047261559,0.2049729301534193
brunone,4500.0,80.0,6,4,4740.225563909774,240.70891514500545,0.0033604470696254564,0.032123767573515476,0.04149243438072741,0.14139600679878925
brunone,4500.0,80.0,6,5,4819.978517722879,320.46186895811024,0.002144546663594834,0.02600487266420992,0.02647935226235663,0.11446307297596608
brunone,4500.0,80.0,6,6,4899.731471535983,400.21482277121413,0.0015326758816612024,0.02011303374066056,0.01892440265510237,0.0885295490023213
brunone,4500.0,80.0,7,1,4499.719502513893,0.0,0.0880105184936002,0.2119816979004309,1.0,1.0
brunone,4500.0,80.0,7,2,4579.476051865573,79.7565493516804,0.014329764230807672,0.06703837845834539,0.16281876843902107,0.31624606804420313
brunone,4500.0,80.0,7,3,4660.682720296374,160.96321778248148,0.005348011160411781,0.04001969153234046,0.06076559088560157,0.18878842809881613
brunone,4500.0,80.0,7,4,4740.4392696480545,240.71976713416188,0.0027132369137558942,0.03045267698418341,0.03082855277069173,0.14365710476801266
brunone,4500.0,80.0,7,5,4820.195818999735,320.4763164858423,0.001463852752895191,0.022085723186050184,0.016632702294574447,0.10418693408345084
brunone,4500.0,80.0,7,6,4899.952368351415,400.2328658375227,0.0008623780110069908,0.01748054258816703,0.009798578917242713,0.08246250860948263
brunone,4500.0,80.0,7,7,4979.708917703096,479.9894151892031,0.0006334078948017441,0.016859036094881624,0.007196956746116695,0.0795306210954137
brunone,4500.0,80.0,8,1,4499.916536254565,0.0,0.08758536239581476,0.19460020094292496,1.0,1.0
brunone,4500.0,80.0,8,2,4579.676577986437,79.76004173187266,0.013257244799694144,0.06573199735549627,0.15136370321540896,0.3377796992859995
brunone,4500.0,80.0,8,3,4659.43661971831,159.52008346374532,0.0047040747348456,0.03833890782249466,0.05370845773962777,0.19701371137709783
brunone,4500.0,80.0,8,4,4740.646844027126,240.730307772561,0.0019157372451348426,0.034867628379403784,0.021872801490245196,0.17917570593686202
brunone,4500.0,80.0,8,5,4820.406885758998,320.49034950443365,0.0010693230439898641,0.02734970444351711,0.012208924125442238,0.14054304317773347
brunone,4500.0,80.0,8,6,4900.166927490871,400.2503912363063,0.0007333737740699218,0.018798905944908,0.008373245871332558,0.09660270572085176
brunone,4500.0,80.0,8,7,4979.9269692227435,480.010432968179,0.0006553579202813936,0.013347286091833152,0.0074825050939414705,0.0685882441393153
brunone,4500.0,80.0,8,8,5059.687010954616,559.7704747000516,0.0006374383769669426,0.009313177510647764,0.007277909910176982,0.04785800562137786
brunone,4500.0,90.0,2,1,4499.792022792023,0.0,0.07635620464801693,0.19785723197620295,1.0,1.0
brunone,4500.0,90.0,2,2,4589.700854700855,89.90883190883233,0.012898020132045322,0.046977761933383336,0.1689190838059851,0.23743262484857533
brunone,4500.0,90.0,3,1,4499.871220604703,0.0,0.07305213607054686,0.22120783134020636,1.0,1.0
brunone,4500.0,90.0,3,2,4589.781634938409,89.91041433370629,0.012398331661814917,0.06298832668569347,0.1697189477093699,0.28474727275283773
brunone,4500.0,90.0,3,3,4679.6920492721165,179.82082866741348,0.006150685661336848,0.033736870712857726,0.08419583590816695,0.1525120991804858
brunone,4500.0,90.0,4,1,4499.94771601541,0.0,0.07139998674185655,0.24992829570582753,1.0,1.0
brunone,4500.0,90.0,4,2,4589.859658778206,89.91194276279566,0.012146521917857705,0.06691594941976081,0.17011938618102146,0.2677405902792324
brunone,4500.0,90.0,4,3,4679.7716015410015,179.82388552559132,0.005938300361487752,0.046817727687106424,0.08316948829356804,0.18732463867241417
brunone,4500.0,90.0,4,4,4769.683544303797,269.735828288387,0.0036586644976919574,0.03268377332252585,0.05124180920256603,0.13077260111834457
brunone,4500.0,90.0,5,1,4500.254260210982,0.0,0.0788598179110751,0.22721891002453895,1.0,1.0
brunone,4500.0,90.0,5,2,4590.1433594806595,89.8890992696779,0.013560890967734092,0.06760364588204264,0.17196198681343386,0.29752649493275735
brunone,4500.0,90.0,5,3,4680.032458750338,179.7781985393567,0.0063621426304742035,0.04511127995006301,0.08067660817640186,0.1985366444420983
brunone,4500.0,90.0,5,4,4769.921558020016,269.6672978090346,0.0038202121067981887,0.032604534994861746,0.048443075421578885,0.1434939327511982
brunone,4500.0,90.0,5,5,4859.810657289694,359.5563970787125,0.0026832817772896385,0.024376135106631194,0.0340259697317003,0.10728039802672518
brunone,4500.0,90.0,6,1,4500.3458366586865,0.0,0.08475747813245539,0.2350074329215812,1.0,1.0
brunone,4500.0,90.0,6,2,4590.236765097101,89.89092843841445,0.014432529830819083,0.06643417720198667,0.17028031211906208,0.2826896850711733
brunone,4500.0,90.0,6,3,4680.127693535515,179.7818568768289,0.006148472760530896,0.0444000008577042,0.07254195023266648,0.18893019810364842
brunone,4500.0,90.0,6,4,4770.01862197393,269.67278531524335,0.003225089425429135,0.03183217313024044,0.038050795003469806,0.13545177160784702
brunone,4500.0,90.0,6,5,4859.909550412344,359.5637137536578,0.0020046686411124763,0.026449343865094482,0.023651820291062286,0.11254683963089913
brunone,4500.0,90.0,6,6,4949.800478850759,449.45464219207224,0.0014003239900935748,0.022434665879753266,0.016521539113105842,0.09546364385521122
brunone,4500.0,90.0,7,1,4500.434441245747,0.0,0.0902793823406179,0.199438898314259,1.0,1.0
brunone,4500.0,90.0,7,2,4590.3271394922795,89.89269824653275,0.014325606930592791,0.07459432910301923,0.1586808256678503,0.3740209644834669
brunone,4500.0,90.0,7,3,4680.219837738812,179.7853964930655,0.005299019738889194,0.04314591016210802,0.0586957907941412,0.2163364846416386
brunone,4500.0,90.0,7,4,4770.112535985344,269.6780947395973,0.0023099058662747855,0.029375822661905332,0.02558619483637659,0.14729234321991383
brunone,4500.0,90.0,7,5,4860.005234231877,359.5707929861301,0.0011588655874207629,0.020796107137055434,0.012836436818413784,0.10427307467516533
brunone,4500.0,90.0,7,6,4949.897932478409,449.4634912326619,0.0007197559130027626,0.018538320494856937,0.00797253918161705,0.09295238116310597
brunone,4500.0,90.0,7,7,5039.790630724941,539.3561894791947,0.000726954401349842,0.013161614901648442,0.008052274866116087,0.0659932190404977
brunone,4500.0,90.0,8,1,4500.520216327582,0.0,0.08656847756040092,0.174560591328018,1.0,1.0
brunone,4500.0,90.0,8,2,4590.414627865053,89.89441153747157,0.013127489968502366,0.08600153783406368,0.15164284204193146,0.49267441854878696
brunone,4500.0,90.0,8,3,4680.309039402524,179.78882307494223,0.004436971548626175,0.032429772979699345,0.05125389372280912,0.18577946335413323
brunone,4500.0,90.0,8,4,4770.2034509399955,269.6832346124138,0.0019506029274869905,0.027759727428854398,0.02253248506219839,0.15902631411628818
brunone,4500.0,90.0,8,5,4860.097862477466,359.57764614988446,0.0010243539931698348,0.021546192829079547,0.011832875222451708,0.12343102566943046
brunone,4500.0,90.0,8,6,4949.992274014937,449.4720576873551,0.0008114957358485505,0.01692665487193236,0.009374032658508407,0.09696721776179922
brunone,4500.0,90.0,8,7,5039.886685552408,539.3664692248267,0.0007605294305426842,0.012427383760741739,0.008785292891538314,0.07119237891093848
brunone,4500.0,90.0,8,8,5129.781097089879,629.2608807622973,0.0006326509342805839,0.00957879048194524,0.007308098191274855,0.05487372842330529
brunone,4500.0,100.0,2,1,4499.658800113733,0.0,0.07483463771819368,0.20213888266233374,1.0,1.0
brunone,4500.0,100.0,2,2,4599.7156667614445,100.0568666477111,0.011200921612598063,0.04389585868099181,0.14967563088602903,0.2171569274691123
brunone,4500.0,100.0,3,1,4499.609592861127,0.0,0.07176457224218286,0.22631921774416944,1.0,1.0
brunone,4500.0,100.0,3,2,4599.665365309537,100.05577244841061,0.010976274226429963,0.06786883835958264,0.15294836830335296,0.2998810221953903
brunone,4500.0,100.0,3,3,4699.721137757948,200.11154489682121,0.005646890607533651,0.03672044646674833,0.07868632712638726,0.16225067774958915
brunone,4500.0,100.0,4,1,4499.562243502051,0.0,0.07326986021317708,0.2452264759688637,1.0,1.0
brunone,4500.0,100.0,4,2,4599.616963064295,100.05471956224392,0.011297860135045332,0.05834342209304181,0.15419519161322884,0.23791648867657197
brunone,4500.0,100.0,4,3,4699.671682626538,200.10943912448693,0.005669781967001028,0.03890871538111791,0.07738218621551782,0.1586644151182849
brunone,4500.0,100.0,4,4,4799.726402188782,300.16415868673084,0.003425639781885683,0.025543836700399426,0.04675373710170673,0.10416426937376336
brunone,4500.0,100.0,5,1,4499.516648764768,0.0,0.08191652257696401,0.21962703193752603,1.0,1.0
brunone,4500.0,100.0,5,2,4599.570354457573,100.05370569280421,0.012831037166357364,0.061937928103949436,0.15663552068268116,0.2820141380482161
brunone,4500.0,100.0,5,3,4699.624060150376,200.10741138560752,0.006108753683679666,0.04020509909431256,0.07457291266167011,0.1830607951108181
brunone,4500.0,100.0,5,4,4799.677765843179,300.1611170784108,0.0035421675871804273,0.030025276487146077,0.04324118597505665,0.13671029573302668
brunone,4500.0,100.0,5,5,4899.731471535983,400.21482277121413,0.0023974057221865302,0.022274655655939217,0.029266448901490747,0.10142037371007841
brunone,4500.0,100.0,6,1,4499.4727128921695,0.0,0.089252899571628,0.22848458123421841,1.0,1.0
brunone,4500.0,100.0,6,2,4599.525441602953,100.05272871078341,0.013395745888714986,0.06550197550625501,0.1500875148371456,0.2866800689675828
brunone,4500.0,100.0,6,3,4699.578170313736,200.10545742156683,0.005353403958532484,0.04361906255382114,0.05998016853487459,0.19090593473835968
brunone,4500.0,100.0,6,4,4799.630899024519,300.15818613234933,0.0025063896868927032,0.02934520529819033,0.02808188528240759,0.1284340726173934
brunone,4500.0,100.0,6,5,4899.683627735302,400.21091484313274,0.0014292158379800165,0.023294064837309607,0.016013102597670005,0.10195027039234204
brunone,4500.0,100.0,6,6,4999.736356446085,500.26364355391524,0.0009965594444427727,0.018402732314775565,0.011165569401395247,0.08054255659339662
brunone,4500.0,100.0,7,1,4499.430346970482,0.0,0.09052377955844901,0.18385123238844733,1.0,1.0
brunone,4500.0,100.0,7,2,4599.482133609529,100.05178663904735,0.01318469093242913,0.07563103410545062,0.14564892226927062,0.4113708302245955
brunone,4500.0,100.0,7,3,4699.533920248576,200.1035732780938,0.00459349417193701,0.032093773249844235,0.050743508438808635,0.1745638189796595
brunone,4500.0,100.0,7,4,4799.585706887623,300.15535991714114,0.0019621478720004784,0.028685694414089,0.021675496555394785,0.15602666374017476
brunone,4500.0,100.0,7,5,4899.63749352667,400.2071465561885,0.001083477342838705,0.018713243698969696,0.011968980395246642,0.10178470634035075
brunone,4500.0,100.0,7,6,4999.689280165718,500.25893319523584,0.0008021921902322542,0.014610987788434079,0.00886167363034481,0.07947179683606076
brunone,4500.0,100.0,7,7,5099.741066804764,600.3107198342823,0.0006978140066869098,0.013008140603595826,0.007708626507760297,0.07075362201604268
brunone,4500.0,100.0,8,1,4499.38946832867,0.0,0.0838720016806822,0.17167041484321205,1.0,1.0
brunone,4500.0,100.0,8,2,4599.440345967947,100.05087763927713,0.01268037750864667,0.06710716642558884,0.15118725265343552,0.3909069974979576
brunone,4500.0,100.0,8,3,4699.491223607224,200.10175527855426,0.004986134874281162,0.024285232716337188,0.05944933677944629,0.1414642863100033
brunone,4500.0,100.0,8,4,4799.542101246502,300.1526329178323,0.0022778929254660585,0.022981601238916634,0.02715915776206774,0.1338704823420268
brunone,4500.0,100.0,8,5,4899.592978885779,400.20351055710944,0.0012915826950280925,0.017947379224864998,0.015399449985054737,0.10454555749315618
brunone,4500.0,100.0,8,6,4999.643856525057,500.2543881963875,0.000775538576082722,0.013417522940548123,0.009246692108712932,0.07815862129070086
brunone,4500.0,100.0,8,7,5099.6947341643345,600.3052658356646,0.0005554267997002647,0.009492706417759818,0.006622314819847601,0.055296111600997656
brunone,4500.0,100.0,8,8,5199.7456118036125,700.3561434749427,0.0005937851019469249,0.006873191909929556,0.007079658170167271,0.04003713695342844
steady,2000.0,10.0,1,1,1999.7099767981438,0.0,0.5881869130772895,5.551387982219954,1.0,1.0
steady,2000.0,20.0,1,1,1999.7099767981438,0.0,0.5881869130772895,5.551387982219954,1.0,1.0
steady,2000.0,30.0,1,1,1999.7099767981438,0.0,0.5881869130772895,5.551387982219954,1.0,1.0
steady,2000.0,40.0,1,1,1999.7099767981438,0.0,0.5881869130772895,5.551387982219954,1.0,1.0
steady,2000.0,50.0,1,1,1999.7099767981438,0.0,0.5881869130772895,5.551387982219954,1.0,1.0
steady,2000.0,60.0,1,1,1999.7099767981438,0.0,0.5881869130772895,5.551387982219954,1.0,1.0
steady,2000.0,70.0,1,1,1999.7099767981438,0.0,0.5881869130772895,5.551387982219954,1.0,1.0
steady,2000.0,80.0,1,1,1999.7099767981438,0.0,0.5881869130772895,5.551387982219954,1.0,1.0
steady,2000.0,90.0,1,1,1999.7099767981438,0.0,0.5881869130772895,5.551387982219954,1.0,1.0
steady,2000.0,100.0,1,1,1999.7099767981438,0.0,0.5881869130772895,5.551387982219954,1.0,1.0
steady,2500.0,10.0,1,1,2500.0,0.0,0.33502263167449287,0.1182152471580841,1.0,1.0
steady,2500.0,20.0,1,1,2500.0,0.0,0.33502263167449287,0.1182152471580841,1.0,1.0
steady,2500.0,30.0,1,1,2500.0,0.0,0.33502263167449287,0.1182152471580841,1.0,1.0
steady,2500.0,40.0,1,1,2500.0,0.0,0.33502263167449287,0.1182152471580841,1.0,1.0
steady,2500.0,50.0,1,1,2500.0,0.0,0.33502263167449287,0.1182152471580841,1.0,1.0
steady,2500.0,60.0,1,1,2500.0,0.0,0.33502263167449287,0.1182152471580841,1.0,1.0
steady,2500.0,70.0,1,1,2500.0,0.0,0.33502263167449287,0.1182152471580841,1.0,1.0
steady,2500.0,80.0,1,1,2500.0,0.0,0.33502263167449287,0.1182152471580841,1.0,1.0
steady,2500.0,90.0,1,1,2500.0,0.0,0.33502263167449287,0.1182152471580841,1.0,1.0
steady,2500.0,100.0,1,1,2500.0,0.0,0.33502263167449287,0.1182152471580841,1.0,1.0
steady,3000.0,10.0,1,1,3000.290023201856,0.0,0.5528721787672181,5.157394867254647,1.0,1.0
steady,3000.0,20.0,1,1,3000.290023201856,0.0,0.5528721787672181,5.157394867254647,1.0,1.0
steady,3000.0,30.0,1,1,3000.290023201856,0.0,0.5528721787672181,5.157394867254647,1.0,1.0
steady,3000.0,40.0,1,1,3000.290023201856,0.0,0.5528721787672181,5.157394867254647,1.0,1.0
steady,3000.0,50.0,1,1,3000.290023201856,0.0,0.5528721787672181,5.157394867254647,1.0,1.0
steady,3000.0,60.0,1,1,3000.290023201856,0.0,0.5528721787672181,5.157394867254647,1.0,1.0
steady,3000.0,70.0,1,1,3000.290023201856,0.0,0.5528721787672181,5.157394867254647,1.0,1.0
steady,3000.0,80.0,1,1,3000.290023201856,0.0,0.5528721787672181,5.157394867254647,1.0,1.0
steady,3000.0,90.0,1,1,3000.290023201856,0.0,0.5528721787672181,5.157394867254647,1.0,1.0
steady,3000.0,100.0,1,1,3000.290023201856,0.0,0.5528721787672181,5.157394867254647,1.0,1.0
steady,3500.0,10.0,1,1,3500.580046403712,0.0,0.5470809237862397,4.697704287224712,1.0,1.0
steady,3500.0,20.0,1,1,3500.580046403712,0.0,0.5470809237862397,4.697704287224712,1.0,1.0
steady,3500.0,30.0,1,1,3500.580046403712,0.0,0.5470809237862397,4.697704287224712,1.0,1.0
steady,3500.0,40.0,1,1,3500.580046403712,0.0,0.5470809237862397,4.697704287224712,1.0,1.0
steady,3500.0,50.0,1,1,3500.580046403712,0.0,0.5470809237862397,4.697704287224712,1.0,1.0
steady,3500.0,60.0,1,1,3500.580046403712,0.0,0.5470809237862397,4.697704287224712,1.0,1.0
steady,3500.0,70.0,1,1,3500.580046403712,0.0,0.5470809237862397,4.697704287224712,1.0,1.0
steady,3500.0,80.0,1,1,3500.580046403712,0.0,0.5470809237862397,4.697704287224712,1.0,1.0
steady,3500.0,90.0,1,1,3500.580046403712,0.0,0.5470809237862397,4.697704287224712,1.0,1.0
steady,3500.0,100.0,1,1,3500.580046403712,0.0,0.5470809237862397,4.697704287224712,1.0,1.0
steady,4000.0,10.0,1,1,3999.4199535962875,0.0,0.541816779637393,4.524517081596384,1.0,1.0
steady,4000.0,20.0,1,1,3999.4199535962875,0.0,0.541816779637393,4.524517081596384,1.0,1.0
steady,4000.0,30.0,1,1,3999.4199535962875,0.0,0.541816779637393,4.524517081596384,1.0,1.0
steady,4000.0,40.0,1,1,3999.4199535962875,0.0,0.541816779637393,4.524517081596384,1.0,1.0
steady,4000.0,50.0,1,1,3999.4199535962875,0.0,0.541816779637393,4.524517081596384,1.0,1.0
steady,4000.0,60.0,1,1,3999.4199535962875,0.0,0.541816779637393,4.524517081596384,1.0,1.0
steady,4000.0,70.0,1,1,3999.4199535962875,0.0,0.541816779637393,4.524517081596384,1.0,1.0
steady,4000.0,80.0,1,1,3999.4199535962875,0.0,0.541816779637393,4.524517081596384,1.0,1.0
steady,4000.0,90.0,1,1,3999.4199535962875,0.0,0.541816779637393,4.524517081596384,1.0,1.0
steady,4000.0,100.0,1,1,3999.4199535962875,0.0,0.541816779637393,4.524517081596384,1.0,1.0
steady,4500.0,10.0,1,1,4499.7099767981435,0.0,0.5240113143201495,4.28267930516925,1.0,1.0
steady,4500.0,20.0,1,1,4499.7099767981435,0.0,0.5240113143201495,4.28267930516925,1.0,1.0
steady,4500.0,30.0,1,1,4499.7099767981435,0.0,0.5240113143201495,4.28267930516925,1.0,1.0
steady,4500.0,40.0,1,1,4499.7099767981435,0.0,0.5240113143201495,4.28267930516925,1.0,1.0
steady,4500.0,50.0,1,1,4499.7099767981435,0.0,0.5240113143201495,4.28267930516925,1.0,1.0
steady,4500.0,60.0,1,1,4499.7099767981435,0.0,0.5240113143201495,4.28267930516925,1.0,1.0
steady,4500.0,70.0,1,1,4499.7099767981435,0.0,0.5240113143201495,4.28267930516925,1.0,1.0
steady,4500.0,80.0,1,1,4499.7099767981435,0.0,0.5240113143201495,4.28267930516925,1.0,1.0
steady,4500.0,90.0,1,1,4499.7099767981435,0.0,0.5240113143201495,4.28267930516925,1.0,1.0
steady,4500.0,100.0,1,1,4499.7099767981435,0.0,0.5240113143201495,4.28267930516925,1.0,1.0
brunone,2000.0,10.0,1,1,1999.7099767981438,0.0,0.11102348571240896,0.20218440730640871,1.0,1.0
brunone,2000.0,20.0,1,1,1999.7099767981438,0.0,0.11102348571240896,0.20218440730640871,1.0,1.0
brunone,2000.0,30.0,1,1,1999.7099767981438,0.0,0.11102348571240896,0.20218440730640871,1.0,1.0
brunone,2000.0,40.0,1,1,1999.7099767981438,0.0,0.11102348571240896,0.20218440730640871,1.0,1.0
brunone,2000.0,50.0,1,1,1999.7099767981438,0.0,0.11102348571240896,0.20218440730640871,1.0,1.0
brunone,2000.0,60.0,1,1,1999.7099767981438,0.0,0.11102348571240896,0.20218440730640871,1.0,1.0
brunone,2000.0,70.0,1,1,1999.7099767981438,0.0,0.11102348571240896,0.20218440730640871,1.0,1.0
brunone,2000.0,80.0,1,1,1999.7099767981438,0.0,0.11102348571240896,0.20218440730640871,1.0,1.0
brunone,2000.0,90.0,1,1,1999.7099767981438,0.0,0.11102348571240896,0.20218440730640871,1.0,1.0
brunone,2000.0,100.0,1,1,1999.7099767981438,0.0,0.11102348571240896,0.20218440730640871,1.0,1.0
brunone,2500.0,10.0,1,1,2500.0,0.0,0.10024376879761987,0.06505528962168534,1.0,1.0
brunone,2500.0,20.0,1,1,2500.0,0.0,0.10024376879761987,0.06505528962168534,1.0,1.0
brunone,2500.0,30.0,1,1,2500.0,0.0,0.10024376879761987,0.06505528962168534,1.0,1.0
brunone,2500.0,40.0,1,1,2500.0,0.0,0.10024376879761987,0.06505528962168534,1.0,1.0
brunone,2500.0,50.0,1,1,2500.0,0.0,0.10024376879761987,0.06505528962168534,1.0,1.0
brunone,2500.0,60.0,1,1,2500.0,0.0,0.10024376879761987,0.06505528962168534,1.0,1.0
brunone,2500.0,70.0,1,1,2500.0,0.0,0.10024376879761987,0.06505528962168534,1.0,1.0
brunone,2500.0,80.0,1,1,2500.0,0.0,0.10024376879761987,0.06505528962168534,1.0,1.0
brunone,2500.0,90.0,1,1,2500.0,0.0,0.10024376879761987,0.06505528962168534,1.0,1.0
brunone,2500.0,100.0,1,1,2500.0,0.0,0.10024376879761987,0.06505528962168534,1.0,1.0
brunone,3000.0,10.0,1,1,3000.290023201856,0.0,0.10428085915794152,0.23558075193556272,1.0,1.0
brunone,3000.0,20.0,1,1,3000.290023201856,0.0,0.10428085915794152,0.23558075193556272,1.0,1.0
brunone,3000.0,30.0,1,1,3000.290023201856,0.0,0.10428085915794152,0.23558075193556272,1.0,1.0
brunone,3000.0,40.0,1,1,3000.290023201856,0.0,0.10428085915794152,0.23558075193556272,1.0,1.0
brunone,3000.0,50.0,1,1,3000.290023201856,0.0,0.10428085915794152,0.23558075193556272,1.0,1.0
brunone,3000.0,60.0,1,1,3000.290023201856,0.0,0.10428085915794152,0.23558075193556272,1.0,1.0
brunone,3000.0,70.0,1,1,3000.290023201856,0.0,0.10428085915794152,0.23558075193556272,1.0,1.0
brunone,3000.0,80.0,1,1,3000.290023201856,0.0,0.10428085915794152,0.23558075193556272,1.0,1.0
brunone,3000.0,90.0,1,1,3000.290023201856,0.0,0.10428085915794152,0.23558075193556272,1.0,1.0
brunone,3000.0,100.0,1,1,3000.290023201856,0.0,0.10428085915794152,0.23558075193556272,1.0,1.0
brunone,3500.0,10.0,1,1,3500.580046403712,0.0,0.10955586626468872,0.2568631510271343,1.0,1.0
brunone,3500.0,20.0,1,1,3500.580046403712,0.0,0.10955586626468872,0.2568631510271343,1.0,1.0
brunone,3500.0,30.0,1,1,3500.580046403712,0.0,0.10955586626468872,0.2568631510271343,1.0,1.0
brunone,3500.0,40.0,1,1,3500.580046403712,0.0,0.10955586626468872,0.2568631510271343,1.0,1.0
brunone,3500.0,50.0,1,1,3500.580046403712,0.0,0.10955586626468872,0.2568631510271343,1.0,1.0
brunone,3500.0,60.0,1,1,3500.580046403712,0.0,0.10955586626468872,0.2568631510271343,1.0,1.0
brunone,3500.0,70.0,1,1,3500.580046403712,0.0,0.10955586626468872,0.2568631510271343,1.0,1.0
brunone,3500.0,80.0,1,1,3500.580046403712,0.0,0.10955586626468872,0.2568631510271343,1.0,1.0
brunone,3500.0,90.0,1,1,3500.580046403712,0.0,0.10955586626468872,0.2568631510271343,1.0,1.0
brunone,3500.0,100.0,1,1,3500.580046403712,0.0,0.10955586626468872,0.2568631510271343,1.0,1.0
brunone,4000.0,10.0,1,1,3999.4199535962875,0.0,0.1045292942336432,0.26440468822462504,1.0,1.0
brunone,4000.0,20.0,1,1,3999.4199535962875,0.0,0.1045292942336432,0.26440468822462504,1.0,1.0
brunone,4000.0,30.0,1,1,3999.4199535962875,0.0,0.1045292942336432,0.26440468822462504,1.0,1.0
brunone,4000.0,40.0,1,1,3999.4199535962875,0.0,0.1045292942336432,0.26440468822462504,1.0,1.0
brunone,4000.0,50.0,1,1,3999.4199535962875,0.0,0.1045292942336432,0.26440468822462504,1.0,1.0
brunone,4000.0,60.0,1,1,3999.4199535962875,0.0,0.1045292942336432,0.26440468822462504,1.0,1.0
brunone,4000.0,70.0,1,1,3999.4199535962875,0.0,0.1045292942336432,0.26440468822462504,1.0,1.0
brunone,4000.0,80.0,1,1,3999.4199535962875,0.0,0.1045292942336432,0.26440468822462504,1.0,1.0
brunone,4000.0,90.0,1,1,3999.4199535962875,0.0,0.1045292942336432,0.26440468822462504,1.0,1.0
brunone,4000.0,100.0,1,1,3999.4199535962875,0.0,0.1045292942336432,0.26440468822462504,1.0,1.0
brunone,4500.0,10.0,1,1,4499.7099767981435,0.0,0.0912547912400157,0.2007292768457081,1.0,1.0
brunone,4500.0,20.0,1,1,4499.7099767981435,0.0,0.0912547912400157,0.2007292768457081,1.0,1.0
brunone,4500.0,30.0,1,1,4499.7099767981435,0.0,0.0912547912400157,0.2007292768457081,1.0,1.0
brunone,4500.0,40.0,1,1,4499.7099767981435,0.0,0.0912547912400157,0.2007292768457081,1.0,1.0
brunone,4500.0,50.0,1,1,4499.7099767981435,0.0,0.0912547912400157,0.2007292768457081,1.0,1.0
brunone,4500.0,60.0,1,1,4499.7099767981435,0.0,0.0912547912400157,0.2007292768457081,1.0,1.0
brunone,4500.0,70.0,1,1,4499.7099767981435,0.0,0.0912547912400157,0.2007292768457081,1.0,1.0
brunone,4500.0,80.0,1,1,4499.7099767981435,0.0,0.0912547912400157,0.2007292768457081,1.0,1.0
brunone,4500.0,90.0,1,1,4499.7099767981435,0.0,0.0912547912400157,0.2007292768457081,1.0,1.0
brunone,4500.0,100.0,1,1,4499.7099767981435,0.0,0.0912547912400157,0.2007292768457081,1.0,1.0
