sample_id,n_frac,fracture_positions_m,fracture_Cf_m2,fracture_kleak_m2p5_s,fracture_Kp_s2_m5,fracture_alpha_ss,fracture_Q_ss_m3_s,fracture_types,pump_closure_tc_s,ramp_type,wavespeed_m_s,H_ext_m,initial_velocity_m_s,H0_realized_m,perf_num_holes,perf_diameter_m,perf_cd,has_fault,fault_cluster_idx,steady_mass_residual,pre_shut_drift_m
0,1,4691.2905,0.01252255,9.8543904e-05,234723.14,1.0,0.01697128,Type I: 优势发育主进液簇,0.009131998755037785,cosine,1465.221435546875,152.63583374023438,1.1072149276733398,29935.00390625,8,0.008813210527883763,0.6719858733978168,0,-1,4.4974705112454244e-15,1.4297256711870432e-09
1,6,4789.9487|4801.7007|4817.8726|4855.1943|4894.985|4943.6855,0.010063531|0.005785823|0.016030638|0.0034346862|0.0058714803|0.010444785,0.00014827472|9.3287745e-05|0.00024264448|6.830989e-05|9.336066e-05|0.00020332685,568370.25|802834.75|317827.06|909772.06|751062.8|494730.47,0.17479983|0.11026358|0.28510892|0.080832325|0.11034106|0.23865427,0.0028382563|0.0017903695|0.004629365|0.0013124889|0.0017916276|0.0038750723,Type II: 均衡/正常发育簇|Type III: 受抑/欠发育弱进液簇|Type II: 均衡/正常发育簇|Type III: 受抑/欠发育弱进液簇|Type III: 受抑/欠发育弱进液簇|Type II: 均衡/正常发育簇,0.0619472898542881,linear,1486.7772216796875,52.78348922729492,1.0593217611312866,475.1266784667969,6,0.008420292940044606,0.6105534202319879,0,-1,9.572550407508859e-14,4.376943252282217e-11
2,2,4663.7783|4700.514,0.017429646|0.010441405,9.549054e-05|8.321867e-05,84032.92|112303.445,0.53433746|0.4656625,0.009792824|0.008534215,Type I: 优势发育主进液簇|Type I: 优势发育主进液簇,0.04794306308031082,cosine,1462.8106689453125,153.8043975830078,1.1956652402877808,10742.4013671875,8,0.010497473342403512,0.7417862868389872,0,-1,7.875193959406765e-14,3.637978807091713e-12
3,4,4770.489|4796.8296|4840.966|4860.3237,0.015237479|0.0057983617|0.008563658|0.0025403267,0.00015262201|7.684789e-05|0.00012926363|4.168229e-05,212379.72|452755.62|326138.78|603282.8,0.38104177|0.19207236|0.32262424|0.10426163,0.005822866|0.0029351418|0.0049301623|0.0015932677,Type I: 优势发育主进液簇|Type II: 均衡/正常发育簇|Type II: 均衡/正常发育簇|Type III: 受抑/欠发育弱进液簇,0.05372079461812973,cosine,1435.103271484375,82.28828430175781,0.9969687461853027,1590.466064453125,4,0.01073182478493685,0.7318268565761898,0,-1,2.7584956074997585e-14,1.425632945029065e-10
4,4,4519.8696|4535.962|4573.815|4601.661,0.0007597657|0.0075511583|0.02546005|0.012845061,3.3928297e-06|8.536031e-05|0.00021143352|0.00011813212,98458820.0|455877.2|143116.55|318105.03,0.0081279725|0.20425813|0.5051204|0.28249353,0.00012596247|0.0031654707|0.007828055|0.0043779165,Type IV: 砂堵闭合/未起裂死簇|Type II: 均衡/正常发育簇|Type I: 优势发育主进液簇|Type II: 均衡/正常发育簇,0.06985751539468765,linear,1498.3330078125,77.26596069335938,1.0110584497451782,1501.3865966796875,6,0.009555242114563663,0.6416805117741997,0,-1,2.0932105197378134e-14,4.729372449219227e-11
5,3,4892.625|4920.856|4938.9507,0.015203542|0.011121349|0.009180892,0.00014348196|7.643517e-05|7.598881e-05,246704.4|316891.34|370224.56,0.4845102|0.2585184|0.2569714,0.008952332|0.0047766636|0.0047480795,Type I: 优势发育主进液簇|Type II: 均衡/正常发育簇|Type II: 均衡/正常发育簇,0.06627067178487778,cosine,1476.47119140625,142.64187622070312,1.2054537534713745,4123.00146484375,6,0.009806750533434471,0.6306251610297907,0,-1,5.708218728424364e-14,3.2741809263825417e-10
6,6,4712.527|4742.2866|4765.481|4781.262|4795.398|4828.904,0.015330388|0.00095026114|0.035665423|0.0056498097|0.010800297|0.00091692863,0.00016108295|6.1455526e-06|0.00021285929|5.0887054e-05|0.00010910559|2.2622419e-06,1297206.8|73674470.0|325744.8|1974005.4|1437569.1|77701810.0,0.29502964|0.011426796|0.39341462|0.094500825|0.20141709|0.0042110127,0.006546243|0.00025354262|0.008729251|0.0020968246|0.0044691283|9.343575e-05,Type II: 均衡/正常发育簇|Type IV: 砂堵闭合/未起裂死簇|Type I: 优势发育主进液簇|Type III: 受抑/欠发育弱进液簇|Type II: 均衡/正常发育簇|Type IV: 砂堵闭合/未起裂死簇,0.07235921174287796,cosine,1496.02197265625,138.39422607421875,1.4475840330123901,1939.0325927734375,4,0.008175970550920996,0.6546319613433746,0,-1,1.673083194339217e-14,4.18367562815547e-11
7,3,4863.0166|4877.3594|4914.249,0.023000479|0.005050206|0.00859178,0.00021870984|6.406398e-05|7.58073e-05,175973.42|537234.6|462035.97,0.609227|0.17900448|0.21176854,0.011780998|0.00346152|0.004095099,Type I: 优势发育主进液簇|Type II: 均衡/正常发育簇|Type II: 均衡/正常发育簇,0.0707811564207077,linear,1403.5235595703125,90.26521301269531,1.2615958452224731,3089.77294921875,6,0.009247541879705857,0.6717497395557315,0,-1,5.5259636656031924e-14,2.651177055668086e-10
8,5,4651.346|4671.5845|4719.0264|4735.611|4747.407,0.021321619|0.003930059|0.011633981|0.008292415|0.024265114,0.00013337747|2.8085531e-05|5.3801108e-05|6.426722e-05|0.00013547919,264214.38|582053.1|418917.22|442762.03|175016.84,0.32113808|0.06776356|0.12975195|0.15494332|0.3264031,0.0073572877|0.0015524662|0.002972623|0.0035497583|0.00747791,Type II: 均衡/正常发育簇|Type III: 受抑/欠发育弱进液簇|Type III: 受抑/欠发育弱进液簇|Type II: 均衡/正常发育簇|Type II: 均衡/正常发育簇,0.033614639192819595,linear,1461.4591064453125,81.31781005859375,1.494662880897522,3236.71728515625,8,0.00824678419960775,0.6341953773248148,0,-1,3.3467755747740996e-14,2.2373569663614035e-10
9,5,4612.0586|4627.8145|4638.372|4657.558|4672.831,0.0070064142|0.011906172|0.0056509604|0.010254684|0.029567216,5.9577298e-05|0.00010787616|5.740007e-05|0.00010325013|0.0003189919,212025.64|144803.92|219293.78|156595.67|56156.754,0.09221336|0.1668734|0.088830434|0.15969972|0.4923831,0.0012512916|0.002264393|0.001205387|0.0021670496|0.0066814055,Type III: 受抑/欠发育弱进液簇|Type II: 均衡/正常发育簇|Type III: 受抑/欠发育弱进液簇|Type II: 均衡/正常发育簇|Type I: 优势发育主进液簇,0.04683122783899307,linear,1457.5216064453125,109.46644592285156,0.8852827548980713,585.6644287109375,12,0.008486874464431911,0.623055960936335,0,-1,3.7073497077171405e-14,2.4556356947869062e-11
10,5,4524.1343|4557.976|4605.297|4647.471|4676.1665,0.008981665|0.0093458295|0.007113771|0.023054743|0.00044826773,8.240582e-05|0.0015|0.00010244803|0.0003262375|2.2948475e-06,167419.4|132620.3|158649.17|55189.926|96048520.0,0.045128122|0.71983737|0.055962894|0.17781743|0.0012541694,0.00056201214|0.00896464|0.0006969452|0.002214485|1.561905e-05,Type III: 受抑/欠发育弱进液簇|Type V: 沟通天然断层/强微裂缝簇|Type III: 受抑/欠发育弱进液簇|Type II: 均衡/正常发育簇|Type IV: 砂堵闭合/未起裂死簇,0.06972441077232361,cosine,1422.7537841796875,76.89164733886719,0.8124857544898987,152.26617431640625,12,0.008267332108320369,0.6782965931890299,1,1,1.5085519910074813e-13,7.844391802791506e-12
11,4,4626.3354|4647.724|4663.8687|4678.4883,0.00023478005|0.012609575|0.0026232272|0.02138228,2.6334858e-06|0.00015940888|3.546798e-05|0.00030279031,61837244.0|35277.332|62220.59|12967.547,0.005266143|0.3186586|0.07092665|0.6051486,6.5770066e-05|0.0039798003|0.0008858192|0.0075578396,Type IV: 砂堵闭合/未起裂死簇|Type II: 均衡/正常发育簇|Type III: 受抑/欠发育弱进液簇|Type I: 优势发育主进液簇,0.042465921491384506,linear,1422.8369140625,129.60476684570312,0.8148036003112793,783.2160034179688,12,0.011309214718499688,0.6984830765586639,0,-1,2.333479038523021e-14,6.627942639170215e-11
12,1,4795.055,0.012,0.0007834708,58632.844,1.0,0.022185441,Type V: 沟通天然断层/强微裂缝簇,0.054844316095113754,linear,1432.203125,190.51011657714844,1.4473893642425537,1116.3482666015625,12,0.009740152409341802,0.7384637128963939,1,0,1.6060632370470257e-13,1.0186340659856796e-10
13,3,4521.2886|4544.388|4569.567,0.019203447|0.009451333|0.009007094,0.00014914053|9.874375e-05|9.571716e-05,63103.19|110129.01|110132.51,0.43401155|0.2873949|0.27859354,0.0067044655|0.0044395807|0.00430362,Type I: 优势发育主进液簇|Type II: 均衡/正常发育簇|Type II: 均衡/正常发育簇,0.07639351487159729,linear,1406.0797119140625,124.18163299560547,1.007813572883606,2191.829345703125,12,0.00915891103375262,0.666135541355677,0,-1,1.0061793249711154e-13,8.230927051045e-11
14,6,4802.8794|4847.308|4862.5923|4897.1675|4910.971|4950.0,0.0076374137|0.01642714|0.004010085|0.0043344153|0.015091449|0.012,8.199136e-05|0.00019247032|5.30676e-05|3.9191727e-05|0.00013638199|0.0014936713,1084240.5|573944.8|1300796.5|1381116.6|707778.56|585232.7,0.055264354|0.12861551|0.035754617|0.02640147|0.091341786|0.6626223,0.0012326447|0.0028687068|0.0007974895|0.000588872|0.0020373343|0.014779469,Type III: 受抑/欠发育弱进液簇|Type III: 受抑/欠发育弱进液簇|Type IV: 砂堵闭合/未起裂死簇|Type IV: 砂堵闭合/未起裂死簇|Type III: 受抑/欠发育弱进液簇|Type V: 沟通天然断层/强微裂缝簇,0.08414249867200851,cosine,1424.0372314453125,182.9851837158203,1.4551578760147095,506.9609680175781,4,0.009268573542863631,0.6283862220705247,1,5,6.050859140994957e-14,2.029310053330846e-11
15,5,4643.366|4689.301|4729.8022|4750.6235|4775.1914,0.005|0.009520143|0.023751577|0.0033067605|0.016741384,0.0005|0.000118878444|0.00019787977|4.178214e-05|0.00016366747,215611.44|152720.0|55810.676|209378.92|102718.57,0.48295072|0.11772154|0.19592367|0.041405916|0.16199815,0.0075514726|0.0018407075|0.003063485|0.00064742763|0.0025330216,Type V: 沟通天然断层/强微裂缝簇|Type III: 受抑/欠发育弱进液簇|Type II: 均衡/正常发育簇|Type III: 受抑/欠发育弱进液簇|Type II: 均衡/正常发育簇,0.09325964003801346,linear,1460.7855224609375,195.75051879882812,1.0201079845428467,482.3637390136719,6,0.011406336770391318,0.7355937578739207,1,0,1.6530564894354227e-13,3.5981884138891473e-11
16,6,4777.919|4819.171|4833.594|4883.4756|4928.6436|4950.0,0.00087952707|0.014206771|0.03272476|0.00023212103|0.0006036248|0.0149610415,1.5150874e-06|0.00013200846|0.00027764772|2.816039e-06|7.706693e-06|0.00012801413,90048190.0|19789.16|7336.8574|56246184.0|81500590.0|17669.121,0.0027574252|0.24017456|0.5050662|0.005122827|0.013988754|0.2328902,3.6960948e-05|0.0032193365|0.006769985|6.8667156e-05|0.0001875074|0.0031216957,Type IV: 砂堵闭合/未起裂死簇|Type II: 均衡/正常发育簇|Type I: 优势发育主进液簇|Type IV: 砂堵闭合/未起裂死簇|Type IV: 砂堵闭合/未起裂死簇|Type II: 均衡/正常发育簇,0.09107311069965363,cosine,1482.9976806640625,170.21136474609375,0.8744936585426331,800.60009765625,16,0.011040299519526493,0.6596128408290449,0,-1,1.2294603269485949e-13,6.02540239924565e-11
17,4,4783.6167|4823.0015|4840.723|4861.553,0.011320583|0.0003468266|0.028141243|0.005686995,9.4451934e-05|9.8202445e-06|0.0002217569|6.507629e-05,30021.479|72928030.0|11644.539|40669.832,0.24155721|0.025028681|0.5669927|0.1664214,0.0055025425|0.0005701398|0.012915786|0.0037909893,Type II: 均衡/正常发育簇|Type IV: 砂堵闭合/未起裂死簇|Type I: 优势发育主进液簇|Type II: 均衡/正常发育簇,0.03844350948929787,linear,1477.94287109375,63.959327697753906,1.4861433506011963,3558.820068359375,12,0.01176766908000031,0.7409270012503743,0,-1,2.3455114803519472e-14,0.0
18,1,4696.611,0.011946412,9.49658e-05,50007.17,1.0,0.015495586,Type I: 优势发育主进液簇,0.07294017821550369,linear,1410.6103515625,68.92605590820312,1.0109398365020752,26751.36328125,16,0.009489917310390113,0.6245341632809542,0,-1,1.1127782858577975e-13,1.8553691916167736e-10
19,5,4749.544|4779.878|4806.0396|4835.0063|4849.775,0.005642597|0.013180628|0.009481912|0.0066708107|0.0039645247,6.2036044e-05|0.00012360449|9.543212e-05|8.095153e-05|4.5823857e-05,843676.44|436190.56|776335.94|811892.1|1097900.9,0.15228744|0.30288884|0.23379984|0.19849434|0.11252955,0.0023217653|0.0046178256|0.0035644986|0.003026233|0.0017156189,Type II: 均衡/正常发育簇|Type II: 均衡/正常发育簇|Type II: 均衡/正常发育簇|Type II: 均衡/正常发育簇|Type III: 受抑/欠发育弱进液簇,0.005939250811934471,cosine,1465.1231689453125,177.99095153808594,0.9946528673171997,1628.230712890625,4,0.00937731103962784,0.6614578149324242,0,-1,6.679041136348554e-14,9.094947017729282e-12
20,3,4865.957|4902.054|4924.7026,0.007351348|0.006081413|0.011091368,8.646229e-05|6.689099e-05|0.00012743044,32145.418|35651.08|21051.39,0.30794314|0.2382412|0.45381567,0.0055905175|0.0043251216|0.008238744,Type II: 均衡/正常发育簇|Type II: 均衡/正常发育簇|Type I: 优势发育主进液簇,0.05344720929861069,linear,1499.7191162109375,80.17552947998047,1.184401035308838,4326.89013671875,12,0.011743850349775296,0.7244167721295913,0,-1,1.704682944282665e-13,5.456968210637569e-10
21,4,4585.073|4628.5684|4658.334|4672.9683,0.005|0.0023040017|0.0009963716|0.02840544,0.0005|3.9559593e-05|7.948944e-06|0.00020263396,847358.8|869219.3|65548076.0|145213.4,0.64546824|0.056177158|0.011272037|0.28708255,0.013746223|0.0011963776|0.00024005509|0.0061138575,Type V: 沟通天然断层/强微裂缝簇|Type III: 受抑/欠发育弱进液簇|Type IV: 砂堵闭合/未起裂死簇|Type II: 均衡/正常发育簇,0.006119199097156525,linear,1476.3955078125,130.07530212402344,1.3893952369689941,1129.9342041015625,4,0.010013939771483073,0.6971616052364148,1,0,4.447484047709338e-14,3.069544618483633e-11
22,5,4710.626|4746.2617|4756.6904|4775.0527|4806.0566,0.02549506|0.005221079|0.00059215806|0.005338011|0.0008748707,0.00034968383|0.000106790314|6.2780064e-06|7.197709e-05|6.7382985e-06,9520.948|57444.273|74664500.0|59124.33|82457460.0,0.64576244|0.19725446|0.011582975|0.13297287|0.012427221,0.009053135|0.0027653687|0.00016238516|0.001864186|0.00017422088,Type I: 优势发育主进液簇|Type II: 均衡/正常发育簇|Type IV: 砂堵闭合/未起裂死簇|Type III: 受抑/欠发育弱进液簇|Type IV: 砂堵闭合/未起裂死簇,0.014672723598778248,linear,1413.66845703125,78.8721694946289,0.9146259427070618,787.7490844726562,12,0.011325005567922174,0.6154663811263682,0,-1,8.042987798126053e-15,3.410605131648481e-12
23,3,4794.491|4835.0073|4847.3315,0.010976784|0.013125426|0.01377671,9.9883546e-05|0.00012699462|0.00013033472,78148.43|59166.457|53171.62,0.27964532|0.35549858|0.36485612,0.0045290953|0.005757604|0.0059091575,Type II: 均衡/正常发育簇|Type I: 优势发育主进液簇|Type I: 优势发育主进液簇,0.020169008523225784,cosine,1453.075927734375,168.80947875976562,1.0566258430480957,2277.615966796875,12,0.009907622133327755,0.6880879815582976,0,-1,1.780153037781937e-13,3.1241143005900085e-10
24,4,4658.351|4689.6074|4703.8066|4729.7485,0.007840907|0.0040142587|0.00042241768|0.021569822,0.000104708946|6.843328e-05|7.3273013e-06|0.00033756325,80544.805|99249.54|81688490.0|20807.287,0.20225507|0.13219863|0.014126657|0.65141964,0.004470833|0.0029222406|0.00031226868|0.014399582,Type II: 均衡/正常发育簇|Type III: 受抑/欠发育弱进液簇|Type IV: 砂堵闭合/未起裂死簇|Type I: 优势发育主进液簇,0.03573382645845413,linear,1416.968994140625,150.32054138183594,1.4421364068984985,2066.787353515625,12,0.01037928292676737,0.6087600925812718,0,-1,1.3498007880418782e-14,1.2960299500264227e-10
25,6,4523.689|4564.1465|4610.2793|4649.1074|4697.6357|4738.916,0.00966502|0.021033896|0.030555524|0.005895514|0.0008580665|0.011938137,7.322145e-05|0.00016254457|0.00020611833|7.4153904e-05|1.3327366e-06|9.5023956e-05,1742409.2|914688.1|601069.06|2098603.0|68635120.0|1555434.9,0.1202115|0.2648572|0.33559078|0.12156287|0.002197212|0.15558043,0.0025920838|0.005711035|0.0072362414|0.002621223|4.737781e-05|0.0033547333,Type III: 受抑/欠发育弱进液簇|Type II: 均衡/正常发育簇|Type II: 均衡/正常发育簇|Type III: 受抑/欠发育弱进液簇|Type IV: 砂堵闭合/未起裂死簇|Type II: 均衡/正常发育簇,0.06747842580080032,linear,1408.5322265625,70.0802230834961,1.4067610502243042,1419.8343505859375,4,0.008335424409989795,0.6092979095568437,0,-1,2.687037366970544e-14,2.0463630789890885e-12
26,6,4744.2905|4782.821|4823.7695|4868.3877|4907.9653|4950.0,0.008866335|0.00090924604|0.045534845|0.00084594527|0.0045443946|0.0038600827,6.386582e-05|2.688343e-06|0.00019138081|9.98869e-06|3.7720652e-05|2.4024035e-05,83721.71|54240580.0|14641.238|64818104.0|109809.305|116798.0,0.19377089|0.008155839|0.580531|0.030209946|0.11444187|0.07289046,0.0024778799|0.00010429424|0.007423644|0.00038631508|0.0014634458|0.00093209976,Type II: 均衡/正常发育簇|Type IV: 砂堵闭合/未起裂死簇|Type I: 优势发育主进液簇|Type IV: 砂堵闭合/未起裂死簇|Type III: 受抑/欠发育弱进液簇|Type III: 受抑/欠发育弱进液簇,0.06736026704311371,cosine,1416.4261474609375,78.24269104003906,0.8342745900154114,1615.8682861328125,16,0.008009675533563116,0.749820033652251,0,-1,3.201478253507528e-14,8.640199666842818e-11
27,1,4532.3477,0.007700627,0.0006509789,164947.8,1.0,0.022083048,Type V: 沟通天然断层/强微裂缝簇,0.00942217092961073,linear,1455.50439453125,199.15057373046875,1.440709114074707,1519.457275390625,6,0.0112384096872247,0.6562048576962328,1,0,1.5490954601970336e-13,6.866684998385608e-11
28,2,4892.2856|4927.667,0.006833199|0.014159664,8.2738625e-05|0.00013400482,106471.8|57636.195,0.3817744|0.6182256,0.0060876557|0.009858033,Type I: 优势发育主进液簇|Type I: 优势发育主进液簇,0.07851453870534897,linear,1429.3580322265625,138.178955078125,1.0403047800064087,5606.306640625,8,0.011337779207830693,0.7083549037332478,0,-1,5.0260749745066266e-14,7.639755494892597e-11
29,6,4634.8135|4665.995|4705.688|4739.318|4775.455|4797.4307,0.016779521|0.0039071|0.009082193|0.0024297293|0.01587462|0.00025242436,0.00014040394|5.56263e-05|0.00012081666|3.6848265e-05|0.00012242168|5.0960607e-06,101580.44|262152.06|163266.0|286341.0|79227.24|75804390.0,0.29174608|0.115646675|0.25096276|0.07661674|0.25444028|0.010587482,0.0043330505|0.0017175995|0.0037273315|0.0011379218|0.00377898|0.00015724666,Type II: 均衡/正常发育簇|Type III: 受抑/欠发育弱进液簇|Type II: 均衡/正常发育簇|Type III: 受抑/欠发育弱进液簇|Type II: 均衡/正常发育簇|Type IV: 砂堵闭合/未起裂死簇,0.04694262892007828,cosine,1493.6890869140625,83.59732818603516,0.9689604640007019,1079.6258544921875,6,0.011272782556337547,0.6308298927597666,0,-1,1.110764583610313e-13,6.639311322942376e-11
30,5,4553.268|4565.3066|4579.7705|4605.151|4617.572,0.006566646|0.0003939863|0.011822493|0.0053781075|0.024669493,8.214369e-05|5.3187705e-06|0.00010330008|4.6187088e-05|0.000240017,229850.47|84162920.0|178286.94|257402.97|59894.44,0.1723197|0.011152562|0.21664509|0.09692678|0.50295585,0.003403929|0.0002203029|0.004279514|0.0019146499|0.009935173,Type II: 均衡/正常发育簇|Type IV: 砂堵闭合/未起裂死簇|Type II: 均衡/正常发育簇|Type III: 受抑/欠发育弱进液簇|Type I: 优势发育主进液簇,0.013153968378901482,linear,1411.2587890625,75.85953521728516,1.2887327671051025,1867.5078125,8,0.009165876921637603,0.727859097626895,0,-1,5.0934572924936534e-15,8.640199666842818e-11
31,2,4664.6504|4676.5454,0.02619104|0.005,0.00012385414|0.0005,279144.2|964729.9,0.21592735|0.78407264,0.0029679646|0.010777235,Type II: 均衡/正常发育簇|Type V: 沟通天然断层/强微裂缝簇,0.007766458671540022,linear,1442.725341796875,64.81449890136719,0.8967437744140625,677.5630493164062,4,0.01072053003747299,0.6174819154676885,1,1,1.3870014078237736e-13,1.0231815394945443e-12
32,2,4730.073|4764.8384,0.015788537|0.00452061,0.00019358216|5.7133155e-05,602160.0|1498504.9,0.7705824|0.22941764,0.015839765|0.004715812,Type I: 优势发育主进液簇|Type II: 均衡/正常发育簇,0.028020409867167473,linear,1453.3856201171875,162.30345153808594,1.341056227684021,7089.34033203125,4,0.009125622265344975,0.6256280740133711,0,-1,9.350618966185581e-14,7.039488991722465e-10
33,2,4857.632|4876.2856,0.0019640452|0.012,2.293396e-05|0.0011007118,526845.06|157761.27,0.022239564|0.97776043,0.00034850292|0.015321899,Type IV: 砂堵闭合/未起裂死簇|Type V: 沟通天然断层/强微裂缝簇,0.06967781484127045,cosine,1431.7825927734375,199.99168395996094,1.022344946861267,479.5364990234375,8,0.008395385546419233,0.6796326764904502,1,1,1.9217629874598852e-13,2.8421709430404007e-13
34,5,4629.9785|4646.8965|4677.188|4726.859|4737.0195,0.012169736|0.01642186|0.006936743|0.0076900325|0.020505972,9.477605e-05|0.0001151739|4.8482983e-05|5.2028598e-05|0.00013175966,188345.83|184802.6|307385.9|272245.47|137146.47,0.21435246|0.260376|0.10969723|0.117714435|0.29785985,0.0026665905|0.0032391334|0.0013646571|0.0014643929|0.0037054406,Type II: 均衡/正常发育簇|Type II: 均衡/正常发育簇|Type III: 受抑/欠发育弱进液簇|Type III: 受抑/欠发育弱进液簇|Type II: 均衡/正常发育簇,0.03815660998225212,cosine,1408.21484375,57.96875,0.8116058707237244,880.3396606445312,8,0.009102425478172672,0.6698523013354571,0,-1,2.314784004937582e-14,1.546140993013978e-11
35,4,4553.9824|4586.66|4626.997|4676.3335,0.020250292|0.00088718627|0.01075241|0.0025516045,0.00023260074|9.213245e-06|0.0011087133|3.2070613e-05,9869.539|60607372.0|18183.309|40628.832,0.16996463|0.0067109764|0.799929|0.023395363,0.002848763|0.00011248212|0.013407544|0.00039212775,Type II: 均衡/正常发育簇|Type IV: 砂堵闭合/未起裂死簇|Type V: 沟通天然断层/强微裂缝簇|Type IV: 砂堵闭合/未起裂死簇,0.009985562413930893,cosine,1491.66259765625,175.24261474609375,1.093490719795227,377.2897644042969,16,0.011503002449696672,0.6261643151022386,1,2,4.967910069051621e-15,4.320099833421409e-12
36,5,4505.3906|4545.059|4584.3047|4625.623|4658.4204,0.0048751165|0.011133914|0.011876733|0.01260295|0.00496981,6.9811824e-05|0.00019317697|0.00015910037|0.00016270079|7.9431695e-05,1737329.8|858151.5|831747.3|891275.9|1567212.5,0.105851024|0.2894575|0.23964395|0.2447509|0.12029664,0.0023246505|0.0063569294|0.0052629476|0.005375104|0.0026418983,Type III: 受抑/欠发育弱进液簇|Type II: 均衡/正常发育簇|Type II: 均衡/正常发育簇|Type II: 均衡/正常发育簇|Type III: 受抑/欠发育弱进液簇,0.033389486372470856,linear,1499.6097412109375,161.1734619140625,1.4327813386917114,1366.978271484375,4,0.00821179215253414,0.7162612737196473,0,-1,8.767799989728778e-14,2.7284841053187847e-12
37,5,4824.3276|4840.8423|4878.225|4901.804|4950.0,0.022499122|0.00058519305|0.003576975|0.0061991075|0.01884377,0.00018997412|9.633991e-06|3.4771692e-05|6.079474e-05|0.00015751716,110215.32|82625960.0|379614.78|336326.3|140372.47,0.4195278|0.021235604|0.07691694|0.13442554|0.3478941,0.005589677|0.00028293754|0.0010248208|0.0017910501|0.004635249,Type I: 优势发育主进液簇|Type IV: 砂堵闭合/未起裂死簇|Type III: 受抑/欠发育弱进液簇|Type III: 受抑/欠发育弱进液簇|Type II: 均衡/正常发育簇,0.004189831670373678,cosine,1467.8486328125,129.41958618164062,0.8692471385002136,1033.6583251953125,6,0.009997430066896018,0.6915331505468133,0,-1,2.0701480148697417e-14,8.958522812463343e-11
38,6,4744.264|4790.3296|4839.7124|4889.0073|4937.127|4950.0,0.013615314|0.018450506|0.016890861|0.0069326004|0.0147530055|0.005359385,0.000100191595|0.00017911296|0.00017370457|6.7255016e-05|0.00010321997|4.5768793e-05,1317572.1|819031.5|839971.6|1813427.2|1291828.4|2086924.1,0.15017259|0.26667058|0.2586968|0.10100523|0.15458883|0.06886597,0.0023320457|0.0041411556|0.0040173293|0.0015685207|0.002400626|0.0010694268,Type II: 均衡/正常发育簇|Type II: 均衡/正常发育簇|Type II: 均衡/正常发育簇|Type III: 受抑/欠发育弱进液簇|Type II: 均衡/正常发育簇|Type III: 受抑/欠发育弱进液簇,0.08719087392091751,linear,1422.058349609375,63.42831802368164,1.0131266117095947,658.9449462890625,4,0.008221441746915052,0.6640100305023748,0,-1,7.752528003238113e-14,3.012701199622825e-11
39,1,4828.707,0.013719223,0.00010344045,416118.4,1.0,0.015100709,Type I: 优势发育主进液簇,0.03729672729969025,cosine,1424.6051025390625,113.40547180175781,0.9851778745651245,21564.66796875,4,0.01103469001774235,0.641793080388041,0,-1,6.823691324443423e-14,2.3028405848890543e-09
40,2,4803.6333|4842.0435,0.009639808|0.015838142,8.603498e-05|0.00013058013,112994.76|79733.26,0.3972448|0.6027552,0.008598802|0.0130473,Type I: 优势发育主进液簇|Type I: 优势发育主进液簇,0.029677491635084152,linear,1409.646728515625,111.82933807373047,1.4122025966644287,10200.0546875,16,0.00808185826084068,0.6259727159266839,0,-1,6.635610707824216e-14,1.11504050437361e-09
41,4,4686.947|4717.6533|4747.278|4778.4673,0.027102904|0.005|0.00034979117|0.0007932917,0.00029075655|0.0005|9.897435e-06|5.218834e-06,25669.393|140173.02|90915390.0|57643856.0,0.36446923|0.6166249|0.012363103|0.0065427897,0.006168634|0.0104363635|0.00020924526|0.000110736575,Type I: 优势发育主进液簇|Type V: 沟通天然断层/强微裂缝簇|Type IV: 砂堵闭合/未起裂死簇|Type IV: 砂堵闭合/未起裂死簇,0.05577324703335762,linear,1418.6385498046875,179.43019104003906,1.104194164276123,685.0326538085938,8,0.010831190381627498,0.7107457802806773,1,1,7.933102552691931e-14,4.1950443119276315e-11
42,5,4586.7617|4610.4175|4622.422|4646.1177|4687.896,0.021939516|0.0044173673|0.008194031|0.008698383|0.013888227,0.00021727741|6.205695e-05|8.9016685e-05|8.640962e-05|0.00017777328,167105.95|533328.8|398790.3|431896.78|255070.31,0.34322283|0.098305345|0.14093068|0.13679413|0.28074703,0.0065019084|0.0018622663|0.0026697477|0.002591386|0.0053183855,Type II: 均衡/正常发育簇|Type III: 受抑/欠发育弱进液簇|Type III: 受抑/欠发育弱进液簇|Type III: 受抑/欠发育弱进液簇|Type II: 均衡/正常发育簇,0.029305635020136833,cosine,1459.0406494140625,51.679866790771484,1.235896110534668,1020.8433227539062,4,0.011936256240709198,0.6190293888104943,0,-1,7.454010553329532e-14,3.444711182964966e-11
43,4,4565.287|4588.9956|4606.085|4643.2085,0.012124359|0.004237097|0.019408282|0.005226918,0.00014274231|5.563945e-05|0.00017871478|6.5368455e-05,52832.16|92123.2|34602.676|83170.26,0.32258877|0.12578624|0.403853|0.14777201,0.0068839104|0.0026842263|0.008618055|0.0031533933,Type II: 均衡/正常发育簇|Type III: 受抑/欠发育弱进液簇|Type I: 优势发育主进液簇|Type III: 受抑/欠发育弱进液簇,0.07030533999204636,cosine,1497.0828857421875,171.10757446289062,1.3922052383422852,2583.260498046875,8,0.011866986466584644,0.7401614886156962,0,-1,7.722677206924156e-14,1.2187229003757238e-10
44,3,4798.574|4813.6064|4827.2754,0.0028360975|0.014816604|0.008953113,3.2123924e-05|0.00014418401|9.7315664e-05,709615.44|254998.27|454455.38,0.117619365|0.52670825|0.3556724,0.002284659|0.010230873|0.0069086426,Type III: 受抑/欠发育弱进液簇|Type I: 优势发育主进液簇|Type I: 优势发育主进液簇,0.0894598662853241,linear,1442.5400390625,97.32617950439453,1.2672429084777832,5232.3291015625,4,0.010309909472897947,0.733535411491499,0,-1,1.1020539000686572e-13,2.701199264265597e-10
45,5,4695.6274|4716.9683|4753.958|4800.371|4818.4717,0.00068818196|0.015458656|0.03159195|0.010287408|0.009151215,4.995486e-06|8.5125735e-05|0.00019177445|6.569421e-05|6.6785164e-05,96796870.0|99105.15|43423.062|126874.11|128415.195,0.012049174|0.20548426|0.46268222|0.15857662|0.16120774,0.00021783188|0.0037148625|0.008364635|0.0028668393|0.0029144061,Type IV: 砂堵闭合/未起裂死簇|Type II: 均衡/正常发育簇|Type I: 优势发育主进液簇|Type II: 均衡/正常发育簇|Type II: 均衡/正常发育簇,0.04058840498328209,linear,1446.1329345703125,124.28385162353516,1.179455280303955,2092.54443359375,8,0.011167649163952357,0.6239013205072439,0,-1,8.751064651570106e-14,1.1550582712516189e-10
46,6,4736.249|4779.982|4829.11|4868.9097|4909.4966|4950.0,0.020605726|0.01068185|0.010101097|0.022500288|0.00392421|0.0040529687,0.00017196928|8.501595e-05|9.085883e-05|0.00013185621|3.066635e-05|2.9391205e-05,43508.05|82458.87|83228.89|49606.43|128792.086|127744.2,0.31857735|0.15752958|0.16833468|0.24426162|0.0568298|0.054466985,0.0055493037|0.0027440102|0.0029322242|0.004254797|0.0009899192|0.0009487613,Type II: 均衡/正常发育簇|Type II: 均衡/正常发育簇|Type II: 均衡/正常发育簇|Type II: 均衡/正常发育簇|Type III: 受抑/欠发育弱进液簇|Type III: 受抑/欠发育弱进液簇,0.07507550716400146,cosine,1489.6851806640625,189.32635498046875,1.1364253759384155,1290.2711181640625,12,0.00936691786023636,0.6900953711973342,0,-1,1.7447802642782395e-13,1.177795638795942e-10
47,2,4708.426|4724.584,0.015192433|0.00041650573,0.00021183286|8.963641e-06,67918.086|83172664.0,0.95947355|0.040526457,0.016117975|0.00068079465,Type I: 优势发育主进液簇|Type IV: 砂堵闭合/未起裂死簇,0.03957205265760422,linear,1425.85205078125,107.93295288085938,1.095960259437561,5968.9482421875,8,0.010173081257165291,0.705367051040212,0,-1,1.2474400581507367e-13,4.5838532969355583e-10
48,3,4556.6494|4599.9507|4617.005,0.012483244|0.0064443937|0.01637355,0.000121888865|8.314518e-05|0.00016100441,235087.97|336189.97|174106.83,0.3330382|0.22729883|0.43966296,0.005597116|0.0038200358|0.007389076,Type II: 均衡/正常发育簇|Type II: 均衡/正常发育簇|Type I: 优势发育主进液簇,0.07349593937397003,linear,1488.1878662109375,87.70443725585938,1.0964467525482178,2255.9736328125,8,0.009176195221359984,0.6112322282134174,0,-1,8.42267743180955e-14,5.638867150992155e-11
49,2,4569.7646|4606.6553,0.0041641374|0.012376985,5.1762105e-05|0.00015282948,263933.16|125528.09,0.25321537|0.7467846,0.004064985|0.011988483,Type II: 均衡/正常发育簇|Type I: 优势发育主进液簇,0.07930777966976166,linear,1474.7557373046875,113.68122100830078,1.0473363399505615,6333.2265625,6,0.010774182728152634,0.6859761900733206,0,-1,7.974762343543329e-14,0.0
50,4,4532.679|4546.523|4562.664|4594.0176,0.011194319|0.00706833|0.00040596156|0.017218368,0.0015|0.00013364501|7.77096e-06|0.0002926787,137285.4|194913.89|75208930.0|86050.46,0.7518573|0.07650147|0.0044457745|0.1671955,0.009764192|0.0009935064|5.7736215e-05|0.0021713283,Type V: 沟通天然断层/强微裂缝簇|Type III: 受抑/欠发育弱进液簇|Type IV: 砂堵闭合/未起裂死簇|Type II: 均衡/正常发育簇,0.09041865170001984,cosine,1473.516357421875,56.407413482666016,0.8472629189491272,143.2007293701172,8,0.009767557646356015,0.6600004448013244,1,0,1.816637389562975e-13,5.201172825763933e-12
51,3,4586.3574|4611.0737|4629.8413,0.00051433453|0.013390109|0.007697631,8.875758e-06|0.00015122|0.00085158384,98779784.0|244229.31|490945.12,0.00992915|0.16928706|0.8207838,0.00020181459|0.003440838|0.016682813,Type IV: 砂堵闭合/未起裂死簇|Type II: 均衡/正常发育簇|Type V: 沟通天然断层/强微裂缝簇,0.05003809556365013,cosine,1431.1759033203125,115.99565124511719,1.3260436058044434,713.5665893554688,6,0.008541399499937765,0.6797864338909524,1,2,6.554672305142742e-14,1.1937117960769683e-11
52,2,4705.943|4738.5996,0.012819104|0.006980687,0.00011156644|6.162682e-05,250951.3|395999.78,0.6439885|0.3560115,0.011703405|0.0064699086,Type I: 优势发育主进液簇|Type I: 优势发育主进液簇,0.05651937797665596,cosine,1402.894775390625,147.34918212890625,1.1856361627578735,11248.865234375,6,0.009500357447091476,0.6665015596441008,0,-1,6.987264906206311e-14,6.530171958729625e-10
53,3,4878.9575|4904.3726|4925.2,0.00057596475|0.026666384|0.0006686171,5.284826e-06|0.00036984577|2.7593785e-06,96777096.0|158768.95|83976350.0,0.014115137|0.9785078|0.0073770294,0.00025212826|0.017478362|0.00013177043,Type IV: 砂堵闭合/未起裂死簇|Type I: 优势发育主进液簇|Type IV: 砂堵闭合/未起裂死簇,0.07403838634490967,cosine,1463.7227783203125,120.06082916259766,1.165342926979065,2465.367919921875,4,0.010284602364628309,0.689691415208977,0,-1,2.9911935152089966e-14,8.36735125631094e-11
54,1,4614.5205,0.0077162897,8.599764e-05,259875.89,1.0,0.013326229,Type I: 优势发育主进液簇,0.046536024659872055,linear,1421.8370361328125,147.98822021484375,0.8694098591804504,24240.41796875,8,0.008755192871557124,0.6452812614481042,0,-1,5.063754049319108e-14,2.6557245291769505e-10
55,3,4897.6597|4909.8706|4934.165,0.018649476|0.0066449284|0.00088190584,0.00018306322|9.220929e-05|7.788443e-06,23863.078|61520.324|90990440.0,0.6467405|0.32580858|0.027450915,0.009768095|0.004920875|0.00041460706,Type I: 优势发育主进液簇|Type II: 均衡/正常发育簇|Type IV: 砂堵闭合/未起裂死簇,0.003996272571384907,linear,1495.3388671875,54.20296859741211,0.9853650331497192,2949.220458984375,16,0.009427227834036525,0.6254593861873023,0,-1,1.0164679292495524e-13,1.5052137314341962e-10
56,5,4735.978|4785.845|4797.6123|4823.663|4846.62,0.007077864|0.011016226|0.0038729263|0.03609396|0.012144195,7.0858245e-05|0.00010482954|4.3290805e-05|0.00027703805|0.00014816958,777937.75|597694.0|921542.06|222646.34|550505.25,0.11046767|0.16315797|0.06753759|0.42888865|0.22994812,0.0024789877|0.0036614023|0.0015156005|0.009624622|0.0051602297,Type III: 受抑/欠发育弱进液簇|Type II: 均衡/正常发育簇|Type III: 受抑/欠发育弱进液簇|Type I: 优势发育主进液簇|Type II: 均衡/正常发育簇,0.08336380869150162,cosine,1415.5816650390625,127.38623809814453,1.4640518426895142,1452.223876953125,4,0.009852463417154532,0.714943563257235,0,-1,5.179238521347759e-14,9.526957001071423e-11
57,5,4793.0312|4820.292|4855.618|4902.689|4950.0,0.01822002|0.023720847|0.006650034|0.009529776|0.0007351581,0.00013464846|0.0001541596|4.6776997e-05|7.374452e-05|1.4731839e-06,55777.812|36835.785|111390.87|97753.91|97275990.0,0.32774302|0.3752434|0.1138956|0.17953093|0.0035870385,0.0053955833|0.0061775744|0.0018750458|0.0029555901|5.905286e-05,Type II: 均衡/正常发育簇|Type I: 优势发育主进液簇|Type III: 受抑/欠发育弱进液簇|Type II: 均衡/正常发育簇|Type IV: 砂堵闭合/未起裂死簇,0.03893837705254555,linear,1469.2698974609375,81.50809478759766,1.0740443468093872,1741.6617431640625,12,0.009517454366631569,0.6663641380275062,0,-1,7.481413763239103e-14,1.2823875294998288e-10
58,6,4662.9688|4709.925|4743.084|4753.2686|4764.8105|4802.027,0.014243654|0.009011067|0.013748227|0.0034236852|0.00058541086|0.0030221525,0.00013785006|0.00011396917|0.00019844361|7.533284e-05|6.079534e-06|6.819549e-05,713628.06|995849.75|586628.6|1663438.8|99107220.0|1800659.4,0.23005141|0.19021785|0.32953173|0.12593934|0.010192788|0.114066906,0.0042098225|0.0034808887|0.0060302606|0.002304625|0.00018652277|0.0020873656,Type II: 均衡/正常发育簇|Type II: 均衡/正常发育簇|Type II: 均衡/正常发育簇|Type III: 受抑/欠发育弱进液簇|Type IV: 砂堵闭合/未起裂死簇|Type III: 受抑/欠发育弱进液簇,0.008360725827515125,linear,1433.5526123046875,113.53939819335938,1.193867564201355,1122.08984375,4,0.008152237622361218,0.708127734151512,0,-1,1.5262204206608482e-13,1.2732925824820995e-10
59,6,4520.3525|4547.057|4561.793|4603.583|4647.092|4668.468,0.0029082322|0.0075287456|0.012366965|0.014610206|0.019020561|0.010235739,4.1519987e-05|8.862265e-05|0.00017587513|0.00016769535|0.00015201682|0.00096144114,234426.25|184552.2|127571.45|109165.695|104645.53|135278.98,0.027206823|0.05797205|0.11484041|0.10940563|0.099109545|0.59146553,0.00042230202|0.00089983735|0.0017825433|0.001698185|0.00153837|0.009180679,Type IV: 砂堵闭合/未起裂死簇|Type III: 受抑/欠发育弱进液簇|Type III: 受抑/欠发育弱进液簇|Type III: 受抑/欠发育弱进液簇|Type III: 受抑/欠发育弱进液簇|Type V: 沟通天然断层/强微裂缝簇,0.08373647183179855,linear,1401.7587890625,100.1548080444336,1.012657642364502,247.99790954589844,12,0.008278781181584956,0.6515358145179477,1,5,1.659630413783017e-13,2.6432189770275727e-12
60,4,4523.4365|4554.8203|4604.562|4652.9106,0.00024785948|0.015475755|0.02209231|0.0024902546,8.512369e-06|0.00010669794|0.00014899657|2.9345769e-05,57787884.0|439729.66|274868.9|1069482.0,0.029013323|0.36350015|0.5073105|0.10017602,0.0005754848|0.007210095|0.010062601|0.0019870107,Type IV: 砂堵闭合/未起裂死簇|Type I: 优势发育主进液簇|Type I: 优势发育主进液簇|Type III: 受抑/欠发育弱进液簇,0.05865875631570816,cosine,1442.4774169921875,175.4788818359375,1.294057846069336,4837.09912109375,4,0.010018731836354731,0.6491945910248584,0,-1,3.7256618824104207e-14,0.0
61,6,4791.2324|4839.9824|4862.4087|4879.9834|4901.4253|4950.0,0.022658711|0.004174646|0.017587818|0.013987267|0.0046384768|0.012724893,0.00020639886|5.8133613e-05|0.00012265496|0.00015595242|6.039799e-05|0.000117534524,269417.56|614044.8|297754.88|378738.06|627399.9|376728.2,0.2857158|0.08082923|0.17031975|0.21603982|0.08395618|0.16313922,0.00616234|0.001743331|0.0036734692|0.0046595633|0.0018107733|0.003518599,Type II: 均衡/正常发育簇|Type III: 受抑/欠发育弱进液簇|Type II: 均衡/正常发育簇|Type II: 均衡/正常发育簇|Type III: 受抑/欠发育弱进液簇|Type II: 均衡/正常发育簇,0.08428850024938583,linear,1480.2451171875,58.73188400268555,1.4071121215820312,1050.273681640625,4,0.010589408206071196,0.7151021350415219,0,-1,4.101937295690125e-14,2.5920599000528455e-11
62,5,4822.2275|4856.7163|4868.1235|4884.4243|4902.657,0.017895576|0.011617603|0.00070079166|0.0040374924|0.007948552,0.00028103177|0.00018260862|2.8168054e-06|4.6593308e-05|0.0001369268,8236.223|14433.861|90029180.0|28778.086|21007.764,0.4323682|0.28093988|0.004333058|0.07169644|0.21066242,0.00631643|0.004104227|6.3301275e-05|0.0010474072|0.0030775494,Type I: 优势发育主进液簇|Type II: 均衡/正常发育簇|Type IV: 砂堵闭合/未起裂死簇|Type III: 受抑/欠发育弱进液簇|Type II: 均衡/正常发育簇,0.09392529726028442,linear,1446.349609375,150.9618377685547,0.9530929327011108,698.44873046875,16,0.011329949043021573,0.7381894941467277,0,-1,6.49530613756194e-14,2.1600499167107046e-12
63,6,4714.9917|4728.615|4747.6523|4775.166|4822.9937|4848.126,0.017088532|0.03145785|0.00936363|0.000549334|0.008979628|0.0002534606,0.00010305398|0.00016093809|6.836387e-05|9.9533345e-06|5.628296e-05|6.3366097e-06,47723.023|21696.936|78660.27|74314030.0|83923.03|61398388.0,0.25452584|0.39746815|0.16885304|0.024498325|0.13902022|0.015634393,0.004597089|0.0071788244|0.0030497194|0.00044247363|0.0025108973|0.00028237875,Type II: 均衡/正常发育簇|Type I: 优势发育主进液簇|Type II: 均衡/正常发育簇|Type IV: 砂堵闭合/未起裂死簇|Type III: 受抑/欠发育弱进液簇|Type IV: 砂堵闭合/未起裂死簇,0.022847868502140045,linear,1440.5157470703125,97.08918762207031,1.1783336400985718,2150.355224609375,12,0.009528650470550619,0.7425758787530223,0,-1,1.287016419002432e-13,9.367795428261161e-11
64,2,4848.778|4884.282,0.01891229|0.0018630062,0.00012710647|2.57079e-05,162755.03|507447.62,0.83161014|0.16838986,0.018954178|0.003837966,Type I: 优势发育主进液簇|Type II: 均衡/正常发育簇,0.09561092406511307,cosine,1489.1173095703125,172.84779357910156,1.4869710206985474,22569.69140625,4,0.011727308022219234,0.6977529159945297,0,-1,1.0777258940960696e-13,0.0
65,6,4721.657|4757.175|4801.424|4836.6665|4860.5737|4897.0747,0.009009745|0.0050758864|0.0142336795|0.023544524|0.00032353846|0.016212197,8.6126296e-05|3.2641074e-05|0.00010605607|0.00010950426|2.779003e-06|0.000115660594,98208.6|127561.02|66151.86|47833.35|64566470.0|62430.26,0.19025062|0.07211773|0.23422687|0.24185382|0.0061379615|0.255413,0.0042937603|0.0016276228|0.0052862586|0.0054583913|0.00013852745|0.005764408,Type II: 均衡/正常发育簇|Type III: 受抑/欠发育弱进液簇|Type II: 均衡/正常发育簇|Type II: 均衡/正常发育簇|Type IV: 砂堵闭合/未起裂死簇|Type II: 均衡/正常发育簇,0.044247791171073914,cosine,1457.4005126953125,94.85623931884766,1.4724109172821045,2679.013671875,12,0.00963759663836822,0.6235320491166203,0,-1,6.994552777684487e-14,1.0459189070388675e-10
66,3,4574.891|4615.313|4653.639,0.0132763395|0.011603935|0.0051403325,0.00011109775|0.00010581626|4.479109e-05,510740.12|578528.44|943845.5,0.42437497|0.4041579|0.17146713,0.0068324744|0.0065069776|0.0027606357,Type I: 优势发育主进液簇|Type I: 优势发育主进液簇|Type II: 均衡/正常发育簇,0.09022992104291916,cosine,1460.379150390625,61.998390197753906,1.0503778457641602,3916.283935546875,4,0.009709178374538064,0.6653418237457255,0,-1,3.1246401679171226e-14,5.866240826435387e-11
67,1,4635.39,0.008424601,0.00016085214,294774.78,1.0,0.01613365,Type I: 优势发育主进液簇,0.017615575343370438,linear,1415.0009765625,106.72413635253906,1.0525673627853394,10292.8310546875,6,0.0091686547828378,0.7437016300495974,0,-1,9.440438339912427e-14,2.0554580260068178e-10
68,3,4570.3433|4591.2554|4606.491,0.009824186|0.015943397|0.007218931,0.00013940364|0.00013963379|0.00010201816,197981.97|115636.39|228810.73,0.36566356|0.36654904|0.2677874,0.005672535|0.0056862715|0.004154183,Type I: 优势发育主进液簇|Type I: 优势发育主进液簇|Type II: 均衡/正常发育簇,0.09253613650798798,linear,1473.9849853515625,188.67959594726562,1.0120751857757568,1895.6387939453125,8,0.009599679802865416,0.6601867004740808,0,-1,8.834090312840204e-15,8.913048077374697e-11
69,2,4573.528|4606.2544,0.008551629|0.012,8.542341e-05|0.0009655942,225380.31|156473.2,0.08648622|0.9135138,0.0018368623|0.019401925,Type III: 受抑/欠发育弱进液簇|Type V: 沟通天然断层/强微裂缝簇,0.07950258255004883,cosine,1428.650634765625,127.76203155517578,1.3856291770935059,674.1384887695312,8,0.008903068590860225,0.7421561911004528,1,1,7.726658261776251e-14,2.6716406864579767e-11
70,6,4808.366|4830.2183|4847.0103|4864.818|4877.1357|4925.1074,0.011610687|0.029865593|0.014474841|0.008681903|0.00906335|0.005917868,8.067457e-05|0.00022850947|0.00012648125|7.980166e-05|0.00010318245|7.8867466e-05,372026.8|146415.05|312247.88|387544.75|409070.7|446603.28,0.11582619|0.32716987|0.18131915|0.114542134|0.1479608|0.11318188,0.0019209808|0.005426122|0.0030071835|0.0018996847|0.0024539344|0.001877125,Type III: 受抑/欠发育弱进液簇|Type II: 均衡/正常发育簇|Type II: 均衡/正常发育簇|Type III: 受抑/欠发育弱进液簇|Type III: 受抑/欠发育弱进液簇|Type III: 受抑/欠发育弱进液簇,0.05398048460483551,cosine,1438.1942138671875,155.0355682373047,1.0820157527923584,777.141357421875,4,0.011045449645198087,0.7434526276424799,0,-1,8.1166295201867e-14,7.457856554538012e-11
71,2,4765.053|4795.81,0.023048725|0.001654246,0.00011018557|1.633423e-05,76813.22|251026.1,0.8708472|0.12915276,0.018246518|0.002706087,Type I: 优势发育主进液簇|Type III: 受抑/欠发育弱进液簇,0.022449493408203125,linear,1474.8494873046875,111.67219543457031,1.366958498954773,27644.41796875,12,0.00803262208450685,0.7152776141237119,0,-1,6.110104013457712e-14,2.331944415345788e-09
72,5,4788.836|4838.156|4864.6294|4890.7637|4937.6973,0.016635539|0.0003080305|0.025547309|0.010385518|0.007200947,0.00014143821|9.494185e-06|0.00011960658|8.2167964e-05|6.717721e-05,18660.572|70102390.0|16273.122|29968.328|37178.67,0.33688286|0.022544941|0.28487015|0.19570203|0.16000003,0.0050197067|0.00033592977|0.0042446936|0.0029160485|0.0023840724,Type II: 均衡/正常发育簇|Type IV: 砂堵闭合/未起裂死簇|Type II: 均衡/正常发育簇|Type II: 均衡/正常发育簇|Type II: 均衡/正常发育簇,0.08397682011127472,cosine,1432.16015625,145.5342559814453,0.9721128940582275,1448.938232421875,16,0.010578637636817633,0.6854251774562202,0,-1,1.338840063119795e-13,1.5279510989785194e-10
73,3,4884.033|4902.47|4949.1665,0.016838007|0.004130733|0.014221774,0.00019749261|7.228158e-05|0.00014489674,86981.55|178565.73|99892.32,0.47606218|0.1744477|0.34949014,0.010184456|0.0037319807|0.0074766846,Type I: 优势发育主进液簇|Type II: 均衡/正常发育簇|Type II: 均衡/正常发育簇,0.062461428344249725,cosine,1489.755126953125,152.91087341308594,1.3956979513168335,2911.44873046875,6,0.011858644577457562,0.7103712595485506,0,-1,9.000757767146234e-14,0.0
74,6,4594.277|4637.097|4677.0713|4698.5854|4713.2993|4732.833,0.009456439|0.025228871|0.00929724|0.0009873483|0.009478736|0.008612693,7.268178e-05|0.00015048368|8.520786e-05|4.168456e-06|9.315352e-05|9.143785e-05,42458.48|17202.773|45820.39|81911176.0|48190.7|43855.633,0.1462387|0.30270606|0.17139427|0.00838008|0.1873638|0.18391708,0.002582273|0.0053451634|0.0030264687|0.00014797489|0.0033084576|0.0032475954,Type III: 受抑/欠发育弱进液簇|Type II: 均衡/正常发育簇|Type II: 均衡/正常发育簇|Type IV: 砂堵闭合/未起裂死簇|Type II: 均衡/正常发育簇|Type II: 均衡/正常发育簇,0.026739275082945824,cosine,1446.43798828125,95.45272827148438,1.1520124673843384,1416.0963134765625,12,0.010646887911573597,0.7488445449801452,0,-1,4.145747533788012e-14,0.0
75,4,4602.209|4623.5713|4665.083|4690.394,0.008751221|0.018047618|0.0060141217|0.0030442039,0.00015046287|0.00025213065|9.537297e-05|5.786755e-05,165972.94|74128.32|208846.9|267360.97,0.2706878|0.45334473|0.17172268|0.1042448,0.0061654644|0.010325847|0.0039113327|0.0023743869,Type II: 均衡/正常发育簇|Type I: 优势发育主进液簇|Type II: 均衡/正常发育簇|Type III: 受抑/欠发育弱进液簇,0.09139657020568848,cosine,1478.6885986328125,114.81997680664062,1.4859849214553833,1896.39404296875,8,0.010113117216213127,0.6171055183164675,0,-1,3.8537512211337527e-14,1.2505552149377763e-11
76,6,4698.507|4738.495|4758.8|4803.4644|4843.3066|4888.735,0.00079519575|0.0026924375|0.00036122798|0.018905409|0.00942268|0.012137784,5.7845164e-06|4.6395115e-05|8.992528e-06|0.00028415018|0.00010457567|0.0001346982,73806690.0|221215.38|90587620.0|41149.684|127469.49|103389.27,0.009901105|0.07946969|0.015348952|0.4858483|0.17897011|0.23046182,0.00014434913|0.0011585959|0.0002237738|0.007083228|0.002609222|0.0033599243,Type IV: 砂堵闭合/未起裂死簇|Type III: 受抑/欠发育弱进液簇|Type IV: 砂堵闭合/未起裂死簇|Type I: 优势发育主进液簇|Type II: 均衡/正常发育簇|Type II: 均衡/正常发育簇,0.039852242916822433,linear,1444.026611328125,80.85676574707031,0.9511473774909973,745.8682250976562,8,0.010041383590362071,0.6909045277324941,0,-1,3.629105547434293e-14,0.0
77,5,4645.7|4662.4653|4680.9365|4694.536|4709.341,0.011951892|0.009976453|0.017603887|0.00453911|0.005,0.00017057841|0.0001469913|0.0002779529|5.5653556e-05|0.0005,834215.4|1033942.75|592517.0|1658723.9|1775337.8,0.15947133|0.13751388|0.2570451|0.052494098|0.3934756,0.0020774945|0.0017914464|0.0033486255|0.0006838608|0.005125958,Type II: 均衡/正常发育簇|Type III: 受抑/欠发育弱进液簇|Type II: 均衡/正常发育簇|Type III: 受抑/欠发育弱进液簇|Type V: 沟通天然断层/强微裂缝簇,0.002967736916616559,linear,1463.4534912109375,154.5521697998047,0.8499131798744202,338.7935791015625,4,0.008411836212158857,0.6928833985308707,1,4,1.6378650551703705e-13,0.0
78,1,4589.209,0.009678341,0.00057747256,77196.6,1.0,0.0155634275,Type V: 沟通天然断层/强微裂缝簇,0.0941794291138649,cosine,1439.6177978515625,197.01129150390625,1.0153658390045166,987.3289184570312,12,0.009111660722910753,0.7352166807434793,1,0,1.161429215605289e-13,1.7053025658242404e-12
79,5,4677.185|4690.654|4709.5483|4737.187|4776.9033,0.0087358765|0.019827953|0.01332835|0.017931562|0.00027615004,0.0001004613|0.0002120761|9.6969954e-05|0.00019565555|1.0051132e-06,127437.55|80053.04|121322.586|85873.33|71597280.0,0.16586418|0.34971315|0.16009428|0.32266814|0.0016602589,0.0035105401|0.007401731|0.0033884193|0.0068293186|3.5139623e-05,Type II: 均衡/正常发育簇|Type II: 均衡/正常发育簇|Type II: 均衡/正常发育簇|Type II: 均衡/正常发育簇|Type IV: 砂堵闭合/未起裂死簇,0.017528178170323372,cosine,1436.2135009765625,140.93394470214844,1.3808249235153198,1448.147705078125,6,0.01197156287083554,0.6840487041556998,0,-1,1.335969502342868e-13,3.9108272176235914e-11
80,5,4825.806|4866.576|4905.9146|4917.2007|4950.0,0.008347415|0.0135756945|0.010441451|0.026444143|0.005728289,7.2813506e-05|0.00013014102|7.9547004e-05|0.00019118711|5.1103336e-05,779501.3|567987.2|595775.4|280789.25|885254.6,0.13900712|0.24773239|0.15185113|0.36378637|0.09762299,0.0031081475|0.005539204|0.0033953348|0.008134128|0.0021828136,Type III: 受抑/欠发育弱进液簇|Type II: 均衡/正常发育簇|Type II: 均衡/正常发育簇|Type I: 优势发育主进液簇|Type III: 受抑/欠发育弱进液簇,0.012875152751803398,cosine,1468.74853515625,94.84932708740234,1.4587533473968506,2021.7308349609375,4,0.009887061859398236,0.6852567153339937,0,-1,2.0016372795903827e-14,1.1505107977427542e-10
81,4,4505.729|4555.47|4605.081|4636.152,0.003622503|0.0006044023|0.048024982|0.0004645416,3.9816932e-05|6.7300325e-06|0.0002454888|2.1450337e-06,64750.055|70416150.0|7687.685|59435612.0,0.13538851|0.022847248|0.8344721|0.0072921473,0.002909418|0.0004909737|0.017932305|0.00015670389,Type III: 受抑/欠发育弱进液簇|Type IV: 砂堵闭合/未起裂死簇|Type I: 优势发育主进液簇|Type IV: 砂堵闭合/未起裂死簇,0.041847266256809235,linear,1498.9652099609375,105.52207946777344,1.4019793272018433,5529.2060546875,12,0.011884417460474465,0.6183492580786716,0,-1,6.829301393059678e-14,3.828972694464028e-10
82,2,4859.6587|4903.6797,0.011319189|0.010062425,0.00010827126|7.513833e-05,112072.66|130407.95,0.5902565|0.4097435,0.008681042|0.006026194,Type I: 优势发育主进液簇|Type I: 优势发育主进液簇,0.013415558263659477,cosine,1452.6915283203125,171.02186584472656,0.9595074653625488,6650.9580078125,8,0.010502412239729008,0.6586087762423867,0,-1,1.586432130410917e-13,7.685230229981244e-10
83,4,4641.4634|4652.332|4696.2837|4712.4995,0.010499612|0.021400984|0.000727989|0.0078014242,8.7833316e-05|0.00019730692|7.5233515e-06|6.379818e-05,107222.38|51616.355|79971340.0|116335.516,0.24648863|0.5533717|0.021073613|0.17906602,0.0041985926|0.009425921|0.00035895983|0.0030501417,Type II: 均衡/正常发育簇|Type I: 优势发育主进液簇|Type IV: 砂堵闭合/未起裂死簇|Type II: 均衡/正常发育簇,0.03665906563401222,cosine,1473.6424560546875,63.92947769165039,1.1112816333770752,2405.5146484375,12,0.008488005026519732,0.7381055456914483,0,-1,8.147294399866263e-16,1.000444171950221e-10
84,1,4790.801,0.008876885,0.00011372769,694647.7,1.0,0.017382806,Type I: 优势发育主进液簇,0.035096075385808945,cosine,1486.4635009765625,197.27984619140625,1.1340630054473877,23827.763671875,6,0.008046430523628313,0.6213127051859572,0,-1,5.987721643919801e-15,1.6589183360338211e-09
85,2,4668.373|4695.9404,0.020263327|0.0035840285,0.0001514507|4.639879e-05,68341.086|178934.95,0.7653786|0.23462139,0.0143980505|0.0044136206,Type I: 优势发育主进液簇|Type II: 均衡/正常发育簇,0.05039925128221512,cosine,1487.904052734375,109.18694305419922,1.2272828817367554,9228.072265625,12,0.008518186880333999,0.7085048189602572,0,-1,1.3869177887312206e-13,1.127773430198431e-09
86,5,4575.699|4594.643|4622.8384|4649.396|4666.4624,0.0009761613|0.013977769|0.023569569|0.0006917894|0.016245158,9.15312e-06|0.0001480831|0.00033230297|4.7552826e-06|0.00013255268,98535510.0|38796.2|15771.215|78592100.0|31843.963,0.014555435|0.2363198|0.53000516|0.007584198|0.21153542,0.00032305066|0.005245001|0.011763202|0.00016832752|0.004694924,Type IV: 砂堵闭合/未起裂死簇|Type II: 均衡/正常发育簇|Type I: 优势发育主进液簇|Type IV: 砂堵闭合/未起裂死簇|Type II: 均衡/正常发育簇,0.07957783341407776,linear,1429.947021484375,176.16363525390625,1.4479806423187256,1522.9630126953125,16,0.009388412012804909,0.7375147354324679,0,-1,1.1145622050073509e-13,2.2737367544323206e-13
87,6,4638.103|4651.104|4690.295|4734.254|4763.153|4793.546,0.0004063152|0.0051596654|0.012978014|0.02247796|0.023667997|0.007660459,7.236339e-06|3.6552196e-05|9.211986e-05|0.00022627522|0.00016809092|6.746158e-05,99365630.0|211903.42|130301.75|70813.6|74956.445|171976.77,0.012094505|0.061236374|0.15422855|0.37828633|0.2812161|0.11293812,0.00027411178|0.0013878708|0.0034954601|0.0085735405|0.006373526|0.0025596472,Type IV: 砂堵闭合/未起裂死簇|Type III: 受抑/欠发育弱进液簇|Type II: 均衡/正常发育簇|Type I: 优势发育主进液簇|Type II: 均衡/正常发育簇|Type III: 受抑/欠发育弱进液簇,0.01687430962920189,cosine,1411.7125244140625,54.4766845703125,1.478621006011963,1592.82275390625,6,0.01185080246683394,0.6545637941907559,0,-1,2.17374708998911e-14,7.412381819449365e-11
88,3,4785.087|4815.8896|4859.5986,0.019024272|0.00061750115|0.0019636275,0.00022960072|3.516727e-06|2.155197e-05,61121.605|51602180.0|333066.9,0.9014309|0.013824762|0.08474435,0.020270744|0.00031088153|0.0019056713,Type I: 优势发育主进液簇|Type IV: 砂堵闭合/未起裂死簇|Type III: 受抑/欠发育弱进液簇,0.02388959378004074,linear,1423.5325927734375,150.35079956054688,1.4670826196670532,8067.5517578125,8,0.009644864703562498,0.6323342420612124,0,-1,4.366258331452155e-14,2.828528522513807e-10
89,1,4700.874,0.011873457,0.0010499104,63268.637,1.0,0.013428266,Type V: 沟通天然断层/强微裂缝簇,0.056560028344392776,linear,1431.6044921875,186.70205688476562,0.8760668635368347,396.3873291015625,12,0.009951259282620186,0.6771656743899394,1,0,4.896091331300055e-14,1.722355591482483e-11
90,2,4565.795|4597.0127,0.0052382653|0.01196433,7.534372e-05|0.00013811875,214538.11|116788.79,0.35307798|0.64692205,0.0044122604|0.008084301,Type I: 优势发育主进液簇|Type I: 优势发育主进液簇,0.07524645328521729,linear,1450.3934326171875,199.81309509277344,0.8152819871902466,3662.738525390625,8,0.009868160901910682,0.6541345495973805,0,-1,2.80408444538029e-14,2.6557245291769505e-10
91,3,4519.018|4560.52|4595.8145,0.01605046|0.010342705|0.011820045,0.000102417966|0.00087982864|0.00012830526,15678.081|18432.246|16552.703,0.09280628|0.79103464|0.1161591,0.0021148736|0.01802613|0.0026470383,Type III: 受抑/欠发育弱进液簇|Type V: 沟通天然断层/强微裂缝簇|Type III: 受抑/欠发育弱进液簇,0.06710105389356613,linear,1423.8302001953125,94.54092407226562,1.4867033958435059,615.5371704101562,16,0.0114797961580697,0.7442832599447626,1,1,1.5818626248297052e-13,8.253664418589324e-11
92,2,4547.117|4562.354,0.0105777|0.01557614,8.001121e-05|0.00012143793,37477.312|28242.03,0.39720044|0.6027996,0.0050910246|0.0077262437,Type I: 优势发育主进液簇|Type I: 优势发育主进液簇,0.03877898305654526,linear,1460.2999267578125,183.07058715820312,0.8362050652503967,4263.3095703125,12,0.011386333561467723,0.7252497508938488,0,-1,4.371568550405082e-14,3.2105162972584367e-10
93,5,4612.5967|4640.527|4661.7065|4705.9253|4731.521,0.018182611|0.009428665|0.007764577|0.004768586|0.01871682,0.00014128322|0.00010424179|9.394132e-05|5.1625608e-05|0.00014842722,47731.605|64173.027|82182.16|97516.67|40504.316,0.26187354|0.1932231|0.17412128|0.09570731|0.27507478,0.004702393|0.0034696558|0.0031266492|0.0017185906|0.0049394444,Type II: 均衡/正常发育簇|Type II: 均衡/正常发育簇|Type II: 均衡/正常发育簇|Type III: 受抑/欠发育弱进液簇|Type II: 均衡/正常发育簇,0.09056202322244644,cosine,1465.8677978515625,184.5109405517578,1.1715062856674194,1353.649169921875,16,0.009022274691919414,0.617882912829371,0,-1,8.926370656092003e-14,3.410605131648481e-11
94,4,4762.703|4782.2417|4822.126|4837.356,0.010826634|0.00484091|0.017396882|0.010045091,8.538332e-05|4.449896e-05|0.00011433812|9.882701e-05,110982.875|158071.45|62664.83|93814.43,0.24890365|0.12974906|0.333288|0.28805926,0.0052071773|0.0027144093|0.006972537|0.0060263304,Type II: 均衡/正常发育簇|Type III: 受抑/欠发育弱进液簇|Type II: 均衡/正常发育簇|Type II: 均衡/正常发育簇,0.04370035603642464,linear,1402.3538818359375,145.84271240234375,1.364861011505127,3952.27880859375,16,0.008091086988498147,0.6068503896386918,0,-1,5.638558061215812e-14,2.4010660126805305e-10
95,5,4804.515|4825.6895|4843.407|4868.5522|4893.959,0.005551354|0.012|0.02801499|0.01315365|0.0039967834,5.6103665e-05|0.001312313|0.00023970775|9.5058436e-05|6.320096e-05,212788.08|127633.016|57312.516|144540.19|218732.16,0.034197606|0.72371846|0.145753|0.057856213|0.038474724,0.0005437322|0.011506917|0.0023174312|0.0009198973|0.00061173714,Type IV: 砂堵闭合/未起裂死簇|Type V: 沟通天然断层/强微裂缝簇|Type III: 受抑/欠发育弱进液簇|Type III: 受抑/欠发育弱进液簇|Type IV: 砂堵闭合/未起裂死簇,0.08346231281757355,linear,1417.6968994140625,144.1717529296875,1.037305474281311,287.5791931152344,6,0.011931447178513447,0.6435121765209704,1,1,1.8525869586224347e-13,9.43600753089413e-12
96,1,4826.356,0.011469563,8.8939945e-05,94170.4,1.0,0.013263074,Type I: 优势发育主进液簇,0.03255707770586014,linear,1400.7147216796875,63.79928970336914,0.8652896285057068,22353.076171875,12,0.009333723151798277,0.6275114706925851,0,-1,8.828559357101223e-14,5.966285243630409e-10
97,1,4610.1523,0.012537098,8.845211e-05,737477.5,1.0,0.015222854,Type I: 优势发育主进液簇,0.05072047933936119,linear,1498.5396728515625,136.1818389892578,0.9931467175483704,29969.984375,4,0.009588578033832838,0.6382118604774368,0,-1,3.224932257003821e-14,2.015440259128809e-09
98,5,4705.206|4731.916|4752.211|4782.318|4798.39,0.00031368315|0.0008545819|0.0030179936|0.00581244|0.0320676,5.7381408e-06|6.2574595e-06|5.8432066e-05|5.650172e-05|0.00024393304,58498930.0|63172464.0|142548.92|120516.32|19543.014,0.015467813|0.016861904|0.15760414|0.15239683|0.6576693,0.00024807843|0.00027043736|0.0025277128|0.0024441958|0.01054794,Type IV: 砂堵闭合/未起裂死簇|Type IV: 砂堵闭合/未起裂死簇|Type II: 均衡/正常发育簇|Type II: 均衡/正常发育簇|Type I: 优势发育主进液簇,0.056062497198581696,cosine,1442.358642578125,69.91754913330078,1.0463509559631348,1991.869140625,12,0.008974726403528687,0.7213801179716638,0,-1,3.504412133203093e-14,0.0
99,2,4574.673|4587.374,0.0036257894|0.017666722,3.7654845e-05|0.0001486123,418407.22|154440.25,0.20238288|0.79761714,0.0035940057|0.014164442,Type II: 均衡/正常发育簇|Type I: 优势发育主进液簇,0.09712604433298111,cosine,1458.8292236328125,112.89122009277344,1.1585700511932373,9286.732421875,6,0.009718614085378371,0.7192471448778274,0,-1,1.4418219222711581e-13,4.711182555183768e-10
100,5,4689.7046|4717.9185|4762.82|4792.1147|4839.0093,0.019601699|0.0004712127|0.0009598811|0.012397621|0.006247183,0.0001769111|6.8991344e-06|7.73663e-06|0.00012695297|7.055311e-05,15873.665|54701060.0|93813360.0|24258.441|46821.51,0.45475763|0.017715402|0.01983534|0.32632548|0.18136613,0.0060045915|0.00023391307|0.00026190458|0.0043087816|0.0023947472,Type I: 优势发育主进液簇|Type IV: 砂堵闭合/未起裂死簇|Type IV: 砂堵闭合/未起裂死簇|Type II: 均衡/正常发育簇|Type II: 均衡/正常发育簇,0.040412887930870056,cosine,1494.78271484375,167.34603881835938,0.8614315390586853,1353.4127197265625,16,0.009549624677807886,0.746681096048738,0,-1,6.568962767402459e-14,1.8189894035458565e-11
101,3,4776.597|4789.0225|4813.7773,0.0044101994|0.0068271155|0.02028624,6.0236634e-05|9.004222e-05|0.00024015218,102470.305|88057.25|36262.473,0.15437637|0.23071712|0.6149065,0.0023146446|0.0034592608|0.00921961,Type II: 均衡/正常发育簇|Type II: 均衡/正常发育簇|Type I: 优势发育主进液簇,0.03267960250377655,linear,1402.01025390625,97.83096313476562,0.9781845211982727,1618.7083740234375,12,0.00979193368079241,0.6765010373127104,0,-1,8.295564213854634e-14,7.207745511550456e-11
102,2,4639.248|4685.6396,0.011058365|0.01463592,9.192232e-05|0.00012129821,311616.6|266257.6,0.43127418|0.5687258,0.008961039|0.011817017,Type I: 优势发育主进液簇|Type I: 优势发育主进液簇,0.06231844425201416,cosine,1417.93359375,142.0557861328125,1.3555707931518555,9751.26171875,6,0.009374907251233997,0.7181924220455442,0,-1,5.5937127488563804e-14,4.019966581836343e-10
103,3,4597.6655|4641.364|4686.126,0.02219022|0.0053301896|0.0070094536,0.00013192842|3.4574336e-05|6.1413746e-05,457671.22|1467671.0|1224824.1,0.5783172|0.1520268|0.26965597,0.0073175635|0.0019236255|0.0034120108,Type I: 优势发育主进液簇|Type II: 均衡/正常发育簇|Type II: 均衡/正常发育簇,0.06925102323293686,cosine,1485.044677734375,108.40838623046875,0.8255011439323425,3239.608642578125,4,0.008603074877841253,0.7204689167253144,0,-1,6.320200032815596e-14,2.878550731111318e-10
104,5,4774.2417|4792.2334|4813.926|4862.8086|4901.1357,0.00045971494|0.0006785343|0.016720612|0.019745618|0.008262975,5.6954277e-06|9.083081e-06|0.00014870425|0.00017092805|7.844439e-05,71557544.0|99750470.0|149253.27|132080.72|318649.62,0.0138047105|0.02194993|0.36021024|0.4139029|0.19013222,0.00025970713|0.0004129426|0.0067766123|0.007786729|0.0035769453,Type IV: 砂堵闭合/未起裂死簇|Type IV: 砂堵闭合/未起裂死簇|Type I: 优势发育主进液簇|Type I: 优势发育主进液簇|Type II: 均衡/正常发育簇,0.036271147429943085,cosine,1416.74853515625,183.287109375,1.2273653745651245,2335.8134765625,6,0.009461732248818723,0.7350362366644223,0,-1,1.2835503601822673e-13,1.4142642612569034e-10
105,1,4740.395,0.012,0.0005,60901.137,1.0,0.017587267,Type V: 沟通天然断层/强微裂缝簇,0.04332049563527107,cosine,1430.6317138671875,172.3407440185547,1.1474021673202515,1487.906982421875,12,0.010118368154278558,0.6668858892055366,1,0,5.3657548375199773e-14,1.0322764865122736e-10
106,2,4861.14|4879.065,0.0059300824|0.01323902,9.909825e-05|0.00019760421,161833.14|91481.78,0.334222|0.665778,0.0061554387|0.012261777,Type II: 均衡/正常发育簇|Type I: 优势发育主进液簇,0.010387334041297436,linear,1400.552978515625,91.21817779541016,1.201548457145691,4022.35400390625,8,0.010147201832028403,0.7092211525709163,0,-1,7.064273753638883e-14,2.319211489520967e-10
107,5,4818.9067|4851.616|4864.382|4881.195|4893.9604,0.00060052867|0.020301064|0.00058211904|0.021242812|0.016176654,9.901827e-06|0.00019468411|8.977014e-06|0.00019276675|0.00022415294,57506476.0|48469.914|83260696.0|43027.293|59873.58,0.015684284|0.30888116|0.01420753|0.30584234|0.35538465,0.00031481715|0.0061999066|0.00028517554|0.006138911|0.007133331,Type IV: 砂堵闭合/未起裂死簇|Type II: 均衡/正常发育簇|Type IV: 砂堵闭合/未起裂死簇|Type II: 均衡/正常发育簇|Type I: 优势发育主进液簇,0.06937147676944733,linear,1428.343017578125,74.03255462646484,1.3095166683197021,1169.03271484375,16,0.008581931922052602,0.616088742538422,0,-1,1.2790816684624378e-14,4.069988790433854e-11
108,3,4697.558|4726.0474|4749.123,0.0008098011|0.037721265|0.00067370624,9.884677e-06|0.00032681556|7.804678e-06,52244016.0|29937.06|67960216.0,0.028668076|0.94868696|0.022644948,0.00044550147|0.014742581|0.00035190216,Type IV: 砂堵闭合/未起裂死簇|Type I: 优势发育主进液簇|Type IV: 砂堵闭合/未起裂死簇,0.03794030845165253,cosine,1428.9976806640625,157.13845825195312,1.01383638381958,2244.991455078125,12,0.009224807610256727,0.6487350206284259,0,-1,6.27358814854137e-14,6.684786058031023e-11
109,4,4761.6084|4795.416|4845.0654|4865.3706,0.0077772737|0.014364729|0.014826635|0.007719755,0.000107809305|0.000117983574|0.00017709166|9.4787916e-05,142056.31|95327.35|75713.82|151570.66,0.21666811|0.23712866|0.3557131|0.19049011,0.0030973733|0.0033898663|0.0050850874|0.0027231465,Type II: 均衡/正常发育簇|Type II: 均衡/正常发育簇|Type I: 优势发育主进液簇|Type II: 均衡/正常发育簇,0.06636779010295868,linear,1428.5418701171875,161.80868530273438,0.9326438903808594,1028.326904296875,8,0.010204449715646048,0.7337408055167775,0,-1,5.533457196680962e-14,4.5702108764089644e-11
110,3,4681.036|4712.1416|4724.837,0.009467289|0.01801146|0.000668941,0.00011220557|0.00022309694|3.9021697e-06,116818.234|57152.94|84863680.0,0.3309462|0.65754384|0.011509957,0.0073656947|0.014634605|0.000256171,Type II: 均衡/正常发育簇|Type I: 优势发育主进液簇|Type IV: 砂堵闭合/未起裂死簇,0.02021239697933197,linear,1419.8868408203125,143.84088134765625,1.4520233869552612,4552.84521484375,12,0.008930129438973493,0.6298204886728874,0,-1,1.2782558960421596e-14,1.90084392670542e-10
111,2,4579.135|4612.6357,0.008645652|0.015854755,5.4436103e-05|9.899877e-05,342109.22|237766.3,0.35493514|0.64506483,0.006882345|0.012508085,Type I: 优势发育主进液簇|Type I: 优势发育主进液簇,0.08085939288139343,cosine,1416.3118896484375,72.08697509765625,1.2650413513183594,16142.4248046875,8,0.008000180406432578,0.7460634604881962,0,-1,4.0795068468072945e-14,5.420588422566652e-10
112,4,4628.689|4673.6084|4710.7705|4724.3867,0.027022969|0.00933184|0.0009553149|0.009302665,0.0002055168|0.000101650825|5.5463806e-06|0.000107318156,60252.15|198184.52|61742010.0|170940.12,0.4892335|0.24202971|0.013206721|0.2555301,0.0071630953|0.0035436696|0.00019336575|0.003741335,Type I: 优势发育主进液簇|Type II: 均衡/正常发育簇|Type IV: 砂堵闭合/未起裂死簇|Type II: 均衡/正常发育簇,0.01018860936164856,linear,1443.7518310546875,141.79322814941406,0.9552165865898132,1400.1790771484375,8,0.009769911950794534,0.6818297375038129,0,-1,6.279449531833075e-15,1.0390976967755705e-10
113,5,4563.2163|4605.8457|4631.179|4672.0796|4714.1875,0.000960397|0.025833992|0.006412511|0.019415382|0.0005358123,8.462354e-06|0.0002918297|8.316562e-05|0.00023712579|2.075036e-06,63859908.0|435104.47|1616267.4|717836.8|54837644.0,0.013794569|0.46806118|0.13507687|0.3796789|0.0033884766,0.0002592407|0.008796252|0.0025384936|0.007135289|6.367949e-05,Type IV: 砂堵闭合/未起裂死簇|Type I: 优势发育主进液簇|Type III: 受抑/欠发育弱进液簇|Type I: 优势发育主进液簇|Type IV: 砂堵闭合/未起裂死簇,0.09787194430828094,cosine,1488.412353515625,119.7852783203125,1.2260618209838867,1127.80712890625,4,0.008331557231703882,0.6692621345564176,0,-1,1.1815310862128229e-14,5.866240826435387e-11
114,3,4590.8394|4610.1484|4653.6143,0.008535968|0.015348215|0.0066396766,0.00011022581|0.00018223315|0.00010293234,862106.0|472927.97|869596.3,0.2790697|0.46017414|0.26075616,0.004100843|0.006762117|0.0038317314,Type II: 均衡/正常发育簇|Type I: 优势发育主进液簇|Type II: 均衡/正常发育簇,0.06178774684667587,linear,1419.044677734375,101.40432739257812,0.9586890339851379,1540.487548828125,4,0.009756188003468929,0.6310392266789245,0,-1,1.273770585535905e-13,0.0
115,2,4742.3613|4779.981,0.016711053|0.0060229334,0.00014911371|6.766059e-05,287085.3|558627.25,0.68746716|0.31253284,0.015497025|0.0070451796,Type I: 优势发育主进液簇|Type II: 均衡/正常发育簇,0.07202094048261642,cosine,1418.5147705078125,132.1759490966797,1.4706648588180542,11099.150390625,4,0.010733830542390792,0.6989752033014949,0,-1,4.432577623090378e-14,1.051375875249505e-09
116,5,4722.1665|4743.925|4775.657|4805.6284|4841.378,0.0096443|0.010154156|0.0112613095|0.010038|0.0047352016,0.00010235768|0.00011344314|0.00013621038|0.00011381539|7.07708e-05,62594.875|56181.715|44831.97|59590.12|77708.66,0.19078031|0.21141699|0.25381562|0.21208638|0.13190068,0.0029232523|0.00323946|0.0038891179|0.0032497167|0.0020210627,Type II: 均衡/正常发育簇|Type II: 均衡/正常发育簇|Type II: 均衡/正常发育簇|Type II: 均衡/正常发育簇|Type III: 受抑/欠发育弱进液簇,0.07601269334554672,cosine,1463.1793212890625,59.63414764404297,0.9996547698974609,920.9603881835938,16,0.008562514989451648,0.712289271755336,0,-1,4.132286147377068e-14,7.16227077646181e-11
117,1,4614.0234,0.012146056,0.00010385359,38310.61,1.0,0.013574431,Type I: 优势发育主进液簇,0.0918922871351242,cosine,1457.15869140625,164.42308044433594,0.8856026530265808,17290.68359375,16,0.0094555984174174,0.7262603190283273,0,-1,9.469495635761396e-14,1.7680577002465725e-09
118,1,4695.02,0.0108098155,0.00010112296,383952.03,1.0,0.017039716,Type I: 优势发育主进液簇,0.05745868757367134,linear,1443.4752197265625,135.12037658691406,1.1116796731948853,28695.861328125,4,0.011548594661402392,0.6075188137290216,0,-1,1.4252659179280792e-14,6.039044819772243e-10
119,1,4645.102,0.010801809,8.8650384e-05,103030.63,1.0,0.013597186,Type I: 优势发育主进液簇,0.019122937694191933,cosine,1461.64697265625,176.37640380859375,0.8870872855186462,23755.947265625,12,0.008452448044685578,0.7398333961930008,0,-1,4.1590947401576664e-14,4.911271389573812e-10
120,6,4692.1855|4718.6333|4755.3296|4783.599|4823.738|4835.001,0.000967677|0.0059204893|0.011744624|0.0004308424|0.022792533|0.010957899,3.0550261e-06|7.1289e-05|8.272007e-05|3.1718291e-06|0.000176837|0.00011320737,96591220.0|402655.78|267419.8|54121400.0|129284.06|272146.7,0.006794145|0.15843359|0.1838384|0.0070532984|0.3925253|0.2513553,0.00012808584|0.0029868511|0.0034657924|0.0001329715|0.007400038|0.004738647,Type IV: 砂堵闭合/未起裂死簇|Type II: 均衡/正常发育簇|Type II: 均衡/正常发育簇|Type IV: 砂堵闭合/未起裂死簇|Type I: 优势发育主进液簇|Type II: 均衡/正常发育簇,0.05167495459318161,linear,1488.68359375,105.05702209472656,1.2299391031265259,1931.9552001953125,4,0.011747497344588527,0.6420071625426231,0,-1,8.796741411470563e-14,3.979039320256561e-11
121,4,4875.909|4903.0527|4931.629|4950.0,0.010739735|0.013432231|0.014198328|0.010520705,0.00010888761|0.00010797483|0.00019655784|8.735254e-05,23725.26|18504.44|15311.326|21455.396,0.21746974|0.2156346|0.39244977|0.1744459,0.0031295803|0.003103171|0.0056476966|0.0025104294,Type II: 均衡/正常发育簇|Type II: 均衡/正常发育簇|Type I: 优势发育主进液簇|Type II: 均衡/正常发育簇,0.06116693466901779,linear,1482.0391845703125,156.15176391601562,0.9388680458068848,1023.6743774414062,16,0.011083879781684954,0.743082157003389,0,-1,7.678606421491693e-14,5.900346877751872e-11
122,5,4689.014|4703.2515|4722.2827|4765.9106|4791.7725,0.017666288|0.0005775046|0.009529473|0.014179607|0.002318477,0.0002170247|6.2379922e-06|0.000108694934|0.00014387704|5.4798667e-05,247114.84|75049160.0|589089.44|441519.62|983459.9,0.4084788|0.011791588|0.20504461|0.27110937|0.10357562,0.0060869805|0.00017571331|0.0030554892|0.0040399586|0.0015434405,Type I: 优势发育主进液簇|Type IV: 砂堵闭合/未起裂死簇|Type II: 均衡/正常发育簇|Type II: 均衡/正常发育簇|Type III: 受抑/欠发育弱进液簇,0.041141342371702194,cosine,1406.153076171875,186.23875427246094,0.9721866846084595,1024.51220703125,6,0.00850325104422154,0.616201709415222,0,-1,9.266398141426907e-14,6.548361852765083e-11
123,5,4801.939|4818.0786|4851.3857|4872.7983|4912.365,0.017915942|0.0070005106|0.012611362|0.0143858995|0.010768887,0.00016445677|6.664021e-05|9.43062e-05|0.000113953145|8.9592635e-05,265729.5|483584.56|363577.34|325061.3|362099.5,0.31051674|0.12613633|0.17839496|0.2154502|0.16950178,0.0060445704|0.0024553908|0.003472666|0.004193989|0.00329955,Type II: 均衡/正常发育簇|Type III: 受抑/欠发育弱进液簇|Type II: 均衡/正常发育簇|Type II: 均衡/正常发育簇|Type II: 均衡/正常发育簇,0.06492020189762115,linear,1441.2249755859375,175.60659790039062,1.2699824571609497,1609.829345703125,6,0.009319799573241212,0.6528986394484784,0,-1,1.1567100901242744e-13,1.2369127944111824e-10
124,4,4656.4824|4685.2188|4730.918|4750.116,0.0008459579|0.021322122|0.0052813143|0.0063480274,4.197534e-06|0.00016269567|6.54261e-05|7.166512e-05,70517064.0|186821.5|659252.2|604927.75,0.01382822|0.53496385|0.21535297|0.23585498,0.00026493907|0.010249535|0.0041260133|0.004518817,Type IV: 砂堵闭合/未起裂死簇|Type I: 优势发育主进液簇|Type II: 均衡/正常发育簇|Type II: 均衡/正常发育簇,0.020609544590115547,linear,1402.171875,163.25099182128906,1.2499626874923706,4221.21630859375,4,0.01014224804158832,0.7128541479526104,0,-1,1.383483171774058e-13,3.9199221646413207e-10
125,2,4542.375|4552.4834,0.01598384|0.009405743,0.00019267239|7.456257e-05,96281.37|144408.5,0.720707|0.27929303,0.0131295975|0.0050880667,Type I: 优势发育主进液簇|Type II: 均衡/正常发育簇,0.02237122692167759,cosine,1406.4681396484375,174.51171875,1.18852961063385,4895.89697265625,6,0.01181939069315937,0.7065551575780454,0,-1,1.809219007248286e-14,3.001332515850663e-10
126,2,4850.51|4894.2856,0.008679306|0.0074577043,0.00014988927|8.0145786e-05,945982.9|1333262.1,0.65017396|0.34982607,0.013308017|0.007160378,Type I: 优势发育主进液簇|Type II: 均衡/正常发育簇,0.006775664631277323,cosine,1449.38232421875,71.69859313964844,1.3353683948516846,8204.2099609375,4,0.008261601218573136,0.7022290824040861,0,-1,4.6274219672e-14,1.5279510989785194e-10
127,5,4806.0894|4849.585|4862.8164|4908.099|4950.0,0.014936718|0.014101344|0.00288599|0.026408214|0.0002391003,9.8797245e-05|0.00010844948|3.60992e-05|0.00016904308|7.786815e-06,31645.664|29625.627|54937.812|15234.132|67736264.0,0.23516709|0.25811344|0.08592816|0.40229392|0.018497387,0.004645992|0.005099323|0.0016976079|0.007947772|0.00036543683,Type II: 均衡/正常发育簇|Type II: 均衡/正常发育簇|Type III: 受抑/欠发育弱进液簇|Type I: 优势发育主进液簇|Type IV: 砂堵闭合/未起裂死簇,0.004461015108972788,cosine,1457.9468994140625,65.75122833251953,1.2889000177383423,2353.669189453125,16,0.009778201469246309,0.7330661268465469,0,-1,9.693875341115418e-14,7.685230229981244e-11
128,4,4542.536|4578.48|4609.042|4629.4316,0.0053397906|0.0059531424|0.012205974|0.034249254,0.00059558183|4.761587e-05|0.00010959519|0.00022902279,599140.56|617292.9|385998.66|179444.58,0.5843018|0.05139714|0.11809871|0.24620233,0.007898072|0.00069474085|0.0015963534|0.003327944,Type V: 沟通天然断层/强微裂缝簇|Type III: 受抑/欠发育弱进液簇|Type III: 受抑/欠发育弱进液簇|Type II: 均衡/正常发育簇,0.0741661936044693,cosine,1457.22802734375,134.8157196044922,0.8818630576133728,382.0088806152344,4,0.010610534658045774,0.729339223393097,1,0,1.013849564062341e-14,2.0406787371030077e-11
129,4,4772.1963|4796.328|4833.5073|4874.323,0.004562331|0.012|0.0036360442|0.013589421,5.085852e-05|0.0011086813|4.5037566e-05|0.00016985368,1430956.2|695204.1|1501293.0|528474.5,0.04709589|0.7549057|0.041696593|0.15630183,0.0010819265|0.01734233|0.00095788937|0.0035906974,Type III: 受抑/欠发育弱进液簇|Type V: 沟通天然断层/强微裂缝簇|Type III: 受抑/欠发育弱进液簇|Type II: 均衡/正常发育簇,0.05154749006032944,cosine,1480.387451171875,148.33399963378906,1.4987599849700928,703.990234375,4,0.009305411712807427,0.602198645635005,1,1,1.9119616642953446e-13,6.934897101018578e-11
130,4,4711.5635|4745.432|4772.8164|4819.749,0.00057023915|0.016464889|0.005768093|0.012,8.437695e-06|0.0001543591|0.00010052001|0.0015,84192230.0|332205.28|624220.1|196268.77,0.0055856514|0.10192493|0.06636002|0.8261294,0.00010919519|0.0019925542|0.0012972875|0.016150195,Type IV: 砂堵闭合/未起裂死簇|Type III: 受抑/欠发育弱进液簇|Type III: 受抑/欠发育弱进液簇|Type V: 沟通天然断层/强微裂缝簇,0.08449110388755798,cosine,1451.8221435546875,126.17032623291016,1.2754017114639282,367.4613342285156,6,0.00924134836114316,0.6142470350331986,1,3,2.5165571124370623e-13,3.950617610826157e-11
131,4,4851.656|4871.47|4889.847|4923.36,0.0038925314|0.004647231|0.00045417788|0.042894837,4.761068e-05|5.007396e-05|1.938252e-06|0.00035774734,479754.22|458468.4|70742600.0|67889.305,0.10442246|0.10981452|0.0042523392|0.7815107,0.0015410151|0.0016205884|6.275393e-05|0.011533149,Type III: 受抑/欠发育弱进液簇|Type III: 受抑/欠发育弱进液簇|Type IV: 砂堵闭合/未起裂死簇|Type I: 优势发育主进液簇,0.06419488042593002,linear,1468.532470703125,135.6074676513672,0.9627870917320251,1227.4700927734375,8,0.008591482548786167,0.6527587271211597,0,-1,1.094377071061102e-13,2.8421709430404007e-11
132,4,4637.6357|4684.8643|4696.313|4731.1714,0.0042439667|0.019408355|0.00969364|0.0009893585,7.0477756e-05|0.00030091562|8.4865635e-05|1.795949e-06,1412057.1|371755.62|1055901.6|98725050.0,0.15521081|0.6540061|0.18681528|0.003967806,0.0026655293|0.011231642|0.0032082917|6.814153e-05,Type II: 均衡/正常发育簇|Type I: 优势发育主进液簇|Type II: 均衡/正常发育簇|Type IV: 砂堵闭合/未起裂死簇,0.05203033238649368,cosine,1475.0374755859375,99.31173706054688,1.1204146146774292,1595.2744140625,4,0.008969194435595027,0.6294070616297271,0,-1,1.2889007623782117e-13,2.8421709430404007e-11
133,3,4680.672|4715.5947|4742.398,0.0075256918|0.0039338865|0.012,7.4236785e-05|3.692937e-05|0.0014585514,100765.72|120582.6|41280.41,0.049280237|0.024483563|0.9262362,0.0008073061|0.00040108836|0.01517355,Type III: 受抑/欠发育弱进液簇|Type IV: 砂堵闭合/未起裂死簇|Type V: 沟通天然断层/强微裂缝簇,0.0474904328584671,linear,1401.1390380859375,180.21873474121094,1.0687662363052368,349.60498046875,8,0.011125258289116955,0.749546515862648,1,2,3.178889985445965e-13,1.1368683772161603e-13
134,6,4761.0225|4789.2725|4805.4717|4825.2363|4869.412|4880.791,0.0071210335|0.00797593|0.0102012325|0.0003349159|0.02911785|0.005922455,7.561713e-05|7.143832e-05|0.00012721191|3.5524104e-06|0.00030507272|0.00070593326,203433.19|204104.44|154417.89|70913864.0|51168.992|246177.92,0.06067354|0.057279445|0.101884104|0.0028463537|0.24376047|0.5335561,0.0013945999|0.0013165856|0.0023418374|6.542432e-05|0.0056029093|0.012263951,Type III: 受抑/欠发育弱进液簇|Type III: 受抑/欠发育弱进液簇|Type III: 受抑/欠发育弱进液簇|Type IV: 砂堵闭合/未起裂死簇|Type II: 均衡/正常发育簇|Type V: 沟通天然断层/强微裂缝簇,0.08041245490312576,linear,1482.1666259765625,66.10517120361328,1.499572992324829,507.9536437988281,12,0.008194711137304708,0.6107183177396938,1,5,9.841414927999961e-14,5.064748620497994e-11
135,1,4738.3022,0.012870947,0.00012116265,85198.76,1.0,0.013849722,Type I: 优势发育主进液簇,0.027539536356925964,cosine,1450.7237548828125,83.935302734375,0.9035628437995911,13203.498046875,8,0.011048626708456952,0.7125032693353853,0,-1,8.34187048864149e-14,1.053194864653051e-09
136,4,4821.4077|4835.438|4869.1255|4889.4116,0.020264747|0.016166365|0.00069088436|0.017805764,0.00016094759|0.00012862442|3.5039543e-06|0.00018809487,126507.76|179793.38|54975484.0|161003.0,0.33464414|0.2674702|0.0072945324|0.3905911,0.0060529867|0.0048379563|0.00013194227|0.007064946,Type II: 均衡/正常发育簇|Type II: 均衡/正常发育簇|Type IV: 砂堵闭合/未起裂死簇|Type I: 优势发育主进液簇,0.09334322065114975,cosine,1486.8590087890625,100.61210632324219,1.1800591945648193,1583.5721435546875,6,0.010425420723222563,0.7202566019795846,0,-1,5.869419940308582e-14,4.3655745685100555e-11
137,5,4603.1123|4615.5405|4647.496|4663.9097|4698.326,0.0174909|0.0041608782|0.0088263955|0.025505016|0.0073363115,0.0002163405|4.2776122e-05|9.0862864e-05|0.00019690114|7.728727e-05,27713.643|66953.82|56792.156|22605.252|56961.3,0.34655896|0.068561174|0.14559607|0.3154366|0.123847194,0.0071903816|0.0014225026|0.0030208176|0.0065446575|0.0025695732,Type II: 均衡/正常发育簇|Type III: 受抑/欠发育弱进液簇|Type III: 受抑/欠发育弱进液簇|Type II: 均衡/正常发育簇|Type III: 受抑/欠发育弱进液簇,0.08417380601167679,linear,1467.6160888671875,53.18037414550781,1.3536056280136108,1239.2890625,16,0.00918732920192129,0.7487988739450799,0,-1,1.461493415438192e-13,5.411493475548923e-11
138,3,4874.3447|4895.489|4933.8467,0.0023201557|0.023947319|0.010535425,2.4189183e-05|0.000114307644|8.6629174e-05,200970.23|63742.41|118210.88,0.10748462|0.5077356|0.38477975,0.0024114712|0.0113913035|0.008632726,Type III: 受抑/欠发育弱进液簇|Type I: 优势发育主进液簇|Type I: 优势发育主进液簇,0.0989985466003418,cosine,1405.957763671875,164.576904296875,1.4637033939361572,10203.146484375,6,0.011806439749639373,0.7249502085727482,0,-1,1.3051694870268998e-13,2.455635694786906e-10
139,3,4866.952|4887.108|4906.312,0.012454478|0.0117506515|0.010225726,0.00010976118|0.00011138702|8.796262e-05,1306834.4|1322959.4|1744355.1,0.3550212|0.36015514|0.28482363,0.008106845|0.008224078|0.006503897,Type I: 优势发育主进液簇|Type I: 优势发育主进液簇|Type II: 均衡/正常发育簇,0.05683789774775505,linear,1407.3115234375,169.0594024658203,1.4897551536560059,5812.30078125,4,0.008207721437453635,0.6215793003723978,0,-1,1.320329750479493e-13,8.913048077374697e-11
140,3,4562.135|4598.0728|4639.386,0.004946414|0.019044902|0.022432156,4.2697255e-05|0.000114357696|0.00011528024,107790.055|54253.84|49686.742,0.15682009|0.41989353|0.42328638,0.0029571184|0.00791783|0.007981809,Type II: 均衡/正常发育簇|Type I: 优势发育主进液簇|Type I: 优势发育主进液簇,0.016559580340981483,linear,1487.3314208984375,127.62488555908203,1.230224370956421,4990.88623046875,16,0.008387294574479967,0.704336475690798,0,-1,1.38544151194811e-13,5.20230969414115e-10
141,6,4624.539|4641.8164|4681.0815|4709.02|4719.6704|4768.231,0.004789454|0.0009352697|0.0041432367|0.023900464|0.004223754|0.010922555,7.06542e-05|8.873409e-06|5.002269e-05|0.0002018902|5.3568125e-05|0.00012589603,322401.84|95802920.0|322938.34|75609.36|338769.6|186551.55,0.13838674|0.01732752|0.09799545|0.3950254|0.104922906|0.24634199,0.0029082086|0.00036413924|0.0020593824|0.008301491|0.0022049635|0.005176897,Type III: 受抑/欠发育弱进液簇|Type IV: 砂堵闭合/未起裂死簇|Type III: 受抑/欠发育弱进液簇|Type I: 优势发育主进液簇|Type III: 受抑/欠发育弱进液簇|Type II: 均衡/正常发育簇,0.06881505995988846,linear,1493.568115234375,165.20350646972656,1.3710345029830933,1944.616455078125,8,0.008993934162389458,0.6365857201369558,0,-1,3.7311062713821924e-14,4.7066350816749036e-11
142,2,4543.4155|4591.7905,0.008342512|0.010834695,8.619813e-05|0.00010594749,677347.56|515201.1,0.4487034|0.5512966,0.00916511|0.011260655,Type I: 优势发育主进液簇|Type I: 优势发育主进液簇,0.03287290781736374,linear,1420.31787109375,104.17517852783203,1.3325872421264648,11542.8857421875,6,0.008121310942275107,0.6651969993457397,0,-1,5.367462455941642e-14,1.0604708222672343e-09
143,3,4773.8335|4810.0913|4838.143,0.01030694|0.0035698407|0.012576703,0.00010562516|5.8668444e-05|0.00013595949,1202915.6|1921843.8|856645.9,0.3517525|0.1960314|0.4522161,0.006700242|0.00373404|0.00861389,Type I: 优势发育主进液簇|Type II: 均衡/正常发育簇|Type I: 优势发育主进液簇,0.014389866963028908,cosine,1484.8121337890625,189.62841796875,1.242712378501892,4337.62353515625,4,0.008568794442264629,0.6135763113830413,0,-1,9.525957496772652e-14,0.0
144,1,4611.5615,0.0114405705,0.0006545473,103256.4,1.0,0.021930758,Type V: 沟通天然断层/强微裂缝簇,0.06509914994239807,linear,1420.4224853515625,82.48455047607422,1.4307737350463867,1344.1876220703125,8,0.01058772992607925,0.70424207893479,1,0,1.1754264011773485e-13,1.2846612662542611e-10
145,1,4599.586,0.010931777,0.00010162388,195823.95,1.0,0.015516992,Type I: 优势发育主进液簇,0.06794150918722153,linear,1474.546142578125,88.42652893066406,1.0123363733291626,23495.02734375,8,0.00954332799660569,0.6241279704397767,0,-1,9.48022381625814e-14,1.939042704179883e-09
146,6,4647.6724|4670.9424|4683.7515|4696.0283|4742.6694|4765.1533,0.011964091|0.010459395|0.014663807|0.014227787|0.0008912596|0.008877068,0.0008813696|7.568777e-05|0.00013590697|0.00013799149|2.2896895e-06|8.3792e-05,49545.152|56144.42|37442.21|47604.29|64415930.0|59620.125,0.6651131|0.05819083|0.104466|0.10605539|0.0017602593|0.06441445,0.015037891|0.0013156671|0.0023619267|0.002397862|3.979863e-05|0.0014563802,Type V: 沟通天然断层/强微裂缝簇|Type III: 受抑/欠发育弱进液簇|Type III: 受抑/欠发育弱进液簇|Type III: 受抑/欠发育弱进液簇|Type IV: 砂堵闭合/未起裂死簇|Type III: 受抑/欠发育弱进液簇,0.07085494697093964,cosine,1420.2249755859375,56.074371337890625,1.4750568866729736,454.1153869628906,16,0.008837048809775575,0.6935613822061014,1,0,9.437216226581072e-14,5.161382432561368e-11
147,2,4806.2144|4844.211,0.013329147|0.008690474,0.000108591405|6.973236e-05,31694.434|43461.75,0.60893804|0.39106196,0.011699979|0.007513764,Type I: 优势发育主进液簇|Type I: 优势发育主进液簇,0.08186130225658417,cosine,1437.88232421875,158.58709716796875,1.253514289855957,11843.2890625,12,0.01148316648263426,0.6637872763784143,0,-1,5.651876129652081e-14,2.601154847070575e-10
148,5,4539.13|4586.2593|4612.9277|4623.0723|4635.575,0.0224621|0.016579103|0.025427192|0.00035587014|0.0046694893,0.00011825825|8.985823e-05|0.00012178508|6.8328454e-06|5.625527e-05,52136.562|77014.13|41269.758|74175580.0|125955.15,0.30092844|0.22865541|0.3098927|0.017362034|0.1431614,0.0040435963|0.0030724583|0.0041640494|0.00023329484|0.0019236696,Type II: 均衡/正常发育簇|Type II: 均衡/正常发育簇|Type II: 均衡/正常发育簇|Type IV: 砂堵闭合/未起裂死簇|Type III: 受抑/欠发育弱进液簇,0.03066054731607437,cosine,1490.960693359375,99.1326904296875,0.8766411542892456,1302.6878662109375,16,0.008252038446170559,0.6628294183113314,0,-1,7.849270685462637e-14,1.2732925824820995e-10
149,1,4632.85,0.010710887,0.000751193,153865.11,1.0,0.0133345425,Type V: 沟通天然断层/强微裂缝簇,0.036454588174819946,cosine,1439.5264892578125,65.70663452148438,0.8699522614479065,441.8955078125,8,0.010107230797283859,0.6280168803118187,1,0,3.4994871448345774e-14,7.673861546209082e-12
150,6,4528.9736|4575.7397|4597.737|4612.33|4644.579|4668.4004,0.00025742166|0.013930217|0.018348442|0.0040697237|0.017801046|0.0052258964,5.2937457e-06|0.00014156681|0.00014865289|6.118584e-05|0.00018812418|5.483829e-05,66934780.0|29621.578|25640.914|65407.75|22280.309|63021.55,0.008825988|0.23610008|0.24789807|0.10204903|0.31366587|0.091460966,0.00018416662|0.00492656|0.0051727416|0.0021293964|0.006545079|0.0019084616,Type IV: 砂堵闭合/未起裂死簇|Type II: 均衡/正常发育簇|Type II: 均衡/正常发育簇|Type III: 受抑/欠发育弱进液簇|Type II: 均衡/正常发育簇|Type III: 受抑/欠发育弱进液簇,0.04784397408366203,cosine,1406.5513916015625,128.9597625732422,1.3613348007202148,1421.14208984375,12,0.01118515786891303,0.6709460133352504,0,-1,2.351050940301719e-13,1.6257217794191092e-10
151,4,4717.496|4746.8345|4778.169|4801.122,0.0009730375|0.013569161|0.0074746674|0.010448592,7.806648e-06|0.00022866906|0.0007938333|0.000116550065,74848980.0|18524.373|38063.777|32360.318,0.0068563046|0.20103803|0.68966556|0.10244009,9.181748e-05|0.0026922382|0.009235784|0.0013718455,Type IV: 砂堵闭合/未起裂死簇|Type II: 均衡/正常发育簇|Type V: 沟通天然断层/强微裂缝簇|Type III: 受抑/欠发育弱进液簇,0.0724029690027237,cosine,1468.8477783203125,94.20939636230469,0.8736802935600281,267.80755615234375,12,0.011592693554061367,0.6746158165398165,1,2,7.772241339832741e-15,1.3301360013429075e-11
152,2,4597.474|4608.494,0.017398734|0.005,0.00021602736|0.0005,47916.97|111296.625,0.30437705|0.695623,0.003966086|0.009064089,Type II: 均衡/正常发育簇|Type V: 沟通天然断层/强微裂缝簇,0.009249011054635048,linear,1412.4354248046875,87.9658203125,0.8500951528549194,457.7658386230469,8,0.011455735683156323,0.7222498398802466,1,1,1.1981812297976596e-13,8.162714948412031e-11
153,3,4889.931|4910.93|4921.978,0.019651446|0.0037233222|0.0071562766,0.00013282365|2.65867e-05|6.801236e-05,97362.03|289732.62|216855.22,0.5839259|0.11696966|0.29910445,0.009457676|0.0018945233|0.004844507,Type I: 优势发育主进液簇|Type III: 受抑/欠发育弱进液簇|Type II: 均衡/正常发育簇,0.019070474430918694,linear,1459.3414306640625,123.7677230834961,1.0566812753677368,5254.763671875,6,0.011430095632973286,0.6045096687084236,0,-1,7.989918812288319e-14,6.884874892421067e-10
154,4,4508.322|4550.1426|4583.728|4624.6816,0.003807306|0.0040999567|0.007500319|0.012,8.576934e-05|9.685308e-05|0.00010743178|0.0011253041,262937.88|248821.89|184971.03|92959.164,0.06345865|0.07154788|0.07929415|0.7856993,0.0008005293|0.0009025748|0.0010002938|0.009911578,Type III: 受抑/欠发育弱进液簇|Type III: 受抑/欠发育弱进液簇|Type III: 受抑/欠发育弱进液簇|Type V: 沟通天然断层/强微裂缝簇,0.015630804002285004,linear,1419.2864990234375,66.7735824584961,0.823007345199585,183.49752807617188,6,0.011011603372117604,0.6535189522260538,1,3,1.237617203408677e-14,8.469669410260394e-12
155,1,4822.856,0.0092045115,0.000104264305,61914.47,1.0,0.0126518635,Type I: 优势发育主进液簇,0.08551028370857239,cosine,1495.7794189453125,90.10842895507812,0.8254140019416809,14856.09765625,16,0.008947778918361996,0.6318963945564746,0,-1,4.044806617463717e-14,1.4861143426969647e-09
156,4,4571.6445|4619.8154|4641.285|4685.936,0.0100894915|0.012805354|0.028258596|0.0009415443,7.096774e-05|8.6779415e-05|0.00014666084|1.6730338e-06,65197.895|60960.934|25180.414|55508504.0,0.23188627|0.2835166|0.4791304|0.0054667364,0.0051383977|0.0062824804|0.010617112|0.00012113811,Type II: 均衡/正常发育簇|Type II: 均衡/正常发育簇|Type I: 优势发育主进液簇|Type IV: 砂堵闭合/未起裂死簇,0.05464811623096466,linear,1444.8148193359375,148.68170166015625,1.4456727504730225,5483.3154296875,12,0.009987570388174846,0.7319827010342834,0,-1,1.0991189647877389e-13,3.0740920919924974e-10
157,1,4554.8984,0.011977656,0.00011843849,22982.123,1.0,0.019214664,Type I: 优势发育主进液簇,0.08301892131567001,cosine,1484.30517578125,176.10140991210938,1.2535743713378906,26572.2578125,16,0.010812013291153923,0.7165433737345583,0,-1,4.8390738166754e-14,6.948539521545172e-10
158,3,4586.969|4607.0376|4637.277,0.0058600074|0.005|0.022493305,6.34753e-05|0.0005|0.00019297586,80050.58|97371.29|24949.277,0.084593676|0.65836215|0.25704417,0.0011288164|0.008785171|0.0034299921,Type III: 受抑/欠发育弱进液簇|Type V: 沟通天然断层/强微裂缝簇|Type II: 均衡/正常发育簇,0.02375313639640808,cosine,1453.761962890625,160.4043731689453,0.8705679774284363,510.2007751464844,12,0.0105320854634244,0.6395252040679685,1,1,8.099028175542755e-14,4.808953235624358e-11
159,4,4537.841|4563.9453|4580.1133|4611.26,0.016279079|0.009422752|0.00041122697|0.0031303584,0.0001863473|7.626866e-05|2.690727e-06|4.7994643e-05,392982.12|869753.3|52021596.0|1492813.1,0.59367734|0.24401532|0.008628877|0.15367848,0.012875623|0.0052921837|0.00018714236|0.0033329658,Type I: 优势发育主进液簇|Type II: 均衡/正常发育簇|Type IV: 砂堵闭合/未起裂死簇|Type II: 均衡/正常发育簇,0.07018832117319107,cosine,1444.2410888671875,177.22007751464844,1.4149304628372192,5102.5400390625,4,0.009214715657494352,0.6058210187516332,0,-1,7.934583166283732e-14,9.094947017729282e-13
160,5,4560.2563|4583.723|4620.886|4661.1484|4684.2725,0.0008334778|0.011585372|0.024701593|0.012744284|0.00044829008,5.0603117e-06|0.00011003594|0.00017789398|0.00011678247|9.700876e-06,89477910.0|44113.785|17893.113|35296.95|71960610.0,0.012055535|0.26235476|0.4241097|0.27842423|0.02305575,0.00023732363|0.0051646805|0.008348966|0.005481022|0.0004538724,Type IV: 砂堵闭合/未起裂死簇|Type II: 均衡/正常发育簇|Type I: 优势发育主进液簇|Type II: 均衡/正常发育簇|Type IV: 砂堵闭合/未起裂死簇,0.05441727861762047,cosine,1485.8670654296875,125.39127349853516,1.2843157052993774,2401.39990234375,16,0.009581467403271421,0.6457609845912766,0,-1,6.661891090858907e-14,1.1368683772161603e-11
161,1,4795.82,0.009425754,0.000105296174,98092.88,1.0,0.018188592,Type I: 优势发育主进液簇,0.04194027930498123,cosine,1462.962158203125,59.99814224243164,1.1866328716278076,29994.95703125,8,0.010905364986360733,0.6794168401464931,0,-1,1.2398653135539846e-14,1.4370016288012266e-09
162,4,4736.762|4784.0464|4816.618|4844.304,0.0032495547|0.008526203|0.014867163|0.0047515947,3.806323e-05|0.00014055063|0.00016095188|7.296552e-05,61855.387|32963.473|21094.102|54725.062,0.09229928|0.3406794|0.39013606|0.17688526,0.001962019|0.00724187|0.008293177|0.0037600747,Type III: 受抑/欠发育弱进液簇|Type II: 均衡/正常发育簇|Type I: 优势发育主进液簇|Type II: 均衡/正常发育簇,0.05755641311407089,linear,1466.7742919921875,74.9366683959961,1.386826515197754,2818.575439453125,12,0.011418443613153912,0.657717819154116,0,-1,8.340197429164073e-14,2.2282620193436742e-10
163,5,4658.869|4703.0376|4729.5986|4762.419|4772.4443,0.009535188|0.009981927|0.013926236|0.015795587|0.0073801507,9.895053e-05|0.000112449416|0.00017882544|0.00017365946|0.000112317706,43861.496|41288.145|36738.44|26961.566|48445.06,0.14641085|0.1663266|0.26438686|0.25678107|0.16609462,0.0029235333|0.0033212113|0.00527928|0.005127407|0.003316579,Type III: 受抑/欠发育弱进液簇|Type II: 均衡/正常发育簇|Type II: 均衡/正常发育簇|Type II: 均衡/正常发育簇|Type II: 均衡/正常发育簇,0.010048857890069485,cosine,1435.607666015625,184.94113159179688,1.3027230501174927,1133.31494140625,12,0.011669324209364035,0.6272921136014515,0,-1,1.8817152697137018e-13,7.776179700158536e-11
164,3,4824.5684|4840.7095|4884.2144,0.005|0.011570752|0.012969727,0.0005|0.00016636259|0.00016672358,252586.58|117983.35|125166.11,0.5932278|0.20317939|0.20359282,0.0075844703|0.0025976668|0.0026029525,Type V: 沟通天然断层/强微裂缝簇|Type II: 均衡/正常发育簇|Type II: 均衡/正常发育簇,0.03109218366444111,cosine,1415.3148193359375,92.78848266601562,0.8341056704521179,369.7546691894531,8,0.010261278324777322,0.6086155997979252,1,0,9.212897507599252e-14,7.048583938740194e-12
165,3,4508.6016|4531.8022|4560.6406,0.022131795|0.0026194185|0.005,0.0002591507|4.223009e-05|0.0005,15698.94|70584.89|73995.72,0.32517654|0.05300694|0.6218165,0.0056624142|0.0009230286|0.010827912,Type II: 均衡/正常发育簇|Type III: 受抑/欠发育弱进液簇|Type V: 沟通天然断层/强微裂缝簇,0.0798034593462944,linear,1487.6434326171875,59.244041442871094,1.1360560655593872,592.638916015625,16,0.009680853401150026,0.6620503925899881,1,2,1.4843422985969662e-13,2.1600499167107046e-11
166,6,4751.892|4769.2695|4818.2036|4860.6914|4905.1206|4934.437,0.0035224636|0.0072165993|0.018942602|0.016364472|0.0077443267|0.006854143,4.5785226e-05|0.00013156049|0.00025022597|0.00016722681|8.5844746e-05|0.00012346967,31976.953|24363.59|9688.204|12904.202|23901.854|24012.393,0.05698139|0.1636688|0.3111443|0.2079376|0.10674862|0.1535193,0.0008862807|0.002545682|0.0048394953|0.003234233|0.0016603534|0.0023878182,Type III: 受抑/欠发育弱进液簇|Type II: 均衡/正常发育簇|Type II: 均衡/正常发育簇|Type II: 均衡/正常发育簇|Type III: 受抑/欠发育弱进液簇|Type II: 均衡/正常发育簇,0.09665628522634506,cosine,1478.2144775390625,159.0554656982422,1.0147418975830078,580.593994140625,16,0.011618013638084615,0.6753695268114371,0,-1,4.639651090079279e-14,9.890754881780595e-12
167,1,4799.925,0.012590261,0.00014000754,28414.223,1.0,0.02173486,Type I: 优势发育主进液簇,0.09427006542682648,cosine,1433.343505859375,86.37773895263672,1.4179933071136475,24290.890625,16,0.010250502144254204,0.7169848340751097,0,-1,5.922121652660386e-14,2.9831426218152046e-10
168,3,4561.207|4608.6294|4618.789,0.012180743|0.009687465|0.009717755,0.000102230304|7.040746e-05|7.893222e-05,383932.56|432730.53|446988.53,0.4061909|0.28000376|0.31380534,0.0060550435|0.0041739857|0.004677862,Type I: 优势发育主进液簇|Type II: 均衡/正常发育簇|Type II: 均衡/正常发育簇,0.08104892820119858,cosine,1494.6162109375,91.4307861328125,0.972533106803894,3654.9580078125,4,0.011294520062528611,0.6071373571061018,0,-1,5.42286857508744e-14,3.4287950256839395e-10
169,2,4679.886|4707.923,0.018090608|0.008383475,0.00012609124|6.981881e-05,39000.54|65894.69,0.64358443|0.35641557,0.012507682|0.006926725,Type I: 优势发育主进液簇|Type I: 优势发育主进液簇,0.028435440734028816,linear,1401.8836669921875,169.29647827148438,1.2679104804992676,10086.640625,16,0.008959904118577888,0.703871931383435,0,-1,5.319921545930868e-14,3.601599019020796e-10
170,6,4802.4194|4814.892|4857.7773|4876.443|4918.625|4950.0,0.0029412236|0.006311149|0.007816478|0.004722552|0.00928225|0.02054823,2.6474567e-05|6.870323e-05|7.957622e-05|4.7607715e-05|6.8421476e-05|0.00016644227,525671.8|396116.16|353537.9|450549.72|278822.84|112326.125,0.057964258|0.15030156|0.17403615|0.10417981|0.1496978|0.36382043,0.0007295648|0.0018917645|0.0021904989|0.0013112549|0.0018841652|0.004579211,Type III: 受抑/欠发育弱进液簇|Type II: 均衡/正常发育簇|Type II: 均衡/正常发育簇|Type III: 受抑/欠发育弱进液簇|Type III: 受抑/欠发育弱进液簇|Type I: 优势发育主进液簇,0.037172745913267136,cosine,1470.986083984375,146.8678436279297,0.8211469650268555,937.7681274414062,6,0.009991839619960509,0.6006807409204223,0,-1,6.767186772971626e-14,7.116796041373163e-11
171,2,4811.925|4849.1025,0.012841735|0.0036474345,0.00021369563|4.8067737e-05,84565.35|193789.86,0.8161143|0.1838857,0.013683537|0.0030831546,Type I: 优势发育主进液簇|Type II: 均衡/正常发育簇,0.0016834158450365067,linear,1424.19189453125,91.85383605957031,1.0938674211502075,4262.8408203125,6,0.011852210720817082,0.6762892508907756,0,-1,6.228441292452716e-14,1.9826984498649836e-10
172,5,4621.3394|4638.7183|4652.5005|4676.421|4724.512,0.0006592444|0.012|0.00055122806|0.0008066978|0.03064641,7.1587524e-06|0.00093980087|7.607756e-06|9.930225e-06|0.00027010345,53041492.0|88523.83|93379896.0|87718056.0|34389.266,0.0059634|0.7545902|0.006325544|0.008242954|0.2248779,0.00011248426|0.01423341|0.00011931517|0.0001554822|0.004241745,Type IV: 砂堵闭合/未起裂死簇|Type V: 沟通天然断层/强微裂缝簇|Type IV: 砂堵闭合/未起裂死簇|Type IV: 砂堵闭合/未起裂死簇|Type II: 均衡/正常发育簇,0.00133321073371917,linear,1493.1005859375,145.16981506347656,1.2305948734283447,459.28265380859375,6,0.011950283895514571,0.6641353385463543,1,1,1.05026420503182e-13,1.9610979506978765e-11
173,4,4718.8164|4758.0273|4800.099|4847.4863,0.011969048|0.019755553|0.004555304|0.01599447,7.2877876e-05|0.000112656424|3.613999e-05|0.00010430844,347646.0|253559.11|587248.44|313969.78,0.22367042|0.34550118|0.11096992|0.31985846,0.00427453|0.0066028186|0.0021207286|0.006112764,Type II: 均衡/正常发育簇|Type II: 均衡/正常发育簇|Type III: 受抑/欠发育弱进液簇|Type II: 均衡/正常发育簇,0.029145125299692154,cosine,1450.8162841796875,99.359619140625,1.2468008995056152,3615.656982421875,8,0.008074792940533213,0.650264551626989,0,-1,3.6853309168466755e-14,2.1691448637284338e-10
174,6,4723.553|4751.2017|4769.6494|4787.208|4831.468|4861.898,0.008864326|0.012426091|0.0002467315|0.0033447826|0.009257605|0.010415875,0.00010207442|0.000102437385|8.110268e-06|5.4841246e-05|0.000102303384|0.00013840488,926844.9|978374.9|75627650.0|1848077.4|1086067.2|855915.94,0.20107085|0.2017065|0.016011119|0.10823165|0.20130926|0.2716706,0.00401249|0.004025175|0.00031951154|0.0021598279|0.004017248|0.005421351,Type II: 均衡/正常发育簇|Type II: 均衡/正常发育簇|Type IV: 砂堵闭合/未起裂死簇|Type III: 受抑/欠发育弱进液簇|Type II: 均衡/正常发育簇|Type II: 均衡/正常发育簇,0.029330363497138023,linear,1453.4603271484375,134.2148895263672,1.3019136190414429,1770.4010009765625,4,0.008495376969316102,0.6360697652770536,0,-1,6.363213043503527e-14,4.5929482439532876e-11
175,6,4783.422|4826.135|4867.8315|4897.484|4935.662|4948.7925,0.008780746|0.012872559|0.0059890184|0.0070223296|0.0089966785|0.013227723,7.439597e-05|0.000120106706|0.0005|6.224742e-05|8.1718026e-05|0.000112386624,60233.445|39502.273|75232.77|63771.754|59935.85|41561.113,0.07869942|0.1269559|0.523504|0.06577283|0.08633682|0.11873099,0.0017772169|0.002866961|0.011821945|0.0014853043|0.0019496873|0.0026812234,Type III: 受抑/欠发育弱进液簇|Type III: 受抑/欠发育弱进液簇|Type V: 沟通天然断层/强微裂缝簇|Type III: 受抑/欠发育弱进液簇|Type III: 受抑/欠发育弱进液簇|Type III: 受抑/欠发育弱进液簇,0.024367094039916992,cosine,1429.090576171875,66.50534057617188,1.473283052444458,735.6339721679688,12,0.010842757383259675,0.607021595476249,1,2,6.928957190996399e-14,7.275957614183426e-12
176,5,4627.6533|4675.0806|4717.0073|4749.7173|4765.2197,0.0062721036|0.0032516685|0.03154593|0.020992542|0.00057614583,6.637964e-05|3.9931358e-05|0.00032273057|0.00013705541|3.6127833e-06,768519.6|889562.9|158999.31|467151.97|71992664.0,0.117054544|0.070467755|0.5651683|0.24093357|0.0063758227,0.002143801|0.001290585|0.010350802|0.004412589|0.0001167703,Type III: 受抑/欠发育弱进液簇|Type III: 受抑/欠发育弱进液簇|Type I: 优势发育主进液簇|Type II: 均衡/正常发育簇|Type IV: 砂堵闭合/未起裂死簇,0.0789298266172409,cosine,1418.8204345703125,85.68096160888672,1.1948503255844116,1195.1416015625,6,0.008184096409838528,0.7003736768016724,0,-1,1.3336342663886058e-13,0.0
177,5,4587.7817|4599.3794|4641.1807|4662.4995|4699.8022,0.015809024|0.0051274244|0.009095354|0.0073011667|0.004042877,0.00027269288|9.890693e-05|0.00017829174|0.00012302877|7.9127174e-05,57181.805|159739.64|109552.71|137499.0|178624.3,0.36241806|0.13161959|0.23700339|0.16365355|0.10530541,0.0069433725|0.002521629|0.0045406204|0.0031353503|0.0020174899,Type I: 优势发育主进液簇|Type III: 受抑/欠发育弱进液簇|Type II: 均衡/正常发育簇|Type II: 均衡/正常发育簇|Type III: 受抑/欠发育弱进液簇,0.09812900424003601,cosine,1499.361328125,107.38153839111328,1.2499077320098877,826.59716796875,8,0.010160112784725414,0.7183942742515435,0,-1,1.2133173528112561e-14,4.3996806198265404e-11
178,3,4887.055|4915.854|4926.983,0.00825082|0.010201851|0.0033360114,0.000119588694|0.000116519375|5.4010303e-05,890686.3|719008.75|1676800.4,0.41166866|0.4016867|0.18664464,0.008033516|0.007838722|0.0036422801,Type I: 优势发育主进液簇|Type I: 优势发育主进液簇|Type II: 均衡/正常发育簇,0.008812114596366882,linear,1450.1387939453125,133.7104034423828,1.2731369733810425,4779.09765625,4,0.008983690255658958,0.6190830195234192,0,-1,1.376079019612883e-13,4.3928594095632434e-10
179,4,4702.786|4729.2783|4739.3555|4787.4727,0.008349434|0.0008795132|0.023950094|0.013681442,5.999944e-05|9.36037e-06|0.00017699554|0.00012959003,42186.48|62738620.0|15122.172|29114.34,0.15963872|0.02483726|0.4708169|0.3447071,0.0019917637|0.00030988693|0.0058742394|0.0043008057,Type II: 均衡/正常发育簇|Type IV: 砂堵闭合/未起裂死簇|Type I: 优势发育主进液簇|Type II: 均衡/正常发育簇,0.07305162400007248,cosine,1427.4022216796875,183.8095703125,0.8139859437942505,1316.0286865234375,16,0.01030409705590244,0.6716671943660772,0,-1,1.6823487183426425e-14,9.208633855450898e-11
180,6,4638.7056|4673.509|4695.951|4721.954|4737.294|4754.9863,0.0060207886|0.005959506|0.0072206976|0.015825318|0.012697063|0.008132743,9.4542185e-05|9.148712e-05|9.200321e-05|0.00031651373|0.000159689|0.0001135628,91015.89|96635.914|85114.22|36168.23|52453.258|85145.09,0.109081954|0.10551194|0.10608901|0.3643777|0.18404262|0.13089676,0.0015053747|0.0014561069|0.0014640708|0.005028558|0.0025398617|0.0018064277,Type III: 受抑/欠发育弱进液簇|Type III: 受抑/欠发育弱进液簇|Type III: 受抑/欠发育弱进液簇|Type I: 优势发育主进液簇|Type II: 均衡/正常发育簇|Type III: 受抑/欠发育弱进液簇,0.08869879692792892,cosine,1404.646240234375,52.26313400268555,0.9003450274467468,342.1302795410156,12,0.01002374668608519,0.6337207313638361,0,-1,1.2318694241758577e-13,3.177547114319168e-11
181,5,4587.3496|4602.904|4649.3013|4680.558|4714.0024,0.00549835|0.024151571|0.00043626205|0.0009554954|0.019760048,3.851421e-05|0.00019139078|4.828804e-06|7.434252e-06|0.00014406623,79453.24|22119.28|97951320.0|53446948.0|27391.283,0.099752165|0.49551442|0.012492366|0.019226082|0.37301496,0.0017692209|0.008788526|0.00022156668|0.00034099698|0.0066158553,Type III: 受抑/欠发育弱进液簇|Type I: 优势发育主进液簇|Type IV: 砂堵闭合/未起裂死簇|Type IV: 砂堵闭合/未起裂死簇|Type I: 优势发育主进液簇,0.047549743205308914,cosine,1478.990966796875,130.19781494140625,1.157116413116455,2299.15673828125,12,0.010313528844365979,0.7005203794756211,0,-1,1.6783703062333427e-13,3.0968294595368207e-10
182,1,4759.11,0.012063412,8.004116e-05,265351.8,1.0,0.013399678,Type I: 优势发育主进液簇,0.03496237471699715,cosine,1464.867919921875,100.97257995605469,0.8742017149925232,28209.654296875,4,0.011722486760710506,0.7176343840179502,0,-1,5.82570372286784e-15,1.1859810911118984e-09
183,6,4670.5386|4684.1533|4714.072|4730.3984|4757.682|4773.416,0.0028045874|0.0027799124|0.000997012|0.027378315|0.010536396|0.0035590043,6.0288352e-05|4.6393838e-05|9.816595e-06|0.00034409278|0.00016381472|0.000100929254,166845.45|164976.62|71154320.0|27695.29|77297.31|153331.61,0.08322853|0.06404747|0.013504896|0.47416097|0.22586404|0.13919409,0.0018723658|0.0014408557|0.00030381535|0.010667049|0.0050811917|0.0031314052,Type III: 受抑/欠发育弱进液簇|Type III: 受抑/欠发育弱进液簇|Type IV: 砂堵闭合/未起裂死簇|Type I: 优势发育主进液簇|Type II: 均衡/正常发育簇|Type III: 受抑/欠发育弱进液簇,0.0811469554901123,linear,1485.481201171875,72.95950317382812,1.467694878578186,1133.3133544921875,8,0.010719085417589352,0.6894417139830731,0,-1,1.343259542225389e-13,1.268745108973235e-10
184,5,4825.7827|4842.9966|4881.6406|4905.9253|4950.0,0.01495012|0.0002344026|0.0032450838|0.015878877|0.0037877145,0.00015297264|6.086333e-06|4.88404e-05|0.00011977864|4.883521e-05,270700.16|77413190.0|789349.4|262930.25|711813.8,0.40588897|0.016176753|0.12987074|0.31819686|0.12986667,0.006026596|0.00024019068|0.0019283069|0.004724553|0.0019282465,Type I: 优势发育主进液簇|Type IV: 砂堵闭合/未起裂死簇|Type III: 受抑/欠发育弱进液簇|Type II: 均衡/正常发育簇|Type III: 受抑/欠发育弱进液簇,0.09123656153678894,linear,1459.6522216796875,187.92706298828125,0.9686840176582336,1793.240234375,6,0.008549967228340886,0.6500344998765991,0,-1,1.184686300882004e-13,1.7507773009128869e-10
185,3,4663.431|4709.526|4751.385,0.009989149|0.015253025|0.009002502,8.502153e-05|0.00012096717|9.8451485e-05,176873.36|106651.7|179663.52,0.27931803|0.39733502|0.32334694,0.0062628775|0.008909059|0.0072500953,Type II: 均衡/正常发育簇|Type I: 优势发育主进液簇|Type II: 均衡/正常发育簇,0.07548829913139343,linear,1483.5531005859375,83.60279083251953,1.4628245830535889,5611.1435546875,8,0.010031088128911108,0.6485043586529656,0,-1,9.794651933047946e-14,3.6834535421803594e-10
186,4,4629.241|4672.1035|4699.7993|4739.939,0.010912003|0.010714574|0.0055957045|0.005763333,0.00015197316|0.00012207424|7.221169e-05|7.59497e-05,96076.76|90658.09|138713.72|130640.83,0.35982668|0.28914127|0.1710897|0.17994237,0.004934603|0.003965235|0.0023462954|0.0024676996,Type I: 优势发育主进液簇|Type II: 均衡/正常发育簇|Type II: 均衡/正常发育簇|Type II: 均衡/正常发育簇,0.002875027246773243,linear,1490.7362060546875,150.13577270507812,0.894697368144989,1242.39453125,12,0.008428711145815625,0.7127027724405499,0,-1,1.6305132157640179e-13,6.161826604511589e-11
187,5,4596.4575|4629.903|4644.6543|4686.2197|4707.472,0.011171104|0.01809525|0.012974822|0.0077698347|0.0060073896,0.00015277679|0.00015337343|0.00012337569|8.938746e-05|6.723356e-05,57710.027|44952.164|57256.87|78895.18|92517.49,0.2606238|0.2616465|0.21048647|0.15251547|0.11472774,0.0051399316|0.0051601008|0.0041511403|0.0030078567|0.0022626205,Type II: 均衡/正常发育簇|Type II: 均衡/正常发育簇|Type II: 均衡/正常发育簇|Type II: 均衡/正常发育簇|Type III: 受抑/欠发育弱进液簇,0.004133580252528191,linear,1495.2574462890625,101.2443618774414,1.2866504192352295,1306.9234619140625,16,0.008597349881622536,0.6778992218717079,0,-1,2.2359524442464723e-13,8.276401786133647e-11
188,3,4649.2754|4689.8677|4733.3047,0.009771801|0.0154896695|0.0033999945,0.00014959363|0.00017278246|6.0123188e-05,444610.66|322771.47|778765.7,0.39086053|0.45149854|0.15764095,0.0055748043|0.006439678|0.002248417,Type I: 优势发育主进液簇|Type I: 优势发育主进液簇|Type II: 均衡/正常发育簇,0.05329807847738266,linear,1425.0802001953125,107.28032684326172,0.9305186867713928,1548.5050048828125,4,0.009970161162142187,0.7445676757287281,0,-1,6.482606741990346e-14,5.775291356258094e-11
189,4,4644.5493|4675.2925|4698.157|4741.267,0.005598453|0.022854915|0.011546854|0.011735402,4.0711297e-05|0.000122053505|6.1558174e-05|8.64224e-05,65244.062|28002.18|48650.28|45983.797,0.13103092|0.392756|0.19810906|0.27810404,0.0026904256|0.008064362|0.0040677246|0.0057102414,Type III: 受抑/欠发育弱进液簇|Type I: 优势发育主进液簇|Type II: 均衡/正常发育簇|Type II: 均衡/正常发育簇,0.03684842586517334,cosine,1425.68017578125,96.77684020996094,1.3395671844482422,4543.62890625,12,0.010402909654010337,0.7471333913612099,0,-1,9.006172679371441e-14,2.6830093702301383e-10
190,5,4744.2837|4786.2207|4832.5654|4871.811|4906.884,0.000512388|0.0033814735|0.025867386|0.004430208|0.004374288,5.760759e-06|5.4768643e-05|0.00027544232|6.8553294e-05|6.573711e-05,51674180.0|696762.6|90705.21|622069.94|647745.94,0.012274804|0.11665573|0.5851947|0.14593072|0.13994403,0.00020681124|0.0019654664|0.009859616|0.0024587044|0.002357838,Type IV: 砂堵闭合/未起裂死簇|Type III: 受抑/欠发育弱进液簇|Type I: 优势发育主进液簇|Type III: 受抑/欠发育弱进液簇|Type III: 受抑/欠发育弱进液簇,0.09011159837245941,linear,1447.3521728515625,182.24635314941406,1.0992004871368408,1527.9580078125,4,0.011152957815909081,0.6118937763669235,0,-1,1.447624707823572e-13,1.4870238373987377e-10
191,3,4782.341|4815.5757|4825.829,0.0043327133|0.0088804085|0.018738499,7.0258764e-05|0.0001080517|0.00014985677,388922.78|299882.16|175607.34,0.2142567|0.329233|0.4565103,0.004713963|0.0072436105|0.010043899,Type II: 均衡/正常发育簇|Type II: 均衡/正常发育簇|Type I: 优势发育主进液簇,0.04690547659993172,linear,1469.7518310546875,161.73951721191406,1.435387134552002,4765.36181640625,4,0.011659490895206685,0.7179674640462137,0,-1,1.6289539975147121e-13,3.9472070056945086e-10
192,2,4715.287|4765.114,0.015897967|0.0073234225,0.00012034425|5.7365938e-05,54487.848|84825.195,0.6771389|0.32286108,0.01044702|0.004981158,Type I: 优势发育主进液簇|Type II: 均衡/正常发育簇,0.09437530487775803,cosine,1496.482421875,93.74588012695312,1.0065420866012573,7681.2919921875,12,0.009882207037467318,0.662876916437604,0,-1,5.610688644372072e-14,0.0
193,3,4518.213|4560.4863|4574.652,0.00029398376|0.030836994|0.008636201,8.96149e-06|0.00017291566|4.857535e-05,58750250.0|225148.8|595190.6,0.038903717|0.74988085|0.21121545,0.00053294876|0.010272747|0.002893477,Type IV: 砂堵闭合/未起裂死簇|Type I: 优势发育主进液簇|Type II: 均衡/正常发育簇,0.043546147644519806,cosine,1495.8560791015625,186.48036193847656,0.8937409520149231,3774.648681640625,4,0.010044992877163077,0.7477029229841833,0,-1,8.205610670108943e-14,3.497007128316909e-10
194,1,4640.279,0.012,0.0005079349,21233.469,1.0,0.020268496,Type V: 沟通天然断层/强微裂缝簇,0.061465635895729065,cosine,1497.7132568359375,79.45355224609375,1.322326898574829,1757.5018310546875,16,0.01153694737804072,0.6504104994978968,1,0,2.978433810891558e-14,1.1596057447604835e-11
195,5,4836.113|4852.2256|4870.962|4915.8716|4950.0,0.03232479|0.00089452387|0.007846956|0.015663154|0.0007744047,0.00019551157|5.8329992e-06|8.154486e-05|0.00013319014|3.3700812e-06,6743.839|82765340.0|26969.914|14202.07|92724490.0,0.46613184|0.013888847|0.19441701|0.3175311|0.008031204,0.0065983892|0.00019660537|0.002752095|0.0044948524|0.00011368674,Type I: 优势发育主进液簇|Type IV: 砂堵闭合/未起裂死簇|Type II: 均衡/正常发育簇|Type II: 均衡/正常发育簇|Type IV: 砂堵闭合/未起裂死簇,0.08575490862131119,linear,1461.9984130859375,144.33782958984375,0.9235203862190247,1323.239013671875,16,0.011828365567013778,0.6337812822768288,0,-1,8.088072312589789e-14,4.5929482439532876e-11
196,2,4778.209|4796.04,0.012|0.0009673364,0.0015|8.989131e-06,285478.9|64156750.0,0.99239814|0.007601852,0.020689607|0.00015848411,Type V: 沟通天然断层/强微裂缝簇|Type IV: 砂堵闭合/未起裂死簇,0.0262046717107296,linear,1475.37744140625,106.68370056152344,1.3601399660110474,502.9855651855469,6,0.008693727330594835,0.6093671755945043,1,0,5.691412239498123e-14,2.5295321393059567e-11
197,2,4752.083|4794.7607,0.010015066|0.009268428,7.820556e-05|8.9862755e-05,98972.05|106897.0,0.46535388|0.5346461,0.008261863|0.009492072,Type I: 优势发育主进液簇|Type I: 优势发育主进液簇,0.0968325138092041,cosine,1421.0732421875,194.5397491455078,1.1582757234573364,11422.466796875,12,0.008476508351934451,0.7360665151489392,0,-1,8.090324742603128e-14,3.346940502524376e-10
198,5,4612.9575|4639.1475|4683.417|4704.981|4742.9814,0.009999667|0.0056258054|0.026879922|0.011443769|0.004918689,0.00010931202|5.1288913e-05|0.00019038162|0.00013952906|5.6363166e-05,598312.3|768535.1|249523.94|496823.06|891169.2,0.19995826|0.09405005|0.34784538|0.25484905|0.10329725,0.003214372|0.0015118747|0.005591689|0.004096753|0.0016605254,Type II: 均衡/正常发育簇|Type III: 受抑/欠发育弱进液簇|Type II: 均衡/正常发育簇|Type II: 均衡/正常发育簇|Type III: 受抑/欠发育弱进液簇,0.018785880878567696,cosine,1454.59423828125,122.87071990966797,1.0487550497055054,1042.220703125,4,0.009817771992872475,0.719805555055432,0,-1,7.316496448408691e-14,2.955857780762017e-11
199,1,4799.22,0.008971259,9.409075e-05,487350.3,1.0,0.013610219,Type I: 优势发育主进液簇,0.09952142089605331,cosine,1419.673583984375,89.1781997680664,0.8879375457763672,21139.427734375,4,0.010397274682109242,0.6700212118257883,0,-1,1.0043645060596462e-13,2.841261448338628e-09
200,3,4880.4346|4900.7783|4943.568,0.006866715|0.0073237657|0.012849829,0.00011044862|0.00013399948|0.00019870115,420741.12|431909.94|246747.06,0.24960221|0.30241644|0.44798133,0.0047202697|0.0057190484|0.00847185,Type II: 均衡/正常发育簇|Type II: 均衡/正常发育簇|Type I: 优势发育主进液簇,0.028553906828165054,linear,1463.9735107421875,149.60531616210938,1.233774185180664,2056.09130859375,4,0.011736742104495877,0.6137647115417376,0,-1,8.182325395575743e-14,1.3233147910796106e-10
201,5,4750.228|4764.299|4811.8877|4824.5923|4853.5547,0.00769337|0.0007247625|0.014851015|0.022722572|0.009422837,8.567373e-05|1.4675726e-06|0.00011597102|0.000113240094|0.0005,72198.33|94624070.0|39259.82|34005.68|71117.945,0.10557632|0.001808501|0.14281723|0.13944608|0.61035186,0.0013742581|2.3540762e-05|0.0018590129|0.0018151315|0.007944783,Type III: 受抑/欠发育弱进液簇|Type IV: 砂堵闭合/未起裂死簇|Type III: 受抑/欠发育弱进液簇|Type III: 受抑/欠发育弱进液簇|Type V: 沟通天然断层/强微裂缝簇,0.01334994938224554,linear,1496.378662109375,93.3747329711914,0.8492177724838257,383.7935791015625,16,0.008424896835654252,0.7464342225985157,1,4,4.5577928096170867e-14,2.034994395216927e-11
202,6,4601.598|4650.7505|4690.5386|4705.264|4734.2773|4767.828,0.0003561933|0.011430706|0.00038006122|0.020474209|0.0049313097|0.012115257,9.066566e-06|0.000113149545|5.244425e-06|0.00016574767|7.8337755e-05|0.00011796979,51310468.0|90757.88|92100980.0|49056.566|158824.39|81104.77,0.018500786|0.23118477|0.010706812|0.3385697|0.1600451|0.24099283,0.00025596799|0.003198561|0.0001481343|0.0046842876|0.002214307|0.0033342608,Type IV: 砂堵闭合/未起裂死簇|Type II: 均衡/正常发育簇|Type IV: 砂堵闭合/未起裂死簇|Type II: 均衡/正常发育簇|Type II: 均衡/正常发育簇|Type II: 均衡/正常发育簇,0.05931158736348152,cosine,1434.2911376953125,98.17851257324219,0.9026361703872681,934.601318359375,12,0.008643845422760692,0.6679188002889437,0,-1,7.911597402600681e-14,9.094947017729282e-13
203,1,4744.642,0.011584745,0.00010696851,522630.75,1.0,0.0178302,Type I: 优势发育主进液簇,0.011556217446923256,cosine,1480.413818359375,131.97808837890625,1.163251280784607,28143.669921875,6,0.008323244654318098,0.6733206756258905,0,-1,5.21481390513244e-14,1.989974407479167e-09
204,3,4650.543|4691.6753|4733.5957,0.002523411|0.016807621|0.006639203,2.9001954e-05|0.0001344245|7.059229e-05,256571.02|78660.19|182537.73,0.1239899|0.5743288|0.30168134,0.0025136473|0.011643366|0.0061159856,Type III: 受抑/欠发育弱进液簇|Type I: 优势发育主进液簇|Type II: 均衡/正常发育簇,0.020900683477520943,linear,1481.427001953125,189.91311645507812,1.3226206302642822,7780.72412109375,8,0.009602352626238797,0.7082394968395126,0,-1,7.598453387758913e-14,5.784386303275824e-10
205,4,4661.698|4696.2417|4715.3794|4749.068,0.005|0.0292377|0.0033776003|0.0057135755,0.0005|0.000176202|3.1107927e-05|6.985354e-05,469100.72|81465.13|391394.22|307945.03,0.6307947|0.23465805|0.041472487|0.09307473,0.010301929|0.003832357|0.0006773148|0.0015200656,Type V: 沟通天然断层/强微裂缝簇|Type II: 均衡/正常发育簇|Type III: 受抑/欠发育弱进液簇|Type III: 受抑/欠发育弱进液簇,0.05896764621138573,linear,1404.2203369140625,162.90658569335938,1.065486192703247,687.7579345703125,8,0.008415197750114714,0.7403721937090796,1,0,1.6378876878907211e-13,2.717115421546623e-11
206,2,4772.437|4797.691,0.005|0.017766453,0.0005|0.00018863539,243606.25|71945.1,0.7204168|0.2795832,0.013121816|0.0050923848,Type V: 沟通天然断层/强微裂缝簇|Type II: 均衡/正常发育簇,0.0280996635556221,linear,1456.059814453125,75.35842895507812,1.1883037090301514,870.1905517578125,8,0.010654903462425246,0.6185617907474824,1,0,2.8000607000676532e-14,6.275513442233205e-11
207,5,4810.31|4836.9004|4859.9873|4908.761|4925.758,0.027413087|0.004399111|0.0051788725|0.014257257|0.010480077,0.00018148104|3.9047467e-05|4.5856825e-05|0.00013308998|0.00013379032,44535.812|141465.53|136422.4|73704.484|85560.69,0.34032106|0.07326421|0.086033516|0.249549|0.2508322,0.0047256243|0.0010173309|0.0011946426|0.0034651833|0.0034830016,Type II: 均衡/正常发育簇|Type III: 受抑/欠发育弱进液簇|Type III: 受抑/欠发育弱进液簇|Type II: 均衡/正常发育簇|Type II: 均衡/正常发育簇,0.09006047993898392,linear,1492.078857421875,106.13256072998047,0.9059154987335205,823.0855102539062,8,0.011031859532755562,0.7067757087644626,0,-1,7.195854562170798e-14,4.7975845518521965e-11
208,1,4620.433,0.01389435,9.455924e-05,63248.547,1.0,0.016099183,Type I: 优势发育主进液簇,0.05784101039171219,linear,1472.9381103515625,131.70413208007812,1.050318717956543,29183.560546875,16,0.008327089355412803,0.7289924196017025,0,-1,7.284053731276136e-14,5.566107574850321e-10
209,5,4660.096|4694.819|4723.235|4738.4604|4764.3594,0.010123657|0.025468843|0.00088044954|0.008533996|0.008808793,0.000120499106|0.00020521121|7.600104e-06|8.20159e-05|0.00010069384,69771.98|31198.686|77894340.0|75342.125|75817.14,0.23354425|0.39762416|0.014702536|0.15897566|0.19515337,0.0038953298|0.0066320505|0.00024522646|0.002651586|0.0032550008,Type II: 均衡/正常发育簇|Type I: 优势发育主进液簇|Type IV: 砂堵闭合/未起裂死簇|Type II: 均衡/正常发育簇|Type II: 均衡/正常发育簇,0.02874169684946537,linear,1450.5472412109375,173.9185028076172,1.0881589651107788,1272.662353515625,16,0.008224245954164155,0.731440743755138,0,-1,8.986052597555541e-14,3.092281986027956e-11
210,5,4814.902|4837.587|4873.7456|4903.005|4933.1313,0.0033300908|0.017102161|0.0034771534|0.0002563916|0.020375615,5.5311433e-05|0.00022215449|5.56205e-05|7.1494896e-06|0.00019269774,1163613.2|311723.28|1148842.5|50081544.0|405759.1,0.10426854|0.41629636|0.104834974|0.013481886|0.36111823,0.0013793237|0.0055070054|0.0013868167|0.00017834606|0.0047770776,Type III: 受抑/欠发育弱进液簇|Type I: 优势发育主进液簇|Type III: 受抑/欠发育弱进液簇|Type IV: 砂堵闭合/未起裂死簇|Type I: 优势发育主进液簇,0.04300081357359886,cosine,1471.24951171875,179.2245635986328,0.8630385398864746,837.8177490234375,4,0.009322848580495808,0.6866823234148641,0,-1,1.1198897034324015e-13,4.4565240386873484e-11
211,1,4626.967,0.008242791,0.0007565454,66262.03,1.0,0.02052138,Type V: 沟通天然断层/强微裂缝簇,0.02557309716939926,cosine,1462.34765625,179.94830322265625,1.3388251066207886,1022.32275390625,8,0.011612347384998611,0.7327129912419781,1,0,2.975544073288705e-14,1.3244516594568267e-10
212,1,4845.925,0.012,0.0010445161,19482.152,1.0,0.019350074,Type V: 沟通天然断层/强微裂缝簇,0.05040489882230759,linear,1464.7362060546875,119.2471923828125,1.2624086141586304,543.1311645507812,16,0.011845112654671065,0.6436623210005061,1,0,7.8891517071248e-14,3.285549610154703e-11
213,5,4544.2104|4588.157|4605.7827|4648.6377|4661.801,0.0122420015|0.012764375|0.020930372|0.019265855|0.0038140735,7.542026e-05|6.409166e-05|0.00011710722|9.436518e-05|2.3629671e-05,140981.31|149252.69|76720.62|95452.67|213363.14,0.20134546|0.1711049|0.31256485|0.25188747|0.06309733,0.0035258648|0.0029963066|0.005473485|0.0044109323|0.0011049301,Type II: 均衡/正常发育簇|Type II: 均衡/正常发育簇|Type II: 均衡/正常发育簇|Type II: 均衡/正常发育簇|Type III: 受抑/欠发育弱进液簇,0.05514371395111084,linear,1422.461669921875,144.8318328857422,1.1424603462219238,2388.642578125,8,0.010318350500342811,0.6705186691433209,0,-1,7.132453129629276e-14,1.5143086784519255e-10
214,3,4579.608|4617.605|4640.478,0.012|0.009561849|0.002658633,0.0015|0.00013512431|3.755671e-05,14500.069|31718.021|49150.85,0.8952929|0.08192965|0.022777464,0.019212296|0.0017581471|0.00048878684,Type V: 沟通天然断层/强微裂缝簇|Type III: 受抑/欠发育弱进液簇|Type IV: 砂堵闭合/未起裂死簇,0.04957916960120201,cosine,1441.1170654296875,135.40122985839844,1.4000110626220703,389.8725891113281,16,0.010328919227545849,0.716049471518425,1,0,1.826941138790509e-14,8.697043085703626e-12
215,6,4787.5156|4833.5|4847.8706|4882.7847|4926.763|4950.0,0.0051736007|0.0062916405|0.0002858927|0.0035636858|0.005664414|0.041252904,4.2066964e-05|6.8332294e-05|6.1686756e-06|5.186104e-05|7.493442e-05|0.00036307742,1361914.4|1328260.2|57783760.0|1480717.9|1398620.5|198484.47,0.06994082|0.113362126|0.010253393|0.08611108|0.12416196|0.5961706,0.0010565174|0.0017124341|0.00015488647|0.0013007832|0.001875575|0.009005679,Type III: 受抑/欠发育弱进液簇|Type III: 受抑/欠发育弱进液簇|Type IV: 砂堵闭合/未起裂死簇|Type III: 受抑/欠发育弱进液簇|Type III: 受抑/欠发育弱进液簇|Type I: 优势发育主进液簇,0.030134519562125206,linear,1487.2135009765625,104.69776153564453,0.9855149388313293,781.5122680664062,4,0.008441745907052121,0.7493256592382698,0,-1,1.0622484337453886e-13,3.9108272176235914e-11
216,3,4581.988|4624.424|4648.0376,0.00031382637|0.014979986|0.016090412,2.0022846e-06|0.00011906449|0.00016066495,56619264.0|59418.258|50618.383,0.007110702|0.42267454|0.57021475,0.00010807555|0.0064242296|0.008666693,Type IV: 砂堵闭合/未起裂死簇|Type I: 优势发育主进液簇|Type I: 优势发育主进液簇,0.0717904269695282,linear,1457.825439453125,104.47000885009766,0.9915902614593506,3061.68115234375,16,0.00873979647706182,0.6027375441373433,0,-1,1.0146518906106392e-13,4.001776687800884e-11
217,2,4802.8457|4852.722,0.015476571|0.009205532,0.0001849687|0.00010782942,358408.3|450524.47,0.6309203|0.3690797,0.009669294|0.0056564044,Type I: 优势发育主进液簇|Type I: 优势发育主进液簇,0.08806740492582321,linear,1427.9041748046875,128.7459259033203,0.9998562932014465,2940.91943359375,6,0.0088408829202257,0.6815631450385508,0,-1,7.991248992828687e-14,2.5056579033844173e-10
218,6,4674.916|4688.374|4715.4897|4732.184|4756.04|4797.783,0.013908469|0.0065895636|0.029138006|0.00084342144|0.018811703|0.012287801,0.00010753958|5.2020034e-05|0.00015954187|3.3335632e-06|0.00013764948|0.00013883432,190126.14|272952.44|95334.21|80258840.0|132684.78|191929.64,0.17961769|0.08694349|0.26639768|0.005570379|0.22981682|0.23165393,0.0026764849|0.0012955457|0.0039695944|8.300428e-05|0.0034245027|0.0034518775,Type II: 均衡/正常发育簇|Type III: 受抑/欠发育弱进液簇|Type II: 均衡/正常发育簇|Type IV: 砂堵闭合/未起裂死簇|Type II: 均衡/正常发育簇|Type II: 均衡/正常发育簇,0.02181534469127655,linear,1440.079833984375,57.403934478759766,0.9721493721008301,720.5208740234375,6,0.010761873548325218,0.6836285799268365,0,-1,1.7928141813456332e-14,7.275957614183426e-12
219,4,4616.8447|4663.217|4703.0547|4740.3267,0.0014957858|0.018840699|0.0004912867|0.0059670033,3.368802e-05|0.00031513427|5.342837e-06|0.00010050297,310047.5|55709.414|96206230.0|207959.75,0.07425389|0.69269645|0.011760276|0.2212894,0.0009499899|0.008862225|0.0001504587|0.002831134,Type III: 受抑/欠发育弱进液簇|Type I: 优势发育主进液簇|Type IV: 砂堵闭合/未起裂死簇|Type II: 均衡/正常发育簇,0.07788839191198349,linear,1436.807861328125,85.86456298828125,0.8346744775772095,912.3497314453125,6,0.01075768556281275,0.7000288459050075,0,-1,5.166011932469794e-14,7.014477887423709e-11
220,4,4754.667|4767.276|4814.56|4844.627,0.0051202206|0.007762803|0.014727808|0.0063815666,6.593363e-05|9.5167205e-05|0.00015086401|0.000100265,120807.82|97846.734|47692.152|107212.07,0.15998778|0.2308749|0.36593544|0.2432019,0.0028265663|0.004078957|0.006465124|0.004296743,Type II: 均衡/正常发育簇|Type II: 均衡/正常发育簇|Type I: 优势发育主进液簇|Type II: 均衡/正常发育簇,0.06810103356838226,cosine,1423.0926513671875,76.25152587890625,1.1526294946670532,1975.23779296875,8,0.01102763999443582,0.7069319834054848,0,-1,3.6133138039788626e-14,1.7280399333685637e-11
221,4,4737.947|4787.853|4834.505|4867.9175,0.012588621|0.008507309|0.009052357|0.0032909883,0.00016871784|0.0001318178|0.00013721638|5.580012e-05,66426.984|77614.984|73331.53|126290.836,0.34179538|0.2670852|0.2780093|0.11311016,0.007737294|0.0060460633|0.0062933546|0.0025604984,Type II: 均衡/正常发育簇|Type II: 均衡/正常发育簇|Type II: 均衡/正常发育簇|Type III: 受抑/欠发育弱进液簇,0.024603556841611862,linear,1479.8477783203125,114.25422668457031,1.4768630266189575,2319.134033203125,16,0.008256902331181723,0.6429553631988341,0,-1,9.471653875711e-14,1.4415491023100913e-10
222,1,4659.315,0.0106052,0.00011592839,122615.44,1.0,0.018643202,Type I: 优势发育主进液簇,0.04561473801732063,linear,1426.8846435546875,95.26089477539062,1.216291904449463,26065.404296875,8,0.009982129390190199,0.7286745428842352,0,-1,1.6060185137074107e-13,0.0
223,3,4545.5015|4572.6226|4583.2593,0.0121689085|0.011164865|0.0048154355,0.0001437509|0.000119526725|7.573575e-05,61495.71|64828.516|103135.14,0.42397484|0.35258168|0.22344348,0.0062741907|0.0052176793|0.003306628,Type I: 优势发育主进液簇|Type I: 优势发育主进液簇|Type II: 均衡/正常发育簇,0.07125730812549591,cosine,1447.5692138671875,120.38524627685547,0.9654614925384521,2068.403564453125,12,0.009801255800521977,0.6430715385554017,0,-1,1.9810677620926698e-14,4.0472514228895307e-11
224,6,4613.513|4659.872|4693.6167|4715.592|4752.8833|4792.4893,0.0005158727|0.010327749|0.028868496|0.006826297|0.007576332|0.01397367,3.713155e-06|8.850633e-05|0.00029483292|7.115636e-05|0.0005|0.00010504976,56894980.0|34523.95|11709.91|39336.54|41690.598|30099.963,0.0035067548|0.083519965|0.27794075|0.067093216|0.46892405|0.09901529,5.5500735e-05|0.0013218545|0.004398915|0.0010618715|0.007421571|0.001567096,Type IV: 砂堵闭合/未起裂死簇|Type III: 受抑/欠发育弱进液簇|Type II: 均衡/正常发育簇|Type III: 受抑/欠发育弱进液簇|Type V: 沟通天然断层/强微裂缝簇|Type III: 受抑/欠发育弱进液簇,0.03120392933487892,cosine,1454.037841796875,64.91685485839844,1.0325489044189453,335.5318908691406,12,0.011554819923165151,0.7188646749291924,1,4,1.44680782924924e-14,2.8990143619012088e-12
225,1,4535.356,0.011351889,0.00011512696,365341.88,1.0,0.01525275,Type I: 优势发育主进液簇,0.011975627392530441,cosine,1498.455322265625,162.1888885498047,0.9950971007347107,17842.80859375,4,0.011505225838121653,0.6291487874465429,0,-1,3.400582156902303e-14,1.0368239600211382e-09
226,6,4818.2993|4840.034|4859.549|4887.25|4922.663|4950.0,0.0095330505|0.0025436108|0.021347223|0.012712692|0.0054044505|0.009081811,0.00011277583|4.9718896e-05|0.0002217884|0.00013135362|8.620129e-05|0.00011357313,154566.19|221736.33|60923.387|115508.44|179787.19|143751.5,0.1576911|0.069558226|0.30987185|0.18360099|0.12052473|0.1587531,0.0031110523|0.0013722985|0.0061133914|0.0036222225|0.002377805|0.003132004,Type II: 均衡/正常发育簇|Type III: 受抑/欠发育弱进液簇|Type II: 均衡/正常发育簇|Type II: 均衡/正常发育簇|Type III: 受抑/欠发育弱进液簇|Type II: 均衡/正常发育簇,0.008699985221028328,cosine,1401.4454345703125,116.47554016113281,1.2871150970458984,954.7811279296875,6,0.011982236149472808,0.6402385640535213,0,-1,2.708200993377461e-14,6.377831596182659e-11
227,4,4562.4956|4592.449|4613.989|4631.184,0.0005724868|0.03210458|0.005272988|0.0071279258,4.4865365e-06|0.0001909489|3.3198845e-05|5.0725517e-05,97058680.0|15195.057|84526.3|73406.195,0.016048769|0.6834898|0.11886021|0.18160123,0.00031908287|0.013589199|0.002363188|0.00361061,Type IV: 砂堵闭合/未起裂死簇|Type I: 优势发育主进液簇|Type III: 受抑/欠发育弱进液簇|Type II: 均衡/正常发育簇,0.09163457900285721,cosine,1446.539794921875,158.07069396972656,1.2971168756484985,5298.93212890625,16,0.00909752112244248,0.6681108044087751,0,-1,6.282043570234042e-14,6.72116584610194e-10
228,6,4812.105|4833.1353|4878.3267|4907.302|4930.956|4949.6006,0.008220045|0.013568603|0.005609934|0.020785883|0.010754434|0.012704134,8.88428e-05|0.00012422136|7.276099e-05|0.00018473757|0.000112750975|0.00015183956,108333.13|72206.74|115143.086|50749.543|87635.85|69823.56,0.1209272|0.16902931|0.09900688|0.25120395|0.15335949|0.20647319,0.002412716|0.0033724396|0.001975366|0.005011972|0.0030597986|0.0041195126,Type III: 受抑/欠发育弱进液簇|Type II: 均衡/正常发育簇|Type III: 受抑/欠发育弱进液簇|Type II: 均衡/正常发育簇|Type II: 均衡/正常发育簇|Type II: 均衡/正常发育簇,0.024015946313738823,cosine,1449.40380859375,112.32975006103516,1.3016657829284668,927.8838500976562,8,0.011242073633643176,0.7086117472523643,0,-1,9.16407588377223e-14,7.389644451905042e-12
229,5,4832.2197|4869.865|4888.9775|4928.6504|4948.1665,0.017149061|0.0077896905|0.01108422|0.00022492465|0.009068451,0.00015384513|0.00010161863|0.00013271847|6.5910986e-06|0.000105146784,12419.765|26955.736|24192.98|81332760.0|25697.043,0.30777538|0.203276|0.26546136|0.013162838|0.21032445,0.004526259|0.002989452|0.003903973|0.00019357758|0.0030931095,Type II: 均衡/正常发育簇|Type II: 均衡/正常发育簇|Type II: 均衡/正常发育簇|Type IV: 砂堵闭合/未起裂死簇|Type II: 均衡/正常发育簇,0.024342525750398636,cosine,1402.626708984375,53.93461227416992,0.9594510197639465,962.4081420898438,16,0.010879619249846652,0.6890999147806112,0,-1,1.0097142983918686e-13,5.002220859751105e-11
230,6,4745.9873|4790.8994|4824.186|4850.665|4879.269|4897.6,0.011112779|0.011398457|0.00975305|0.006200023|0.009514801|0.009503155,0.00014258633|0.00018408777|0.00013986912|9.42652e-05|0.0001182588|0.00014513191,63911.207|67053.76|82885.73|98864.086|82534.71|79307.63,0.17310902|0.22329177|0.16968235|0.11439225|0.14348319|0.17604141,0.003820371|0.0049278624|0.0037447475|0.0025245412|0.003166554|0.0038850866,Type II: 均衡/正常发育簇|Type II: 均衡/正常发育簇|Type II: 均衡/正常发育簇|Type III: 受抑/欠发育弱进液簇|Type III: 受抑/欠发育弱进液簇|Type II: 均衡/正常发育簇,0.023160725831985474,cosine,1403.435791015625,76.80106353759766,1.4398032426834106,888.8055419921875,16,0.00823223569486094,0.6671748952500534,0,-1,5.093536405370927e-14,0.0
231,2,4513.035|4553.996,0.021479957|0.0037298286,0.00015809161|2.97101e-05,17431.102|47576.695,0.8417746|0.15822539,0.016661398|0.003131784,Type I: 优势发育主进液簇|Type II: 均衡/正常发育簇,0.07829616218805313,cosine,1413.10009765625,162.9725341796875,1.2913172245025635,11346.4931640625,12,0.011908376832588344,0.711224968552603,0,-1,1.6301499741549173e-14,6.548361852765083e-11
232,2,4555.9106|4599.508,0.0006919902|0.01579417,2.783541e-06|0.00020402586,94786540.0|12644.382,0.013458565|0.98654145,0.000255938|0.0187608,Type IV: 砂堵闭合/未起裂死簇|Type I: 优势发育主进液簇,0.03394220769405365,cosine,1471.54736328125,125.15145874023438,1.24066162109375,8652.267578125,16,0.01158694851467136,0.6149126332887691,0,-1,6.932786372841051e-15,0.0
233,4,4734.5444|4775.064|4794.694|4810.7236,0.0066970247|0.003181773|0.0052074236|0.026441528,7.482707e-05|4.929793e-05|8.585048e-05|0.00029361589,243075.14|289589.9|245966.66|59329.188,0.14877771|0.09803598|0.17062174|0.5825646,0.0024596145|0.0016207448|0.0028207432|0.009631041,Type III: 受抑/欠发育弱进液簇|Type III: 受抑/欠发育弱进液簇|Type II: 均衡/正常发育簇|Type I: 优势发育主进液簇,0.002590639516711235,linear,1479.9560546875,168.3045196533203,1.0785653591156006,1302.8458251953125,6,0.010859184557490683,0.6945707187406587,0,-1,7.345124129146813e-14,2.2737367544323206e-13
234,6,4574.006|4596.088|4611.8843|4658.761|4689.2793|4724.222,0.00047999938|0.0031082816|0.0040281788|0.032487787|0.008098557|0.00043237626,7.4557965e-06|6.0509206e-05|5.8762034e-05|0.00038730275|0.00010049824|4.7100757e-06,58723108.0|200682.36|192228.77|22394.258|136924.03|87943220.0,0.012040997|0.09782943|0.094998434|0.6251493|0.16237397|0.0076078638,0.00018333999|0.0014895815|0.0014464759|0.009518718|0.002472357|0.000115839706,Type IV: 砂堵闭合/未起裂死簇|Type III: 受抑/欠发育弱进液簇|Type III: 受抑/欠发育弱进液簇|Type I: 优势发育主进液簇|Type II: 均衡/正常发育簇|Type IV: 砂堵闭合/未起裂死簇,0.009622295387089252,linear,1481.9439697265625,198.71791076660156,0.9933723211288452,848.5890502929688,6,0.011964806206620687,0.6752596304248916,0,-1,1.154104074677434e-13,9.57243173616007e-11
235,2,4760.1978|4783.9443,0.0049811336|0.009838116,5.726337e-05|0.00015651099,336658.44|176000.05,0.2681844|0.7318156,0.0061511598|0.016785147,Type II: 均衡/正常发育簇|Type I: 优势发育主进液簇,0.0672895759344101,linear,1413.5811767578125,126.63091278076172,1.4963762760162354,11779.0068359375,6,0.010157003303370738,0.6650499675110282,0,-1,3.796736755827708e-14,9.877112461254e-10
236,5,4718.0596|4746.0815|4762.6694|4784.193|4814.5923,0.00810279|0.017362326|0.008682448|0.012355729|0.011768693,8.254565e-05|0.000105783314|9.447352e-05|0.00011577063|7.702435e-05,37060.426|21815.527|33589.312|27428.64|32240.736,0.17358136|0.22242786|0.19863576|0.24340175|0.16195329,0.0024483914|0.0031373787|0.0028017873|0.0034332187|0.0022843755,Type II: 均衡/正常发育簇|Type II: 均衡/正常发育簇|Type II: 均衡/正常发育簇|Type II: 均衡/正常发育簇|Type II: 均衡/正常发育簇,0.052358441054821014,cosine,1401.582275390625,184.80255126953125,0.9202272295951843,1103.15576171875,16,0.01040496263559991,0.6764169028311274,0,-1,2.3490153168415594e-14,3.342393029015511e-11
237,5,4630.1377|4659.2476|4704.228|4734.2295|4746.4453,0.020559473|0.021035748|0.0043484205|0.009259663|0.00095162005,0.00018571274|0.00019622454|5.7554436e-05|7.101413e-05|2.1308797e-06,217713.62|188632.58|533161.6|390049.4|70755370.0,0.36200944|0.38252172|0.112502575|0.13879801|0.0041682557,0.005322306|0.00562388|0.0016540263|0.0020406249|6.12822e-05,Type I: 优势发育主进液簇|Type I: 优势发育主进液簇|Type III: 受抑/欠发育弱进液簇|Type III: 受抑/欠发育弱进液簇|Type IV: 砂堵闭合/未起裂死簇,0.0898955687880516,linear,1407.1844482421875,141.22268676757812,0.9591736793518066,1009.54443359375,4,0.01125578026004321,0.6803127409053061,0,-1,4.117899462174543e-14,3.751665644813329e-12
238,4,4550.5576|4586.511|4625.851|4650.506,0.019471448|0.012601212|0.00062265154|0.0018831766,0.0002026002|0.00017198749|6.921026e-06|3.0789604e-05,40020.41|61359.34|69245624.0|152293.72,0.4913979|0.41709802|0.016772037|0.07473205,0.0066802558|0.005670194|0.00022800567|0.0010159368,Type I: 优势发育主进液簇|Type I: 优势发育主进液簇|Type IV: 砂堵闭合/未起裂死簇|Type III: 受抑/欠发育弱进液簇,0.056792158633470535,linear,1469.482177734375,160.99835205078125,0.8869050145149231,1284.381591796875,12,0.00938371281143056,0.6567295871624681,0,-1,1.5657233268153575e-13,5.775291356258094e-11
239,5,4515.2383|4527.41|4572.057|4582.963|4614.182,0.00033618425|0.029873548|0.0057144295|0.014709279|0.00039608023,5.1325933e-06|0.0002817954|8.6282926e-05|0.00015906613|9.664244e-06,58506220.0|6648.082|26896.045|13340.787|95549290.0,0.00946712|0.5200027|0.15923607|0.29353604|0.017758064,0.00017424107|0.00957058|0.0029307185|0.0054024914|0.0003268348,Type IV: 砂堵闭合/未起裂死簇|Type I: 优势发育主进液簇|Type II: 均衡/正常发育簇|Type II: 均衡/正常发育簇|Type IV: 砂堵闭合/未起裂死簇,0.06602814793586731,linear,1437.4046630859375,133.31008911132812,1.2007427215576172,1349.50927734375,16,0.011335188838189562,0.7400010020633645,0,-1,3.958648120134904e-14,4.3655745685100555e-11
240,5,4679.4023|4705.5923|4733.5415|4758.546|4770.0605,0.0023552377|0.005|0.012610184|0.016597511|0.008477014,4.168933e-05|0.0005|0.00017402037|0.00024097825|0.00016270186,267670.7|290493.03|113689.64|71020.18|165089.61,0.037882917|0.43853706|0.1577704|0.21838275|0.14742686,0.00051439507|0.0059546973|0.0021422931|0.002965321|0.002001843,Type IV: 砂堵闭合/未起裂死簇|Type V: 沟通天然断层/强微裂缝簇|Type II: 均衡/正常发育簇|Type II: 均衡/正常发育簇|Type III: 受抑/欠发育弱进液簇,0.0064967540092766285,linear,1445.62890625,122.6971664428711,0.885871410369873,310.3101806640625,6,0.011394561334825333,0.6571163376160988,1,1,8.993930681591364e-14,6.252776074688882e-12
241,5,4777.1924|4809.7856|4825.334|4847.065|4869.3027,0.01978197|0.0031651566|0.0009006533|0.020657893|0.010264767,0.00013912452|3.360255e-05|6.4187902e-06|0.000159044|7.219597e-05,18040.303|52216.61|71145300.0|15669.437|34528.188,0.33902937|0.081893116|0.015620609|0.38752595|0.17593096,0.005107792|0.0012337958|0.00023533896|0.005838438|0.0026505634,Type II: 均衡/正常发育簇|Type III: 受抑/欠发育弱进液簇|Type IV: 砂堵闭合/未起裂死簇|Type I: 优势发育主进液簇|Type II: 均衡/正常发育簇,0.06766224652528763,linear,1481.0897216796875,133.59324645996094,0.9829087257385254,1526.1739501953125,16,0.010781558383563303,0.6172835027346166,0,-1,1.0523993379226229e-13,4.4792614062316716e-11
242,3,4798.21|4843.6367|4868.375,0.018786095|0.0088811815|0.0018994103,0.00022381301|0.00011924319|3.0011013e-05,21905.168|37534.71|68322.28,0.59985304|0.31967303|0.080473945,0.007675716|0.0040905345|0.0010297442,Type I: 优势发育主进液簇|Type II: 均衡/正常发育簇|Type III: 受抑/欠发育弱进液簇,0.06334568560123444,linear,1496.182373046875,140.38790893554688,0.834817111492157,1350.056396484375,12,0.011307829792729414,0.6808164614518686,0,-1,1.0845415277654924e-13,9.958966984413564e-11
243,6,4818.793|4843.928|4861.917|4876.4087|4917.807|4950.0,0.009064043|0.008417983|0.012740483|0.016908593|0.017773757|0.0049288217,0.00010163026|4.707194e-05|9.214152e-05|0.0001214445|8.4326035e-05|4.748272e-05,117406.33|133773.6|86642.74|68258.37|89375.38|157939.5,0.20566937|0.09529559|0.18648817|0.2457575|0.17067282|0.09611654,0.0031997415|0.0014825799|0.0029013262|0.0038234203|0.0026552756|0.001495352,Type II: 均衡/正常发育簇|Type III: 受抑/欠发育弱进液簇|Type II: 均衡/正常发育簇|Type II: 均衡/正常发育簇|Type II: 均衡/正常发育簇|Type III: 受抑/欠发育弱进液簇,0.07631906867027283,cosine,1402.798828125,189.95721435546875,1.0149918794631958,1229.9036865234375,8,0.010360281708337731,0.7354473208561237,0,-1,1.2778198095995952e-13,2.4556356947869062e-11
244,6,4713.695|4737.573|4773.1016|4796.9023|4822.745|4834.346,0.0057088705|0.027694818|0.022079218|0.00039740492|0.00082048273|0.00086354284,4.2058116e-05|0.00014704412|0.00011591278|2.4474373e-06|7.2555704e-06|3.494173e-06,935262.4|204066.31|321828.88|67890504.0|83292690.0|66984188.0,0.1323259|0.46198687|0.36418912|0.0077047013|0.022795755|0.010997636,0.0029259126|0.010215183|0.0080527365|0.00017036183|0.0005040464|0.00024317329,Type III: 受抑/欠发育弱进液簇|Type I: 优势发育主进液簇|Type I: 优势发育主进液簇|Type IV: 砂堵闭合/未起裂死簇|Type IV: 砂堵闭合/未起裂死簇|Type IV: 砂堵闭合/未起裂死簇,0.0014053157065063715,linear,1499.838623046875,52.42253112792969,1.4425597190856934,4993.08056640625,4,0.009508117159355215,0.7001174514741453,0,-1,1.725982604180911e-14,5.438778316602111e-10
245,5,4837.2515|4882.0015|4915.2983|4937.223|4950.0,0.012641453|0.0070428946|0.008719739|0.013582013|0.0054905075,0.00011146378|7.665149e-05|8.350298e-05|9.774109e-05|5.8530117e-05,74595.4|119147.62|103933.68|80811.29|146505.55,0.2604984|0.17914376|0.19514644|0.22841296|0.13679844,0.0052162632|0.003587204|0.0039076447|0.004573779|0.0027392746,Type II: 均衡/正常发育簇|Type II: 均衡/正常发育簇|Type II: 均衡/正常发育簇|Type II: 均衡/正常发育簇|Type III: 受抑/欠发育弱进液簇,0.05093838647007942,linear,1437.51513671875,76.59053039550781,1.3063867092132568,2347.046630859375,12,0.009183385680883656,0.6249390344960151,0,-1,6.254794181507692e-14,1.1959855328314006e-10
246,1,4623.811,0.011020124,0.00091675593,389865.5,1.0,0.013821727,Type V: 沟通天然断层/强微裂缝簇,0.06690309196710587,linear,1473.778076171875,81.0237808227539,0.9017363786697388,418.9328308105469,8,0.008096122165665097,0.613840031328816,1,0,4.568454921543945e-14,1.5916157281026244e-12
247,1,4793.8145,0.009686783,0.00013831111,575784.5,1.0,0.021157512,Type I: 优势发育主进液簇,0.0868593230843544,linear,1452.17578125,122.3222427368164,1.380326747894287,23866.623046875,6,0.008167139025007283,0.6657210658299871,0,-1,5.952538944609467e-14,8.731149137020111e-10
248,4,4856.941|4874.5713|4902.7925|4950.0,0.006741439|0.0028717779|0.010970124|0.011659645,8.729201e-05|4.4830675e-05|0.0001858464|0.0001603527,175637.31|231398.14|93687.57|102073.695,0.18261443|0.093821235|0.38837326|0.33519107,0.003340202|0.0017160849|0.0071037374|0.006130982,Type II: 均衡/正常发育簇|Type III: 受抑/欠发育弱进液簇|Type I: 优势发育主进液簇|Type II: 均衡/正常发育簇,0.057008467614650726,linear,1492.9326171875,118.5367431640625,1.1933144330978394,1650.512451171875,8,0.009813228293637656,0.7077019031070064,0,-1,1.0185842241276083e-13,1.0550138540565968e-10
249,3,4716.264|4740.45|4756.987,0.009618153|0.006027024|0.025064489,0.00012498036|6.2423875e-05|0.00019262603,139671.2|195934.42|70930.87,0.32887805|0.16437556|0.5067464,0.00483208|0.0024151076|0.007445432,Type II: 均衡/正常发育簇|Type II: 均衡/正常发育簇|Type I: 优势发育主进液簇,0.0526309460401535,cosine,1421.5479736328125,75.22314453125,0.9585539102554321,1614.82080078125,8,0.010120984917281424,0.7070572316399377,0,-1,2.3849671220679998e-14,6.934897101018578e-11
250,1,4698.863,0.010656079,0.00013662904,351790.47,1.0,0.022267308,Type I: 优势发育主进液簇,0.09624265879392624,linear,1428.8858642578125,104.97660827636719,1.452730417251587,26934.609375,4,0.011197396821641128,0.6806826151702021,0,-1,3.100599001181793e-14,1.5170371625572443e-09
251,1,4819.939,0.013944007,0.00012774004,49912.695,1.0,0.017014582,Type I: 优势发育主进液簇,0.07989831268787384,linear,1469.1478271484375,93.58784484863281,1.1100398302078247,17906.103515625,16,0.009282853624940345,0.6556290318614295,0,-1,6.321216472352301e-14,0.0
252,6,4555.4883|4595.0386|4643.46|4664.2812|4707.347|4731.4287,0.010160644|0.0048201783|0.027328797|0.0199781|0.0060773934|0.003558088,0.0006971331|7.5802855e-05|0.000250675|0.00018631175|7.473984e-05|5.601426e-05,178042.28|238470.52|64733.777|104159.87|229632.28|253824.84,0.5101617|0.05776306|0.19070067|0.1417616|0.05693351|0.042679463,0.00869489|0.0009844789|0.0032501877|0.0024160997|0.0009703406|0.00072740315,Type V: 沟通天然断层/强微裂缝簇|Type III: 受抑/欠发育弱进液簇|Type II: 均衡/正常发育簇|Type III: 受抑/欠发育弱进液簇|Type III: 受抑/欠发育弱进液簇|Type III: 受抑/欠发育弱进液簇,0.03113417513668537,cosine,1434.8751220703125,192.34793090820312,1.1119199991226196,415.0884094238281,8,0.01019450512798847,0.611302299750189,1,0,8.407251945400512e-14,6.480149750132114e-12
253,4,4751.0176|4798.7964|4817.106|4854.422,0.005196969|0.0007967081|0.0030606564|0.02839485,8.114135e-05|3.8134997e-06|3.853043e-05|0.0002661486,41376.03|83161900.0|52682.188|9344.276,0.20830604|0.009784521|0.09891203|0.6829974,0.0028410503|0.0001334494|0.0013490441|0.009315284,Type II: 均衡/正常发育簇|Type IV: 砂堵闭合/未起裂死簇|Type III: 受抑/欠发育弱进液簇|Type I: 优势发育主进液簇,0.03764877840876579,linear,1483.74853515625,126.4967269897461,0.8898040056228638,1388.932861328125,16,0.010170488649423229,0.6960704338230596,0,-1,1.451238760240281e-13,9.345058060716838e-11
254,6,4733.8623|4756.1123|4767.0537|4787.2495|4804.0977|4834.371,0.003111492|0.005854343|0.005353999|0.016236076|0.022991823|0.0041497406,4.3739674e-05|6.891894e-05|6.515293e-05|0.00015812456|0.00014371933|5.002169e-05,129987.85|114877.67|106214.62|42397.33|36975.496|116131.15,0.08261045|0.13013317|0.12302291|0.29846713|0.27131328|0.09445306,0.0011129042|0.0017531166|0.0016573292|0.004020863|0.0036550541|0.0012724444,Type III: 受抑/欠发育弱进液簇|Type III: 受抑/欠发育弱进液簇|Type III: 受抑/欠发育弱进液簇|Type II: 均衡/正常发育簇|Type II: 均衡/正常发育簇|Type III: 受抑/欠发育弱进液簇,0.05771706998348236,cosine,1443.2236328125,50.20979309082031,0.8789012432098389,732.92333984375,8,0.011344868717737405,0.6993086393623787,0,-1,2.704125155538568e-15,3.1036506698001176e-11
255,1,4535.086,0.007029873,0.00015218413,82616.08,1.0,0.02208248,Type I: 优势发育主进液簇,0.055288396775722504,linear,1497.8453369140625,178.93325805664062,1.4406720399856567,21363.4609375,16,0.008216283349470915,0.6501028492782969,0,-1,1.351172727306546e-14,8.185452315956354e-10
256,5,4820.544|4844.414|4887.9985|4928.085|4950.0,0.009912425|0.012|0.0034100807|0.01940322|0.004801386,0.00010988722|0.0007666685|5.2187785e-05|0.00012513692|4.964374e-05,163872.95|140124.2|279666.03|109177.1|253793.98,0.10230246|0.68642837|0.048591036|0.11645407|0.046224073,0.0019203908|0.012885425|0.0009121362|0.0021860404|0.0008677043,Type III: 受抑/欠发育弱进液簇|Type V: 沟通天然断层/强微裂缝簇|Type III: 受抑/欠发育弱进液簇|Type III: 受抑/欠发育弱进液簇|Type III: 受抑/欠发育弱进液簇,0.07554822415113449,cosine,1482.85205078125,60.15141296386719,1.224674940109253,434.93603515625,8,0.009055935078174631,0.7428821238102714,1,1,1.4804345629167853e-13,1.5063505998114124e-11
257,6,4530.8086|4550.6934|4587.184|4603.431|4621.195|4666.3647,0.0037978983|0.000459472|0.018667499|0.005287115|0.012029492|0.015611494,4.0350104e-05|7.4526274e-06|0.00015877617|4.1565694e-05|0.00011197762|0.00014173362,1005502.44|85835650.0|274468.22|889556.7|574109.2|428069.5,0.080619514|0.014865775|0.31632397|0.083029695|0.22304617|0.28211486,0.0010048017|0.00018527967|0.003942506|0.0010348412|0.0027799373|0.0035161404,Type III: 受抑/欠发育弱进液簇|Type IV: 砂堵闭合/未起裂死簇|Type II: 均衡/正常发育簇|Type III: 受抑/欠发育弱进液簇|Type II: 均衡/正常发育簇|Type II: 均衡/正常发育簇,0.06761404126882553,linear,1401.990966796875,154.02438354492188,0.8131254315376282,804.0416870117188,4,0.009451793114033335,0.723008187514134,0,-1,8.893872373598108e-14,0.0
258,6,4798.3257|4808.703|4841.4966|4876.841|4923.451|4950.0,0.015985394|0.019314457|0.014444755|0.0037834775|0.0005523619|0.0041865488,0.00014233652|0.00011275329|9.670653e-05|4.536443e-05|8.520699e-06|3.6488593e-05,46255.938|45584.543|62457.918|129025.83|80279580.0|122711.33,0.32187867|0.25502077|0.21872082|0.10261628|0.019220766|0.0825427,0.0055874344|0.00442686|0.0037967355|0.0017812976|0.00033364983|0.001432844,Type II: 均衡/正常发育簇|Type II: 均衡/正常发育簇|Type II: 均衡/正常发育簇|Type III: 受抑/欠发育弱进液簇|Type IV: 砂堵闭合/未起裂死簇|Type III: 受抑/欠发育弱进液簇,0.08272425830364227,linear,1488.355224609375,190.7210693359375,1.1324982643127441,1791.8056640625,8,0.01110411545939279,0.7240111746544143,0,-1,1.0792791322927677e-14,2.205524651799351e-11
259,1,4509.0884,0.0125079965,0.00011926361,603870.5,1.0,0.019146878,Type I: 优势发育主进液簇,0.006406400818377733,linear,1467.596923828125,81.15479278564453,1.2491519451141357,26143.3046875,6,0.008189877106835759,0.6450035209400378,0,-1,1.286532051681874e-13,7.275957614183426e-11
260,1,4669.4434,0.010896942,0.00013742456,131182.31,1.0,0.016782388,Type I: 优势发育主进液簇,0.07369767874479294,cosine,1400.1651611328125,167.69671630859375,1.0948915481567383,15171.5400390625,6,0.011467274714164937,0.7105987780871391,0,-1,3.4937608632979594e-14,9.00399754755199e-10
261,3,4652.913|4691.3696|4703.294,0.0030194926|0.026612155|0.0009067049,4.0556595e-05|0.00022907699|5.004107e-06,430935.75|102755.78|79538690.0,0.14796813|0.8337872|0.018244673,0.0024359077|0.013726123|0.00030035074,Type III: 受抑/欠发育弱进液簇|Type I: 优势发育主进液簇|Type IV: 砂堵闭合/未起裂死簇,0.05848323181271553,linear,1459.4656982421875,87.36498260498047,1.0740140676498413,3748.6064453125,8,0.008308589509123842,0.7268142074061539,0,-1,2.992650073065095e-14,2.637534635141492e-11
262,5,4757.9844|4782.4|4803.949|4822.066|4868.541,0.011112776|0.010423866|0.018178577|0.011905474|0.00578039,0.00014323382|0.00011730558|0.00017466523|0.00012696293|7.2174545e-05,65477.426|74610.2|52089.715|67270.5|113039.51,0.2258161|0.18494458|0.27528387|0.20014924|0.1138062,0.003091908|0.0025322891|0.0037692282|0.0027404735|0.0015582517,Type II: 均衡/正常发育簇|Type II: 均衡/正常发育簇|Type II: 均衡/正常发育簇|Type II: 均衡/正常发育簇|Type III: 受抑/欠发育弱进液簇,0.06504072993993759,cosine,1498.206298828125,66.97895812988281,0.8932828307151794,570.0575561523438,12,0.009615046134225137,0.6822379333690969,0,-1,7.19626113798548e-14,3.808509063674137e-11
263,3,4610.9575|4635.878|4652.8105,0.0008844844|0.037757475|0.005,7.745299e-06|0.0002807365|0.0005,64554908.0|53646.707|335602.4,0.010067261|0.36472562|0.6252071,0.00016887648|0.0061182063|0.010487736,Type IV: 砂堵闭合/未起裂死簇|Type I: 优势发育主进液簇|Type V: 沟通天然断层/强微裂缝簇,0.03429235517978668,cosine,1404.546630859375,120.87212371826172,1.0943976640701294,650.8195190429688,8,0.009672028768170918,0.6579987692606697,1,2,1.205787992239818e-13,0.0
264,1,4688.729,0.007392908,0.00011198055,47376.633,1.0,0.012941325,Type I: 优势发育主进液簇,0.04990460351109505,linear,1473.176025390625,156.33375549316406,0.8442985415458679,13552.330078125,16,0.009532289326390183,0.6368603138583268,0,-1,2.0240836526926216e-14,9.913492249324918e-10
265,4,4517.8906|4558.7812|4590.801|4640.121,0.01654159|0.01282818|0.00042040867|0.014869251,0.00017728544|0.00013150088|8.977604e-06|0.00013296123,31893.785|41713.473|84041130.0|36108.035,0.39333785|0.2917798|0.019859653|0.29502273,0.007718582|0.005725679|0.0003897117|0.0057893163,Type I: 优势发育主进液簇|Type II: 均衡/正常发育簇|Type IV: 砂堵闭合/未起裂死簇|Type II: 均衡/正常发育簇,0.08145934343338013,cosine,1401.2672119140625,79.94915008544922,1.2802332639694214,2047.7176513671875,12,0.010527228233054027,0.7215932068608848,0,-1,8.769405286570414e-14,2.2282620193436742e-11
266,3,4878.769|4913.279|4950.0,0.015002309|0.0039961427|0.009573427,0.00021738277|6.325925e-05|0.00013541616,316995.94|736283.9|529302.94,0.52157384|0.15268373|0.32574245,0.01151101|0.0033696936|0.0071890582,Type I: 优势发育主进液簇|Type II: 均衡/正常发育簇|Type II: 均衡/正常发育簇,0.026323990896344185,cosine,1453.546875,142.1743621826172,1.4398424625396729,3083.978271484375,4,0.010252973402290333,0.6864013785351674,0,-1,9.21213314506765e-14,5.638867150992155e-11
267,2,4512.274|4537.5723,0.007718601|0.010605931,6.407699e-05|0.0011728324,218109.31|115190.83,0.055546507|0.9444535,0.0011338849|0.019279368,Type III: 受抑/欠发育弱进液簇|Type V: 沟通天然断层/强微裂缝簇,0.02300128899514675,linear,1417.8193359375,81.83496856689453,1.331770896911621,471.2020263671875,6,0.01165262291056967,0.6231156743134204,1,1,6.798420689385154e-15,1.6257217794191092e-11
268,4,4558.277|4592.9287|4616.991|4656.8423,0.025427055|0.016176496|0.00085599197|0.0057233186,0.00024260412|0.00019993009|7.2163434e-06|7.509018e-05,9049.582|13056.324|56622570.0|24725.838,0.46225137|0.3809224|0.0137324445|0.14309376,0.010012236|0.008250674|0.00029744094|0.0030993712,Type I: 优势发育主进液簇|Type I: 优势发育主进液簇|Type IV: 砂堵闭合/未起裂死簇|Type III: 受抑/欠发育弱进液簇,0.026829659938812256,cosine,1466.5965576171875,157.6015625,1.4130911827087402,1947.963623046875,16,0.011688022923283347,0.7135844863922762,0,-1,6.695509489722251e-14,0.0
269,4,4681.692|4716.7104|4747.4854|4793.776,0.00887212|0.008170577|0.013987867|0.01352163,7.48595e-05|5.837817e-05|0.00011193717|9.342224e-05,35124.43|36478.613|26007.578|27973.373,0.22110486|0.17242311|0.33057058|0.27590147,0.003651058|0.0028471865|0.0054586423|0.004555903,Type II: 均衡/正常发育簇|Type II: 均衡/正常发育簇|Type II: 均衡/正常发育簇|Type II: 均衡/正常发育簇,0.0805363580584526,cosine,1428.2957763671875,99.88787078857422,1.0773026943206787,2530.95458984375,12,0.011368572558432334,0.7457853175079677,0,-1,4.1180902139942646e-14,3.1377567211166024e-11
270,4,4833.421|4857.45|4883.852|4921.6895,0.002415552|0.02951673|0.0007226914|0.006816089,4.1443276e-05|0.00033825578|5.9452095e-06|8.572914e-05,44343.57|8306.043|54819676.0|30312.297,0.087957315|0.7175216|0.012604938|0.18191615,0.0017589207|0.014348592|0.00025206644|0.0036378563,Type III: 受抑/欠发育弱进液簇|Type I: 优势发育主进液簇|Type IV: 砂堵闭合/未起裂死簇|Type II: 均衡/正常发育簇,0.011257119476795197,linear,1477.2574462890625,169.56593322753906,1.304642677307129,2049.10693359375,16,0.01069029958947203,0.6997680882399768,0,-1,8.570633081277784e-14,1.2005330063402653e-10
271,3,4853.4688|4882.4033|4900.341,0.006085471|0.011094663|0.013271291,3.979727e-05|0.00015974803|0.0001418993,383936.44|268495.2|190916.02,0.11680967|0.46739727|0.41579306,0.0018494914|0.0074004764|0.0065834075,Type III: 受抑/欠发育弱进液簇|Type I: 优势发育主进液簇|Type I: 优势发育主进液簇,0.09550364315509796,linear,1499.9434814453125,64.49720764160156,1.0329774618148804,2275.043212890625,6,0.009478970510747779,0.7287745981012805,0,-1,1.2489975992748068e-14,0.0
272,4,4746.235|4766.285|4778.019|4820.85,0.023437455|0.005767821|0.0028611582|0.00033249374,0.00036238474|8.834284e-05|6.5279244e-05|5.300118e-06,77569.02|341379.2|410617.22|80369270.0,0.6943153|0.16989335|0.12559655|0.010194785,0.0123409545|0.003019732|0.0022323881|0.00018120496,Type I: 优势发育主进液簇|Type II: 均衡/正常发育簇|Type III: 受抑/欠发育弱进液簇|Type IV: 砂堵闭合/未起裂死簇,0.043247584253549576,cosine,1459.8857421875,96.07427978515625,1.1596029996871948,1328.4168701171875,8,0.008880120913684677,0.6330322916968723,0,-1,1.4444415580077904e-14,7.867129170335829e-11
273,2,4533.7896|4550.8457,0.009508483|0.011321972,0.00010749189|0.00013426146,145720.4|118461.0,0.44469184|0.55530816,0.0067937593|0.008483695,Type I: 优势发育主进液簇|Type I: 优势发育主进液簇,0.01675899513065815,linear,1451.24365234375,124.53272247314453,0.9967088103294373,4168.9345703125,12,0.008557663351403268,0.6326604826028465,0,-1,1.469310377576541e-13,4.0381564758718014e-10
274,2,4758.112|4769.2134,0.0017753906|0.022481905,1.5758125e-05|0.00016197898,133246.23|39618.81,0.0887009|0.9112991,0.0011986532|0.012314774,Type III: 受抑/欠发育弱进液簇|Type I: 优势发育主进液簇,0.06618180871009827,cosine,1484.4337158203125,188.86122131347656,0.881622850894928,6010.6015625,12,0.009964736395138148,0.6377898709028372,0,-1,8.729183588256865e-15,2.874003257602453e-10
275,4,4651.1523|4696.408|4731.825|4766.7666,0.027238207|0.00089504133|0.006902762|0.006511268,0.00016723447|3.6361246e-06|7.01973e-05|4.261919e-05,56602.125|73287570.0|236065.28|247984.36,0.58942586|0.012819459|0.24745995|0.15029472,0.00807316|0.00017558364|0.0033893723|0.0020585342,Type I: 优势发育主进液簇|Type IV: 砂堵闭合/未起裂死簇|Type II: 均衡/正常发育簇|Type II: 均衡/正常发育簇,0.09595142304897308,cosine,1494.9556884765625,85.14228820800781,0.8935763835906982,2454.95068359375,6,0.010891256102320498,0.6829015101173452,0,-1,1.1069482597257999e-13,1.709850039333105e-10
276,1,4706.7373,0.008054455,0.00061146286,848287.6,1.0,0.021054093,Type V: 沟通天然断层/强微裂缝簇,0.0075340233743190765,linear,1489.5911865234375,134.3116455078125,1.3735796213150024,1780.1265869140625,4,0.008966178591514226,0.6838691202376277,1,0,4.383341969558738e-14,3.0240698833949864e-11
277,6,4613.9546|4642.184|4670.5024|4682.3257|4709.5347|4745.1772,0.0009963273|0.007136877|0.0043834676|0.0062417327|0.055997152|0.0007336758,9.720927e-06|5.895169e-05|4.903189e-05|7.01328e-05|0.00039376508|4.295723e-06,61051108.0|1140529.0|1307498.1|1199440.9|160350.39|52136196.0,0.016699862|0.10134734|0.08431566|0.12042873|0.66981447|0.0073939683,0.00030262163|0.001836536|0.0015279014|0.0021823137|0.012137845|0.00013398762,Type IV: 砂堵闭合/未起裂死簇|Type III: 受抑/欠发育弱进液簇|Type III: 受抑/欠发育弱进液簇|Type III: 受抑/欠发育弱进液簇|Type I: 优势发育主进液簇|Type IV: 砂堵闭合/未起裂死簇,0.021201198920607567,linear,1454.48095703125,74.23757934570312,1.1822365522384644,1110.3734130859375,4,0.008706741130210138,0.7454467252669509,0,-1,1.3918984779863475e-13,7.73070496506989e-11
278,3,4738.841|4786.842|4816.1724,0.009778763|0.010821525|0.018690076,7.044891e-05|8.6685286e-05|0.00017001166,363863.0|332096.72|170339.02,0.21555053|0.26512015|0.5193293,0.0028934604|0.0035588623|0.00697126,Type II: 均衡/正常发育簇|Type II: 均衡/正常发育簇|Type I: 优势发育主进液簇,0.09715817868709564,linear,1490.83447265625,139.9491424560547,0.8757613301277161,1864.83837890625,8,0.00885573137728906,0.6151441873002708,0,-1,9.64052378508648e-14,7.594280759803951e-11
279,6,4649.9624|4691.276|4735.5654|4775.9683|4814.0977|4824.5034,0.005|0.017196657|0.0056401896|0.0073566786|0.017834842|0.020771736,0.0005|0.0001359404|5.1731196e-05|8.170693e-05|0.000142767|0.00014854354,171133.61|93281.34|160209.6|147649.73|76728.52|61770.535,0.4664731|0.12936273|0.049251825|0.07775991|0.13582173|0.14133069,0.008853708|0.0024553183|0.00093480485|0.0014758912|0.0025779107|0.0026824714,Type V: 沟通天然断层/强微裂缝簇|Type III: 受抑/欠发育弱进液簇|Type III: 受抑/欠发育弱进液簇|Type III: 受抑/欠发育弱进液簇|Type III: 受抑/欠发育弱进液簇|Type III: 受抑/欠发育弱进液簇,0.06834489852190018,cosine,1454.146240234375,62.994747161865234,1.2382715940475464,457.75091552734375,8,0.010288494931067897,0.7297295294168933,1,0,4.8257584587445626e-14,2.6432189770275727e-11
280,1,4737.4814,0.011486366,0.00078905554,23326.477,1.0,0.017934926,Type V: 沟通天然断层/强微裂缝簇,0.013041481375694275,cosine,1494.3372802734375,181.51071166992188,1.1700836420059204,767.4163818359375,16,0.010766981802741491,0.7172421118062805,1,0,1.694590512834812e-13,6.059508450562134e-11
281,1,4543.8447,0.01038889,0.00010266222,1247041.9,1.0,0.016569352,Type I: 优势发育主进液簇,0.05628814175724983,linear,1404.0478515625,73.70507049560547,1.0809928178787231,26515.68359375,4,0.008356912557836625,0.6467431698065478,0,-1,2.9942689224338875e-14,2.1827872842550278e-10
282,4,4871.636|4882.9585|4915.8667|4929.198,0.008091054|0.0006422896|0.025733197|0.00097339455,0.00011226419|2.7799042e-06|0.00023830745|9.817965e-06,1301377.1|92236504.0|365282.78|56462556.0,0.3095036|0.0077237054|0.6555597|0.027212976,0.0064531467|0.00016103919|0.013668415|0.0005673903,Type II: 均衡/正常发育簇|Type IV: 砂堵闭合/未起裂死簇|Type I: 优势发育主进液簇|Type IV: 砂堵闭合/未起裂死簇,0.039109185338020325,cosine,1477.790771484375,169.93124389648438,1.3602639436721802,3613.774169921875,4,0.008546283604514123,0.6205952522388197,0,-1,1.9468847310666858e-14,0.0
283,2,4608.575|4633.2837,0.010524313|0.008714942,0.0008645532|8.8520246e-05,92380.375|100479.336,0.9043045|0.095695496,0.011912033|0.0012605576,Type V: 沟通天然断层/强微裂缝簇|Type III: 受抑/欠发育弱进液簇,0.02339859865605831,cosine,1466.0386962890625,165.70565795898438,0.8593864440917969,401.4096984863281,12,0.008809969292010153,0.7018914852947434,1,0,2.7655297502585845e-15,5.684341886080802e-14
284,1,4670.898,0.012,0.00069595093,225822.88,1.0,0.019141987,Type V: 沟通天然断层/强微裂缝簇,0.07684696465730667,linear,1409.03515625,178.720947265625,1.2488328218460083,1087.2220458984375,6,0.010039854279217268,0.7062665714554803,1,0,3.715584223217168e-14,5.707079253625125e-11
285,3,4706.232|4738.7056|4762.35,0.0062481957|0.0073403637|0.02786467,7.761188e-05|6.6396286e-05|0.00014802424,225410.19|223813.94|80991.99,0.26578882|0.22741519|0.506796,0.005801774|0.0049641347|0.011062602,Type II: 均衡/正常发育簇|Type II: 均衡/正常发育簇|Type I: 优势发育主进液簇,0.004827436525374651,linear,1426.3236083984375,99.51679229736328,1.424103021621704,5785.64208984375,8,0.009557184889221838,0.7018193460682183,0,-1,1.1332498524654899e-13,4.602043190971017e-10
286,4,4507.12|4545.391|4569.759|4594.6187,0.024292557|0.0057724165|0.015450115|0.00567741,0.00017852512|8.351647e-05|0.00017157939|7.7687015e-05,142294.73|392182.38|236976.16|405359.03,0.3492157|0.16349952|0.33518097|0.15210383,0.0044197524|0.0020692868|0.004242126|0.0019250603,Type II: 均衡/正常发育簇|Type II: 均衡/正常发育簇|Type II: 均衡/正常发育簇|Type II: 均衡/正常发育簇,0.060105763375759125,cosine,1405.39599609375,66.00513458251953,0.8256985545158386,711.31103515625,8,0.008457167262052964,0.6863084216993679,0,-1,1.038951436276199e-13,2.4442670110147446e-11
287,5,4507.7085|4534.3325|4575.8613|4591.8096|4620.2075,0.00035639462|0.017586993|0.007057669|0.002532721|0.011100137,4.9272307e-06|0.00023462826|8.692937e-05|6.374734e-05|0.00018705544,72232750.0|13359.24|39980.81|53057.676|25786.855,0.008532646|0.406449|0.15060672|0.11044586|0.3239658,0.00015094769|0.007190329|0.0026643241|0.001953854|0.005731151,Type IV: 砂堵闭合/未起裂死簇|Type I: 优势发育主进液簇|Type II: 均衡/正常发育簇|Type III: 受抑/欠发育弱进液簇|Type II: 均衡/正常发育簇,0.005751518998295069,cosine,1463.5513916015625,148.7792510986328,1.154144048690796,1146.1690673828125,16,0.010097082019648556,0.6871576689364276,0,-1,1.0198138618571374e-14,4.3428372009657323e-11
288,4,4569.426|4596.7754|4643.093|4672.6904,0.0048455107|0.024727995|0.011111498|0.00086659164,7.174564e-05|0.0001989474|0.0001159841|2.8424797e-06,41569.586|10551.246|27477.797|71469620.0,0.18421362|0.5107345|0.29775542|0.0072964816,0.0027048942|0.007499352|0.0043720813|0.00010713764,Type II: 均衡/正常发育簇|Type I: 优势发育主进液簇|Type II: 均衡/正常发育簇|Type IV: 砂堵闭合/未起裂死簇,0.03134135156869888,cosine,1464.5921630859375,81.35074615478516,0.9579566717147827,1543.226318359375,16,0.010702275396171437,0.6636602748179938,0,-1,1.1991341079820028e-13,1.6689227777533233e-10
289,1,4668.646,0.009236014,0.001073637,137527.48,1.0,0.022055164,Type V: 沟通天然断层/强微裂缝簇,0.08739213645458221,linear,1426.1080322265625,177.87554931640625,1.438889980316162,758.3284301757812,6,0.011066850107925807,0.7475738194302559,1,0,1.491276991217455e-13,1.6825651982799172e-11
290,2,4627.587|4669.63,0.014788028|0.0007251337,0.00017222115|7.7493e-06,196176.02|52966560.0,0.9568871|0.043112863,0.012116971|0.00054593413,Type I: 优势发育主进液簇|Type IV: 砂堵闭合/未起裂死簇,0.05719207599759102,linear,1458.980224609375,105.7686538696289,0.8261343240737915,5115.12841796875,4,0.011611678890718385,0.6178105905605378,0,-1,3.575504963718862e-14,2.6921043172478676e-10
291,3,4889.3706|4910.1074|4935.6895,0.007465618|0.016327262|0.008883927,9.601523e-05|0.00015177211|7.428666e-05,64519.273|33452.727|56336.312,0.298123|0.4711935|0.2306835,0.003932814|0.0062159463|0.003043158,Type II: 均衡/正常发育簇|Type I: 优势发育主进液簇|Type II: 均衡/正常发育簇,0.0071795363910496235,cosine,1425.2310791015625,197.6857452392578,0.860647439956665,1911.278076171875,16,0.009562493058887166,0.6198259856460158,0,-1,6.154151081967651e-14,0.0
292,5,4529.253|4559.236|4590.095|4606.5684|4645.4697,0.018091649|0.0034118535|0.012510838|0.0029925094|0.003607734,0.00016888508|4.9878567e-05|0.000121193254|4.0329378e-05|6.0434977e-05,264810.84|901002.25|520129.5|974742.7|933815.56,0.38289654|0.11337874|0.2747363|0.09169932|0.1372891,0.0050602932|0.0014983935|0.0036308665|0.0012118821|0.0018143887,Type I: 优势发育主进液簇|Type III: 受抑/欠发育弱进液簇|Type II: 均衡/正常发育簇|Type III: 受抑/欠发育弱进液簇|Type III: 受抑/欠发育弱进液簇,0.05945279449224472,linear,1442.97119140625,65.3408203125,0.8622069954872131,1002.3006591796875,4,0.010223723440219972,0.6038744521367833,0,-1,8.571349332337982e-14,8.93578544491902e-11
293,2,4578.1104|4598.1035,0.01621702|0.002484931,0.000105498555|3.013834e-05,514216.97|1458693.2,0.7774224|0.22257759,0.01317689|0.0037725698,Type I: 优势发育主进液簇|Type II: 均衡/正常发育簇,0.03041660785675049,linear,1469.0146484375,156.6415557861328,1.1057913303375244,15899.630859375,4,0.009116657879207556,0.6610366606885425,0,-1,3.5821389257617575e-14,4.001776687800884e-10
294,3,4581.5063|4602.8687|4638.3857,0.008163261|0.005343709|0.010651677,0.00014894435|7.55667e-05|0.00016395668,110307.63|163641.77|93758.48,0.3833735|0.1946462|0.4219803,0.0086281495|0.004380679|0.009497029,Type I: 优势发育主进液簇|Type II: 均衡/正常发育簇|Type I: 优势发育主进液簇,0.019272802397608757,linear,1476.0849609375,129.20162963867188,1.4682934284210205,3586.6669921875,8,0.010076817897895086,0.7269766652547793,0,-1,3.838522246368478e-14,3.0740920919924974e-10
295,3,4620.8677|4665.636|4689.9966,0.03207608|0.0005702569|0.0033469624,0.0001944792|7.3516426e-06|3.4354816e-05,97339.414|93599496.0|501633.66,0.8232498|0.03109885|0.14565136,0.013915955|0.00052568514|0.0024620444,Type I: 优势发育主进液簇|Type IV: 砂堵闭合/未起裂死簇|Type III: 受抑/欠发育弱进液簇,0.018079712986946106,linear,1407.858154296875,58.96050262451172,1.1028048992156982,5251.54833984375,6,0.009908454660704268,0.6389002179051594,0,-1,5.172248805467017e-14,1.3005774235352874e-10
296,4,4868.7397|4913.836|4934.8647|4950.0,0.005|0.0008509427|0.0099610705|0.032167174,0.0005|2.449783e-06|7.775453e-05|0.0002497812,291840.9|60384110.0|167972.1|47224.043,0.59429413|0.0030152819|0.09566752|0.30702308,0.013512444|6.855836e-05|0.002175189|0.0069807726,Type V: 沟通天然断层/强微裂缝簇|Type IV: 砂堵闭合/未起裂死簇|Type III: 受抑/欠发育弱进液簇|Type II: 均衡/正常发育簇,0.0963902398943901,linear,1455.18505859375,78.59524536132812,1.4833710193634033,963.6285400390625,6,0.011914692406592493,0.6044541779081443,1,0,4.8981580916913556e-14,3.410605131648481e-11
297,4,4847.1973|4895.686|4914.036|4950.0,0.014492073|0.0045389268|0.003049692|0.008216661,0.00019875831|6.555414e-05|5.6210552e-05|0.00010528172,250373.44|695138.4|815352.7|510904.9,0.46608645|0.15424372|0.13228475|0.24738508,0.005805352|0.0019211867|0.0016476762|0.0030813112,Type I: 优势发育主进液簇|Type II: 均衡/正常发育簇|Type III: 受抑/欠发育弱进液簇|Type II: 均衡/正常发育簇,0.07493975758552551,linear,1408.1990966796875,199.6774139404297,0.8126047849655151,1092.094482421875,6,0.008461224562663164,0.6589728500298003,0,-1,1.6782445387813344e-13,1.2300915841478854e-10
298,3,4878.381|4889.2817|4903.86,0.0152271325|0.0064501334|0.012,9.202539e-05|6.734799e-05|0.0009743455,282169.97|364437.22|142418.47,0.08564219|0.06268559|0.85167223,0.001479029|0.0010825716|0.014708264,Type III: 受抑/欠发育弱进液簇|Type III: 受抑/欠发育弱进液簇|Type V: 沟通天然断层/强微裂缝簇,0.07901326566934586,linear,1419.3243408203125,181.1611785888672,1.126694679260254,499.128173828125,6,0.010603820478710096,0.605887789356138,1,2,1.6131949834123638e-13,3.069544618483633e-12
299,5,4805.8564|4849.3755|4891.8877|4910.912|4927.037,0.0103179645|0.011509107|0.0026360503|0.011745103|0.0025939664,9.8223536e-05|0.000117848336|4.1554293e-05|0.00016425077|3.6573318e-05,203030.3|156210.88|413675.4|177634.42|407869.1,0.21436796|0.2571415|0.090731464|0.3578979|0.07986116,0.0042159176|0.0050571333|0.0017843916|0.0070386827|0.001570608,Type II: 均衡/正常发育簇|Type II: 均衡/正常发育簇|Type III: 受抑/欠发育弱进液簇|Type I: 优势发育主进液簇|Type III: 受抑/欠发育弱进液簇,0.09736707806587219,cosine,1408.344482421875,144.48141479492188,1.2830675840377808,2065.51220703125,8,0.00865203502148744,0.6835113573865742,0,-1,1.852325530373594e-14,2.332853910047561e-10
300,1,4685.3613,0.01058637,0.00015283632,206050.3,1.0,0.021439414,Type I: 优势发育主进液簇,0.05725644528865814,cosine,1493.3702392578125,197.81661987304688,1.3987181186676025,20057.025390625,6,0.01046442983402082,0.6787791340952487,0,-1,9.660990811597575e-14,0.0
301,5,4769.868|4802.6055|4817.2065|4829.024|4870.6367,0.006397906|0.0120218275|0.030735543|0.0005535817|0.0006691078,6.567298e-05|0.00011124669|0.00023012933|5.2483388e-06|9.233581e-06,223765.67|158690.78|46964.484|68704536.0|66349456.0,0.15590326|0.26393822|0.54583997|0.012452141|0.021866433,0.002620368|0.0044361823|0.009174289|0.00020929128|0.00036752343,Type II: 均衡/正常发育簇|Type II: 均衡/正常发育簇|Type I: 优势发育主进液簇|Type IV: 砂堵闭合/未起裂死簇|Type IV: 砂堵闭合/未起裂死簇,0.07092548906803131,cosine,1424.8892822265625,93.27693176269531,1.096539855003357,1741.5648193359375,8,0.009592101638346996,0.6624874631194921,0,-1,1.651365269571617e-14,5.6843418860808015e-11
302,2,4520.705|4565.8037,0.00031875444|0.018874438,2.6143334e-06|0.000118304815,87605340.0|388228.3,0.021671822|0.97832817,0.0004454903|0.020110708,Type IV: 砂堵闭合/未起裂死簇|Type I: 优势发育主进液簇,0.06029433012008667,cosine,1422.6903076171875,174.23519897460938,1.3410967588424683,29305.94921875,4,0.009136274152282764,0.7277814234477085,0,-1,9.181557288550843e-14,0.0
303,4,4868.84|4904.8896|4923.314|4945.472,0.023018546|0.012|0.011600515|0.0061305054,0.00014371083|0.0009002309|9.168538e-05|6.446228e-05,412741.97|501292.03|615558.6|809970.5,0.13532221|0.7174355|0.08642435|0.06081794,0.0030662615|0.016256347|0.0019582864|0.0013780717,Type III: 受抑/欠发育弱进液簇|Type V: 沟通天然断层/强微裂缝簇|Type III: 受抑/欠发育弱进液簇|Type III: 受抑/欠发育弱进液簇,0.04386020824313164,cosine,1485.128173828125,112.12577056884766,1.4782824516296387,671.967529296875,6,0.008125232611754858,0.6809052557186743,1,1,1.607716374309523e-13,2.9672264645341784e-11
304,2,4677.3657|4708.085,0.012|0.0009813628,0.00069673243|1.7072489e-05,295132.72|1004445.0,0.97447234|0.025527641,0.020792518|0.00054468855,Type V: 沟通天然断层/强微裂缝簇|Type IV: 砂堵闭合/未起裂死簇,0.09804996848106384,cosine,1423.724365234375,112.78443145751953,1.39205002784729,1216.886474609375,6,0.008520172113661477,0.6375618717329207,1,0,1.235766182309042e-13,5.275069270282984e-11
305,1,4691.601,0.010651962,0.00012611604,43951.84,1.0,0.021425936,Type I: 优势发育主进液簇,0.030085962265729904,linear,1402.9595947265625,172.09263610839844,1.397838830947876,29141.990234375,12,0.011389842248965342,0.6159777936904107,0,-1,1.5026865927796063e-13,0.0
306,2,4549.3667|4599.3477,0.025082093|0.0007857273,0.00022538826|1.9504432e-06,27778.113|93299704.0,0.99141604|0.008583948,0.015870403|0.00013741024,Type I: 优势发育主进液簇|Type IV: 砂堵闭合/未起裂死簇,0.06568092107772827,cosine,1439.84619140625,175.00628662109375,1.0443577766418457,5187.50439453125,12,0.01071311913588399,0.6560037679194989,0,-1,2.990937372445747e-14,4.274625098332763e-11
307,1,4736.9575,0.011084436,0.00017491243,526930.2,1.0,0.0134274475,Type I: 优势发育主进液簇,0.06433295458555222,linear,1474.1407470703125,115.38643646240234,0.876013457775116,6138.4755859375,6,0.008037890400877368,0.7224190519176897,0,-1,5.322724886173101e-14,9.094947017729282e-13
308,5,4815.511|4841.9883|4886.054|4905.8496|4926.529,0.00041033127|0.012|0.017236251|0.00047122556|0.011738054,2.0984303e-06|0.0012021621|0.00018393344|6.6540792e-06|0.00016142931,85122480.0|269090.28|173836.77|54997736.0|272450.28,0.0015295872|0.74293536|0.13355474|0.0048397826|0.1171405,3.2025182e-05|0.015554943|0.0027962544|0.000101331214|0.0024525872,Type IV: 砂堵闭合/未起裂死簇|Type V: 沟通天然断层/强微裂缝簇|Type III: 受抑/欠发育弱进液簇|Type IV: 砂堵闭合/未起裂死簇|Type III: 受抑/欠发育弱进液簇,0.023787083104252815,linear,1483.6136474609375,54.88306427001953,1.3659496307373047,373.1037902832031,6,0.00884962617490964,0.7412112956085373,1,1,6.89344279358392e-14,4.376943252282217e-12
309,3,4678.111|4724.7764|4747.2314,0.004759394|0.008379807|0.011581379,9.639321e-05|0.00010882677|0.00016519357,58176.465|41872.215|32005.918,0.26026416|0.2938206|0.44591525,0.005953894|0.006721543|0.010200914,Type II: 均衡/正常发育簇|Type II: 均衡/正常发育簇|Type I: 优势发育主进液簇,0.01116054505109787,cosine,1468.3055419921875,87.29399108886719,1.4924646615982056,4003.10302734375,12,0.011603798481046847,0.602528548889801,0,-1,1.698601586534558e-14,1.623448042664677e-10
310,4,4571.398|4615.3813|4635.5845|4674.2095,0.023708006|0.0073168436|0.0035017075|0.0035333785,0.00018024447|6.8087276e-05|3.692981e-05|3.8018217e-05,21260.045|80652.555|97910.09|99798.31,0.5575004|0.21062481|0.11425409|0.11762064,0.009689508|0.0036607161|0.001985767|0.0020442784,Type I: 优势发育主进液簇|Type II: 均衡/正常发育簇|Type III: 受抑/欠发育弱进液簇|Type III: 受抑/欠发育弱进液簇,0.06860653311014175,cosine,1454.919677734375,183.984130859375,1.1338975429534912,3131.8818359375,16,0.009006646777901589,0.6246276404046673,0,-1,8.78327341820263e-15,4.774847184307873e-11
311,6,4767.495|4815.1807|4860.6196|4892.938|4921.9575|4950.0,0.00527404|0.009684362|0.008133341|0.005664649|0.023599317|0.006468078,4.9480794e-05|8.623376e-05|0.00010606928|6.0328395e-05|0.0002523723|7.1148315e-05,1367513.2|999798.3|943393.56|1230473.5|325022.88|1233104.4,0.079494625|0.13821617|0.16970466|0.09680682|0.40171623|0.11406149,0.0017359328|0.0030182416|0.0037058592|0.0021139812|0.008772321|0.002490773,Type III: 受抑/欠发育弱进液簇|Type III: 受抑/欠发育弱进液簇|Type II: 均衡/正常发育簇|Type III: 受抑/欠发育弱进液簇|Type I: 优势发育主进液簇|Type III: 受抑/欠发育弱进液簇,0.026942050084471703,cosine,1490.44775390625,133.11744689941406,1.42466402053833,1459.726318359375,4,0.009262391447700385,0.6148423583866496,0,-1,6.32336387028018e-14,1.4370016288012266e-10
312,3,4564.179|4599.3926|4634.4634,0.007200677|0.019044193|0.01313974,6.91191e-05|0.00013239404|0.00010774643,33632.984|18664.342|23759.824,0.22351906|0.42808548|0.34839544,0.004515318|0.008647773|0.0070379516,Type II: 均衡/正常发育簇|Type I: 优势发育主进液簇|Type II: 均衡/正常发育簇,0.060318876057863235,linear,1433.717041015625,143.9074249267578,1.317926287651062,4487.41552734375,16,0.01070600559984643,0.7073949183307287,0,-1,1.3258785616730023e-13,5.211404641158879e-10
313,4,4601.0894|4641.1655|4674.283|4716.53,0.008150255|0.000489698|0.0054765847|0.028396813,6.324526e-05|1.5455348e-06|2.9589059e-05|0.00019256216,166601.39|50423076.0|187448.7|33968.785,0.22046643|0.005388826|0.103162736|0.670982,0.0047237664|0.00011546227|0.0022103896|0.014376621,Type II: 均衡/正常发育簇|Type IV: 砂堵闭合/未起裂死簇|Type III: 受抑/欠发育弱进液簇|Type I: 优势发育主进液簇,0.051099903881549835,cosine,1481.5579833984375,106.03060913085938,1.3978586196899414,5773.515625,8,0.010528251749100482,0.6587201377020431,0,-1,7.837177087854919e-14,3.956301952712238e-10
314,1,4530.352,0.008313711,0.0006949559,130674.195,1.0,0.019686313,Type V: 沟通天然断层/强微裂缝簇,0.002461959607899189,cosine,1471.0784912109375,86.21770477294922,1.284345030784607,1010.2972412109375,8,0.010536653437014374,0.6269781251548896,1,0,6.8732234395066025e-15,5.7980287238024175e-12
315,2,4754.335|4796.2837,0.016750801|0.0066393,0.000114242765|6.304372e-05,29382.105|62171.562,0.6443815|0.35561848,0.010761623|0.005939078,Type I: 优势发育主进液簇|Type I: 优势发育主进液簇,0.022941559553146362,linear,1416.6097412109375,91.26298522949219,1.089562177658081,9022.109375,16,0.009993495362856639,0.6120131691989387,0,-1,9.61848195491985e-14,4.2928149923682213e-10
316,1,4675.2686,0.010395702,0.00013587304,335339.7,1.0,0.016001623,Type I: 优势发育主进液簇,0.0541016049683094,linear,1421.1414794921875,103.70628356933594,1.0439540147781372,14107.798828125,6,0.009369443149360255,0.6625964256673174,0,-1,8.022282247137011e-14,4.802132025361061e-10
317,3,4576.887|4608.805|4633.0015,0.0005624209|0.018048733|0.013809205,7.473277e-06|0.00024405301|0.00012595215,87912790.0|29350.023|45758.566,0.019765751|0.6464456|0.3337887,0.00032310392|0.010567223|0.005456329,Type IV: 砂堵闭合/未起裂死簇|Type I: 优势发育主进液簇|Type II: 均衡/正常发育簇,0.007433772552758455,cosine,1458.375,102.74903869628906,1.0664640665054321,2030.8741455078125,12,0.011117961061360494,0.6123739214821026,0,-1,7.874178197496418e-14,8.253664418589324e-11
318,4,4788.589|4823.861|4856.082|4896.9897,0.011618173|0.003940684|0.0040968717|0.018174008,0.00011049263|4.4784665e-05|4.0797542e-05|0.00013526235,484720.53|905483.9|891630.6|278376.47,0.33324972|0.13534373|0.12331208|0.40809447,0.006073427|0.0024666195|0.0022473445|0.007437461,Type II: 均衡/正常发育簇|Type III: 受抑/欠发育弱进液簇|Type III: 受抑/欠发育弱进液簇|Type I: 优势发育主进液簇,0.024069976061582565,cosine,1497.35009765625,155.5185089111328,1.1889984607696533,3259.1962890625,4,0.009863308290768933,0.694902050164856,0,-1,7.005579791405023e-14,1.9099388737231493e-11
319,3,4662.5425|4676.7754|4706.8477,0.013146644|0.010637925|0.0007957529,0.0001484879|8.6960135e-05|5.44529e-06,558380.25|822594.75|80920120.0,0.61566556|0.36164573|0.022688737,0.011738795|0.0068954406|0.00043260248,Type I: 优势发育主进液簇|Type I: 优势发育主进液簇|Type IV: 砂堵闭合/未起裂死簇,0.06205476447939873,linear,1452.9969482421875,113.23043823242188,1.2439301013946533,6508.5546875,4,0.008713228913722981,0.6925462439695492,0,-1,3.1297525199735707e-14,2.601154847070575e-10
320,1,4704.153,0.010439927,0.0007610543,174787.44,1.0,0.022710284,Type V: 沟通天然断层/强微裂缝簇,0.08626407384872437,linear,1447.8900146484375,96.64381408691406,1.4816304445266724,1175.001708984375,6,0.010665933701980629,0.7116594083002532,1,0,1.788934939853798e-13,9.868017514236271e-11
321,2,4541.738|4587.9683,0.024840143|0.00065380626,0.00018224263|4.9411324e-06,226304.02|67507080.0,0.9735276|0.02647239,0.012827891|0.00034881898,Type I: 优势发育主进液簇|Type IV: 砂堵闭合/未起裂死簇,0.018323436379432678,linear,1452.738037109375,123.11821746826172,0.8596552014350891,5147.2841796875,4,0.010897769666012695,0.6592873486870676,0,-1,1.142728354433173e-13,4.2746250983327627e-10
322,1,4644.121,0.010087599,0.00010531501,29722.197,1.0,0.017627813,Type I: 优势发育主进液簇,0.02474789321422577,linear,1421.9805908203125,139.38848876953125,1.1500474214553833,28223.814453125,16,0.0105682952712149,0.6554960973894672,0,-1,9.663697251270642e-14,0.0
323,6,4617.9985|4652.892|4675.763|4688.3135|4706.714|4722.8906,0.01491783|0.00084675953|0.00501302|0.019877685|0.013888565|0.007772648,0.00020673222|9.886062e-06|9.5101605e-05|0.0002819819|0.00015865089|0.00079746044,249282.55|68516376.0|436411.94|156647.98|262865.2|375051.75,0.14062701|0.0067307167|0.06478995|0.19123091|0.1078722|0.4887492,0.003122047|0.00014942801|0.0014383957|0.004245499|0.0023948606|0.010850675,Type III: 受抑/欠发育弱进液簇|Type IV: 砂堵闭合/未起裂死簇|Type III: 受抑/欠发育弱进液簇|Type II: 均衡/正常发育簇|Type III: 受抑/欠发育弱进液簇|Type V: 沟通天然断层/强微裂缝簇,0.08660189807415009,linear,1423.3106689453125,69.38484954833984,1.4483983516693115,391.6381530761719,4,0.011207336028354052,0.7340323364758794,1,5,1.5877541794349914e-13,1.0913936421275139e-11
324,1,4545.739,0.013009743,0.000113566064,90741.74,1.0,0.01677006,Type I: 优势发育主进液簇,0.06066775694489479,cosine,1482.4049072265625,164.60862731933594,1.0940871238708496,22047.8671875,8,0.011528346726812671,0.6286366898260488,0,-1,3.7445893418365864e-14,2.4156179279088974e-09
325,1,4818.6357,0.012,0.00050789566,45026.324,1.0,0.022721032,Type V: 沟通天然断层/强微裂缝簇,0.06362178176641464,linear,1405.4766845703125,163.75787353515625,1.4823315143585205,2288.494873046875,12,0.011132986157842254,0.638695262800396,1,0,3.2371891625637694e-14,1.0868461686186492e-10
326,1,4526.134,0.0114235375,0.00013230217,173719.84,1.0,0.022016795,Type I: 优势发育主进液簇,0.012000221759080887,linear,1470.550537109375,184.20933532714844,1.4363868236541748,28050.15234375,6,0.01149272296245776,0.6080260743299897,0,-1,2.048563819663854e-13,3.1395757105201483e-09
327,5,4653.521|4696.3496|4714.2197|4755.661|4793.8677,0.014578582|0.015476859|0.014258939|0.0066268845|0.012414771,9.5907024e-05|0.00011200449|0.00012630226|4.6231788e-05|8.1238795e-05,251246.94|294665.4|265824.66|381782.6|282320.1,0.20782153|0.24250728|0.27338386|0.10023928|0.17604804,0.004708662|0.0054945447|0.0061941235|0.0022711451|0.0039887624,Type II: 均衡/正常发育簇|Type II: 均衡/正常发育簇|Type II: 均衡/正常发育簇|Type III: 受抑/欠发育弱进液簇|Type II: 均衡/正常发育簇,0.06437751650810242,linear,1444.3067626953125,180.7657470703125,1.478169560432434,2693.005615234375,4,0.011976391401326364,0.6517683784528163,0,-1,1.5925262952971864e-14,6.957634468562901e-11
328,2,4777.7715|4823.378,0.0043864995|0.012,4.6558118e-05|0.00089140027,33991.855|13664.4795,0.04992607|0.95007396,0.00085565704|0.016282825,Type III: 受抑/欠发育弱进液簇|Type V: 沟通天然断层/强微裂缝簇,0.03965352475643158,cosine,1434.4503173828125,62.88763427734375,1.118123173713684,457.6376037597656,16,0.010974629590573399,0.7255067170489559,1,1,6.214787121342977e-14,3.9960923459148034e-11
329,1,4763.645,0.00898797,0.0009774264,313710.9,1.0,0.017441506,Type V: 沟通天然断层/强微裂缝簇,0.088860422372818,cosine,1440.380126953125,65.4765625,1.1378926038742065,538.1226806640625,6,0.009418285628326997,0.6791303397560524,1,0,5.2116781891617045e-14,2.5352164811920375e-11
330,4,4522.1133|4541.2705|4559.6675|4574.623,0.008203957|0.00924409|0.00824721|0.012,0.00010283215|0.00010845886|9.645584e-05|0.0009797394,1162485.6|983736.94|1131375.8|727647.56,0.09668719|0.101979524|0.090716265|0.710617,0.0018349361|0.0019353745|0.0017216195|0.013486139,Type III: 受抑/欠发育弱进液簇|Type III: 受抑/欠发育弱进液簇|Type III: 受抑/欠发育弱进液簇|Type V: 沟通天然断层/强微裂缝簇,0.09073609113693237,cosine,1403.7200927734375,55.890586853027344,1.2381387948989868,444.1392517089844,4,0.008372548294500182,0.7322563424471324,1,3,1.1700062712291862e-14,1.5916157281026244e-11
331,2,4682.1343|4697.7485,0.0021778718|0.01777189,3.750702e-05|0.00015360482,929535.7|319383.7,0.19674757|0.8032524,0.0036454576|0.014883145,Type II: 均衡/正常发育簇|Type I: 优势发育主进液簇,0.0070396834053099155,cosine,1410.9073486328125,52.18206787109375,1.208815336227417,9576.31640625,6,0.008306319348581902,0.6703779126474435,0,-1,1.327589568226456e-13,5.220499588176608e-10
332,4,4543.042|4570.123|4608.435|4645.0483,0.0073305108|0.00080539985|0.020879665|0.012243673,0.00011052355|7.711172e-06|0.00027822822|0.00010116514,47769.832|63578268.0|19606.775|42214.246,0.22219425|0.015476417|0.5589748|0.20335451,0.0032420643|0.00022581835|0.008156072|0.0029671711,Type II: 均衡/正常发育簇|Type IV: 砂堵闭合/未起裂死簇|Type I: 优势发育主进液簇|Type II: 均衡/正常发育簇,0.015146511606872082,cosine,1463.275390625,58.49088668823242,0.951932430267334,958.931640625,12,0.010695096899223735,0.7450738955744199,0,-1,3.4477791715364914e-14,1.7848833522293717e-11
333,4,4719.803|4760.565|4797.611|4818.1504,0.00024984143|0.017983707|0.0038423627|0.023235455,3.4346763e-06|8.966898e-05|3.004219e-05|0.00016982542,52238476.0|156733.8|379481.16|115227.375,0.011734897|0.3062429|0.10264577|0.57937646,0.00020419288|0.005328775|0.0017860861|0.01008143,Type IV: 砂堵闭合/未起裂死簇|Type II: 均衡/正常发育簇|Type III: 受抑/欠发育弱进液簇|Type I: 优势发育主进液簇,0.0193253792822361,cosine,1452.355224609375,164.20785522460938,1.1352163553237915,3758.716796875,6,0.009931719542271823,0.722763776890314,0,-1,5.602801412380419e-14,3.1877789297141135e-10
334,5,4680.2407|4711.4946|4753.756|4799.611|4824.9194,0.038848523|0.00030877552|0.017033275|0.004375357|0.00027590495,0.00023983567|3.0945832e-06|0.00015550236|4.319967e-05|8.66796e-06,13066.4|85568810.0|39767.855|87617.33|86198616.0,0.5326629|0.0068724845|0.34530377|0.09596586|0.019194948,0.010475333|0.00013515407|0.0067907334|0.0018872616|0.00037748725,Type I: 优势发育主进液簇|Type IV: 砂堵闭合/未起裂死簇|Type II: 均衡/正常发育簇|Type III: 受抑/欠发育弱进液簇|Type IV: 砂堵闭合/未起裂死簇,0.03618638217449188,cosine,1405.6658935546875,62.48815155029297,1.2830177545547485,2044.8099365234375,16,0.009505996067155874,0.6165791783323469,0,-1,4.3222610684795146e-14,2.205524651799351e-11
335,1,4699.6797,0.00793752,0.00014687875,483327.8,1.0,0.020457568,Type I: 优势发育主进液簇,0.01722080446779728,linear,1441.3328857421875,165.01417541503906,1.3346619606018066,19846.21875,6,0.008229669270153077,0.7193572032009601,0,-1,1.1973219995759649e-13,2.255546860396862e-09
336,6,4783.474|4823.245|4867.477|4915.658|4933.382|4950.0,0.007030106|0.02467204|0.006278451|0.014891459|0.0009784485|0.0056209103,8.674156e-05|0.00026346082|6.740649e-05|0.0001669044|9.3009985e-06|6.3668514e-05,577011.06|205064.45|609312.7|332320.78|66254660.0|642392.8,0.13228874|0.39973214|0.102845535|0.25382003|0.014169243|0.09714431,0.0024544324|0.0074164704|0.001908155|0.004709276|0.00026289048|0.0018023768,Type III: 受抑/欠发育弱进液簇|Type I: 优势发育主进液簇|Type III: 受抑/欠发育弱进液簇|Type II: 均衡/正常发育簇|Type IV: 砂堵闭合/未起裂死簇|Type III: 受抑/欠发育弱进液簇,0.03525908291339874,cosine,1486.6834716796875,180.0687713623047,1.2104462385177612,1050.8818359375,6,0.008178474769846174,0.7467186392271055,0,-1,5.834271461129317e-14,3.842615114990622e-11
337,3,4832.472|4856.745|4869.437,0.0003045364|0.008353349|0.02200532,8.955221e-06|8.9578e-05|0.00021030153,85239850.0|21097.824|9166.486,0.028907176|0.29010478|0.6809881,0.0004794002|0.0048111333|0.01129359,Type IV: 砂堵闭合/未起裂死簇|Type II: 均衡/正常发育簇|Type I: 优势发育主进液簇,0.08471506088972092,cosine,1452.21875,114.1418228149414,1.0819565057754517,3053.52978515625,16,0.011396517066506729,0.7311466871680861,0,-1,8.891123921090857e-14,2.1009327610954642e-10
338,6,4828.655|4854.7476|4886.4985|4898.1196|4915.0654|4950.0,0.0030127864|0.0043991185|0.0009909297|0.015511067|0.027633384|0.009291829,3.8236347e-05|5.298261e-05|3.7269667e-06|0.00010637195|0.00017882213|8.743327e-05,30604.7|27982.82|61103204.0|12085.48|6965.6587|20232.455,0.08179779|0.11333107|0.007968273|0.22749725|0.38241997|0.18698564,0.0014543736|0.0020150386|0.00014167675|0.004044926|0.006799469|0.0033246248,Type III: 受抑/欠发育弱进液簇|Type III: 受抑/欠发育弱进液簇|Type IV: 砂堵闭合/未起裂死簇|Type II: 均衡/正常发育簇|Type I: 优势发育主进液簇|Type II: 均衡/正常发育簇,0.030809644609689713,cosine,1440.7752685546875,116.30419921875,1.1599831581115723,1625.031982421875,16,0.011575080207928726,0.7007744412736262,0,-1,9.619949015984494e-14,4.388311936054379e-11
339,5,4678.7|4722.56|4755.322|4776.9175|4815.0605,0.0073512485|0.0041286647|0.01638787|0.009641466|0.004337391,0.00012954608|8.9284e-05|0.0001889947|0.00015927246|6.346795e-05,448657.97|538623.25|200170.31|376485.12|599014.2,0.2054379|0.14178565|0.29967028|0.25223646|0.100869715,0.0043267747|0.00298618|0.006311424|0.0053124097|0.0021244402,Type II: 均衡/正常发育簇|Type III: 受抑/欠发育弱进液簇|Type II: 均衡/正常发育簇|Type II: 均衡/正常发育簇|Type III: 受抑/欠发育弱进液簇,0.0032908041030168533,linear,1458.0443115234375,58.698177337646484,1.3740451335906982,1266.3951416015625,4,0.010547094409838354,0.7259245232209912,0,-1,4.941943850537067e-15,1.1391421139705926e-10
340,3,4871.395|4903.2627|4914.1587,0.0187104|0.007092618|0.0030199136,0.00014142449|7.589948e-05|3.911913e-05,780966.75|2003239.1|2578250.0,0.5506717|0.29612648|0.15320183,0.0100756|0.0054182047|0.0028031226,Type I: 优势发育主进液簇|Type II: 均衡/正常发育簇|Type II: 均衡/正常发育簇,0.05293982848525047,cosine,1429.5863037109375,165.53228759765625,1.1937007904052734,5386.54541015625,4,0.008182358634564403,0.6008748093029102,0,-1,6.579783105083864e-14,5.275069270282984e-10
341,1,4616.2427,0.012505201,0.00010750005,40014.414,1.0,0.013960271,Type I: 优势发育主进液簇,0.0342637337744236,linear,1415.4539794921875,137.25918579101562,0.9107751250267029,17046.208984375,12,0.01114280496371751,0.6792667436572422,0,-1,1.2426144436875931e-14,5.384208634495735e-10
342,6,4731.9272|4756.6626|4777.346|4820.5034|4836.2817|4872.129,0.00056195795|0.019077767|0.004132508|0.01181216|0.012|0.013863316,1.6533228e-06|0.00020228702|5.3600037e-05|0.00020020599|0.0015|0.000119634475,89353500.0|31175.896|76845.31|47569.445|28555.234|44555.664,0.00081902347|0.099956125|0.026461067|0.09849275|0.7154263|0.05884472,1.8689338e-05|0.0022809037|0.00060381636|0.0022475107|0.016325349|0.0013427805,Type IV: 砂堵闭合/未起裂死簇|Type III: 受抑/欠发育弱进液簇|Type IV: 砂堵闭合/未起裂死簇|Type III: 受抑/欠发育弱进液簇|Type V: 沟通天然断层/强微裂缝簇|Type III: 受抑/欠发育弱进液簇,0.010236036963760853,linear,1441.4234619140625,84.92375183105469,1.488726258277893,311.9891052246094,12,0.010565698820189486,0.6991360336003712,1,4,1.5264986540433623e-13,3.47313289239537e-11
343,6,4636.656|4659.7363|4671.6357|4683.11|4708.825|4756.0347,0.0035640604|0.009825823|0.00829298|0.026484855|0.008918269|0.005573459,3.820677e-05|7.073296e-05|7.81649e-05|0.00021259626|8.933457e-05|5.2532057e-05,112243.35|73184.13|80417.48|20431.855|77440.87|100118.08,0.07057679|0.13063113|0.14434104|0.39248824|0.16494988|0.09701293,0.0011299215|0.0020913805|0.002310874|0.006283665|0.0026408175|0.0015531594,Type III: 受抑/欠发育弱进液簇|Type III: 受抑/欠发育弱进液簇|Type III: 受抑/欠发育弱进液簇|Type I: 优势发育主进液簇|Type II: 均衡/正常发育簇|Type III: 受抑/欠发育弱进液簇,0.05562758073210716,cosine,1472.027587890625,191.1162109375,1.044488549232483,1114.2152099609375,12,0.010259253351585219,0.6164254461230674,0,-1,9.621811133215738e-14,7.571543392259628e-11
344,3,4694.465|4718.0576|4747.127,0.016930502|0.005|0.004853516,0.0002518309|0.0005|7.3033894e-05,199983.53|701750.06|572496.94,0.3190845|0.5879483|0.09296717,0.0043580728|0.008030228|0.0012697504,Type II: 均衡/正常发育簇|Type V: 沟通天然断层/强微裂缝簇|Type III: 受抑/欠发育弱进液簇,0.06278767436742783,cosine,1472.1474609375,102.2488784790039,0.8910581469535828,441.3448181152344,6,0.008480809931183787,0.740569547355644,1,1,4.8391209117072675e-14,1.4836132322670892e-11
345,1,4531.339,0.011035552,0.00012325944,60509.523,1.0,0.014080339,Type I: 优势发育主进液簇,0.015939047560095787,linear,1414.33251953125,136.93321228027344,0.9186084270477295,13234.8994140625,16,0.008574736942088615,0.7010891317539606,0,-1,6.012249346380033e-14,1.1259544407948852e-09
346,1,4842.4634,0.010966459,0.0008469715,48032.938,1.0,0.01814602,Type V: 沟通天然断层/强微裂缝簇,0.09156898409128189,cosine,1406.66455078125,69.08688354492188,1.183855414390564,608.53173828125,12,0.010336801949577128,0.7234668865652795,1,0,6.099153571515609e-14,1.1709744285326451e-11
347,4,4838.5405|4880.1265|4912.103|4927.2446,0.00040381713|0.009777339|0.020143632|0.001924252,3.891749e-06|0.00012103181|0.0002432961|3.6246918e-05,75768216.0|166226.31|62055.824|320347.78,0.009632422|0.29933068|0.6013071|0.08972982,0.000121677345|0.0037811638|0.007595748|0.0011334728,Type IV: 砂堵闭合/未起裂死簇|Type II: 均衡/正常发育簇|Type I: 优势发育主进液簇|Type III: 受抑/欠发育弱进液簇,0.09066828340291977,linear,1447.96484375,137.3543243408203,0.8241220712661743,1147.6776123046875,8,0.009735459114551984,0.6293824579150366,0,-1,3.3095813416206266e-14,6.480149750132114e-11
348,5,4665.513|4705.004|4718.81|4752.61|4788.938,0.009323003|0.0007723944|0.004331833|0.026680013|0.014906543,7.763746e-05|2.2078507e-06|5.3974207e-05|0.00023918213|0.00012477882,209551.33|50483150.0|291671.06|74679.586|144241.16,0.156131|0.0044416655|0.108545445|0.48014513|0.25073677,0.0033142825|9.4285795e-05|0.0023041568|0.010192317|0.0053225337,Type II: 均衡/正常发育簇|Type IV: 砂堵闭合/未起裂死簇|Type III: 受抑/欠发育弱进液簇|Type I: 优势发育主进液簇|Type II: 均衡/正常发育簇,0.08607200533151627,cosine,1437.6925048828125,134.02462768554688,1.3848977088928223,2043.52099609375,8,0.009145843326830572,0.7165597563274702,0,-1,2.6477372405036073e-14,5.002220859751105e-12
349,5,4820.504|4859.062|4875.2246|4887.159|4923.315,0.016364172|0.004664386|0.0002908065|0.008797411|0.014515489,0.00020315016|5.9513488e-05|6.878122e-06|7.955218e-05|0.00019058095,281146.38|820149.3|74105540.0|669373.25|376864.72,0.37619877|0.110675424|0.01278688|0.14783634|0.35250258,0.007205504|0.0021198161|0.00024491287|0.002831576|0.0067516407,Type I: 优势发育主进液簇|Type III: 受抑/欠发育弱进液簇|Type IV: 砂堵闭合/未起裂死簇|Type III: 受抑/欠发育弱进液簇|Type I: 优势发育主进液簇,0.020815186202526093,cosine,1462.222900390625,94.29808044433594,1.24958074092865,1438.4825439453125,6,0.00850968134112276,0.6176059850903509,0,-1,1.9073993415535256e-13,1.0686562745831907e-10
350,3,4843.6006|4862.1123|4879.3203,0.015917303|0.0048263264|0.0040730736,0.0002258933|8.773065e-05|6.7030116e-05,123016.195|305769.25|334591.0,0.5929213|0.23072219|0.17635651,0.012241069|0.004763341|0.0036409423,Type I: 优势发育主进液簇|Type II: 均衡/正常发育簇|Type II: 均衡/正常发育簇,0.07484792917966843,linear,1445.7269287109375,142.95068359375,1.34691321849823,3181.267333984375,6,0.009877616568197077,0.7321321463775027,0,-1,7.814315329795346e-14,7.321432349272072e-11
351,4,4632.3267|4678.982|4710.987|4751.7397,0.015086922|0.018139502|0.008061539|0.007469863,0.00015976818|0.0001882813|0.00010020755|9.0505935e-05,966070.5|759405.25|1380485.0|1455339.9,0.29608765|0.34849632|0.18666379|0.16875222,0.004563427|0.005371171|0.0028769404|0.0026008799,Type II: 均衡/正常发育簇|Type II: 均衡/正常发育簇|Type II: 均衡/正常发育簇|Type II: 均衡/正常发育簇,0.07415654510259628,cosine,1405.544189453125,123.49575805664062,1.0055139064788818,1004.2603149414062,4,0.008620507040254584,0.6487959741863466,0,-1,3.0276925037193633e-14,3.808509063674137e-11
352,4,4538.687|4587.265|4631.1963|4666.057,0.00363263|0.03081442|0.0061522108|0.0079985745,3.7261456e-05|0.0002334222|8.61828e-05|9.3655624e-05,1188851.2|256394.36|1011408.1|800010.44,0.083075725|0.5171652|0.19155014|0.20820896,0.0015389373|0.009580232|0.0035483728|0.0038569695,Type III: 受抑/欠发育弱进液簇|Type I: 优势发育主进液簇|Type II: 均衡/正常发育簇|Type II: 均衡/正常发育簇,0.06293097138404846,cosine,1482.50439453125,50.89189147949219,1.2085484266281128,1822.56591796875,4,0.00956430674975076,0.6694068286477558,0,-1,9.214644428349669e-14,1.9463186617940664e-10
353,2,4667.2075|4686.416,0.011293535|0.018126285,0.00012414949|0.00015343011,78496.75|58643.426,0.4472806|0.5527194,0.009230468|0.011406395,Type I: 优势发育主进液簇|Type I: 优势发育主进液簇,0.01451694406569004,linear,1457.6549072265625,77.11670684814453,1.346359372138977,5691.943359375,12,0.00935912002624269,0.7446281225489628,0,-1,5.0940029511182747e-14,5.175024853087962e-10
354,3,4563.815|4578.9854|4599.7085,0.010324438|0.013991833|0.009566535,0.00010122486|0.00012098929|9.163993e-05,50039.83|44655.49|54674.117,0.3225319|0.3854742|0.2919939,0.0072306236|0.008641684|0.0065460126,Type II: 均衡/正常发育簇|Type I: 优势发育主进液簇|Type II: 均衡/正常发育簇,0.019445300102233887,cosine,1480.6954345703125,126.89424133300781,1.4625824689865112,5324.361328125,12,0.01027342732982584,0.7206525258866155,0,-1,9.656990105581104e-14,5.866240826435387e-10
355,5,4716.8853|4735.7314|4773.0547|4819.836|4841.802,0.012709605|0.004153094|0.018245598|0.012093613|0.016827181,0.00013640594|3.8463437e-05|0.00013669577|0.00010501428|0.00012104709,87899.14|145527.64|63458.24|91560.04|72373.23,0.25369412|0.07158237|0.25424916|0.19533005|0.2251443,0.0039861687|0.001124738|0.00399489|0.0030691235|0.0035375797,Type II: 均衡/正常发育簇|Type III: 受抑/欠发育弱进液簇|Type II: 均衡/正常发育簇|Type II: 均衡/正常发育簇|Type II: 均衡/正常发育簇,0.012242614291608334,linear,1456.2935791015625,123.31511688232422,1.0250914096832275,1026.092529296875,12,0.008871018574940265,0.7271685859077811,0,-1,8.479030872603557e-14,9.049472282640636e-11
356,1,4534.093,0.011160306,0.00012428105,131543.14,1.0,0.021349506,Type I: 优势发育主进液簇,0.08976535499095917,linear,1473.3060302734375,174.38629150390625,1.392852544784546,29827.501953125,8,0.010358274726873937,0.6481777432764888,0,-1,1.5681936814653658e-13,1.786247594282031e-09
357,2,4502.9355|4549.0117,0.012206638|0.011830751,9.3187686e-05|0.00015847068,160653.2|151112.31,0.37057915|0.6294208,0.004738728|0.008048628,Type I: 优势发育主进液簇|Type I: 优势发育主进液簇,0.039337970316410065,cosine,1400.089599609375,66.3023452758789,0.8342536091804504,2685.973388671875,6,0.010866168410520995,0.7272878359093338,0,-1,4.4360582508772353e-14,1.482476363889873e-10
358,3,4641.034|4652.271|4698.87,0.011661186|0.012265123|0.007972633,0.00016044054|0.00016083563|0.00010699633,36743.348|39069.09|54219.45,0.374617|0.37552094|0.24986206,0.005908669|0.0059229257|0.0039409637,Type I: 优势发育主进液簇|Type I: 优势发育主进液簇|Type II: 均衡/正常发育簇,0.04709336534142494,linear,1440.854248046875,63.55678176879883,1.0290096998214722,1468.1165771484375,12,0.010845772265115147,0.6961603933228191,0,-1,3.07954210092623e-14,8.003553375601768e-11
359,6,4741.592|4757.2876|4789.3286|4816.2373|4865.8965|4902.0596,0.008066218|0.0066595124|0.024633883|0.0005978288|0.00049489853|0.02049375,6.47638e-05|4.7403562e-05|0.00014925165|7.0589804e-06|1.2854543e-06|0.00012412413,227461.8|297348.78|84348.33|68702300.0|71189470.0|111346.09,0.16448407|0.1204061|0.37885442|0.017904263|0.003265731|0.3150854,0.0036674356|0.0026846468|0.008447166|0.0003992042|7.28147e-05|0.0070253336,Type II: 均衡/正常发育簇|Type III: 受抑/欠发育弱进液簇|Type I: 优势发育主进液簇|Type IV: 砂堵闭合/未起裂死簇|Type IV: 砂堵闭合/未起裂死簇|Type II: 均衡/正常发育簇,0.04831026867032051,cosine,1407.599853515625,167.52064514160156,1.4546414613723755,3472.28759765625,8,0.009211132823417074,0.6589088144634808,0,-1,7.889138154597644e-14,1.4097167877480388e-11
360,3,4813.935|4847.301|4870.0117,0.0027577959|0.016822595|0.014644488,2.1403694e-05|0.00016204288|0.000113930146,339975.72|113135.68|179808.39,0.07206368|0.5447857|0.38315067,0.0015256265|0.011533404|0.008111505,Type III: 受抑/欠发育弱进液簇|Type I: 优势发育主进液簇|Type I: 优势发育主进液簇,0.0563855841755867,linear,1415.9058837890625,65.2963638305664,1.3811763525009155,5233.81396484375,6,0.010966683700518395,0.6462677403395948,0,-1,3.457887662729024e-14,2.1009327610954642e-10
361,5,4732.757|4752.1875|4773.1353|4784.9463|4816.5435,0.00072394824|0.009620369|0.027778296|0.0005522842|0.0030505264,4.9434575e-06|7.6897246e-05|0.00022912135|1.8268047e-06|3.5602414e-05,66719476.0|48730.24|10351.633|72025300.0|72949.99,0.014181997|0.22074437|0.6576211|0.0052440627|0.10220847,0.00030033616|0.004674766|0.013926628|0.000111055|0.0021644977,Type IV: 砂堵闭合/未起裂死簇|Type II: 均衡/正常发育簇|Type I: 优势发育主进液簇|Type IV: 砂堵闭合/未起裂死簇|Type III: 受抑/欠发育弱进液簇,0.004945491906255484,linear,1410.2911376953125,180.802001953125,1.3816165924072266,3963.568359375,12,0.011012074893904027,0.6654573509639745,0,-1,1.802115746600964e-15,7.776179700158536e-11
362,4,4608.0103|4654.4443|4695.9155|4729.2266,0.015160487|0.003973925|0.0106712775|0.0092113605,0.00018900467|7.258272e-05|8.953748e-05|0.00010697028,17021.553|47159.223|29893.23|33351.26,0.4125743|0.1584568|0.19546533|0.23350358,0.0074559706|0.0028636036|0.003532415|0.004219836,Type I: 优势发育主进液簇|Type II: 均衡/正常发育簇|Type II: 均衡/正常发育簇|Type II: 均衡/正常发育簇,0.04776531457901001,cosine,1491.7003173828125,88.97761535644531,1.1790149211883545,1707.1046142578125,16,0.01035431966573879,0.6870924072279784,0,-1,6.661740657807474e-14,3.296918293926865e-11
363,5,4548.6484|4568.837|4590.0854|4625.4785|4635.633,0.0306177|0.00036038616|0.010096044|0.00043572488|0.017738719,0.00013547867|8.862758e-06|6.1766565e-05|5.5442324e-06|9.027425e-05,119267.78|60077796.0|349870.94|61149464.0|205859.17,0.4486627|0.029313339|0.20463403|0.018363046|0.2990269,0.009004062|0.0005882796|0.004106732|0.00036852184|0.006001071,Type I: 优势发育主进液簇|Type IV: 砂堵闭合/未起裂死簇|Type II: 均衡/正常发育簇|Type IV: 砂堵闭合/未起裂死簇|Type II: 均衡/正常发育簇,0.02327817678451538,cosine,1489.2850341796875,150.54434204101562,1.3092899322509766,4651.32470703125,4,0.011447769595798485,0.7312615703455612,0,-1,1.4798424530053367e-13,4.847606760449708e-10
364,3,4654.5864|4698.451|4730.075,0.004545556|0.0067687836|0.01559693,5.1629686e-05|6.34442e-05|0.0001543066,572441.3|513843.62|196742.83,0.19185442|0.2356827|0.5724629,0.0028446456|0.003494492|0.008487968,Type II: 均衡/正常发育簇|Type II: 均衡/正常发育簇|Type I: 优势发育主进液簇,0.06094883009791374,cosine,1497.4290771484375,119.74482727050781,0.9673278331756592,3201.795654296875,6,0.009235380059287576,0.6400133821387372,0,-1,8.915153906991283e-14,1.4551915228366852e-10
365,1,4784.0,0.010357938,0.00097524346,137814.22,1.0,0.019623756,Type V: 沟通天然断层/强微裂缝簇,0.015537056140601635,linear,1441.6412353515625,105.39739990234375,1.2802637815475464,637.8478393554688,8,0.010349303422796427,0.6332910013748122,1,0,1.3719548500740197e-13,6.036771083017811e-11
366,3,4842.254|4876.399|4899.9004,0.0037826754|0.013901801|0.010513677,6.244721e-05|0.00015289887|0.00011787963,519318.06|234387.14|327136.66,0.1876417|0.45861804|0.35374025,0.0028258644|0.0069067404|0.0053272913,Type II: 均衡/正常发育簇|Type I: 优势发育主进液簇|Type I: 优势发育主进液簇,0.06816216558218002,cosine,1415.65283203125,159.99996948242188,0.9825152158737183,2256.6669921875,6,0.009059169451311624,0.7089655296684623,0,-1,9.56062689411695e-14,1.6052581486292183e-10
367,5,4585.471|4618.721|4648.059|4668.5093|4710.192,0.022940952|0.0002989616|0.011998646|0.00041869213|0.00076678407,0.00020028834|6.833974e-06|9.8017634e-05|1.2646864e-06|1.5382109e-06,38414.41|88861260.0|136616.58|66470612.0|67985630.0,0.6504018|0.022163117|0.31832692|0.0041097347|0.004998445,0.0093493005|0.00031858718|0.0045758397|5.9076014e-05|7.1850925e-05,Type I: 优势发育主进液簇|Type IV: 砂堵闭合/未起裂死簇|Type II: 均衡/正常发育簇|Type IV: 砂堵闭合/未起裂死簇|Type IV: 砂堵闭合/未起裂死簇,0.003153781872242689,cosine,1418.7830810546875,82.72776794433594,0.9378097057342529,2303.720703125,6,0.011291955252987653,0.6510020061123712,0,-1,1.2550648962759894e-14,1.0368239600211382e-10
368,5,4714.6865|4733.4604|4771.7056|4808.0693|4839.4893,0.006441037|0.003830954|0.004282558|0.018555695|0.0055993614,0.0007340423|3.716699e-05|5.6887817e-05|0.0001167691|8.1277925e-05,146594.16|201932.36|183770.62|53537.027|168643.8,0.7076364|0.03721165|0.056944236|0.11687327|0.08133441,0.015592419|0.0008199403|0.0012547381|0.0025752448|0.0017921636,Type V: 沟通天然断层/强微裂缝簇|Type IV: 砂堵闭合/未起裂死簇|Type III: 受抑/欠发育弱进液簇|Type III: 受抑/欠发育弱进液簇|Type III: 受抑/欠发育弱进液簇,0.0717528834939003,linear,1486.122314453125,73.37696075439453,1.437542200088501,652.5167236328125,8,0.01062480659674896,0.6060063459887977,1,0,1.1100589712839323e-13,2.7966962079517543e-11
369,3,4558.7407|4604.135|4616.173,0.0027415236|0.012292748|0.008607673,3.4560228e-05|0.00012477304|0.00010282557,43920.965|19049.053|23130.41,0.13184763|0.47592935|0.392223,0.0022224705|0.008022434|0.0066114496,Type III: 受抑/欠发育弱进液簇|Type I: 优势发育主进液簇|Type I: 优势发育主进液簇,0.02490673027932644,cosine,1432.008544921875,170.56280517578125,1.0997170209884644,4358.80126953125,16,0.010226654475647773,0.7496764461753999,0,-1,9.406169419745591e-14,3.3924152376130223e-10
370,3,4618.881|4653.7954|4676.022,0.0009461719|0.019036151|0.011100002,4.724913e-06|0.00015853708|0.00013441291,64348196.0|211389.03|297905.12,0.015904183|0.53257805|0.4515178,0.00023407357|0.007838343|0.00664532,Type IV: 砂堵闭合/未起裂死簇|Type I: 优势发育主进液簇|Type I: 优势发育主进液簇,0.02722502499818802,linear,1441.7716064453125,146.25193786621094,0.9601925611495972,2644.83740234375,6,0.009313631285025978,0.6710614274288954,0,-1,2.6402025436246014e-14,7.23048287909478e-11
371,4,4722.9707|4735.312|4778.8193|4815.9336,0.01584024|0.012|0.008735568|0.009639145,7.7036435e-05|0.0008499822|6.762581e-05|6.401355e-05,202787.97|120086.9|246455.92|233170.55,0.07520877|0.7962973|0.06600731|0.062486585,0.001129098|0.011954693|0.0009909578|0.0009381018,Type III: 受抑/欠发育弱进液簇|Type V: 沟通天然断层/强微裂缝簇|Type III: 受抑/欠发育弱进液簇|Type III: 受抑/欠发育弱进液簇,0.06649155914783478,linear,1416.1180419921875,117.57414245605469,0.9794459342956543,376.04180908203125,6,0.010605396750939824,0.6850307726890226,1,1,4.7375189708709353e-14,1.0231815394945443e-12
372,4,4710.9385|4757.0625|4784.8228|4810.757,0.0067789373|0.013567919|0.004269443|0.008344319,8.7265005e-05|0.00021894305|6.298656e-05|0.00016911197,137830.73|71235.21|158708.05|97205.36,0.16225623|0.40653655|0.1171133|0.31409392,0.0035498338|0.0088941865|0.002562199|0.006871732,Type II: 均衡/正常发育簇|Type I: 优势发育主进液簇|Type III: 受抑/欠发育弱进液簇|Type II: 均衡/正常发育簇,0.05300310254096985,cosine,1407.2393798828125,158.88507080078125,1.4273285865783691,1906.3167724609375,8,0.010908499600411755,0.6384579591847429,0,-1,4.107270892752396e-14,1.1027623258996755e-10
373,6,4640.7734|4686.6826|4707.805|4718.844|4759.87|4797.9653,0.0023573742|0.014737033|0.010313891|0.011611133|0.006141004|0.0046812035,6.820667e-05|0.00019122977|0.00018591358|0.0001624832|9.974983e-05|8.6645545e-05,938349.5|381625.5|471039.66|341089.03|716490.56|760086.6,0.086204015|0.24042492|0.23344491|0.20475268|0.12581256|0.1093609,0.0015616021|0.004355343|0.0042288993|0.003709134|0.0022791184|0.0019810935,Type III: 受抑/欠发育弱进液簇|Type II: 均衡/正常发育簇|Type II: 均衡/正常发育簇|Type II: 均衡/正常发育簇|Type III: 受抑/欠发育弱进液簇|Type III: 受抑/欠发育弱进液簇,0.06168099120259285,cosine,1405.2177734375,182.7813720703125,1.1818441152572632,770.9677124023438,6,0.008401804449643974,0.6391259492812585,0,-1,1.6375080816050797e-13,3.6266101233195513e-11
374,5,4790.2764|4817.454|4847.1377|4860.4775|4903.962,0.0007537471|0.007771437|0.00094874296|0.0035441192|0.03180392,4.5390398e-06|0.000102768034|6.297874e-06|3.8777303e-05|0.00027007415,87566860.0|489989.7|78856870.0|669582.06|89049.04,0.010766714|0.24333613|0.0149265295|0.0920006|0.63897,0.00015170255|0.0034285958|0.00021031417|0.0012962846|0.009003061,Type IV: 砂堵闭合/未起裂死簇|Type II: 均衡/正常发育簇|Type IV: 砂堵闭合/未起裂死簇|Type III: 受抑/欠发育弱进液簇|Type I: 优势发育主进液簇,0.07568926364183426,cosine,1486.39013671875,59.4531135559082,0.9192359447479248,1217.337158203125,4,0.010886108451271383,0.6635017329162862,0,-1,1.1819301234342744e-14,3.774403012357652e-11
375,1,4583.6685,0.010723623,0.000106420994,50612.03,1.0,0.018100357,Type I: 优势发育主进液簇,0.05314875766634941,linear,1481.18896484375,154.31150817871094,1.18087637424469,29159.837890625,12,0.011109017299997359,0.6023873278656484,0,-1,8.836373066633055e-14,1.127773430198431e-10
376,2,4831.9683|4858.9404,0.00036839448|0.022655167,6.537377e-06|0.00013633563,53845416.0|16197.089,0.045713414|0.9542866,0.00082227966|0.017165432,Type IV: 砂堵闭合/未起裂死簇|Type I: 优势发育主进液簇,0.002356999320909381,cosine,1420.7291259765625,196.2082061767578,1.1735273599624634,16116.9248046875,16,0.010368442792596931,0.6769856890468454,0,-1,5.400604568178745e-15,3.346940502524376e-10
377,4,4701.6206|4749.2036|4766.123|4794.632,0.013553556|0.005|0.025060417|0.00043673327,0.00014478216|0.0005|0.00018162653|3.3415579e-06,324706.5|653432.7|184956.83|97327740.0,0.18218501|0.58506846|0.22853151|0.004215031,0.0024334805|0.007814873|0.0030525397|5.630099e-05,Type II: 均衡/正常发育簇|Type V: 沟通天然断层/强微裂缝簇|Type II: 均衡/正常发育簇|Type IV: 砂堵闭合/未起裂死簇,0.08234570920467377,cosine,1427.04296875,189.42886352539062,0.8714300990104675,508.1986999511719,4,0.010575061310938154,0.7146910124798399,1,1,5.1559122504199126e-14,1.2562395568238571e-11
378,2,4514.2744|4553.385,0.00820817|0.012178088,0.00010761578|7.98971e-05,408685.25|336618.06,0.5735977|0.42640227,0.012804695|0.009518781,Type I: 优势发育主进液簇|Type I: 优势发育主进液簇,0.06007657200098038,cosine,1495.593505859375,74.33151245117188,1.456394910812378,14389.4990234375,4,0.010984561278795033,0.689759637455677,0,-1,7.506639082034694e-14,1.1459633242338896e-09
379,3,4797.0986|4823.8735|4861.814,0.0138109205|0.009742054|0.014642538,8.04915e-05|7.100582e-05|0.00012994064,81046.43|109006.695|75004.9,0.28605708|0.25233725|0.46160564,0.0048585655|0.0042858473|0.007840187,Type II: 均衡/正常发育簇|Type II: 均衡/正常发育簇|Type I: 优势发育主进液簇,0.02189044840633869,linear,1452.5364990234375,65.12235260009766,1.1080838441848755,3766.696044921875,12,0.00968517560567043,0.6047073321095418,0,-1,2.4716689063291816e-14,2.5147528504021466e-10
380,6,4800.925|4835.1177|4868.4604|4888.6885|4906.946|4950.0,0.007449354|0.0009808934|0.0041526547|0.0043427735|0.010704139|0.019585198,8.06878e-05|2.821739e-06|4.265911e-05|5.65279e-05|0.00013259312|0.00017006104,789115.0|69642960.0|1085321.1|1037403.0|509308.88|273542.8,0.16641198|0.005832269|0.08810016|0.116657935|0.27286077|0.3501369,0.0029562537|0.00010360833|0.0015650701|0.0020723897|0.004847281|0.006220066,Type II: 均衡/正常发育簇|Type IV: 砂堵闭合/未起裂死簇|Type III: 受抑/欠发育弱进液簇|Type III: 受抑/欠发育弱进液簇|Type II: 均衡/正常发育簇|Type I: 优势发育主进液簇,0.0018152922857552767,cosine,1461.0357666015625,61.63085174560547,1.1589759588241577,1472.3228759765625,4,0.009218210463708784,0.7140375727533692,0,-1,6.483972836727678e-14,7.958078640513122e-12
381,4,4827.6323|4859.2124|4884.889|4905.0757,0.012674672|0.017674478|0.005|0.010579117,9.36857e-05|8.783219e-05|0.0005|8.996123e-05,43431.406|40269.438|98939.836|59615.05,0.122432075|0.11475373|0.6453101|0.11750413,0.002170689|0.0020345538|0.0114411805|0.0020833178,Type III: 受抑/欠发育弱进液簇|Type III: 受抑/欠发育弱进液簇|Type V: 沟通天然断层/强微裂缝簇|Type III: 受抑/欠发育弱进液簇,0.08743823319673538,cosine,1482.3504638671875,195.5578155517578,1.1566972732543945,794.1499633789062,12,0.010519609821172908,0.6413027327744119,1,2,9.158064660352155e-14,7.344169716816396e-11
382,6,4775.353|4786.232|4835.4683|4855.834|4889.5586|4911.5684,0.01778704|0.019402381|0.005630386|0.010435196|0.0004143735|0.0003302778,0.00015039921|0.00019888076|9.732422e-05|0.00014501801|2.237987e-06|9.544267e-06,48897.062|38749.36|108137.695|81225.47|84904830.0|82777750.0,0.24931408|0.32959503|0.16132046|0.240291|0.0037106615|0.015768755,0.0040485905|0.0053522666|0.0026196695|0.0039020656|6.0257124e-05|0.00025606752,Type II: 均衡/正常发育簇|Type II: 均衡/正常发育簇|Type II: 均衡/正常发育簇|Type II: 均衡/正常发育簇|Type IV: 砂堵闭合/未起裂死簇|Type IV: 砂堵闭合/未起裂死簇,0.09661266207695007,linear,1426.211669921875,136.663330078125,1.0594351291656494,913.291015625,12,0.009546920402624174,0.6333603330989055,0,-1,3.6747823073347494e-14,4.149569576838985e-11
383,1,4527.0503,0.010591122,9.802646e-05,34298.867,1.0,0.01450285,Type I: 优势发育主进液簇,0.0946134403347969,linear,1494.0035400390625,79.24755859375,0.9461732506752014,22014.02734375,12,0.011839272228178894,0.6477402559476855,0,-1,1.129142826873479e-13,3.055902197957039e-09
384,4,4864.4004|4889.3154|4901.681|4950.0,0.004858392|0.018166902|0.0008666901|0.016340116,5.7763125e-05|0.00016921869|7.1903387e-06|0.00015429273,191544.67|74443.695|60024708.0|79595.164,0.14879327|0.4355457|0.018497853|0.39716315,0.003412409|0.00998876|0.0004242278|0.009108498,Type III: 受抑/欠发育弱进液簇|Type I: 优势发育主进液簇|Type IV: 砂堵闭合/未起裂死簇|Type I: 优势发育主进液簇,0.03655396029353142,cosine,1441.5732421875,122.50868225097656,1.4962188005447388,3717.751220703125,6,0.011716372770985578,0.6981993765440423,0,-1,7.700168492196999e-14,1.7689671949483454e-10
385,4,4786.311|4799.651|4842.7515|4890.3374,0.015009629|0.011788647|0.006162362|0.0027830196,0.00020760889|0.00012727977|0.00013315181|5.6865432e-05,51972.246|74797.625|93806.875|131013.25,0.39541098|0.24253419|0.2536579|0.10839692,0.007673862|0.0047069355|0.0049228165|0.0021036922,Type I: 优势发育主进液簇|Type II: 均衡/正常发育簇|Type II: 均衡/正常发育簇|Type III: 受抑/欠发育弱进液簇,0.013507727533578873,linear,1497.254638671875,173.1192169189453,1.26614248752594,1615.3568115234375,8,0.011408876324035876,0.6775858570530724,0,-1,7.526223161401571e-14,3.956301952712238e-11
386,1,4510.181,0.0098611675,0.00015197086,147588.12,1.0,0.013396515,Type I: 优势发育主进液簇,0.06169939413666725,cosine,1464.6953125,140.08016967773438,0.8739953637123108,7970.45703125,12,0.008396335766674793,0.6187724606422296,0,-1,8.28740254318807e-15,2.673914423212409e-10
387,5,4501.1665|4538.6924|4565.295|4602.2407|4623.3496,0.0135304555|0.00425312|0.019558532|0.009735139|0.005311896,0.00011157551|4.2205655e-05|0.00015481592|7.1240705e-05|4.1239273e-05,950790.3|1588324.4|564869.44|1127651.2|1641445.9,0.26470846|0.10057247|0.36694473|0.16950777|0.09826659,0.0032527798|0.0012358505|0.004509075|0.0020829383|0.0012075155,Type II: 均衡/正常发育簇|Type III: 受抑/欠发育弱进液簇|Type I: 优势发育主进液簇|Type II: 均衡/正常发育簇|Type III: 受抑/欠发育弱进液簇,0.01523048896342516,linear,1440.4239501953125,70.55609130859375,0.8016856908798218,958.442626953125,4,0.008735320237634556,0.6349570194338237,0,-1,4.75744016935082e-14,0.0
388,3,4778.5435|4823.357|4845.5903,0.00084108615|0.02186136|0.0097307125,5.280869e-06|0.00018934878|0.0001383607,59588600.0|15808.434|33995.703,0.015852232|0.56864756|0.4155002,0.00026728402|0.009587951|0.0070057367,Type IV: 砂堵闭合/未起裂死簇|Type I: 优势发育主进液簇|Type I: 优势发育主进液簇,0.021757183596491814,cosine,1424.37451171875,67.35472869873047,1.1000182628631592,2688.53271484375,16,0.010437414291847767,0.6521719961822579,0,-1,9.918013811486062e-14,3.1377567211166024e-10
389,2,4593.3154|4636.4375,0.0015442362|0.012922088,3.4114117e-05|0.0001923391,582293.06|180196.6,0.15103151|0.8489685,0.0020294813|0.011407989,Type II: 均衡/正常发育簇|Type I: 优势发育主进液簇,0.014320321381092072,cosine,1492.3726806640625,72.60940551757812,0.876667320728302,3648.13330078125,4,0.011901470215061237,0.6343260760392359,0,-1,4.479630980936712e-14,8.003553375601768e-11
390,2,4559.1353|4574.77,0.018980527|0.00029241695,0.00019392215|9.0598705e-06,310833.3|58034120.0,0.95521945|0.04478054,0.011950578|0.0005602412,Type I: 优势发育主进液簇|Type IV: 砂堵闭合/未起裂死簇,0.003244206076487899,cosine,1488.8870849609375,75.71874237060547,0.8162121176719666,3947.1201171875,4,0.00970218328395319,0.7432214370743,0,-1,4.159736028802033e-15,9.686118573881686e-11
391,5,4572.9243|4618.965|4648.3496|4673.265|4705.4116,0.005862019|0.00033751343|0.024139527|0.0069837687|0.009652753,0.00010506734|4.472675e-06|0.00020424384|9.739521e-05|0.00016017632,26808.283|98667704.0|8846.989|27589.244|22347.197,0.18395494|0.007822732|0.35746446|0.17046283|0.28029504,0.0041927476|0.0001782977|0.00814742|0.0038852321|0.006388556,Type II: 均衡/正常发育簇|Type IV: 砂堵闭合/未起裂死簇|Type I: 优势发育主进液簇|Type II: 均衡/正常发育簇|Type II: 均衡/正常发育簇,0.008085747249424458,linear,1405.8238525390625,162.69178771972656,1.4869781732559204,1851.2877197265625,16,0.011216395578747398,0.6787352525113312,0,-1,9.742108107637509e-14,1.680291461525485e-10
392,1,4502.063,0.007978323,0.00011326146,310377.84,1.0,0.012915348,Type I: 优势发育主进液簇,0.007259086240082979,cosine,1432.99365234375,137.60060119628906,0.8426038026809692,13223.291015625,4,0.011170493845068814,0.7316544993550976,0,-1,2.901201346760911e-14,2.5647750589996576e-10
393,3,4511.269|4528.0474|4561.5776,0.006409923|0.0078845|0.017804986,7.458359e-05|7.156168e-05|0.00012817842,56613.266|48688.105|27146.885,0.27189174|0.26088062|0.46722764,0.0057679|0.00553431|0.009911747,Type II: 均衡/正常发育簇|Type II: 均衡/正常发育簇|Type I: 优势发育主进液簇,0.041220225393772125,cosine,1463.340087890625,123.04987335205078,1.3840092420578003,6187.51416015625,12,0.010621153131520313,0.735921234827239,0,-1,8.635202064033801e-14,5.729816621169448e-11
394,2,4713.4585|4727.1997,0.0038398646|0.011406109,5.0978764e-05|0.00017243125,1249793.9|567964.9,0.22937743|0.77062255,0.003502152|0.011765922,Type II: 均衡/正常发育簇|Type I: 优势发育主进液簇,0.08265656977891922,linear,1470.06884765625,51.36259460449219,0.9960968494415283,4830.9072265625,4,0.008682673002750163,0.742339464994367,0,-1,1.3043311276970254e-13,1.77351466845721e-10
395,2,4752.807|4798.0957,0.009629056|0.012136412,7.341816e-05|0.00012421061,42398.723|32499.814,0.37153044|0.6284696,0.007128142|0.012057748,Type I: 优势发育主进液簇|Type I: 优势发育主进液簇,0.021676884964108467,linear,1433.981201171875,154.8355712890625,1.251697063446045,9654.1787109375,16,0.009609140302788415,0.7142098792666309,0,-1,1.3562495039792094e-13,1.5006662579253316e-09
396,6,4698.369|4709.2515|4736.6084|4773.8105|4788.227|4829.9175,0.0006025071|0.024666391|0.007255237|0.010218364|0.022480097|0.00559388,5.702308e-06|0.00019777798|7.016187e-05|0.00013305941|0.00019714983|4.919325e-05,68041590.0|128521.25|431263.5|361704.44|180841.56|457341.28,0.008747333|0.3029368|0.10761063|0.20362365|0.30160293|0.075478695,0.00019566466|0.0067762393|0.0024070877|0.0045547546|0.006746403|0.0016883448,Type IV: 砂堵闭合/未起裂死簇|Type II: 均衡/正常发育簇|Type III: 受抑/欠发育弱进液簇|Type II: 均衡/正常发育簇|Type II: 均衡/正常发育簇|Type III: 受抑/欠发育弱进液簇,0.03327532857656479,cosine,1436.095947265625,53.64830017089844,1.4593318700790405,1328.3927001953125,8,0.00801331206184937,0.7167433857697467,0,-1,1.7836980739541035e-14,8.139977580867708e-11
397,1,4864.453,0.012870237,0.000105152634,205167.14,1.0,0.014131951,Type I: 优势发育主进液簇,0.09118856489658356,linear,1448.382568359375,193.17626953125,0.9219756126403809,18335.755859375,8,0.008825971063289757,0.7200094477498685,0,-1,7.573790498840299e-14,1.1350493878126144e-09
398,2,4877.177|4915.5273,0.008702607|0.0064648786,0.00014294704|0.00011390782,62784.355|78475.95,0.55649847|0.4435015,0.008060106|0.006423502,Type I: 优势发育主进液簇|Type I: 优势发育主进液簇,0.05023002624511719,cosine,1498.8973388671875,158.270751953125,0.9449179172515869,3383.4072265625,8,0.011376543702117032,0.7427785051741121,0,-1,2.5152014446753112e-15,4.547473508864641e-13
399,1,4615.3784,0.008102687,0.00012259958,222025.9,1.0,0.017633876,Type I: 优势发育主进液簇,0.014201859943568707,linear,1474.0068359375,147.92684936523438,1.1504429578781128,20963.130859375,8,0.00863044778581079,0.724116748463109,0,-1,6.138567708617246e-14,1.2405507732182741e-09
400,5,4610.4956|4637.112|4652.559|4695.9194|4738.754,0.0073784636|0.0063328105|0.0034734013|0.017218912|0.016664147,7.699596e-05|4.3242348e-05|2.945403e-05|0.00014546986|0.0001260051,55982.957|67265.68|74535.84|25796.854|27680.053,0.18284327|0.10269222|0.069947876|0.34535804|0.2991586,0.0036052743|0.0020248685|0.0013792209|0.006809714|0.005898761,Type II: 均衡/正常发育簇|Type III: 受抑/欠发育弱进液簇|Type III: 受抑/欠发育弱进液簇|Type II: 均衡/正常发育簇|Type II: 均衡/正常发育簇,0.09535524994134903,cosine,1462.6937255859375,170.1494598388672,1.2864017486572266,2435.860107421875,16,0.009421402429531569,0.6720107642027832,0,-1,2.586534536086569e-14,4.547473508864641e-13
401,2,4551.556|4589.964,0.005250712|0.015145458,9.3493036e-05|0.0001218736,50845.59|31903.37,0.43411753|0.56588244,0.009011279|0.011746415,Type I: 优势发育主进液簇|Type I: 优势发育主进液簇,0.028685182332992554,cosine,1412.5252685546875,121.52803802490234,1.3542424440383911,9494.8232421875,16,0.009493194916771563,0.7029314026790099,0,-1,8.891863211447221e-14,5.784386303275824e-10
402,3,4581.058|4626.9805|4655.19,0.0065983217|0.011570528|0.010818242,0.000110419336|0.0001675922|0.00014713829,468934.38|320299.38|293786.97,0.2599324|0.3938432|0.3462244,0.005123769|0.00776341|0.0068247514,Type II: 均衡/正常发育簇|Type I: 优势发育主进液簇|Type II: 均衡/正常发育簇,0.09244821965694427,linear,1488.5303955078125,59.33600997924805,1.2860162258148193,2296.845703125,4,0.010934677597783436,0.7159088631697172,0,-1,1.6368694865254857e-14,3.637978807091713e-12
403,2,4763.5444|4807.4814,0.006018656|0.018213619,5.5823653e-05|0.0001471824,511035.06|247020.25,0.27536264|0.7246374,0.004445898|0.011699714,Type II: 均衡/正常发育簇|Type I: 优势发育主进液簇,0.08636996150016785,linear,1434.0887451171875,109.03409576416016,1.0533478260040283,6512.45556640625,8,0.008171220649254074,0.6366527859104577,0,-1,3.8894153739713055e-14,4.6202330850064754e-10
404,5,4564.593|4586.551|4636.067|4672.5547|4699.312,0.009403094|0.010642033|0.00074363506|0.00680404|0.010897906,0.00011374865|0.00012492582|4.0877353e-06|6.763358e-05|0.00012667636,271871.22|255319.67|52464388.0|384492.72|263198.0,0.2602749|0.28576967|0.009364876|0.15487383|0.28971672,0.0038125517|0.0041860035|0.00013717831|0.0022686187|0.0042438204,Type II: 均衡/正常发育簇|Type II: 均衡/正常发育簇|Type IV: 砂堵闭合/未起裂死簇|Type II: 均衡/正常发育簇|Type II: 均衡/正常发育簇,0.07751073688268661,linear,1413.4677734375,153.44671630859375,0.9556541442871094,1320.772216796875,4,0.011223469814742901,0.6996068837581395,0,-1,2.4277316132892066e-14,3.092281986027956e-11
405,2,4727.6406|4758.32,0.009402973|0.011193337,8.0096754e-05|0.0006374209,29385.447|26103.76,0.11217098|0.887829,0.0013817546|0.010936535,Type III: 受抑/欠发育弱进液簇|Type V: 沟通天然断层/强微裂缝簇,0.04506300389766693,cosine,1487.81982421875,177.7481689453125,0.8036514520645142,504.8666687011719,16,0.010854800300376688,0.6428827747988352,1,1,1.3589615001884103e-13,3.410605131648481e-13
406,3,4809.6484|4829.558|4857.9688,0.0095707495|0.01759972|0.0038675945,8.063436e-05|0.00015747115|3.682902e-05,132291.84|73058.195|189929.83,0.2933567|0.572617|0.13402632,0.0046117683|0.009001931|0.0021069855,Type II: 均衡/正常发育簇|Type I: 优势发育主进液簇|Type III: 受抑/欠发育弱进液簇,0.0660458356142044,linear,1437.2196044921875,192.79440307617188,1.025625467300415,3515.103515625,12,0.008361787947974623,0.695509361940992,0,-1,6.973902114430428e-14,3.2741809263825417e-11
407,6,4561.1597|4597.4214|4625.697|4663.249|4697.1274|4742.6978,0.004457045|0.008988697|0.0033348226|0.014721028|0.00357276|0.02712491,7.5259195e-05|0.00011208403|4.584299e-05|0.00017591885|5.6461784e-05|0.00023877318,1173954.6|785660.25|1248271.4|582571.56|1237936.5|234632.86,0.10718048|0.1593224|0.06538874|0.2489762|0.08046348|0.33866873,0.0017163177|0.002551284|0.0010470923|0.003986941|0.0012884892|0.0054232185,Type III: 受抑/欠发育弱进液簇|Type II: 均衡/正常发育簇|Type III: 受抑/欠发育弱进液簇|Type II: 均衡/正常发育簇|Type III: 受抑/欠发育弱进液簇|Type II: 均衡/正常发育簇,0.01361603382974863,linear,1494.2523193359375,166.8392333984375,1.0447185039520264,737.9580078125,4,0.009671828099497412,0.6265381024651228,0,-1,1.2652929376986977e-13,2.7398527890909463e-11
408,2,4779.8647|4821.5693,0.00063960685|0.028488584,2.8900595e-06|0.00021216639,67183550.0|47689.516,0.013449629|0.9865504,0.0001865298|0.013682239,Type IV: 砂堵闭合/未起裂死簇|Type I: 优势发育主进液簇,0.09522931277751923,cosine,1469.54052734375,98.75605010986328,0.9048054218292236,4304.3271484375,8,0.01111294635482507,0.6985572686710274,0,-1,5.6286580248315985e-15,2.1464074961841106e-10
409,1,4538.1436,0.011283548,0.0005597571,254145.11,1.0,0.012679331,Type V: 沟通天然断层/强微裂缝簇,0.05567729100584984,cosine,1436.5894775390625,185.2514190673828,0.8272059559822083,769.1320190429688,4,0.011748720755567257,0.7308774797022979,1,0,1.2860615587609921e-14,4.1154635255225e-11
410,3,4751.334|4763.579|4794.8325,0.010466458|0.0136112245|0.0070140953,0.00015497462|0.00014980217|6.746052e-05,388774.56|306473.6|584873.5,0.4158811|0.4024867|0.18163219,0.008681241|0.008401643|0.003791451,Type I: 优势发育主进液簇|Type I: 优势发育主进液簇|Type II: 均衡/正常发育簇,0.04027571156620979,cosine,1495.6578369140625,142.30572509765625,1.3618520498275757,3393.11474609375,4,0.010951623080542216,0.6584713909264016,0,-1,7.745215737211056e-14,9.686118573881686e-11
411,5,4684.364|4705.3247|4736.8237|4760.23|4801.6284,0.027840724|0.011125821|0.0040994114|0.014684603|0.0039151195,0.0002526481|0.0001243007|5.759895e-05|0.0001996236|6.119646e-05,19101.986|48594.973|69746.54|36292.777|68203.65,0.36333233|0.17878325|0.082861036|0.2869915|0.08803188,0.0044884523|0.002208612|0.0010236298|0.0035453707|0.0010875083,Type I: 优势发育主进液簇|Type II: 均衡/正常发育簇|Type III: 受抑/欠发育弱进液簇|Type II: 均衡/正常发育簇|Type III: 受抑/欠发育弱进液簇,0.042941078543663025,cosine,1455.00341796875,113.82695007324219,0.805953323841095,459.18511962890625,12,0.011365118163388577,0.6273631460087701,0,-1,8.860679524087464e-14,1.2164491636212915e-11
412,2,4780.8975|4817.518,0.0106832795|0.005055882,0.00016328113|8.623808e-05,140429.23|225094.2,0.65415084|0.34584913,0.010979542|0.005804877,Type I: 优势发育主进液簇|Type II: 均衡/正常发育簇,0.061243556439876556,cosine,1404.4000244140625,142.81161499023438,1.0950238704681396,4736.09228515625,6,0.010771894083594781,0.692258623610502,0,-1,3.2452908632976674e-14,1.382431946694851e-10
413,6,4782.156|4810.0903|4852.0137|4896.668|4916.1616|4950.0,0.0008840559|0.017309379|0.011159887|0.005302346|0.030906292|0.0116548175,3.977184e-06|7.209948e-05|7.007895e-05|3.8918653e-05|0.0001699521|8.3605504e-05,87217016.0|598280.3|755937.75|1097581.0|252653.5|773432.25,0.009086549|0.16456382|0.15988652|0.08887766|0.38701898|0.19056647,0.00020484882|0.0037099565|0.003604511|0.0020036744|0.008725027|0.004296165,Type IV: 砂堵闭合/未起裂死簇|Type II: 均衡/正常发育簇|Type II: 均衡/正常发育簇|Type III: 受抑/欠发育弱进液簇|Type I: 优势发育主进液簇|Type II: 均衡/正常发育簇,0.0491078719496727,linear,1478.40625,67.85999298095703,1.4707938432693481,2822.32958984375,4,0.009699897993744159,0.6468600571650731,0,-1,8.171847936831386e-14,2.510205376893282e-10
414,5,4744.9814|4786.259|4818.2524|4829.1978|4870.739,0.013525203|0.028593684|0.004682667|0.0043655382|0.004093286,9.563817e-05|0.00019164375|4.158976e-05|5.2572992e-05|4.31325e-05,17413.414|7519.081|30652.744|28321.701|31974.328,0.22527482|0.4513469|0.097959176|0.12382692|0.101592176,0.0048904717|0.009798251|0.0021265873|0.0026881478|0.002205456,Type II: 均衡/正常发育簇|Type I: 优势发育主进液簇|Type III: 受抑/欠发育弱进液簇|Type III: 受抑/欠发育弱进液簇|Type III: 受抑/欠发育弱进液簇,0.003941102419048548,linear,1403.9688720703125,196.98716735839844,1.4163005352020264,2902.382080078125,16,0.011211744109830366,0.7246893809332212,0,-1,4.3470140817037164e-14,2.9103830456733704e-11
415,6,4791.773|4840.049|4857.194|4905.2075|4917.775|4950.0,0.023397231|0.0053911973|0.007345791|0.025843833|0.0005127679|0.007556508,0.000154549|3.729231e-05|6.617705e-05|0.0001232024|2.3494797e-06|5.0104467e-05,565720.06|1634490.5|1502808.6|456620.3|56769840.0|1466490.6,0.3554971|0.08625366|0.15273009|0.2842808|0.005439156|0.11579919,0.006525755|0.0015833329|0.0028036213|0.005218459|9.984498e-05|0.0021256916,Type I: 优势发育主进液簇|Type III: 受抑/欠发育弱进液簇|Type II: 均衡/正常发育簇|Type II: 均衡/正常发育簇|Type IV: 砂堵闭合/未起裂死簇|Type III: 受抑/欠发育弱进液簇,0.02835294045507908,cosine,1408.9151611328125,63.13902282714844,1.1976007223129272,1935.5462646484375,4,0.008292794604274312,0.7185593539044302,0,-1,3.4020290585828027e-15,4.547473508864641e-13
416,1,4661.3975,0.011092748,0.0007659164,290879.25,1.0,0.021726893,Type V: 沟通天然断层/强微裂缝簇,0.07149352878332138,cosine,1430.5648193359375,84.1449966430664,1.4174734354019165,1114.88720703125,4,0.011638900116504652,0.6937460697773719,1,0,6.451251615162065e-14,5.6843418860808015e-12
417,1,4846.99,0.012,0.0005,26283.188,1.0,0.022319576,Type V: 沟通天然断层/强微裂缝簇,0.06581605970859528,cosine,1407.7896728515625,193.07635498046875,1.4561402797698975,2296.129150390625,16,0.010549916917568163,0.7028489791569468,1,0,7.772206611481904e-15,1.2323653209023178e-10
418,5,4601.799|4613.241|4654.585|4692.8403|4732.92,0.009496838|0.005|0.004994546|0.013551589|0.013240677,9.860649e-05|0.0005|3.6586498e-05|0.00010538177|0.00013239717,787938.44|1450954.8|1239029.2|490459.25|596992.6,0.12281889|0.53547|0.045698635|0.13137345|0.164639,0.001828545|0.007972154|0.00068036775|0.0019559064|0.0024511686,Type III: 受抑/欠发育弱进液簇|Type V: 沟通天然断层/强微裂缝簇|Type III: 受抑/欠发育弱进液簇|Type III: 受抑/欠发育弱进液簇|Type II: 均衡/正常发育簇,0.016662243753671646,cosine,1484.58837890625,198.04507446289062,0.9713098406791687,586.1521606445312,4,0.009345641500588378,0.6345339225358021,1,1,7.270668577830444e-14,1.5688783605583012e-11
419,2,4775.1846|4801.4087,0.01469272|0.0009692327,0.00019112292|8.28577e-06,57183.78|97924980.0,0.9585401|0.04145992,0.014468503|0.000625809,Type I: 优势发育主进液簇|Type IV: 砂堵闭合/未起裂死簇,0.03490794450044632,cosine,1466.2332763671875,127.44831085205078,0.9847605228424072,5914.65283203125,8,0.010618574730065371,0.70566591007874,0,-1,2.137616899623978e-14,5.156834959052503e-10
420,6,4631.0728|4641.785|4669.2754|4716.62|4732.153|4746.8403,0.0049668304|0.016846228|0.012854541|0.008574046|0.003067487|0.00045549282,6.159625e-05|0.0001588534|0.00018758829|0.00012055355|4.4983957e-05|9.21635e-06,372250.25|95908.18|189182.9|258164.86|421231.9|76717336.0,0.10583379|0.2727871|0.32142866|0.20685813|0.077299714|0.015792605,0.001376067|0.0035468193|0.0041792644|0.0026896007|0.0010050627|0.00020533784,Type III: 受抑/欠发育弱进液簇|Type II: 均衡/正常发育簇|Type II: 均衡/正常发育簇|Type II: 均衡/正常发育簇|Type III: 受抑/欠发育弱进液簇|Type IV: 砂堵闭合/未起裂死簇,0.09756606817245483,linear,1438.935302734375,106.8958969116211,0.8482669591903687,638.7701416015625,6,0.009833614270128436,0.6859027950129544,0,-1,1.4409163762879075e-14,1.1937117960769683e-11
421,3,4804.346|4829.953|4873.051,0.012|0.0069743833|0.0055706566,0.0012990575|5.9252918e-05|6.1321654e-05,714760.1|2190996.0|2342252.5,0.87927854|0.059341934|0.06137953,0.011315378|0.0007636675|0.0007898892,Type V: 沟通天然断层/强微裂缝簇|Type III: 受抑/欠发育弱进液簇|Type III: 受抑/欠发育弱进液簇,0.0334826223552227,cosine,1410.5576171875,64.62390899658203,0.8395758271217346,264.6293029785156,4,0.008139854777295582,0.6192217254080273,1,0,1.125574175422743e-13,5.7411853049416095e-12
422,1,4517.196,0.012,0.00074409903,31388.58,1.0,0.014199248,Type V: 沟通天然断层/强微裂缝簇,0.09213396161794662,linear,1402.5443115234375,79.26164245605469,0.9263660907745361,486.9346008300781,16,0.010860182926892958,0.6001069884148531,1,0,6.181807046508683e-14,1.1084466677857563e-11
423,3,4509.519|4545.21|4590.1562,0.013719942|0.005|0.023780057,0.00013971524|0.0005|0.00018823873,348832.78|743050.2|208611.16,0.17720857|0.5841882|0.23860323,0.0031026874|0.010228362|0.0041776267,Type II: 均衡/正常发育簇|Type V: 沟通天然断层/强微裂缝簇|Type II: 均衡/正常发育簇,0.09855964779853821,linear,1494.130126953125,57.779258728027344,1.1422748565673828,610.3814697265625,6,0.00908022188133659,0.6731341091907285,1,1,9.967239978248693e-14,1.750777300912887e-11
424,4,4749.6104|4799.3237|4845.6685|4875.0884,0.027753899|0.0009100098|0.0075825807|0.011482062,0.0001668441|5.1619054e-06|6.754356e-05|0.00011170766,241148.98|64442650.0|732156.56|504210.28,0.47480628|0.01472585|0.19252615|0.31794173,0.009504647|0.0002947813|0.0038539781|0.0063645407,Type I: 优势发育主进液簇|Type IV: 砂堵闭合/未起裂死簇|Type II: 均衡/正常发育簇|Type II: 均衡/正常发育簇,0.012509696185588837,linear,1460.03515625,61.74620819091797,1.305980920791626,3405.70263671875,6,0.008048292278549762,0.7157887827698659,0,-1,9.307113321135527e-14,1.5734258340671659e-10
425,6,4773.5723|4789.145|4813.7383|4848.0317|4870.3354|4882.9565,0.0040365295|0.0009959382|0.018939713|0.014663364|0.023327503|0.004975386,3.568011e-05|1.2995341e-06|0.00013828433|0.000117906326|0.000116899166|6.01311e-05,1071444.5|91741980.0|438577.7|445510.9|369255.44|944616.06,0.07606517|0.0027719333|0.29373062|0.25070244|0.24869913|0.1280307,0.0011488574|4.1866155e-05|0.004436388|0.0037865082|0.0037562507|0.0019337238,Type III: 受抑/欠发育弱进液簇|Type IV: 砂堵闭合/未起裂死簇|Type II: 均衡/正常发育簇|Type II: 均衡/正常发育簇|Type II: 均衡/正常发育簇|Type III: 受抑/欠发育弱进液簇,0.06995118409395218,linear,1469.974853515625,124.92261505126953,0.9853661060333252,1207.484375,4,0.009468371210506654,0.7026183013678511,0,-1,2.64166520011792e-14,3.2514435588382185e-11
426,5,4704.9976|4728.8804|4747.53|4770.3975|4806.9556,0.019155506|0.002557002|0.0061153146|0.010552158|0.00063320843,0.00022106769|2.8732533e-05|5.444202e-05|0.00073296466|2.1836254e-06,156129.69|737685.7|572988.8|381238.78|61131170.0,0.22638847|0.029518738|0.055890027|0.68595994|0.0022428017,0.004420204|0.0005763493|0.0010912452|0.013393275|4.37904e-05,Type II: 均衡/正常发育簇|Type IV: 砂堵闭合/未起裂死簇|Type III: 受抑/欠发育弱进液簇|Type V: 沟通天然断层/强微裂缝簇|Type IV: 砂堵闭合/未起裂死簇,0.09924177080392838,cosine,1449.2767333984375,71.40507507324219,1.273811936378479,546.7731323242188,4,0.010455464091123084,0.7074733240556249,1,3,9.613233738778662e-14,1.1141310096718371e-11
427,5,4805.352|4824.253|4858.251|4886.716|4912.219,0.009592541|0.01176706|0.015190399|0.012394881|0.0031547071,7.607128e-05|0.00011974805|0.00013876247|0.00011221504|4.3617903e-05,336816.38|338063.53|260924.64|256885.81|547430.25,0.15526982|0.24404982|0.28275982|0.228864|0.08905656,0.0035201542|0.005532904|0.0064105066|0.0051886234|0.0020190198,Type II: 均衡/正常发育簇|Type II: 均衡/正常发育簇|Type II: 均衡/正常发育簇|Type II: 均衡/正常发育簇|Type III: 受抑/欠发育弱进液簇,0.003073327010497451,linear,1484.6597900390625,165.8511505126953,1.4790810346603394,2410.85546875,8,0.008068598865259378,0.6741208848457568,0,-1,6.36617969169799e-14,1.4642864698544145e-10
428,4,4657.138|4702.025|4725.9746|4770.371,0.021011151|0.005147552|0.015765673|0.011017835,0.00012313352|4.8499078e-05|9.287507e-05|6.8661655e-05,15584.431|33652.027|19049.803|24618.354,0.36958203|0.14557432|0.27875715|0.20608652,0.0055518337|0.0021868066|0.0041874694|0.0030958164,Type I: 优势发育主进液簇|Type III: 受抑/欠发育弱进液簇|Type II: 均衡/正常发育簇|Type II: 均衡/正常发育簇,0.041383448988199234,linear,1456.144287109375,100.01561737060547,0.980038046836853,2176.264404296875,16,0.010880486111378415,0.7218113565360885,0,-1,7.794861354689167e-14,1.9963408703915775e-10
429,2,4812.806|4860.5654,0.007596076|0.009846289,5.265995e-05|0.001088295,277130.94|246908.75,0.052166943|0.94783306,0.0010179731|0.018495783,Type III: 受抑/欠发育弱进液簇|Type V: 沟通天然断层/强微裂缝簇,0.06544148176908493,cosine,1475.7403564453125,154.99893188476562,1.2730872631072998,603.0870971679688,6,0.009865752236305595,0.6778006821603285,1,1,2.1086478646081125e-13,4.433786671143025e-11
430,1,4551.8945,0.015017313,0.00012517309,431895.06,1.0,0.017214619,Type I: 优势发育主进液簇,0.005153997335582972,cosine,1491.224365234375,99.69813537597656,1.123090386390686,19195.984375,4,0.011090542553694098,0.622218154669142,0,-1,1.0298732081980705e-13,1.7789716366678476e-09
431,6,4749.069|4778.718|4804.609|4839.0967|4854.0806|4870.582,0.0007968389|0.026829543|0.012839346|0.0039444193|0.003548077|0.0142865265,6.4729907e-06|0.00015169877|0.00012800875|3.0652674e-05|4.095726e-05|0.000101260935,87711040.0|62418.945|155836.75|313859.9|322141.88|168518.97,0.014089194|0.330516|0.27873263|0.066818476|0.08926948|0.22057419,0.00021858845|0.0051278295|0.00432443|0.0010366631|0.0013849818|0.003422124,Type IV: 砂堵闭合/未起裂死簇|Type II: 均衡/正常发育簇|Type II: 均衡/正常发育簇|Type III: 受抑/欠发育弱进液簇|Type III: 受抑/欠发育弱进液簇|Type II: 均衡/正常发育簇,0.08151750266551971,cosine,1462.7218017578125,147.3513641357422,1.0121814012527466,1338.451416015625,6,0.010837763031085197,0.6509998511303924,0,-1,1.1248307515455969e-13,6.275513442233205e-11
432,5,4595.225|4611.726|4660.221|4688.099|4712.19,0.024813816|0.002672645|0.010025293|0.0042044646|0.0048488877,0.0002746865|3.6775367e-05|0.00021992312|7.631293e-05|9.864458e-05,35855.926|127058.23|59701.98|110031.7|111102.06,0.38883492|0.052120276|0.31121758|0.108110994|0.13971622,0.004889827|0.00065544306|0.0039137434|0.0013595592|0.0017570135,Type I: 优势发育主进液簇|Type III: 受抑/欠发育弱进液簇|Type II: 均衡/正常发育簇|Type III: 受抑/欠发育弱进液簇|Type III: 受抑/欠发育弱进液簇,0.03683597594499588,linear,1480.0711669921875,129.19898986816406,0.8204376101493835,476.7746276855469,12,0.009112832610840836,0.7362823281383983,0,-1,2.8140523291035786e-14,5.229594535194337e-12
433,1,4655.6997,0.012,0.0015,605582.6,1.0,0.020649344,Type V: 沟通天然断层/强微裂缝簇,0.03776664659380913,cosine,1467.955322265625,70.48411560058594,1.3471735715866089,598.3614501953125,6,0.008338794975242215,0.6194534456113068,1,0,1.8364290936458832e-13,6.343725544866174e-11
434,2,4775.7793|4800.205,0.0028924202|0.017094022,4.797041e-05|0.00019628939,1515058.4|552740.25,0.19778584|0.80221415,0.003875335|0.015718257,Type II: 均衡/正常发育簇|Type I: 优势发育主进液簇,0.03213028609752655,linear,1414.7435302734375,55.11018371582031,1.2782957553863525,6678.38232421875,4,0.00925827065830893,0.6201259927620597,0,-1,8.587918652038992e-14,5.57520252186805e-10
435,2,4616.623|4643.8184,0.002334164|0.015675122,5.0213803e-05|0.0001797203,81407.0|28056.865,0.21844633|0.7815537,0.0029436348|0.010531688,Type II: 均衡/正常发育簇|Type I: 优势发育主进液簇,0.09991700947284698,linear,1423.6253662109375,114.39854431152344,0.879136860370636,3585.95654296875,16,0.009085748071031734,0.7123950028467266,0,-1,5.007727224429562e-14,1.0277290130034089e-10
436,6,4648.3164|4695.1777|4730.0317|4764.0664|4775.8667|4820.1084,0.01396612|0.01675629|0.006059161|0.028164785|0.00028110007|0.011822839,8.179882e-05|0.000104482424|4.416088e-05|0.00016197846|9.406371e-06|7.761989e-05,1054422.1|890313.75|1628604.9|494936.03|82614600.0|1180024.0,0.17083181|0.2178841|0.092385836|0.337204|0.019637076|0.16205718,0.0026694403|0.0034046858|0.0014436332|0.0052691945|0.00030685155|0.0025323268,Type II: 均衡/正常发育簇|Type II: 均衡/正常发育簇|Type III: 受抑/欠发育弱进液簇|Type II: 均衡/正常发育簇|Type IV: 砂堵闭合/未起裂死簇|Type II: 均衡/正常发育簇,0.03885876014828682,linear,1429.2183837890625,178.68063354492188,1.0194567441940308,1297.39501953125,4,0.008251990088276573,0.7147716056236779,0,-1,1.6585529878741095e-13,1.2755663192365319e-10
437,6,4735.313|4760.0493|4779.844|4812.6436|4823.1787|4851.7944,0.016032223|0.009142939|0.011200527|0.008815939|0.008204015|0.00069028104,0.00021609518|0.00012458384|0.00017311441|0.00010623491|0.00014623418|6.910126e-06,58356.406|107213.93|84061.8|97659.06|85736.086|91413784.0,0.2794575|0.16117308|0.22384413|0.137457|0.18914187|0.008926408,0.00620953|0.0035812566|0.004973804|0.0030542868|0.0042027216|0.00019834429,Type II: 均衡/正常发育簇|Type II: 均衡/正常发育簇|Type II: 均衡/正常发育簇|Type III: 受抑/欠发育弱进液簇|Type II: 均衡/正常发育簇|Type IV: 砂堵闭合/未起裂死簇,0.09946618974208832,cosine,1417.7354736328125,192.1999053955078,1.4496402740478516,1114.3868408203125,16,0.008140583189973221,0.6195878958626801,0,-1,6.995121983825042e-14,2.2964741219766438e-11
438,4,4723.713|4750.542|4782.472|4815.6147,0.018353911|0.0048184716|0.012|0.010460543,0.00014688585|7.093641e-05|0.0015|0.00010666622,151219.0|336053.72|182271.42|269943.88,0.09258977|0.044699006|0.79562974|0.0670815,0.0011888382|0.0005739282|0.01021576|0.000861316,Type III: 受抑/欠发育弱进液簇|Type III: 受抑/欠发育弱进液簇|Type V: 沟通天然断层/强微裂缝簇|Type III: 受抑/欠发育弱进液簇,0.007979840971529484,cosine,1487.1292724609375,188.15614318847656,0.8376777768135071,285.8045959472656,6,0.010804760254105154,0.6090477940924252,1,2,1.9644228192901292e-13,1.5518253349000588e-11
439,5,4757.2046|4785.084|4820.3086|4850.8193|4891.341,0.012010255|0.007473917|0.005430778|0.003996622|0.015680535,0.00011523153|8.4678475e-05|6.701584e-05|5.3169162e-05|0.00013978055,181919.75|217756.1|290939.6|301173.47|114374.1,0.25052524|0.18416595|0.14576294|0.11566923|0.30387667,0.0037778076|0.0027771394|0.0021980393|0.0017442398|0.004582323,Type II: 均衡/正常发育簇|Type II: 均衡/正常发育簇|Type III: 受抑/欠发育弱进液簇|Type III: 受抑/欠发育弱进液簇|Type II: 均衡/正常发育簇,0.0024930278304964304,linear,1434.323486328125,82.01849365234375,0.9837973713874817,1203.5343017578125,6,0.0106489785138351,0.6530085855947254,0,-1,8.915456805973221e-14,1.1891643225681037e-10
440,2,4592.592|4603.109,0.02178591|0.006875811,0.00012899964|7.4721844e-05,225817.25|435117.3,0.6330622|0.36693782,0.012038663|0.0069778934,Type I: 优势发育主进液簇|Type I: 优势发育主进液簇,0.07731814682483673,linear,1472.3846435546875,188.1337127685547,1.240649700164795,8997.2919921875,8,0.008530476238607806,0.620024105337211,0,-1,1.5690140159341226e-13,1.0859366739168763e-09
441,4,4671.665|4702.6714|4731.2285|4769.6123,0.0074830465|0.012|0.0059378734|0.006582789,0.000102004116|0.0014577479|7.402538e-05|0.00010389087,60935.51|38738.83|73195.4|67026.93,0.060750064|0.8334575|0.044021346|0.061771087,0.0011428691|0.015679536|0.0008281577|0.0011620772,Type III: 受抑/欠发育弱进液簇|Type V: 沟通天然断层/强微裂缝簇|Type III: 受抑/欠发育弱进液簇|Type III: 受抑/欠发育弱进液簇,0.0928671732544899,cosine,1493.42041015625,120.99423217773438,1.2273461818695068,313.5353088378906,12,0.01043593403496409,0.6404289786897008,1,1,2.9193853823099303e-13,3.1377567211166024e-11
442,5,4598.7085|4632.881|4674.1377|4689.662|4717.2866,0.004442244|0.015839087|0.012667923|0.022461085|0.014421917,3.9833947e-05|0.00011980965|9.4891286e-05|9.44173e-05|0.00010347648,268213.8|129468.32|179861.52|124514.01|163624.52,0.08810589|0.264779|0.20971914|0.20872213|0.22867385,0.001868663|0.0056157736|0.004447993|0.004426847|0.004850009,Type III: 受抑/欠发育弱进液簇|Type II: 均衡/正常发育簇|Type II: 均衡/正常发育簇|Type II: 均衡/正常发育簇|Type II: 均衡/正常发育簇,0.0578107088804245,linear,1494.5775146484375,137.4671173095703,1.3837045431137085,2422.56494140625,12,0.008198785669393622,0.6129166806758728,0,-1,1.2366762345075721e-13,1.355147105641663e-10
443,2,4502.668|4544.709,0.0002202015|0.012,3.4635395e-06|0.0010593223,57862870.0|27732.135,0.0033109884|0.996689,5.952224e-05|0.01791766,Type IV: 砂堵闭合/未起裂死簇|Type V: 沟通天然断层/强微裂缝簇,0.058867473155260086,linear,1448.544677734375,182.32044982910156,1.1728403568267822,536.8540649414062,12,0.010940009408131265,0.6146828332021543,1,1,1.1830391267314555e-13,5.263700586510822e-11
444,5,4817.0625|4849.31|4868.3438|4905.1587|4919.0386,0.023803419|0.022143884|0.004696317|0.0003286322|0.009998918,0.00013757576|0.0001252041|3.3018263e-05|1.6918682e-06|5.36793e-05,39643.06|47697.344|118140.49|55399656.0|91153.99,0.3917457|0.35650733|0.09404527|0.00481883|0.15288289,0.0048851245|0.0044456967|0.0011727578|6.0091494e-05|0.0019064714,Type I: 优势发育主进液簇|Type I: 优势发育主进液簇|Type III: 受抑/欠发育弱进液簇|Type IV: 砂堵闭合/未起裂死簇|Type II: 均衡/正常发育簇,0.08541804552078247,cosine,1413.24853515625,131.2065887451172,0.8135583400726318,1423.7672119140625,12,0.00972080357020624,0.6473252581261935,0,-1,1.0015931497815017e-13,5.229594535194337e-12
445,3,4766.9155|4802.3765|4837.6226,0.0025294393|0.0036909413|0.022983471,3.620518e-05|4.962433e-05|0.00018410706,97855.53|93762.46|23868.836,0.13416395|0.18387398|0.6819621,0.0019427153|0.0026625243|0.0098749185,Type III: 受抑/欠发育弱进液簇|Type II: 均衡/正常发育簇|Type I: 优势发育主进液簇,0.010612454265356064,cosine,1417.0517578125,183.52088928222656,0.9446927905082703,3103.927001953125,16,0.009027262216156453,0.6423039976974381,0,-1,3.73776123984218e-14,1.623448042664677e-10
446,4,4730.4653|4775.8477|4800.271|4822.4775,0.010365598|0.007474345|0.01175373|0.005216581,0.00014569455|0.000110261135|0.000110580935|6.0453538e-05,64717.68|75947.336|56928.65|99993.58,0.34115812|0.25822562|0.2590002|0.14161605,0.004686656|0.0035473716|0.0035580124|0.0019454487,Type II: 均衡/正常发育簇|Type II: 均衡/正常发育簇|Type II: 均衡/正常发育簇|Type III: 受抑/欠发育弱进液簇,0.02478356659412384,cosine,1451.561279296875,175.95164489746094,0.8962406516075134,1248.6385498046875,16,0.008111438199366444,0.7171039422126056,0,-1,1.1061830840425682e-13,1.170974428532645e-10
447,2,4606.072|4619.616,0.005|0.012957942,0.0005|0.0001076178,95478.35|38601.95,0.82119346|0.17880653,0.018757848|0.0040843305,Type V: 沟通天然断层/强微裂缝簇|Type II: 均衡/正常发育簇,0.035576216876506805,cosine,1499.227783203125,187.1897430419922,1.4902352094650269,1725.009521484375,16,0.008595705151723554,0.7030851391338727,1,0,6.227397747861699e-14,2.3419488570652902e-11
448,4,4774.434|4790.041|4802.3345|4837.3486,0.0019451135|0.00335208|0.020742564|0.0056060404,3.186147e-05|5.9289636e-05|0.00022384261|0.00012594745,65887.695|57579.49|14296.983|48391.062,0.072283395|0.13449268|0.50761795|0.285606,0.0013929814|0.0025918232|0.009782362|0.005503945,Type III: 受抑/欠发育弱进液簇|Type III: 受抑/欠发育弱进液簇|Type I: 优势发育主进液簇|Type II: 均衡/正常发育簇,0.031849347054958344,cosine,1450.4671630859375,190.2794189453125,1.2572569847106934,2173.560302734375,16,0.00948606314594288,0.7299330963682821,0,-1,1.3484513798536074e-13,2.219167072325945e-10
449,4,4823.278|4861.8027|4874.3438|4893.325,0.015409814|0.0073857135|0.013988129|0.005419982,0.00016440987|0.00010267453|0.00017104426|8.155039e-05,14499.899|23067.725|13420.932|26509.895,0.31638226|0.19757695|0.32911092|0.15692987,0.006679254|0.004171115|0.0069479737|0.003313,Type II: 均衡/正常发育簇|Type II: 均衡/正常发育簇|Type II: 均衡/正常发育簇|Type II: 均衡/正常发育簇,0.05495060607790947,linear,1422.1561279296875,74.75730895996094,1.3773146867752075,1812.6092529296875,16,0.01127600929821052,0.7369695814315148,0,-1,1.0057633979126956e-13,1.5188561519607902e-10
450,6,4774.29|4791.6|4839.3516|4869.6235|4900.745|4950.0,0.008607398|0.003830931|0.00952889|0.01342295|0.012456516|0.00021948598,0.00016981471|5.923238e-05|0.000114381226|0.00026368757|0.00016990502|6.140972e-06,41067.523|64151.656|44273.67|26899.473|30384.871|90434420.0,0.21692002|0.07568906|0.14608975|0.3365279|0.2169421|0.007831154,0.0035127348|0.0012256849|0.0023657316|0.005449628|0.0035130924|0.00012681526,Type II: 均衡/正常发育簇|Type III: 受抑/欠发育弱进液簇|Type III: 受抑/欠发育弱进液簇|Type II: 均衡/正常发育簇|Type II: 均衡/正常发育簇|Type IV: 砂堵闭合/未起裂死簇,0.05738038197159767,linear,1459.275390625,144.62852478027344,1.056484341621399,623.9391479492188,12,0.010487119806718095,0.7410096673714891,0,-1,8.141381855784544e-14,0.0
451,4,4622.72|4644.536|4683.5005|4699.342,0.006729392|0.0059490027|0.021811908|0.013964826,6.008283e-05|4.2084102e-05|0.0001576702|8.817689e-05,68438.234|72539.64|26797.486|46781.996,0.17267385|0.120949484|0.45299953|0.25337717,0.0037751372|0.0026442967|0.009903847|0.0055395393,Type II: 均衡/正常发育簇|Type III: 受抑/欠发育弱进液簇|Type I: 优势发育主进液簇|Type II: 均衡/正常发育簇,0.06380005180835724,cosine,1462.4305419921875,177.5596160888672,1.4263414144515991,4215.51806640625,16,0.009618689951686748,0.6116077463427145,0,-1,1.1203630254433272e-13,3.128661774098873e-10
452,3,4740.654|4753.696|4793.324,0.008486709|0.008100394|0.016712347,7.8586665e-05|7.388688e-05|0.00015302113,57555.01|56698.97|26998.994,0.25726542|0.24188225|0.50085235,0.0058205756|0.005472535|0.011331678,Type II: 均衡/正常发育簇|Type II: 均衡/正常发育簇|Type I: 优势发育主进液簇,0.08066326379776001,cosine,1427.5164794921875,134.53236389160156,1.4760526418685913,5719.96923828125,16,0.009204142869405183,0.7145067282923321,0,-1,8.541436194399107e-14,1.000444171950221e-10
453,2,4810.9326|4859.247,0.012|0.00078865694,0.001117014|1.5223577e-06,65545.695|77485464.0,0.9985846|0.0014153831,0.015351115|2.1758504e-05,Type V: 沟通天然断层/强微裂缝簇|Type IV: 砂堵闭合/未起裂死簇,0.006555368658155203,linear,1409.7034912109375,160.23403930664062,1.0029339790344238,410.8640441894531,12,0.008685310241711134,0.6471535905403814,1,0,1.980397318574259e-13,1.0345502232667059e-11
454,6,4596.1606|4621.472|4650.07|4677.06|4693.1865|4711.998,0.00041169327|0.014543766|0.01918013|0.015631115|0.021264518|0.00040056114,1.7760963e-06|0.0001644046|0.00011966984|0.00013655282|0.0002426113|6.464602e-06,92309800.0|389173.2|340181.56|304700.56|229707.69|96993990.0,0.0026582733|0.24475847|0.17863277|0.2037352|0.36056256|0.0096527105,3.588478e-05|0.0033040636|0.002411414|0.0027502787|0.0048673353|0.00013030464,Type IV: 砂堵闭合/未起裂死簇|Type II: 均衡/正常发育簇|Type II: 均衡/正常发育簇|Type II: 均衡/正常发育簇|Type I: 优势发育主进液簇|Type IV: 砂堵闭合/未起裂死簇,0.07192468643188477,linear,1412.8465576171875,178.4293212890625,0.880699872970581,621.0353393554688,4,0.011147752752155713,0.6258266809089144,0,-1,7.658890882611402e-14,1.4551915228366852e-11
455,2,4810.6895|4832.627,0.0017310211|0.015905447,1.8633735e-05|0.00012299055,925977.1|293375.56,0.13180718|0.86819285,0.0030210628|0.019899258,Type III: 受抑/欠发育弱进液簇|Type I: 优势发育主进液簇,0.012403232045471668,linear,1493.2611083984375,71.54749298095703,1.4953333139419556,26467.4921875,6,0.008271294159434122,0.694342229232654,0,-1,6.236439993980228e-14,0.0
456,1,4633.9014,0.010342826,0.0006030364,56384.98,1.0,0.019395322,Type V: 沟通天然断层/强微裂缝簇,0.03175956383347511,linear,1461.191650390625,147.75234985351562,1.2653605937957764,1273.90478515625,12,0.009959159229720996,0.7190536125410496,1,0,1.4310449060898401e-15,9.799805411603302e-11
457,2,4685.9365|4717.177,0.0071372786|0.012982881,7.790793e-05|0.00014440069,161106.3|114057.47,0.35061163|0.6493884,0.006751921|0.01250563,Type I: 优势发育主进液簇|Type I: 优势发育主进液簇,0.07140093296766281,cosine,1495.9320068359375,86.46649932861328,1.256372332572937,7675.00341796875,6,0.011591770837013111,0.683218098793986,0,-1,6.810060870256207e-14,3.610693966038525e-10
458,1,4642.7036,0.014314897,0.00011896868,862565.0,1.0,0.019316873,Type I: 优势发育主进液簇,0.02503608912229538,linear,1444.638916015625,135.7460174560547,1.2602424621582031,26891.509765625,4,0.0087754856459635,0.7097430002408229,0,-1,1.0866227893608499e-13,9.422365110367537e-10
459,2,4710.2817|4727.945,0.00727039|0.00891852,8.624927e-05|0.00016304225,88501.78|63139.688,0.3460949|0.6539051,0.0043094684|0.008142227,Type II: 均衡/正常发育簇|Type I: 优势发育主进液簇,0.00626772316172719,linear,1498.794677734375,148.20828247070312,0.8123549222946167,2676.364013671875,12,0.009512486741076425,0.6830516948877703,0,-1,1.3235043113811896e-14,2.1236701286397874e-10
460,1,4628.905,0.009690269,9.920768e-05,817508.9,1.0,0.01699154,Type I: 优势发育主进液簇,0.02204485423862934,linear,1466.104736328125,170.6977996826172,1.108536720275879,29795.232421875,4,0.009362051818026483,0.6356723292623732,0,-1,1.5048560813267498e-13,2.0881998352706432e-09
461,6,4805.991|4849.973|4860.321|4877.1367|4905.9785|4950.0,0.005236429|0.0048227874|0.0023591493|0.008785663|0.023448545|0.0105738845,5.9374684e-05|6.0225713e-05|3.710398e-05|0.00010202697|0.00023151856|9.7792465e-05,220068.72|226122.3|259686.23|178025.8|56913.004|143073.72,0.101062864|0.102483876|0.06315031|0.17350732|0.3934613|0.16633435,0.0022857967|0.0023179366|0.0014283066|0.0039243144|0.008899139|0.003762079,Type III: 受抑/欠发育弱进液簇|Type III: 受抑/欠发育弱进液簇|Type III: 受抑/欠发育弱进液簇|Type II: 均衡/正常发育簇|Type I: 优势发育主进液簇|Type II: 均衡/正常发育簇,0.0559411495923996,cosine,1411.9576416015625,86.63720703125,1.4755817651748657,1668.9351806640625,8,0.009585598906874436,0.6932861613538597,0,-1,1.213363041768431e-13,1.9554136088117957e-11
462,1,4885.4805,0.013678462,0.00011555097,231705.55,1.0,0.01763357,Type I: 优势发育主进液簇,0.07227754592895508,linear,1412.0316162109375,185.0638885498047,1.1504229307174683,23606.783203125,6,0.010410279893721418,0.6444174982093945,0,-1,2.459404885692476e-14,1.8189894035458565e-09
463,6,4797.9756|4812.8813|4848.7393|4872.574|4891.5894|4936.2295,0.008613303|0.0006793289|0.009583371|0.011818306|0.012|0.00046146775,0.00012716952|7.3768824e-06|0.00013009417|0.00019732329|0.0015|3.748976e-06,240982.92|77371410.0|263417.12|180144.88|151679.83|78213180.0,0.07240883|0.004196398|0.07385347|0.11175928|0.7356538|0.0021282171,0.0014692781|8.515088e-05|0.0014985919|0.0022677546|0.014927462|4.318455e-05,Type III: 受抑/欠发育弱进液簇|Type IV: 砂堵闭合/未起裂死簇|Type III: 受抑/欠发育弱进液簇|Type III: 受抑/欠发育弱进液簇|Type V: 沟通天然断层/强微裂缝簇|Type IV: 砂堵闭合/未起裂死簇,0.059080202132463455,linear,1448.9241943359375,132.36985778808594,1.3238224983215332,346.1977844238281,8,0.008237319627303405,0.7187341447331658,1,4,3.5170786638963336e-13,2.148681232938543e-11
464,6,4813.965|4840.48|4854.7983|4900.4497|4918.6367|4950.0,0.00742384|0.008762952|0.013315345|0.013887256|0.004840116|0.00730315,0.0008874928|0.00016068421|0.0001864496|0.00019369075|8.632033e-05|0.000102967,255283.89|205472.3|142119.88|166926.4|292811.66|267405.94,0.5265801|0.1041792|0.12089381|0.12548731|0.056037623|0.06682193,0.006687341|0.0013230309|0.0015352994|0.0015936348|0.0007116537|0.0008486098,Type V: 沟通天然断层/强微裂缝簇|Type III: 受抑/欠发育弱进液簇|Type III: 受抑/欠发育弱进液簇|Type III: 受抑/欠发育弱进液簇|Type III: 受抑/欠发育弱进液簇|Type III: 受抑/欠发育弱进液簇,0.008835634216666222,cosine,1439.1524658203125,74.45980072021484,0.8285263180732727,174.50338745117188,8,0.00894867053456614,0.684790460135658,1,0,1.4301709502003573e-13,7.048583938740194e-12
465,4,4760.545|4803.1177|4832.5767|4869.7905,0.0073767155|0.0008723651|0.012|0.00067870726,0.00014262173|1.9475663e-06|0.0015|6.468305e-06,566325.75|56293156.0|213356.42|97948110.0,0.10273063|0.0014088287|0.89119476|0.0046657585,0.0017850427|2.4479741e-05|0.015485359|8.1072e-05,Type III: 受抑/欠发育弱进液簇|Type IV: 砂堵闭合/未起裂死簇|Type V: 沟通天然断层/强微裂缝簇|Type IV: 砂堵闭合/未起裂死簇,0.06457274407148361,cosine,1446.0750732421875,126.20571899414062,1.1336159706115723,342.9715881347656,4,0.009694274561588515,0.6921270409843283,1,2,2.8692499765003987e-13,0.0
466,3,4724.916|4768.1973|4810.767,0.021802219|0.0051532607|0.014446224,0.000107556436|2.9755092e-05|7.235994e-05,405965.06|941469.44|577978.0,0.5126918|0.14210637|0.34520185,0.008128855|0.0022531317|0.0054732612,Type I: 优势发育主进液簇|Type III: 受抑/欠发育弱进液簇|Type II: 均衡/正常发育簇,0.062089309096336365,cosine,1464.9024658203125,156.4748992919922,1.0344043970108032,5943.6015625,6,0.008052372390327777,0.6723639711207438,0,-1,9.956314608481828e-14,6.912159733474255e-11
467,3,4830.6978|4869.1475|4887.2554,0.0052007735|0.0047599403|0.016429327,5.7888024e-05|4.9968836e-05|0.00018304201,698852.06|774777.6|300819.7,0.19947998|0.1722186|0.6283014,0.0030963179|0.0026731682|0.009752462,Type II: 均衡/正常发育簇|Type II: 均衡/正常发育簇|Type I: 优势发育主进液簇,0.005178216379135847,linear,1445.14892578125,179.0215301513672,1.0126596689224243,3094.08935546875,4,0.009750235137981554,0.7345183209419957,0,-1,1.8909689352558656e-13,3.6197889130562544e-10
468,3,4662.364|4697.7676|4739.4604,0.017293222|0.002018577|0.008473746,0.00021463985|3.716696e-05|0.00012958549,164124.36|506633.34|294384.25,0.5623513|0.097707815|0.33994088,0.011270683|0.0019582666|0.0068131182,Type I: 优势发育主进液簇|Type III: 受抑/欠发育弱进液簇|Type II: 均衡/正常发育簇,0.02117123268544674,linear,1474.6488037109375,62.137271881103516,1.3075546026229858,2915.94189453125,6,0.009760494420996997,0.6623535642320955,0,-1,2.423515252684364e-14,1.496118784416467e-10
469,2,4717.82|4767.7983,0.011566078|0.0019525882,0.00013751021|3.900268e-05,28092.012|78150.266,0.7790026|0.22099741,0.017046394|0.0048359386,Type I: 优势发育主进液簇|Type II: 均衡/正常发育簇,0.0846090018749237,cosine,1448.283447265625,181.7108154296875,1.4276143312454224,15648.1708984375,16,0.008986624736124302,0.7441107517626551,0,-1,6.722526452607874e-14,2.9467628337442875e-10
470,4,4839.2046|4887.69|4925.9077|4935.959,0.011660899|0.019984998|0.007293944|0.006586274,0.00010404105|0.00013997608|5.082316e-05|5.5447545e-05,341262.56|193194.5|452910.16|469649.03,0.2969275|0.3994422|0.14521931|0.15841097,0.005840243|0.007856596|0.0028563067|0.0031157725,Type II: 均衡/正常发育簇|Type I: 优势发育主进液簇|Type III: 受抑/欠发育弱进液簇|Type II: 均衡/正常发育簇,0.06662824749946594,cosine,1458.666259765625,72.87311553955078,1.2832101583480835,3311.241943359375,4,0.011439005238476848,0.6619412378430668,0,-1,2.575328459600984e-14,7.958078640513122e-11
471,6,4527.335|4573.625|4596.076|4638.0825|4654.8506|4694.6733,0.0059838486|0.0068601705|0.006955555|0.011852959|0.014570663|0.0080852145,6.718624e-05|5.8685855e-05|6.34644e-05|0.00011525601|0.00016075152|8.826116e-05,149498.92|133276.56|138232.47|92437.7|56674.684|127227.49,0.121425405|0.10605051|0.11467056|0.20815569|0.29028136|0.15941647,0.0017169759|0.0014995724|0.0016214614|0.002943357|0.004104628|0.0022541762,Type III: 受抑/欠发育弱进液簇|Type III: 受抑/欠发育弱进液簇|Type III: 受抑/欠发育弱进液簇|Type II: 均衡/正常发育簇|Type II: 均衡/正常发育簇|Type II: 均衡/正常发育簇,0.044070951640605927,linear,1480.850830078125,198.23114013671875,0.922511875629425,888.736083984375,8,0.010656154957933007,0.6729478974336501,0,-1,9.838977505990942e-14,2.955857780762017e-11
472,5,4696.118|4711.6987|4731.001|4779.9995|4820.841,0.003744198|0.02732448|0.0055369656|0.0035379843|0.00033081323,5.5816014e-05|0.00027382118|5.351596e-05|5.1925887e-05|3.718265e-06,77628.36|10401.746|72368.32|77711.21|50550830.0,0.12722832|0.6239599|0.121981785|0.1183569|0.008473128,0.002661231|0.0130513515|0.0025514895|0.002475668|0.00017723217,Type III: 受抑/欠发育弱进液簇|Type I: 优势发育主进液簇|Type III: 受抑/欠发育弱进液簇|Type III: 受抑/欠发育弱进液簇|Type IV: 砂堵闭合/未起裂死簇,0.015774955973029137,linear,1437.37744140625,131.0100555419922,1.3646337985992432,2487.76318359375,16,0.009220152667971231,0.6736372537870311,0,-1,8.691459959511358e-14,4.001776687800884e-11
473,2,4887.79|4935.796,0.010022594|0.0144903455,6.612854e-05|0.00010458462,619711.1|408221.38,0.38757646|0.61242354,0.0063459165|0.010027412,Type I: 优势发育主进液簇|Type I: 优势发育主进液簇,0.08168894052505493,cosine,1406.8675537109375,174.7667694091797,1.0682041645050049,9461.9521484375,4,0.010583488470462591,0.6353476493661667,0,-1,3.13606460949651e-14,5.020410753786564e-10
474,1,4848.3906,0.012,0.00064092164,48674.527,1.0,0.015712481,Type V: 沟通天然断层/强微裂缝簇,0.026585329324007034,linear,1415.8726806640625,159.73770141601562,1.0250900983810425,821.4849243164062,16,0.009301387639734784,0.6617026632253356,1,0,1.0819609233070696e-13,5.3660187404602766e-11
475,4,4860.794|4889.838|4935.7397|4947.503,0.008275418|0.0066440646|0.0036260274|0.018625198,0.00010519575|8.6164255e-05|4.8651484e-05|0.00025266976,457546.4|507860.56|640126.4|159470.55,0.21376152|0.17518573|0.099019095|0.51203364,0.0034270503|0.0028085983|0.0015874859|0.0082089845,Type II: 均衡/正常发育簇|Type II: 均衡/正常发育簇|Type III: 受抑/欠发育弱进液簇|Type I: 优势发育主进液簇,0.040668074041604996,linear,1478.8370361328125,145.90008544921875,1.0459434986114502,1263.4124755859375,6,0.009435287172574079,0.6079469783292755,0,-1,3.484136874951256e-14,2.1827872842550278e-11
476,3,4712.8257|4750.2944|4763.85,0.024032809|0.00406747|0.0014523322,0.00031458115|6.708771e-05|4.2883774e-05,13588.762|58580.336|65684.984,0.7408638|0.15808074|0.101055436,0.011216086|0.0023932161|0.0015298985,Type I: 优势发育主进液簇|Type II: 均衡/正常发育簇|Type III: 受抑/欠发育弱进液簇,0.06321479380130768,cosine,1480.9609375,143.53536987304688,0.9876890778541565,1460.475341796875,12,0.011683449774610027,0.6524153892271612,0,-1,1.0770978530469984e-14,4.18367562815547e-11
477,6,4809.029|4856.972|4871.7246|4893.9175|4922.7764|4932.7944,0.0065082097|0.006204383|0.016964307|0.015380207|0.00075877|0.0050572343,8.593052e-05|7.0491486e-05|0.00014036172|0.00019109735|8.226101e-06|7.670695e-05,56926.258|57306.65|28002.473|27291.84|85885080.0|69164.08,0.15007405|0.12308995|0.24504998|0.33354023|0.014323312|0.13392247,0.001999827|0.0016402478|0.0032654386|0.0044446248|0.00019086676|0.0017845978,Type II: 均衡/正常发育簇|Type III: 受抑/欠发育弱进液簇|Type II: 均衡/正常发育簇|Type II: 均衡/正常发育簇|Type IV: 砂堵闭合/未起裂死簇|Type III: 受抑/欠发育弱进液簇,0.046670101583004,linear,1410.4969482421875,179.81924438476562,0.8693690299987793,756.6280517578125,16,0.008888636222130805,0.7260347224511101,0,-1,1.5556479715517213e-13,5.502442945726216e-11
478,4,4608.9106|4648.4946|4687.4697|4726.9897,0.016892338|0.009032402|0.005987986|0.0032710233,0.00016105235|8.360713e-05|5.197235e-05|2.342909e-05,206262.95|362571.47|531988.3|646812.2,0.50276333|0.2613603|0.1625565|0.0733199,0.0065063583|0.0033823142|0.0021036754|0.0009488471,Type I: 优势发育主进液簇|Type II: 均衡/正常发育簇|Type II: 均衡/正常发育簇|Type III: 受抑/欠发育弱进液簇,0.08700419962406158,cosine,1414.9378662109375,50.678611755371094,0.8442900776863098,1723.134033203125,4,0.010490688631844587,0.7461096589820295,0,-1,2.144745867721249e-14,9.958966984413564e-11
479,4,4815.8345|4838.3794|4879.802|4891.6963,0.032053843|0.00097313087|0.00044068618|0.00043317795,0.00030005135|1.5983927e-06|4.8191687e-06|8.114054e-06,117271.04|62166944.0|73656504.0|61162210.0,0.95363736|0.0051064286|0.015383995|0.0258722,0.012077669|6.4672124e-05|0.0001948359|0.0003276674,Type I: 优势发育主进液簇|Type IV: 砂堵闭合/未起裂死簇|Type IV: 砂堵闭合/未起裂死簇|Type IV: 砂堵闭合/未起裂死簇,0.01077225897461176,cosine,1465.5716552734375,193.58074951171875,0.8262608051300049,1862.596923828125,6,0.008514240586797634,0.6103971611651343,0,-1,3.725626307026636e-14,0.0
480,5,4739.727|4777.588|4821.658|4855.806|4879.9727,0.0008033219|0.018731683|0.00079159765|0.021202939|0.00068876834,8.613927e-06|0.0001787632|4.816132e-06|0.00022310858|5.941965e-06,67382740.0|558478.9|79154880.0|362459.94|93456480.0,0.020577004|0.42427355|0.011520929|0.5294253|0.014203196,0.000281983|0.005814157|0.00015788042|0.0072551346|0.00019463766,Type IV: 砂堵闭合/未起裂死簇|Type I: 优势发育主进液簇|Type IV: 砂堵闭合/未起裂死簇|Type I: 优势发育主进液簇|Type IV: 砂堵闭合/未起裂死簇,0.06479039043188095,linear,1419.7294921875,191.34014892578125,0.8940423130989075,1304.732666015625,4,0.008729567484334977,0.6300061347242896,0,-1,2.620353173538644e-14,7.571543392259628e-11
481,3,4719.5054|4753.7056|4784.0215,0.0051489575|0.019686282|0.0064786654,0.000546271|0.00014136202|6.21203e-05,586447.06|194275.3|571546.56,0.7127166|0.19952907|0.08775436,0.014117081|0.003952157|0.001738188,Type V: 沟通天然断层/强微裂缝簇|Type II: 均衡/正常发育簇|Type III: 受抑/欠发育弱进液簇,0.024223022162914276,linear,1445.47802734375,61.45941925048828,1.2922464609146118,921.0277709960938,4,0.011250889208278148,0.6348949885351605,1,0,7.794571330608027e-14,4.18367562815547e-11
482,5,4792.078|4809.804|4834.641|4880.1846|4905.6987,0.019300295|0.021547081|0.007882669|0.0061587454|0.005727741,0.00015514209|0.00015846497|0.00080841157|0.00010354911|7.753321e-05,37362.47|34672.957|78052.98|87621.29|84692.67,0.120956965|0.12349093|0.6144974|0.080652654|0.060402054,0.0025801074|0.0026341588|0.013107713|0.0017203846|0.0012884234,Type III: 受抑/欠发育弱进液簇|Type III: 受抑/欠发育弱进液簇|Type V: 沟通天然断层/强微裂缝簇|Type III: 受抑/欠发育弱进液簇|Type III: 受抑/欠发育弱进液簇,0.0434010811150074,linear,1416.265625,196.7486114501953,1.3916313648223877,561.5427856445312,12,0.009919674230075037,0.7100295051908814,1,2,1.1336686255546125e-13,2.830802259268239e-11
483,2,4838.0205|4867.71,0.005569684|0.010277048,8.0304584e-05|0.0001557377,161072.77|103240.86,0.34038034|0.6596197,0.00688563|0.013343594,Type II: 均衡/正常发育簇|Type I: 优势发育主进液簇,0.062225181609392166,linear,1478.379638671875,115.6444091796875,1.3197647333145142,7555.2802734375,8,0.010390970449697222,0.6522569831056579,0,-1,1.8865734441233378e-14,3.710738383233547e-10
484,5,4565.1553|4578.24|4596.9985|4638.6846|4666.0874,0.019400364|0.0008107412|0.0071353354|0.013363162|0.0227562,0.00016314494|3.7740137e-06|6.439226e-05|0.000112966976|0.00020818469,63437.68|81768830.0|146489.31|93889.02|57674.99,0.29535335|0.0068338984|0.11662609|0.20452525|0.37666142,0.006750781|0.00015619987|0.002665679|0.0046747574|0.008609209,Type II: 均衡/正常发育簇|Type IV: 砂堵闭合/未起裂死簇|Type III: 受抑/欠发育弱进液簇|Type II: 均衡/正常发育簇|Type I: 优势发育主进液簇,0.012286094948649406,linear,1400.858154296875,132.3470001220703,1.4911777973175049,1943.5401611328125,8,0.01105835075709257,0.667649710543819,0,-1,1.177903803141478e-13,7.366907084360719e-11
485,1,4858.913,0.01047237,0.00011536588,193360.94,1.0,0.019200912,Type I: 优势发育主进液簇,0.0816144272685051,linear,1483.0150146484375,130.55197143554688,1.2526772022247314,27974.904296875,8,0.008898145496980401,0.7303538336941524,0,-1,1.6894680641456328e-13,1.7935235518962145e-09
486,2,4500.428|4531.1587,0.007920712|0.013838617,7.674009e-05|0.000113958915,245288.23|180190.53,0.40252414|0.5974759,0.009106507|0.013516998,Type I: 优势发育主进液簇|Type I: 优势发育主进液簇,0.048604898154735565,linear,1433.8380126953125,108.51130676269531,1.475968837738037,14303.4951171875,6,0.01066934673888251,0.6447726210843021,0,-1,1.9169482150184665e-14,5.056790541857481e-10
487,1,4741.0757,0.009680832,0.00018056792,309447.84,1.0,0.020682221,Type I: 优势发育主进液簇,0.03197378292679787,linear,1479.346923828125,132.84426879882812,1.3493186235427856,13466.4794921875,4,0.011139230743838897,0.7372284974894685,0,-1,1.0132111892113133e-13,2.5283952709287405e-10
488,4,4673.0503|4694.959|4744.8096|4764.043,0.011409977|0.027519664|0.00035810572|0.00062167394,0.00014099787|0.00022020024|4.3487157e-06|2.5704276e-06,57948.336|19002.969|89012020.0|69802760.0,0.38300365|0.59820247|0.011809356|0.006984505,0.008468851|0.013227257|0.0002611246|0.00015443908,Type I: 优势发育主进液簇|Type I: 优势发育主进液簇|Type IV: 砂堵闭合/未起裂死簇|Type IV: 砂堵闭合/未起裂死簇,0.012898522429168224,linear,1451.4525146484375,96.42330169677734,1.4425766468048096,3800.33642578125,16,0.008976475067137314,0.640717947565769,0,-1,9.257434838779062e-15,0.0
489,2,4808.4536|4843.491,0.014185411|0.011521462,9.288118e-05|0.00073331554,25788.742|26584.059,0.11315611|0.88684386,0.0021910705|0.017172184,Type III: 受抑/欠发育弱进液簇|Type V: 沟通天然断层/强微裂缝簇,0.061350803822278976,cosine,1427.156982421875,67.6009292602539,1.2632684707641602,697.143798828125,16,0.01115878035461886,0.6242221947407558,1,1,1.4567078825741125e-13,7.105427357601002e-11
490,5,4605.913|4631.82|4644.4917|4673.8506|4701.202,0.013125841|0.008851595|0.009955198|0.010212373|0.0036166415,0.0001317377|9.458397e-05|0.000105299936|0.0001456898|3.7888578e-05,29907.85|53650.598|45003.258|41330.902|74874.44,0.25572982|0.18359599|0.20439008|0.28272855|0.07355555,0.003676324|0.0026393416|0.0029382734|0.004064453|0.0010574209,Type II: 均衡/正常发育簇|Type II: 均衡/正常发育簇|Type II: 均衡/正常发育簇|Type II: 均衡/正常发育簇|Type III: 受抑/欠发育弱进液簇,0.029081745073199272,cosine,1437.9171142578125,176.96951293945312,0.9378852844238281,995.0047607421875,16,0.00949630822632064,0.6494688970000461,0,-1,7.626318061218149e-14,8.196820999728516e-11
491,5,4557.1445|4598.1484|4638.3906|4671.738|4685.128,0.004483927|0.006316566|0.006003862|0.008725284|0.02772972,8.931291e-05|7.19057e-05|7.530668e-05|9.5614145e-05|0.00026081648,370731.8|356926.7|361257.5|329010.6|96071.516,0.15077667|0.121431194|0.12714209|0.16133638|0.43931368,0.0018768408|0.0015115537|0.0015826417|0.002008286|0.0054684975,Type II: 均衡/正常发育簇|Type III: 受抑/欠发育弱进液簇|Type III: 受抑/欠发育弱进液簇|Type II: 均衡/正常发育簇|Type I: 优势发育主进液簇,0.02787538804113865,cosine,1427.773681640625,194.67543029785156,0.8121020197868347,666.568115234375,8,0.008677655562464342,0.6495734750560054,0,-1,3.159282731257651e-13,8.185452315956354e-11
492,5,4633.463|4672.146|4688.429|4712.363|4749.959,0.026563147|0.0031427976|0.004177131|0.008289441|0.0059295986,0.00017930065|4.184259e-05|4.5972374e-05|7.8312536e-05|6.6499415e-05,268134.47|1370796.1|1317716.8|897630.2|1145476.9,0.4347573|0.10176742|0.11178874|0.19016902|0.16151753,0.008948832|0.0020947307|0.0023010047|0.003914346|0.0033245978,Type I: 优势发育主进液簇|Type III: 受抑/欠发育弱进液簇|Type III: 受抑/欠发育弱进液簇|Type II: 均衡/正常发育簇|Type II: 均衡/正常发育簇,0.03411572799086571,linear,1446.2391357421875,83.87136840820312,1.3428785800933838,2675.60498046875,4,0.00915162712714933,0.6575890438087857,0,-1,1.4310292317451512e-13,2.6193447411060333e-10
493,4,4766.729|4792.4907|4805.4136|4847.6006,0.0145385815|0.00045974465|0.008129991|0.009273479,0.00022378266|9.409835e-06|0.000114704046|0.00015967205,116124.23|78446696.0|186146.62|169146.8,0.44064415|0.018517409|0.22622482|0.3146136,0.009388305|0.0003945294|0.0048199156|0.0067031155,Type I: 优势发育主进液簇|Type IV: 砂堵闭合/未起裂死簇|Type II: 均衡/正常发育簇|Type II: 均衡/正常发育簇,0.052756235003471375,cosine,1426.504150390625,151.78619384765625,1.390005350112915,2009.3514404296875,8,0.009399635474218295,0.655668638097546,0,-1,6.057647601847432e-14,2.660272002685815e-11
494,4,4619.622|4660.57|4687.413|4707.8706,0.0059534204|0.013707032|0.015415405|0.0051677856,7.857007e-05|0.00013688639|0.00013853081|7.380475e-05,209950.06|145981.97|98928.11|216478.53,0.18374|0.31985345|0.32382274|0.17258382,0.0024243288|0.0042202566|0.0042726286|0.0022771303,Type II: 均衡/正常发育簇|Type II: 均衡/正常发育簇|Type II: 均衡/正常发育簇|Type II: 均衡/正常发育簇,0.061086174100637436,cosine,1488.7603759765625,172.98410034179688,0.8608056306838989,1159.232666015625,6,0.011093626639498356,0.6891016383097437,0,-1,6.337084448772984e-14,1.4097167877480388e-11
495,1,4885.874,0.012,0.0006509466,237529.95,1.0,0.021895949,Type V: 沟通天然断层/强微裂缝簇,0.031423214823007584,linear,1476.8841552734375,100.47530364990234,1.4285027980804443,1440.2674560546875,6,0.01015090460654256,0.6713482701295312,1,0,1.815854731119712e-13,1.2960299500264227e-11
496,5,4501.4272|4523.2256|4534.4326|4551.6255|4565.729,0.033751715|0.0049890303|0.0005843877|0.0050117276|0.017150346,0.0002553007|6.435499e-05|9.870957e-06|4.5905126e-05|0.00013179635,203018.44|1239511.2|93740904.0|1225384.9|666764.5,0.5027125|0.12722737|0.019475631|0.090866335|0.2597182,0.010455808|0.0026461745|0.00040506944|0.0018899092|0.0054018223,Type I: 优势发育主进液簇|Type III: 受抑/欠发育弱进液簇|Type IV: 砂堵闭合/未起裂死簇|Type III: 受抑/欠发育弱进液簇|Type II: 均衡/正常发育簇,0.0939655676484108,cosine,1410.77978515625,176.8885498046875,1.3569231033325195,1955.0120849609375,4,0.009431420069867212,0.6537717169269224,0,-1,8.757529884649909e-14,2.0395418687257916e-10
497,5,4770.378|4784.824|4813.616|4847.8105|4892.9443,0.012416569|0.008470688|0.0077216607|0.0130538065|0.0054337108,0.000119007134|7.719633e-05|7.938731e-05|0.00013051942|5.063421e-05,12861.9|17650.121|18097.986|12488.637|22451.387,0.26056626|0.16902243|0.17381164|0.2857402|0.11085947,0.00533188|0.0034586492|0.0035566494|0.0058470056|0.0022684801,Type II: 均衡/正常发育簇|Type II: 均衡/正常发育簇|Type II: 均衡/正常发育簇|Type II: 均衡/正常发育簇|Type III: 受抑/欠发育弱进液簇,0.0020401449874043465,linear,1409.8765869140625,173.8128204345703,1.3349945545196533,2262.16357421875,16,0.01175739273791577,0.7213368990277392,0,-1,8.172314821391913e-14,1.6689227777533233e-10
498,1,4697.851,0.008382555,0.0009918322,240069.12,1.0,0.022848392,Type V: 沟通天然断层/强微裂缝簇,0.019887207075953484,cosine,1492.15771484375,62.603057861328125,1.4906405210494995,817.3853149414062,4,0.011786132988296324,0.7483514336731611,1,0,1.155551484577702e-13,4.172306944383308e-11
499,6,4661.168|4700.024|4725.1597|4772.803|4814.3896|4825.4956,0.019980004|0.009976369|0.0037497093|0.010507682|0.006966868|0.014549597,0.00015288038|6.504648e-05|2.8746952e-05|8.311634e-05|7.348596e-05|0.0001263674,14489.783|32013.176|44759.38|30028.572|35764.734|23007.07,0.28868443|0.122826256|0.054282323|0.15692148|0.13873559|0.23854993,0.0060753543|0.0025848744|0.0011423697|0.003302407|0.0029196858|0.0050202752,Type II: 均衡/正常发育簇|Type III: 受抑/欠发育弱进液簇|Type III: 受抑/欠发育弱进液簇|Type II: 均衡/正常发育簇|Type III: 受抑/欠发育弱进液簇|Type II: 均衡/正常发育簇,0.08770046383142471,linear,1423.281982421875,91.0490493774414,1.3729841709136963,1754.1153564453125,16,0.010823943493700361,0.6433357149584568,0,-1,1.665073481383391e-14,1.2505552149377763e-11
500,2,4560.5137|4582.605,0.014665703|0.0064095845,7.527743e-05|0.0005,13517.386|22126.041,0.13117607|0.86882395,0.0022036678|0.0145956455,Type III: 受抑/欠发育弱进液簇|Type V: 沟通天然断层/强微裂缝簇,0.011013665236532688,linear,1417.384765625,143.6757049560547,1.0959956645965576,1052.98388671875,16,0.011875036091358948,0.684519240976487,1,1,7.53809449756393e-14,1.0459189070388675e-11
501,3,4726.7354|4771.495|4811.0054,0.012986259|0.00066759315|0.017508224,0.00014498172|3.6187046e-06|0.00015878369,535101.94|64656148.0|407638.78,0.47152874|0.011829933|0.5166413,0.005934952|0.00014889885|0.006502767,Type I: 优势发育主进液簇|Type IV: 砂堵闭合/未起裂死簇|Type I: 优势发育主进液簇,0.0626508817076683,linear,1440.9451904296875,169.46522521972656,0.8211572766304016,1894.7822265625,4,0.009415310531093743,0.7302105347624797,0,-1,2.728892314212989e-14,1.0300027497578412e-10
502,6,4816.807|4842.362|4875.773|4897.836|4935.9424|4950.0,0.0076586157|0.00074754405|0.011964231|0.020847877|0.014348353|0.008906278,0.00010068604|3.966806e-06|0.00013358462|0.00019544314|0.0001619374|0.00013140959,1755136.0|53926764.0|1446447.1|637032.5|1079792.5|1432879.1,0.13901488|0.0055219424|0.183632|0.26883027|0.22229715|0.18070374,0.0028147923|0.000111809044|0.003718206|0.005443312|0.004501103|0.0036589142,Type III: 受抑/欠发育弱进液簇|Type IV: 砂堵闭合/未起裂死簇|Type II: 均衡/正常发育簇|Type II: 均衡/正常发育簇|Type II: 均衡/正常发育簇|Type II: 均衡/正常发育簇,0.029998313635587692,cosine,1429.809814453125,54.152767181396484,1.3209986686706543,929.392578125,4,0.008105114919416305,0.6632667454277434,0,-1,1.1668694710562783e-13,8.549250196665525e-11
503,2,4845.2812|4863.859,0.0070390915|0.012,7.777874e-05|0.0010295393,83755.44|59025.637,0.07225617|0.92774385,0.001433873|0.018410426,Type III: 受抑/欠发育弱进液簇|Type V: 沟通天然断层/强微裂缝簇,0.04528745636343956,cosine,1413.864501953125,118.32337188720703,1.294651985168457,535.4933471679688,16,0.008017348313955872,0.7481279953500861,1,1,2.6225016726093547e-15,6.366462912410498e-11
504,5,4589.7437|4619.464|4645.105|4685.6|4707.6,0.0003176489|0.0029423628|0.010833582|0.015048519|0.015852379,8.362749e-06|3.21727e-05|0.00012898858|0.000105852254|0.00015815574,63071796.0|207276.05|97607.08|89378.086|64319.246,0.019265264|0.0742634|0.29750744|0.24420618|0.36475772,0.00027924293|0.0010764209|0.0043122615|0.003539679|0.0052870293,Type IV: 砂堵闭合/未起裂死簇|Type III: 受抑/欠发育弱进液簇|Type II: 均衡/正常发育簇|Type II: 均衡/正常发育簇|Type I: 优势发育主进液簇,0.0536557212471962,cosine,1418.4178466796875,125.69317626953125,0.9456372261047363,1284.95068359375,8,0.011002429098344351,0.6032530011883358,0,-1,1.77126989833222e-14,4.8203219193965197e-11
505,3,4825.423|4844.6143|4875.4546,0.0097562205|0.009296194|0.007557808,0.00013607215|0.0005991607|8.280693e-05,1002361.6|1150680.2|1214014.2,0.18693565|0.698744|0.11432035,0.003996981|0.014940256|0.0024443506,Type II: 均衡/正常发育簇|Type V: 沟通天然断层/强微裂缝簇|Type III: 受抑/欠发育弱进液簇,0.03484460711479187,cosine,1442.6734619140625,110.26377868652344,1.394945502281189,1078.111572265625,4,0.008284301399121367,0.6987779160163802,1,1,6.328268529857961e-14,5.0249582272954285e-11
506,2,4829.053|4848.8667,0.0123857|0.012,0.00010317214|0.00060181704,636037.56|528078.9,0.15718785|0.8428122,0.0030701656|0.016461661,Type II: 均衡/正常发育簇|Type V: 沟通天然断层/强微裂缝簇,0.028130989521741867,linear,1487.0150146484375,80.62577056884766,1.2742661237716675,1046.64111328125,4,0.009577323850279505,0.7284679250593584,1,1,9.68085949403473e-14,7.73070496506989e-12
507,5,4690.6826|4700.724|4731.805|4767.92|4806.6084,0.0067270542|0.02740679|0.0005636943|0.0129207065|0.008267596,5.744365e-05|0.00015958973|9.4351535e-06|9.310028e-05|9.2689e-05,73072.89|18459.076|97989570.0|50767.88|66121.734,0.13937362|0.387153|0.022794588|0.22584628|0.22483252,0.002260537|0.0062793344|0.0003697113|0.003663059|0.0036466166,Type III: 受抑/欠发育弱进液簇|Type I: 优势发育主进液簇|Type IV: 砂堵闭合/未起裂死簇|Type II: 均衡/正常发育簇|Type II: 均衡/正常发育簇,0.04818388447165489,cosine,1432.8414306640625,96.02576446533203,1.0581525564193726,1695.172607421875,12,0.011004799687723235,0.6052549770182877,0,-1,1.0417372937584005e-13,0.0
508,1,4693.5522,0.010677782,0.00013686193,30750.922,1.0,0.022329813,Type I: 优势发育主进液簇,0.06344114989042282,linear,1428.435302734375,77.84107208251953,1.4568082094192505,26807.287109375,12,0.01150921914070776,0.7297634865488805,0,-1,1.4325377635428932e-13,2.7321220841258764e-09
509,3,4868.1157|4915.8843|4950.0,0.010937701|0.010961435|0.017405294,9.082404e-05|0.00010120728|0.000118535776,119947.84|123959.26|87987.97,0.29248372|0.32586035|0.38165593,0.005316008|0.0059226416|0.006936748,Type II: 均衡/正常发育簇|Type II: 均衡/正常发育簇|Type I: 优势发育主进液簇,0.07504912465810776,linear,1436.7548828125,78.77656555175781,1.1857720613479614,3573.187744140625,8,0.010230373607425193,0.7358026186460127,0,-1,6.87193154485545e-14,3.028617356903851e-10
510,6,4768.6523|4787.5176|4802.237|4852.192|4872.5884|4918.43,0.009680496|0.017462946|0.00079372496|0.0054320763|0.00357009|0.012563915,0.00010574137|0.0001615717|2.0792218e-06|5.668317e-05|4.3057204e-05|0.0001164303,43117.637|19494.771|90368790.0|59741.96|71888.06|37048.82,0.21778238|0.33274576|0.004282203|0.11674623|0.08868341|0.23976001,0.0043414235|0.006633183|8.536439e-05|0.0023272997|0.0017678762|0.0047795414,Type II: 均衡/正常发育簇|Type II: 均衡/正常发育簇|Type IV: 砂堵闭合/未起裂死簇|Type III: 受抑/欠发育弱进液簇|Type III: 受抑/欠发育弱进液簇|Type II: 均衡/正常发育簇,0.0848798006772995,cosine,1494.4383544921875,92.36911010742188,1.3005491495132446,1855.4478759765625,12,0.01123476139187989,0.6158189787071501,0,-1,6.543929894492484e-14,4.7066350816749036e-11
511,2,4793.171|4814.7114,0.01796301|0.0065639047,0.00011818799|4.8197555e-05,12362.164|26999.633,0.710315|0.289685,0.013061942|0.005327001,Type I: 优势发育主进液簇|Type II: 均衡/正常发育簇,0.09484200924634933,cosine,1476.567626953125,71.86711120605469,1.1997039318084717,12353.939453125,16,0.011952940748206577,0.6582246118378625,0,-1,2.3017774752193132e-14,8.149072527885437e-10
512,3,4890.9634|4901.7803|4944.8364,0.009622465|0.004486819|0.012830153,8.1195285e-05|6.0712602e-05|0.00016166235,170858.86|261471.33|112703.8,0.26759818|0.20010683|0.532295,0.005970944|0.004465003|0.01187715,Type II: 均衡/正常发育簇|Type II: 均衡/正常发育簇|Type I: 优势发育主进液簇,0.022514011710882187,linear,1494.869384765625,170.3660430908203,1.4557178020477295,5682.4443359375,8,0.009624379228975147,0.6622057439789255,0,-1,4.4003459865682784e-14,2.0827428670600057e-10
513,2,4600.437|4639.9824,0.018116336|0.009592522,8.886852e-05|6.631587e-05,431863.22|589682.5,0.5725652|0.42743477,0.010774281|0.00804328,Type I: 优势发育主进液簇|Type I: 优势发育主进液簇,0.047162510454654694,linear,1471.417236328125,180.6017608642578,1.2276670932769775,14995.4296875,6,0.00827308850514791,0.6958627010208465,0,-1,4.0746394566791924e-14,2.7284841053187847e-11
514,6,4810.86|4850.4253|4869.049|4889.3003|4936.7363|4950.0,0.0060835117|0.0067060194|0.011546077|0.0064318865|0.029877927|0.0054630856,6.3498155e-05|5.6859662e-05|0.00011960631|6.188915e-05|0.00017335945|5.1523115e-05,574866.6|479402.78|322173.75|506381.28|136996.42|567372.06,0.12063336|0.108044855|0.22691515|0.117567234|0.3289476|0.0978918,0.0022257569|0.0019934915|0.0041867187|0.0021691849|0.0060692774|0.0018061616,Type III: 受抑/欠发育弱进液簇|Type III: 受抑/欠发育弱进液簇|Type II: 均衡/正常发育簇|Type III: 受抑/欠发育弱进液簇|Type II: 均衡/正常发育簇|Type III: 受抑/欠发育弱进液簇,0.013793982565402985,linear,1486.5516357421875,121.20230102539062,1.203725814819336,1419.053955078125,8,0.008006928497591692,0.6369615740504395,0,-1,1.0530233132135473e-14,4.4565240386873484e-11
515,2,4702.82|4720.559,0.008567759|0.010345367,0.00011113233|0.00012916488,38820.895|38937.18,0.46250135|0.53749865,0.0072162957|0.008386461,Type I: 优势发育主进液簇|Type I: 优势发育主进液簇,0.03863118216395378,cosine,1492.4520263671875,90.87218475341797,1.0179316997528076,4355.96630859375,12,0.011598459011756438,0.6328505242110548,0,-1,1.1240356247773503e-13,4.5929482439532876e-10
516,5,4575.281|4587.3555|4624.2476|4640.5166|4667.8193,0.002716944|0.00933632|0.017208407|0.008167628|0.0039732098,5.313587e-05|0.00015571744|0.00022341372|0.00015232652|4.7585087e-05,90914.54|45503.582|25375.25|53263.95|86862.7,0.08409976|0.2463342|0.35334876|0.2409182|0.07529909,0.0011164579|0.0032701844|0.0046908455|0.0031982851|0.0009996254,Type III: 受抑/欠发育弱进液簇|Type II: 均衡/正常发育簇|Type I: 优势发育主进液簇|Type II: 均衡/正常发育簇|Type III: 受抑/欠发育弱进液簇,0.07339561730623245,cosine,1498.697998046875,102.12360382080078,0.8660936951637268,576.737060546875,16,0.00948149273505548,0.6029358856213727,0,-1,7.683516502080337e-14,7.73070496506989e-12
517,4,4666.1987|4688.807|4712.979|4731.8926,0.00046150427|0.016615199|0.023688205|0.0053287,3.6320637e-06|0.00011874892|0.00013033768|6.143265e-05,85856690.0|420876.84|262301.8|821727.1,0.011582772|0.37777326|0.41493776|0.1957062,0.00024021688|0.007834697|0.008605458|0.0040587806,Type IV: 砂堵闭合/未起裂死簇|Type I: 优势发育主进液簇|Type I: 优势发育主进液簇|Type II: 均衡/正常发育簇,0.03468878194689751,linear,1455.8616943359375,129.94497680664062,1.3530327081680298,4590.1552734375,4,0.0099448171655115,0.6978914272515347,0,-1,6.00570076525822e-14,2.8467184165492654e-10
518,2,4795.41|4833.037,0.014001281|0.0073463838,0.00010776728|5.052477e-05,463281.03|844056.7,0.68046415|0.31953585,0.009412247|0.004419851,Type I: 优势发育主进液簇|Type II: 均衡/正常发育簇,0.0036699071060866117,cosine,1498.0462646484375,181.0625,0.9024130702018738,7887.6494140625,4,0.010281238367564885,0.6026347368373727,0,-1,1.0722802853968538e-13,5.06588548887521e-10
519,5,4765.425|4785.4253|4832.683|4875.7886|4909.3247,0.0006064335|0.007689275|0.016428813|0.0075617544|0.020015016,4.828571e-06|8.116993e-05|0.00013691199|0.00010992465|0.00017293698,85064380.0|1423659.1|734071.44|1289882.8|597101.7,0.009610207|0.16094176|0.27083367|0.21723776|0.3413766,0.00020896127|0.0034994662|0.0058889203|0.0047235484|0.007422783,Type IV: 砂堵闭合/未起裂死簇|Type II: 均衡/正常发育簇|Type II: 均衡/正常发育簇|Type II: 均衡/正常发育簇|Type II: 均衡/正常发育簇,0.04806649312376976,cosine,1432.5792236328125,157.48236083984375,1.4185686111450195,2124.862548828125,4,0.008435974701411041,0.6780138456144692,0,-1,9.653450863114296e-14,2.28283170145005e-10
520,5,4733.3906|4780.992|4811.0596|4829.8857|4854.032,0.0093813995|0.0006067228|0.00030284977|0.016856711|0.010911943,0.000120884535|6.8093427e-06|6.5456807e-06|0.0001615201|0.00014051465,83428.67|90596240.0|88691976.0|56997.523|77207.58,0.27716216|0.015587623|0.014986149|0.37020922|0.32205483,0.0037474495|0.00021075686|0.00020262446|0.0050055184|0.004354433,Type II: 均衡/正常发育簇|Type IV: 砂堵闭合/未起裂死簇|Type IV: 砂堵闭合/未起裂死簇|Type I: 优势发育主进液簇|Type II: 均衡/正常发育簇,0.07585786283016205,linear,1451.0595703125,97.24708557128906,0.8821026682853699,1094.83984375,8,0.01038641456066415,0.7223041866666348,0,-1,3.6180748067687896e-14,6.139089236967266e-11
521,4,4540.5854|4586.0737|4611.142|4642.0757,0.012521818|0.012504149|0.0033337446|0.018373912,0.00016926673|0.0001352479|4.4160835e-05|0.00011945587,23582.03|32434.877|51416.934|20244.227,0.3615692|0.2888902|0.09434967|0.25519094,0.0058748936|0.004693982|0.001533024|0.004146425,Type I: 优势发育主进液簇|Type II: 均衡/正常发育簇|Type III: 受抑/欠发育弱进液簇|Type II: 均衡/正常发育簇,0.027436761185526848,cosine,1470.244384765625,117.681640625,1.0600489377975464,1371.88330078125,12,0.011729172643304616,0.7161006495299062,0,-1,5.1246347118096e-14,4.320099833421409e-12
522,1,4779.3555,0.009318897,0.00085771777,728816.3,1.0,0.020766895,Type V: 沟通天然断层/强微裂缝簇,0.01855725608766079,cosine,1447.2515869140625,139.44508361816406,1.3548427820205688,1123.199462890625,4,0.009016404732430653,0.7329411374647921,1,0,8.854510583132611e-15,1.3415046851150692e-11
523,4,4720.8325|4750.459|4770.4673|4801.616,0.0058816858|0.00695458|0.012625455|0.006750699,0.00010825029|0.00011071893|0.0001856516|0.00010113241,176976.61|173154.02|87625.65|164385.73,0.21408807|0.21894427|0.36694488|0.20002279,0.004418086|0.0045183017|0.0075725564|0.0041278237,Type II: 均衡/正常发育簇|Type II: 均衡/正常发育簇|Type I: 优势发育主进液簇|Type II: 均衡/正常发育簇,0.07108169049024582,cosine,1477.82763671875,103.98788452148438,1.3463531732559204,1854.3768310546875,8,0.010483464337425386,0.6017895583497301,0,-1,1.3449574536494781e-15,7.275957614183426e-12
524,2,4566.579|4589.3423,0.017112078|0.0104844775,0.00014220948|0.00010617336,193310.78|302505.06,0.5724819|0.4275181,0.012906936|0.009638643,Type I: 优势发育主进液簇|Type I: 优势发育主进液簇,0.019584299996495247,cosine,1422.289794921875,143.4237518310547,1.470884919166565,8506.529296875,6,0.010101923436863357,0.6734823780471134,0,-1,9.571704052187963e-14,2.5647750589996576e-10
525,1,4814.318,0.011293988,0.00074935774,37023.89,1.0,0.017645324,Type V: 沟通天然断层/强微裂缝簇,0.05860752612352371,linear,1436.69384765625,175.37149047851562,1.1511898040771484,802.1705932617188,12,0.011821542290020647,0.6235880728049077,1,0,1.1266401494462036e-13,0.0
526,6,4735.0205|4778.4146|4802.866|4819.408|4851.472|4881.0483,0.007531002|0.0042279535|0.018780993|0.006477256|0.008093882|0.016031317,8.4936e-05|5.97545e-05|0.00020491733|8.06677e-05|0.0001050411|0.00016601695,61717.125|84651.56|34844.46|72575.18|58688.574|31564.627,0.12118717|0.08523598|0.2920873|0.115034856|0.14977175|0.23668295,0.0024343072|0.0017121496|0.005867206|0.0023107245|0.0030084902|0.0047542905,Type III: 受抑/欠发育弱进液簇|Type III: 受抑/欠发育弱进液簇|Type II: 均衡/正常发育簇|Type III: 受抑/欠发育弱进液簇|Type III: 受抑/欠发育弱进液簇|Type II: 均衡/正常发育簇,0.0893377736210823,cosine,1432.3814697265625,87.56486511230469,1.3104969263076782,986.559326171875,16,0.009122573228801379,0.657382596908845,0,-1,2.918960578346223e-14,2.8762769943568856e-11
527,5,4781.3286|4825.72|4841.696|4865.325|4903.0063,0.010186016|0.0060549635|0.00976534|0.0252784|0.010971124,0.00011723553|6.1102524e-05|0.00012740956|0.0002177081|9.775678e-05,379765.8|464393.2|384985.03|133031.47|380056.53,0.188768|0.09853398|0.20498583|0.3502379|0.15747428,0.003995766|0.002085728|0.0043390584|0.007413697|0.0033333527,Type II: 均衡/正常发育簇|Type III: 受抑/欠发育弱进液簇|Type II: 均衡/正常发育簇|Type I: 优势发育主进液簇|Type II: 均衡/正常发育簇,0.045156385749578476,linear,1495.084716796875,78.4498291015625,1.3809850215911865,1332.641845703125,4,0.011673261892085656,0.6598227405648281,0,-1,1.7422956794747174e-13,0.0
528,4,4683.9126|4710.648|4722.2637|4738.13,0.0074854833|0.004555115|0.018730393|0.009141803,9.025109e-05|7.0888804e-05|0.00021377145|0.00013116194,122716.36|155289.1|56744.258|107624.9,0.17843042|0.14015251|0.4222478|0.25916928,0.0024895265|0.0019554591|0.0058913557|0.0036160245,Type II: 均衡/正常发育簇|Type III: 受抑/欠发育弱进液簇|Type I: 优势发育主进液簇|Type II: 均衡/正常发育簇,0.08964428305625916,linear,1467.4967041015625,179.4535675048828,0.9102593660354614,978.388427734375,8,0.011183294169387886,0.6282665010898969,0,-1,3.3320934444795725e-14,7.275957614183426e-12
529,6,4520.907|4537.735|4565.098|4580.252|4628.6553|4641.1626,0.005177137|0.0005423561|0.020725856|0.0047390745|0.033662453|0.0061818813,3.783021e-05|8.839843e-06|9.234322e-05|5.4455475e-05|0.0001776932|5.1959614e-05,856191.9|83989280.0|418691.56|920905.1|167521.52|847581.3,0.08954023|0.020866375|0.21828322|0.12877375|0.41964403|0.1228924,0.0019608517|0.0004569552|0.0047802096|0.0028200313|0.009189833|0.002691235,Type III: 受抑/欠发育弱进液簇|Type IV: 砂堵闭合/未起裂死簇|Type II: 均衡/正常发育簇|Type III: 受抑/欠发育弱进液簇|Type I: 优势发育主进液簇|Type III: 受抑/欠发育弱进液簇,0.008616350591182709,cosine,1435.034423828125,119.36945343017578,1.4287093877792358,2896.73291015625,4,0.010139312522543074,0.6440423540011344,0,-1,8.127388871495903e-14,6.230038707144558e-11
530,4,4655.2866|4689.86|4716.508|4753.5425,0.00095365074|0.007753097|0.014495586|0.005753196,7.4956624e-06|0.00021922724|0.00028863622|0.00011485093,55279450.0|257407.86|119952.16|286922.62,0.011936181|0.34740686|0.4578956|0.18276136,0.00021204517|0.0061716517|0.008134474|0.0032467388,Type IV: 砂堵闭合/未起裂死簇|Type II: 均衡/正常发育簇|Type I: 优势发育主进液簇|Type II: 均衡/正常发育簇,0.06520384550094604,cosine,1416.89794921875,136.72183227539062,1.1589915752410889,999.0560913085938,6,0.009753964827444906,0.7087922991214368,0,-1,6.386236754262614e-14,1.6711965145077556e-11
531,1,4625.922,0.012,0.00059497735,459124.88,1.0,0.021774296,Type V: 沟通天然断层/强微裂缝簇,0.09412531554698944,linear,1497.992919921875,193.42306518554688,1.4205660820007324,1838.8714599609375,4,0.010447400668669232,0.6847219867866433,1,0,1.5296334213371968e-14,0.0
532,1,4572.7876,0.007966797,0.00013923054,170546.0,1.0,0.020365607,Type I: 优势发育主进液簇,0.07644233852624893,linear,1403.1182861328125,184.35752868652344,1.328662395477295,21727.376953125,6,0.011434883960786343,0.62085612441914,0,-1,1.2163572015930213e-13,2.5320332497358322e-09
533,2,4594.526|4605.552,0.012932178|0.008615637,0.000115338815|9.276624e-05,54271.566|84293.27,0.5542345|0.44576547,0.008318116|0.00669018,Type I: 优势发育主进液簇|Type I: 优势发育主进液簇,0.0050171311013400555,linear,1424.4521484375,80.30026245117188,0.979148805141449,5327.3857421875,12,0.009664737988976298,0.6972310380850958,0,-1,9.940250120417382e-14,2.0372681319713593e-10
534,4,4840.477|4852.6074|4898.533|4908.745,0.010801086|0.011558292|0.003261|0.0081334,0.000109304485|8.1969796e-05|3.8697646e-05|7.527369e-05,76798.0|83596.75|175662.05|119229.83,0.35804832|0.26855347|0.12680042|0.24659781,0.0060193767|0.004514822|0.002131722|0.0041457117,Type I: 优势发育主进液簇|Type II: 均衡/正常发育簇|Type III: 受抑/欠发育弱进液簇|Type II: 均衡/正常发育簇,0.007711051497608423,linear,1451.9300537109375,91.80663299560547,1.096799373626709,3182.837158203125,8,0.011299831734231788,0.6014392877396717,0,-1,9.823297909697729e-14,3.637978807091713e-12
535,2,4643.1973|4659.312,0.011351969|0.0030508176,0.000115880415|5.0085477e-05,28392.834|68213.016,0.6981963|0.30180368,0.014540773|0.0062854225,Type I: 优势发育主进液簇|Type II: 均衡/正常发育簇,0.05974506214261055,cosine,1411.87841796875,72.21353149414062,1.3587114810943604,15904.95703125,16,0.00929548097123971,0.7059155089631779,0,-1,8.329526169281384e-14,1.0586518328636885e-09
536,4,4684.4023|4729.227|4748.5547|4788.0205,0.018804539|0.0005895749|0.010524444|0.0068003875,0.00013563254|1.0327959e-06|7.955492e-05|0.0005,146833.27|92990710.0|266744.88|300938.72,0.19410022|0.0014795001|0.11385926|0.690561,0.0024358132|1.8566623e-05|0.001428849|0.008666026,Type II: 均衡/正常发育簇|Type IV: 砂堵闭合/未起裂死簇|Type III: 受抑/欠发育弱进液簇|Type V: 沟通天然断层/强微裂缝簇,0.03791864961385727,cosine,1474.3597412109375,100.72856140136719,0.818719744682312,454.3977966308594,4,0.011463738891062086,0.743388761745561,1,3,8.293990765451814e-14,1.4836132322670892e-11
537,6,4724.622|4748.751|4798.1934|4825.4185|4844.6235|4877.413,0.0003934753|0.019465037|0.012870779|0.008755611|0.0004905755|0.01596615,5.4895295e-06|0.00022638384|0.00014457168|0.00013587992|7.2623834e-06|0.00015318644,58208184.0|14263.064|19510.535|28688.107|79462296.0|19210.014,0.008157979|0.33652386|0.21490102|0.20195875|0.010774287|0.2276841,0.0001354649|0.005588047|0.003568475|0.003353566|0.00017890922|0.0037807403,Type IV: 砂堵闭合/未起裂死簇|Type II: 均衡/正常发育簇|Type II: 均衡/正常发育簇|Type II: 均衡/正常发育簇|Type IV: 砂堵闭合/未起裂死簇|Type II: 均衡/正常发育簇,0.00540222879499197,linear,1400.2650146484375,84.65040588378906,1.0833317041397095,747.5985107421875,12,0.011921247753067596,0.7295292321419755,0,-1,7.918725354258416e-14,1.9667822925839573e-11
538,2,4541.1953|4556.54,0.011170643|0.005,0.00016590109|0.0005,111681.0|311457.66,0.25593767|0.74406236,0.005500364|0.015990667,Type II: 均衡/正常发育簇|Type V: 沟通天然断层/强微裂缝簇,0.06311719864606857,cosine,1464.1202392578125,198.1219482421875,1.402085781097412,1385.339599609375,8,0.009570622968851422,0.6448590026109442,1,1,9.250337719120608e-14,5.6843418860808015e-11
539,5,4631.4966|4647.6323|4674.911|4703.15|4742.4824,0.002761299|0.016034024|0.0032462038|0.009826478|0.006678431,3.5377972e-05|0.00013388184|5.413281e-05|8.8457775e-05|8.565112e-05,171559.94|43349.8|169109.62|86723.48|132361.3,0.089028835|0.33680418|0.1361961|0.22253221|0.21543866,0.0016583081|0.0062735304|0.002536876|0.0041450276|0.0040128985,Type III: 受抑/欠发育弱进液簇|Type II: 均衡/正常发育簇|Type III: 受抑/欠发育弱进液簇|Type II: 均衡/正常发育簇|Type II: 均衡/正常发育簇,0.06901269406080246,linear,1435.9603271484375,54.971954345703125,1.2152113914489746,2317.679443359375,8,0.010553521290551458,0.7048597864273431,0,-1,8.977858062010624e-14,1.1823431123048067e-11
540,6,4664.0703|4710.112|4746.941|4773.61|4794.5625|4819.789,0.012|0.0004696159|0.030262068|0.016726999|0.013174028|0.012754244,0.0006647426|2.3191672e-06|0.000112664726|7.1764975e-05|8.0740014e-05|6.4823915e-05,69522.125|64334636.0|35544.953|61872.12|71728.71|67571.64,0.6634278|0.0023492044|0.114108086|0.07268712|0.0817706|0.06565718,0.013216345|4.6799207e-05|0.0022731815|0.001448022|0.0016289767|0.0013079764,Type V: 沟通天然断层/强微裂缝簇|Type IV: 砂堵闭合/未起裂死簇|Type III: 受抑/欠发育弱进液簇|Type III: 受抑/欠发育弱进液簇|Type III: 受抑/欠发育弱进液簇|Type III: 受抑/欠发育弱进液簇,0.09825576096773148,linear,1437.725830078125,53.44118118286133,1.299675703048706,535.6808471679688,8,0.011843764338642657,0.7052697672454238,1,0,5.57304522964667e-15,3.865352482534945e-11
541,6,4803.5386|4826.3447|4863.1875|4900.301|4930.8623|4950.0,0.014407079|0.02153753|0.010431367|0.009793512|0.014547813|0.0006502983,6.998523e-05|0.00015895399|9.6582604e-05|7.960958e-05|9.3608476e-05|6.066971e-06,738196.06|453950.4|923284.2|956583.75|824828.56|60656076.0,0.13896175|0.314362|0.19126989|0.15785246|0.18550123|0.0120526645,0.0019149057|0.0043319375|0.002635717|0.0021752215|0.0025562244|0.00016608684,Type III: 受抑/欠发育弱进液簇|Type II: 均衡/正常发育簇|Type II: 均衡/正常发育簇|Type II: 均衡/正常发育簇|Type II: 均衡/正常发育簇|Type IV: 砂堵闭合/未起裂死簇,0.06870592385530472,cosine,1401.3929443359375,129.67396545410156,0.8990201950073242,918.3373413085938,4,0.008988241119007909,0.6821898569988556,0,-1,5.501226915411578e-14,6.87805368215777e-11
542,2,4525.593|4548.9775,0.019390456|0.002662567,0.00015880028|3.8406746e-05,38385.25|112409.516,0.8051838|0.19481619,0.015532303|0.0037580784,Type I: 优势发育主进液簇|Type II: 均衡/正常发育簇,0.00817638449370861,cosine,1416.5765380859375,64.3147201538086,1.258514165878296,9708.5546875,12,0.010416753613021613,0.6095808859993391,0,-1,1.2463863491643523e-13,1.4915713109076023e-10
543,2,4856.108|4892.8887,0.01480291|0.0009563156,0.00016522124|5.563416e-06,532401.44|68217590.0,0.9672297|0.032770302,0.016442416|0.0005570786,Type I: 优势发育主进液簇|Type IV: 砂堵闭合/未起裂死簇,0.07616416364908218,linear,1479.0931396484375,172.6725616455078,1.109055519104004,10277.3388671875,4,0.008744491298534485,0.6633720620913642,0,-1,1.0184150208260648e-13,1.2896634871140122e-09
544,6,4741.2876|4769.3604|4814.0737|4862.5674|4906.3335|4950.0,0.009594716|0.01398173|0.0005414356|0.023670305|0.005139742|0.021416984,0.00012078391|0.00016217996|5.683292e-06|0.00020781682|6.1249026e-05|0.00014068215,401449.06|311229.75|53995916.0|189846.02|498620.3|232485.67,0.17306015|0.23206043|0.00815691|0.29726017|0.087883145|0.20157923,0.002491661|0.0033411272|0.00011744042|0.0042798505|0.0012653116|0.0029022691,Type II: 均衡/正常发育簇|Type II: 均衡/正常发育簇|Type IV: 砂堵闭合/未起裂死簇|Type II: 均衡/正常发育簇|Type III: 受抑/欠发育弱进液簇|Type II: 均衡/正常发育簇,0.07328064739704132,linear,1454.725830078125,160.3270721435547,0.9393105506896973,628.5018920898438,6,0.00965323378341157,0.6144071698911886,0,-1,5.530329951039699e-14,3.399236447876319e-11
545,5,4810.974|4855.764|4878.149|4916.9043|4950.0,0.0056221867|0.000489048|0.008825952|0.017817136|0.017255504,6.549383e-05|7.420088e-06|0.00013968657|0.00018543426|0.0001676616,1202818.4|78967330.0|972324.8|500226.38|574865.75,0.11642532|0.013192781|0.24654523|0.32754168|0.296295,0.002656125|0.00030097985|0.005624678|0.0074725295|0.0067596682,Type III: 受抑/欠发育弱进液簇|Type IV: 砂堵闭合/未起裂死簇|Type II: 均衡/正常发育簇|Type II: 均衡/正常发育簇|Type II: 均衡/正常发育簇,0.025684712454676628,cosine,1471.14111328125,131.52870178222656,1.4883955717086792,1885.6317138671875,4,0.008828084765382212,0.6913882945058636,0,-1,6.189471678241798e-14,1.8803802959155291e-10
546,1,4703.9414,0.013977421,9.639467e-05,48485.004,1.0,0.015588473,Type I: 优势发育主进液簇,0.04938288405537605,linear,1487.5830078125,66.41142272949219,1.0169998407363892,26276.501953125,12,0.010923524689830953,0.6393731937099805,0,-1,3.2271911244675586e-14,2.3646862246096134e-09
547,5,4747.7104|4796.0894|4819.95|4841.941|4875.19,0.00532889|0.0149580315|0.008257522|0.008396003|0.010574149,7.674362e-05|0.00020970804|0.0009901812|0.00011694052|0.00012800243,33199.562|15704.777|28662.121|27508.445|21548.854,0.05101954|0.1391014|0.6475053|0.07752048|0.08485331,0.0008606884|0.00234661|0.010923271|0.0013077534|0.0014314565,Type III: 受抑/欠发育弱进液簇|Type III: 受抑/欠发育弱进液簇|Type V: 沟通天然断层/强微裂缝簇|Type III: 受抑/欠发育弱进液簇|Type III: 受抑/欠发育弱进液簇,0.046352267265319824,cosine,1419.452880859375,167.86624145507812,1.1005929708480835,348.5378112792969,16,0.011231895162573804,0.6398217003919431,1,2,1.4910384667395082e-13,1.1368683772161603e-13
548,1,4803.263,0.012068403,0.00011200752,577444.3,1.0,0.019041857,Type I: 优势发育主进液簇,0.09868297725915909,linear,1427.2239990234375,148.9698486328125,1.2423003911972046,29330.58203125,4,0.01017938302551162,0.6400919789328651,0,-1,2.0042119209368568e-14,2.9576767701655626e-09
549,5,4506.5923|4523.6304|4560.3975|4599.8765|4629.4526,0.008753295|0.007880228|0.009245481|0.000946591|0.020760704,7.3944175e-05|7.539913e-05|0.00010354825|9.981951e-06|0.0001739001,615008.44|542200.4|580109.44|74309790.0|222106.62,0.1694861|0.1728377|0.2369784|0.022830416|0.39786738,0.0023811741|0.002428262|0.0033293986|0.0003207531|0.0055897883,Type II: 均衡/正常发育簇|Type II: 均衡/正常发育簇|Type II: 均衡/正常发育簇|Type IV: 砂堵闭合/未起裂死簇|Type I: 优势发育主进液簇,0.017794424667954445,linear,1449.922119140625,132.7764434814453,0.9165883660316467,1209.6043701171875,6,0.008346243609754792,0.6745229486852438,0,-1,7.531873887599294e-14,8.43556335894391e-11
550,5,4849.0034|4868.494|4880.3774|4908.5117|4950.0,0.009181319|0.005066109|0.00021263008|0.0061200107|0.019589884,8.342391e-05|4.7965368e-05|9.221281e-06|6.129673e-05|0.00023681171,174258.92|274999.06|92873170.0|246510.58|68314.875,0.19031283|0.109448664|0.020964881|0.13983765|0.539436,0.0039354754|0.0022632868|0.00043353238|0.0028917|0.011154986,Type II: 均衡/正常发育簇|Type III: 受抑/欠发育弱进液簇|Type IV: 砂堵闭合/未起裂死簇|Type III: 受抑/欠发育弱进液簇|Type I: 优势发育主进液簇,0.005552077200263739,linear,1433.6624755859375,186.51211547851562,1.3491071462631226,2498.373291015625,6,0.010790907467149573,0.6644297493385812,0,-1,1.3657007653673087e-13,2.59660737356171e-10
551,5,4631.65|4672.419|4702.9443|4719.9854|4732.3125,0.00048117794|0.010015607|0.00068715174|0.011002822|0.0123332385,8.059203e-06|9.8654426e-05|7.1968443e-06|0.00011550621|0.00012723554,58591556.0|576600.4|50168116.0|592561.06|450501.8,0.022634331|0.27679414|0.020221679|0.3236867|0.35666317,0.00033861335|0.0041408865|0.00030251965|0.0048424066|0.0053357403,Type IV: 砂堵闭合/未起裂死簇|Type II: 均衡/正常发育簇|Type IV: 砂堵闭合/未起裂死簇|Type II: 均衡/正常发育簇|Type I: 优势发育主进液簇,0.025119243189692497,cosine,1447.0224609375,102.6114501953125,0.9760087728500366,1916.9090576171875,4,0.009011790871956714,0.7143386266063416,0,-1,7.270451737395947e-14,2.2737367544323206e-13
552,6,4539.386|4551.3286|4586.137|4619.8027|4663.0464|4696.737,0.0060592997|0.010870087|0.013287879|0.012067366|0.011356951|0.010788552,6.0413975e-05|9.613929e-05|9.325793e-05|0.00010607144|7.9373436e-05|0.00010761589,29580.457|18928.418|17064.498|15991.178|19314.674|20907.398,0.11130852|0.17711405|0.17178944|0.1953781|0.14620131|0.19820857,0.0017403668|0.0027692707|0.0026860172|0.0030548382|0.0022859336|0.0030990941,Type III: 受抑/欠发育弱进液簇|Type II: 均衡/正常发育簇|Type II: 均衡/正常发育簇|Type II: 均衡/正常发育簇|Type III: 受抑/欠发育弱进液簇|Type II: 均衡/正常发育簇,0.020403778180480003,cosine,1473.277099609375,191.2079620361328,1.0200692415237427,1066.3348388671875,16,0.01141395735747304,0.6908542566729376,0,-1,1.362436503676498e-13,4.069988790433854e-11
553,6,4734.163|4780.964|4801.723|4851.14|4893.7954|4935.588,0.0040047984|0.012502511|0.015047671|0.004005807|0.0064837304|0.0067280508,7.5028234e-05|0.00015058086|0.0002062719|6.433745e-05|9.076422e-05|9.368283e-05,109939.44|52508.12|39665.14|115034.14|94120.266|85631.62,0.11029854|0.22122663|0.30294436|0.09454134|0.1333503|0.13763884,0.002516166|0.0050466936|0.006910865|0.002156708|0.0030420304|0.0031398619,Type III: 受抑/欠发育弱进液簇|Type II: 均衡/正常发育簇|Type II: 均衡/正常发育簇|Type III: 受抑/欠发育弱进液簇|Type III: 受抑/欠发育弱进液簇|Type III: 受抑/欠发育弱进液簇,0.028899511322379112,cosine,1446.7098388671875,50.55377960205078,1.4882875680923462,1275.163330078125,12,0.009387447581048525,0.6947644709095309,0,-1,4.5625954864280185e-14,5.502442945726216e-11
554,5,4672.0674|4700.266|4719.861|4739.6978|4757.0967,0.007075814|0.010325452|0.00036619915|0.000803028|0.027400602,8.293988e-05|0.00011486158|5.400785e-06|3.2134049e-06|0.0002698633,68068.53|55512.504|58899140.0|62660420.0|12363.294,0.17419149|0.24118029|0.011334348|0.0067472095|0.5665467,0.0024014884|0.003325028|0.0001562608|9.3020295e-05|0.0078106867,Type II: 均衡/正常发育簇|Type II: 均衡/正常发育簇|Type IV: 砂堵闭合/未起裂死簇|Type IV: 砂堵闭合/未起裂死簇|Type I: 优势发育主进液簇,0.05915499106049538,linear,1491.1697998046875,108.1555404663086,0.8994371891021729,983.22509765625,12,0.010801730557763943,0.6414256893691209,0,-1,9.311259547412336e-15,4.46789272245951e-11
555,4,4697.1836|4719.0176|4749.7485|4773.0386,0.00056101626|0.00044052518|0.009450635|0.0334663,2.7639485e-06|1.974713e-06|9.3117786e-05|0.00023352956,58936468.0|59432376.0|107956.31|26514.22,0.00834517|0.005962599|0.28104907|0.7046432,0.00012261045|8.760479e-05|0.004129281|0.010352888,Type IV: 砂堵闭合/未起裂死簇|Type IV: 砂堵闭合/未起裂死簇|Type II: 均衡/正常发育簇|Type I: 优势发育主进液簇,0.018436087295413017,cosine,1472.551025390625,117.29280090332031,0.9585385322570801,2127.404541015625,12,0.009152352049409715,0.6722835546981347,0,-1,9.445565260935568e-14,0.0
556,2,4628.178|4672.4585,0.0057407045|0.013780109,7.459222e-05|0.00013065118,543105.6|300017.38,0.36367846|0.63632154,0.005022205|0.00878726,Type I: 优势发育主进液簇|Type I: 优势发育主进液簇,0.033982619643211365,cosine,1451.7666015625,136.32080078125,0.900936484336853,4719.275390625,6,0.009276105343707307,0.6152019892781995,0,-1,1.224779826169975e-13,8.11269273981452e-10
557,1,4873.9404,0.012185076,9.050104e-05,37752.094,1.0,0.014137561,Type I: 优势发育主进液簇,0.0820765495300293,linear,1437.0030517578125,120.75092315673828,0.9223415851593018,24571.013671875,16,0.010212701989729232,0.6203368632450794,0,-1,1.0159822066762789e-13,2.837623469531536e-10
558,3,4771.13|4821.089|4867.6646,0.010148758|0.0006092137|0.021234721,7.522531e-05|2.7522549e-06|0.00015778028,22642.941|81277016.0|12308.982,0.31910953|0.011672045|0.6692184,0.005915314|0.00021636399|0.012405261,Type II: 均衡/正常发育簇|Type IV: 砂堵闭合/未起裂死簇|Type I: 优势发育主进液簇,0.07879761606454849,linear,1489.3721923828125,146.61415100097656,1.2093592882156372,6397.1982421875,16,0.011349365890068597,0.6475512157021905,0,-1,8.347512405696561e-14,4.2928149923682213e-10
559,3,4588.541|4633.253|4663.474,0.02040172|0.0073520327|0.005805286,0.00016497291|5.4645265e-05|5.196779e-05,31121.758|87083.56|92634.414,0.6073749|0.20124243|0.19138266,0.010913725|0.0036160606|0.0034388937,Type I: 优势发育主进液簇|Type II: 均衡/正常发育簇|Type II: 均衡/正常发育簇,0.006197930313646793,linear,1421.60302734375,171.375732421875,1.1722856760025024,4611.5810546875,12,0.010197381720134884,0.6513695520334166,0,-1,1.274348058718025e-13,3.5015546018257737e-10
560,2,4699.4165|4726.9707,0.014769595|0.009173569,0.00012471573|4.8936206e-05,69284.41|107737.65,0.7181111|0.2818889,0.015916532|0.0062479097,Type I: 优势发育主进液簇|Type II: 均衡/正常发育簇,0.049728747457265854,linear,1438.0887451171875,140.78363037109375,1.4460192918777466,16538.89453125,12,0.008791034043757513,0.7491203324427107,0,-1,7.607461074933194e-14,2.6557245291769505e-10
561,3,4800.6846|4823.6924|4851.1343,0.013315198|0.0053430246|0.012,0.0001454036|5.776524e-05|0.0012314987,47642.727|75478.805|35374.664,0.103739224|0.04119868|0.8550621,0.0014594602|0.0005796056|0.012029483,Type III: 受抑/欠发育弱进液簇|Type III: 受抑/欠发育弱进液簇|Type V: 沟通天然断层/强微裂缝簇,0.09509703516960144,cosine,1401.064208984375,50.4092903137207,0.9178391695022583,190.08554077148438,12,0.010872598275262055,0.6361505809113542,1,2,2.316902366576029e-13,2.4158453015843406e-11
562,4,4692.6084|4729.753|4775.199|4815.8745,0.0040165395|0.010478872|0.012|0.014971829,4.042365e-05|9.468377e-05|0.001182807|0.00014803556,116635.45|69709.77|54797.863|48214.19,0.028484859|0.06660857|0.80094856|0.10395799,0.00039592205|0.00092581817|0.011132693|0.0014449522,Type IV: 砂堵闭合/未起裂死簇|Type III: 受抑/欠发育弱进液簇|Type V: 沟通天然断层/强微裂缝簇|Type III: 受抑/欠发育弱进液簇,0.0554642379283905,linear,1489.4539794921875,167.20729064941406,0.9068029522895813,300.2181091308594,12,0.010128917762788861,0.6299971722631443,1,2,4.615317459807922e-13,3.490185918053612e-11
563,3,4802.7476|4837.1025|4872.9116,0.00044535537|0.020982966|0.004020914,4.437248e-06|0.00013798266|4.6245088e-05,85964344.0|398394.72|1586497.0,0.02357512|0.73093885|0.24548604,0.00046562025|0.014436402|0.0048484704,Type IV: 砂堵闭合/未起裂死簇|Type I: 优势发育主进液簇|Type II: 均衡/正常发育簇,0.06055724620819092,cosine,1468.6484375,124.76165008544922,1.2885321378707886,11230.38671875,4,0.008535249136310201,0.6784865539328293,0,-1,8.906155028959653e-14,1.0059011401608586e-09
564,5,4798.79|4848.7|4891.457|4913.4453|4950.0,0.005533051|0.0059059057|0.011791346|0.009153571|0.009732708,6.187241e-05|8.489027e-05|0.00015391133|0.00014576447|0.0001373039,57907.527|56568.863|35257.125|40342.992|37858.062,0.106059596|0.1454621|0.2636298|0.24966325|0.23518528,0.0013951567|0.0019134755|0.0034679074|0.0032841852|0.0030937355,Type III: 受抑/欠发育弱进液簇|Type III: 受抑/欠发育弱进液簇|Type II: 均衡/正常发育簇|Type II: 均衡/正常发育簇|Type II: 均衡/正常发育簇,0.09474168717861176,cosine,1459.9754638671875,151.5855255126953,0.858203649520874,694.1656494140625,12,0.010738798721323509,0.6951853177547811,0,-1,1.0272938234670917e-13,2.000888343900442e-11
565,3,4573.9663|4616.766|4647.7427,0.018249162|0.015280389|0.0008736957,0.00015717532|0.00015554354|3.5973064e-06,69805.17|68656.305|77747220.0,0.4968889|0.49173486|0.011376233,0.009855834|0.009753603|0.00022564853,Type I: 优势发育主进液簇|Type I: 优势发育主进液簇|Type IV: 砂堵闭合/未起裂死簇,0.07655943185091019,cosine,1420.1318359375,110.94136810302734,1.294050931930542,4122.50634765625,12,0.008804597752225652,0.7095399982727455,0,-1,2.623719917745743e-15,3.4378899727016687e-10
566,2,4852.706|4876.01,0.013372309|0.007214366,0.00020092806|8.254844e-05,633498.94|1015797.06,0.70690244|0.29309756,0.012001038|0.004975899,Type I: 优势发育主进液簇|Type II: 均衡/正常发育簇,0.08774670958518982,cosine,1460.1910400390625,192.57452392578125,1.1075838804244995,3908.0400390625,4,0.0090747315173525,0.6885519040279925,0,-1,5.844763827653546e-14,7.139533408917487e-11
567,3,4702.1333|4718.0312|4732.6665,0.005|0.015341983|0.011079547,0.0005|0.00013091438|8.526253e-05,311063.72|104464.41|164998.4,0.6903724|0.18748546|0.12214212,0.01331034|0.0036147085|0.0023548931,Type V: 沟通天然断层/强微裂缝簇|Type II: 均衡/正常发育簇|Type III: 受抑/欠发育弱进液簇,0.08671999722719193,linear,1470.45068359375,128.75155639648438,1.2578331232070923,963.2203369140625,6,0.011086535577351134,0.6607426998817738,1,0,4.5347680824184625e-14,2.3646862246096134e-11
568,3,4861.458|4884.553|4907.822,0.012|0.008427092|0.0053863847,0.0011436675|7.348758e-05|6.560456e-05,655441.75|1322152.1|1549747.9,0.8582408|0.074888535|0.066870674,0.017859511|0.0015583886|0.0013915412,Type V: 沟通天然断层/强微裂缝簇|Type III: 受抑/欠发育弱进液簇|Type III: 受抑/欠发育弱进液簇,0.011594979092478752,linear,1481.8316650390625,188.43942260742188,1.3576183319091797,726.3638305664062,4,0.008158990996857914,0.7341411437406393,1,0,8.636337765809479e-14,0.0
569,3,4783.199|4813.592|4858.6235,0.0077332193|0.0030580685|0.020144714,9.674547e-05|3.662707e-05|0.00020855453,1215151.9|1665125.0|486237.8,0.28364772|0.107871465|0.6084808,0.0053333016|0.0020282592|0.011440994,Type II: 均衡/正常发育簇|Type III: 受抑/欠发育弱进液簇|Type I: 优势发育主进液簇,0.02047821320593357,linear,1404.7296142578125,119.59632873535156,1.2266881465911865,3261.62646484375,4,0.008717015583071714,0.6759345374748974,0,-1,5.3510791446758493e-14,9.549694368615746e-12
570,4,4726.8037|4757.3276|4800.2305|4844.641,0.0045398944|0.02393673|0.00076319766|0.0017740112,5.0832565e-05|0.00020275476|1.0379144e-06|2.5996276e-05,226093.11|40110.277|65602170.0|284189.06,0.18121381|0.7223958|0.0037009038|0.09268953,0.0033137125|0.013209876|6.767548e-05|0.0016949396,Type II: 均衡/正常发育簇|Type I: 优势发育主进液簇|Type IV: 砂堵闭合/未起裂死簇|Type III: 受抑/欠发育弱进液簇,0.00978385005146265,linear,1447.1962890625,168.5367431640625,1.1930010318756104,4484.626953125,6,0.011560745893801678,0.6322259404792415,0,-1,1.1592522731682098e-13,1.90084392670542e-10
571,4,4684.9785|4713.3306|4731.416|4770.2715,0.0036822343|0.0034113615|0.029389326|0.0060899947,5.292405e-05|6.119734e-05|0.0002835909|7.652225e-05,663145.6|662260.7|131613.98|584167.2,0.11192147|0.1293642|0.5970399|0.16167444,0.0014961136|0.00172928|0.007980949|0.002161188,Type III: 受抑/欠发育弱进液簇|Type III: 受抑/欠发育弱进液簇|Type I: 优势发育主进液簇|Type II: 均衡/正常发育簇,0.0872979611158371,linear,1465.7808837890625,166.12269592285156,0.8721044063568115,1001.0180053710938,4,0.01067649462132241,0.704075587542105,0,-1,8.35727971201794e-14,1.0345502232667059e-11
572,5,4528.4717|4576.498|4624.755|4645.801|4680.9326,0.018321376|0.01202638|0.024582533|0.0075116577|0.0009028292,0.00013948283|6.4620894e-05|0.00018363034|4.7622998e-05|5.0385092e-06,200554.58|279412.8|120227.17|366828.75|83424020.0,0.31664157|0.1468837|0.416769|0.10825926|0.01144647,0.0045687505|0.002119352|0.006013467|0.0015620487|0.00016515856,Type II: 均衡/正常发育簇|Type III: 受抑/欠发育弱进液簇|Type I: 优势发育主进液簇|Type III: 受抑/欠发育弱进液簇|Type IV: 砂堵闭合/未起裂死簇,0.08510156720876694,linear,1496.6019287109375,161.92251586914062,0.9413406848907471,1277.4825439453125,6,0.009831698677350217,0.6925983144622407,0,-1,1.0832421114617685e-13,4.3428372009657323e-11
573,1,4602.5312,0.014953952,0.000108283726,1158115.2,1.0,0.015692158,Type I: 优势发育主进液簇,0.06470593065023422,linear,1489.850341796875,161.11468505859375,1.0237643718719482,21493.376953125,4,0.008444349052395276,0.6581034362426701,0,-1,7.384549785896533e-14,1.6261765267699957e-09
574,1,4833.708,0.009760159,0.00011123204,50526.08,1.0,0.017790558,Type I: 优势发育主进液簇,0.08829707652330399,linear,1409.460205078125,97.50028228759766,1.1606650352478027,25756.6328125,12,0.010492087829038379,0.6819848084458894,0,-1,4.6023823180264475e-14,7.457856554538012e-10
575,2,4812.551|4831.1523,0.0023423252|0.020058017,3.2544103e-05|0.0001605122,230792.61|72763.29,0.16868863|0.8313114,0.0037671237|0.018564695,Type II: 均衡/正常发育簇|Type I: 优势发育主进液簇,0.09495232999324799,cosine,1418.378173828125,117.97142791748047,1.4569391012191772,13617.0634765625,8,0.009977393204964356,0.7195950116458804,0,-1,5.453097486909052e-14,5.20230969414115e-10
576,6,4816.757|4835.291|4866.9834|4886.377|4932.354|4950.0,0.00080066465|0.017883964|0.01884868|0.017272878|0.0097409375|0.0007373924,7.777964e-06|0.00012059621|0.000101607126|0.00014538712|7.535229e-05|8.126564e-06,67814470.0|202443.12|198915.3|207274.23|404414.66|82526140.0,0.016945481|0.26286876|0.22156017|0.3166504|0.16428526|0.017689962,0.0002100023|0.003257685|0.0027457552|0.0039241915|0.0020359575|0.0002192285,Type IV: 砂堵闭合/未起裂死簇|Type II: 均衡/正常发育簇|Type II: 均衡/正常发育簇|Type II: 均衡/正常发育簇|Type II: 均衡/正常发育簇|Type IV: 砂堵闭合/未起裂死簇,0.02140744961798191,cosine,1416.0712890625,161.4015350341797,0.8085138201713562,923.7514038085938,4,0.011714785419461847,0.6433987243925429,0,-1,9.420526289388373e-14,9.731593308970332e-11
577,2,4583.5454|4609.401,0.009620111|0.008801322,0.000128644|0.00016788248,17583.166|18196.738,0.4338673|0.56613266,0.008701436|0.011354087,Type I: 优势发育主进液簇|Type I: 优势发育主进液簇,0.008974786847829819,cosine,1414.81005859375,113.05421447753906,1.3084324598312378,4764.02001953125,16,0.011781951254318801,0.6817176964248781,0,-1,1.0915801682692683e-13,5.129550117999315e-10
578,2,4887.556|4934.013,0.01251031|0.0096126925,0.00010057506|5.633922e-05,288752.53|345959.47,0.64074683|0.3592532,0.012240607|0.0068630497,Type I: 优势发育主进液簇|Type I: 优势发育主进液簇,0.09367890655994415,cosine,1421.355224609375,181.6590576171875,1.2463321685791016,15109.5009765625,4,0.011882676316880742,0.6347707285246296,0,-1,5.266738210645255e-15,3.67435859516263e-10
579,2,4566.2695|4594.212,0.012|0.0007138444,0.0012574061|4.887067e-06,254618.58|61300350.0,0.99542147|0.004578511,0.02131767|9.805213e-05,Type V: 沟通天然断层/强微裂缝簇|Type IV: 砂堵闭合/未起裂死簇,0.08954079449176788,linear,1424.577880859375,62.423622131347656,1.3971725702285767,550.0621948242188,6,0.008639787870513312,0.667748945433279,1,0,4.0663171885658295e-14,5.161382432561368e-11
580,1,4676.7197,0.010301068,9.00224e-05,267571.34,1.0,0.0140111735,Type I: 优势发育主进液簇,0.010556097142398357,linear,1466.8785400390625,125.46224212646484,0.9140959978103638,24439.626953125,6,0.010055844164842336,0.6425590590282337,0,-1,2.884773312155503e-14,2.2882886696606874e-09
581,5,4615.076|4656.9253|4672.2437|4714.5684|4738.672,0.022193644|0.00022581451|0.015392251|0.005790145|0.015323665,0.00015505262|6.371737e-06|7.7790355e-05|3.2948716e-05|8.859816e-05,243295.77|84448980.0|455356.84|790057.25|497752.28,0.42945576|0.01766868|0.21578033|0.091480814|0.24561441,0.005630834|0.0002316639|0.0028292164|0.001199456|0.0032203875,Type I: 优势发育主进液簇|Type IV: 砂堵闭合/未起裂死簇|Type II: 均衡/正常发育簇|Type III: 受抑/欠发育弱进液簇|Type II: 均衡/正常发育簇,0.07734440267086029,cosine,1455.31298828125,78.13748931884766,0.8554046154022217,1437.1754150390625,4,0.009960789416234428,0.713381063784515,0,-1,4.035299858476914e-14,2.432898327242583e-11
582,5,4824.7134|4838.08|4880.4834|4913.859|4950.0,0.00867793|0.024969136|0.007948359|0.008449665|0.005328694,0.000106700725|0.0002660226|9.319123e-05|0.00010170835|6.0140716e-05,1139394.6|395594.25|1272769.0|1254347.8|1519141.8,0.17042978|0.4217628|0.1489734|0.16243121|0.09640282,0.0028898728|0.007151572|0.0025260504|0.002754246|0.0016346432,Type II: 均衡/正常发育簇|Type I: 优势发育主进液簇|Type III: 受抑/欠发育弱进液簇|Type II: 均衡/正常发育簇|Type III: 受抑/欠发育弱进液簇,0.04569114372134209,cosine,1481.691650390625,157.93177795410156,1.1062430143356323,957.3189697265625,4,0.0087593772992115,0.6594470806034995,0,-1,3.826208081381295e-14,6.707523425575346e-11
583,2,4504.1685|4514.346,0.009193044|0.005966032,0.00013122524|0.000102340025,298975.06|403198.5,0.5617226|0.43827742,0.008442775|0.0065873754,Type I: 优势发育主进液簇|Type I: 优势发育主进液簇,0.07774372398853302,cosine,1453.2694091796875,120.02637481689453,0.9805746078491211,4322.20361328125,6,0.008934638622144294,0.7209187654199292,0,-1,1.2395703766817506e-13,5.084075382910669e-10
584,4,4665.186|4697.244|4744.7896|4764.3784,0.01218499|0.00044711112|0.0022202206|0.018613137,0.00012947171|9.581204e-06|3.0495072e-05|0.0002453286,32760.883|64532804.0|72311.37|18370.932,0.31216928|0.023038229|0.07353499|0.5912575,0.004338862|0.0003202099|0.0010220677|0.008217927,Type II: 均衡/正常发育簇|Type IV: 砂堵闭合/未起裂死簇|Type III: 受抑/欠发育弱进液簇|Type I: 优势发育主进液簇,0.06775964796543121,linear,1486.2125244140625,192.48837280273438,0.9067821502685547,1353.006591796875,12,0.010779430868085773,0.722683295254082,0,-1,4.0313188036248185e-14,2.2737367544323206e-11
585,1,4668.8223,0.012440372,0.00011945858,74817.86,1.0,0.013152777,Type I: 优势发育主进液簇,0.03022875264286995,linear,1496.854736328125,55.357173919677734,0.858093798160553,12224.111328125,8,0.011281051393013131,0.7305004635863085,0,-1,1.2054772327921293e-13,4.1654857341200113e-10
586,3,4814.4575|4840.0796|4871.446,0.008389108|0.0053919707|0.019738682,6.1618426e-05|5.713425e-05|0.00018799385,184091.39|207541.16|68843.16,0.20099138|0.1863607|0.61264795,0.00382014|0.0035420624|0.011644285,Type II: 均衡/正常发育簇|Type II: 均衡/正常发育簇|Type I: 优势发育主进液簇,0.03372230753302574,linear,1427.6331787109375,68.09000396728516,1.2399928569793701,3984.75439453125,6,0.011735021748626857,0.6658909476388097,0,-1,6.023824559824031e-14,2.710294211283326e-10
587,6,4580.2397|4604.255|4622.0747|4648.9|4672.9736|4722.5747,0.014824189|0.009522474|0.0008165213|0.01777468|0.011168941|0.006020313,0.00012776059|8.033046e-05|6.762606e-06|0.0001890458|0.00012473798|6.686791e-05,140888.33|264636.7|93562930.0|131682.8|224708.6|301684.56,0.21467069|0.13500127|0.011349859|0.3171877|0.20941195|0.112378545,0.004196965|0.0026393712|0.00022189783|0.0062012454|0.0040941527|0.0021970805,Type II: 均衡/正常发育簇|Type III: 受抑/欠发育弱进液簇|Type IV: 砂堵闭合/未起裂死簇|Type II: 均衡/正常发育簇|Type II: 均衡/正常发育簇|Type III: 受抑/欠发育弱进液簇,0.05322003364562988,cosine,1419.962646484375,185.6986541748047,1.275498390197754,1338.1060791015625,8,0.008784897096743911,0.6901533741023806,0,-1,1.3877282298551535e-13,4.160938260611147e-11
588,4,4786.7466|4822.6777|4848.3843|4887.8975,0.0066517824|0.018530333|0.012009085|0.006078051,8.4130705e-05|0.00015325044|0.00012467387|6.9256166e-05,56612.703|30410.246|42451.73|62553.445,0.19509022|0.3552848|0.28903708|0.16058788,0.0043164073|0.0078607425|0.006394999|0.0035530366,Type II: 均衡/正常发育簇|Type I: 优势发育主进液簇|Type II: 均衡/正常发育簇|Type II: 均衡/正常发育簇,0.005842441692948341,cosine,1493.075439453125,118.88096618652344,1.4434581995010376,2846.69091796875,16,0.009130288422947283,0.7105248964096034,0,-1,3.277325988176004e-14,1.800799509510398e-10
589,2,4872.1553|4905.5156,0.011205911|0.006558172,0.00011064959|0.00012631515,65851.93|80864.55,0.4670082|0.5329918,0.008652004|0.009874447,Type I: 优势发育主进液簇|Type I: 优势发育主进液簇,0.05281987413764,linear,1461.3851318359375,110.52400970458984,1.2086750268936157,6297.3076171875,16,0.00857922482954891,0.6335482850709051,0,-1,1.7603370746754193e-14,3.7562131183221936e-10
590,2,4604.221|4614.602,0.010137001|0.013015679,0.00010779482|0.00014675588,156482.48|127993.56,0.42358634|0.5764137,0.0075831832|0.010319149,Type I: 优势发育主进液簇|Type I: 优势发育主进液簇,0.017407534644007683,cosine,1448.47412109375,195.37936401367188,1.1679571866989136,5213.087890625,12,0.00806155021793864,0.6911894759850772,0,-1,4.5542671196774354e-14,3.5925040720030665e-10
591,4,4780.558|4803.5483|4821.2407|4848.326,0.010718533|0.006744804|0.015290665|0.015727231,9.583855e-05|0.0005|9.618085e-05|0.000114930444,771480.2|991335.44|592744.56|666383.1,0.12677556|0.5940581|0.1273009|0.15186544,0.002589429|0.012133815|0.0026001593|0.0031018972,Type III: 受抑/欠发育弱进液簇|Type V: 沟通天然断层/强微裂缝簇|Type III: 受抑/欠发育弱进液簇|Type II: 均衡/正常发育簇,0.03809367120265961,linear,1409.325439453125,127.86360168457031,1.332556962966919,943.5960693359375,4,0.00913233547324836,0.7079485107422879,1,1,1.2671574943848296e-13,3.5356606531422585e-11
592,4,4715.727|4742.392|4788.0576|4809.0176,0.0041371225|0.021677911|0.00044094416|0.007672666,5.983936e-05|0.00023115514|6.176533e-06|9.078116e-05,612864.4|147270.5|96689330.0|506578.97,0.15454924|0.59529537|0.015939413|0.23421597,0.0034266857|0.013198966|0.0003534107|0.0051930672,Type II: 均衡/正常发育簇|Type I: 优势发育主进液簇|Type IV: 砂堵闭合/未起裂死簇|Type II: 均衡/正常发育簇,0.08998800814151764,cosine,1471.7713623046875,58.28313064575195,1.4465209245681763,3438.181396484375,6,0.008721446640144761,0.6838185850745211,0,-1,1.0014581666110273e-13,3.6561687011271715e-10
593,1,4506.3716,0.013071236,0.00011846132,461698.4,1.0,0.019684132,Type I: 优势发育主进液簇,0.05877212435007095,cosine,1432.64697265625,110.72049713134766,1.2842026948928833,27971.025390625,6,0.008465531485689261,0.6939196672149912,0,-1,3.8776328068618193e-14,2.422893885523081e-09
594,3,4653.8545|4679.1396|4722.2812,0.0061981045|0.0046654893|0.022723738,6.519112e-05|5.8541653e-05|0.00016463909,192494.14|204811.27|69821.85,0.22614042|0.20308073|0.57077885,0.0033461247|0.0030049179|0.008445624,Type II: 均衡/正常发育簇|Type II: 均衡/正常发育簇|Type I: 优势发育主进液簇,0.0767425149679184,cosine,1488.0068359375,150.04022216796875,0.9653420448303223,2828.3046875,8,0.010345820433384542,0.6354877319084081,0,-1,1.3306449854737917e-13,2.4419932742603123e-10
595,2,4743.3994|4754.4053,0.012|0.0031897568,0.0010804465|2.628731e-05,364832.62|985129.6,0.9717769|0.02822312,0.022062777|0.0006407648,Type V: 沟通天然断层/强微裂缝簇|Type IV: 砂堵闭合/未起裂死簇,0.054170724004507065,linear,1458.2430419921875,92.65117645263672,1.48119056224823,785.7166748046875,4,0.010341970704081629,0.6132842389364205,1,0,1.3906185773217283e-13,6.536993168992922e-11
596,6,4572.3145|4613.54|4663.31|4685.8667|4733.662|4757.4097,0.037520215|0.0004382226|0.012734708|0.015338722|0.0005662919|0.00046076535,0.0004253107|4.433638e-06|0.00014920985|0.00012298008|2.1541603e-06|6.425832e-06,22941.418|70270880.0|64666.605|65555.54|55374460.0|56742068.0,0.5982856|0.006245003|0.21014613|0.17324162|0.0030356713|0.009045941,0.013002983|0.00013572727|0.0045672613|0.003765188|6.597649e-05|0.00019660212,Type I: 优势发育主进液簇|Type IV: 砂堵闭合/未起裂死簇|Type II: 均衡/正常发育簇|Type II: 均衡/正常发育簇|Type IV: 砂堵闭合/未起裂死簇|Type IV: 砂堵闭合/未起裂死簇,0.04499123618006706,cosine,1477.6925048828125,141.1990966796875,1.4179201126098633,1166.8935546875,12,0.009266410664463175,0.7453493398617145,0,-1,2.3146952358847096e-14,3.7061909097246826e-11
597,2,4855.028|4887.033,0.008289588|0.019509897,0.0005213552|0.0001168666,316199.6|179452.9,0.81082904|0.18917094,0.015992614|0.0037311662,Type V: 沟通天然断层/强微裂缝簇|Type II: 均衡/正常发育簇,0.04552270844578743,linear,1405.04150390625,198.81256103515625,1.2867894172668457,1297.0106201171875,6,0.009745378034525765,0.7343537076986086,1,0,1.3315760440894137e-13,6.707523425575346e-11
598,4,4836.413|4866.5977|4900.5767|4924.0127,0.011819409|0.0075535853|0.009119307|0.0098353615,0.00011529555|7.2031035e-05|7.67828e-05|0.00010227421,40628.168|52868.848|44949.734|43030.293,0.31467625|0.19661301|0.2095795|0.27913123,0.006257001|0.0039094393|0.0041672643|0.005550226,Type II: 均衡/正常发育簇|Type II: 均衡/正常发育簇|Type II: 均衡/正常发育簇|Type II: 均衡/正常发育簇,0.049280427396297455,cosine,1405.79833984375,134.97633361816406,1.2972376346588135,3159.01611328125,16,0.009705001615016058,0.6290794752323994,0,-1,1.6750555952601935e-14,2.269189280923456e-10
599,1,4765.89,0.012,0.0009978046,163540.95,1.0,0.022222603,Type V: 沟通天然断层/强微裂缝簇,0.031658731400966644,linear,1469.6241455078125,152.47360229492188,1.4498138427734375,824.1317749023438,6,0.011375274182178794,0.6422718702830141,1,0,5.19887714963644e-14,5.4569682106375694e-12
600,3,4758.6255|4774.0137|4798.9624,0.0009438339|0.023181139|0.0035002767,3.0024798e-06|0.00014922213|3.841316e-05,58975036.0|252357.4|953915.06,0.015782505|0.7823897|0.20182778,0.00028083054|0.013921675|0.0035912804,Type IV: 砂堵闭合/未起裂死簇|Type I: 优势发育主进液簇|Type II: 均衡/正常发育簇,0.08851143717765808,cosine,1487.740478515625,79.03871154785156,1.1608755588531494,8893.1826171875,4,0.00947414947872207,0.7387777836977223,0,-1,1.3102710648242588e-13,1.0604708222672343e-09
601,5,4652.6255|4691.0527|4739.929|4755.76|4775.6094,0.020435372|0.009022302|0.00021947642|0.010117835|0.002348066,0.0002549359|0.00010187113|7.974464e-06|0.0014375999|4.9649403e-05,76743.36|190123.06|68125480.0|166095.06|318270.75,0.15421389|0.06161984|0.004810071|0.74937254|0.029983625,0.0034338806|0.0013720889|0.00010710585|0.01668628|0.00066764536,Type II: 均衡/正常发育簇|Type III: 受抑/欠发育弱进液簇|Type IV: 砂堵闭合/未起裂死簇|Type V: 沟通天然断层/强微裂缝簇|Type IV: 砂堵闭合/未起裂死簇,0.013224766589701176,cosine,1408.4984130859375,154.185791015625,1.4527102708816528,429.4879150390625,6,0.0105572761335995,0.70642384367347,1,3,3.49016978241478e-14,1.5120349416974932e-11
602,1,4501.9053,0.010356956,0.00012436042,390931.4,1.0,0.01963883,Type I: 优势发育主进液簇,0.06697948276996613,linear,1480.529541015625,90.55026245117188,1.2812472581863403,25249.845703125,4,0.010697790460842752,0.7093928171852595,0,-1,1.8514240162671725e-13,7.275957614183426e-11
603,6,4775.3105|4794.774|4840.486|4868.604|4906.9136|4950.0,0.006747555|0.0073513924|0.019869234|0.012975359|0.007861742|0.0102507975,7.932883e-05|6.7961264e-05|0.00018203189|0.00011181624|6.347669e-05|9.3518225e-05,194067.52|196768.1|72658.06|142887.66|204899.0|162356.64,0.13269009|0.11368194|0.3042062|0.18691392|0.10615735|0.15635052,0.0017966477|0.001539274|0.004119007|0.0025308484|0.0014373896|0.0021170143,Type III: 受抑/欠发育弱进液簇|Type III: 受抑/欠发育弱进液簇|Type II: 均衡/正常发育簇|Type II: 均衡/正常发育簇|Type III: 受抑/欠发育弱进液簇|Type II: 均衡/正常发育簇,0.032761286944150925,linear,1448.1700439453125,137.96095275878906,0.883368194103241,687.3491821289062,6,0.011194344050494978,0.6916819775562439,0,-1,7.212971403968912e-14,4.206412995699793e-12
604,4,4867.6787|4914.6455|4931.8174|4950.0,0.004402038|0.022573551|0.0056374073|0.017002106,3.567589e-05|0.00016255076|5.2812637e-05|0.00010986668,77259.94|29710.818|67337.83|31502.832,0.09888078|0.45033184|0.14635475|0.30443263,0.0013164429|0.005995464|0.0019484846|0.004053044,Type III: 受抑/欠发育弱进液簇|Type I: 优势发育主进液簇|Type III: 受抑/欠发育弱进液簇|Type II: 均衡/正常发育簇,0.07115811109542847,cosine,1468.0843505859375,89.58155059814453,0.8685752153396606,1486.6580810546875,16,0.009336693808554042,0.6749889456251792,0,-1,6.12403939950594e-14,4.865796654485166e-11
605,1,4822.448,0.007967963,0.00014415981,73179.26,1.0,0.017046485,Type I: 优势发育主进液簇,0.08136077970266342,linear,1492.234375,92.57931518554688,1.112121343612671,14153.1201171875,12,0.009842283699536053,0.6411907738660949,0,-1,4.1723358980023245e-14,2.964952727779746e-10
606,5,4791.5454|4812.042|4855.7847|4881.3394|4896.5034,0.007842322|0.003617456|0.006640019|0.008209561|0.01945837,0.00011752974|4.450729e-05|7.998266e-05|0.0001540114|0.00020732709,386181.16|493341.4|389428.12|325743.62|141612.11,0.19485804|0.07394392|0.1327589|0.25495237|0.34348676,0.0035070805|0.0013308522|0.0023894117|0.004588666|0.0061821193,Type II: 均衡/正常发育簇|Type III: 受抑/欠发育弱进液簇|Type III: 受抑/欠发育弱进液簇|Type II: 均衡/正常发育簇|Type II: 均衡/正常发育簇,0.010979033075273037,cosine,1458.705078125,156.93698120117188,1.1742069721221924,1115.0203857421875,6,0.009457074514771468,0.6706791620841457,0,-1,1.5132216497643763e-13,6.207301339600235e-11
607,2,4776.215|4813.0093,0.0029351488|0.022791319,3.9902767e-05|0.00017045936,546876.75|191440.33,0.1900492|0.8099508,0.0026350068|0.01122986,Type II: 均衡/正常发育簇|Type I: 优势发育主进液簇,0.04435969889163971,cosine,1492.7225341796875,128.5592803955078,0.9045508503913879,4530.603515625,8,0.008438885159277775,0.628874190351816,0,-1,3.2154939382791556e-14,0.0
608,2,4867.335|4878.7026,0.015375257|0.008527936,0.00011669565|8.4308165e-05,80447.29|115792.98,0.58053166|0.41946837,0.008477593|0.006125561,Type I: 优势发育主进液簇|Type I: 优势发育主进液簇,0.07710195332765579,linear,1462.5755615234375,108.7349853515625,0.952717125415802,5434.45947265625,12,0.009395048543854246,0.611483620861864,0,-1,3.124203776542697e-14,1.1823431123048067e-10
609,3,4868.1216|4893.547|4931.708,0.016484693|0.011775735|0.004180511,0.00012027582|7.6933735e-05|4.4793167e-05,89550.62|129190.19|185356.56,0.49691972|0.31793362|0.18514666,0.00866696|0.0055451966|0.0032292109,Type I: 优势发育主进液簇|Type II: 均衡/正常发育簇|Type II: 均衡/正常发育簇,0.06450659036636353,cosine,1414.263671875,125.99187469482422,1.1378835439682007,5385.3076171875,12,0.008417782321610216,0.664616714903056,0,-1,1.1855666730460623e-13,7.757989806123078e-10
610,4,4674.3403|4699.8843|4718.048|4763.6934,0.00069723645|0.015092927|0.009919467|0.028560765,1.8658185e-06|9.038237e-05|0.0008405947|0.00017207778,99482470.0|72130.37|97003.414|29826.586,0.00173305|0.083890095|0.7547421|0.15963477,3.255116e-05|0.0015756729|0.014176007|0.0029983534,Type IV: 砂堵闭合/未起裂死簇|Type III: 受抑/欠发育弱进液簇|Type V: 沟通天然断层/强微裂缝簇|Type II: 均衡/正常发育簇,0.0875653326511383,cosine,1433.030517578125,59.88364028930664,1.225385308265686,431.1178894042969,8,0.011634638797425333,0.7023210224914702,1,2,2.0318776687084294e-15,2.142996891052462e-11
611,1,4893.4424,0.009317936,0.0006002453,143733.34,1.0,0.022754924,Type V: 沟通天然断层/强微裂缝簇,0.033053722232580185,cosine,1477.3519287109375,149.19619750976562,1.484542727470398,1762.813720703125,6,0.011630877903178342,0.6563336840558166,1,0,7.486285219125352e-14,5.0249582272954285e-11
612,5,4599.9116|4632.5615|4658.6113|4690.675|4712.855,0.017449597|0.0003165871|0.023782691|0.0125308875|0.0007783144,0.00010579805|5.972721e-06|0.00010824679|7.671639e-05|9.943347e-06,124799.625|62159944.0|85092.51|191787.39|71897670.0,0.34499136|0.019467631|0.35303015|0.2501809|0.032329977,0.007715302|0.00043536932|0.007895079|0.005594984|0.00072301965,Type II: 均衡/正常发育簇|Type IV: 砂堵闭合/未起裂死簇|Type I: 优势发育主进液簇|Type II: 均衡/正常发育簇|Type IV: 砂堵闭合/未起裂死簇,0.03536400943994522,linear,1439.712158203125,93.02301788330078,1.4590226411819458,5511.19140625,6,0.0109448304174126,0.648975175661336,0,-1,2.5287340242054722e-14,1.7280399333685637e-11
613,3,4620.1157|4641.386|4676.392,0.014804699|0.010454497|0.0041200556,0.00013343498|9.498321e-05|5.1706167e-05,291106.12|389686.47|630857.6,0.47605732|0.3391506|0.18479207,0.008320568|0.0059277015|0.0032298106,Type I: 优势发育主进液簇|Type II: 均衡/正常发育簇|Type II: 均衡/正常发育簇,0.033186934888362885,linear,1485.9534912109375,118.68191528320312,1.140278697013855,4084.447265625,4,0.010663513238850503,0.6949976266070996,0,-1,4.764065999877422e-14,9.913492249324918e-11
614,2,4858.645|4870.0493,0.0088082645|0.014648861,8.0010715e-05|0.00017314104,108082.484|67368.08,0.3162032|0.68379676,0.004446127|0.009614852,Type II: 均衡/正常发育簇|Type I: 优势发育主进液簇,0.07670292258262634,linear,1493.7591552734375,79.56194305419922,0.917345404624939,3208.875244140625,16,0.008368740390963792,0.6156376759499297,0,-1,8.574315980532446e-14,1.3869794202037156e-10
615,1,4716.644,0.009912633,0.00012640662,110925.0,1.0,0.019008098,Type I: 优势发育主进液簇,0.0038436995819211006,linear,1437.1514892578125,109.36758422851562,1.2400978803634644,22830.34765625,8,0.011036480894175757,0.6197288426800632,0,-1,7.885065620187245e-14,6.475602276623249e-10
616,5,4524.9136|4561.0737|4603.0376|4626.846|4657.4287,0.0079901675|0.013178812|0.0237132|0.0003986529|0.011968848,7.971431e-05|0.000111939946|0.00020967078|7.6372235e-06|0.0010408798,308797.2|215096.86|117700.19|88836300.0|240806.64,0.059811227|0.08386162|0.15670729|0.0057055512|0.6939143,0.0008080775|0.0011330094|0.0021171884|7.708465e-05|0.009375106,Type III: 受抑/欠发育弱进液簇|Type III: 受抑/欠发育弱进液簇|Type II: 均衡/正常发育簇|Type IV: 砂堵闭合/未起裂死簇|Type V: 沟通天然断层/强微裂缝簇,0.09220298379659653,linear,1402.28466796875,60.8553466796875,0.8814295530319214,197.61622619628906,8,0.008765480848901101,0.6694818656156191,1,4,1.669180473094084e-13,2.7284841053187847e-11
617,2,4593.8545|4636.447,0.01098601|0.005152928,0.00012235457|7.735524e-05,114786.57|176326.78,0.6125845|0.38741553,0.010413417|0.0065857354,Type I: 优势发育主进液簇|Type I: 优势发育主进液簇,0.09934346377849579,linear,1414.0015869140625,189.1107177734375,1.109033226966858,7498.92138671875,8,0.01024724855709865,0.6373712485991861,0,-1,5.857535051619067e-14,6.939444574527442e-10
618,6,4790.0107|4809.395|4857.7524|4886.2876|4933.44|4950.0,0.006261695|0.0004999269|0.007231568|0.006182265|0.00020015825|0.047914166,5.3476568e-05|5.501375e-06|5.526237e-05|5.2223568e-05|5.8027563e-06|0.00027450145,1242598.6|93531790.0|1291523.2|1264941.4|62973780.0|176448.05,0.12008778|0.012357686|0.124047674|0.117247984|0.013035517|0.6132234,0.0017089483|0.00017586007|0.0017653009|0.0016685356|0.00018550617|0.008726675,Type III: 受抑/欠发育弱进液簇|Type IV: 砂堵闭合/未起裂死簇|Type III: 受抑/欠发育弱进液簇|Type III: 受抑/欠发育弱进液簇|Type IV: 砂堵闭合/未起裂死簇|Type I: 优势发育主进液簇,0.08033907413482666,linear,1459.1258544921875,193.96583557128906,0.9284262657165527,1258.461181640625,4,0.008724867646740308,0.7203516608796967,0,-1,1.2604357119659626e-13,8.981260180007666e-11
619,6,4743.905|4789.583|4821.0415|4867.1914|4906.2607|4930.3057,0.00073414034|0.0254826|0.010206098|0.0036636302|0.0035497318|0.007916375,6.8953173e-06|0.00027726672|9.504278e-05|3.0593175e-05|5.6644185e-05|8.424227e-05,60707356.0|24809.8|91816.21|154842.72|154661.14|108221.04,0.012515353|0.5033631|0.17262983|0.05558493|0.102897346|0.15300944,0.0002197449|0.008838063|0.0030310394|0.0009759618|0.0018066744|0.002686544,Type IV: 砂堵闭合/未起裂死簇|Type I: 优势发育主进液簇|Type II: 均衡/正常发育簇|Type III: 受抑/欠发育弱进液簇|Type III: 受抑/欠发育弱进液簇|Type II: 均衡/正常发育簇,0.009590448811650276,linear,1454.6285400390625,141.89585876464844,1.1454945802688599,1219.7650146484375,12,0.00941105326398561,0.6034711990319274,0,-1,1.2705609405295332e-13,3.8198777474462986e-11
620,2,4794.3364|4812.6064,0.008708484|0.0099330805,9.709757e-05|0.00011422286,306762.4|235842.34,0.4595045|0.5404955,0.00617885|0.0072679175,Type I: 优势发育主进液簇|Type I: 优势发育主进液簇,0.054708849638700485,cosine,1483.168212890625,152.0944366455078,0.8772738575935364,4248.75634765625,6,0.00963102521298307,0.7036146513066647,0,-1,1.0152829640376615e-13,4.5929482439532876e-10
621,4,4549.9873|4590.449|4600.969|4627.234,0.008935572|0.00047112475|0.012|0.0056402227,8.529227e-05|2.785376e-06|0.0015|7.487101e-05,34636.55|75528936.0|9517.286|40500.96,0.051901195|0.001691293|0.90096325|0.04544428,0.00077416404|2.5227515e-05|0.013438868|0.00067785196,Type III: 受抑/欠发育弱进液簇|Type IV: 砂堵闭合/未起裂死簇|Type V: 沟通天然断层/强微裂缝簇|Type III: 受抑/欠发育弱进液簇,0.022222960367798805,linear,1423.9588623046875,195.8626708984375,0.9731346368789673,319.54656982421875,16,0.010463716798112905,0.6983524437655636,1,2,1.560727729780359e-13,1.1198153515579179e-11
622,3,4866.614|4901.525|4947.2417,0.00920794|0.0066926084|0.009603976,0.00012219248|8.234877e-05|0.000110641246,493960.44|583174.56|578620.44,0.38750377|0.26158676|0.35090944,0.007329078|0.0049475385|0.006636949,Type I: 优势发育主进液簇|Type II: 均衡/正常发育簇|Type I: 优势发育主进液簇,0.047647625207901,cosine,1443.1839599609375,95.85338592529297,1.2339304685592651,3790.4345703125,6,0.008472343981178196,0.6304634003936624,0,-1,5.2646407876612636e-14,2.4874680093489587e-10
623,4,4822.4414|4868.5986|4917.2866|4950.0,0.00852974|0.0025092827|0.009628621|0.0136092445,0.000106991494|3.5400022e-05|0.00013653674|0.00017432656,35303.344|60373.613|33833.68|23447.85,0.23610812|0.078124516|0.3012117|0.38455564,0.004839133|0.001601194|0.006173458|0.0078816265,Type II: 均衡/正常发育簇|Type III: 受抑/欠发育弱进液簇|Type II: 均衡/正常发育簇|Type I: 优势发育主进液簇,0.08073132485151291,cosine,1406.7144775390625,73.99897003173828,1.3371309041976929,2202.3212890625,16,0.010011241414473807,0.6673620904613449,0,-1,1.674171326744578e-13,2.573870006017387e-10
624,4,4865.3184|4883.549|4931.287|4948.2817,0.00045766938|0.020714713|0.0018574654|0.00912588,3.992014e-06|0.00020372885|3.48944e-05|0.00015069236,88018380.0|135890.8|576020.56|276153.5,0.010170847|0.51793617|0.08892697|0.382966,0.00015937403|0.0081159|0.0013934581|0.006000959,Type IV: 砂堵闭合/未起裂死簇|Type I: 优势发育主进液簇|Type III: 受抑/欠发育弱进液簇|Type I: 优势发育主进液簇,0.0969710424542427,cosine,1409.238525390625,161.54702758789062,1.0222985744476318,1806.2705078125,4,0.011123105823596643,0.7217747415527032,0,-1,1.4745993868244683e-13,1.4779288903810084e-11
625,5,4837.2153|4870.821|4917.1436|4937.3413|4950.0,0.006634033|0.016935337|0.018065441|0.0033556381|0.01712849,6.217626e-05|0.000121157194|0.00018990686|4.261081e-05|0.00013788645,144751.25|91471.914|65041.465|180839.22|88731.36,0.11237063|0.21884395|0.34280887|0.07699496|0.24898158,0.001691823|0.0032948577|0.0051612416|0.0011592162|0.003748602,Type III: 受抑/欠发育弱进液簇|Type II: 均衡/正常发育簇|Type II: 均衡/正常发育簇|Type III: 受抑/欠发育弱进液簇|Type II: 均衡/正常发育簇,0.08190608024597168,cosine,1480.1348876953125,58.13389587402344,0.982244074344635,843.6334228515625,8,0.010675333455427887,0.6842934212574873,0,-1,3.0302878126697505e-14,1.2391865311656147e-11
626,3,4625.3193|4659.9077|4698.847,0.024286589|0.007916468|0.0067586303,0.00021896223|6.3376145e-05|6.42835e-05,28211.057|78858.625|81570.195,0.6315873|0.18289834|0.18551433,0.013771276|0.0039879577|0.004044997,Type I: 优势发育主进液簇|Type II: 均衡/正常发育簇|Type II: 均衡/正常发育簇,0.06354474276304245,linear,1468.2708740234375,130.5204620361328,1.4225189685821533,4180.12841796875,12,0.010741872884626861,0.6169193451459376,0,-1,4.884924387736633e-14,2.2646418074145913e-10
627,5,4709.3975|4735.535|4757.589|4794.544|4829.923,0.015899627|0.008268621|0.009976463|0.009518416|0.022077175,0.00015273121|8.229918e-05|8.881632e-05|0.0011017701|0.00017871395,876640.4|1488453.6|1361889.4|1266887.1|762399.2,0.12725633|0.0688835|0.07428164|0.5811941|0.1483844,0.002258619|0.0012225842|0.0013183935|0.01031537|0.0026336124,Type III: 受抑/欠发育弱进液簇|Type III: 受抑/欠发育弱进液簇|Type III: 受抑/欠发育弱进液簇|Type V: 沟通天然断层/强微裂缝簇|Type III: 受抑/欠发育弱进液簇,0.0453915148973465,cosine,1456.43701171875,117.81813049316406,1.1579262018203735,401.12841796875,4,0.008366250221598,0.6877620790037234,1,3,2.3848249899394505e-14,1.7053025658242404e-13
628,3,4700.146|4734.5425|4753.0186,0.017011272|0.0037303085|0.020866534,0.00017388533|4.7936595e-05|0.00023761955,716694.75|1471931.2|565689.94,0.37910813|0.10545436|0.5154375,0.005565127|0.0015480198|0.007566377,Type I: 优势发育主进液簇|Type III: 受抑/欠发育弱进液簇|Type I: 优势发育主进液簇,0.06154494732618332,linear,1444.71484375,123.64888000488281,0.9576995372772217,1211.45458984375,4,0.009066711575995732,0.6756611995668826,0,-1,1.2278174896067362e-13,1.8417267710901797e-11
629,1,4533.5815,0.008727471,0.00012285511,151277.92,1.0,0.015192156,Type I: 优势发育主进液簇,0.09489011764526367,cosine,1478.523681640625,151.41732788085938,0.9911438822746277,15520.5576171875,12,0.008067207315081511,0.6655656403742602,0,-1,6.931058510331947e-14,0.0
630,4,4682.7036|4724.3115|4773.929|4804.992,0.016536213|0.00074434996|0.01387418|0.013765845,0.00017968674|8.460317e-06|0.00016114996|8.5902226e-05,402850.0|74926610.0|399685.6|470434.94,0.41229802|0.019485094|0.3702012|0.19801567,0.0070541613|0.00033337777|0.006333911|0.0033879245,Type I: 优势发育主进液簇|Type IV: 砂堵闭合/未起裂死簇|Type I: 优势发育主进液簇|Type II: 均衡/正常发育簇,0.012155693024396896,linear,1477.0169677734375,159.0155487060547,1.1162241697311401,1775.903076171875,4,0.00987440819773492,0.7333131322985251,0,-1,4.9275653815541304e-14,0.0
631,1,4511.9365,0.010195129,9.3224095e-05,299233.1,1.0,0.013388491,Type I: 优势发育主进液簇,0.02325267344713211,cosine,1435.7725830078125,163.42747497558594,0.8734719157218933,20875.787109375,6,0.010050313245780866,0.6056162153899848,0,-1,5.675089575791353e-14,6.83940015733242e-10
632,6,4576.58|4621.9746|4634.4575|4660.9985|4696.2676|4721.069,0.00031777777|0.019913996|0.00030127153|0.01770547|0.023902806|0.00047990456,3.2099395e-06|0.00013157894|5.015062e-06|0.0001289519|0.00023290829|2.467943e-06,82542770.0|197133.11|79639740.0|214092.95|122205.74|63204200.0,0.0063821743|0.26121736|0.009962846|0.25595617|0.46157527|0.0049061845,0.00011486891|0.004701494|0.00017931526|0.004606801|0.008307614|8.830345e-05,Type IV: 砂堵闭合/未起裂死簇|Type II: 均衡/正常发育簇|Type IV: 砂堵闭合/未起裂死簇|Type II: 均衡/正常发育簇|Type I: 优势发育主进液簇|Type IV: 砂堵闭合/未起裂死簇,0.04202533885836601,linear,1435.885498046875,153.75469970703125,1.1742244958877563,1495.52734375,6,0.009943778056053903,0.6134747071857253,0,-1,9.002089302939317e-14,2.0691004465334117e-11
633,6,4782.431|4808.201|4853.1035|4876.9863|4892.939|4923.844,0.025943404|0.011772747|0.00041740364|0.0004950741|0.02491032|0.008202636,0.00017953997|0.000110930756|8.366621e-06|7.755155e-06|0.00016528089|7.692205e-05,30464.55|70040.88|68425230.0|75513290.0|29212.54|78366.54,0.32717845|0.20214833|0.015215662|0.014104962|0.30116633|0.14018625,0.0074941576|0.004630291|0.00034852105|0.00032308|0.0068983394|0.003211024,Type II: 均衡/正常发育簇|Type II: 均衡/正常发育簇|Type IV: 砂堵闭合/未起裂死簇|Type IV: 砂堵闭合/未起裂死簇|Type II: 均衡/正常发育簇|Type III: 受抑/欠发育弱进液簇,0.06677326560020447,linear,1448.8656005859375,154.50584411621094,1.4943606853485107,1999.586181640625,16,0.009094570047298408,0.6073085630788448,0,-1,8.239882978407567e-14,8.640199666842818e-12
634,1,4507.419,0.011811737,0.00013030716,83339.91,1.0,0.01842066,Type I: 优势发育主进液簇,0.04169055446982384,linear,1408.6282958984375,84.59750366210938,1.2017732858657837,20158.427734375,8,0.010903106709647352,0.7416768035752677,0,-1,3.4843899683958957e-14,5.020410753786564e-10
635,6,4707.93|4747.367|4761.605|4795.8374|4829.7153|4871.1353,0.046032555|0.006790881|0.0009418524|0.0009942811|0.00021796876|0.008980541,0.00037115155|7.4961936e-05|2.0659518e-06|8.673574e-06|1.615397e-06|8.55808e-05,73643.96|571073.2|76476190.0|85756690.0|89700856.0|485061.4,0.6814924|0.13811328|0.0038118712|0.015954653|0.0029806534|0.15764719,0.008902377|0.0018041823|4.979471e-05|0.00020841663|3.893646e-05|0.0020593551,Type I: 优势发育主进液簇|Type III: 受抑/欠发育弱进液簇|Type IV: 砂堵闭合/未起裂死簇|Type IV: 砂堵闭合/未起裂死簇|Type IV: 砂堵闭合/未起裂死簇|Type II: 均衡/正常发育簇,0.01570974662899971,linear,1452.8583984375,107.48241424560547,0.852240800857544,721.5564575195312,6,0.008711793681822382,0.7117600387137782,0,-1,6.799159217411865e-14,5.491074261954054e-11
636,6,4813.824|4840.7114|4856.447|4881.9146|4926.7563|4950.0,0.0098886|0.014697674|0.019592563|0.0038384625|0.006943227|0.007522179,0.00015480981|0.00017480148|0.0001989377|8.404324e-05|8.258426e-05|6.8978894e-05,283075.5|227599.72|159314.86|490940.62|414911.0|365356.84,0.20249857|0.22858237|0.26021153|0.110080875|0.108201705|0.09042495,0.0026192218|0.0029566032|0.0033657113|0.0014238433|0.0013995371|0.0011696033,Type II: 均衡/正常发育簇|Type II: 均衡/正常发育簇|Type II: 均衡/正常发育簇|Type III: 受抑/欠发育弱进液簇|Type III: 受抑/欠发育弱进液簇|Type III: 受抑/欠发育弱进液簇,0.018680188804864883,cosine,1491.9444580078125,121.55077362060547,0.8438546061515808,442.7534484863281,6,0.010084964543038963,0.6018984499027078,0,-1,1.4363801760421818e-13,2.6943780540023e-11
637,6,4657.724|4669.8364|4696.75|4715.661|4733.644|4769.8423,0.016764551|0.019201653|0.0006916244|0.008852802|0.023368886|0.0060983063,0.00015547566|0.00014221984|7.450999e-06|0.000118022326|0.00027531295|8.0607395e-05,101321.49|108679.51|65296964.0|155475.61|58853.78|187244.61,0.1996577|0.18264042|0.009560621|0.15153481|0.3530671|0.10353934,0.0024727096|0.002261955|0.00011840586|0.00187672|0.004372646|0.0012823084,Type II: 均衡/正常发育簇|Type II: 均衡/正常发育簇|Type IV: 砂堵闭合/未起裂死簇|Type II: 均衡/正常发育簇|Type I: 优势发育主进液簇|Type III: 受抑/欠发育弱进液簇,0.059625037014484406,cosine,1479.4385986328125,151.99658203125,0.8079869747161865,434.89605712890625,12,0.008504552699602232,0.6608155115801294,0,-1,1.421704144384875e-13,1.1652900866465643e-11
638,3,4603.67|4622.2705|4632.539,0.011826981|0.0005664834|0.012,0.000103787184|8.173956e-06|0.0013470326,264124.06|63289636.0|204997.92,0.08219451|0.006465853|0.91133964,0.0012377329|9.7366596e-05|0.013723485,Type III: 受抑/欠发育弱进液簇|Type IV: 砂堵闭合/未起裂死簇|Type V: 沟通天然断层/强微裂缝簇,0.08651969581842422,cosine,1444.1387939453125,116.12423706054688,0.9824296832084656,301.3095703125,6,0.009826847671708258,0.6153735016605733,1,2,2.602329701555106e-13,4.445155354915187e-11
639,1,4537.299,0.009463725,0.00051440275,251381.62,1.0,0.022497702,Type V: 沟通天然断层/强微裂缝簇,0.019699446856975555,cosine,1427.849365234375,145.6919403076172,1.4677613973617554,2278.27001953125,4,0.011800294433463341,0.7283097798697238,1,0,1.289223990150884e-13,1.1732481652870774e-10
640,5,4692.951|4718.672|4741.293|4751.452|4788.9854,0.005085036|0.00032717525|0.0033573734|0.0095441|0.021920247,6.652077e-05|2.8123181e-06|5.013682e-05|0.00010277742|0.00023219484,269738.25|80023250.0|290080.66|182153.12|67401.34,0.14650223|0.006194951|0.11042832|0.22623092|0.5106436,0.0019704518|8.332195e-05|0.0014852585|0.0030428008|0.006868145,Type III: 受抑/欠发育弱进液簇|Type IV: 砂堵闭合/未起裂死簇|Type III: 受抑/欠发育弱进液簇|Type II: 均衡/正常发育簇|Type I: 优势发育主进液簇,0.02956826612353325,linear,1455.6785888671875,72.43407440185547,0.8774833083152771,985.6666259765625,8,0.008865782807458882,0.7455671178090341,0,-1,4.5399529404951955e-14,2.4101609596982598e-11
641,2,4725.2334|4738.78,0.005150431|0.011915061,8.841238e-05|0.00017945711,358288.78|205380.2,0.3304796|0.66952044,0.0059139295|0.011981063,Type II: 均衡/正常发育簇|Type I: 优势发育主进液簇,0.042352333664894104,cosine,1456.3499755859375,123.8188247680664,1.167478322982788,4671.99755859375,4,0.011543299258410996,0.7357170743773578,0,-1,1.2679626500231717e-13,3.2741809263825417e-10
642,1,4850.378,0.0078462325,0.00010381334,192684.95,1.0,0.017740656,Type I: 优势发育主进液簇,0.08364249020814896,cosine,1413.007080078125,157.05215454101562,1.1574093103408813,29482.96484375,6,0.011224628914889562,0.6050067779163697,0,-1,1.3865541744276233e-13,7.639755494892597e-11
643,4,4513.4673|4551.99|4584.1177|4629.132,0.011858847|0.0032285752|0.007486014|0.032158848,0.000108385895|4.9956154e-05|9.3258765e-05|0.00019218706,158453.05|218133.08|177541.03|48707.617,0.24422769|0.11263128|0.21014524|0.43299577,0.0052476353|0.0024200692|0.0045153177|0.009303629,Type II: 均衡/正常发育簇|Type III: 受抑/欠发育弱进液簇|Type II: 均衡/正常发育簇|Type I: 优势发育主进液簇,0.09981230646371841,cosine,1464.3912353515625,151.30123901367188,1.4017999172210693,2583.859375,12,0.008646066659947136,0.6286658566095779,0,-1,1.0027279706429151e-13,7.275957614183426e-11
644,2,4598.2104|4619.1846,0.0162229|0.009206725,0.00010836743|7.858628e-05,394917.1|599068.5,0.5795353|0.4204647,0.009050409|0.0065662568,Type I: 优势发育主进液簇|Type I: 优势发育主进液簇,0.05435478687286377,cosine,1442.869873046875,118.7817153930664,1.0188392400741577,7171.70654296875,6,0.00831598509796769,0.7025512871825339,0,-1,1.9772515398521102e-14,3.2378011383116245e-10
645,4,4516.4033|4555.259|4565.681|4609.2603,0.008314998|0.018538812|0.006959153|0.0030477075,6.662479e-05|0.00014907563|7.1078204e-05|4.080054e-05,75397.48|29886.713|73985.04|103831.055,0.20340848|0.4550347|0.21698822|0.12456858,0.0037185447|0.008318567|0.003966798|0.0022772592,Type II: 均衡/正常发育簇|Type I: 优势发育主进液簇|Type II: 均衡/正常发育簇|Type III: 受抑/欠发育弱进液簇,0.03761756047606468,cosine,1463.025390625,101.09504699707031,1.192672610282898,3278.398681640625,12,0.009714339570293325,0.715402672959901,0,-1,7.097867757953347e-14,4.547473508864641e-13
646,1,4825.95,0.013225895,0.00011924833,452318.5,1.0,0.018797414,Type I: 优势发育主进液簇,0.06557607650756836,linear,1417.295166015625,189.02383422851562,1.2263528108596802,25265.884765625,6,0.008625497268838959,0.6739744184677707,0,-1,7.0136763252379424e-15,1.6370904631912708e-10
647,4,4837.9233|4870.727|4917.2485|4939.9126,0.013827534|0.004303632|0.012531933|0.008699603,0.00014372153|5.896699e-05|0.00012681143|9.439474e-05,86372.14|166486.28|85665.305|118063.05,0.33899403|0.13916098|0.29913923|0.22270577,0.0060048024|0.0024650411|0.005298831|0.0039449194,Type II: 均衡/正常发育簇|Type III: 受抑/欠发育弱进液簇|Type II: 均衡/正常发育簇|Type II: 均衡/正常发育簇,0.09262408316135406,linear,1432.4326171875,55.699520111083984,1.1556438207626343,1866.011474609375,6,0.011985886742417727,0.7134513162327891,0,-1,4.3677565633292587e-14,2.9103830456733704e-11
648,1,4743.178,0.011029489,0.00012322926,27352.77,1.0,0.01971464,Type I: 优势发育主进液簇,0.0408947579562664,linear,1409.5318603515625,111.25873565673828,1.2861930131912231,25791.12890625,16,0.010381878099506973,0.7120657623176422,0,-1,2.9389207403416814e-14,1.8553691916167736e-09
649,5,4718.751|4764.219|4793.38|4810.208|4850.3843,0.0118561955|0.019377893|0.02176368|0.011413151|0.00028195122,6.734486e-05|0.00013372874|9.419592e-05|5.388411e-05|9.997423e-06,335086.66|186225.5|213210.84|341294.16|81404130.0,0.1876063|0.3721705|0.26233363|0.15013339|0.027756201,0.0029940796|0.0059396094|0.004186681|0.0023960352|0.00044297168,Type II: 均衡/正常发育簇|Type I: 优势发育主进液簇|Type II: 均衡/正常发育簇|Type II: 均衡/正常发育簇|Type IV: 砂堵闭合/未起裂死簇,0.07209384441375732,linear,1431.845703125,111.98700714111328,1.0411977767944336,2140.489013671875,6,0.010080103116668659,0.6002335422000962,0,-1,8.260910740729745e-15,6.957634468562901e-11
650,4,4865.097|4877.747|4910.2446|4933.4966,0.021823807|0.01529497|0.0005818852|0.019504383,0.00012441346|0.00011839306|7.8635885e-06|0.0001557994,16567.047|21954.555|70749610.0|17282.078,0.30611533|0.29128855|0.019307626|0.3832885,0.006235009|0.0059330147|0.00039326103|0.0078068855,Type II: 均衡/正常发育簇|Type II: 均衡/正常发育簇|Type IV: 砂堵闭合/未起裂死簇|Type I: 优势发育主进液簇,0.012665146961808205,linear,1484.20703125,181.9921875,1.3288296461105347,2775.701171875,16,0.011078163291853575,0.6857744813391576,0,-1,1.1003750807671991e-13,5.184119800105691e-11
651,3,4592.3706|4630.0757|4675.7944,0.00021834475|0.01551837|0.009108622,9.530155e-06|0.00023711436|0.00015311476,72294990.0|24302.865|43238.25,0.023780795|0.5931431|0.3830761,0.00037902652|0.0094537195|0.0061055995,Type IV: 砂堵闭合/未起裂死簇|Type I: 优势发育主进液簇|Type I: 优势发育主进液簇,0.025309331715106964,cosine,1413.3551025390625,147.58929443359375,1.039825677871704,1787.2003173828125,12,0.01059501959887066,0.7396555959221741,0,-1,4.1794414879902514e-14,1.1391421139705926e-10
652,2,4767.85|4816.8096,0.0077523226|0.014537074,8.678127e-05|0.00016079606,78175.38|43159.3,0.35058784|0.64941216,0.0051538874|0.0095468145,Type I: 优势发育主进液簇|Type I: 优势发育主进液簇,0.01186100859194994,linear,1450.0897216796875,163.6851806640625,0.9590811729431152,3734.899658203125,12,0.009915509306121553,0.7174346444504978,0,-1,9.098013412523615e-14,3.0968294595368207e-10
653,5,4797.4077|4845.7397|4872.6255|4910.4897|4929.5586,0.0007612763|0.010591844|0.025221355|0.01935122|0.0004902706,9.794515e-06|6.994442e-05|0.00014548728|0.00016519307|4.4319972e-06,68862600.0|25771.293|12432.508|16663.352|62225990.0,0.024734901|0.17718181|0.3685004|0.41836286|0.011220036,0.00052091054|0.0037314026|0.007760522|0.008810612|0.00023629103,Type IV: 砂堵闭合/未起裂死簇|Type II: 均衡/正常发育簇|Type I: 优势发育主进液簇|Type I: 优势发育主进液簇|Type IV: 砂堵闭合/未起裂死簇,0.08216637372970581,linear,1483.408447265625,123.97996520996094,1.3739479780197144,3057.0576171875,16,0.010479982203900765,0.7459210538337349,0,-1,1.828648587805584e-14,9.549694368615746e-11
654,1,4721.4375,0.010923804,0.00010539852,588154.7,1.0,0.017140703,Type I: 优势发育主进液簇,0.05211246386170387,cosine,1426.9434814453125,157.78436279296875,1.1182680130004883,26834.615234375,6,0.008025492311937181,0.683372378971996,0,-1,1.965399549922267e-13,1.6625563148409128e-09
655,4,4674.7446|4723.133|4758.4854|4804.2563,0.014941177|0.010566653|0.021219455|0.0052508623,0.00012241684|7.739548e-05|0.00022682203|6.1914085e-05,80577.234|97785.055|52962.22|128742.01,0.25067133|0.15850954|0.4640185|0.12680064,0.0042787697|0.0027056374|0.007920443|0.0021643906,Type II: 均衡/正常发育簇|Type II: 均衡/正常发育簇|Type I: 优势发育主进液簇|Type III: 受抑/欠发育弱进液簇,0.0034447116777300835,cosine,1447.7799072265625,90.42359161376953,1.1136058568954468,1368.8626708984375,8,0.011934954807195903,0.6048808858100562,0,-1,1.8313478446392584e-13,3.0468072509393096e-11
656,1,4847.959,0.01117876,0.00012333467,297297.12,1.0,0.019671014,Type I: 优势发育主进液簇,0.06401555240154266,linear,1424.21240234375,97.88723754882812,1.2833467721939087,25726.775390625,6,0.009939751443263464,0.6224612817750526,0,-1,1.6579116484077665e-14,2.0736479200422764e-09
657,2,4529.7593|4552.204,0.005227203|0.020863641,4.9919985e-05|0.00016733863,125110.984|54017.676,0.22988078|0.77011925,0.0041801636|0.014003887,Type II: 均衡/正常发育簇|Type I: 优势发育主进液簇,0.02550976350903511,cosine,1490.511474609375,82.67677307128906,1.186336636543274,7157.4775390625,8,0.01162322399982203,0.6569023801557723,0,-1,6.735104553061422e-14,5.011315806768835e-10
658,3,4858.698|4906.733|4950.0,0.019731777|0.0018259314|0.007066838,0.00011387015|2.9134382e-05|6.3183856e-05,148763.58|546959.1|389487.4,0.5521767|0.14138001|0.30644327,0.009121512|0.0023354834|0.0050621945,Type I: 优势发育主进液簇|Type III: 受抑/欠发育弱进液簇|Type II: 均衡/正常发育簇,0.056209538131952286,cosine,1465.012451171875,142.40655517578125,1.077720284461975,6625.404296875,4,0.011624520573141154,0.6747124565121208,0,-1,8.947075529454687e-14,1.1004885891452432e-10
659,4,4669.67|4708.4414|4746.052|4775.9077,0.016483678|0.0043463935|0.010022004|0.020195255,0.00010944939|3.523898e-05|9.3175644e-05|0.00014461298,36916.375|78611.34|53370.297|32549.426,0.2861899|0.092153795|0.24360934|0.37804696,0.0052499603|0.0016904991|0.0044688485|0.006935016,Type II: 均衡/正常发育簇|Type III: 受抑/欠发育弱进液簇|Type II: 均衡/正常发育簇|Type I: 优势发育主进液簇,0.09233919531106949,cosine,1445.326904296875,120.32333374023438,1.1967929601669312,2485.824951171875,12,0.010816974124236978,0.6648633991495385,0,-1,4.8417070727018244e-14,2.7284841053187847e-10
660,2,4568.017|4600.9854,0.017715866|0.008177908,0.00012738712|0.0005,35401.746|66093.0,0.20435353|0.7956465,0.004552521|0.017725151,Type II: 均衡/正常发育簇|Type V: 沟通天然断层/强微裂缝簇,0.07604336738586426,linear,1457.0445556640625,177.08226013183594,1.453406572341919,1546.357421875,16,0.00963448649594078,0.6182700414754468,1,1,1.6445776218707714e-13,8.640199666842818e-11
661,3,4817.877|4867.5356|4912.056,0.01497271|0.0066180876|0.0019424078,0.0002416889|7.638219e-05|2.939864e-05,150170.53|366411.28|540695.75,0.69482255|0.2203114|0.08486605,0.014251775|0.004518893|0.0017407204,Type I: 优势发育主进液簇|Type II: 均衡/正常发育簇|Type III: 受抑/欠发育弱进液簇,0.039181120693683624,linear,1409.941650390625,191.93563842773438,1.338173270225525,3781.4638671875,6,0.010066206568970686,0.600470600381137,0,-1,4.11028057022058e-14,1.2823875294998288e-10
662,3,4778.803|4800.066|4826.069,0.0029235608|0.02083277|0.012402157,4.977721e-05|0.00010839879|0.00014224951,155262.38|67620.5|66837.56,0.16574368|0.3608532|0.47340313,0.0031721361|0.0069063|0.009060371,Type II: 均衡/正常发育簇|Type I: 优势发育主进液簇|Type I: 优势发育主进液簇,0.04453403502702713,linear,1462.06640625,193.29110717773438,1.24862539768219,4326.77734375,8,0.011315629764245046,0.6666668970746894,0,-1,1.3305814241214298e-13,2.3101165425032377e-10
663,2,4563.1953|4604.897,0.012169996|0.0057115215,0.00015689268|9.066033e-05,94665.11|165516.67,0.6336634|0.36633655,0.0089727305|0.005187358,Type I: 优势发育主进液簇|Type I: 优势发育主进液簇,0.040699128061532974,linear,1481.27490234375,140.68618774414062,0.9238112568855286,3456.406005859375,8,0.01036682180258484,0.6670224098321296,0,-1,1.0437678011395585e-13,1.9554136088117957e-11
664,5,4539.8613|4586.246|4598.2817|4624.441|4665.654,0.021878125|0.029352002|0.004877068|0.0037345854|0.0050993795,0.00014467172|0.0001727265|3.4418066e-05|3.7662274e-05|4.6672165e-05,29505.1|20170.244|76764.77|78509.9|75936.484,0.33169645|0.39599046|0.078926265|0.08636454|0.10702228,0.007098249|0.00847413|0.001689009|0.0018481868|0.002290259,Type II: 均衡/正常发育簇|Type I: 优势发育主进液簇|Type III: 受抑/欠发育弱进液簇|Type III: 受抑/欠发育弱进液簇|Type III: 受抑/欠发育弱进液簇,0.09877784550189972,cosine,1446.8671875,155.2389678955078,1.396135926246643,2647.931640625,12,0.011214415764220866,0.6127439953105801,0,-1,1.0262508887397964e-13,1.0459189070388675e-11
665,6,4755.5654|4785.057|4828.575|4861.4253|4884.18|4931.019,0.0074235043|0.01828244|0.009296849|0.01141496|0.004123486|0.02330712,5.2653857e-05|0.000110870315|8.41518e-05|9.568637e-05|3.344714e-05|0.0001279179,1057838.1|583356.75|860229.25|714774.7|1235907.9|398314.9,0.104496405|0.21954244|0.16670711|0.18950611|0.066411495|0.25333643,0.0016478627|0.0034620888|0.0026288987|0.0029884288|0.0010472804|0.003995005,Type III: 受抑/欠发育弱进液簇|Type II: 均衡/正常发育簇|Type II: 均衡/正常发育簇|Type II: 均衡/正常发育簇|Type III: 受抑/欠发育弱进液簇|Type II: 均衡/正常发育簇,0.02586248144507408,cosine,1451.307861328125,166.90965270996094,1.0288143157958984,1197.3685302734375,4,0.009575835387199791,0.6358282091298951,0,-1,1.7468718257942356e-13,1.0686562745831907e-10
666,5,4806.1724|4829.015|4874.122|4910.6035|4950.0,0.034848455|0.000668364|0.0024770377|0.00085571373|0.0006879622,0.00029738125|6.715296e-06|2.9489842e-05|3.131669e-06|6.2555887e-06,71070.08|50486630.0|877930.0|66441908.0|70526470.0,0.86677843|0.01961218|0.08619072|0.009153521|0.01826516,0.014604631|0.000330452|0.0014522554|0.00015423064|0.00030775557,Type I: 优势发育主进液簇|Type IV: 砂堵闭合/未起裂死簇|Type III: 受抑/欠发育弱进液簇|Type IV: 砂堵闭合/未起裂死簇|Type IV: 砂堵闭合/未起裂死簇,0.07448118180036545,cosine,1422.5224609375,139.04632568359375,1.0992584228515625,2621.495849609375,4,0.010833029723752979,0.6052129865791084,0,-1,7.639266823289415e-14,2.874003257602453e-10
667,6,4814.545|4824.717|4852.7007|4892.2563|4911.6655|4950.0,0.018684793|0.002927062|0.0101377675|0.0035268834|0.011207273|0.01239702,0.000228017|5.0891857e-05|0.00016314162|6.275754e-05|0.00013857953|0.00016315379,433136.2|1389721.1|723447.0|1374364.8|779994.25|771800.06,0.28209224|0.0635474|0.20210882|0.07827241|0.17201646|0.20196268,0.0062073884|0.0013983491|0.004447368|0.0017223703|0.0037851909|0.004444152,Type II: 均衡/正常发育簇|Type III: 受抑/欠发育弱进液簇|Type II: 均衡/正常发育簇|Type III: 受抑/欠发育弱进液簇|Type II: 均衡/正常发育簇|Type II: 均衡/正常发育簇,0.002105886582285166,cosine,1472.24169921875,75.06968688964844,1.4356054067611694,926.8572998046875,4,0.009274891478750635,0.6426990474411796,0,-1,5.076896612528706e-14,1.2391865311656147e-11
668,1,4547.481,0.01188143,0.00014737675,1002706.6,1.0,0.020253025,Type I: 优势发育主进液簇,0.07913838326931,linear,1464.2247314453125,130.86302185058594,1.3213175535202026,19502.732421875,4,0.008689005049921804,0.6687500732021827,0,-1,1.2128403207960214e-13,2.546585164964199e-10
669,3,4785.337|4799.126|4831.563,0.01658625|0.022639193|0.004842415,0.00011936689|0.00014529758|3.952741e-05,68261.29|55434.965|125100.336,0.39240754|0.47760066|0.1299918,0.0075778235|0.009222997|0.0025102852,Type I: 优势发育主进液簇|Type I: 优势发育主进液簇|Type III: 受抑/欠发育弱进液簇,0.053776469081640244,linear,1480.7181396484375,120.5954360961914,1.2598662376403809,4226.8544921875,16,0.008056286771467611,0.7037106543872984,0,-1,1.3133197058080165e-13,4.019966581836343e-10
670,2,4667.742|4697.05,0.0086126495|0.014921524,6.029037e-05|0.00010607699,37503.426|22307.672,0.36240786|0.63759214,0.0047701485|0.008392228,Type I: 优势发育主进液簇|Type I: 优势发育主进液簇,0.09206592291593552,cosine,1468.921630859375,143.23582458496094,0.858720064163208,6437.12451171875,16,0.010504399256419581,0.6760673252777843,0,-1,1.7265026824105252e-14,2.1373125491663814e-10
671,5,4647.2686|4675.655|4711.0913|4733.6597|4750.811,0.0005460303|0.00051071454|0.014735458|0.009161222|0.02482098,4.4768053e-06|1.1000594e-06|0.00020288018|0.00010556204|0.00021618624,67094176.0|94313030.0|45310.293|62393.957|20009.809,0.008446384|0.0020764293|0.38253868|0.19914807|0.40779042,0.00012121972|2.9800229e-05|0.0054900693|0.0028581077|0.005852474,Type IV: 砂堵闭合/未起裂死簇|Type IV: 砂堵闭合/未起裂死簇|Type I: 优势发育主进液簇|Type II: 均衡/正常发育簇|Type I: 优势发育主进液簇,0.09355061501264572,cosine,1402.4317626953125,113.95246887207031,0.9363102316856384,887.2068481445312,16,0.008872011894553444,0.6755954671194373,0,-1,2.562498790362102e-14,5.5933924159035087e-11
672,4,4753.898|4801.212|4842.2607|4858.0728,0.004822153|0.010885329|0.01872253|0.025728537,5.757263e-05|0.00010380157|0.00014037131|0.00020025257,54713.227|39596.41|27485.84|23266.729,0.114740975|0.20680845|0.2796243|0.39882627,0.001562356|0.0028159814|0.0038074693|0.0054305675,Type III: 受抑/欠发育弱进液簇|Type II: 均衡/正常发育簇|Type II: 均衡/正常发育簇|Type I: 优势发育主进液簇,0.042261578142642975,cosine,1459.7811279296875,168.08248901367188,0.888339102268219,940.6928100585938,16,0.009640683846976993,0.7444171324988873,0,-1,8.535787331673868e-15,5.707079253625125e-11
673,1,4584.7046,0.010182624,9.068193e-05,65328.195,1.0,0.015305913,Type I: 优势发育主进液簇,0.011386485770344734,cosine,1466.961181640625,55.46571731567383,0.9985654354095459,28603.509765625,8,0.011607236956190134,0.7389816703640715,0,-1,4.4881379022325765e-14,3.41970007866621e-10
674,6,4665.609|4679.636|4691.5796|4727.2334|4758.6284|4784.923,0.01681872|0.008126052|0.01594232|0.007987474|0.014306295|0.012935824,0.00013339729|7.480725e-05|0.00016635528|8.407454e-05|0.000119413904|9.236638e-05,142894.5|238438.9|141118.83|221550.45|172651.23|164926.08,0.19899638|0.11165262|0.24796017|0.12545475|0.17810245|0.13783364,0.0025507736|0.0014311846|0.0031784007|0.001608103|0.002282951|0.0017667778,Type II: 均衡/正常发育簇|Type III: 受抑/欠发育弱进液簇|Type II: 均衡/正常发育簇|Type III: 受抑/欠发育弱进液簇|Type II: 均衡/正常发育簇|Type III: 受抑/欠发育弱进液簇,0.07936505973339081,cosine,1497.1959228515625,98.6468276977539,0.8362652063369751,496.6504211425781,6,0.011258353422732448,0.631303172989109,0,-1,2.00292764958223e-14,6.775735528208315e-11
675,3,4657.327|4701.638|4741.282,0.020527363|0.007534138|0.0075014867,0.00018085811|7.8188416e-05|6.142043e-05,72553.9|161142.8|176455.22,0.5641753|0.24406835|0.19175634,0.00818085|0.0035391243|0.0027805716,Type I: 优势发育主进液簇|Type II: 均衡/正常发育簇|Type II: 均衡/正常发育簇,0.065311960875988,cosine,1471.983642578125,176.5467987060547,0.9460229277610779,2267.4423828125,8,0.010211413844109759,0.6855670873433891,0,-1,1.4056712337087024e-13,2.887645678129047e-10
676,4,4605.5093|4617.2983|4658.2476|4674.1333,0.016445728|0.0009291386|0.0047755176|0.022106819,0.00015955589|1.7246425e-06|7.094363e-05|0.00016136953,64119.113|78577450.0|139806.34|53689.113,0.4053434|0.0043843705|0.18030141|0.4099708,0.006586865|7.1246395e-05|0.002929913|0.0066620605,Type I: 优势发育主进液簇|Type IV: 砂堵闭合/未起裂死簇|Type II: 均衡/正常发育簇|Type I: 优势发育主进液簇,0.01414050254970789,cosine,1403.8531494140625,194.04090881347656,1.0601637363433838,1950.5164794921875,12,0.008740901189627955,0.725650320088979,0,-1,4.440869059204461e-14,1.3278622645884752e-10
677,2,4726.3877|4759.281,0.010429635|0.0063414886,0.00014124786|0.0001022555,180951.66|251541.94,0.5799481|0.4200519,0.011256332|0.008152873,Type I: 优势发育主进液簇|Type I: 优势发育主进液簇,0.08929337561130524,linear,1491.099365234375,173.33218383789062,1.2662663459777832,6619.10986328125,6,0.010938586372094187,0.6062422808047506,0,-1,8.347748897295434e-14,7.266862667165697e-10
678,4,4802.027|4812.8223|4828.4873|4839.774,0.00088226044|0.00979959|0.02452022|0.016833242,3.4645125e-06|9.488151e-05|0.00015960934|0.00012211716,75042536.0|142808.27|61056.832|109349.01,0.009118626|0.24967287|0.4199318|0.32127672,0.00018980786|0.005197041|0.008741049|0.0066875042,Type IV: 砂堵闭合/未起裂死簇|Type II: 均衡/正常发育簇|Type I: 优势发育主进液簇|Type II: 均衡/正常发育簇,0.08614488691091537,linear,1406.355712890625,116.69640350341797,1.3580074310302734,3204.933837890625,8,0.010428730441850335,0.6726108242672875,0,-1,7.950488412154094e-14,0.0
679,6,4745.337|4783.5376|4828.885|4874.568|4895.7085|4931.3633,0.0007166663|0.00434129|0.0070809545|0.012806727|0.0058121183|0.031473137,6.6995817e-06|4.142576e-05|5.4289783e-05|0.00010923779|6.984627e-05|0.0002546408,77623256.0|137931.97|118612.27|84986.62|117480.43|19144.375,0.012487932|0.077325284|0.10130887|0.20374332|0.13029513|0.47483945,0.00018579858|0.001150465|0.0015072988|0.0030313444|0.0019385637|0.0070647807,Type IV: 砂堵闭合/未起裂死簇|Type III: 受抑/欠发育弱进液簇|Type III: 受抑/欠发育弱进液簇|Type II: 均衡/正常发育簇|Type III: 受抑/欠发育弱进液簇|Type I: 优势发育主进液簇,0.07131656259298325,linear,1483.9844970703125,190.10841369628906,0.9706645607948303,1004.73046875,16,0.00811963260793568,0.6577755020026522,0,-1,1.0691723521067883e-13,3.751665644813329e-12
680,6,4803.5063|4851.323|4896.678|4915.3955|4931.5366|4950.0,0.023739144|0.0063512884|0.0075895246|0.01807967|0.010378201|0.013551758,0.00015240423|4.1587176e-05|5.7052406e-05|9.785807e-05|7.263572e-05|9.78123e-05,311902.2|784385.06|703154.9|376882.9|645730.25|468811.56,0.29309973|0.08020382|0.10996759|0.18849055|0.13992083|0.18831748,0.0054271347|0.0014850812|0.0020361973|0.0034901553|0.0025908218|0.0034869506,Type II: 均衡/正常发育簇|Type III: 受抑/欠发育弱进液簇|Type III: 受抑/欠发育弱进液簇|Type II: 均衡/正常发育簇|Type III: 受抑/欠发育弱进液簇|Type II: 均衡/正常发育簇,0.06368494778871536,linear,1418.96484375,73.57600402832031,1.2080154418945312,1417.553466796875,4,0.010005044962320474,0.7071059204304143,0,-1,3.185326902214341e-15,4.3655745685100555e-11
681,6,4758.79|4780.896|4811.568|4858.7676|4908.6934|4950.0,0.00078477553|0.0005607041|0.0008192985|0.02591924|0.008515677|0.02171625,3.5746066e-06|9.33965e-06|9.239179e-06|0.00015123577|7.354404e-05|0.00024034656,82223310.0|99104670.0|56825212.0|24619.504|67004.43|23180.352,0.007340072|0.019103684|0.018931206|0.31048265|0.15098348|0.4931589,0.00013156423|0.00034241643|0.00033932494|0.0055651236|0.002706244|0.008839432,Type IV: 砂堵闭合/未起裂死簇|Type IV: 砂堵闭合/未起裂死簇|Type IV: 砂堵闭合/未起裂死簇|Type II: 均衡/正常发育簇|Type II: 均衡/正常发育簇|Type I: 优势发育主进液簇,0.007929421029984951,linear,1442.2469482421875,51.510250091552734,1.1693776845932007,1469.5408935546875,12,0.010033702151225843,0.7306878741168354,0,-1,6.406941627625298e-14,7.253220246639103e-11
682,1,4731.129,0.007693161,0.00012727788,21561.084,1.0,0.018263077,Type I: 优势发育主进液簇,0.08839800208806992,cosine,1485.5260009765625,138.63406372070312,1.1914924383163452,20799.0859375,16,0.011063745866606819,0.7057972027136371,0,-1,1.164519462847416e-13,3.154127625748515e-09
683,6,4711.978|4761.022|4771.488|4794.5723|4818.2666|4839.808,0.0048576966|0.0006413106|0.010565463|0.0060882694|0.028432922|0.018758997,4.139219e-05|7.4125855e-06|7.678849e-05|4.5185756e-05|0.00018059993|0.00010581073,78905.555|73377576.0|60626.734|70049.87|16659.764|40112.023,0.09057431|0.01618594|0.16797507|0.09884916|0.39498827|0.23142724,0.0011544526|0.00020630463|0.0021409963|0.0012599232|0.0050344877|0.0029497524,Type III: 受抑/欠发育弱进液簇|Type IV: 砂堵闭合/未起裂死簇|Type II: 均衡/正常发育簇|Type III: 受抑/欠发育弱进液簇|Type I: 优势发育主进液簇|Type II: 均衡/正常发育簇,0.04992618039250374,linear,1497.6937255859375,187.45510864257812,0.8315500020980835,996.8438110351562,16,0.00903543442628769,0.6957722429029084,0,-1,9.82644412887701e-14,1.716671249596402e-11
684,5,4807.567|4830.256|4875.4937|4911.1914|4950.0,0.008277089|0.011059256|0.004638254|0.01620889|0.0025406743,0.00011554381|0.0007750057|8.3413215e-05|0.00019636798|3.7364673e-05,43598.848|34959.426|51648.703|17789.902|67862.97,0.09634444|0.63938123|0.069515556|0.1636168|0.031141968,0.0019270247|0.012788526|0.0013904091|0.003272567|0.0006228833,Type III: 受抑/欠发育弱进液簇|Type V: 沟通天然断层/强微裂缝簇|Type III: 受抑/欠发育弱进液簇|Type II: 均衡/正常发育簇|Type IV: 砂堵闭合/未起裂死簇,0.05191739276051521,linear,1444.900146484375,102.8640365600586,1.3049020767211914,458.90985107421875,12,0.011775486834302492,0.6140685605327509,1,1,1.3998231827155871e-13,6.207301339600235e-11
685,6,4579.59|4594.1357|4612.814|4641.213|4659.02|4690.589,0.007859686|0.0125313075|0.0067328806|0.018645288|0.019756341|0.007768171,6.5268585e-05|0.00010299315|6.231323e-05|0.00012785185|0.00011072546|0.00063010614,141968.4|110134.19|141599.42|68113.5|72640.95|137406.77,0.060343955|0.09516669|0.057577558|0.118051894|0.102230646|0.5666293,0.0010382418|0.0016373808|0.0009906448|0.0020311298|0.0017589191|0.009749083,Type III: 受抑/欠发育弱进液簇|Type III: 受抑/欠发育弱进液簇|Type III: 受抑/欠发育弱进液簇|Type III: 受抑/欠发育弱进液簇|Type III: 受抑/欠发育弱进液簇|Type V: 沟通天然断层/强微裂缝簇,0.07432431727647781,cosine,1433.28564453125,140.46792602539062,1.1224888563156128,448.68902587890625,8,0.010562535374528791,0.6975174244145852,1,5,1.6333547741328308e-13,3.97335497837048e-11
686,4,4757.035|4790.5776|4801.248|4819.217,0.015568032|0.0049198973|0.0068281195|0.02409503,0.0001791605|5.957607e-05|8.586617e-05|0.00021337038,626935.44|1188671.5|1031394.5|455660.06,0.33247498|0.111420035|0.1603148|0.3957902,0.0052659404|0.0017647381|0.0025391632|0.0062687653,Type II: 均衡/正常发育簇|Type III: 受抑/欠发育弱进液簇|Type II: 均衡/正常发育簇|Type I: 优势发育主进液簇,0.02076905220746994,cosine,1429.1749267578125,144.67092895507812,1.0333186388015747,1074.5260009765625,4,0.008913347047885958,0.7378144285705213,0,-1,5.322915299179644e-14,2.1827872842550278e-11
687,4,4738.414|4757.4336|4796.3486|4830.838,0.006098208|0.012221934|0.010037487|0.009225807,8.1701706e-05|0.00010555254|0.00015000376|0.000101756814,1055122.0|705824.25|812231.75|818167.25,0.18651658|0.24085619|0.3405159|0.2321113,0.0037714578|0.0048702313|0.0068854005|0.0046934052,Type II: 均衡/正常发育簇|Type II: 均衡/正常发育簇|Type II: 均衡/正常发育簇|Type II: 均衡/正常发育簇,0.06673367321491241,linear,1404.9373779296875,109.98309326171875,1.31919527053833,2334.137451171875,4,0.00914298039638479,0.6604243192586635,0,-1,7.703974041822423e-14,6.639311322942376e-11
688,1,4582.85,0.013278963,0.00013271534,102098.62,1.0,0.020557398,Type I: 优势发育主进液簇,0.08899431675672531,linear,1401.646240234375,157.38482666015625,1.3411749601364136,24272.26171875,8,0.010458399900016863,0.7273821049767824,0,-1,1.7889491700073118e-14,2.837623469531536e-10
689,4,4654.213|4701.3096|4743.403|4764.4316,0.011688737|0.01953205|0.0033436005|0.00026863613,0.00012629278|0.0002092832|6.1390725e-05|7.897246e-06,178712.98|86347.39|304103.62|62415636.0,0.3119927|0.51673335|0.15177628|0.019497631,0.006795236|0.01125451|0.003305704|0.00042466057,Type II: 均衡/正常发育簇|Type I: 优势发育主进液簇|Type II: 均衡/正常发育簇|Type IV: 砂堵闭合/未起裂死簇,0.001979093998670578,cosine,1423.4429931640625,89.87816619873047,1.420945405960083,3082.18603515625,8,0.00887607555225752,0.734673593502016,0,-1,5.734593894445852e-15,2.1600499167107046e-10
690,2,4524.6226|4534.8447,0.019039227|0.005588416,0.00019401612|8.003586e-05,45954.35|101252.92,0.70784235|0.29215765,0.012907546|0.0053275116,Type I: 优势发育主进液簇|Type II: 均衡/正常发育簇,0.05798148736357689,cosine,1470.68017578125,82.95404815673828,1.189664363861084,4577.57861328125,16,0.008349305912595754,0.7013577449202753,0,-1,1.2595374504660584e-13,3.0831870390102267e-10
691,3,4868.2593|4908.8154|4950.0,0.02086957|0.008536658|0.0029616721,0.0001175109|9.336828e-05|2.3991175e-05,8174.008|16327.457|25336.49,0.50032574|0.39752334|0.10215092,0.010902607|0.008662438|0.0022259722,Type I: 优势发育主进液簇|Type I: 优势发育主进液簇|Type III: 受抑/欠发育弱进液簇,0.007500029169023037,cosine,1455.2247314453125,70.27405548095703,1.4216569662094116,8772.49609375,16,0.011972634272595425,0.7373221778626269,0,-1,1.6048826764064605e-13,9.258656064048409e-10
692,2,4888.6807|4921.7563,0.015035623|0.0025595203,0.00018705292|3.7887352e-05,15937.733|43311.754,0.83153254|0.16846748,0.010255485|0.0020777485,Type I: 优势发育主进液簇|Type II: 均衡/正常发育簇,0.06917443126440048,linear,1457.3399658203125,126.71023559570312,0.8046263456344604,3164.889404296875,16,0.010395995792109758,0.7378557276387899,0,-1,7.637533455066153e-14,6.139089236967266e-11
693,5,4806.98|4840.328|4865.53|4911.895|4941.0977,0.0068197227|0.0093321595|0.0058154454|0.01677445|0.008074484,9.317726e-05|0.000101683494|8.948138e-05|0.00021415502|0.0006782253,79178.24|58813.613|77503.33|30042.059|70203.15,0.08004436|0.08728801|0.07677487|0.18354142|0.57235134,0.0016389249|0.00178724|0.0015719815|0.0037580486|0.011719013,Type III: 受抑/欠发育弱进液簇|Type III: 受抑/欠发育弱进液簇|Type III: 受抑/欠发育弱进液簇|Type II: 均衡/正常发育簇|Type V: 沟通天然断层/强微裂缝簇,0.09525081515312195,linear,1440.193603515625,94.65682220458984,1.3358129262924194,485.6495056152344,16,0.00881751332634994,0.6690493617959169,1,4,1.2657633459162848e-13,2.921751729445532e-11
694,3,4648.6597|4676.28|4696.153,0.015498152|0.0049039647|0.010640012,0.00014567678|9.2907176e-05|0.00012687787,531493.0|1087518.6|768540.75,0.39859742|0.25444156|0.34696102,0.0074434103|0.0047514434|0.0064791525,Type I: 优势发育主进液簇|Type II: 均衡/正常发育簇|Type II: 均衡/正常发育簇,0.029743453487753868,linear,1476.18505859375,128.0494384765625,1.21830153465271,2833.8720703125,4,0.00916048398446079,0.6941545867712632,0,-1,5.1463878731478063e-14,2.764863893389702e-10
695,5,4557.228|4572.3174|4599.907|4610.029|4641.7236,0.008619317|0.0065709804|0.015054657|0.026869837|0.01010542,9.13935e-05|6.719924e-05|0.00016817205|0.00023997146|0.00010683377,152153.6|179582.11|107214.945|61101.62|152366.39,0.13580121|0.09986341|0.24960227|0.3560725|0.15866062,0.0024702456|0.0018165313|0.004540305|0.0064770156|0.002886062,Type III: 受抑/欠发育弱进液簇|Type III: 受抑/欠发育弱进液簇|Type II: 均衡/正常发育簇|Type I: 优势发育主进液簇|Type II: 均衡/正常发育簇,0.0083159813657403,linear,1403.0843505859375,155.8006591796875,1.1867351531982422,948.37255859375,6,0.011995301263980317,0.6750100880885989,0,-1,1.1749096433168876e-13,1.2391865311656147e-11
696,6,4646.722|4690.7773|4719.0776|4768.9297|4793.233|4810.0933,0.00069095596|0.0003780928|0.00989753|0.027896725|0.014578193|0.006862259,4.6258365e-06|7.984729e-06|7.577982e-05|0.00022161701|0.00014196437|6.5886605e-05,51543050.0|62425204.0|58199.613|13561.964|44798.22|76073.305,0.008935619|0.015398227|0.14638245|0.42794317|0.27409503|0.1272455,0.00014941423|0.00025747676|0.0024476897|0.007155721|0.0045831967|0.002127697,Type IV: 砂堵闭合/未起裂死簇|Type IV: 砂堵闭合/未起裂死簇|Type III: 受抑/欠发育弱进液簇|Type I: 优势发育主进液簇|Type II: 均衡/正常发育簇|Type III: 受抑/欠发育弱进液簇,0.00910334475338459,linear,1445.9871826171875,149.85110473632812,1.0908992290496826,1247.071533203125,16,0.009447924997653056,0.6125248150215711,0,-1,3.485798075967411e-14,9.822542779147625e-11
697,1,4759.607,0.011074884,0.0001282603,151658.31,1.0,0.020946877,Type I: 优势发育主进液簇,0.07962077856063843,linear,1491.5283203125,182.10134887695312,1.3665847778320312,27004.8515625,8,0.009400991446910685,0.7393952636589016,0,-1,1.1776346499521584e-13,2.2118911147117615e-09
698,3,4646.913|4660.7217|4706.8066,0.013234094|0.020324182|0.005389761,0.00010490577|0.00016959663|0.0005,535168.06|443307.25|933270.4,0.14463307|0.23300226|0.62236464,0.002583992|0.004162782|0.0111190695,Type III: 受抑/欠发育弱进液簇|Type II: 均衡/正常发育簇|Type V: 沟通天然断层/强微裂缝簇,0.013714702799916267,cosine,1453.9208984375,87.88599395751953,1.1655765771865845,758.3033447265625,4,0.00952282151557685,0.7238265706801004,1,2,7.126934540571325e-14,1.0345502232667059e-11
699,1,4522.566,0.011910899,9.425435e-05,74198.78,1.0,0.015730992,Type I: 优势发育主进液簇,0.03747458755970001,linear,1496.75244140625,62.213829040527344,1.0262978076934814,27981.529296875,16,0.008609465584856233,0.6228127108122684,0,-1,7.256046756281762e-14,3.637978807091713e-12
700,2,4686.1875|4724.6567,0.0028299685|0.012,3.198381e-05|0.0011302384,84358.125|34350.33,0.02812581|0.9718742,0.0004753258|0.016424662,Type IV: 砂堵闭合/未起裂死簇|Type V: 沟通天然断层/强微裂缝簇,0.014771169051527977,cosine,1469.8402099609375,132.64137268066406,1.1025636196136475,407.867919921875,16,0.008664358350640673,0.7392677910585236,1,1,2.1966337508173318e-14,1.1368683772161603e-13
701,5,4595.828|4631.509|4675.966|4718.9775|4763.429,0.0057424298|0.00044299857|0.011527406|0.019249346|0.0238809,5.0578612e-05|8.713207e-06|9.9094235e-05|0.00024009279|0.0002272729,261154.81|67377750.0|205644.69|101096.164|76963.58,0.08102009|0.013923036|0.15854421|0.38333216|0.3631805,0.0014056882|0.00024156291|0.0027507218|0.0066507645|0.0063011358,Type III: 受抑/欠发育弱进液簇|Type IV: 砂堵闭合/未起裂死簇|Type II: 均衡/正常发育簇|Type I: 优势发育主进液簇|Type I: 优势发育主进液簇,0.08821433782577515,linear,1415.1773681640625,83.0559310913086,1.131914496421814,912.1039428710938,6,0.011649156449269083,0.6082069659264251,0,-1,2.7995741643427503e-14,4.0472514228895307e-11
702,6,4651.8237|4699.9673|4727.2456|4754.909|4771.032|4793.2144,0.012169845|0.010853388|0.025304427|0.013599322|0.0052740127|0.013378077,9.946346e-05|6.691695e-05|0.00014733568|8.155295e-05|5.209727e-05|8.518778e-05,19846.615|21075.31|8090.4727|19953.85|26752.053|18353.977,0.1868019|0.12566003|0.27664238|0.15312563|0.097821295|0.15994878,0.0038664006|0.0026008948|0.005725907|0.0031693738|0.0020246923|0.0033105984,Type II: 均衡/正常发育簇|Type III: 受抑/欠发育弱进液簇|Type II: 均衡/正常发育簇|Type II: 均衡/正常发育簇|Type III: 受抑/欠发育弱进液簇|Type II: 均衡/正常发育簇,0.09776204824447632,linear,1443.6385498046875,111.55375671386719,1.3503392934799194,1703.398681640625,16,0.011643725046792086,0.7032835636753019,0,-1,6.587599525121127e-14,1.3710632629226893e-10
703,6,4803.029|4829.3335|4872.2275|4886.2393|4916.701|4950.0,0.026840938|0.010985422|0.00071662734|0.011468945|0.008396999|0.00033912485,0.00030117328|0.00010989723|8.453998e-06|0.00010620221|0.00010089923|6.623872e-06,9147.224|33628.51|90608840.0|30797.814|36601.33|78530920.0,0.47559547|0.17356956|0.013311138|0.16772863|0.15935013|0.010445049,0.0063096466|0.0023027186|0.00017659667|0.0022252281|0.002114072|0.00013857274,Type I: 优势发育主进液簇|Type II: 均衡/正常发育簇|Type IV: 砂堵闭合/未起裂死簇|Type II: 均衡/正常发育簇|Type II: 均衡/正常发育簇|Type IV: 砂堵闭合/未起裂死簇,0.02607324905693531,linear,1446.6820068359375,187.33680725097656,0.8655349612236023,661.2320556640625,16,0.010236925079870394,0.6919411536344415,0,-1,2.2751613283243308e-14,2.034994395216927e-11
704,4,4714.232|4749.253|4781.7896|4820.413,0.0023430812|0.011356908|0.011816874|0.009299863,2.9709603e-05|0.00012684103|0.00010433964|9.140115e-05,182349.62|77188.06|89226.82|109891.586,0.08437436|0.36000362|0.29617167|0.25945035,0.001116374|0.00476328|0.003918707|0.0034328394,Type III: 受抑/欠发育弱进液簇|Type I: 优势发育主进液簇|Type II: 均衡/正常发育簇|Type II: 均衡/正常发育簇,0.05088479071855545,cosine,1436.34375,127.24278259277344,0.8632102012634277,1573.239501953125,12,0.008377325220948627,0.737660614130826,0,-1,4.300360523408486e-14,0.0
705,4,4531.8433|4564.7866|4613.0776|4651.5483,0.01132446|0.00049373775|0.021782348|0.0036905536,0.00010612725|9.913019e-06|0.00025198475|5.393839e-05,43550.133|95640856.0|15325.457|64300.19,0.25159487|0.023395233|0.5971398|0.12787014,0.005323447|0.0004950152|0.0126347635|0.0027055794,Type II: 均衡/正常发育簇|Type IV: 砂堵闭合/未起裂死簇|Type I: 优势发育主进液簇|Type III: 受抑/欠发育弱进液簇,0.039928387850522995,cosine,1414.19189453125,127.012939453125,1.3804110288619995,2726.24951171875,12,0.01087049776143017,0.7076065928978869,0,-1,9.493966078794394e-14,2.8330759960226715e-10
706,4,4632.626|4660.288|4687.0254|4707.9434,0.013253509|0.012415083|0.00861662|0.002951364,0.00014805031|0.00018818189|0.00011223949|4.4818444e-05,54679.215|48954.277|72592.82|111763.945,0.30015144|0.38138497|0.22756371|0.090899885,0.0041475194|0.0052700117|0.0031444957|0.0012560628,Type II: 均衡/正常发育簇|Type I: 优势发育主进液簇|Type II: 均衡/正常发育簇|Type III: 受抑/欠发育弱进液簇,0.025761544704437256,linear,1438.2796630859375,138.3066864013672,0.9014990925788879,960.217041015625,8,0.011942220396728133,0.6824113839377044,0,-1,3.4272430271369003e-14,4.7407411329913884e-11
707,3,4509.6353|4529.626|4569.838,0.0054881144|0.014259713|0.019547103,4.661307e-05|0.00012920343|0.00017489227,99418.234|58558.973|51050.09,0.13298026|0.36844435|0.49857536,0.002430401|0.0067338385|0.009112165,Type III: 受抑/欠发育弱进液簇|Type I: 优势发育主进液簇|Type I: 优势发育主进液簇,0.08483980596065521,linear,1428.18701171875,56.820743560791016,1.192361831665039,2837.014404296875,8,0.011545013100494833,0.7419872203834446,0,-1,6.055641150201976e-14,0.0
708,1,4869.516,0.009994756,0.00012253728,51899.914,1.0,0.014561984,Type I: 优势发育主进液簇,0.04740554466843605,linear,1436.4130859375,104.05772399902344,0.9500311613082886,14279.4736328125,16,0.008996432447192632,0.6867514245362364,0,-1,5.587049987693278e-14,1.4370016288012266e-10
709,5,4829.4556|4844.1836|4864.176|4903.826|4928.49,0.0006499235|0.02603935|0.023317141|0.00057100086|0.010798554,3.0191882e-06|0.00013501922|0.00016509306|1.3544956e-06|7.9781275e-05,72960160.0|116581.23|130523.47|90971256.0|236731.4,0.007865025|0.35145655|0.42942107|0.0035291042|0.20772824,0.000112937145|0.00504671|0.006166235|5.0675866e-05|0.0029828558,Type IV: 砂堵闭合/未起裂死簇|Type I: 优势发育主进液簇|Type I: 优势发育主进液簇|Type IV: 砂堵闭合/未起裂死簇|Type II: 均衡/正常发育簇,0.005304927006363869,linear,1490.262939453125,107.63683319091797,0.9368153810501099,1548.4749755859375,8,0.009068384837167688,0.6479752626887086,0,-1,9.869964681706936e-14,1.2846612662542611e-10
710,4,4832.853|4845.6533|4868.7695|4891.816,0.010750327|0.019224135|0.014348572|0.003338843,0.000106431486|0.00016582214|0.00013890304|6.707953e-05,150828.8|82830.82|124673.445|229947.36,0.22259228|0.3466916|0.2903862|0.14032993,0.004146227|0.0064578257|0.005409024|0.002613926,Type II: 均衡/正常发育簇|Type II: 均衡/正常发育簇|Type II: 均衡/正常发育簇|Type III: 受抑/欠发育弱进液簇,0.05355184152722359,cosine,1440.680419921875,89.1395263671875,1.2152351140975952,1677.263427734375,6,0.01187766380657838,0.6464369147984944,0,-1,4.4702159556180964e-15,6.320988177321851e-11
711,6,4683.2925|4720.299|4741.276|4769.3477|4796.779|4837.719,0.03052085|0.0062908586|0.015004612|0.0070962165|0.007584853|0.011279359,0.00025634075|7.173661e-05|0.00014530167|9.311873e-05|0.00010224195|0.0001348858,121090.66|476859.2|293419.8|449047.38|462169.6|348503.66,0.31875136|0.08942617|0.1807777|0.11597913|0.12727845|0.16778718,0.005622169|0.0015773078|0.0031885754|0.0020456517|0.0022449503|0.0029594474,Type II: 均衡/正常发育簇|Type III: 受抑/欠发育弱进液簇|Type II: 均衡/正常发育簇|Type III: 受抑/欠发育弱进液簇|Type III: 受抑/欠发育弱进液簇|Type II: 均衡/正常发育簇,0.03074498102068901,cosine,1438.6708984375,105.23757934570312,1.1507185697555542,649.1889038085938,4,0.011535577738149944,0.6714698371571637,0,-1,8.792571976490998e-14,3.61524143954739e-11
712,4,4825.1504|4859.3047|4901.342|4914.9536,0.016445385|0.0036579964|0.005123488|0.0111285,0.00015193335|5.2091957e-05|6.995552e-05|0.00022120366,13383.295|34885.027|30341.098|18544.264,0.3068886|0.10522236|0.14129172|0.4465973,0.006699946|0.0022971986|0.0030846593|0.009750044,Type II: 均衡/正常发育簇|Type III: 受抑/欠发育弱进液簇|Type III: 受抑/欠发育弱进液簇|Type I: 优势发育主进液簇,0.09090644866228104,linear,1415.22412109375,158.74050903320312,1.4243208169937134,2196.6943359375,16,0.01071178513853942,0.7482264488265263,0,-1,1.636842889690942e-14,1.0913936421275139e-10
713,5,4510.9854|4531.4204|4548.2363|4558.992|4583.592,0.0052214065|0.0033272407|0.009768234|0.005354868|0.012,5.713757e-05|5.0918163e-05|9.689401e-05|5.9974147e-05|0.0015,1254748.1|1374049.5|894493.4|1161919.0|338107.34,0.04096905|0.036493707|0.06923691|0.04293233|0.810368,0.00051424955|0.00045807438|0.0008690719|0.0005388929|0.010171859,Type III: 受抑/欠发育弱进液簇|Type IV: 砂堵闭合/未起裂死簇|Type III: 受抑/欠发育弱进液簇|Type III: 受抑/欠发育弱进液簇|Type V: 沟通天然断层/强微裂缝簇,0.0827835202217102,linear,1470.844970703125,107.0341567993164,0.8189083933830261,217.5411376953125,4,0.00877664278571173,0.704541356479268,1,4,5.182550081358345e-14,1.716671249596402e-11
714,4,4567.207|4597.683|4643.698|4661.2344,0.005|0.022173146|0.0016488766|0.0048959916,0.0005|0.0001728954|2.7378199e-05|7.445489e-05,49684.008|6694.1323|45584.312|34920.28,0.6440072|0.2240367|0.03547901|0.09647708,0.008652662|0.003010081|0.0004766839|0.0012962333,Type V: 沟通天然断层/强微裂缝簇|Type II: 均衡/正常发育簇|Type IV: 砂堵闭合/未起裂死簇|Type III: 受抑/欠发育弱进液簇,0.09840568900108337,cosine,1411.5899658203125,80.13524627685547,0.876549243927002,417.0700378417969,16,0.011151206807952,0.6358760631568201,1,0,3.8346672300189344e-14,3.694822225952521e-12
715,6,4638.8945|4667.093|4680.9014|4719.9014|4754.214|4777.291,0.0070338445|0.009838674|0.004606955|0.006641651|0.011870276|0.006042952,7.38304e-05|0.00010845007|5.8183155e-05|8.2038896e-05|9.933389e-05|7.831327e-05,396286.38|310064.06|532662.4|403293.7|291897.4|466329.62,0.14768343|0.21675068|0.116389595|0.16402745|0.19858582|0.15656301,0.003277944|0.0048109433|0.002583354|0.0036407118|0.0044077607|0.003475033,Type III: 受抑/欠发育弱进液簇|Type II: 均衡/正常发育簇|Type III: 受抑/欠发育弱进液簇|Type II: 均衡/正常发育簇|Type II: 均衡/正常发育簇|Type II: 均衡/正常发育簇,0.07761920988559723,linear,1454.2677001953125,81.70242309570312,1.4480617046356201,2149.2958984375,4,0.010540444734067962,0.7333799325281523,0,-1,5.0175941418255376e-14,1.000444171950221e-11
716,2,4546.4375|4579.5947,0.0007355013|0.012,3.6121085e-06|0.0015,92027910.0|22929.373,0.0024654756|0.9975345,4.9695005e-05|0.02010666,Type IV: 砂堵闭合/未起裂死簇|Type V: 沟通天然断层/强微裂缝簇,0.051264725625514984,cosine,1423.104736328125,54.776615142822266,1.3150107860565186,318.91070556640625,16,0.009352454398323228,0.704597876611126,1,1,1.0086624189966503e-13,2.3590018827235326e-11
717,1,4700.5547,0.012686862,0.00013567631,67703.47,1.0,0.02189021,Type I: 优势发育主进液簇,0.015264508314430714,cosine,1488.2103271484375,101.6318359375,1.4281283617019653,26255.95703125,12,0.009662476988101222,0.6955920637507956,0,-1,1.573836276146795e-13,2.8740032576024532e-09
718,2,4666.9277|4678.3867,0.018302184|0.0006923232,0.0002008438|2.1147955e-06,288292.1|73488950.0,0.9895221|0.010477912,0.021343766|0.00022600616,Type I: 优势发育主进液簇|Type IV: 砂堵闭合/未起裂死簇,0.03295886889100075,linear,1498.1617431640625,196.69447326660156,1.4072227478027344,11709.0302734375,6,0.008468184087270932,0.6391547024289934,0,-1,4.6806664582644056e-14,3.838067641481757e-10
719,2,4742.496|4762.729,0.013370337|0.00163649,0.00013631409|2.8845625e-05,53342.992|166630.77,0.82528573|0.17471428,0.015029925|0.0031818587,Type I: 优势发育主进液簇|Type II: 均衡/正常发育簇,0.07365749776363373,linear,1445.5947265625,67.51404571533203,1.1881459951400757,12300.462890625,16,0.008145562044451642,0.6263785695572188,0,-1,4.153022191552211e-14,2.6921043172478676e-10
720,6,4756.768|4776.403|4793.2124|4817.557|4833.4014|4881.2476,0.005534051|0.006251389|0.020099863|0.018100409|0.0008316179|0.021370603,5.9619255e-05|7.91809e-05|0.0002055218|0.00021095779|8.121047e-06|0.00021987282,166991.3|155866.66|63999.805|66674.65|83170480.0|68516.86,0.07622146|0.10119075|0.26238894|0.26926717|0.010352558|0.28057912,0.0015857939|0.0021052822|0.005459024|0.005602126|0.00021538584|0.0058374717,Type III: 受抑/欠发育弱进液簇|Type III: 受抑/欠发育弱进液簇|Type II: 均衡/正常发育簇|Type II: 均衡/正常发育簇|Type IV: 砂堵闭合/未起裂死簇|Type II: 均衡/正常发育簇,0.0824032798409462,cosine,1461.2384033203125,71.09623718261719,1.3573341369628906,862.1449584960938,12,0.009048272704072909,0.63172950151015,0,-1,1.2356883908031663e-13,7.958078640513122e-13
721,2,4576.2593|4595.015,0.0063842307|0.020234024,6.4836066e-05|0.00015102851,795268.4|340994.66,0.30082077|0.69917923,0.004818196|0.011198637,Type II: 均衡/正常发育簇|Type I: 优势发育主进液簇,0.078041672706604,linear,1465.9962158203125,64.21648406982422,1.044946312904358,5652.93505859375,6,0.008296496621626282,0.6851635798604632,0,-1,7.018246660911442e-14,3.019522409886122e-10
722,6,4727.317|4751.0854|4781.734|4810.903|4857.848|4878.4746,0.0009047791|0.010960265|0.0005214097|0.007672813|0.012047877|0.017213225,1.3892899e-06|0.0001417021|6.899338e-06|0.000113875714|0.00018358335|0.0002212657,56391620.0|185137.42|94630170.0|264585.9|186128.03|148859.6,0.0020843933|0.21217224|0.010324612|0.17047444|0.2743976|0.3305467,4.0323695e-05|0.0041045845|0.00019973509|0.0032979182|0.0053083673|0.0063946014,Type IV: 砂堵闭合/未起裂死簇|Type II: 均衡/正常发育簇|Type IV: 砂堵闭合/未起裂死簇|Type II: 均衡/正常发育簇|Type II: 均衡/正常发育簇|Type II: 均衡/正常发育簇,0.04102333262562752,linear,1486.013427734375,68.5302505493164,1.2621121406555176,982.6080932617188,6,0.009859649508354374,0.6943506710731407,0,-1,6.850826871941662e-14,4.774847184307873e-12
723,1,4895.9023,0.009614653,0.00011212682,884917.5,1.0,0.014560381,Type I: 优势发育主进液簇,0.09179496020078659,linear,1403.23095703125,190.8769989013672,0.9499265551567078,17283.51953125,4,0.008616741334935677,0.7279782338882639,0,-1,6.564613083811718e-14,5.675246939063072e-10
724,6,4781.947|4803.876|4840.7876|4879.5063|4901.636|4925.7026,0.0054420554|0.009367102|0.027689591|0.020154238|0.012684901|0.00027040983,3.8006216e-05|8.5558524e-05|0.00016149429|0.00013278119|0.00010837687|6.6073626e-06,60893.96|50520.492|19858.129|22359.559|35309.035|71284940.0,0.07135816|0.16060005|0.303076|0.249193|0.20338951|0.01238327,0.0009947094|0.0022387125|0.004224781|0.0034736693|0.0028351834|0.00017261875,Type III: 受抑/欠发育弱进液簇|Type II: 均衡/正常发育簇|Type II: 均衡/正常发育簇|Type II: 均衡/正常发育簇|Type II: 均衡/正常发育簇|Type IV: 砂堵闭合/未起裂死簇,0.0996265783905983,linear,1489.0604248046875,51.1010627746582,0.9094313383102417,774.1351318359375,16,0.010125498143644909,0.6320220935824212,0,-1,1.4933406006461918e-14,2.6716406864579767e-11
725,1,4590.2344,0.012566668,0.00014171332,33843.707,1.0,0.019068971,Type I: 优势发育主进液簇,0.03220873326063156,linear,1472.7169189453125,186.84420776367188,1.2440693378448486,18373.146484375,12,0.011441742586772205,0.702073685867667,0,-1,9.661120238231916e-14,2.0372681319713593e-10
726,1,4619.575,0.008952617,0.00016376706,35870.31,1.0,0.013288294,Type I: 优势发育主进液簇,0.0936131402850151,cosine,1431.0206298828125,155.6714630126953,0.8669349551200867,6779.3359375,16,0.010471701227519867,0.6040981484957746,0,-1,3.250576348888534e-14,5.502442945726216e-10
727,6,4802.0835|4826.8115|4857.1567|4876.2593|4907.897|4950.0,0.008046653|0.006219819|0.01775152|0.0058710226|0.01102795|0.006851951,0.00010734347|8.7765766e-05|0.00022461185|7.76975e-05|0.00015023396|0.00010607034,171721.34|180651.72|92879.65|224845.55|112042.05|209712.28,0.1425294|0.11654294|0.2977123|0.103150815|0.1993244|0.14074016,0.00207693|0.0016982569|0.004338246|0.0015031076|0.0029045434|0.0020508573,Type III: 受抑/欠发育弱进液簇|Type III: 受抑/欠发育弱进液簇|Type II: 均衡/正常发育簇|Type III: 受抑/欠发育弱进液簇|Type II: 均衡/正常发育簇|Type III: 受抑/欠发育弱进液簇,0.027398277074098587,cosine,1426.4825439453125,166.44186401367188,0.9506807923316956,583.154052734375,8,0.009954359797946816,0.6442956099596396,0,-1,2.37257614813316e-13,4.035882739117369e-11
728,4,4512.6533|4543.658|4568.191|4578.305,0.009667962|0.0098372605|0.004787323|0.018344045,6.208544e-05|0.000116535935|4.3539672e-05|0.00015639424,27602.51|23479.352|35161.855|14066.325,0.16403008|0.30783656|0.11502473|0.41310865,0.002452974|0.0046035163|0.0017201278|0.006177799,Type II: 均衡/正常发育簇|Type II: 均衡/正常发育簇|Type III: 受抑/欠发育弱进液簇|Type I: 优势发育主进液簇,0.04092801362276077,cosine,1454.3701171875,152.349365234375,0.9756336808204651,1754.67578125,16,0.010643007312487133,0.7328211919600722,0,-1,3.306021092736727e-14,1.211901690112427e-10
729,5,4847.54|4878.8584|4888.9717|4920.688|4950.0,0.0073644607|0.021179637|0.009627821|0.003985336|0.010859787,0.00061674335|0.00016611916|9.682846e-05|4.5812e-05|0.0001114714,132463.86|59284.188|98211.9|164729.23|101514.32,0.58899665|0.16244142|0.094717234|0.044825204|0.10901948,0.011286489|0.0031127397|0.0018149933|0.00085895084|0.0020890562,Type V: 沟通天然断层/强微裂缝簇|Type II: 均衡/正常发育簇|Type III: 受抑/欠发育弱进液簇|Type III: 受抑/欠发育弱进液簇|Type III: 受抑/欠发育弱进液簇,0.0960846021771431,cosine,1435.380126953125,169.77899169921875,1.2501535415649414,593.5721435546875,12,0.00892361442605012,0.654918901261609,1,0,6.717197598930108e-14,3.9676706364843994e-11
730,3,4606.6494|4641.078|4681.0903,0.011606231|0.01053561|0.016944768,0.000102333215|0.000120948906|0.00017739169,37689.06|37103.27|24631.834,0.25544482|0.30187234|0.44268283,0.0036890758|0.0043595713|0.0063931243,Type II: 均衡/正常发育簇|Type II: 均衡/正常发育簇|Type I: 优势发育主进液簇,0.07284719496965408,cosine,1470.778076171875,159.8087921142578,0.9421884417533875,1499.12548828125,16,0.010441730373701413,0.6419306586959579,0,-1,6.906811683997024e-14,1.596163201611489e-10
731,2,4595.16|4635.3438,0.01974673|0.0008277423,0.00015788242|6.4403325e-06,45767.652|58467560.0,0.9608309|0.03916906,0.01920886|0.0007830648,Type I: 优势发育主进液簇|Type IV: 砂堵闭合/未起裂死簇,0.06247950717806816,cosine,1475.91796875,57.19350051879883,1.3042832612991333,14950.833984375,16,0.008352545599720583,0.6122964453896822,0,-1,9.197748662150788e-15,7.239577826112509e-10
732,3,4532.9673|4567.696|4608.0,0.0075048027|0.010217563|0.0088056065,9.899585e-05|0.0013142587|0.000120350815,25750.959|19777.723|22625.303,0.06556557|0.85484225|0.079592206,0.0010281551|0.013405059|0.0012481114,Type III: 受抑/欠发育弱进液簇|Type V: 沟通天然断层/强微裂缝簇|Type III: 受抑/欠发育弱进液簇,0.0446041077375412,cosine,1449.7265625,134.65309143066406,1.0230575799942017,287.92333984375,16,0.011402990194965214,0.6455097542446292,1,1,9.602121344137043e-14,1.6996182239381596e-11
733,2,4673.3306|4722.448,0.0031099177|0.018597294,2.6820087e-05|0.00014066277,33472.805|12258.649,0.16015372|0.83984625,0.0023821637|0.012492068,Type II: 均衡/正常发育簇|Type I: 优势发育主进液簇,0.03457820042967796,cosine,1460.6710205078125,103.00443267822266,0.9704024195671082,8034.36767578125,16,0.01199713782401153,0.6205307554015613,0,-1,1.1545982336988621e-14,1.064108801074326e-10
734,1,4548.352,0.009340496,0.0006019237,414247.0,1.0,0.012566188,Type V: 沟通天然断层/强微裂缝簇,0.06879860162734985,linear,1454.8719482421875,194.19313049316406,0.8198244571685791,724.921630859375,4,0.011286088836372726,0.6128088921819855,1,0,1.6068659532304796e-13,1.1368683772161603e-13
735,5,4615.8755|4632.303|4659.8354|4701.343|4746.717,0.00070422044|0.014422367|0.024228167|0.011957863|0.008953719,1.904399e-06|8.95042e-05|0.00021498911|0.00010646245|0.0006305372,80138410.0|21830.889|11057.556|23687.234|25694.295,0.0018331397|0.086131044|0.20674582|0.10234679|0.6029432,3.7340942e-05|0.001754484|0.0042113997|0.002084798|0.012281915,Type IV: 砂堵闭合/未起裂死簇|Type III: 受抑/欠发育弱进液簇|Type II: 均衡/正常发育簇|Type III: 受抑/欠发育弱进液簇|Type V: 沟通天然断层/强微裂缝簇,0.04873926565051079,linear,1411.3841552734375,104.86091613769531,1.3289450407028198,566.8079223632812,16,0.010976160744668253,0.7061261250226982,1,4,1.1070924755553994e-14,2.3419488570652902e-11
736,4,4843.2627|4857.262|4900.3564|4929.6914,0.0059559327|0.009207622|0.008351723|0.017791523,0.0005|6.4437205e-05|5.0392035e-05|0.0001172381,174530.11|134980.56|163365.66|59630.164,0.67843664|0.08929371|0.06983392|0.16243571,0.014583086|0.0019193802|0.0015010894|0.0034915772,Type V: 沟通天然断层/强微裂缝簇|Type III: 受抑/欠发育弱进液簇|Type III: 受抑/欠发育弱进液簇|Type II: 均衡/正常发育簇,0.032287318259477615,cosine,1467.7222900390625,130.8458709716797,1.402353286743164,1108.8941650390625,12,0.008613645944893502,0.6516723390319389,1,0,7.198714823027086e-14,5.3660187404602766e-11
737,4,4773.1533|4804.614|4844.9297|4879.314,0.014272931|0.016814727|0.0077821366|0.0006085578,0.00014477014|0.00016201026|8.578553e-05|4.478258e-06,48773.934|31959.152|73205.445|64509556.0,0.36459783|0.40803686|0.21608907|0.011276234,0.0047725434|0.005341155|0.0028285808|0.00014760459,Type I: 优势发育主进液簇|Type I: 优势发育主进液簇|Type II: 均衡/正常发育簇|Type IV: 砂堵闭合/未起裂死簇,0.03589460998773575,cosine,1481.3201904296875,135.9292449951172,0.8539906144142151,1257.3299560546875,12,0.01075575548239056,0.6009250132441798,0,-1,2.955284739256277e-14,1.3415046851150692e-10
738,3,4764.214|4808.4097|4837.3354,0.010102837|0.009439098|0.012,0.00010845506|7.997879e-05|0.0012453501,75305.414|77560.66|51656.625,0.078342944|0.057698052|0.863959,0.001565794|0.0011531768|0.017267436,Type III: 受抑/欠发育弱进液簇|Type III: 受抑/欠发育弱进液簇|Type V: 沟通天然断层/强微裂缝簇,0.022123092785477638,linear,1413.989501953125,57.805824279785156,1.30392324924469,343.3329772949219,12,0.009729505884982519,0.6899561647340802,1,2,6.770023062795507e-15,1.6655121726216748e-11
739,5,4547.7886|4597.7676|4621.0522|4650.2607|4691.652,0.008164777|0.000860308|0.000358692|0.019348491|0.0074256184,9.455299e-05|1.1968745e-06|6.8969584e-06|0.00036640264|0.00013185058,149822.14|52734220.0|81197460.0|34651.15|133975.1,0.15760045|0.0019956855|0.011476978|0.60938734|0.21953954,0.0034350818|4.3498247e-05|0.00025015385|0.013282293|0.0047851154,Type II: 均衡/正常发育簇|Type IV: 砂堵闭合/未起裂死簇|Type IV: 砂堵闭合/未起裂死簇|Type I: 优势发育主进液簇|Type II: 均衡/正常发育簇,0.006022850051522255,linear,1479.170654296875,56.169681549072266,1.4219913482666016,1464.90087890625,12,0.00858562165512279,0.6301803098824231,0,-1,1.292518067401438e-13,2.1600499167107046e-11
740,2,4695.4136|4724.649,0.0044826455|0.01525637,3.819826e-05|9.506155e-05,128376.56|58572.234,0.2866811|0.71331894,0.0035940122|0.008942609,Type II: 均衡/正常发育簇|Type I: 优势发育主进液簇,0.09764906018972397,linear,1443.3182373046875,98.47708892822266,0.8178954720497131,8983.0439453125,8,0.011894790627551432,0.6065157759700095,0,-1,1.5608417065337415e-13,8.221832104027271e-10
741,5,4822.673|4837.093|4879.077|4902.577|4950.0,0.021786854|0.008239603|0.0065432144|0.00053808803|0.0023568273,0.00013840274|8.5834086e-05|5.9833863e-05|9.710093e-06|2.5878777e-05,33648.56|79762.45|101116.15|95060840.0|146529.11,0.4330028|0.268543|0.18721749|0.030252647|0.080984086,0.005437744|0.003372422|0.0023511183|0.00037991937|0.0010170159,Type I: 优势发育主进液簇|Type II: 均衡/正常发育簇|Type II: 均衡/正常发育簇|Type IV: 砂堵闭合/未起裂死簇|Type III: 受抑/欠发育弱进液簇,0.029413746669888496,cosine,1429.644775390625,128.4098663330078,0.8193045854568481,1704.2647705078125,12,0.008799008882342241,0.7472535849470929,0,-1,3.232347522237264e-14,1.3415046851150692e-11
742,1,4853.9043,0.011026118,0.00070543686,35064.65,1.0,0.022855097,Type V: 沟通天然断层/强微裂缝簇,0.09726209193468094,linear,1482.2183837890625,196.52784729003906,1.4910780191421509,1366.621337890625,12,0.01195665589518569,0.62659608877496,1,0,1.244775478845923e-14,5.32054400537163e-11
743,4,4550.3853|4591.402|4634.542|4651.716,0.0005005975|0.018658867|0.016519286|0.006602931,4.8512707e-06|0.00017076485|0.00016494273|8.392115e-05,97147040.0|438986.06|489924.9|1019895.44,0.011484701|0.40209946|0.3882679|0.19814795,0.00016326558|0.005716213|0.0055195848|0.0028168552,Type IV: 砂堵闭合/未起裂死簇|Type I: 优势发育主进液簇|Type I: 优势发育主进液簇|Type II: 均衡/正常发育簇,0.039307352155447006,cosine,1458.4544677734375,133.49794006347656,0.9274536967277527,1306.2559814453125,4,0.009437330284097663,0.661594744337611,0,-1,1.0848185414205624e-13,5.5933924159035087e-11
744,3,4816.217|4832.3413|4878.296,0.010446584|0.019878108|0.005,8.506311e-05|0.00010775977|0.0005,81205.695|38387.43|114704.52,0.12404047|0.1571299|0.71882963,0.0015234855|0.0019298953|0.008828784,Type III: 受抑/欠发育弱进液簇|Type II: 均衡/正常发育簇|Type V: 沟通天然断层/强微裂缝簇,0.09886840730905533,linear,1426.6690673828125,153.09979248046875,0.8012946248054504,503.8991394042969,8,0.01178943574254754,0.6906680921630887,1,2,1.3304735460052675e-13,6.45741238258779e-11
745,4,4796.394|4829.476|4868.799|4884.9053,0.009493588|0.021342546|0.007286473|0.01108915,7.584702e-05|0.00015404724|5.9962982e-05|0.00013264059,180825.16|96402.58|222667.67|165226.53,0.17962568|0.3645672|0.14200906|0.31379804,0.003445854|0.006993684|0.0027242345|0.006019753,Type II: 均衡/正常发育簇|Type I: 优势发育主进液簇|Type III: 受抑/欠发育弱进液簇|Type II: 均衡/正常发育簇,0.09747574478387833,cosine,1408.871337890625,147.08407592773438,1.2515428066253662,2284.670654296875,8,0.00962275839336388,0.6886958425479369,0,-1,1.7579159156989876e-13,2.837623469531536e-10
746,5,4800.1226|4835.0327|4884.037|4907.97|4950.0,0.005|0.003636066|0.0046370425|0.011203455|0.022361573,0.0005|5.6653356e-05|8.882228e-05|0.00016168709|0.00026376967,337569.28|289666.4|276507.62|170279.31|76648.03,0.457474|0.053939972|0.084492214|0.1536164|0.2504774,0.006764462|0.0007975861|0.0012493484|0.0022714566|0.0037036967,Type V: 沟通天然断层/强微裂缝簇|Type III: 受抑/欠发育弱进液簇|Type III: 受抑/欠发育弱进液簇|Type II: 均衡/正常发育簇|Type II: 均衡/正常发育簇,0.003733829827979207,linear,1449.8779296875,68.60465240478516,0.9646819829940796,309.8887023925781,8,0.008823812780232738,0.7490196831718412,1,0,5.467003057397536e-14,1.8815171642927453e-11
747,6,4500.0977|4533.255|4545.834|4574.2397|4592.5796|4641.2876,0.0055066952|0.008053922|0.0025772203|0.014907397|0.008751596|0.008004634,5.477103e-05|8.717885e-05|4.998006e-05|0.00018399722|0.00013001048|8.70933e-05,450683.47|320845.12|522129.25|182489.64|270921.0|301966.97,0.092499346|0.14712246|0.08438956|0.30989018|0.21913494|0.14696352,0.0012413624|0.0019744174|0.0011325274|0.004158797|0.0029408413|0.0019722842,Type III: 受抑/欠发育弱进液簇|Type III: 受抑/欠发育弱进液簇|Type III: 受抑/欠发育弱进液簇|Type II: 均衡/正常发育簇|Type II: 均衡/正常发育簇|Type III: 受抑/欠发育弱进液簇,0.017913132905960083,cosine,1490.6663818359375,141.52589416503906,0.8755425810813904,689.0816040039062,6,0.00910533634119759,0.723374869690571,0,-1,5.726299154903275e-14,2.0463630789890885e-11
748,1,4690.1333,0.01461548,0.0001186885,65646.78,1.0,0.014516468,Type I: 优势发育主进液簇,0.025250770151615143,cosine,1439.03125,51.03376388549805,0.9470617175102234,15064.2841796875,12,0.010266487939570655,0.6207074948305193,0,-1,7.492673880426723e-14,1.8917489796876907e-10
749,5,4624.8145|4674.5923|4716.657|4766.629|4801.6616,0.005358832|0.014688586|0.02023065|0.012412836|0.008097693,3.8475115e-05|9.511185e-05|0.00011277747|8.2834085e-05|5.1474868e-05,2016224.8|1177709.2|723918.25|1282504.0|1727614.8,0.10134963|0.24955775|0.29610604|0.2175271|0.13545947,0.0017832969|0.0043910923|0.005210133|0.0038274971|0.0023834766,Type III: 受抑/欠发育弱进液簇|Type II: 均衡/正常发育簇|Type II: 均衡/正常发育簇|Type II: 均衡/正常发育簇|Type III: 受抑/欠发育弱进液簇,0.014902375638484955,cosine,1484.1181640625,52.87081527709961,1.1479389667510986,2265.618408203125,4,0.008086494877022605,0.6810628983497236,0,-1,5.777318998635012e-14,1.4415491023100913e-10
750,4,4528.218|4566.6206|4593.5654|4641.988,0.012093549|0.003778549|0.014435624|0.013738702,8.592318e-05|4.3383505e-05|9.863741e-05|8.417728e-05,104741.125|173063.88|78730.58|102547.09,0.27528858|0.13902158|0.3160063|0.26968354,0.006021396|0.0030408232|0.0069120154|0.005898796,Type II: 均衡/正常发育簇|Type III: 受抑/欠发育弱进液簇|Type II: 均衡/正常发育簇|Type II: 均衡/正常发育簇,0.05450265109539032,cosine,1481.714599609375,115.15169525146484,1.4270075559616089,5117.35693359375,8,0.010683374284687866,0.6703408562499154,0,-1,8.755690129088473e-14,1.9372237147763371e-10
751,6,4728.087|4741.0513|4764.974|4779.0527|4791.5693|4809.902,0.015680755|0.01321758|0.01510992|0.01729788|0.011462102|0.009640634,0.00014521439|9.125825e-05|0.0001855686|0.00019765094|0.00012395738|0.00011407138,316424.16|399408.06|306452.16|340523.56|407187.25|472226.03,0.16950682|0.10668815|0.21612686|0.2298736|0.14466782|0.13313676,0.0033527035|0.0021102028|0.0042748093|0.0045467084|0.0028614087|0.0026333344,Type II: 均衡/正常发育簇|Type III: 受抑/欠发育弱进液簇|Type II: 均衡/正常发育簇|Type II: 均衡/正常发育簇|Type III: 受抑/欠发育弱进液簇|Type III: 受抑/欠发育弱进液簇,0.051315754652023315,linear,1412.994140625,110.43193054199219,1.2904027700424194,721.829345703125,6,0.009189187042412375,0.6566984793646289,0,-1,9.822912340300138e-14,1.1368683772161603e-13
752,5,4786.5117|4830.1685|4861.3926|4902.946|4950.0,0.013468544|0.007655479|0.03180434|0.00022157906|0.0068992767,0.0001072743|5.1756055e-05|0.00016101912|8.7757235e-06|5.0634688e-05,36262.07|54752.4|12859.703|66897420.0|58838.645,0.28272194|0.13641267|0.42434227|0.023071548|0.1334516,0.0035376968|0.0017069303|0.005309791|0.00028869405|0.0016698786,Type II: 均衡/正常发育簇|Type III: 受抑/欠发育弱进液簇|Type I: 优势发育主进液簇|Type IV: 砂堵闭合/未起裂死簇|Type III: 受抑/欠发育弱进液簇,0.08557135611772537,cosine,1444.412109375,115.08006286621094,0.8163537979125977,1233.84375,12,0.01176020491037918,0.6096031535612024,0,-1,1.3558385913558374e-13,1.4301804185379297e-10
753,6,4687.6646|4732.501|4751.116|4768.0205|4815.772|4847.8076,0.036681086|0.00092649827|0.0044311597|0.0043229056|0.009565209|0.013153118,0.0002697277|9.638197e-06|3.7364407e-05|4.381545e-05|6.184162e-05|0.00012464004,7189.731|59049160.0|39755.26|41118.543|29224.66|23152.445,0.49309894|0.017575162|0.06831641|0.08010885|0.11306073|0.22783992,0.007981735|0.0002844871|0.0011058296|0.0012967127|0.0018301008|0.003688018,Type I: 优势发育主进液簇|Type IV: 砂堵闭合/未起裂死簇|Type III: 受抑/欠发育弱进液簇|Type III: 受抑/欠发育弱进液簇|Type III: 受抑/欠发育弱进液簇|Type II: 均衡/正常发育簇,0.018210982903838158,cosine,1464.054443359375,105.89470672607422,1.0560404062271118,1031.9803466796875,16,0.010635532832688907,0.7050114286680624,0,-1,7.094552809810972e-14,7.139533408917487e-11
754,6,4689.5503|4731.2275|4744.326|4770.618|4783.339|4829.947,0.006513554|0.011021924|0.004813619|0.014027825|0.014647954|0.0041482355,5.6574856e-05|0.00010885667|3.4121564e-05|9.93893e-05|0.000114308015|4.1265557e-05,1406485.8|869001.6|1748104.1|911035.5|626621.56|1693538.1,0.12467518|0.2391688|0.075275205|0.2184957|0.25139225|0.09099288,0.002522458|0.00483892|0.001522986|0.004420657|0.0050862283|0.0018409898,Type III: 受抑/欠发育弱进液簇|Type II: 均衡/正常发育簇|Type III: 受抑/欠发育弱进液簇|Type II: 均衡/正常发育簇|Type II: 均衡/正常发育簇|Type III: 受抑/欠发育弱进液簇,0.044857583940029144,cosine,1439.9573974609375,146.4169921875,1.3199615478515625,2220.8427734375,4,0.00860449337102066,0.6453131493105974,0,-1,6.807800308726575e-14,2.7284841053187847e-11
755,4,4609.4185|4648.5767|4681.294|4712.5845,0.00054996385|0.015808498|0.0006116742|0.02823315,6.7536757e-06|0.00011280734|8.412606e-06|0.00020529136,78566740.0|176498.25|71674450.0|83869.92,0.02026307|0.3386539|0.025218807|0.6158642,0.0004552961|0.0076093012|0.00056664785|0.013838012,Type IV: 砂堵闭合/未起裂死簇|Type II: 均衡/正常发育簇|Type IV: 砂堵闭合/未起裂死簇|Type I: 优势发育主进液簇,0.0890328511595726,linear,1485.390380859375,57.29108810424805,1.4659056663513184,4712.07421875,6,0.010184013331847432,0.6884206963694847,0,-1,8.446151764096577e-14,2.6921043172478676e-10
756,3,4569.0938|4588.785|4635.197,0.010843198|0.01953101|0.0022097095,0.0001352603|0.0001771514|3.694489e-05,93010.44|47410.145|155794.3,0.38712278|0.50706226|0.10581495,0.0053200885|0.0069683734|0.0014541766,Type I: 优势发育主进液簇|Type I: 优势发育主进液簇|Type III: 受抑/欠发育弱进液簇,0.09134424477815628,cosine,1490.09619140625,137.14584350585938,0.8965766429901123,1722.09326171875,16,0.008041819861017027,0.6646726401527043,0,-1,2.4867169548569226e-14,2.7057467377744615e-11
757,5,4708.346|4739.7407|4752.6157|4778.1743|4820.76,0.02454166|0.0149746975|0.0003398526|0.0073913005|0.014116884,0.00020857074|0.000105994324|8.357103e-06|0.00011607634|0.00011685938,66887.71|122044.74|92095660.0|172970.56|132709.23,0.37513912|0.19077468|0.015003477|0.20881124|0.21027148,0.005297182|0.0026938494|0.00021185781|0.0029485358|0.0029691553,Type I: 优势发育主进液簇|Type II: 均衡/正常发育簇|Type IV: 砂堵闭合/未起裂死簇|Type II: 均衡/正常发育簇|Type II: 均衡/正常发育簇,0.07526899129152298,linear,1495.159912109375,122.12682342529297,0.9212337732315063,807.3935546875,12,0.008672452776242878,0.6110047330197037,0,-1,1.3538149280008932e-13,1.3301360013429075e-11
758,2,4649.067|4664.0903,0.01116733|0.0074493997,0.00015625809|7.026541e-05,53267.574|72359.58,0.6897091|0.3102909,0.009558558|0.0043002674,Type I: 优势发育主进液簇|Type II: 均衡/正常发育簇,0.023523814976215363,linear,1430.39501953125,190.5622100830078,0.9041568040847778,3973.904296875,16,0.008499095216400182,0.7055566798399776,0,-1,2.8038310131224715e-14,4.5929482439532876e-11
759,2,4870.395|4882.123,0.014813175|0.008544048,0.00015220826|7.767988e-05,183881.89|288198.25,0.6618162|0.33818382,0.011670387|0.005963493,Type I: 优势发育主进液簇|Type II: 均衡/正常发育簇,0.0658637210726738,cosine,1473.014404296875,70.8396987915039,1.1504433155059814,6036.18017578125,8,0.008633906132853477,0.7113561235068935,0,-1,3.285706870969317e-14,4.738467396236956e-10
760,2,4525.9233|4552.1675,0.012472237|0.010008151,0.00016193077|0.00011254247,216368.19|305371.53,0.58975357|0.4102464,0.008435322|0.005867807,Type I: 优势发育主进液簇|Type I: 优势发育主进液簇,0.021040301769971848,linear,1466.475830078125,138.87625122070312,0.9331433176994324,2905.677978515625,8,0.008303666843118462,0.728235635722221,0,-1,7.931895022522326e-14,3.346940502524376e-10
761,3,4771.8604|4817.824|4866.3965,0.028285082|0.004140023|0.0066339523,0.00013774903|3.4700668e-05|5.112625e-05,102283.66|323532.25|282503.03,0.61596084|0.1552872|0.22875197,0.008096861|0.0020412644|0.0030069654,Type I: 优势发育主进液簇|Type II: 均衡/正常发育簇|Type II: 均衡/正常发育簇,0.04663243144750595,cosine,1469.362548828125,55.704132080078125,0.8575923442840576,3551.2548828125,8,0.009079534077536268,0.6767075606947514,0,-1,7.297797349065105e-14,2.53749021794647e-10
762,1,4807.974,0.011748093,0.00010409193,17070.178,1.0,0.015038138,Type I: 优势发育主进液簇,0.046278804540634155,linear,1427.3165283203125,174.0732879638672,0.9810957312583923,21093.767578125,16,0.011571441588856856,0.7265170707039696,0,-1,2.2955633027050767e-14,7.203198038041592e-10
763,6,4505.0283|4550.7056|4580.7397|4594.7603|4626.159|4663.1753,0.00045044642|0.0141099775|0.021049608|0.0005250663|0.00071395584|0.027042517,8.970341e-06|0.00011330006|0.00014671525|3.497133e-06|9.021517e-06|0.00019175978,73093920.0|243699.33|161293.44|68456510.0|82483790.0|123744.12,0.018940905|0.23951446|0.31007704|0.0074006803|0.01903515|0.40503177,0.0002972718|0.003759107|0.0048665656|0.000116151445|0.00029875094|0.0063568517,Type IV: 砂堵闭合/未起裂死簇|Type II: 均衡/正常发育簇|Type II: 均衡/正常发育簇|Type IV: 砂堵闭合/未起裂死簇|Type IV: 砂堵闭合/未起裂死簇|Type I: 优势发育主进液簇,0.02981100231409073,linear,1499.4617919921875,178.38726806640625,1.0239300727844238,1328.240234375,4,0.01151948299564421,0.7131948429292752,0,-1,5.570675146756958e-14,5.0249582272954285e-11
764,4,4891.947|4913.9907|4926.0146|4950.0,0.00092395727|0.014604732|0.0139308125|0.01965099,5.3370354e-06|7.464171e-05|8.9021305e-05|0.0001332372,99086310.0|516897.9|478489.6|303333.6,0.017671904|0.24713585|0.29460832|0.4405839,0.00040608674|0.005678992|0.006769873|0.01012428,Type IV: 砂堵闭合/未起裂死簇|Type II: 均衡/正常发育簇|Type II: 均衡/正常发育簇|Type I: 优势发育主进液簇,0.056003253906965256,linear,1445.2999267578125,188.47052001953125,1.4991766214370728,6098.29150390625,6,0.00802894931656581,0.7395919941954732,0,-1,8.847536283251509e-14,6.029949872754514e-10
765,6,4693.9775|4736.652|4768.9717|4798.5913|4820.568|4842.7305,0.009436042|0.007322776|0.011505056|0.00021707804|0.005847165|0.034251466,5.591439e-05|5.1636158e-05|0.000107068816|7.803041e-06|3.987848e-05|0.00014362438,250176.36|275041.44|204093.72|61365430.0|297521.6|65693.95,0.13781051|0.12725578|0.26364097|0.019199999|0.09828253|0.3538102,0.0022642997|0.0020908797|0.00433176|0.0003154661|0.0016148338|0.005813288,Type III: 受抑/欠发育弱进液簇|Type III: 受抑/欠发育弱进液簇|Type II: 均衡/正常发育簇|Type IV: 砂堵闭合/未起裂死簇|Type III: 受抑/欠发育弱进液簇|Type I: 优势发育主进液簇,0.058351997286081314,linear,1455.7994384765625,93.91325378417969,1.0719358921051025,1786.617919921875,8,0.008794633182818838,0.7348400530773569,0,-1,8.38299563229658e-14,1.6825651982799172e-11
766,1,4809.386,0.013509751,0.00015798512,56302.164,1.0,0.022122344,Type I: 优势发育主进液簇,0.05066953971982002,linear,1418.17529296875,185.40061950683594,1.4432728290557861,19915.693359375,16,0.00889343524067911,0.6738412326466765,0,-1,1.0680122557822289e-13,2.422893885523081e-09
767,2,4835.2173|4850.2544,0.014891694|0.0072476226,0.00018745358|7.980857e-05,104706.01|200241.4,0.70113397|0.29886606,0.014364926|0.0061232075,Type I: 优势发育主进液簇|Type II: 均衡/正常发育簇,0.02266286499798298,linear,1491.8359375,117.4856185913086,1.3366562128067017,6093.529296875,6,0.011662219858816674,0.65322160404612,0,-1,2.7094293605575692e-14,1.4733814168721437e-10
768,2,4798.955|4822.4707,0.005256723|0.01912988,0.0005|0.00011054518,262860.84|103124.88,0.8142698|0.18573023,0.017818099|0.0040642056,Type V: 沟通天然断层/强微裂缝簇|Type II: 均衡/正常发育簇,0.06903544068336487,linear,1496.2279052734375,53.029293060302734,1.427612543106079,1499.089111328125,6,0.01149069456794883,0.6327122364399582,1,0,1.709172761004199e-13,1.3164935808163136e-10
769,2,4709.8564|4740.3584,0.009983533|0.010708172,9.4926785e-05|7.561758e-05,134438.3|165260.75,0.5565786|0.44342145,0.011501751|0.009163348,Type I: 优势发育主进液簇|Type I: 优势发育主进液簇,0.0799601674079895,cosine,1456.806884765625,109.84941101074219,1.3482015132904053,14889.677734375,6,0.011271611878557866,0.6888823079247651,0,-1,7.35354702477431e-14,5.093170329928398e-11
770,6,4767.324|4781.705|4801.929|4840.7764|4882.52|4931.9546,0.026000725|0.016483888|0.014169311|0.0003296293|0.0075717536|0.008096128,0.00024854642|8.183552e-05|0.00012898147|8.327182e-06|7.040623e-05|5.7266257e-05,161286.14|346821.47|361045.47|53073784.0|509612.4|515189.34,0.4167261|0.13772678|0.21666822|0.01400431|0.118472695|0.096401885,0.008872338|0.002932282|0.00461299|0.00029815978|0.0025223515|0.0020524513,Type I: 优势发育主进液簇|Type III: 受抑/欠发育弱进液簇|Type II: 均衡/正常发育簇|Type IV: 砂堵闭合/未起裂死簇|Type III: 受抑/欠发育弱进液簇|Type III: 受抑/欠发育弱进液簇,0.08501723408699036,linear,1471.35400390625,136.45962524414062,1.3890076875686646,1510.621826171875,6,0.00870171784794126,0.7231662636335493,0,-1,1.4584648321946253e-13,5.32054400537163e-11
771,1,4559.862,0.012939197,8.17391e-05,1040557.44,1.0,0.012661824,Type I: 优势发育主进液簇,0.03307788446545601,cosine,1414.5009765625,71.23616790771484,0.8260638117790222,24263.720703125,4,0.008526300969225917,0.6827411692193979,0,-1,7.343426675120515e-14,2.0590960048139095e-09
772,1,4898.9175,0.010601145,0.00013484112,66565.65,1.0,0.021721156,Type I: 优势发育主进液簇,0.015417221002280712,cosine,1461.833984375,89.32829284667969,1.417099118232727,26162.98828125,8,0.011906276812301024,0.6928444931718629,0,-1,1.105308268414644e-13,2.346496330574155e-09
773,3,4672.7207|4691.898|4726.786,0.0031344742|0.014552827|0.014010594,5.583519e-05|0.00014156573|0.00014475614,173718.45|77962.94|87549.01,0.16327025|0.4137348|0.42299497,0.003333256|0.008446634|0.008635686,Type II: 均衡/正常发育簇|Type I: 优势发育主进液簇|Type I: 优势发育主进液簇,0.004492773674428463,linear,1465.3863525390625,159.22402954101562,1.3319224119186401,3803.69580078125,8,0.010810949843137404,0.6684565688014714,0,-1,9.975546999769005e-14,3.9472070056945086e-10
774,1,4641.922,0.008486049,0.00012885619,97086.73,1.0,0.02193738,Type I: 优势发育主进液簇,0.07257262617349625,cosine,1413.7010498046875,135.281005859375,1.4312057495117188,29256.12109375,8,0.011342337623209593,0.6277817671437,0,-1,5.962341487501452e-14,6.83940015733242e-10
775,6,4741.798|4756.9233|4771.424|4806.443|4820.7954|4869.204,0.008594203|0.00082342257|0.015656264|0.014109403|0.016651845|0.012339973,8.266463e-05|7.2688536e-06|0.00016030335|0.0001861458|0.0001587986|0.0001003403,169592.19|73129624.0|101492.98|119619.66|97971.88|161841.94,0.1189793|0.010446653|0.23050591|0.26742148|0.22831935|0.1443273,0.0014919046|0.00013099262|0.0028903587|0.0033532502|0.0028629408|0.0018097482,Type III: 受抑/欠发育弱进液簇|Type IV: 砂堵闭合/未起裂死簇|Type II: 均衡/正常发育簇|Type II: 均衡/正常发育簇|Type II: 均衡/正常发育簇|Type III: 受抑/欠发育弱进液簇,0.04886068031191826,cosine,1478.1710205078125,106.49063873291016,0.8180633783340454,463.18182373046875,6,0.011055255982518669,0.7439779254175971,0,-1,2.9328946091417354e-14,1.8530954548623413e-11
776,3,4752.7876|4763.392|4779.72,0.040307537|0.0007127118|0.00043158833,0.00024639422|4.2138927e-06|8.5192105e-06,153939.81|85252280.0|98218600.0,0.95076686|0.016323695|0.032909434,0.0130092325|0.00022335521|0.00045029592,Type I: 优势发育主进液簇|Type IV: 砂堵闭合/未起裂死簇|Type IV: 砂堵闭合/未起裂死簇,0.036438800394535065,linear,1447.6844482421875,133.06285095214844,0.8926782011985779,2983.184814453125,4,0.010449000067503668,0.7115427017161502,0,-1,1.2880904567795504e-13,2.6147972675971687e-10
777,3,4656.1865|4677.976|4719.364,0.022128496|0.014271101|0.0065927617,0.00013373978|0.00012482921|0.00072420976,43728.684|60202.1|84532.88,0.13830979|0.12904601|0.7326442,0.0024242916|0.002261916|0.012841774,Type III: 受抑/欠发育弱进液簇|Type III: 受抑/欠发育弱进液簇|Type V: 沟通天然断层/强微裂缝簇,0.044441647827625275,linear,1412.785400390625,119.06523895263672,1.1435343027114868,505.94287109375,16,0.00904225456421027,0.6270833017544563,1,2,1.3261820366373446e-14,1.3926637620897964e-11
778,5,4552.1963|4600.3877|4646.8237|4661.303|4686.053,0.010232263|0.011403823|0.0047010947|0.0060968995|0.011409521,0.00012835216|0.00013831317|4.6169764e-05|7.999895e-05|0.0001380544,129376.555|138116.72|222945.17|195391.78|117294.984,0.24179414|0.2604507|0.0870283|0.15073453|0.25999233,0.004305637|0.004637855|0.0015497161|0.0026841352|0.004629693,Type II: 均衡/正常发育簇|Type II: 均衡/正常发育簇|Type III: 受抑/欠发育弱进液簇|Type II: 均衡/正常发育簇|Type II: 均衡/正常发育簇,0.051738932728767395,cosine,1431.9510498046875,199.26380920410156,1.1617399454116821,1385.484130859375,6,0.011862753603780498,0.6042821630561878,0,-1,3.078404705084657e-14,0.0
779,1,4761.2725,0.00875701,0.0009740006,92246.14,1.0,0.016320765,Type V: 沟通天然断层/强微裂缝簇,0.08323414623737335,cosine,1404.1434326171875,107.77427673339844,1.064774990081787,464.68328857421875,8,0.010795699642477468,0.7175368878307767,1,0,8.163021853520996e-14,6.355094228638336e-11
780,3,4660.544|4692.1895|4708.7593,0.005371277|0.0004982011|0.027049717,6.967486e-05|2.9866128e-06|0.00027047552,67451.37|82819736.0|17161.06,0.20313875|0.00870534|0.7881559,0.0035617573|0.0001526361|0.013819224,Type II: 均衡/正常发育簇|Type IV: 砂堵闭合/未起裂死簇|Type I: 优势发育主进液簇,0.006738316733390093,cosine,1479.503662109375,103.10936737060547,1.143902063369751,2775.316650390625,16,0.00979283324741929,0.6238249442688838,0,-1,5.975794403582924e-14,2.3374013835564256e-10
781,5,4813.337|4840.607|4887.21|4904.946|4950.0,0.0068430766|0.0024832683|0.0071578017|0.015683353|0.00805079,9.547881e-05|2.974857e-05|0.00010225766|0.00014069557|9.7272256e-05,45679.867|66172.5|40565.824|21242.494|37647.85,0.20515889|0.06392846|0.21968363|0.30225506|0.20897394,0.004311753|0.0013435622|0.0046170144|0.0063523897|0.004391933,Type II: 均衡/正常发育簇|Type III: 受抑/欠发育弱进液簇|Type II: 均衡/正常发育簇|Type II: 均衡/正常发育簇|Type II: 均衡/正常发育簇,0.08249350637197495,cosine,1433.4080810546875,85.26309204101562,1.371137022972107,2211.289794921875,16,0.010063181120162659,0.6276855911508855,0,-1,1.5385536269486855e-13,2.751221472863108e-10
782,2,4801.34|4838.355,0.019515358|0.006349248,0.00012289081|6.419773e-05,188253.56|357071.62,0.6567056|0.3432944,0.012311493|0.006435862,Type I: 优势发育主进液簇|Type II: 均衡/正常发育簇,0.0015462628798559308,linear,1489.9295654296875,164.14186096191406,1.2230868339538574,10297.509765625,6,0.009783018686535104,0.6967672626505224,0,-1,2.05420245023109e-14,2.0372681319713593e-10
783,4,4534.6187|4581.6323|4631.3125|4646.3936,0.005392958|0.010674552|0.007998726|0.011829202,9.89843e-05|0.00058377435|0.00011208719|0.00017417462,72974.16|52199.418|62699.715|37508.406,0.10274284|0.600408|0.11624579|0.18060336,0.0020156768|0.0117792|0.0022805866|0.0035431958,Type III: 受抑/欠发育弱进液簇|Type V: 沟通天然断层/强微裂缝簇|Type III: 受抑/欠发育弱进液簇|Type II: 均衡/正常发育簇,0.08385561406612396,linear,1472.4779052734375,166.63079833984375,1.2799311876296997,652.1785278320312,16,0.009200795695469569,0.6379443997870734,1,1,9.195900436259879e-15,1.8189894035458565e-11
784,6,4748.5625|4788.3066|4808.0234|4843.8066|4876.1724|4903.4062,0.0030387642|0.002799249|0.006519857|0.017714784|0.018816466|0.0031254166,5.8713973e-05|6.105646e-05|9.008619e-05|0.000222821|0.00022460081|4.8320824e-05,113205.54|119635.94|85261.4|28529.217|40722.246|117987.31,0.08329586|0.08658792|0.127723|0.3157408|0.31814557|0.06850685,0.0016425744|0.0017074931|0.0025186667|0.006226333|0.006273755|0.0013509387,Type III: 受抑/欠发育弱进液簇|Type III: 受抑/欠发育弱进液簇|Type III: 受抑/欠发育弱进液簇|Type II: 均衡/正常发育簇|Type II: 均衡/正常发育簇|Type III: 受抑/欠发育弱进液簇,0.04010149464011192,cosine,1453.194091796875,60.237510681152344,1.286527156829834,917.8491821289062,8,0.011645091406015313,0.7012184752256261,0,-1,1.0292348164063839e-13,6.059508450562134e-11
785,4,4590.492|4635.497|4651.8994|4698.0664,0.010239817|0.008949416|0.021933591|0.008315737,0.00012499864|8.067531e-05|0.00018441219|8.661735e-05,87692.836|106366.42|53799.17|106650.91,0.26223552|0.16928746|0.38673693|0.18174009,0.0040689274|0.0026267162|0.0060007293|0.002819935,Type II: 均衡/正常发育簇|Type II: 均衡/正常发育簇|Type I: 优势发育主进液簇|Type II: 均衡/正常发育簇,0.020563434809446335,linear,1436.1031494140625,88.77429962158203,1.0122917890548706,1194.851318359375,12,0.009775653443230819,0.6003242055024952,0,-1,1.3751402360567822e-13,5.95719029661268e-11
786,5,4834.7783|4879.6943|4901.889|4928.0034|4950.0,0.005854754|0.006549681|0.01521722|0.009340384|0.007634885,8.268207e-05|9.4287425e-05|0.00015743631|0.00016883218|0.00011870665,77377.4|69859.12|37172.883|55858.02|60922.75,0.1330143|0.15163682|0.25313494|0.27135465|0.19085927,0.0027931014|0.003184146|0.0053154547|0.005698041|0.0040077586,Type III: 受抑/欠发育弱进液簇|Type II: 均衡/正常发育簇|Type II: 均衡/正常发育簇|Type II: 均衡/正常发育簇|Type II: 均衡/正常发育簇,0.043894749134778976,linear,1467.3204345703125,103.3802490234375,1.3699527978897095,1331.1927490234375,12,0.010188285887456591,0.6736638296920856,0,-1,3.96536526081322e-15,7.275957614183426e-11
787,2,4621.678|4654.61,0.016902553|0.010466613,0.00014277855|8.59585e-05,449556.34|636593.2,0.6236853|0.37631467,0.011955482|0.007213611,Type I: 优势发育主进液簇|Type I: 优势发育主进液簇,0.04403739422559738,linear,1428.7838134765625,83.37178039550781,1.2506012916564941,7227.79248046875,4,0.009656139406913487,0.7478693366793164,0,-1,4.542891806008989e-14,1.0277290130034089e-10
788,2,4554.111|4570.355,0.006035226|0.013698237,5.414875e-05|0.00017032416,340040.3|180282.95,0.24161439|0.7583856,0.003816718|0.011980016,Type II: 均衡/正常发育簇|Type I: 优势发育主进液簇,0.07884438335895538,cosine,1484.9154052734375,84.47648620605469,1.030586838722229,5103.931640625,6,0.009688605538014837,0.7290975905362376,0,-1,7.752962361733465e-14,5.911715561524034e-10
789,1,4804.8193,0.014133777,0.00013373292,923164.8,1.0,0.012377127,Type I: 优势发育主进液簇,0.01706850528717041,linear,1476.239990234375,143.07669067382812,0.8074899911880493,8880.4296875,4,0.009173976675613774,0.6219702751002252,0,-1,1.5248928151006397e-13,1.0550138540565968e-09
790,6,4756.3076|4784.3745|4823.283|4851.784|4876.7026|4904.339,0.009243208|0.0066825394|0.010368131|0.00373144|0.013978667|0.006729199,0.00018537583|0.00012724305|0.00013319192|7.76149e-05|0.00015012645|0.00010987026,26099.436|29702.432|26263.31|43418.758|21108.84|30984.55,0.23665279|0.1624401|0.1700062|0.099071115|0.19160058|0.1402292,0.004853015|0.003331143|0.0034863|0.0020316413|0.0039291335|0.002875666,Type II: 均衡/正常发育簇|Type II: 均衡/正常发育簇|Type II: 均衡/正常发育簇|Type III: 受抑/欠发育弱进液簇|Type II: 均衡/正常发育簇|Type III: 受抑/欠发育弱进液簇,0.004676341079175472,cosine,1417.5421142578125,185.7730255126953,1.3378803730010986,952.5255737304688,16,0.010091560389953408,0.73686036371086,0,-1,7.562541901300762e-14,5.343281372915953e-12
791,4,4636.239|4685.3486|4732.938|4776.767,0.002465347|0.017617501|0.011134046|0.0042435583,3.4978028e-05|0.0001597656|0.00010594504|4.3107575e-05,247332.75|79004.555|116322.27|216528.69,0.10180704|0.46457192|0.30817324|0.1254478,0.0022441652|0.010240708|0.006793161|0.002765286,Type III: 受抑/欠发育弱进液簇|Type I: 优势发育主进液簇|Type II: 均衡/正常发育簇|Type III: 受抑/欠发育弱进液簇,0.0870867520570755,linear,1444.5621337890625,101.78805541992188,1.438117265701294,4310.26220703125,6,0.011264169550696312,0.6969736186065385,0,-1,9.301880012774211e-14,4.0745362639427185e-10
792,3,4750.629|4784.574|4823.9004,0.012898157|0.012|0.0002471748,0.00010711057|0.0012891312|6.2377217e-06,33469.887|16973.633|74361060.0,0.07742178|0.9180802|0.0044980315,0.0012695573|0.015054619|7.3758434e-05,Type III: 受抑/欠发育弱进液簇|Type V: 沟通天然断层/强微裂缝簇|Type IV: 砂堵闭合/未起裂死簇,0.03840705752372742,cosine,1415.7547607421875,130.26788330078125,1.0698095560073853,322.7366943359375,12,0.011945144763143189,0.6535690453629175,1,1,2.596065452453028e-13,1.0800249583553523e-11
793,4,4516.286|4530.6577|4559.251|4591.944,0.008581716|0.015894966|0.011388667|0.016848061,8.049164e-05|0.00010832087|0.00011479193|0.0001429764,161005.73|122297.086|128349.586|88294.305,0.18029618|0.24257456|0.25702304|0.32010624,0.003012112|0.004052564|0.0042939465|0.005347844,Type II: 均衡/正常发育簇|Type II: 均衡/正常发育簇|Type II: 均衡/正常发育簇|Type II: 均衡/正常发育簇,0.013874484226107597,linear,1485.6080322265625,191.63412475585938,1.0899382829666138,1644.659912109375,12,0.008769091797407326,0.6251257727157614,0,-1,1.5782988522887453e-14,2.2282620193436742e-11
794,4,4732.8945|4754.795|4767.111|4783.7085,0.017710218|0.0054773334|0.008724936|0.0024643498,0.00019888875|6.050453e-05|9.169221e-05|4.3073618e-05,15784.857|58087.25|48994.75|71699.0,0.5045533|0.15352058|0.23262997|0.109296136,0.009562866|0.0029096957|0.004409067|0.002071504,Type I: 优势发育主进液簇|Type II: 均衡/正常发育簇|Type II: 均衡/正常发育簇|Type III: 受抑/欠发育弱进液簇,0.009387913160026073,cosine,1460.4527587890625,63.2738037109375,1.2365119457244873,2445.355712890625,16,0.009926000473341082,0.6304007733083091,0,-1,4.6495718787707e-14,1.532498572487384e-10
795,1,4877.861,0.011983226,0.0008574857,16027.795,1.0,0.020265553,Type V: 沟通天然断层/强微裂缝簇,0.07311951369047165,cosine,1456.9794921875,185.5351104736328,1.3221349716186523,831.5991821289062,16,0.011711483804308406,0.7323196188283754,1,0,1.4551933876644219e-13,8.86757334228605e-11
796,4,4544.5786|4560.3877|4599.777|4627.9536,0.006145296|0.008504883|0.0090895165|0.01689757,7.0868235e-05|0.0007942695|0.00013492303|0.0001764772,149681.31|138522.98|123819.805|78905.99,0.06197208|0.6660674|0.11784279|0.1541177,0.0008537285|0.009175757|0.0016234044|0.0021231282,Type III: 受抑/欠发育弱进液簇|Type V: 沟通天然断层/强微裂缝簇|Type III: 受抑/欠发育弱进液簇|Type II: 均衡/正常发育簇,0.006951764691621065,cosine,1463.8795166015625,103.65735626220703,0.8987542986869812,284.1587219238281,12,0.008663793569340111,0.650554000213545,1,1,1.2592344159588487e-13,1.716671249596402e-11
797,1,4687.4814,0.011100703,0.00010933523,126126.41,1.0,0.018348955,Type I: 优势发育主进液簇,0.03740315139293671,cosine,1468.4246826171875,111.10121154785156,1.1970950365066528,28382.017578125,6,0.011834148715461772,0.6783441392918637,0,-1,1.548577076033314e-13,3.1650415621697903e-10
798,4,4898.104|4918.0615|4928.8584|4950.0,0.007447096|0.010209652|0.012|0.014606747,9.2380484e-05|0.0001387206|0.0015|0.00011651426,130574.31|100610.516|83968.82|76591.47,0.053661376|0.08045874|0.79830205|0.06757782,0.0008931483|0.0013391678|0.013287065|0.0011247757,Type III: 受抑/欠发育弱进液簇|Type III: 受抑/欠发育弱进液簇|Type V: 沟通天然断层/强微裂缝簇|Type III: 受抑/欠发育弱进液簇,0.027702704071998596,cosine,1434.7374267578125,156.7794952392578,1.0858731269836426,305.4871826171875,12,0.008887486487343775,0.6919535633564489,1,2,4.46079500106885e-14,2.1032064978498966e-12
799,5,4526.6724|4566.42|4588.945|4619.8022|4664.2075,0.0061053517|0.00023433488|0.0069950894|0.015410565|0.017085772,9.948217e-05|9.675233e-06|0.00012518994|0.00014310687|0.0002432912,112363.664|89027464.0|95870.89|59311.727|45026.906,0.16038662|0.015539139|0.20172568|0.23060696|0.3917416,0.002450411|0.00023740929|0.003081995|0.0035232475|0.005985087,Type II: 均衡/正常发育簇|Type IV: 砂堵闭合/未起裂死簇|Type II: 均衡/正常发育簇|Type II: 均衡/正常发育簇|Type I: 优势发育主进液簇,0.05390549078583717,cosine,1429.4185791015625,165.11647033691406,0.9967541694641113,815.5610961914062,16,0.00828096405909111,0.6280810202438689,0,-1,4.734733587727184e-14,5.070432962384075e-11
800,6,4642.3354|4665.5513|4703.715|4728.9844|4742.386|4789.834,0.000296822|0.0007030633|0.00060705864|0.0009757095|0.058124803|0.0059210253,8.862616e-06|4.3054074e-06|5.9391186e-06|6.2527283e-06|0.00048332452|0.0005919035,54055456.0|99788910.0|95894440.0|89809100.0|47855.52|730559.94,0.008570905|0.004166597|0.0057386328|0.006038128|0.46483678|0.51064897,0.00019197472|9.332518e-05|0.00012853628|0.00013524451|0.010411608|0.011437729,Type IV: 砂堵闭合/未起裂死簇|Type IV: 砂堵闭合/未起裂死簇|Type IV: 砂堵闭合/未起裂死簇|Type IV: 砂堵闭合/未起裂死簇|Type V: 沟通天然断层/强微裂缝簇|Type V: 沟通天然断层/强微裂缝簇,0.05931076034903526,linear,1474.2791748046875,168.3556671142578,1.4612840414047241,733.3988037109375,4,0.01096990146337442,0.6187207977454707,1,5,1.8122945838797665e-14,1.3983481039758772e-11
801,4,4596.9404|4616.143|4655.428|4671.4165,0.009419855|0.003952417|0.010807171|0.012376243,0.00010651625|6.8032066e-05|0.00015313091|0.00014657046,178359.77|251415.83|147462.34|125692.65,0.2246811|0.14355814|0.32273656|0.3090242,0.0044207643|0.0028246113|0.006350077|0.006080277,Type II: 均衡/正常发育簇|Type III: 受抑/欠发育弱进液簇|Type II: 均衡/正常发育簇|Type II: 均衡/正常发育簇,0.009908217005431652,linear,1477.4842529296875,112.46985626220703,1.2836545705795288,1910.419921875,8,0.009192965783223142,0.7325348992985024,0,-1,6.3655596635806e-14,3.410605131648481e-11
802,2,4521.8203|4542.399,0.010827586|0.005922955,0.00010884221|8.337238e-05,27509.316|44519.8,0.56625235|0.43374768,0.0087922085|0.0067348066,Type I: 优势发育主进液簇|Type I: 优势发育主进液簇,0.052195075899362564,cosine,1439.2216796875,102.39957427978516,1.0129902362823486,6674.23291015625,12,0.01176923638727645,0.6507988141793017,0,-1,1.2289521071802423e-13,6.384652806445956e-10
803,2,4510.768|4555.3364,0.012786529|0.01526323,8.02589e-05|0.00014486027,168752.66|138404.66,0.35672978|0.64327025,0.0078007146|0.014066579,Type I: 优势发育主进液簇|Type I: 优势发育主进液簇,0.03157966956496239,linear,1421.255859375,172.4883270263672,1.4266332387924194,9716.486328125,8,0.00960642001475931,0.7034299940084877,0,-1,1.4771170397942512e-13,1.2132659321650863e-09
804,1,4875.556,0.011559045,0.00013093402,513083.28,1.0,0.013149661,Type I: 优势发育主进液簇,0.03440268337726593,cosine,1432.7425537109375,77.9218521118164,0.8578904867172241,10287.29296875,6,0.008670445857878175,0.6227239639224792,0,-1,1.3455996740300864e-14,0.0
805,1,4582.602,0.007805086,0.00013165628,71950.35,1.0,0.015339364,Type I: 优势发育主进液簇,0.0011150400387123227,cosine,1474.953125,70.896484375,1.0007479190826416,13706.4931640625,8,0.011812748792434297,0.6758661586193652,0,-1,8.368634696895652e-15,2.874003257602453e-10
806,3,4670.1265|4713.917|4753.726,0.014415406|0.00031175904|0.021313844,0.00010286422|4.2211805e-06|0.00018508763,34539.652|90671710.0|20850.625,0.3521219|0.014440326|0.6334378,0.0062707555|0.00025716025|0.011280564,Type I: 优势发育主进液簇|Type IV: 砂堵闭合/未起裂死簇|Type I: 优势发育主进液簇,0.028294764459133148,cosine,1449.5252685546875,174.8498992919922,1.1618342399597168,3952.553955078125,12,0.011130861398267508,0.7137763752650612,0,-1,6.935589797786579e-14,7.457856554538012e-11
807,1,4731.411,0.009610435,0.00015337075,1019318.6,1.0,0.014435762,Type I: 优势发育主进液簇,0.07579346746206284,cosine,1473.873291015625,192.8427276611328,0.9417963624000549,9304.7080078125,4,0.009061148513112132,0.6055162547628307,0,-1,1.7736867204999618e-13,3.4560798667371273e-10
808,4,4607.778|4630.5176|4645.261|4678.3906,0.026391469|0.00046988513|0.0074601616|0.00092054374,0.0003489047|1.2544616e-06|0.0010158841|2.5656402e-06,5001.4927|52869750.0|18217.844|78067940.0,0.2567931|0.0009230905|0.7403969|0.0018869019,0.005186116|1.8642457e-05|0.014952832|3.81073e-05,Type II: 均衡/正常发育簇|Type IV: 砂堵闭合/未起裂死簇|Type V: 沟通天然断层/强微裂缝簇|Type IV: 砂堵闭合/未起裂死簇,0.09571829438209534,cosine,1410.8392333984375,139.6397705078125,1.3175774812698364,436.6461181640625,16,0.01189705608086394,0.724206904992428,1,2,1.3949461702932042e-13,2.0463630789890885e-11
809,2,4754.803|4791.9287,0.00804508|0.010615245,9.1662136e-05|0.000113696435,200671.47|151300.02,0.44638735|0.55361265,0.008007348|0.009930767,Type I: 优势发育主进液簇|Type I: 优势发育主进液簇,0.04286561161279678,linear,1410.065185546875,121.96297454833984,1.1702916622161865,7828.12939453125,6,0.010931818276980886,0.6768314528235384,0,-1,2.05016735467696e-14,1.609805622138083e-10
810,2,4788.097|4813.829,0.008042468|0.015641492,6.489394e-05|0.00011434172,101031.27|59455.832,0.36210153|0.6378985,0.006218235|0.010954394,Type I: 优势发育主进液簇|Type I: 优势发育主进液簇,0.0397220179438591,linear,1499.5340576171875,171.76181030273438,1.120350956916809,9414.748046875,8,0.011321060297644889,0.7138538978774331,0,-1,1.438478784872299e-13,6.784830475226045e-10
811,6,4691.192|4721.4736|4767.0923|4805.914|4824.4146|4849.805,0.00407765|0.015233158|0.017073324|0.01840671|0.012164792|0.004880795,5.4132095e-05|0.00014083515|0.00019430765|0.00022045047|0.000114455535|6.0574246e-05,43398.11|21530.328|18584.152|17569.182|26876.516|41397.92,0.06903808|0.179529|0.24757573|0.28082874|0.14583792|0.077190526,0.000861073|0.0022391637|0.0030878722|0.0035026183|0.001818954|0.0009627538,Type III: 受抑/欠发育弱进液簇|Type II: 均衡/正常发育簇|Type II: 均衡/正常发育簇|Type II: 均衡/正常发育簇|Type III: 受抑/欠发育弱进液簇|Type III: 受抑/欠发育弱进液簇,0.04473216086626053,cosine,1451.69873046875,183.37281799316406,0.8137079477310181,466.3875427246094,16,0.011317340819625505,0.60632262695682,0,-1,1.6815326529199398e-13,5.002220859751105e-12
812,6,4843.14|4871.342|4887.1675|4897.22|4918.0376|4950.0,0.022425232|0.0034606315|0.009218262|0.014944197|0.0057036798|0.0027504622,0.0001884644|4.6700043e-05|0.000105145955|0.00017241918|7.192148e-05|5.472114e-05,55601.664|203101.97|132119.8|72630.17|180288.81|205754.78,0.2947463|0.073083065|0.1644558|0.2695766|0.11251691|0.08562132,0.0040287874|0.0009989477|0.0022478905|0.0036847512|0.0015379555|0.0011703288,Type II: 均衡/正常发育簇|Type III: 受抑/欠发育弱进液簇|Type II: 均衡/正常发育簇|Type II: 均衡/正常发育簇|Type III: 受抑/欠发育弱进液簇|Type III: 受抑/欠发育弱进液簇,0.08095496147871017,linear,1490.312255859375,153.2631072998047,0.8917503356933594,648.1527099609375,8,0.010613654461014798,0.6372127736476946,0,-1,1.0381439767082404e-13,7.912603905424476e-11
813,6,4636.8906|4663.7397|4702.9507|4749.983|4791.7397|4831.2085,0.0037908056|0.008828682|0.010974653|0.013045818|0.016435271|0.0045605293,5.7230518e-05|9.2810296e-05|0.00014424416|0.00021605287|0.00021585885|0.00010004725,133731.8|97405.65|89106.77|62957.89|44138.64|119738.18,0.069371924|0.11244134|0.1746041|0.26131272|0.2611706|0.12109929,0.0015207168|0.0024648507|0.003827534|0.0057282923|0.005725177|0.0026546435,Type III: 受抑/欠发育弱进液簇|Type III: 受抑/欠发育弱进液簇|Type II: 均衡/正常发育簇|Type II: 均衡/正常发育簇|Type II: 均衡/正常发育簇|Type III: 受抑/欠发育弱进液簇,0.08218566328287125,linear,1417.1851806640625,168.68203735351562,1.430151104927063,964.8984375,8,0.011175813412382966,0.6995116862288439,0,-1,6.56816045779482e-14,1.0686562745831907e-11
814,6,4752.8984|4775.913|4823.1465|4862.32|4901.7627|4950.0,0.00059625175|0.0009007126|0.03907936|0.00084092526|0.0004308413|0.0028542606,4.8488273e-06|1.4933999e-06|0.00032260056|4.6926216e-06|6.112852e-06|3.360786e-05,57291676.0|61976570.0|75196.26|67337010.0|67431784.0|952686.25,0.01302581|0.004014017|0.8636709|0.012602854|0.016408611|0.09027783,0.0001938962|5.975081e-05|0.012856207|0.00018760028|0.00024425104|0.0013438342,Type IV: 砂堵闭合/未起裂死簇|Type IV: 砂堵闭合/未起裂死簇|Type I: 优势发育主进液簇|Type IV: 砂堵闭合/未起裂死簇|Type IV: 砂堵闭合/未起裂死簇|Type III: 受抑/欠发育弱进液簇,0.01652819849550724,cosine,1420.9696044921875,180.46841430664062,0.9711400866508484,1824.6282958984375,4,0.009838122219491739,0.6882402527864684,0,-1,6.421215826852428e-14,1.2460077414289117e-10
815,3,4536.4126|4584.345|4596.769,0.024167854|0.012011665|0.0022563804,0.00012623063|7.303998e-05|2.713238e-05,250835.03|529118.7|891023.3,0.5573343|0.32267207|0.11999364,0.012344241|0.007146774|0.0026577057,Type I: 优势发育主进液簇|Type II: 均衡/正常发育簇|Type III: 受抑/欠发育弱进液簇,0.015053599141538143,cosine,1497.597412109375,149.10459899902344,1.4449937343597412,9840.1337890625,6,0.008763121660402134,0.6314486347365507,0,-1,1.3580967134305816e-13,4.729372449219227e-10
816,4,4827.395|4868.6465|4887.15|4935.6646,0.0053113466|0.015786726|0.010750348|0.005235062,6.21183e-05|0.00014148865|0.000120582445|5.997685e-05,339930.88|157148.7|220526.62|336729.34,0.16181059|0.36819124|0.31377426|0.15622391,0.0030722574|0.0069907554|0.0059575536|0.0029661842,Type II: 均衡/正常发育簇|Type I: 优势发育主进液簇|Type II: 均衡/正常发育簇|Type II: 均衡/正常发育簇,0.09343886375427246,linear,1439.3828125,73.48269653320312,1.2387051582336426,2593.231201171875,6,0.009888030467295625,0.6930443042221605,0,-1,9.081675841036974e-14,8.913048077374697e-11
817,3,4630.751|4672.066|4686.3677,0.014496552|0.015684417|0.0027612955,0.00012633284|0.00021109026|5.419554e-05,274962.44|208241.33|529536.0,0.32296348|0.5383009|0.13873568,0.005537732|0.009230041|0.0023788481,Type II: 均衡/正常发育簇|Type I: 优势发育主进液簇|Type III: 受抑/欠发育弱进液簇,0.08876293897628784,linear,1407.4482421875,194.9115447998047,1.1186541318893433,2180.074951171875,6,0.009237028533662739,0.7155161540657652,0,-1,1.4163799070366712e-15,1.0732037480920553e-10
818,1,4846.6963,0.012,0.00083329284,152646.95,1.0,0.018367033,Type V: 沟通天然断层/强微裂缝簇,0.04950648173689842,cosine,1433.176025390625,74.62047576904297,1.1982746124267578,678.1771850585938,6,0.011469761962490109,0.6547917567697454,1,0,3.513453024068906e-14,6.252776074688882e-12
819,3,4759.264|4785.397|4833.099,0.008689394|0.02231095|0.009193328,7.051995e-05|0.00012900154|6.457399e-05,31622.408|14722.266|32031.771,0.26703355|0.48845112|0.24451534,0.0044809286|0.008196402|0.004103064,Type II: 均衡/正常发育簇|Type I: 优势发育主进液簇|Type II: 均衡/正常发育簇,0.02652616798877716,cosine,1425.47705078125,77.46868133544922,1.0947614908218384,4170.03173828125,16,0.010990476061664393,0.6711218916730802,0,-1,1.1536983120143812e-13,0.0
820,5,4519.419|4543.3525|4578.3516|4593.8086|4611.5454,0.007093523|0.012936384|0.033277504|0.0061253062|0.00069052435,7.9388905e-05|0.00012794734|0.0002638052|4.9902814e-05|4.343334e-06,132551.86|95177.125|26134.285|140273.64|62473450.0,0.15117215|0.24352476|0.50200397|0.0950314|0.008267712,0.0027329358|0.004402514|0.00907538|0.0017180064|0.0001494662,Type II: 均衡/正常发育簇|Type II: 均衡/正常发育簇|Type I: 优势发育主进液簇|Type III: 受抑/欠发育弱进液簇|Type IV: 砂堵闭合/未起裂死簇,0.09592930227518082,linear,1452.4498291015625,131.36370849609375,1.179437518119812,1377.2696533203125,12,0.009284222761041924,0.6410342732563872,0,-1,1.0324876939743835e-13,2.3874235921539366e-11
821,3,4852.1533|4882.124|4897.4727,0.013612151|0.005709558|0.022808751,8.89035e-05|3.718288e-05|0.0001502422,39704.35|63753.297|24279.014,0.32175276|0.13458169|0.5436656,0.0055682957|0.0023290885|0.009408749,Type II: 均衡/正常发育簇|Type III: 受抑/欠发育弱进液簇|Type I: 优势发育主进液簇,0.03944176807999611,cosine,1434.6375732421875,139.7850341796875,1.1290608644485474,4122.88623046875,12,0.011869870079682179,0.6015532221059001,0,-1,7.73833511917392e-14,3.383320290595293e-10
822,4,4762.2227|4788.375|4811.7856|4828.546,0.005372354|0.005773032|0.012|0.0109987715,4.85848e-05|5.668316e-05|0.0007467852|7.6802666e-05,53537.62|53216.465|20422.314|33557.918,0.052576516|0.061314408|0.80305845|0.083050616,0.001127627|0.0013150315|0.017223476|0.0017812158,Type III: 受抑/欠发育弱进液簇|Type III: 受抑/欠发育弱进液簇|Type V: 沟通天然断层/强微裂缝簇|Type III: 受抑/欠发育弱进液簇,0.016150077804923058,cosine,1430.7822265625,61.287601470947266,1.3992359638214111,688.4118041992188,16,0.009524160538570012,0.7338268896320362,1,2,3.1220790790978045e-14,0.0
823,2,4634.2085|4648.734,0.014359465|0.009771098,0.00010300372|7.713579e-05,61325.723|82721.57,0.57178074|0.42821923,0.0074405307|0.0055723777,Type I: 优势发育主进液簇|Type I: 优势发育主进液簇,0.027828654274344444,linear,1438.730712890625,117.16188049316406,0.8489686846733093,5370.693359375,8,0.011496133049701311,0.7210704227157222,0,-1,9.118260210468423e-14,1.90084392670542e-10
824,3,4769.026|4792.999|4829.657,0.00417585|0.0031088213|0.028533831,4.287673e-05|3.271175e-05|0.00022460305,250191.44|254525.28|53595.215,0.1429574|0.10907259|0.74797,0.0031618506|0.0024124053|0.016543176,Type III: 受抑/欠发育弱进液簇|Type III: 受抑/欠发育弱进液簇|Type I: 优势发育主进液簇,0.0489160493016243,cosine,1400.360595703125,77.43599700927734,1.4429523944854736,5611.98046875,8,0.01032660366957004,0.6226133395434783,0,-1,1.2549186136859986e-13,5.002220859751105e-11
825,6,4768.393|4785.5547|4831.569|4881.5513|4918.1567|4935.992,0.015961137|0.014761683|0.016487084|0.009851455|0.019786794|0.004998078,8.8626366e-05|0.0001058547|0.0001559998|8.867894e-05|0.00012381817|6.738721e-05,200284.39|218610.19|180052.39|285498.1|149384.86|323982.75,0.14070702|0.16796805|0.24725452|0.14069113|0.19643007|0.10694923,0.0019434534|0.0023199844|0.003415094|0.001943234|0.0027131035|0.0014771891,Type III: 受抑/欠发育弱进液簇|Type II: 均衡/正常发育簇|Type II: 均衡/正常发育簇|Type III: 受抑/欠发育弱进液簇|Type II: 均衡/正常发育簇|Type III: 受抑/欠发育弱进液簇,0.03601910173892975,cosine,1477.1778564453125,194.32009887695312,0.9011056423187256,713.1331787109375,6,0.010203360548896362,0.6966401761350749,0,-1,1.6942746034268041e-13,0.0
826,2,4623.5566|4652.0625,0.022367144|0.0027960204,0.00028912828|4.1981988e-05,130972.086|388678.72,0.87264264|0.1273574,0.0155105395|0.002263678,Type I: 优势发育主进液簇|Type III: 受抑/欠发育弱进液簇,0.09032619744539261,linear,1483.2874755859375,191.75221252441406,1.15959894657135,3160.365234375,6,0.010422973533016246,0.6612735752092294,0,-1,6.597607388799526e-14,1.5870682545937598e-10
827,2,4724.2354|4759.593,0.0108057475|0.005842893,0.0001453309|8.2052e-05,292594.75|454604.4,0.6387891|0.36121085,0.011320239|0.0064011626,Type I: 优势发育主进液簇|Type I: 优势发育主进液簇,0.018894756212830544,cosine,1400.9571533203125,199.54957580566406,1.1561532020568848,6364.50341796875,4,0.011582932112858615,0.6220787250726164,0,-1,1.0160838506299494e-13,7.630660547874868e-10
828,1,4771.595,0.014500895,0.00016188688,148374.16,1.0,0.01826912,Type I: 优势发育主进液簇,0.04845646023750305,cosine,1450.993896484375,56.4984130859375,1.1918865442276,12905.9326171875,12,0.008341667942935116,0.6257697615733706,0,-1,1.034997147665237e-13,3.219611244276166e-10
829,4,4650.048|4691.0327|4739.664|4757.6885,0.00793947|0.02316134|0.0045441333|0.008947647,7.9670775e-05|0.00017526925|9.224189e-05|9.721773e-05,493400.6|199036.55|570673.94|465425.94,0.17945834|0.39416447|0.20756575|0.21881144,0.0022342901|0.0049074222|0.002584233|0.0027242438,Type II: 均衡/正常发育簇|Type I: 优势发育主进液簇|Type II: 均衡/正常发育簇|Type II: 均衡/正常发育簇,0.04309554398059845,linear,1499.0614013671875,88.13092041015625,0.8122565746307373,906.65576171875,4,0.011458948343711485,0.6077816928300369,0,-1,5.782323946913748e-14,2.7625901566352695e-11
830,6,4802.171|4824.322|4845.1953|4882.935|4901.5327|4950.0,0.0048747472|0.0038021859|0.004439418|0.018836588|0.008901006|0.01705451,4.4874465e-05|3.9793635e-05|4.8398582e-05|0.00016046884|8.0067424e-05|0.00016594572,579751.25|647851.25|604777.1|201227.08|450729.38|235502.12,0.08332264|0.07388582|0.08983762|0.29726663|0.14848983|0.30719745,0.0019074086|0.0016913825|0.0020565486|0.0068049813|0.0033992059|0.0070323157,Type III: 受抑/欠发育弱进液簇|Type III: 受抑/欠发育弱进液簇|Type III: 受抑/欠发育弱进液簇|Type II: 均衡/正常发育簇|Type III: 受抑/欠发育弱进液簇|Type II: 均衡/正常发育簇,0.01840359717607498,cosine,1467.097412109375,153.6392059326172,1.493475317955017,2063.816650390625,4,0.01052264387223241,0.7253057653488334,0,-1,5.122667901306076e-14,7.503331289626658e-11
831,6,4584.033|4631.881|4651.995|4678.3687|4719.498|4744.0713,0.017010326|0.005|0.010299497|0.004488551|0.012974761|0.010245401,0.00023352959|0.0005|0.00013291057|7.4457836e-05|0.00012678192|0.00015928796,9260.839|25218.98|17866.543|24732.51|12193.146|15320.394,0.19071047|0.4067501|0.10843545|0.060747605|0.10342645|0.1299299,0.0041527664|0.008857082|0.002361208|0.0013227937|0.0022521357|0.0028292548,Type II: 均衡/正常发育簇|Type V: 沟通天然断层/强微裂缝簇|Type III: 受抑/欠发育弱进液簇|Type III: 受抑/欠发育弱进液簇|Type III: 受抑/欠发育弱进液簇|Type III: 受抑/欠发育弱进液簇,0.017665594816207886,linear,1470.3623046875,193.77186584472656,1.4206275939941406,597.80419921875,16,0.01196004305900393,0.6964995823809657,1,1,2.0250831176890638e-13,6.207301339600235e-11
832,4,4729.7603|4775.467|4796.1133|4845.0903,0.0050105923|0.016054539|0.018313503|0.006007155,5.990171e-05|0.00016210688|0.00019754106|5.590443e-05,144575.8|74647.87|63123.367|142002.17,0.12608948|0.34092423|0.4153293|0.117656976,0.0018452243|0.0049891686|0.0060780304|0.0017218209,Type III: 受抑/欠发育弱进液簇|Type II: 均衡/正常发育簇|Type I: 优势发育主进液簇|Type III: 受抑/欠发育弱进液簇,0.04576898366212845,cosine,1431.5150146484375,68.27963256835938,0.9547454714775085,1058.9984130859375,8,0.011102303093531867,0.6542501332756451,0,-1,7.740573319033744e-14,3.1377567211166024e-11
833,2,4816.6978|4833.5405,0.008258788|0.013157552,4.894337e-05|0.0001238496,20602.66|14597.342,0.28326744|0.71673256,0.004001286|0.010124185,Type II: 均衡/正常发育簇|Type I: 优势发育主进液簇,0.058241184800863266,linear,1425.9678955078125,61.04487228393555,0.9215528964996338,6784.24853515625,16,0.011698092013930947,0.7048211574035786,0,-1,1.322644115541935e-13,2.000888343900442e-10
834,2,4550.996|4570.4385,0.008412096|0.006561277,0.00012269584|8.899677e-05,128068.875|184995.97,0.5795388|0.42046115,0.009403791|0.006822543,Type I: 优势发育主进液簇|Type I: 优势发育主进液簇,0.047264378517866135,cosine,1461.5543212890625,97.69458770751953,1.0586142539978027,6031.91259765625,8,0.00931145120876651,0.7499346465518928,0,-1,5.5378295807546885e-14,1.7826096154749393e-10
835,2,4618.1357|4655.5156,0.012|0.00025977596,0.0015|4.6541873e-06,580837.75|89274060.0,0.99531394|0.0046860413,0.017751668|8.3576684e-05,Type V: 沟通天然断层/强微裂缝簇|Type IV: 砂堵闭合/未起裂死簇,0.08677421510219574,linear,1466.3114013671875,115.40868377685547,1.163580298423767,498.0649719238281,4,0.008952702062915043,0.6103165963471561,1,0,9.4929462511259e-14,1.0970779840135947e-11
836,3,4850.977|4890.9707|4915.5312,0.005|0.02503913|0.0030038985,0.0005|0.00017161276|2.8883404e-05,177772.23|38548.57|163839.88,0.7094264|0.2486958|0.041877788,0.015702749|0.00550474|0.00092694093,Type V: 沟通天然断层/强微裂缝簇|Type II: 均衡/正常发育簇|Type III: 受抑/欠发育弱进液簇,0.08530334383249283,cosine,1443.572021484375,139.1815643310547,1.4440613985061646,1265.1328125,8,0.010639764841353733,0.7266161434344065,1,0,1.4843689970754637e-13,1.355147105641663e-10
837,4,4646.2627|4677.8516|4724.385|4758.334,0.012135878|0.016475834|0.007990821|0.003677909,9.148878e-05|0.00014401392|0.00012018162|4.37049e-05,292464.78|182283.0|338907.72|479600.53,0.22920477|0.36053327|0.3006951|0.10956686,0.0032890183|0.005173542|0.004314882|0.0015722509,Type II: 均衡/正常发育簇|Type I: 优势发育主进液簇|Type II: 均衡/正常发育簇|Type III: 受抑/欠发育弱进液簇,0.006868542637676001,cosine,1420.0877685546875,191.45310974121094,0.9361812472343445,1526.082275390625,6,0.009725773320573781,0.6470648844865763,0,-1,3.783833055909236e-14,4.75210981676355e-11
838,5,4841.4165|4872.926|4883.0376|4908.2437|4937.417,0.00097469724|0.00020453929|0.033707388|0.011629161|0.00430409,2.66195e-06|6.6574908e-06|0.00034217245|0.00016546079|4.3247444e-05,88653180.0|82633896.0|5766.104|25416.855|41801.223,0.004753124|0.011867225|0.6108068|0.2953514|0.07722143,9.403261e-05|0.00023477322|0.012083793|0.005843034|0.0015276971,Type IV: 砂堵闭合/未起裂死簇|Type IV: 砂堵闭合/未起裂死簇|Type I: 优势发育主进液簇|Type II: 均衡/正常发育簇|Type III: 受抑/欠发育弱进液簇,0.042761486023664474,linear,1452.014404296875,108.32678985595703,1.2906744480133057,1433.55126953125,16,0.01109787367915601,0.6339591034112178,0,-1,2.141295089375453e-13,1.9394974515307695e-10
839,3,4704.6753|4733.4116|4760.11,0.00050990307|0.011091586|0.01431298,9.252155e-06|0.000121838944|0.00013878892,81645850.0|130213.47|90562.59,0.034199126|0.45147476|0.5143261,0.000563956|0.0074449824|0.008481423,Type IV: 砂堵闭合/未起裂死簇|Type I: 优势发育主进液簇|Type I: 优势发育主进液簇,0.0781579464673996,cosine,1414.455078125,175.75621032714844,1.0758395195007324,3969.105712890625,8,0.009848643316497669,0.6789390158053152,0,-1,1.6831393388956097e-14,2.7284841053187847e-12
840,3,4793.4424|4842.1123|4861.2305,0.012614142|0.01845303|0.00047306804,0.00019089045|0.00024052418|5.823326e-06,72858.445|46670.934|62000664.0,0.4366016|0.55007654|0.01332186,0.005890644|0.007421652|0.00017973901,Type I: 优势发育主进液簇|Type I: 优势发育主进液簇|Type IV: 砂堵闭合/未起裂死簇,0.09797857701778412,cosine,1434.572509765625,173.59481811523438,0.8802272081375122,1164.094970703125,8,0.011799482762991385,0.6497364062443495,0,-1,7.727290487168081e-14,6.139089236967266e-12
841,3,4606.8994|4652.117|4700.725,0.0045197248|0.0128465695|0.018485706,5.233907e-05|0.00010413666|0.00012484835,129584.19|77387.805|52311.758,0.18608995|0.37014684|0.44376323,0.0024593712|0.004891873|0.0058647897,Type II: 均衡/正常发育簇|Type I: 优势发育主进液簇|Type I: 优势发育主进液簇,0.06824018806219101,cosine,1426.7022705078125,145.0852508544922,0.8622207045555115,2386.804931640625,12,0.009465829247822476,0.6661718874351787,0,-1,6.87797190620891e-14,2.532942744437605e-10
842,6,4655.1943|4682.436|4722.698|4769.3267|4801.352|4823.7476,0.007267337|0.009517865|0.019437611|0.018146086|0.0033127537|0.008925441,7.973554e-05|7.839761e-05|0.00014830013|0.00014243825|4.043145e-05|8.5435124e-05,507695.66|457004.12|281679.4|261731.64|706478.2|488434.3,0.13884711|0.13652724|0.2577888|0.24769099|0.07045268|0.14869316,0.0029081947|0.0028596043|0.005399464|0.005187962|0.0014756527|0.0031144228,Type III: 受抑/欠发育弱进液簇|Type III: 受抑/欠发育弱进液簇|Type II: 均衡/正常发育簇|Type II: 均衡/正常发育簇|Type III: 受抑/欠发育弱进液簇|Type III: 受抑/欠发育弱进液簇,0.09269454330205917,linear,1449.09912109375,88.39090728759766,1.3664820194244385,1505.4002685546875,4,0.010786672423440597,0.6701102145311554,0,-1,7.487073298579477e-14,2.071374183287844e-10
843,2,4552.762|4586.5566,0.012|0.00029468496,0.0011497892|7.868785e-06,10707.349|93166590.0,0.99317473|0.006825246,0.015533632|0.00010674945,Type V: 沟通天然断层/强微裂缝簇|Type IV: 砂堵闭合/未起裂死簇,0.07390252500772476,linear,1435.27294921875,197.44747924804688,1.0203863382339478,427.8849182128906,16,0.011777896539076151,0.653331680504974,1,0,1.319866118525484e-13,3.410605131648481e-11
844,1,4817.289,0.010517527,0.00010850365,121074.07,1.0,0.012901489,Type I: 优势发育主进液簇,0.0436256043612957,linear,1455.4757080078125,176.68795776367188,0.8416996002197266,14367.802734375,12,0.008803674064079446,0.6216301906891157,0,-1,8.040658118707925e-14,7.203198038041592e-10
845,2,4624.3823|4667.6777,0.009462389|0.012082317,0.00010700645|0.00017569213,73092.625|62867.633,0.37865403|0.62134594,0.0054530865|0.008948151,Type I: 优势发育主进液簇|Type I: 优势发育主进液簇,0.07436792552471161,cosine,1496.952392578125,90.67518615722656,0.9395439624786377,2728.96044921875,16,0.008781288447897918,0.6268024127103158,0,-1,1.4093416985196984e-14,2.0509105524979532e-10
846,6,4801.333|4828.3403|4838.3623|4870.094|4905.2256|4950.0,0.008924524|0.029443942|0.0008925648|0.011655519|0.0006123159|0.0007720223,0.000105651045|0.00028485176|4.568492e-06|0.00011963028|9.335628e-06|9.622459e-06,32334.576|5149.735|86581890.0|27913.541|63152430.0|68031560.0,0.19801593|0.5338133|0.008555395|0.2241856|0.01745038|0.017979419,0.0035766251|0.009641902|0.00015453021|0.00404931|0.00031519416|0.00032474985,Type II: 均衡/正常发育簇|Type I: 优势发育主进液簇|Type IV: 砂堵闭合/未起裂死簇|Type II: 均衡/正常发育簇|Type IV: 砂堵闭合/未起裂死簇|Type IV: 砂堵闭合/未起裂死簇,0.07323549687862396,cosine,1411.6614990234375,141.42254638671875,1.1783943176269531,1351.3553466796875,16,0.010797668045496487,0.6446302970373459,0,-1,7.625660086024721e-14,6.821210263296962e-13
847,1,4871.042,0.012111609,0.00011996693,289039.3,1.0,0.017118104,Type I: 优势发育主进液簇,0.058186862617731094,linear,1430.2939453125,69.55745697021484,1.1167937517166138,20572.69140625,4,0.01170510837359214,0.6876929005608448,0,-1,2.7969432800085785e-14,1.3351382222026587e-09
848,5,4607.338|4655.7603|4693.24|4741.6045|4758.066,0.0043456284|0.012927234|0.012114012|0.014336572|0.012995279,6.185872e-05|0.00014723667|0.00016586034|0.00020063223|0.00017438184,247116.89|131208.64|145196.36|126910.95|149653.23,0.082659826|0.1964704|0.22114408|0.26731977|0.23240593,0.0012135598|0.0028844553|0.0032466988|0.0039246213|0.003412038,Type III: 受抑/欠发育弱进液簇|Type II: 均衡/正常发育簇|Type II: 均衡/正常发育簇|Type II: 均衡/正常发育簇|Type II: 均衡/正常发育簇,0.02897215075790882,cosine,1411.0672607421875,116.24378204345703,0.9578201770782471,542.0021362304688,6,0.011577122988037168,0.6382862616326993,0,-1,9.310859917267822e-14,7.628386811120436e-11
849,4,4826.1084|4865.0903|4912.8047|4950.0,0.005|0.010341818|0.009637704|0.014236797,0.0005|0.00015382051|0.00013377417|0.00020212702,1097851.6|567743.75|633372.44|425293.0,0.47676212|0.16444798|0.14314872|0.2156412,0.0076324665|0.0026326415|0.0022916626|0.0034521918,Type V: 沟通天然断层/强微裂缝簇|Type II: 均衡/正常发育簇|Type III: 受抑/欠发育弱进液簇|Type II: 均衡/正常发育簇,0.0997394546866417,cosine,1440.2841796875,108.86664581298828,1.0444327592849731,456.1510314941406,4,0.010001777908371577,0.6324340960465195,1,0,1.304648663408292e-13,3.745981302927248e-11
850,2,4725.837|4758.3203,0.009779819|0.011659013,9.7574e-05|0.00012873439,764826.9|634867.7,0.4315516|0.56844836,0.00613381|0.008079577,Type I: 优势发育主进液簇|Type I: 优势发育主进液簇,0.03035418502986431,linear,1499.10498046875,52.02105712890625,0.9272885322570801,4071.56787109375,4,0.00965048163385331,0.6492172544997876,0,-1,6.102428116186399e-15,2.405613486189395e-10
851,6,4755.83|4769.158|4810.78|4831.9434|4874.21|4918.119,0.010026172|0.030563226|0.0054755653|0.014958848|0.0064705997|0.014576275,7.811317e-05|0.00013591582|4.327277e-05|0.00010510429|5.058254e-05|0.00010340818,49459.312|20206.59|64530.758|37010.473|64715.902|39480.07,0.15128547|0.2632121|0.08380515|0.2035172|0.09795467|0.2002254,0.0032619508|0.0056752632|0.0018069696|0.0043881484|0.0021120554|0.004317172,Type II: 均衡/正常发育簇|Type II: 均衡/正常发育簇|Type III: 受抑/欠发育弱进液簇|Type II: 均衡/正常发育簇|Type III: 受抑/欠发育弱进液簇|Type II: 均衡/正常发育簇,0.02731737494468689,linear,1419.1807861328125,85.4747314453125,1.4066870212554932,1919.0242919921875,16,0.009786856830091558,0.6408992871627999,0,-1,4.022722774462903e-14,1.6825651982799172e-11
852,1,4503.346,0.010892252,0.00011167237,314452.94,1.0,0.017054541,Type I: 优势发育主进液簇,0.042171772569417953,linear,1431.3966064453125,166.02651977539062,1.1126468181610107,23633.88671875,4,0.011520123653089605,0.6801512639541283,0,-1,1.5928760860230845e-13,1.495209289714694e-09
853,6,4618.5703|4659.7676|4675.4526|4721.371|4749.8843|4791.6846,0.00076336745|0.031617068|0.012|0.017318625|0.007898116|0.00044611725,6.0358557e-06|0.00016645949|0.00067722524|9.766605e-05|5.8424022e-05|7.645776e-06,96295430.0|12307.242|25080.242|24101.938|39082.652|84603650.0,0.005974621|0.16489056|0.6669879|0.09672735|0.057865072|0.007554474,7.657294e-05|0.002113298|0.008548363|0.0012396934|0.00074162|9.682092e-05,Type IV: 砂堵闭合/未起裂死簇|Type II: 均衡/正常发育簇|Type V: 沟通天然断层/强微裂缝簇|Type III: 受抑/欠发育弱进液簇|Type III: 受抑/欠发育弱进液簇|Type IV: 砂堵闭合/未起裂死簇,0.07059551775455475,cosine,1478.0382080078125,69.27590942382812,0.836146354675293,261.89239501953125,16,0.010508555031822393,0.6483570043979076,1,2,1.1910992212069843e-13,2.2680524125462398e-11
854,5,4818.967|4859.3994|4893.636|4922.0435|4950.0,0.02354498|0.0004579626|0.01741566|0.0028480373|0.011631681,0.00020267931|7.4650297e-06|0.00014629612|3.8446382e-05|0.00012397219,18241.785|58837464.0|22558.39|58710.492|33268.266,0.39063513|0.014368425|0.28195977|0.074111976|0.23892471,0.006370373|0.00023431644|0.0045981244|0.0012085983|0.0038963202,Type I: 优势发育主进液簇|Type IV: 砂堵闭合/未起裂死簇|Type II: 均衡/正常发育簇|Type III: 受抑/欠发育弱进液簇|Type II: 均衡/正常发育簇,0.059865329414606094,cosine,1485.21044921875,75.9524917602539,1.0639246702194214,1116.68896484375,12,0.01168735069351465,0.6673416126872438,0,-1,1.427542979659524e-13,2.8421709430404007e-11
855,1,4658.519,0.011043255,0.00012764687,188371.1,1.0,0.017086314,Type I: 优势发育主进液簇,0.07715844362974167,linear,1467.25830078125,68.416748046875,1.1147197484970093,18096.078125,8,0.009538642995506394,0.6380098172800409,0,-1,4.3047478152620847e-14,1.3715180102735758e-09
856,1,4898.719,0.010314265,0.00014088886,226867.69,1.0,0.022752555,Type I: 优势发育主进液簇,0.02683943510055542,linear,1438.5662841796875,147.02906799316406,1.4843881130218506,26446.611328125,6,0.010134516256319514,0.6904936156520884,0,-1,6.358667525895381e-14,7.385096978396177e-10
857,2,4645.507|4660.673,0.0037826893|0.018457068,6.532512e-05|0.00015995058,425019.2|169279.4,0.29023853|0.7097615,0.005117635|0.012514879,Type II: 均衡/正常发育簇|Type I: 优势发育主进液簇,0.09384071081876755,linear,1458.16748046875,72.78721618652344,1.150354027748108,6279.8095703125,6,0.010279550619523768,0.6181173857355956,0,-1,1.0172707809582779e-13,1.9554136088117957e-10
858,5,4577.7886|4589.491|4627.1895|4638.062|4686.893,0.022072576|0.00040780706|0.013066195|0.010103627|0.0033882777,0.000103474194|5.275474e-06|0.00010759081|0.00011103354|3.1378575e-05,115723.76|65276612.0|195517.98|211885.4|373572.06,0.2885369|0.014706144|0.29984352|0.30938262|0.08753083,0.0035585072|0.00018136993|0.0036979509|0.0038155962|0.0010795121,Type II: 均衡/正常发育簇|Type IV: 砂堵闭合/未起裂死簇|Type II: 均衡/正常发育簇|Type II: 均衡/正常发育簇|Type III: 受抑/欠发育弱进液簇,0.004314756952226162,cosine,1430.0433349609375,171.2478485107422,0.8046069741249084,1384.001708984375,6,0.010323826319759062,0.6525527145549953,0,-1,1.3306226238039842e-13,2.1123014448676258e-10
859,4,4556.2246|4590.2036|4629.5483|4650.3193,0.012|0.025115473|0.0005017806|0.0002273504,0.0014205507|0.00024720503|9.907155e-06|4.1289236e-06,34374.38|18007.549|76100270.0|83544904.0,0.8403114|0.15112728|0.006037502|0.0025237834,0.016933076|0.0030453587|0.00012166141|5.0856637e-05,Type V: 沟通天然断层/强微裂缝簇|Type II: 均衡/正常发育簇|Type IV: 砂堵闭合/未起裂死簇|Type IV: 砂堵闭合/未起裂死簇,0.08027658611536026,cosine,1453.6890869140625,69.69831848144531,1.314658284187317,296.4062194824219,12,0.010629999729092773,0.7349960921321433,1,0,7.248476992238739e-14,2.4385826691286638e-11
860,2,4593.175|4641.753,0.004660259|0.016959773,5.4534135e-05|0.000119102435,68451.34|30421.277,0.31409815|0.6859018,0.005284866|0.011540657,Type II: 均衡/正常发育簇|Type I: 优势发育主进液簇,0.05501462146639824,linear,1466.673583984375,89.68616485595703,1.097705602645874,9535.83203125,16,0.009328792699853802,0.6861094033044043,0,-1,4.20650927285271e-14,1.3278622645884752e-10
861,3,4514.5566|4535.4224|4583.4663,0.019326856|0.008429977|0.007923931,0.0001127279|6.843359e-05|7.5976306e-05,88994.23|149887.12|141947.75,0.43835276|0.2661649|0.29548234,0.0068207015|0.004141485|0.0045976597,Type I: 优势发育主进液簇|Type II: 均衡/正常发育簇|Type II: 均衡/正常发育簇,0.06301138550043106,cosine,1475.587646484375,116.87683868408203,1.015132188796997,3826.483154296875,8,0.010154712885545125,0.7009404372395374,0,-1,1.650010355669189e-14,1.177795638795942e-10
862,1,4694.0293,0.016670095,0.0001889385,29247.578,1.0,0.012832004,Type I: 优势发育主进液簇,0.01173141598701477,linear,1488.96826171875,68.7956314086914,0.8371663689613342,4717.93115234375,16,0.01002421010481704,0.7404959920308759,0,-1,9.246809318675525e-14,1.864464138634503e-10
863,5,4722.609|4757.596|4806.981|4817.6343|4828.261,0.013368342|0.009399691|0.025527855|0.005407249|0.006490205,0.00015650499|7.976367e-05|0.00025235736|6.200715e-05|6.697572e-05,127809.375|164770.39|55395.38|203206.48|179249.25,0.25338244|0.12925173|0.4083627|0.10047669|0.10852643,0.0044664093|0.0022783394|0.007198269|0.0017711173|0.0019130113,Type II: 均衡/正常发育簇|Type III: 受抑/欠发育弱进液簇|Type I: 优势发育主进液簇|Type III: 受抑/欠发育弱进液簇|Type III: 受抑/欠发育弱进液簇,0.07468120753765106,cosine,1448.0396728515625,53.487937927246094,1.1500039100646973,929.9871826171875,6,0.01130076620235403,0.7468518989754558,0,-1,7.754868524677966e-14,3.433342499192804e-11
864,6,4790.533|4823.0137|4866.1016|4878.5312|4908.1357|4920.8755,0.0037622328|0.008163855|0.008808351|0.014744673|0.02502991|0.0114870565,4.0333027e-05|6.1932646e-05|0.0005769456|8.832628e-05|0.00016386704|0.00011797351,2129126.8|1663570.2|1582944.8|1224610.1|515690.3|1317136.0,0.04304239|0.06596208|0.49855235|0.09386267|0.17376056|0.124819934,0.0007257798|0.001112251|0.008406578|0.00158271|0.0029299464|0.0021047108,Type III: 受抑/欠发育弱进液簇|Type III: 受抑/欠发育弱进液簇|Type V: 沟通天然断层/强微裂缝簇|Type III: 受抑/欠发育弱进液簇|Type II: 均衡/正常发育簇|Type III: 受抑/欠发育弱进液簇,0.07834377884864807,linear,1479.7406005859375,150.907958984375,1.100083827972412,531.1477661132812,4,0.008128457019402822,0.6800476017487146,1,2,7.139721349943076e-14,1.2732925824820995e-11
865,6,4609.6997|4640.1455|4675.44|4695.0063|4742.409|4775.126,0.0064809164|0.018847441|0.033175983|0.0007701803|0.00073172466|0.00052102236,5.557066e-05|0.00015053008|0.000246728|2.059233e-06|7.76729e-06|9.640343e-06,88732.92|32395.7|17201.242|83285080.0|65815344.0|78672850.0,0.11771991|0.31877252|0.5223779|0.0043613645|0.016421106|0.020347163,0.0015877795|0.0042995317|0.007045715|5.8825095e-05|0.00022148414|0.00027443792,Type III: 受抑/欠发育弱进液簇|Type II: 均衡/正常发育簇|Type I: 优势发育主进液簇|Type IV: 砂堵闭合/未起裂死簇|Type IV: 砂堵闭合/未起裂死簇|Type IV: 砂堵闭合/未起裂死簇,0.08916740864515305,cosine,1441.9088134765625,178.21092224121094,0.879949152469635,1029.1243896484375,12,0.010269965119107195,0.6465999225223245,0,-1,1.7877418092442955e-14,9.140421752817929e-11
866,3,4703.4766|4733.8164|4783.2905,0.022495337|0.0039971275|0.002487882,0.00022903692|6.038601e-05|3.8192065e-05,163839.17|597744.06|667209.75,0.6983847|0.18471763|0.116897695,0.0115456935|0.0030537513|0.0019325523,Type I: 优势发育主进液簇|Type II: 均衡/正常发育簇|Type III: 受抑/欠发育弱进液簇,0.01978609338402748,cosine,1443.9293212890625,87.10340881347656,1.0785558223724365,2702.332275390625,6,0.008857107715650077,0.6912639145059642,0,-1,9.737621543522493e-14,1.3642420526593924e-12
867,5,4536.0376|4557.7573|4593.1|4604.35|4652.9897,0.0007130898|0.020614913|0.00074010534|0.011538488|0.00851124,2.128593e-06|0.0002553519|4.0232126e-06|0.00018456344|9.9597826e-05,90512800.0|15795.772|58084184.0|28003.633|46314.66,0.0039025503|0.4679542|0.007372762|0.3382138|0.1825567,5.13968e-05|0.0061629824|9.7099684e-05|0.004454294|0.0024042819,Type IV: 砂堵闭合/未起裂死簇|Type I: 优势发育主进液簇|Type IV: 砂堵闭合/未起裂死簇|Type II: 均衡/正常发育簇|Type II: 均衡/正常发育簇,0.07702527940273285,linear,1450.640380859375,54.567718505859375,0.8592210412025452,670.057373046875,16,0.009678916698262213,0.6774437671529386,0,-1,1.0273945526251792e-14,0.0
868,2,4577.447|4596.5435,0.013706026|0.011793868,0.00014835832|0.000106369676,561573.44|669715.44,0.5818437|0.41815633,0.011845826|0.008513296,Type I: 优势发育主进液簇|Type I: 优势发育主进液簇,0.04914136976003647,linear,1407.603271484375,95.0606918334961,1.3282393217086792,6625.90185546875,6,0.008101142802351228,0.6550927034738947,0,-1,4.532970000878031e-14,2.3646862246096134e-10
869,5,4623.1523|4663.648|4698.092|4724.7344|4761.9194,0.011983362|0.02131694|0.00884608|0.005384113|0.004109386,7.931233e-05|0.00010018081|8.264786e-05|3.670987e-05|2.976859e-05,67005.35|35342.336|81744.914|112711.15|122640.36,0.24135615|0.30485559|0.25147218|0.111719325|0.09059677,0.0042821434|0.0054087513|0.0044616223|0.0019821255|0.001607369,Type II: 均衡/正常发育簇|Type II: 均衡/正常发育簇|Type II: 均衡/正常发育簇|Type III: 受抑/欠发育弱进液簇|Type III: 受抑/欠发育弱进液簇,0.06547702103853226,linear,1455.9090576171875,194.8452911376953,1.157497763633728,3170.098388671875,8,0.011558091118356182,0.6904067687420314,0,-1,9.425500744481008e-14,2.1782398107461631e-10
870,1,4801.057,0.0142153865,0.00010346958,50881.863,1.0,0.015069199,Type I: 优势发育主进液簇,0.0607389360666275,linear,1434.1827392578125,160.61932373046875,0.9831221103668213,21427.306640625,16,0.008846416029634478,0.7195356152782799,0,-1,5.1227139798984064e-14,8.076312951743603e-10
871,4,4820.006|4869.0977|4916.63|4950.0,0.008808235|0.015714249|0.015583991|0.008146523,5.2681884e-05|0.000101661135|9.393334e-05|4.4607394e-05,168441.42|92096.39|90525.67|168227.1,0.17990604|0.34706384|0.32069993|0.15233019,0.0029965397|0.005780743|0.005341622|0.0025372326,Type II: 均衡/正常发育簇|Type II: 均衡/正常发育簇|Type II: 均衡/正常发育簇|Type II: 均衡/正常发育簇,0.0785394087433815,linear,1477.5972900390625,195.2658233642578,1.086654782295227,3486.42529296875,12,0.008078553720280629,0.7415626860714505,0,-1,2.8953480102822046e-14,0.0
872,4,4706.8716|4718.2075|4763.4507|4805.025,0.011251313|0.023739833|0.0008657716|0.0027685852,0.000117603224|0.000242958|3.0803474e-06|4.09393e-05,66467.78|27958.684|94105670.0|122834.305,0.29073644|0.60040534|0.0076151136|0.101243116,0.006089347|0.012575227|0.00015949522|0.0021204927,Type II: 均衡/正常发育簇|Type I: 优势发育主进液簇|Type IV: 砂堵闭合/未起裂死簇|Type III: 受抑/欠发育弱进液簇,0.06952918320894241,cosine,1430.8233642578125,57.60883712768555,1.3664337396621704,2824.454345703125,12,0.010069179350291377,0.6117046779413605,0,-1,5.913671651978578e-14,2.72393663180992e-10
873,6,4830.2734|4843.014|4867.29|4898.2847|4931.363|4945.3257,0.0009495916|0.007088384|0.030104505|0.0007759103|0.0072877123|0.015490826,7.026201e-06|8.869127e-05|0.00028131748|5.522577e-06|7.603069e-05|0.00014188168,50860944.0|167670.75|28398.225|52379764.0|160726.27|94696.21,0.011699923|0.14776278|0.46840662|0.009198043|0.12666968|0.23626296,0.00022700983|0.0028669934|0.009088343|0.00017846665|0.002457731|0.0045841346,Type IV: 砂堵闭合/未起裂死簇|Type III: 受抑/欠发育弱进液簇|Type I: 优势发育主进液簇|Type IV: 砂堵闭合/未起裂死簇|Type III: 受抑/欠发育弱进液簇|Type II: 均衡/正常发育簇,0.0851898267865181,linear,1482.7742919921875,102.03080749511719,1.2658405303955078,1222.087158203125,8,0.010999781825937516,0.6034492227375247,0,-1,2.0062795283611046e-13,1.887201506178826e-10
874,4,4513.637|4543.125|4585.389|4606.526,0.0074432897|0.029042013|0.006473158|0.0005600511,6.278848e-05|0.00018962983|7.8787154e-05|1.3666713e-06,61808.586|17071.777|67338.055|76844490.0,0.1888272|0.57015413|0.23690863|0.004110069,0.0030601409|0.009239939|0.0038393503|6.6607936e-05,Type II: 均衡/正常发育簇|Type I: 优势发育主进液簇|Type II: 均衡/正常发育簇|Type IV: 砂堵闭合/未起裂死簇,0.008445107378065586,linear,1438.3258056640625,195.07041931152344,1.0572900772094727,2619.17919921875,12,0.010916646752991572,0.6343897585352114,0,-1,1.4943035415819483e-13,9.094947017729282e-11
875,4,4676.1025|4709.9326|4755.5977|4785.6416,0.00777604|0.008674123|0.0029102345|0.012046981,0.000118430944|0.00013410194|3.7086666e-05|0.00019917965,750109.75|628990.0|1191824.0|448949.28,0.24261513|0.2745847|0.076299675|0.4065005,0.0034437391|0.003897523|0.0010830164|0.0057699685,Type II: 均衡/正常发育簇|Type II: 均衡/正常发育簇|Type III: 受抑/欠发育弱进液簇|Type I: 优势发育主进液簇,0.04865873232483864,cosine,1429.7945556640625,186.978271484375,0.9260398149490356,1079.8837890625,4,0.009809885702280152,0.6243164756163604,0,-1,7.491665572406311e-14,6.070877134334296e-11
876,6,4794.9854|4835.503|4846.647|4874.488|4922.3906|4950.0,0.0060255597|0.042103205|0.00062164175|0.01925765|0.0038700383|0.00038971406,3.9693576e-05|0.00025011596|2.9022365e-06|0.00014984052|3.9763003e-05|5.9035633e-06,61328.004|8105.105|94185140.0|30865.203|67268.79|79658180.0,0.081334054|0.51230764|0.0059436876|0.30687723|0.08145932|0.012078052,0.0013542725|0.008530304|9.8966826e-05|0.0051097344|0.0013563584|0.00020110857,Type III: 受抑/欠发育弱进液簇|Type I: 优势发育主进液簇|Type IV: 砂堵闭合/未起裂死簇|Type II: 均衡/正常发育簇|Type III: 受抑/欠发育弱进液簇|Type IV: 砂堵闭合/未起裂死簇,0.016139712184667587,linear,1428.0032958984375,182.56349182128906,1.0863029956817627,1400.73046875,16,0.010164093827946188,0.604049174823894,0,-1,8.938895901689642e-14,4.092726157978177e-11
877,1,4671.4473,0.011416091,0.0001055747,227882.92,1.0,0.013822207,Type I: 优势发育主进液簇,0.03554833307862282,linear,1439.4517822265625,146.54940795898438,0.9017677903175354,17367.541015625,8,0.009349786506513101,0.6010519932031453,0,-1,6.275131781384446e-14,7.748894859105349e-10
878,1,4878.76,0.010484929,0.000144932,920942.4,1.0,0.015441602,Type I: 优势发育主进液簇,0.004603629466146231,cosine,1491.47705078125,196.099853515625,1.007417917251587,11814.650390625,4,0.008554995753337555,0.7236581828346127,0,-1,3.6398452475791196e-14,1.8189894035458565e-12
879,5,4634.716|4664.343|4711.1807|4746.3027|4796.0537,0.0023553867|0.013730846|0.009026655|0.00804847|0.007155604,3.885554e-05|0.0001752483|0.0001427271|9.816305e-05|0.00011039142,187791.14|70825.09|110720.414|119707.82|108238.586,0.06878967|0.30991614|0.2523642|0.17365792|0.19527209,0.0015793184|0.0071152584|0.0057939426|0.0039869524|0.004483185,Type III: 受抑/欠发育弱进液簇|Type II: 均衡/正常发育簇|Type II: 均衡/正常发育簇|Type II: 均衡/正常发育簇|Type II: 均衡/正常发育簇,0.0567205548286438,linear,1435.50732421875,60.366947174072266,1.497834324836731,1811.3299560546875,6,0.011693496349818538,0.7408345958414774,0,-1,8.160326933496012e-14,0.0
880,3,4678.936|4713.4946|4755.4897,0.0021100456|0.012890171|0.017833585,2.7071499e-05|0.00015248824|0.00014874319,318927.6|156453.12|111604.445,0.08257118|0.4642883|0.45314053,0.0015728717|0.008844078|0.008631728,Type III: 受抑/欠发育弱进液簇|Type I: 优势发育主进液簇|Type I: 优势发育主进液簇,0.05247155576944351,linear,1472.66748046875,111.44271087646484,1.242745280265808,3556.621826171875,6,0.010687071900184773,0.7098057064221323,0,-1,8.851802618800239e-14,1.964508555829525e-10
881,4,4860.196|4872.9526|4903.656|4915.775,0.0038277097|0.015504879|0.009631332|0.02131737,3.6329577e-05|0.00013816674|9.293829e-05|0.00014865342,414829.38|228819.84|260855.58|127338.0,0.087424584|0.33184275|0.22344215|0.3572905,0.0017154403|0.0065114|0.0043843696|0.007010734,Type III: 受抑/欠发育弱进液簇|Type II: 均衡/正常发育簇|Type II: 均衡/正常发育簇|Type I: 优势发育主进液簇,0.05010601505637169,cosine,1476.961669921875,170.88124084472656,1.280145525932312,2477.377685546875,8,0.009255115114439902,0.6066946285976725,0,-1,1.0078434228399501e-14,9.868017514236271e-11
882,3,4626.4575|4668.608|4707.0806,0.00020430231|0.02242102|0.0002432703,7.4933505e-06|0.00031925173|1.636265e-06,77010350.0|143693.75|74273310.0,0.022934403|0.9720477|0.0050178994,0.0005092158|0.021582514|0.00011141313,Type IV: 砂堵闭合/未起裂死簇|Type I: 优势发育主进液簇|Type IV: 砂堵闭合/未起裂死簇,0.05806518346071243,linear,1430.19384765625,128.25900268554688,1.4485441446304321,4858.140625,4,0.01101837345144776,0.6248744194910824,0,-1,7.812964142837886e-15,2.219167072325945e-10
883,5,4578.6494|4608.642|4632.202|4667.0728|4692.5674,0.0064103194|0.01840669|0.01648845|0.0009917098|0.026264684,4.335164e-05|0.00014353528|0.00013341679|6.2553254e-06|0.0001968209,118487.89|63285.71|76557.914|85213700.0|39179.156,0.08289125|0.27426296|0.25490728|0.011939361|0.37599915,0.0013275322|0.004392417|0.004082429|0.00019121302|0.0060217576,Type III: 受抑/欠发育弱进液簇|Type II: 均衡/正常发育簇|Type II: 均衡/正常发育簇|Type IV: 砂堵闭合/未起裂死簇|Type I: 优势发育主进液簇,0.06270474940538406,cosine,1473.478271484375,159.55020141601562,1.0448495149612427,1145.263427734375,8,0.011512210465153192,0.6825859476873994,0,-1,1.9063669100347763e-14,9.322320693172514e-12
884,4,4635.8784|4679.909|4705.839|4748.7363,0.00021730018|0.03132293|0.00747289|0.00035634876,4.9057885e-06|0.0002516314|7.3093324e-05|9.381305e-06,96429490.0|75313.33|395187.53|80187250.0,0.014486043|0.7420475|0.21583307|0.027633402,0.0002115553|0.010836919|0.003152043|0.00040356038,Type IV: 砂堵闭合/未起裂死簇|Type I: 优势发育主进液簇|Type II: 均衡/正常发育簇|Type IV: 砂堵闭合/未起裂死簇,0.08437813073396683,cosine,1407.9044189453125,183.7826690673828,0.9527773857116699,2088.085205078125,4,0.011810152749062148,0.6869658387695736,0,-1,1.3244360306825104e-13,5.184119800105691e-11
885,4,4840.3823|4880.4136|4905.07|4950.0,0.011007178|0.025104824|0.0008300256|0.0076004886,0.000111814756|0.0002681738|9.021103e-06|9.21634e-05,199004.03|90032.32|69747220.0|250230.77,0.23265624|0.5568279|0.018738477|0.19177738,0.0043502687|0.010411718|0.0003503771|0.003585905,Type II: 均衡/正常发育簇|Type I: 优势发育主进液簇|Type IV: 砂堵闭合/未起裂死簇|Type II: 均衡/正常发育簇,0.017949303612113,linear,1456.7728271484375,61.138145446777344,1.2198843955993652,1647.0948486328125,8,0.008863167316234781,0.7386551126433907,0,-1,8.275490210631065e-14,9.549694368615746e-12
886,5,4515.1274|4552.1953|4593.4746|4620.4805|4630.9194,0.015853902|0.0045969374|0.012640067|0.005941334|0.0036777104,0.00011034924|5.3821663e-05|0.00013336497|7.438023e-05|5.1663326e-05,27503.121|61257.688|28977.033|57074.926|64720.22,0.26054227|0.12707719|0.31481373|0.17559363|0.12197317,0.0041524903|0.0020253402|0.005017462|0.0027985892|0.0019439931,Type II: 均衡/正常发育簇|Type III: 受抑/欠发育弱进液簇|Type II: 均衡/正常发育簇|Type II: 均衡/正常发育簇|Type III: 受抑/欠发育弱进液簇,0.016396494582295418,cosine,1486.9736328125,101.49858093261719,1.039794921875,1564.6871337890625,12,0.010981704877011746,0.6642244574456521,0,-1,6.465264250615083e-14,1.0459189070388675e-11
887,1,4591.8086,0.013019635,0.00012518451,1313858.5,1.0,0.021031015,Type I: 优势发育主进液簇,0.09621474146842957,linear,1441.893798828125,114.56421661376953,1.372074007987976,29001.712890625,4,0.008115959018558466,0.6696990807044144,0,-1,1.57379588961587e-13,1.0695657692849636e-09
888,6,4637.4917|4648.0225|4691.283|4727.8145|4768.182|4806.783,0.02395476|0.015634999|0.008034966|0.018411765|0.013769958|0.0083013745,0.0001743845|0.00011863465|8.01534e-05|0.00016815706|0.00010096092|9.777352e-05,243916.72|380945.12|541740.1|342882.22|426066.8|508615.9,0.23556864|0.16041188|0.10846193|0.22682184|0.13654085|0.13219486,0.0049725245|0.0033860703|0.0022894796|0.0047878916|0.002882186|0.0027904487,Type II: 均衡/正常发育簇|Type II: 均衡/正常发育簇|Type III: 受抑/欠发育弱进液簇|Type II: 均衡/正常发育簇|Type III: 受抑/欠发育弱进液簇|Type III: 受抑/欠发育弱进液簇,0.07865150272846222,linear,1436.9415283203125,173.15631103515625,1.3771357536315918,1075.6776123046875,4,0.011525727241765725,0.6036993779965388,0,-1,9.648035273262731e-14,9.777068044058979e-11
889,1,4823.7285,0.010139862,0.00071536767,149426.78,1.0,0.022923706,Type V: 沟通天然断层/强微裂缝簇,0.010424152947962284,linear,1457.73486328125,158.41551208496094,1.4955540895462036,1365.8922119140625,6,0.011988414479801809,0.6020425934184603,1,0,8.233307292231443e-14,1.1596057447604835e-11
890,5,4800.24|4818.742|4857.988|4877.1694|4920.7964,0.00077042583|0.012792121|0.0056914883|0.020171322|0.0028526867,2.6420726e-06|9.788194e-05|7.3349205e-05|0.00018387391|4.5387864e-05,74303140.0|189894.61|311385.44|82460.336|363886.9,0.0065598357|0.24285299|0.18198465|0.45594233|0.11266018,0.00010495167|0.0038854368|0.0029115963|0.007294681|0.001802465,Type IV: 砂堵闭合/未起裂死簇|Type II: 均衡/正常发育簇|Type II: 均衡/正常发育簇|Type I: 优势发育主进液簇|Type III: 受抑/欠发育弱进液簇,0.07159139961004257,cosine,1487.4541015625,91.65242767333984,1.0437912940979004,1720.3956298828125,6,0.010512526233817845,0.6352063745174481,0,-1,1.0582388508236298e-13,1.0936673788819462e-10
891,5,4824.2|4838.9556|4875.416|4906.6636|4950.0,0.016134378|0.00030180195|0.016948776|0.016723687|0.0036560271,0.00014894058|8.526612e-06|0.0001689083|0.00017837393|6.561654e-05,251236.61|56908090.0|213239.86|220951.02|520960.16,0.26119614|0.014962947|0.2960857|0.31251863|0.11523663,0.003777784|0.0002164151|0.0042824056|0.004520082|0.0016667136,Type II: 均衡/正常发育簇|Type IV: 砂堵闭合/未起裂死簇|Type II: 均衡/正常发育簇|Type II: 均衡/正常发育簇|Type III: 受抑/欠发育弱进液簇,0.07045339792966843,linear,1471.832275390625,199.0535888671875,0.9435995221138,887.1901245117188,8,0.008241337651331507,0.6520304298667842,0,-1,1.3673027757211097e-14,5.411493475548923e-11
892,3,4888.341|4908.303|4950.0,0.005409099|0.010036959|0.012,6.8611116e-05|0.00014058454|0.0015,206527.28|148000.78|101698.266,0.043996982|0.089981295|0.8660217,0.00094831066|0.0019394563|0.018666226,Type III: 受抑/欠发育弱进液簇|Type III: 受抑/欠发育弱进液簇|Type V: 沟通天然断层/强微裂缝簇,0.045974574983119965,cosine,1430.990478515625,53.785179138183594,1.4061933755874634,336.61138916015625,8,0.009799375102521104,0.693386697110664,1,2,1.0913453707362894e-13,6.252776074688882e-13
893,5,4673.659|4709.1772|4758.679|4804.48|4841.327,0.019581288|0.00044751866|0.0074605867|0.006287168|0.008129424,0.00017916497|9.09276e-06|7.6337135e-05|5.7977788e-05|9.048822e-05,21710.807|61550356.0|58358.117|59701.83|56516.75,0.43375638|0.02196443|0.18482713|0.14038222|0.21906985,0.0058609415|0.00029678468|0.002497395|0.0018968527|0.0029600847,Type I: 优势发育主进液簇|Type IV: 砂堵闭合/未起裂死簇|Type II: 均衡/正常发育簇|Type III: 受抑/欠发育弱进液簇|Type II: 均衡/正常发育簇,0.010866410098969936,cosine,1407.0264892578125,52.61622619628906,0.8815335035324097,1158.389892578125,12,0.01007294478859068,0.7479407551701989,0,-1,1.527762020624851e-13,1.36196831590496e-10
894,4,4857.033|4875.174|4904.83|4950.0,0.014398563|0.006906363|0.018951723|0.015805265,8.079565e-05|7.5748314e-05|0.00016234741|0.00012454708,84571.91|123659.77|60749.484|69186.36,0.18226735|0.17085919|0.36601225|0.28086123,0.0041762986|0.003914903|0.008386452|0.0064353836,Type II: 均衡/正常发育簇|Type II: 均衡/正常发育簇|Type I: 优势发育主进液簇|Type II: 均衡/正常发育簇,0.09081193804740906,linear,1422.3834228515625,138.7710418701172,1.4948580265045166,2914.757568359375,12,0.008937022905130737,0.7473216287396949,0,-1,8.797387867015907e-14,3.0968294595368207e-10
895,4,4820.1655|4861.6387|4871.7617|4914.489,0.0048105014|0.021877885|0.0007984039|0.0021323883,7.5674965e-05|0.00019501863|1.9389418e-06|3.1739277e-05,378460.25|66874.09|85741870.0|455865.44,0.24864113|0.6406143|0.0063762707|0.10436836,0.0056090117|0.014451401|0.00014384014|0.0023544107,Type II: 均衡/正常发育簇|Type I: 优势发育主进液簇|Type IV: 砂堵闭合/未起裂死簇|Type III: 受抑/欠发育弱进液簇,0.05539349839091301,cosine,1458.580322265625,95.3423080444336,1.471738576889038,5699.83447265625,6,0.010412807829062058,0.6073602428279926,0,-1,1.338030841723306e-13,3.1104718800634146e-10
896,2,4570.9863|4616.4297,0.012079191|0.013812872,6.747312e-05|0.000119774944,97703.445|71011.19,0.36041012|0.6395899,0.0045535634|0.008080831,Type I: 优势发育主进液簇|Type I: 优势发育主进液簇,0.05252913013100624,cosine,1441.0994873046875,159.4462432861328,0.8242742419242859,4745.91064453125,16,0.008317818654163499,0.6310896831996332,0,-1,3.5011927303771687e-14,4.547473508864641e-11
897,2,4854.754|4888.717,0.0042618373|0.012620483,7.4080024e-05|0.00014522648,1713417.6|803687.4,0.33862916|0.6613709,0.0042302427|0.008262015,Type II: 均衡/正常发育簇|Type I: 优势发育主进液簇,0.0990176871418953,linear,1420.8642578125,92.1965103149414,0.8150012493133545,3414.7890625,4,0.008202699627347676,0.7003111720590114,0,-1,8.831742845730184e-14,3.433342499192804e-10
898,5,4720.373|4751.0195|4798.188|4817.287|4847.7773,0.029202245|0.0038745552|0.00066324737|0.00080251374|0.00088345935,0.00037903077|7.941633e-05|5.1212005e-06|3.6061313e-06|7.2033745e-06,32808.047|237211.98|72978060.0|61885892.0|73843320.0,0.7987633|0.16762827|0.010807333|0.0076142787|0.015186841,0.015358803|0.003223195|0.00020780588|0.00014640909|0.00029201605,Type I: 优势发育主进液簇|Type II: 均衡/正常发育簇|Type IV: 砂堵闭合/未起裂死簇|Type IV: 砂堵闭合/未起裂死簇|Type IV: 砂堵闭合/未起裂死簇,0.05710720270872116,cosine,1418.0728759765625,167.97100830078125,1.2544593811035156,1888.29443359375,8,0.009326700279955155,0.7292755564131319,0,-1,6.206966635547567e-14,6.639311322942376e-11
899,1,4688.178,0.011772652,0.00056272023,150999.73,1.0,0.0137277795,Type V: 沟通天然断层/强微裂缝簇,0.019929198548197746,cosine,1431.4307861328125,106.29428100585938,0.8956072926521301,766.01611328125,6,0.01106817606292264,0.7109803994236532,1,0,4.106892438431563e-14,7.082689990056679e-11
900,6,4761.5923|4793.528|4819.5054|4864.7944|4903.571|4950.0,0.017828085|0.008544333|0.01995403|0.006969678|0.013756569|0.007759637,0.00013079729|8.4580315e-05|0.00025027047|7.1873656e-05|0.00013550452|0.00013574734,16920.064|24094.52|11239.976|29174.479|19263.027|25040.365,0.16180728|0.10460862|0.3093946|0.08886782|0.16751689|0.16780479,0.0035837367|0.0023168905|0.006852527|0.0019682604|0.003710194|0.0037165708,Type II: 均衡/正常发育簇|Type III: 受抑/欠发育弱进液簇|Type II: 均衡/正常发育簇|Type III: 受抑/欠发育弱进液簇|Type II: 均衡/正常发育簇|Type II: 均衡/正常发育簇,0.0738634392619133,linear,1424.9959716796875,56.668434143066406,1.4449584484100342,901.7636108398438,16,0.01117607118050145,0.722009024125144,0,-1,1.8014410425068288e-14,2.7625901566352695e-11
901,2,4557.9307|4597.054,0.0007917288|0.018102212,6.862396e-06|0.00014157753,76054610.0|33559.02,0.04616685|0.95383316,0.00092578185|0.019127175,Type IV: 砂堵闭合/未起裂死簇|Type I: 优势发育主进液簇,0.00223608803935349,cosine,1411.193115234375,88.57771301269531,1.308264970779419,18427.599609375,12,0.00973685170070829,0.7208011885964332,0,-1,1.505223761388494e-13,1.102307578548789e-09
902,5,4536.924|4572.822|4600.218|4641.61|4653.774,0.026449844|0.0008787476|0.010799246|0.0040395837|0.0009148146,0.00029556034|9.66352e-06|0.00011597308|4.919008e-05|8.904588e-06,9619.747|80505740.0|24373.865|49082.36|81390460.0,0.61668307|0.02009538|0.24202815|0.102666825|0.018526584,0.012926155|0.00042121476|0.0050730975|0.0021519763|0.00038833157,Type I: 优势发育主进液簇|Type IV: 砂堵闭合/未起裂死簇|Type II: 均衡/正常发育簇|Type III: 受抑/欠发育弱进液簇|Type IV: 砂堵闭合/未起裂死簇,0.060471758246421814,cosine,1493.886474609375,182.6714324951172,1.3674914836883545,2177.43701171875,16,0.00997521740145405,0.7486179221286816,0,-1,1.5045853018341715e-13,1.4142642612569034e-10
903,1,4821.7363,0.010626555,0.00013351612,42705.574,1.0,0.022464244,Type I: 优势发育主进液簇,0.08019733428955078,linear,1453.8778076171875,186.15455627441406,1.465578556060791,28614.201171875,12,0.011426722839030217,0.6212712210414401,0,-1,1.0502129425978522e-14,1.3642420526593924e-09
904,5,4585.9214|4621.4463|4662.6606|4674.1484|4718.2456,0.009335276|0.017421596|0.013459213|0.0008139321|0.012,8.321513e-05|0.00012662668|0.00011723442|5.8491896e-06|0.001127948,172652.58|109075.57|130161.43|77251110.0|119318.69,0.06028909|0.09160511|0.08471205|0.004223664|0.75917006,0.0012161338|0.0018478314|0.0017087865|8.519851e-05|0.015313756,Type III: 受抑/欠发育弱进液簇|Type III: 受抑/欠发育弱进液簇|Type III: 受抑/欠发育弱进液簇|Type IV: 砂堵闭合/未起裂死簇|Type V: 沟通天然断层/强微裂缝簇,0.040144022554159164,linear,1412.21533203125,160.77769470214844,1.3160122632980347,450.0138854980469,8,0.009920872218899816,0.6591953135628386,1,4,7.980600772242163e-14,3.240074875066057e-11
905,1,4739.3726,0.012,0.0009043768,68217.734,1.0,0.021551045,Type V: 沟通天然断层/强微裂缝簇,0.021522345021367073,cosine,1479.6802978515625,167.0181427001953,1.4060009717941284,855.3502807617188,12,0.009340719742047908,0.7448301839014855,1,0,1.379662172267676e-13,8.787992555880919e-11
906,6,4561.685|4585.1597|4629.427|4674.0747|4716.57|4763.1245,0.007961606|0.016758025|0.005369396|0.010467146|0.008421425|0.0044170073,9.0395646e-05|0.00017948693|0.0005|9.4772906e-05|0.00012458467|5.657696e-05,643127.25|318165.22|785173.9|570617.1|591094.5|856615.3,0.09014237|0.17847054|0.4566568|0.0944239|0.123872764|0.0564336,0.0020264115|0.00401204|0.010265701|0.0021226609|0.002784675|0.0012686343,Type III: 受抑/欠发育弱进液簇|Type II: 均衡/正常发育簇|Type V: 沟通天然断层/强微裂缝簇|Type III: 受抑/欠发育弱进液簇|Type III: 受抑/欠发育弱进液簇|Type III: 受抑/欠发育弱进液簇,0.01460905373096466,linear,1475.295166015625,70.16934204101562,1.4666146039962769,668.233642578125,4,0.009845944245653682,0.6772719883285826,1,2,1.058731146372574e-13,4.46789272245951e-11
907,5,4530.6206|4563.3896|4609.138|4634.3457|4681.4995,0.000548332|0.026164126|0.015037662|0.00556774|0.007422801,1.672757e-06|0.00028848485|0.00027083242|7.268192e-05|0.00082749827,61490708.0|22993.45|37761.82|77498.08|61596.633,0.0011621286|0.19996609|0.18742028|0.050335065|0.56111646,1.8003739e-05|0.0030978818|0.0029035218|0.00077979267|0.008692836,Type IV: 砂堵闭合/未起裂死簇|Type II: 均衡/正常发育簇|Type II: 均衡/正常发育簇|Type III: 受抑/欠发育弱进液簇|Type V: 沟通天然断层/强微裂缝簇,0.09844453632831573,cosine,1449.69775390625,50.067996978759766,1.010708212852478,210.20619201660156,12,0.010751796184087776,0.6460674011576774,1,4,8.174187272425113e-15,1.6342482922482304e-11
908,4,4784.575|4829.398|4866.6665|4903.321,0.005458341|0.01124333|0.031230038|0.005094562,5.131137e-05|0.00010947186|0.0001410669|3.9542247e-05,141457.73|91659.195|43188.145|145638.89,0.15034364|0.3206141|0.41318625|0.115856,0.00206893|0.00441208|0.005685997|0.001594334,Type II: 均衡/正常发育簇|Type II: 均衡/正常发育簇|Type I: 优势发育主进液簇|Type III: 受抑/欠发育弱进液簇,0.06947628408670425,linear,1449.108154296875,73.1209945678711,0.8977968096733093,1736.564697265625,8,0.01082548436152439,0.7119130630374176,0,-1,7.323954404102676e-14,1.6643753042444587e-10
909,2,4849.592|4867.7217,0.019270144|0.0069462797,0.00019254185|9.446462e-05,677312.6|1352148.6,0.66944784|0.33055213,0.0128993755|0.006369303,Type I: 优势发育主进液簇|Type II: 均衡/正常发育簇,0.06389372050762177,cosine,1496.5260009765625,149.5081787109375,1.2570983171463013,4823.39404296875,4,0.009196972627827682,0.6101411374724675,0,-1,3.2410133892656805e-15,1.2460077414289117e-10
910,5,4777.3125|4825.94|4837.0244|4866.391|4908.575,0.0068448153|0.00022761045|0.0054422407|0.0329765|0.013000831,5.86108e-05|7.427708e-06|5.9231075e-05|0.00019730767|9.035759e-05,572551.94|86841080.0|621165.06|124256.32|398780.34,0.14208338|0.017978542|0.14355025|0.4775307|0.21885714,0.0029204348|0.00036953765|0.0029505852|0.009815344|0.0044984715,Type III: 受抑/欠发育弱进液簇|Type IV: 砂堵闭合/未起裂死簇|Type III: 受抑/欠发育弱进液簇|Type I: 优势发育主进液簇|Type II: 均衡/正常发育簇,0.03583233430981636,linear,1421.788330078125,110.78038787841797,1.340977668762207,2679.95458984375,4,0.011075469091410963,0.6438101279895235,0,-1,1.2034984283020717e-13,3.3651303965598345e-10
911,1,4622.1704,0.012,0.001206461,412462.2,1.0,0.020206863,Type V: 沟通天然断层/强微裂缝簇,0.05145353078842163,linear,1451.1015625,109.60307312011719,1.3183059692382812,634.8067016601562,4,0.01126293163489345,0.6169756603527768,1,0,8.258599696036456e-14,0.0
912,1,4548.9253,0.010822267,0.0006968783,79790.27,1.0,0.0215485,Type V: 沟通天然断层/强微裂缝簇,0.027046123519539833,cosine,1448.7523193359375,82.1181411743164,1.4058350324630737,1160.515625,12,0.009001427681289241,0.7413815533530592,1,0,4.105663901844865e-14,6.093614501878619e-11
913,5,4794.566|4823.884|4850.8066|4900.162|4950.0,0.031558827|0.0008575649|0.000240453|0.022631608|0.0007833476,0.00014121065|1.9111035e-06|7.3611395e-06|0.000114673065|9.802554e-06,16449.002|50099436.0|96724824.0|35598.797|73539656.0,0.51368946|0.0069525465|0.026711926|0.4171076|0.035538446,0.009396262|0.000127174|0.0004886069|0.0076296134|0.00065005914,Type I: 优势发育主进液簇|Type IV: 砂堵闭合/未起裂死簇|Type IV: 砂堵闭合/未起裂死簇|Type I: 优势发育主进液簇|Type IV: 砂堵闭合/未起裂死簇,0.022772813215851784,cosine,1462.1719970703125,56.99197769165039,1.193360686302185,4551.09716796875,12,0.010232851719492292,0.6874310382384538,0,-1,1.3087446436906708e-13,5.011315806768835e-10
914,2,4835.839|4876.448,0.006443794|0.012336827,5.3963988e-05|0.00011033637,142229.17|84222.82,0.32851678|0.6714832,0.0069145765|0.014133287,Type II: 均衡/正常发育簇|Type I: 优势发育主进液簇,0.09917717427015305,linear,1417.46728515625,124.63121032714844,1.3731732368469238,16636.0,12,0.009031309952249208,0.6232695948734239,0,-1,1.582426274434126e-13,7.275957614183426e-10
915,6,4568.7812|4598.0186|4626.2646|4644.637|4667.046|4714.5103,0.0031480328|0.005|0.000306181|0.009826504|0.00060194824|0.032622486,4.8935322e-05|0.0005|4.999351e-06|0.00016392882|7.93046e-06|0.00037748285,356621.47|393838.75|81976616.0|217384.72|63996764.0|40913.527,0.045382038|0.44233415|0.0046298257|0.15150842|0.0073357075|0.34880984,0.0009126217|0.008895232|9.310467e-05|0.0030467976|0.00014751928|0.007014481,Type III: 受抑/欠发育弱进液簇|Type V: 沟通天然断层/强微裂缝簇|Type IV: 砂堵闭合/未起裂死簇|Type II: 均衡/正常发育簇|Type IV: 砂堵闭合/未起裂死簇|Type II: 均衡/正常发育簇,0.012742104940116405,cosine,1403.6571044921875,172.10479736328125,1.311970591545105,594.8718872070312,6,0.010332279031926796,0.6804403937184897,1,1,1.8373972861859128e-13,4.1950443119276315e-11
916,4,4748.289|4783.26|4800.962|4838.511,0.0066689993|0.013052611|0.014742492|0.00044226428,0.00011132451|0.00013476353|0.00024230081|5.1033585e-06,421412.47|225494.86|200303.12|90126300.0,0.22592656|0.27362028|0.49008265|0.01037051,0.004313929|0.0052246107|0.009357827|0.0001980185,Type II: 均衡/正常发育簇|Type II: 均衡/正常发育簇|Type I: 优势发育主进液簇|Type IV: 砂堵闭合/未起裂死簇,0.025432057678699493,linear,1438.809814453125,112.64163970947266,1.245727300643921,1692.1712646484375,8,0.008020457444919197,0.6875458240034373,0,-1,4.9785760773300367e-14,3.751665644813329e-11
917,3,4834.543|4859.9487|4879.44,0.00037519902|0.025016941|0.0108564645,3.831829e-06|0.00012149853|6.070456e-05,97855680.0|62010.207|140688.55,0.020591132|0.6530566|0.32635224,0.00037895003|0.012018563|0.0060060406,Type IV: 砂堵闭合/未起裂死簇|Type I: 优势发育主进液簇|Type II: 均衡/正常发育簇,0.03098391741514206,linear,1404.39453125,179.61831665039062,1.2006571292877197,10040.28125,12,0.008536392333348592,0.6558679774697592,0,-1,7.012961852946933e-14,2.601154847070575e-10
918,6,4515.8745|4537.111|4562.1807|4604.2188|4619.057|4637.33,0.018360374|0.0055128993|0.019708471|0.0006402844|0.02128122|0.008768454,0.00011508943|3.2098058e-05|0.00016299548|7.934296e-06|0.00016620844|6.5095395e-05,331392.66|716456.2|294778.28|78170120.0|308239.84|599603.06,0.20969866|0.058586024|0.2964286|0.014449714|0.30214885|0.11868818,0.0030849373|0.0008618759|0.0043608462|0.0002125739|0.0044449987|0.0017460561,Type II: 均衡/正常发育簇|Type III: 受抑/欠发育弱进液簇|Type II: 均衡/正常发育簇|Type IV: 砂堵闭合/未起裂死簇|Type II: 均衡/正常发育簇|Type III: 受抑/欠发育弱进液簇,0.03710135817527771,linear,1425.7841796875,66.94447326660156,0.9597718715667725,828.4552612304688,4,0.010302093062978485,0.6974603525621503,0,-1,5.3063032890180925e-14,1.057287590811029e-11
919,3,4559.2188|4582.363|4623.5396,0.012|0.00033827795|0.002654997,0.0011150936|8.623466e-06|2.9968609e-05,81973.26|85029060.0|354608.66,0.9649718|0.007808949|0.027219262,0.0119523415|9.672327e-05|0.00033714346,Type V: 沟通天然断层/强微裂缝簇|Type IV: 砂堵闭合/未起裂死簇|Type IV: 砂堵闭合/未起裂死簇,0.08391359448432922,linear,1495.4344482421875,181.35858154296875,0.8080824613571167,336.677978515625,6,0.010094462704642777,0.7366937369781025,1,0,7.422799591508874e-15,0.0
920,4,4681.408|4694.616|4718.5728|4744.495,0.040061053|0.0006801263|0.0044031725|0.0037300605,0.00026694394|6.5666827e-06|5.0954994e-05|4.7297843e-05,14264.937|84139944.0|94952.84|94266.93,0.7179914|0.017639168|0.1371038|0.12726565,0.01452899|0.0003569392|0.002774378|0.0025752974,Type I: 优势发育主进液簇|Type IV: 砂堵闭合/未起裂死簇|Type III: 受抑/欠发育弱进液簇|Type III: 受抑/欠发育弱进液簇,0.0551631860435009,cosine,1448.6217041015625,145.3745880126953,1.3201810121536255,3188.144287109375,16,0.008908706509634517,0.6728723688428608,0,-1,2.503208008713606e-14,4.547473508864641e-13
921,1,4747.2344,0.007956658,0.00010570366,776571.94,1.0,0.017406216,Type I: 优势发育主进液簇,0.07799247652292252,cosine,1465.4853515625,77.6677474975586,1.1355903148651123,27487.509765625,4,0.009012638634487946,0.7091195646697467,0,-1,7.056009422579113e-14,8.294591680169106e-10
922,4,4686.7686|4699.185|4742.326|4763.855,0.008533559|0.007975056|0.0031573875|0.01080471,0.00015097095|0.000107955384|5.7391375e-05|0.00022981902,787718.1|815284.2|1237362.4|552803.1,0.27666447|0.19865412|0.105886005|0.4187954,0.005122656|0.0036782343|0.0019605611|0.0077543203,Type II: 均衡/正常发育簇|Type II: 均衡/正常发育簇|Type III: 受抑/欠发育弱进液簇|Type I: 优势发育主进液簇,0.09579984843730927,linear,1406.9937744140625,162.5082550048828,1.2079782485961914,1399.5870361328125,4,0.009090597917420411,0.6813965545372848,0,-1,5.5838624333061707e-14,3.524291969370097e-11
923,5,4554.7524|4590.147|4628.8296|4667.558|4702.991,0.00041974633|0.0009002724|0.026028497|0.01204485|0.016081918,1.5046251e-06|9.743193e-06|0.00015970755|0.00014903709|0.00015695671,75373580.0|92891310.0|279711.88|461971.84|453707.25,0.0031704884|0.020439055|0.3352534|0.31234717|0.3287899,6.7871915e-05|0.00043754705|0.0071769035|0.0066865413|0.007038537,Type IV: 砂堵闭合/未起裂死簇|Type IV: 砂堵闭合/未起裂死簇|Type II: 均衡/正常发育簇|Type II: 均衡/正常发育簇|Type II: 均衡/正常发育簇,0.09311460703611374,cosine,1465.6986083984375,67.21087646484375,1.3966295719146729,2186.5712890625,4,0.009899485852968156,0.6844448309794833,0,-1,9.33509590158102e-14,1.596163201611489e-10
924,3,4545.114|4586.474|4606.0786,0.014785603|0.008560393|0.009724138,0.0001838922|0.00014659468|0.000111175206,327122.2|410893.8|422772.22,0.41592264|0.33191127|0.25216606,0.0055548316|0.004432822|0.0033677896,Type I: 优势发育主进液簇|Type II: 均衡/正常发育簇|Type II: 均衡/正常发育簇,0.04586131125688553,cosine,1404.8231201171875,122.1500244140625,0.8713158369064331,1077.893798828125,6,0.008656407056680922,0.7301415128951034,0,-1,1.4547553699867377e-13,1.3415046851150692e-10
925,2,4591.3853|4623.177,0.016654357|0.008683025,0.00015615969|9.570139e-05,18606.793|31444.377,0.6200051|0.37999496,0.012613443|0.0077306535,Type I: 优势发育主进液簇|Type I: 优势发育主进液簇,0.08353418856859207,linear,1409.1424560546875,165.35609436035156,1.3272590637207031,6769.31201171875,16,0.011353938542604683,0.6296186875620313,0,-1,9.328442966000106e-14,6.884874892421067e-10
926,5,4746.5645|4764.9194|4796.5815|4846.2305|4880.982,0.006303401|0.01758808|0.005242155|0.008707443|0.0009964058,0.000100301026|0.00031203535|0.0001122711|0.00014595783|5.6844624e-06,30644.156|9362.77|29056.996|22429.844|54590030.0,0.148363|0.46136203|0.16603655|0.21583782|0.008400604,0.0021518325|0.0066915187|0.0024081666|0.003130476|0.000121840974,Type III: 受抑/欠发育弱进液簇|Type I: 优势发育主进液簇|Type II: 均衡/正常发育簇|Type II: 均衡/正常发育簇|Type IV: 砂堵闭合/未起裂死簇,0.025971265509724617,cosine,1445.0164794921875,118.1512680053711,0.9462375044822693,619.3150634765625,16,0.011473050941919633,0.6253357263039893,0,-1,1.5309371744496106e-14,6.536993168992922e-11
927,1,4787.5176,0.011805056,0.00074474234,63233.54,1.0,0.019991348,Type V: 沟通天然断层/强微裂缝簇,0.0012513133697211742,linear,1460.5504150390625,72.00758361816406,1.3042455911636353,895.1809692382812,16,0.008751613905522778,0.6553341568167733,1,0,3.3321103851385175e-14,3.9108272176235914e-11
928,1,4819.3003,0.011954364,0.0011589159,830091.25,1.0,0.02001114,Type V: 沟通天然断层/强微裂缝簇,0.0885167270898819,cosine,1400.4351806640625,100.2751235961914,1.3055368661880493,808.8287353515625,4,0.009231353912272918,0.6498600933048416,1,0,8.165998666110827e-14,2.467004378559068e-11
929,1,4518.5137,0.012,0.0007686675,15492.98,1.0,0.022517577,Type V: 沟通天然断层/强微裂缝簇,0.03248104453086853,cosine,1472.808349609375,177.46644592285156,1.4690580368041992,1135.7926025390625,16,0.011918263404862559,0.7183365721610493,1,0,4.0676402540294407e-14,1.546140993013978e-11
930,2,4604.848|4623.815,0.00088381657|0.019918684,3.1709785e-06|0.000120367826,50881936.0|42557.996,0.025669327|0.97433066,0.00044246533|0.016794657,Type IV: 砂堵闭合/未起裂死簇|Type I: 优势发育主进液簇,0.017264319583773613,linear,1464.4630126953125,121.30365753173828,1.1245585680007935,19657.056640625,8,0.011755383712283584,0.6544427448860701,0,-1,6.118839294836156e-14,1.7462298274040222e-09
931,2,4763.0107|4779.3467,0.010463|0.0038709664,0.00013869976|5.9210717e-05,99889.43|207862.95,0.70069605|0.29930395,0.013802285|0.005895678,Type I: 优势发育主进液簇|Type II: 均衡/正常发育簇,0.011470247060060501,linear,1482.6461181640625,125.00662994384766,1.2851051092147827,10121.3818359375,12,0.00815074333355237,0.6725372415668005,0,-1,5.4601000776905925e-14,4.092726157978177e-10
932,1,4701.3076,0.010007591,0.00092674536,133413.39,1.0,0.021696277,Type V: 沟通天然断层/强微裂缝簇,0.016036761924624443,linear,1443.0093994140625,92.14423370361328,1.4154760837554932,792.2853393554688,6,0.011793387501329786,0.6630776833919618,1,0,2.4146376697707812e-14,3.751665644813329e-12
933,1,4535.6187,0.015557395,0.000125136,23191.377,1.0,0.012665594,Type I: 优势发育主进液簇,0.08592092990875244,linear,1400.61865234375,96.92340087890625,0.8263097405433655,10374.8896484375,16,0.011567279223305164,0.616682804322408,0,-1,2.506431138484498e-14,6.784830475226045e-10
934,6,4639.8584|4651.6333|4661.7856|4672.6177|4700.694|4735.6294,0.0028453553|0.018042028|0.0034803234|0.00038477633|0.017539864|0.013979174,5.4554537e-05|0.0002751564|5.4949403e-05|9.864001e-06|0.00021674587|0.00021284357,468941.47|153261.34|451399.88|77918760.0|163759.4|208937.56,0.06645295|0.33342278|0.06692165|0.011975484|0.2630997|0.25812745,0.0012976674|0.00651095|0.00130682|0.0002338526|0.0051377085|0.005040613,Type III: 受抑/欠发育弱进液簇|Type II: 均衡/正常发育簇|Type III: 受抑/欠发育弱进液簇|Type IV: 砂堵闭合/未起裂死簇|Type II: 均衡/正常发育簇|Type II: 均衡/正常发育簇,0.08570566028356552,linear,1408.7091064453125,103.48631286621094,1.2739912271499634,741.621826171875,8,0.008389914479174235,0.6812279786296757,0,-1,1.5954657029120661e-13,3.467448550509289e-11
935,1,4604.5986,0.010419027,0.0001259782,62475.527,1.0,0.020283412,Type I: 优势发育主进液簇,0.033813536167144775,linear,1414.697998046875,115.81034851074219,1.3233000040054321,26141.412109375,12,0.010216924730826943,0.644205961303551,0,-1,1.8302187836018863e-13,6.584741640836e-10
936,1,4818.336,0.012,0.00092957955,520493.9,1.0,0.022765,Type V: 沟通天然断层/强微裂缝簇,0.07763124257326126,linear,1493.9256591796875,93.06515502929688,1.485200047492981,1063.1265869140625,4,0.01024000009191833,0.6682856654604571,1,0,2.7432483368228233e-15,2.091837814077735e-11
937,6,4709.067|4728.6245|4761.316|4772.9453|4786.9756|4811.639,0.0007076341|0.016339589|0.0267822|0.014405891|0.017906703|0.008068614,5.314193e-06|7.597655e-05|0.00023757073|9.277242e-05|0.000131393|7.246857e-05,52417068.0|116158.73|60544.902|137158.34|109573.02|167635.77,0.00863949|0.12354917|0.3857251|0.15079232|0.21348768|0.117806226,0.00016920654|0.002419741|0.007554521|0.0029533047|0.0041812086|0.002307264,Type IV: 砂堵闭合/未起裂死簇|Type III: 受抑/欠发育弱进液簇|Type I: 优势发育主进液簇|Type II: 均衡/正常发育簇|Type II: 均衡/正常发育簇|Type III: 受抑/欠发育弱进液簇,0.07538248598575592,cosine,1450.255615234375,114.77176666259766,1.2777513265609741,1203.123291015625,12,0.008291903798097307,0.698024768863185,0,-1,5.916674891996362e-14,1.3915268937125802e-10
938,3,4546.187|4570.996|4583.1685,0.010434637|0.01678754|0.008735064,7.5854354e-05|0.00012676755|6.9438014e-05,864949.9|557492.1|1011910.1,0.27907246|0.46545425|0.2554733,0.0046628616|0.007777008|0.0042685564,Type II: 均衡/正常发育簇|Type I: 优势发育主进液簇|Type II: 均衡/正常发育簇,0.09287551790475845,cosine,1442.1455078125,75.55952453613281,1.0900661945343018,3924.6328125,4,0.009248606897807984,0.6680067722369655,0,-1,8.887271615246745e-14,2.2646418074145913e-10
939,5,4832.598|4854.6587|4894.4316|4910.009|4950.0,0.0045723733|0.016263513|0.0057461658|0.004457799|0.012,5.312755e-05|0.0002070675|7.590983e-05|4.6308844e-05|0.0012702442,42331.5|16002.502|36297.246|43429.902|14458.832,0.03255517|0.12670472|0.04638977|0.028286612|0.76606375,0.00070713187|0.0027521572|0.0010076336|0.00061441434|0.016639695,Type IV: 砂堵闭合/未起裂死簇|Type III: 受抑/欠发育弱进液簇|Type III: 受抑/欠发育弱进液簇|Type IV: 砂堵闭合/未起裂死簇|Type V: 沟通天然断层/强微裂缝簇,0.03854908421635628,cosine,1418.2979736328125,198.59559631347656,1.4170910120010376,467.72747802734375,12,0.01192595007855093,0.7309694418591897,1,4,1.2394856733870252e-13,4.75210981676355e-11
940,5,4504.7764|4551.25|4595.8|4630.537|4672.0015,0.015940886|0.014674918|0.0009545332|0.0061097112|0.0052743377,0.00013723466|0.00021744042|1.3562062e-06|9.617175e-05|6.477929e-05,29111.533|25197.855|88720990.0|60532.008|65115.715,0.2655147|0.42050126|0.0026240053|0.18603398|0.12532604,0.004877559|0.0077246935|4.820351e-05|0.003417482|0.0023022648,Type II: 均衡/正常发育簇|Type I: 优势发育主进液簇|Type IV: 砂堵闭合/未起裂死簇|Type II: 均衡/正常发育簇|Type III: 受抑/欠发育弱进液簇,0.026397252455353737,linear,1468.1229248046875,148.43292236328125,1.1984813213348389,1473.9302978515625,16,0.009407332515521966,0.6572716007540366,0,-1,1.624219557678011e-14,1.468833943363279e-10
941,4,4845.1987|4886.3667|4928.1377|4950.0,0.01031516|0.013313373|0.018116128|0.008302332,8.3617415e-05|0.00012835208|0.0001244624|7.696931e-05,318379.88|276745.47|191160.05|375075.3,0.20238097|0.3102631|0.30108973|0.18626623,0.0027314967|0.0041875606|0.0040637497|0.0025139991,Type II: 均衡/正常发育簇|Type II: 均衡/正常发育簇|Type II: 均衡/正常发育簇|Type II: 均衡/正常发育簇,0.08791101723909378,linear,1447.40380859375,95.699951171875,0.8805384039878845,1201.30078125,8,0.008163651482751812,0.7199413081123651,0,-1,1.5950379851550206e-13,1.311946107307449e-10
942,4,4764.597|4791.559|4820.8423|4867.715,0.014585559|0.005|0.01828525|0.001702612,0.00019543314|0.0005|0.0001589887|2.8200135e-05,104424.516|304298.53|85595.49|287533.1,0.22577432|0.5578056|0.18378954|0.032630585,0.0031771085|0.007849471|0.0025862963|0.00045917937,Type II: 均衡/正常发育簇|Type V: 沟通天然断层/强微裂缝簇|Type II: 均衡/正常发育簇|Type IV: 砂堵闭合/未起裂死簇,0.06850520521402359,linear,1476.702392578125,163.90274047851562,0.9180679321289062,467.7950134277344,6,0.010954927684870362,0.6991580180333185,1,1,1.431215307943004e-13,5.354650056688115e-11
943,2,4863.38|4904.5225,0.016048051|0.0064881137,0.00014276951|6.779121e-05,123270.94|252882.08,0.6778981|0.32210186,0.009230142|0.0043856823,Type I: 优势发育主进液簇|Type II: 均衡/正常发育簇,0.048368338495492935,linear,1460.8328857421875,197.4673614501953,0.888303279876709,4424.556640625,6,0.011359781451202677,0.621883144518886,0,-1,1.7301592558811862e-13,5.329638952389359e-10
944,6,4677.881|4719.787|4761.5435|4787.4897|4830.3916|4865.591,0.005|0.024445683|0.0036403658|0.008857915|0.00032815652|0.01853698,0.0005|0.00015624297|3.5087895e-05|6.540497e-05|3.4392872e-06|0.00016709093,196714.66|40688.26|173100.23|131135.47|93358340.0|55800.668,0.5334457|0.17063119|0.038331505|0.07143655|0.0037553285|0.18239972,0.008708724|0.0027856254|0.0006257778|0.0011662315|6.1307306e-05|0.0029777517,Type V: 沟通天然断层/强微裂缝簇|Type II: 均衡/正常发育簇|Type IV: 砂堵闭合/未起裂死簇|Type III: 受抑/欠发育弱进液簇|Type IV: 砂堵闭合/未起裂死簇|Type II: 均衡/正常发育簇,0.0416213758289814,cosine,1478.710693359375,104.32186126708984,1.0650784969329834,473.29071044921875,8,0.010372321871740859,0.7258051291363422,1,0,9.712077740338734e-14,4.177991286269389e-11
945,2,4766.034|4812.3955,0.016456505|0.0050584855,0.00012746944|4.7804766e-05,16024.051|38981.04,0.72724074|0.27275926,0.009792248|0.003672685,Type I: 优势发育主进液簇|Type II: 均衡/正常发育簇,0.08127708733081818,linear,1475.836669921875,83.29450225830078,0.8784590363502502,6021.55908203125,16,0.011422240009712006,0.6143556352702289,0,-1,8.412773922590253e-14,6.639311322942376e-11
946,5,4728.8374|4763.9897|4794.2886|4810.4883|4843.9434,0.020920396|0.007367571|0.0031493248|0.0042285523|0.021192987,0.0001556204|8.795538e-05|4.5139004e-05|5.4497355e-05|0.00017582571,333205.56|703890.75|948117.06|877436.9|321829.34,0.29972005|0.16960391|0.087189734|0.105228856|0.33825746,0.004907068|0.0027767844|0.0014274853|0.0017228249|0.0055380096,Type II: 均衡/正常发育簇|Type II: 均衡/正常发育簇|Type III: 受抑/欠发育弱进液簇|Type III: 受抑/欠发育弱进液簇|Type II: 均衡/正常发育簇,0.03202163800597191,cosine,1484.701904296875,136.09869384765625,1.0681287050247192,1189.928466796875,4,0.01047220030817191,0.6098886510806062,0,-1,2.9222558075615856e-13,5.2295945351943374e-11
947,6,4712.039|4729.4404|4750.8013|4793.8623|4808.718|4820.845,0.0005915222|0.014454557|0.03592624|0.009454742|0.01497843|0.000997353,9.418096e-06|9.438534e-05|0.00018908191|6.989149e-05|9.497386e-05|1.0907698e-06,97777120.0|43557.555|15227.356|58081.504|50520.14|98628370.0,0.020446187|0.20573784|0.41209912|0.1523427|0.20699638|0.0023777448,0.0003395201|0.0034163892|0.0068431315|0.002529734|0.003437288|3.948375e-05,Type IV: 砂堵闭合/未起裂死簇|Type II: 均衡/正常发育簇|Type I: 优势发育主进液簇|Type II: 均衡/正常发育簇|Type II: 均衡/正常发育簇|Type IV: 砂堵闭合/未起裂死簇,0.0010972048621624708,linear,1425.1209716796875,79.825927734375,1.0833542346954346,1443.4766845703125,16,0.008962532122023574,0.7364612193049813,0,-1,1.4228338830486048e-13,1.9804247131105512e-10
948,1,4603.3784,0.012321338,0.00011474125,841240.5,1.0,0.018023549,Type I: 优势发育主进液簇,0.08295757323503494,cosine,1483.3094482421875,171.59432983398438,1.1758654117584229,25179.595703125,4,0.009044009234776162,0.6743073020818617,0,-1,9.855755534610156e-14,1.1896190699189901e-09
949,4,4598.8716|4632.217|4670.545|4707.586,0.00964476|0.006785454|0.012|0.0008500642,8.788909e-05|8.317748e-05|0.0015|6.8496643e-06,348846.7|403707.94|159779.94|89968300.0,0.060091525|0.05679239|0.8784487|0.004667347,0.0007459017|0.00070495036|0.010903974|5.793466e-05,Type III: 受抑/欠发育弱进液簇|Type III: 受抑/欠发育弱进液簇|Type V: 沟通天然断层/强微裂缝簇|Type IV: 砂堵闭合/未起裂死簇,0.09172199666500092,linear,1475.6400146484375,84.2893295288086,0.8098147511482239,185.60031127929688,6,0.009036448173669217,0.7249051082441816,1,2,2.565869337747134e-13,5.201172825763933e-12
950,2,4527.6006|4562.2944,0.016510641|0.00791463,0.00015118964|7.359876e-05,23618.297|44003.92,0.6725542|0.32744578,0.008512164|0.004144308,Type I: 优势发育主进液簇|Type II: 均衡/正常发育簇,0.07272425293922424,cosine,1410.3934326171875,155.3332061767578,0.8257145881652832,3356.626708984375,12,0.01144970454619134,0.7228654017346294,0,-1,8.922747387956828e-14,2.3101165425032377e-10
951,1,4589.071,0.009656705,0.0010119459,84872.11,1.0,0.02069956,Type V: 沟通天然断层/强微裂缝簇,0.04151393473148346,cosine,1476.619140625,187.78952026367188,1.350449800491333,721.972412109375,8,0.011021031067715903,0.7177998115154298,1,0,1.2939467748142308e-13,3.319655661471188e-11
952,6,4683.0825|4717.266|4746.5137|4784.416|4834.3066|4848.1655,0.0009911915|0.022098526|0.00031038182|0.020985922|0.0036181428|0.005324708,8.459006e-06|0.00020678311|6.3195453e-06|0.00024556855|5.7628786e-05|0.00010893063,76976780.0|11223.878|79042880.0|9361.609|36226.336|30148.463,0.013321526|0.32638076|0.009960196|0.38748944|0.09095149|0.1718966,0.00023704003|0.0058075404|0.00017722933|0.0068948935|0.0016183689|0.0030586869,Type IV: 砂堵闭合/未起裂死簇|Type II: 均衡/正常发育簇|Type IV: 砂堵闭合/未起裂死簇|Type I: 优势发育主进液簇|Type III: 受抑/欠发育弱进液簇|Type II: 均衡/正常发育簇,0.03696410357952118,linear,1438.4862060546875,163.23402404785156,1.1608737707138062,1012.9299926757812,16,0.010924621776042554,0.688002017161394,0,-1,5.65445229565786e-15,3.2741809263825417e-11
953,5,4582.233|4593.3174|4615.447|4652.733|4666.1733,0.0006356955|0.022624688|0.0005865433|0.0007097658|0.009822088,9.941362e-06|0.0002343088|8.030085e-06|9.392522e-06|0.0001583204,71735330.0|56052.062|77432620.0|50035188.0|221868.75,0.02363735|0.5582013|0.019111807|0.022360392|0.37668914,0.0003852001|0.009096586|0.00031145074|0.00036439046|0.006138619,Type IV: 砂堵闭合/未起裂死簇|Type I: 优势发育主进液簇|Type IV: 砂堵闭合/未起裂死簇|Type IV: 砂堵闭合/未起裂死簇|Type I: 优势发育主进液簇,0.016251178458333015,linear,1483.829833984375,85.02366638183594,1.0631753206253052,1646.4820556640625,8,0.008916392416757964,0.6364426599456711,0,-1,6.131477704035548e-14,1.5734258340671659e-10
954,2,4880.845|4908.8477,0.0109059885|0.0039372253,9.976584e-05|4.5577555e-05,18141.123|44283.336,0.6864054|0.31359458,0.010338539|0.004723316,Type I: 优势发育主进液簇|Type II: 均衡/正常发育簇,0.08315848559141159,cosine,1446.962646484375,125.8141098022461,0.9826430678367615,10911.6640625,16,0.011163989685558054,0.6030754617701622,0,-1,1.120636108865522e-13,1.127773430198431e-10
955,6,4789.937|4819.741|4843.6914|4878.159|4912.6494|4950.0,0.011266194|0.013118601|0.009175881|0.0066073025|0.004360424|0.0038013912,0.0015|0.00020768866|0.00020022735|9.949951e-05|9.042157e-05|7.7077646e-05,275619.75|238721.86|306650.47|451788.22|532513.06|508473.8,0.63690305|0.11164068|0.10751212|0.05363073|0.048739396|0.041574035,0.011470024|0.0020105434|0.001936192|0.0009658389|0.0008777506|0.0007487092,Type V: 沟通天然断层/强微裂缝簇|Type III: 受抑/欠发育弱进液簇|Type III: 受抑/欠发育弱进液簇|Type III: 受抑/欠发育弱进液簇|Type III: 受抑/欠发育弱进液簇|Type III: 受抑/欠发育弱进液簇,0.041458610445261,cosine,1425.3614501953125,198.4904327392578,1.1749199628829956,356.1974792480469,8,0.008093180890394739,0.6370958644196832,1,0,1.589363406509503e-13,5.4001247917767614e-12
956,6,4728.6733|4764.213|4794.616|4824.1533|4865.3525|4888.298,0.012531649|0.0100138|0.0075357384|0.0068986434|0.020679452|0.014326057,0.0001080362|7.0056114e-05|5.6332945e-05|5.5281023e-05|0.00015071455|0.00011681634,656473.25|917469.25|1054499.0|1042376.56|436374.94|547060.1,0.19385657|0.12588567|0.10127571|0.09938627|0.2700398|0.20955598,0.0037853746|0.002458129|0.0019775783|0.0019406836|0.0052729803|0.0040919324,Type II: 均衡/正常发育簇|Type III: 受抑/欠发育弱进液簇|Type III: 受抑/欠发育弱进液簇|Type III: 受抑/欠发育弱进液簇|Type II: 均衡/正常发育簇|Type II: 均衡/正常发育簇,0.05952684208750725,cosine,1479.223876953125,94.06786346435547,1.273930311203003,1404.0609130859375,4,0.009823110218330433,0.6099707653395335,0,-1,2.041511897683465e-13,6.730260793119669e-11
957,2,4780.0825|4813.7197,0.017364476|0.005677689,0.00016381907|6.763633e-05,84776.484|170783.83,0.70762455|0.29237545,0.012591738|0.005202639,Type I: 优势发育主进液簇|Type II: 均衡/正常发育簇,0.020092902705073357,linear,1412.1064453125,169.15188598632812,1.1609141826629639,6151.986328125,12,0.008925795861090127,0.6089365937378335,0,-1,1.175695283316125e-13,7.530616130679846e-10
958,6,4784.8345|4819.23|4855.4844|4899.0513|4935.414|4950.0,0.024518844|0.015469369|0.014176354|0.016112018|0.00071951887|0.0048692897,0.00026055513|0.00013138835|0.00011761355|0.000118702366|4.7445587e-06|3.691055e-05,72822.5|110672.36|105235.945|113550.25|68493900.0|206678.42,0.38857406|0.19621694|0.17567524|0.17728455|0.0070862947|0.055162903,0.008694015|0.004390188|0.003930585|0.003966592|0.00015854985|0.0012342234,Type I: 优势发育主进液簇|Type II: 均衡/正常发育簇|Type II: 均衡/正常发育簇|Type II: 均衡/正常发育簇|Type IV: 砂堵闭合/未起裂死簇|Type III: 受抑/欠发育弱进液簇,0.0027056108228862286,cosine,1492.882568359375,86.90120697021484,1.4597010612487793,1302.315673828125,6,0.011382528569087879,0.739105123725577,0,-1,1.4855221816111736e-13,3.4788172342814505e-11
959,4,4842.3574|4863.844|4907.0522|4950.0,0.0009195524|0.0061731595|0.025057087|0.014218401,5.9759354e-06|5.0983297e-05|0.00024873548|0.00021833602,62317012.0|375140.12|113127.914|220008.31,0.011438947|0.09763998|0.4748467|0.4160744,0.00017312434|0.0014777458|0.007186633|0.0062971357,Type IV: 砂堵闭合/未起裂死簇|Type III: 受抑/欠发育弱进液簇|Type I: 优势发育主进液簇|Type I: 优势发育主进液簇,0.034514669328927994,cosine,1456.6026611328125,121.7132797241211,0.987391471862793,1008.0645751953125,6,0.009901885592465241,0.6893601950175849,0,-1,1.0544985904977801e-14,7.958078640513122e-13
960,6,4522.8013|4572.1587|4615.4927|4630.1416|4643.584|4685.7217,0.01607547|0.008761849|0.0074136327|0.024285182|0.006278081|0.012924776,0.0001646999|8.395254e-05|8.1620325e-05|0.00021383334|7.6090175e-05|0.00014087324,286271.72|439533.56|483754.38|200376.58|506781.1|353185.47,0.21637668|0.11051014|0.10740875|0.28054908|0.10013838|0.18501697,0.003261965|0.0016659846|0.0016192299|0.0042293896|0.0015096262|0.002789205,Type II: 均衡/正常发育簇|Type III: 受抑/欠发育弱进液簇|Type III: 受抑/欠发育弱进液簇|Type II: 均衡/正常发育簇|Type III: 受抑/欠发育弱进液簇|Type II: 均衡/正常发育簇,0.0017472831532359123,linear,1420.53271484375,140.22540283203125,0.9835267066955566,577.4263305664062,4,0.011484597064394015,0.6397464292683246,0,-1,7.985844922625204e-14,6.0254023992456496e-12
961,6,4736.2505|4781.843|4822.1504|4835.3765|4859.5938|4898.0703,0.0069977785|0.0006811799|0.018278291|0.0004913485|0.026116274|0.018373735,0.0001183026|5.3681506e-06|0.00015332388|9.349899e-06|0.00022489496|0.0001574429,1652479.8|63749544.0|820848.06|68487090.0|699119.4|1020478.9,0.17729066|0.008127605|0.23008744|0.0141229965|0.33482593|0.23554535,0.00313166|0.0001435659|0.004064262|0.00024946843|0.005914361|0.00416067,Type II: 均衡/正常发育簇|Type IV: 砂堵闭合/未起裂死簇|Type II: 均衡/正常发育簇|Type IV: 砂堵闭合/未起裂死簇|Type II: 均衡/正常发育簇|Type II: 均衡/正常发育簇,0.05188285931944847,linear,1435.4415283203125,110.11289978027344,1.1524074077606201,886.99267578125,4,0.008450304842278284,0.6083387468706871,0,-1,8.701121556120919e-14,1.000444171950221e-11
962,1,4570.673,0.009756015,0.0005248147,101092.27,1.0,0.020793326,Type V: 沟通天然断层/强微裂缝簇,0.07028897106647491,cosine,1410.1357421875,151.1671142578125,1.356567144393921,1844.442626953125,12,0.0085656894202137,0.7264259932909292,1,0,3.003369613825777e-15,2.000888343900442e-11
963,1,4666.629,0.011185579,0.00010381682,434273.03,1.0,0.015157381,Type I: 优势发育主进液簇,0.07265808433294296,linear,1431.2220458984375,51.8847770690918,0.9888752102851868,21511.703125,4,0.011190147938601055,0.6084940454416359,0,-1,2.22028036960583e-14,7.130438461899757e-10
964,1,4707.4297,0.014334899,0.00012568363,74492.3,1.0,0.014723337,Type I: 优势发育主进液簇,0.0700749084353447,linear,1445.856201171875,152.18463134765625,0.9605579376220703,13933.1552734375,8,0.011891818859099634,0.6539190121784099,0,-1,4.877803889968835e-14,1.1568772606551647e-09
965,3,4659.9214|4701.8525|4713.0195,0.005926124|0.026824953|0.003798853,5.530576e-05|0.00023065363|4.080081e-05,80368.11|21935.8|89093.26,0.16931786|0.70577294|0.124909185,0.0026634363|0.011102086|0.0019648706,Type II: 均衡/正常发育簇|Type I: 优势发育主进液簇|Type III: 受抑/欠发育弱进液簇,0.01901237852871418,linear,1412.3734130859375,117.03231811523438,1.0262588262557983,2483.762939453125,12,0.01096240310909919,0.6108215077286424,0,-1,8.49144092172037e-14,2.0691004465334117e-10
966,2,4844.96|4879.718,0.0018673565|0.02091029,1.7127484e-05|0.00011646223,92884.695|29837.547,0.12823176|0.87176824,0.0015931127|0.010830586,Type III: 受抑/欠发育弱进液簇|Type I: 优势发育主进液簇,0.09647016227245331,cosine,1422.9603271484375,173.62649536132812,0.8105283975601196,8856.3525390625,12,0.010110247352275203,0.7436498415748769,0,-1,1.431209480356327e-13,6.239133654162288e-10
967,4,4588.1045|4607.7324|4645.2344|4655.432,0.0066888677|0.009217496|0.008137037|0.012126085,9.695974e-05|0.000112706904|9.515148e-05|0.00015283648,61367.883|48128.57|50657.613|43228.33,0.21189022|0.24628648|0.20793025|0.33389303,0.0036550271|0.00424835|0.0035867193|0.0057595302,Type II: 均衡/正常发育簇|Type II: 均衡/正常发育簇|Type II: 均衡/正常发育簇|Type II: 均衡/正常发育簇,0.09454590827226639,cosine,1460.908935546875,133.8775634765625,1.1253743171691895,1611.1163330078125,12,0.010298237976099332,0.7110738468330396,0,-1,7.643005287905416e-14,2.6147972675971687e-11
968,3,4842.8853|4888.293|4930.752,0.019633515|0.006647939|0.0112821525,0.00013762899|5.1053383e-05|8.074702e-05,42920.93|99942.85|73384.76,0.51076925|0.18951872|0.29971203,0.00882816|0.0032756506|0.005180237,Type I: 优势发育主进液簇|Type II: 均衡/正常发育簇|Type II: 均衡/正常发育簇,0.040348395705223083,cosine,1420.6732177734375,98.92147064208984,1.127619981765747,4275.5048828125,16,0.008833421535879505,0.6211068254555341,0,-1,1.8748290951404317e-13,4.956746124662459e-10
969,2,4746.839|4759.0,0.022016868|0.0030293632,0.0001658709|3.348719e-05,12221.522|35616.4,0.83200425|0.16799574,0.018382087|0.0037116546,Type I: 优势发育主进液簇|Type II: 均衡/正常发育簇,0.0930279791355133,cosine,1475.1434326171875,149.3978271484375,1.4414068460464478,12528.365234375,16,0.011700363999191629,0.6457319341509282,0,-1,4.9151333095806896e-14,1.1204974725842476e-09
970,1,4836.2593,0.011192018,0.00011254229,212533.16,1.0,0.013468816,Type I: 优势发育主进液簇,0.07463078200817108,linear,1492.562255859375,86.79086303710938,0.8787123560905457,14484.029296875,8,0.00929887514642563,0.6315547758581183,0,-1,5.151821758911032e-14,4.474713932722807e-10
971,4,4729.209|4777.0903|4803.7524|4833.5894,0.026349625|0.012229111|0.0037289523|0.008144022,0.0002898877|0.000110810426|5.279097e-05|8.590819e-05,105855.445|237277.88|366312.16|276264.53,0.5366198|0.2057227|0.09809946|0.15955806,0.012268084|0.0047031874|0.0022427284|0.0036477812,Type I: 优势发育主进液簇|Type II: 均衡/正常发育簇|Type III: 受抑/欠发育弱进液簇|Type II: 均衡/正常发育簇,0.051088832318782806,cosine,1492.6572265625,76.44739532470703,1.4915140867233276,1982.9478759765625,6,0.009935629488765033,0.7424867747839614,0,-1,6.434518309882467e-14,1.5347723092418164e-10
972,1,4567.92,0.0132769095,0.0001025916,22702.775,1.0,0.016260099,Type I: 优势发育主进液簇,0.02365104667842388,linear,1406.2777099609375,51.274261474609375,1.060817003250122,25226.56640625,16,0.011201173283134098,0.6685855013457682,0,-1,1.7069746766247562e-14,1.3096723705530167e-10
973,6,4517.448|4556.7603|4597.8496|4639.4517|4679.0557|4698.321,0.017265324|0.0038513036|0.007737005|0.00025343985|0.015225653|0.008487852,0.00018472715|3.7775313e-05|9.496794e-05|8.0162135e-06|0.000120633325|0.00011260687,82690.64|227906.53|155051.0|82485160.0|100468.76|155597.48,0.33053982|0.06766982|0.17001596|0.014322402|0.21593599|0.201516,0.007394169|0.0015137723|0.0038032536|0.00032039185|0.004830484|0.0045079086,Type II: 均衡/正常发育簇|Type III: 受抑/欠发育弱进液簇|Type II: 均衡/正常发育簇|Type IV: 砂堵闭合/未起裂死簇|Type II: 均衡/正常发育簇|Type II: 均衡/正常发育簇,0.0035053794272243977,linear,1474.449951171875,98.34307098388672,1.4594286680221558,1796.1771240234375,6,0.010956613543175238,0.73836891006428,0,-1,9.46072698128483e-15,8.003553375601768e-11
974,5,4819.338|4846.7344|4878.4336|4904.96|4950.0,0.0008451723|0.0030423168|0.0063048718|0.027453225|0.00055947655,6.5459626e-06|6.912896e-05|7.409635e-05|0.00028239586|5.424091e-06,52828932.0|1704365.6|1365305.9|225397.31|78491500.0,0.015050893|0.15846467|0.16989219|0.644124|0.012468256,0.00030915663|0.0032549833|0.003489713|0.013230789|0.00025610733,Type IV: 砂堵闭合/未起裂死簇|Type II: 均衡/正常发育簇|Type II: 均衡/正常发育簇|Type I: 优势发育主进液簇|Type IV: 砂堵闭合/未起裂死簇,0.044794149696826935,linear,1426.0728759765625,171.89306640625,1.3400888442993164,2489.595458984375,4,0.008697058672573272,0.6512635168806165,0,-1,1.298883824931915e-13,3.5561242839321494e-10
975,3,4553.122|4577.659|4616.671,0.017012816|0.004908683|0.0094605135,0.00014842734|4.9587055e-05|7.778301e-05,272228.62|746894.4|575079.75,0.5377873|0.18003686|0.2821758,0.007530473|0.0025210015|0.003951222,Type I: 优势发育主进液簇|Type II: 均衡/正常发育簇|Type II: 均衡/正常发育簇,0.08798594027757645,cosine,1403.3660888671875,76.13284301757812,0.9135429859161377,2702.108154296875,4,0.010598066403888448,0.6475165770264654,0,-1,1.268582000514204e-13,2.928572939708829e-10
976,4,4540.022|4561.738|4606.599|4642.758,0.005821075|0.0057950607|0.01567572|0.014236405,9.067467e-05|6.888219e-05|0.00023504221|0.0001842217,235287.98|255461.08|112146.13|144818.62,0.15689042|0.11921437|0.4057117|0.3181835,0.0028326411|0.0021524036|0.007325085|0.005744772,Type II: 均衡/正常发育簇|Type III: 受抑/欠发育弱进液簇|Type I: 优势发育主进液簇|Type II: 均衡/正常发育簇,0.04622983932495117,linear,1443.8681640625,59.066890716552734,1.1779109239578247,1096.841552734375,6,0.010893644851873758,0.6798447889706927,0,-1,3.631841802667103e-14,5.275069270282984e-11
977,6,4732.178|4743.3794|4792.025|4820.0215|4849.612|4871.5894,0.006781864|0.0008573346|0.0006853075|0.0062706214|0.031541497|0.01637585,6.957247e-05|4.876416e-06|7.78724e-06|7.911486e-05|0.00039458278|0.000120952114,722266.4|66048370.0|76152570.0|745922.5|130103.13|470354.8,0.103389|0.0072529884|0.011560768|0.11742595|0.58107543|0.17929587,0.0019203359|0.0001347162|0.00021472842|0.0021810564|0.01079283|0.0033302216,Type III: 受抑/欠发育弱进液簇|Type IV: 砂堵闭合/未起裂死簇|Type IV: 砂堵闭合/未起裂死簇|Type III: 受抑/欠发育弱进液簇|Type I: 优势发育主进液簇|Type II: 均衡/正常发育簇,0.005556691903620958,cosine,1475.4747314453125,184.65237426757812,1.2117698192596436,1015.2864990234375,4,0.009894177212559915,0.7245527675939593,0,-1,2.7458368695096325e-14,6.582467904081568e-11
978,4,4835.162|4881.7485|4907.999|4950.0,0.017395303|0.018585308|0.00050708745|0.010285044,9.129155e-05|0.00013555607|5.012708e-06|9.5720185e-05,641036.1|468061.06|54462430.0|896352.56,0.27899063|0.4135728|0.015348486|0.2920881,0.0036687325|0.005438491|0.00020183291|0.0038409645,Type II: 均衡/正常发育簇|Type I: 优势发育主进液簇|Type IV: 砂堵闭合/未起裂死簇|Type II: 均衡/正常发育簇,0.08002275973558426,linear,1463.63134765625,60.50492477416992,0.8579139709472656,1718.373291015625,4,0.009443413650435918,0.6405293473095958,0,-1,3.2847565000024975e-14,0.0
979,4,4643.964|4663.381|4707.178|4747.24,0.00999651|0.014087291|0.004368966|0.014454044,0.0001171337|0.00016239272|7.032307e-05|0.00021395944,358517.53|251229.77|482489.1|229566.92,0.20801479|0.28812155|0.12502347|0.3788402,0.00351633|0.004870473|0.0021134256|0.006404002,Type II: 均衡/正常发育簇|Type II: 均衡/正常发育簇|Type III: 受抑/欠发育弱进液簇|Type I: 优势发育主进液簇,0.04252023994922638,linear,1411.46728515625,98.0387954711914,1.102840542793274,1057.5533447265625,8,0.008214649815013225,0.6689608896003365,0,-1,3.160716656393399e-14,2.8194335754960775e-11
980,1,4828.0493,0.006921147,0.00016430524,42573.2,1.0,0.022097277,Type I: 优势发育主进液簇,0.0599970817565918,cosine,1412.67138671875,150.7239227294922,1.441637396812439,18353.87890625,12,0.01072560052862069,0.7130839394140752,0,-1,4.992851292996703e-14,6.257323548197746e-10
981,2,4720.714|4740.55,0.009362244|0.011612361,8.254235e-05|9.438457e-05,45196.395|36370.33,0.4665365|0.53346354,0.008773894|0.010032554,Type I: 优势发育主进液簇|Type I: 优势发育主进液簇,0.060840848833322525,cosine,1421.4207763671875,166.36080932617188,1.2269421815872192,11536.1904296875,16,0.010180640955006998,0.6012628140608016,0,-1,1.2969067822703878e-13,2.346496330574155e-10
982,1,4580.721,0.012,0.00054838374,1057222.6,1.0,0.019704869,Type V: 沟通天然断层/强微裂缝簇,0.03606168180704117,cosine,1491.3499755859375,164.8809051513672,1.2855556011199951,1938.4490966796875,4,0.008649035229897083,0.656458068976653,1,0,1.1972796309879432e-14,8.844835974741727e-11
983,4,4807.3013|4838.1094|4862.909|4892.8433,0.00037725797|0.0032615804|0.032742504|0.005,5.570566e-06|6.4755644e-05|0.00036930243|0.0005,92335570.0|172112.78|23635.203|199844.12,0.006006614|0.06986139|0.39777896|0.526353,0.00010058523|0.0011698812|0.006661106|0.008814174,Type IV: 砂堵闭合/未起裂死簇|Type III: 受抑/欠发育弱进液簇|Type I: 优势发育主进液簇|Type V: 沟通天然断层/强微裂缝簇,0.017036287114024162,linear,1430.4957275390625,85.84498596191406,1.092500925064087,467.5735778808594,12,0.008907262920005333,0.6611116849950569,1,3,7.355024250234321e-14,3.524291969370097e-12
984,4,4600.2954|4630.483|4655.462|4669.3555,0.016217383|0.0149168|0.013296424|0.005531024,0.00015316153|0.00011578748|0.00013040427|6.320189e-05,412447.03|456927.84|491563.16|792321.56,0.33078322|0.2504923|0.28179595|0.13692851,0.0058074896|0.004397839|0.0049474305|0.0024040244,Type II: 均衡/正常发育簇|Type II: 均衡/正常发育簇|Type II: 均衡/正常发育簇|Type III: 受抑/欠发育弱进液簇,0.046090345829725266,linear,1442.005126953125,155.9044189453125,1.1454133987426758,1665.0662841796875,4,0.010059505192072174,0.6963527670997648,0,-1,7.50929012575301e-15,9.913492249324918e-11
985,5,4617.4907|4632.147|4673.3496|4688.431|4727.744,0.008766472|0.0007727733|0.0005276884|0.019098617|0.025640303,6.5958004e-05|3.7374505e-06|5.8522473e-06|0.0001309993|0.00014607218,278142.7|53700580.0|98281440.0|118806.54|109028.9,0.18714517|0.010606586|0.016585426|0.3714927|0.4141701,0.0028262385|0.00016017909|0.00025047062|0.0056102276|0.006254735,Type II: 均衡/正常发育簇|Type IV: 砂堵闭合/未起裂死簇|Type IV: 砂堵闭合/未起裂死簇|Type I: 优势发育主进液簇|Type I: 优势发育主进液簇,0.09679938852787018,cosine,1470.1781005859375,86.10529327392578,0.985252320766449,1967.2939453125,8,0.008941166079525149,0.6605910298186091,0,-1,1.9183000796022844e-14,0.0
986,6,4611.718|4660.089|4683.101|4729.482|4774.64|4819.1997,0.0040289895|0.031859864|0.0009042949|0.0005983566|0.011231141|0.011590015,4.6482564e-05|0.0002550154|8.958503e-06|8.38074e-06|0.00012494817|0.00012153139,390430.22|81105.62|75552810.0|64162824.0|226150.1|232736.11,0.08238457|0.4508673|0.01583189|0.014821404|0.22106655|0.21502829,0.0017614667|0.009640006|0.00033850205|0.00031689683|0.0047266297|0.0045975256,Type III: 受抑/欠发育弱进液簇|Type I: 优势发育主进液簇|Type IV: 砂堵闭合/未起裂死簇|Type IV: 砂堵闭合/未起裂死簇|Type II: 均衡/正常发育簇|Type II: 均衡/正常发育簇,0.06787098944187164,linear,1471.6343994140625,196.3424835205078,1.3949090242385864,1718.65478515625,4,0.011824356901441273,0.7366345291720905,0,-1,6.377114548233864e-14,1.9826984498649836e-10
987,3,4541.366|4585.0947|4614.8203,0.0006965641|0.016837358|0.008724152,1.3344951e-06|0.00016349221|7.538414e-05,51370776.0|24999.82|45155.03,0.0055570346|0.68057513|0.31386784,0.00012340119|0.015113057|0.006969844,Type IV: 砂堵闭合/未起裂死簇|Type I: 优势发育主进液簇|Type II: 均衡/正常发育簇,0.01397311594337225,cosine,1461.7337646484375,152.7582244873047,1.4487502574920654,8794.5595703125,12,0.010994779740734154,0.6599461541079326,0,-1,1.5451843363850637e-13,8.913048077374697e-10
988,2,4824.018|4840.492,0.019820478|0.002368682,0.00016829057|2.4481622e-05,15949.189|49607.0,0.8729789|0.12702104,0.017477645|0.0025430496,Type I: 优势发育主进液簇|Type III: 受抑/欠发育弱进液簇,0.04964673891663551,cosine,1456.5859375,89.90228271484375,1.3061602115631104,10958.5615234375,16,0.010848684484432495,0.6480736463297617,0,-1,7.1050146831491e-14,6.002665031701326e-10
989,4,4675.8354|4692.958|4719.1743|4754.8286,0.012483421|0.006815643|0.003307523|0.013206036,0.0001398951|9.353449e-05|4.4243105e-05|0.00016264827,64918.324|104584.75|140949.28|62708.25,0.31771976|0.21245944|0.10052591|0.36929488,0.004422566|0.0029573734|0.0013992912|0.005140477,Type II: 均衡/正常发育簇|Type II: 均衡/正常发育簇|Type III: 受抑/欠发育弱进液簇|Type I: 优势发育主进液簇,0.08595184981822968,linear,1490.1572265625,146.01052856445312,0.9081287384033203,1183.7174072265625,16,0.008132078471593761,0.6459172728611603,0,-1,1.4431408542139867e-13,7.298694981727749e-11
990,6,4652.139|4674.6504|4719.6743|4731.9355|4764.58|4797.1,0.0005252679|0.0006697103|0.012|0.0050895056|0.01139591|0.0029292335,9.579432e-06|2.9984985e-06|0.0015|7.026301e-05|0.00011875702|5.2140294e-05,99400360.0|88745100.0|31736.133|153477.02|99150.41|180933.75,0.005622068|0.0017647629|0.85106087|0.04124784|0.06969227|0.030612176,9.9432975e-05|3.1211937e-05|0.015052027|0.00072951725|0.0012325909|0.00054141285,Type IV: 砂堵闭合/未起裂死簇|Type IV: 砂堵闭合/未起裂死簇|Type V: 沟通天然断层/强微裂缝簇|Type III: 受抑/欠发育弱进液簇|Type III: 受抑/欠发育弱进液簇|Type IV: 砂堵闭合/未起裂死簇,0.050518445670604706,cosine,1425.555908203125,67.82225036621094,1.1538561582565308,235.55992126464844,8,0.010293696322894709,0.701423168303617,1,2,8.003612963353168e-14,2.1827872842550278e-11
991,4,4851.1177|4876.7925|4920.2627|4950.0,0.00082482205|0.00027914048|0.031501286|0.00077899935,5.641739e-06|6.453077e-06|0.00042785908|9.841571e-06,56540216.0|74880380.0|41440.965|84730536.0,0.012581637|0.014380104|0.9511664|0.021871896,0.00017276945|0.00019746575|0.013061295|0.0003003421,Type IV: 砂堵闭合/未起裂死簇|Type IV: 砂堵闭合/未起裂死簇|Type I: 优势发育主进液簇|Type IV: 砂堵闭合/未起裂死簇,0.038293689489364624,linear,1467.16943359375,131.8065643310547,0.8958743214607239,1108.7047119140625,6,0.010745770802615143,0.6953894994659309,0,-1,1.97072074642219e-14,3.842615114990622e-11
992,4,4791.914|4805.0166|4847.6514|4872.0796,0.0077597913|0.0022493138|0.019759357|0.0044102543,0.00012632959|3.7012876e-05|0.00023863425|7.444557e-05,138423.36|238379.97|62360.934|195986.47,0.26523033|0.077779435|0.500622|0.15636827,0.005882663|0.0017251053|0.011103521|0.0034681626,Type II: 均衡/正常发育簇|Type III: 受抑/欠发育弱进液簇|Type I: 优势发育主进液簇|Type II: 均衡/正常发育簇,0.06720973551273346,linear,1484.048583984375,189.6968231201172,1.4469985961914062,2457.904296875,6,0.011245508596202278,0.7276248463178296,0,-1,1.0871619088911183e-13,1.823536877054721e-10
993,4,4820.961|4854.173|4871.1514|4918.117,0.02250992|0.003978686|0.0033467358|0.0141425375,0.00018812073|4.1175284e-05|3.310429e-05|0.00010029868,44846.11|137985.39|144484.6|63780.88,0.51853573|0.11356985|0.091311246|0.2765832,0.007285419|0.0015956546|0.0012829216|0.0038859898,Type I: 优势发育主进液簇|Type III: 受抑/欠发育弱进液簇|Type III: 受抑/欠发育弱进液簇|Type II: 均衡/正常发育簇,0.024469660595059395,cosine,1419.53857421875,187.60169982910156,0.9166281223297119,1728.6788330078125,16,0.008382344483006735,0.6131569554095081,0,-1,9.074897544579866e-14,1.7189449863508344e-10
994,1,4566.845,0.008286522,9.7183714e-05,103998.48,1.0,0.016052818,Type I: 优势发育主进液簇,0.0706130713224411,linear,1459.505859375,162.48428344726562,1.0472939014434814,27521.62109375,12,0.00840528854254278,0.744996001080783,0,-1,6.894450423977974e-14,8.11269273981452e-10
995,1,4806.743,0.013011773,0.000104476,92863.02,1.0,0.015074295,Type I: 优势发育主进液簇,0.030532579869031906,cosine,1434.9151611328125,185.97344970703125,0.9834545850753784,21069.685546875,12,0.009289159390248457,0.6388258846943096,0,-1,4.165832717846485e-14,2.153683453798294e-09
996,1,4503.965,0.01060266,0.0010279013,17925.473,1.0,0.021827623,Type V: 沟通天然断层/强微裂缝簇,0.03519093617796898,cosine,1405.110107421875,96.2330093383789,1.4240450859069824,642.2356567382812,16,0.01167939990481156,0.69382125764314,1,0,1.834254590663692e-13,2.5693225325085223e-11
997,5,4753.2646|4779.0254|4810.334|4824.8467|4862.9204,0.00068005675|0.024385741|0.0005210276|0.0008076736|0.031817522,7.176467e-06|0.00012922099|7.894804e-06|3.519856e-06|0.00019032627,82323140.0|9572.383|62961984.0|74019040.0|6674.6064,0.021184722|0.38221222|0.023306953|0.010406756|0.56288934,0.0002894725|0.0052226284|0.0003184711|0.00014220011|0.007691439,Type IV: 砂堵闭合/未起裂死簇|Type I: 优势发育主进液簇|Type IV: 砂堵闭合/未起裂死簇|Type IV: 砂堵闭合/未起裂死簇|Type I: 优势发育主进液簇,0.06407259404659271,linear,1485.7027587890625,80.4609603881836,0.8914600014686584,1750.6827392578125,16,0.01166622392792684,0.7016402477687335,0,-1,7.033240499330559e-14,3.4788172342814505e-11
998,4,4786.8926|4800.3203|4828.1826|4870.6567,0.0105703585|0.005|0.020670893|0.019571789,0.00011500003|0.0005|0.00019897925|0.0002150997,21737.328|35309.938|14097.049|13204.984,0.11201741|0.4848493|0.19372658|0.20940672,0.0019346352|0.008373757|0.0033458215|0.0036166308,Type III: 受抑/欠发育弱进液簇|Type V: 沟通天然断层/强微裂缝簇|Type II: 均衡/正常发育簇|Type II: 均衡/正常发育簇,0.042585451155900955,linear,1424.70556640625,137.81582641601562,1.1267585754394531,478.8459167480469,16,0.011360211434132735,0.710150080295413,1,1,1.34190930394483e-13,4.5133674575481564e-11
999,1,4789.5625,0.010079206,0.00011157013,36449.266,1.0,0.016166655,Type I: 优势发育主进液簇,0.021388504654169083,cosine,1408.0047607421875,60.76516342163086,1.0547206401824951,21117.5859375,12,0.010914643571791128,0.7463797011536077,0,-1,7.725784970807632e-15,1.3606040738523006e-09
