sample_id,n_frac,x1_m,T1_s,a_hat_m_s,a_hat_ok,Y0_m2_s,omega_star_rad_s,fracture_positions_m,mask_design,y_active,alpha_ss,Y_eq_m2_s,log10_Y_over_Y0,fracture_Q_ss_m3_s,fracture_Cf_m2,fracture_kleak_m2p5_s,fracture_Kp_s2_m5
0,1,4691.29052734375,6.838136672973633,1372.09619140625,1,0.00010958904749713838,0.9188446998596191,4691.2905,1,1,1.0,0.00012550114,0.058880888,0.01697128,0.01252255,9.8543904e-05,234723.14
1,6,4789.94873046875,6.461100101470947,1482.7037353515625,1,0.00010141386155737564,0.9724636673927307,4789.9487|4801.7007|4817.8726|4855.1943|4894.985|4943.6855,1|1|1|1|1|1,1|1|1|1|1|1,0.17479983|0.11026358|0.28510892|0.080832325|0.11034106|0.23865427,0.00030963228|0.0003465236|0.00033966242|0.0004122314|0.00036999743|0.000260633,0.48474905|0.5336356|0.5249503|0.60904384|0.56210154|0.4099323,0.0028382563|0.0017903695|0.004629365|0.0013124889|0.0017916276|0.0038750723,0.010063531|0.005785823|0.016030638|0.0034346862|0.0058714803|0.010444785,0.00014827472|9.3287745e-05|0.00024264448|6.830989e-05|9.336066e-05|0.00020332685,568370.25|802834.75|317827.06|909772.06|751062.8|494730.47
2,2,4663.7783203125,6.392146110534668,1459.221435546875,1,0.00010304585157427937,0.9829539060592651,4663.7783|4700.514,1|1,1|1,0.53433746|0.4656625,0.00060682895|0.0005203455,0.77003586|0.7032614,0.009792824|0.008534215,0.017429646|0.010441405,9.549054e-05|8.321867e-05,84032.92|112303.445
3,4,4770.48876953125,6.665977478027344,1431.2945556640625,1,0.00010505643876967952,0.942575216293335,4770.489|4796.8296|4840.966|4860.3237,1|1|1|1,1|1|1|1,0.38104177|0.19207236|0.32262424|0.10426163,0.00040399353|0.00037447104|0.00031049797|0.00049672107,0.5849519|0.5519957|0.47063625|0.67469,0.005822866|0.0029351418|0.0049301623|0.0015932677,0.015237479|0.0057983617|0.008563658|0.0025403267,0.00015262201|7.684789e-05|0.00012926363|4.168229e-05,212379.72|452755.62|326138.78|603282.8
4,4,4519.86962890625,6.070179462432861,1489.20458984375,1,0.00010097115591634065,1.0350905656814575,4519.8696|4535.962|4573.815|4601.661,1|1|1|1,0|1|1|1,0.0081279725|0.20425813|0.5051204|0.28249353,0.0|0.00034580275|0.0004461706|0.00035876827,-6.004197|0.53463125|0.6453037|0.5506168,0.00012596247|0.0031654707|0.007828055|0.0043779165,0.0007597657|0.0075511583|0.02546005|0.012845061,3.3928297e-06|8.536031e-05|0.00021143352|0.00011813212,98458820.0|455877.2|143116.55|318105.03
5,3,4892.625,6.653039455413818,1470.7939453125,1,0.00010223506251350045,0.9444082379341125,4892.625|4920.856|4938.9507,1|1|1,1|1|1,0.4845102|0.2585184|0.2569714,0.00022633329|0.00032999308|0.00028413103,0.34514877|0.5089051|0.44391897,0.008952332|0.0047766636|0.0047480795,0.015203542|0.011121349|0.009180892,0.00014348196|7.643517e-05|7.598881e-05,246704.4|316891.34|370224.56
6,6,4712.52685546875,6.342782974243164,1485.9493408203125,1,0.00010119235957972705,0.9906038641929626,4712.527|4742.2866|4765.481|4781.262|4795.398|4828.904,1|1|1|1|1|1,1|0|1|1|1|0,0.29502964|0.011426796|0.39341462|0.094500825|0.20141709|0.0042110127,5.8879203e-05|0.0|0.0001758347|0.00012074142|7.782069e-05|0.0,-0.23518504|-6.005148|0.23995712|0.07670892|-0.11405208|-6.005148,0.006546243|0.00025354262|0.008729251|0.0020968246|0.0044691283|9.343575e-05,0.015330388|0.00095026114|0.035665423|0.0056498097|0.010800297|0.00091692863,0.00016108295|6.1455526e-06|0.00021285929|5.0887054e-05|0.00010910559|2.2622419e-06,1297206.8|73674470.0|325744.8|1974005.4|1437569.1|77701810.0
7,3,4863.0166015625,6.957053184509277,1398.010498046875,1,0.00010755764378700405,0.9031388759613037,4863.0166|4877.3594|4914.249,1|1|1,1|1|1,0.609227|0.17900448|0.21176854,0.00024114698|0.00026793493|0.00026395207,0.3506407|0.3963882|0.38988397,0.011780998|0.00346152|0.004095099,0.023000479|0.005050206|0.00859178,0.00021870984|6.406398e-05|7.58073e-05,175973.42|537234.6|462035.97
8,5,4651.34619140625,6.376095771789551,1458.9949951171875,1,0.00010306183685315773,0.9854282736778259,4651.346|4671.5845|4719.0264|4735.611|4747.407,1|1|1|1|1,1|1|1|1|1,0.32113808|0.06776356|0.12975195|0.15494332|0.3264031,0.000257176|0.0005422568|0.00040102267|0.0003176449|0.00038194316,0.39713272|0.72110724|0.59007114|0.48884416|0.56890094,0.0073572877|0.0015524662|0.002972623|0.0035497583|0.00747791,0.021321619|0.003930059|0.011633981|0.008292415|0.024265114,0.00013337747|2.8085531e-05|5.3801108e-05|6.426722e-05|0.00013547919,264214.38|582053.1|418917.22|442762.03|175016.84
9,5,4612.05859375,6.337521553039551,1455.47705078125,1,0.00010331095108995214,0.9914262294769287,4612.0586|4627.8145|4638.372|4657.558|4672.831,1|1|1|1|1,1|1|1|1|1,0.09221336|0.1668734|0.088830434|0.15969972|0.4923831,0.0017553187|0.001499817|0.0016978809|0.001443045|0.0013298373,1.2302097|1.1618919|1.215761|1.1451335|1.1096522,0.0012512916|0.002264393|0.001205387|0.0021670496|0.0066814055,0.0070064142|0.011906172|0.0056509604|0.010254684|0.029567216,5.9577298e-05|0.00010787616|5.740007e-05|0.00010325013|0.0003189919,212025.64|144803.92|219293.78|156595.67|56156.754
10,5,4524.13427734375,6.380338668823242,1418.1485595703125,1,0.0001060302893165499,0.9847729802131653,4524.1343|4557.976|4605.297|4647.471|4676.1665,1|1|1|1|1,1|1|1|1|0,0.045128122|0.71983737|0.055962894|0.17781743|0.0012541694,0.003903837|0.000419423|0.0031910986|0.0039617075|0.0,1.5660617|0.5972224|1.4785103|1.5724524|-6.0254297,0.00056201214|0.00896464|0.0006969452|0.002214485|1.561905e-05,0.008981665|0.0093458295|0.007113771|0.023054743|0.00044826773,8.240582e-05|0.0015|0.00010244803|0.0003262375|2.2948475e-06,167419.4|132620.3|158649.17|55189.926|96048520.0
11,4,4626.33544921875,6.538224697113037,1415.1656494140625,1,0.00010625379218254238,0.9609925746917725,4626.3354|4647.724|4663.8687|4678.4883,1|1|1|1,0|1|1|1,0.005266143|0.3186586|0.07092665|0.6051486,0.0|0.0032779716|0.0006508689|0.004805162,-6.0263443|1.4892608|0.7871492|1.6553637,6.5770066e-05|0.0039798003|0.0008858192|0.0075578396,0.00023478005|0.012609575|0.0026232272|0.02138228,2.6334858e-06|0.00015940888|3.546798e-05|0.00030279031,61837244.0|35277.332|62220.59|12967.547
12,1,4795.05517578125,6.993724822998047,1371.2449951171875,1,0.00010965707042487338,0.8984032869338989,4795.055,1,1,1.0,0.00038387466,0.5441529,0.022185441,0.012,0.0007834708,58632.844
13,3,4521.28857421875,6.449261665344238,1402.1104736328125,1,0.00010724313324317336,0.9742487668991089,4521.2886|4544.388|4569.567,1|1|1,1|1|1,0.43401155|0.2873949|0.27859354,0.0011771249|0.001010175|0.001039879,1.0404531|0.97402716|0.9866134,0.0067044655|0.0044395807|0.00430362,0.019203447|0.009451333|0.009007094,0.00014914053|9.874375e-05|9.571716e-05,63103.19|110129.01|110132.51
14,6,4802.87939453125,6.782721519470215,1416.2100830078125,1,0.00010617542284308001,0.9263516664505005,4802.8794|4847.308|4862.5923|4897.1675|4910.971|4950.0,1|1|1|1|1|1,1|1|0|0|1|1,0.055264354|0.12861551|0.035754617|0.02640147|0.091341786|0.6626223,0.0003730654|0.0003035548|0.0|0.0|0.0003465291|5.7803685e-05,0.5457611|0.45621324|-6.026024|-6.026024|0.5137158|-0.26406774,0.0012326447|0.0028687068|0.0007974895|0.000588872|0.0020373343|0.014779469,0.0076374137|0.01642714|0.004010085|0.0043344153|0.015091449|0.012,8.199136e-05|0.00019247032|5.30676e-05|3.9191727e-05|0.00013638199|0.0014936713,1084240.5|573944.8|1300796.5|1381116.6|707778.56|585232.7
15,5,4643.3662109375,6.385165214538574,1454.4232177734375,1,0.00010338580614188686,0.9840286374092102,4643.366|4689.301|4729.8022|4750.6235|4775.1914,1|1|1|1|1,1|1|1|1|1,0.48295072|0.11772154|0.19592367|0.041405916|0.16199815,0.00030583527|0.0017166359|0.0028792277|0.0016143708|0.0018958182,0.47102678|1.2202172|1.4448152|1.1935424|1.2633358,0.0075514726|0.0018407075|0.003063485|0.00064742763|0.0025330216,0.005|0.009520143|0.023751577|0.0033067605|0.016741384,0.0005|0.000118878444|0.00019787977|4.178214e-05|0.00016366747,215611.44|152720.0|55810.676|209378.92|102718.57
16,6,4777.9189453125,6.524141311645508,1464.68896484375,1,0.00010266119352309033,0.9630669951438904,4777.919|4819.171|4833.594|4883.4756|4928.6436|4950.0,1|1|1|1|1|1,0|1|1|0|0|1,0.0027574252|0.24017456|0.5050662|0.005122827|0.013988754|0.2328902,0.0|0.0059049106|0.009134041|0.0|0.0|0.0064940415,-6.0114064|1.759807|1.9492567|-6.0114064|-6.0114064|1.8011087,3.6960948e-05|0.0032193365|0.006769985|6.8667156e-05|0.0001875074|0.0031216957,0.00087952707|0.014206771|0.03272476|0.00023212103|0.0006036248|0.0149610415,1.5150874e-06|0.00013200846|0.00027764772|2.816039e-06|7.706693e-06|0.00012801413,90048190.0|19789.16|7336.8574|56246184.0|81500590.0|17669.121
17,4,4783.61669921875,6.485021114349365,1475.28173828125,1,0.0001019240589812398,0.9688766002655029,4783.6167|4823.0015|4840.723|4861.553,1|1|1|1,1|0|1|1,0.24155721|0.025028681|0.5669927|0.1664214,0.002812508|0.0|0.0032757747|0.0024085515,1.4408171|-6.008277|1.5070373|1.3734792,0.0055025425|0.0005701398|0.012915786|0.0037909893,0.011320583|0.0003468266|0.028141243|0.005686995,9.4451934e-05|9.8202445e-06|0.0002217569|6.507629e-05,30021.479|72928030.0|11644.539|40669.832
18,1,4696.61083984375,6.679940700531006,1406.183349609375,1,0.00010693250806070864,0.9406049251556396,4696.611,1,1,1.0,0.0006431309,0.7791897,0.015495586,0.011946412,9.49658e-05,50007.17
19,5,4749.5439453125,6.483450412750244,1465.12841796875,1,0.0001026303943945095,0.9691113233566284,4749.544|4779.878|4806.0396|4835.0063|4849.775,1|1|1|1|1,1|1|1|1|1,0.15228744|0.30288884|0.23379984|0.19849434|0.11252955,0.00025469912|0.00024813678|0.00018061457|0.00020329977|0.000264188,0.3947516|0.3834153|0.24547704|0.2968611|0.4106373,0.0023217653|0.0046178256|0.0035644986|0.003026233|0.0017156189,0.005642597|0.013180628|0.009481912|0.0066708107|0.0039645247,6.2036044e-05|0.00012360449|9.543212e-05|8.095153e-05|4.5823857e-05,843676.44|436190.56|776335.94|811892.1|1097900.9
20,3,4865.95703125,6.502429962158203,1496.6580810546875,1,0.00010046831448562443,0.9662826657295227,4865.957|4902.054|4924.7026,1|1|1,1|1|1,0.30794314|0.2382412|0.45381567,0.0024121439|0.0024856802|0.0026883122,1.3803741|1.3934162|1.4274507,0.0055905175|0.0043251216|0.008238744,0.007351348|0.006081413|0.011091368,8.646229e-05|6.689099e-05|0.00012743044,32145.418|35651.08|21051.39
21,4,4585.0732421875,6.223222732543945,1473.53662109375,1,0.00010204477439401671,1.009635329246521,4585.073|4628.5684|4658.334|4672.9683,1|1|1|1,1|1|0|1,0.64546824|0.056177158|0.011272037|0.28708255,4.2922125e-05|0.00046108474|0.0|0.0005629626,-0.37610856|0.6549901|-6.008791|0.74168885,0.013746223|0.0011963776|0.00024005509|0.0061138575,0.005|0.0023040017|0.0009963716|0.02840544,0.0005|3.9559593e-05|7.948944e-06|0.00020263396,847358.8|869219.3|65548076.0|145213.4
22,5,4710.6259765625,6.665078639984131,1413.5244140625,1,0.00010637715604389086,0.9427023530006409,4710.626|4746.2617|4756.6904|4775.0527|4806.0566,1|1|1|1|1,1|1|0|1|0,0.64576244|0.19725446|0.011582975|0.13297287|0.012427221,0.0054811914|0.0022337046|0.0|0.0025025432|0.0,1.7120266|1.3221774|-6.0268483|1.3715333|-6.0268483,0.009053135|0.0027653687|0.00016238516|0.001864186|0.00017422088,0.02549506|0.005221079|0.00059215806|0.005338011|0.0008748707,0.00034968383|0.000106790314|6.2780064e-06|7.197709e-05|6.7382985e-06,9520.948|57444.273|74664500.0|59124.33|82457460.0
23,3,4794.4912109375,6.604183197021484,1451.955810546875,1,0.00010356149141443893,0.95139479637146,4794.491|4835.0073|4847.3315,1|1|1,1|1|1,0.27964532|0.35549858|0.36485612,0.0013872585|0.0014477324|0.0015682088,1.1269592|1.14549|1.1802056,0.0045290953|0.005757604|0.0059091575,0.010976784|0.013125426|0.01377671,9.9883546e-05|0.00012699462|0.00013033472,78148.43|59166.457|53171.62
24,4,4658.35107421875,6.586044788360596,1414.6126708984375,1,0.00010629532334860414,0.9540149569511414,4658.351|4689.6074|4703.8066|4729.7485,1|1|1|1,1|1|0|1,0.20225507|0.13219863|0.014126657|0.65141964,0.0013422095|0.001433382|0.0|0.0016578725,1.1013062|1.1298479|-6.026514|1.193037,0.004470833|0.0029222406|0.00031226868|0.014399582,0.007840907|0.0040142587|0.00042241768|0.021569822,0.000104708946|6.843328e-05|7.3273013e-06|0.00033756325,80544.805|99249.54|81688490.0|20807.287
25,6,4523.68896484375,6.451621055603027,1402.341796875,1,0.00010722543811425567,0.9738924503326416,4523.689|4564.1465|4610.2793|4649.1074|4697.6357|4738.916,1|1|1|1|1|1,1|1|1|1|0|1,0.1202115|0.2648572|0.33559078|0.12156287|0.002197212|0.15558043,0.00011069045|9.571333e-05|0.00011495449|9.087107e-05|0.0|9.5814285e-05,0.013812729|-0.04932494|0.03022848|-0.07187169|-6.0302978|-0.04886713,0.0025920838|0.005711035|0.0072362414|0.002621223|4.737781e-05|0.0033547333,0.00966502|0.021033896|0.030555524|0.005895514|0.0008580665|0.011938137,7.322145e-05|0.00016254457|0.00020611833|7.4153904e-05|1.3327366e-06|9.5023956e-05,1742409.2|914688.1|601069.06|2098603.0|68635120.0|1555434.9
26,6,4744.29052734375,6.717768669128418,1412.4603271484375,1,0.0001064573007170111,0.9353083968162537,4744.2905|4782.821|4823.7695|4868.3877|4907.9653|4950.0,1|1|1|1|1|1,1|0|1|0|1|1,0.19377089|0.008155839|0.580531|0.030209946|0.11444187|0.07289046,0.0022224055|0.0|0.0045471042|0.0|0.0020257845|0.0017541826,1.3196479|-6.0271754|1.6305594|-6.0271754|1.2794178|1.2168994,0.0024778799|0.00010429424|0.007423644|0.00038631508|0.0014634458|0.00093209976,0.008866335|0.00090924604|0.045534845|0.00084594527|0.0045443946|0.0038600827,6.386582e-05|2.688343e-06|0.00019138081|9.98869e-06|3.7720652e-05|2.4024035e-05,83721.71|54240580.0|14641.238|64818104.0|109809.305|116798.0
27,1,4532.34765625,6.884920597076416,1316.601318359375,1,0.00011420824012020603,0.9126009345054626,4532.3477,1,1,1.0,0.00013721046,0.07969012,0.022083048,0.007700627,0.0006509789,164947.8
28,2,4892.28564453125,6.865968704223633,1425.0823974609375,1,0.00010551439481787384,0.915120005607605,4892.2856|4927.667,1|1,1|1,0.3817744|0.6182256,0.0007598384|0.00087595935,0.8574096|0.9191723,0.0060876557|0.009858033,0.006833199|0.014159664,8.2738625e-05|0.00013400482,106471.8|57636.195
29,6,4634.8134765625,6.219307899475098,1490.4595947265625,1,0.00010088614362757653,1.0102708339691162,4634.8135|4665.995|4705.688|4739.318|4775.455|4797.4307,1|1|1|1|1|1,1|1|1|1|1|0,0.29174608|0.115646675|0.25096276|0.07661674|0.25444028|0.010587482,0.0011308799|0.001028946|0.0008150787|0.0011032651|0.0016520818|0.0,1.049585|1.0085611|0.90736806|1.0388484|1.2142001|-6.0038314,0.0043330505|0.0017175995|0.0037273315|0.0011379218|0.00377898|0.00015724666,0.016779521|0.0039071|0.009082193|0.0024297293|0.01587462|0.00025242436,0.00014040394|5.56263e-05|0.00012081666|3.6848265e-05|0.00012242168|5.0960607e-06,101580.44|262152.06|163266.0|286341.0|79227.24|75804390.0
30,5,4553.26806640625,6.45410680770874,1410.9676513671875,1,0.00010656991798896343,0.9735173583030701,4553.268|4565.3066|4579.7705|4605.151|4617.572,1|1|1|1|1,1|0|1|1|1,0.1723197|0.011152562|0.21664509|0.09692678|0.50295585,0.0006327308|0.0|0.0006532023|0.0009778012|0.00083921826,0.7735844|-6.0276346|0.7874131|0.96261597|0.89624035,0.003403929|0.0002203029|0.004279514|0.0019146499|0.009935173,0.006566646|0.0003939863|0.011822493|0.0053781075|0.024669493,8.214369e-05|5.3187705e-06|0.00010330008|4.6187088e-05|0.000240017,229850.47|84162920.0|178286.94|257402.97|59894.44
31,2,4664.650390625,6.9474382400512695,1342.8404541015625,1,0.00011197660205652937,0.9043887853622437,4664.6504|4676.5454,1|1,1|1,0.21592735|0.78407264,0.0006031143|4.808349e-05,0.73127246|-0.36713043,0.0029679646|0.010777235,0.02619104|0.005,0.00012385414|0.0005,279144.2|964729.9
32,2,4730.0732421875,6.8969645500183105,1371.63916015625,1,0.00010962555825244635,0.9110073447227478,4730.073|4764.8384,1|1,1|1,0.7705824|0.22941764,5.242078e-05|7.073373e-05,-0.32040754|-0.19028465,0.015839765|0.004715812,0.015788537|0.00452061,0.00019358216|5.7133155e-05,602160.0|1498504.9
33,2,4857.6318359375,6.812933444976807,1426.0030517578125,1,0.00010544627730268985,0.9222437739372253,4857.632|4876.2856,1|1,0|1,0.022239564|0.97776043,0.0|0.00020676469,-6.023031|0.2924453,0.00034850292|0.015321899,0.0019640452|0.012,2.293396e-05|0.0011007118,526845.06|157761.27
34,5,4629.978515625,6.586277008056641,1405.9471435546875,1,0.00010695047967601568,0.953981339931488,4629.9785|4646.8965|4677.188|4726.859|4737.0195,1|1|1|1|1,1|1|1|1|1,0.21435246|0.260376|0.10969723|0.117714435|0.29785985,0.0009882586|0.00083290844|0.0011544802|0.0012185188|0.0009813992,0.96568793|0.8914146|1.0332038|1.0566496|0.96266305,0.0026665905|0.0032391334|0.0013646571|0.0014643929|0.0037054406,0.012169736|0.01642186|0.006936743|0.0076900325|0.020505972,9.477605e-05|0.0001151739|4.8482983e-05|5.2028598e-05|0.00013175966,188345.83|184802.6|307385.9|272245.47|137146.47
35,4,4553.982421875,6.106616020202637,1491.4913330078125,1,0.00010081635264214128,1.028914451599121,4553.9824|4586.66|4626.997|4676.3335,1|1|1|1,1|0|1|0,0.16996463|0.0067109764|0.799929|0.023395363,0.010287933|0.0|0.0019813578|0.0,2.0087972|-6.003531|1.293432|-6.003531,0.002848763|0.00011248212|0.013407544|0.00039212775,0.020250292|0.00088718627|0.01075241|0.0025516045,0.00023260074|9.213245e-06|0.0011087133|3.2070613e-05,9869.539|60607372.0|18183.309|40628.832
36,5,4505.390625,6.027185440063477,1495.0230712890625,1,0.00010057818872155622,1.0424741506576538,4505.3906|4545.059|4584.3047|4625.623|4658.4204,1|1|1|1|1,1|1|1|1|1,0.105851024|0.2894575|0.23964395|0.2447509|0.12029664,0.00012372865|9.164963e-05|0.000114212016|0.00010436213|0.00012069459,0.0899668|-0.040372636|0.055208378|0.016039534|0.079184346,0.0023246505|0.0063569294|0.0052629476|0.005375104|0.0026418983,0.0048751165|0.011133914|0.011876733|0.01260295|0.00496981,6.9811824e-05|0.00019317697|0.00015910037|0.00016270079|7.9431695e-05,1737329.8|858151.5|831747.3|891275.9|1567212.5
37,5,4824.32763671875,6.570333480834961,1468.518310546875,1,0.00010239348921459168,0.9562962055206299,4824.3276|4840.8423|4878.225|4901.804|4950.0,1|1|1|1|1,1|0|1|1|1,0.4195278|0.021235604|0.07691694|0.13442554|0.3478941,0.0008104409|0.0|0.0011261794|0.0008140657|0.0007670492,0.89844906|-6.0102725|1.0413352|0.90038717|0.87455094,0.005589677|0.00028293754|0.0010248208|0.0017910501|0.004635249,0.022499122|0.00058519305|0.003576975|0.0061991075|0.01884377,0.00018997412|9.633991e-06|3.4771692e-05|6.079474e-05|0.00015751716,110215.32|82625960.0|379614.78|336326.3|140372.47
38,6,4744.26416015625,6.7009992599487305,1415.987060546875,1,0.00010619215026963502,0.9376490116119385,4744.264|4790.3296|4839.7124|4889.0073|4937.127|4950.0,1|1|1|1|1|1,1|1|1|1|1|1,0.15017259|0.26667058|0.2586968|0.10100523|0.15458883|0.06886597,0.00016269981|0.00014740611|0.00014815932|0.00017565461|0.00016120588|0.00022358683,0.18529491|0.14242336|0.14463685|0.21856737|0.18128873|0.32335398,0.0023320457|0.0041411556|0.0040173293|0.0015685207|0.002400626|0.0010694268,0.013615314|0.018450506|0.016890861|0.0069326004|0.0147530055|0.005359385,0.000100191595|0.00017911296|0.00017370457|6.7255016e-05|0.00010321997|4.5768793e-05,1317572.1|819031.5|839971.6|1813427.2|1291828.4|2086924.1
39,1,4828.70703125,7.038256645202637,1372.131591796875,1,0.00010958621714962646,0.8927189707756042,4828.707,1,1,1.0,7.956779e-05,-0.13901807,0.015100709,0.013719223,0.00010344045,416118.4
40,2,4803.63330078125,6.824901580810547,1407.678466796875,1,0.00010681893036235124,0.9206265211105347,4803.6333|4842.0435,1|1,1|1,0.3972448|0.6027552,0.0005128788|0.00048010648,0.6813666|0.65268946,0.008598802|0.0130473,0.009639808|0.015838142,8.603498e-05|0.00013058013,112994.76|79733.26
41,4,4686.94677734375,6.6209611892700195,1415.7904052734375,1,0.00010620689863571897,0.9489838480949402,4686.947|4717.6533|4747.278|4778.4673,1|1|1|1,1|1|0|0,0.36446923|0.6166249|0.012363103|0.0065427897,0.0031106747|0.00033996225|0.0|0.0,1.4667019|0.5052781|-6.0261526|-6.0261526,0.006168634|0.0104363635|0.00020924526|0.000110736575,0.027102904|0.005|0.00034979117|0.0007932917,0.00029075655|0.0005|9.897435e-06|5.218834e-06,25669.393|140173.02|90915390.0|57643856.0
42,5,4586.76171875,6.297175884246826,1456.7679443359375,1,0.00010321940499125049,0.9977782964706421,4586.7617|4610.4175|4622.422|4646.1177|4687.896,1|1|1|1|1,1|1|1|1|1,0.34322283|0.098305345|0.14093068|0.13679413|0.28074703,0.00045998517|0.0004969272|0.00046808002|0.00044555886|0.00036831608,0.6489826|0.6825315|0.6565589|0.6351438|0.5524594,0.0065019084|0.0018622663|0.0026697477|0.002591386|0.0053183855,0.021939516|0.0044173673|0.008194031|0.008698383|0.013888227,0.00021727741|6.205695e-05|8.9016685e-05|8.640962e-05|0.00017777328,167105.95|533328.8|398790.3|431896.78|255070.31
43,4,4565.287109375,6.124228477478027,1490.8936767578125,1,0.00010085676331073046,1.025955319404602,4565.287|4588.9956|4606.085|4643.2085,1|1|1|1,1|1|1|1,0.32258877|0.12578624|0.403853|0.14777201,0.0013581822|0.0016622782|0.0016648659|0.0016924717,1.129253|1.2169987|1.2176743|1.2248164,0.0068839104|0.0026842263|0.008618055|0.0031533933,0.012124359|0.004237097|0.019408282|0.005226918,0.00014274231|5.563945e-05|0.00017871478|6.5368455e-05,52832.16|92123.2|34602.676|83170.26
44,3,4798.57421875,6.679895877838135,1436.72119140625,1,0.0001046596298692748,0.9406112432479858,4798.574|4813.6064|4827.2754,1|1|1,1|1|1,0.117619365|0.52670825|0.3556724,0.00030433736|0.00019161854|0.00015919525,0.4635762|0.26265857|0.18215117,0.002284659|0.010230873|0.0069086426,0.0028360975|0.014816604|0.008953113,3.2123924e-05|0.00014418401|9.7315664e-05,709615.44|254998.27|454455.38
45,5,4695.62744140625,6.531001091003418,1437.9501953125,1,0.00010457017924636602,0.9620554447174072,4695.6274|4716.9683|4753.958|4800.371|4818.4717,1|1|1|1|1,0|1|1|1|1,0.012049174|0.20548426|0.46268222|0.15857662|0.16120774,0.0|0.0013468582|0.001373761|0.0013486233|0.0013059023,-6.0194077|1.1099141|1.1185033|1.1104828|1.0965029,0.00021783188|0.0037148625|0.008364635|0.0028668393|0.0029144061,0.00068818196|0.015458656|0.03159195|0.010287408|0.009151215,4.995486e-06|8.5125735e-05|0.00019177445|6.569421e-05|6.6785164e-05,96796870.0|99105.15|43423.062|126874.11|128415.195
46,6,4736.2490234375,6.3814544677734375,1484.379150390625,1,0.00010129938891623169,0.984600841999054,4736.249|4779.982|4829.11|4868.9097|4909.4966|4950.0,1|1|1|1|1|1,1|1|1|1|1|1,0.31857735|0.15752958|0.16833468|0.24426162|0.0568298|0.054466985,0.0020495318|0.0021162925|0.001965339|0.0023421317|0.0019316797|0.001994184,1.3060478|1.3199688|1.2878307|1.3640045|1.2803283|1.2941583,0.0055493037|0.0027440102|0.0029322242|0.004254797|0.0009899192|0.0009487613,0.020605726|0.01068185|0.010101097|0.022500288|0.00392421|0.0040529687,0.00017196928|8.501595e-05|9.085883e-05|0.00013185621|3.066635e-05|2.9391205e-05,43508.05|82458.87|83228.89|49606.43|128792.086|127744.2
47,2,4708.42578125,6.615962505340576,1423.3531494140625,1,0.00010564258263912052,0.9497008323669434,4708.426|4724.584,1|1,1|1,0.95947355|0.040526457,0.00045628665|8.8258275e-06,0.63539886|-1.0780786,0.016117975|0.00068079465,0.015192433|0.00041650573,0.00021183286|8.963641e-06,67918.086|83172664.0
48,3,4556.6494140625,6.143282890319824,1483.45751953125,1,0.00010136233322555199,1.022773265838623,4556.6494|4599.9507|4617.005,1|1|1,1|1|1,0.3330382|0.22729883|0.43966296,0.00037965528|0.00038797315|0.00038844466,0.5735129|0.5829252|0.58345264,0.005597116|0.0038200358|0.007389076,0.012483244|0.0064443937|0.01637355,0.000121888865|8.314518e-05|0.00016100441,235087.97|336189.97|174106.83
49,2,4569.7646484375,6.2152276039123535,1470.5059814453125,1,0.00010225508594885468,1.0109341144561768,4569.7646|4606.6553,1|1,1|1,0.25321537|0.7467846,0.00046038715|0.00033201507,0.6534384|0.51147306,0.004064985|0.011988483,0.0041641374|0.012376985,5.1762105e-05|0.00015282948,263933.16|125528.09
50,4,4532.67919921875,6.182276725769043,1466.34619140625,1,0.00010254516382701695,1.0163222551345825,4532.679|4546.523|4562.664|4594.0176,1|1|1|1,1|1|0|1,0.7518573|0.07650147|0.0044457745|0.1671955,0.0003724766|0.0022858118|0.0|0.0026144534,0.56018394|1.3481253|-6.0109153|1.4064658,0.009764192|0.0009935064|5.7736215e-05|0.0021713283,0.011194319|0.00706833|0.00040596156|0.017218368,0.0015|0.00013364501|7.77096e-06|0.0002926787,137285.4|194913.89|75208930.0|86050.46
51,3,4586.357421875,7.004467964172363,1309.552001953125,1,0.00011482302215881646,0.8970253467559814,4586.3574|4611.0737|4629.8413,1|1|1,0|1|1,0.00992915|0.16928706|0.8207838,0.0|0.0005935232|6.104101e-05,-6.060029|0.7134088|-0.27440652,0.00020181459|0.003440838|0.016682813,0.00051433453|0.013390109|0.007697631,8.875758e-06|0.00015122|0.00085158384,98779784.0|244229.31|490945.12
52,2,4705.94287109375,6.733940124511719,1397.6788330078125,1,0.00010758316784631461,0.9330621957778931,4705.943|4738.5996,1|1,1|1,0.6439885|0.3560115,0.00017020805|0.00019497846,0.19923604|0.25824255,0.011703405|0.0064699086,0.012819104|0.006980687,0.00011156644|6.162682e-05,250951.3|395999.78
53,3,4878.95751953125,6.8449883460998535,1425.55615234375,1,0.00010547933197813109,0.9179249405860901,4878.9575|4904.3726|4925.2,1|1|1,0|1|0,0.014115137|0.9785078|0.0073770294,0.0|0.00018016883|0.0,-6.0231676|0.23251252|-6.0231676,0.00025212826|0.017478362|0.00013177043,0.00057596475|0.026666384|0.0006686171,5.284826e-06|0.00036984577|2.7593785e-06,96777096.0|158768.95|83976350.0
54,1,4614.5205078125,7.0514068603515625,1308.8226318359375,1,0.00011488699965411797,0.8910541534423828,4614.5205,1,1,1.0,0.00014431283,0.09903434,0.013326229,0.0077162897,8.599764e-05,259875.89
55,3,4897.65966796875,6.550330638885498,1495.3931884765625,1,0.0001005532976705581,0.9592165350914001,4897.6597|4909.8706|4934.165,1|1|1,1|1|0,0.6467405|0.32580858|0.027450915,0.0021146035|0.0015476504|0.0,1.3228327|1.1872766|-6.002396,0.009768095|0.004920875|0.00041460706,0.018649476|0.0066449284|0.00088190584,0.00018306322|9.220929e-05|7.788443e-06,23863.078|61520.324|90990440.0
56,5,4735.97802734375,6.727184772491455,1408.0118408203125,1,0.00010679363913368434,0.933999240398407,4735.978|4785.845|4797.6123|4823.663|4846.62,1|1|1|1|1,1|1|1|1|1,0.11046767|0.16315797|0.06753759|0.42888865|0.22994812,0.00025886938|0.00022836427|0.00035451126|0.00023331873|0.00017596799,0.38453546|0.33008298|0.5210848|0.3394044|0.21688853,0.0024789877|0.0036614023|0.0015156005|0.009624622|0.0051602297,0.007077864|0.011016226|0.0038729263|0.03609396|0.012144195,7.0858245e-05|0.00010482954|4.3290805e-05|0.00027703805|0.00014816958,777937.75|597694.0|921542.06|222646.34|550505.25
57,5,4793.03125,6.532100677490234,1467.5313720703125,1,0.00010246234887745231,0.9618935585021973,4793.0312|4820.292|4855.618|4902.689|4950.0,1|1|1|1|1,1|1|1|1|0,0.32774302|0.3752434|0.1138956|0.17953093|0.0035870385,0.0016465727|0.0021770566|0.0020997592|0.0016709917|0.0,1.2060167|1.3273054|1.3116052|1.21241|-6.0105643,0.0053955833|0.0061775744|0.0018750458|0.0029555901|5.905286e-05,0.01822002|0.023720847|0.006650034|0.009529776|0.0007351581,0.00013464846|0.0001541596|4.6776997e-05|7.374452e-05|1.4731839e-06,55777.812|36835.785|111390.87|97753.91|97275990.0
58,6,4662.96875,6.50707483291626,1433.19970703125,1,0.0001049167913151905,0.9655929207801819,4662.9688|4709.925|4743.084|4753.2686|4764.8105|4802.027,1|1|1|1|1|1,1|1|1|1|0|1,0.23005141|0.19021785|0.32953173|0.12593934|0.010192788|0.114066906,0.00016640633|0.00014419998|0.00014132542|0.00013022103|0.0|0.00013274887,0.2003251|0.13812047|0.1293756|0.093836434|-6.020845|0.10218616,0.0042098225|0.0034808887|0.0060302606|0.002304625|0.00018652277|0.0020873656,0.014243654|0.009011067|0.013748227|0.0034236852|0.00058541086|0.0030221525,0.00013785006|0.00011396917|0.00019844361|7.533284e-05|6.079534e-06|6.819549e-05,713628.06|995849.75|586628.6|1663438.8|99107220.0|1800659.4
59,6,4520.3525390625,6.470788955688477,1397.156494140625,1,0.0001076233820640482,0.9710075855255127,4520.3525|4547.057|4561.793|4603.583|4647.092|4668.468,1|1|1|1|1|1,0|1|1|1|1|1,0.027206823|0.05797205|0.11484041|0.10940563|0.099109545|0.59146553,0.0|0.002573744|0.0021271657|0.002602758|0.0030202917|0.00040185012,-6.0319066|1.3786588|1.2958947|1.3835272|1.4481423|0.57215756,0.00042230202|0.00089983735|0.0017825433|0.001698185|0.00153837|0.009180679,0.0029082322|0.0075287456|0.012366965|0.014610206|0.019020561|0.010235739,4.1519987e-05|8.862265e-05|0.00017587513|0.00016769535|0.00015201682|0.00096144114,234426.25|184552.2|127571.45|109165.695|104645.53|135278.98
60,4,4523.4365234375,6.338112831115723,1427.37646484375,1,0.00010534481407376006,0.9913337826728821,4523.4365|4554.8203|4604.562|4652.9106,1|1|1|1,0|1|1|1,0.029013323|0.36350015|0.5073105|0.10017602,0.0|0.00015768745|0.00018076084|0.00023316617,-6.022613|0.17518426|0.23449144|0.34505257,0.0005754848|0.007210095|0.010062601|0.0019870107,0.00024785948|0.015475755|0.02209231|0.0024902546,8.512369e-06|0.00010669794|0.00014899657|2.9345769e-05,57787884.0|439729.66|274868.9|1069482.0
61,6,4791.232421875,6.503549575805664,1473.4207763671875,1,0.00010205279977526516,0.9661163091659546,4791.2324|4839.9824|4862.4087|4879.9834|4901.4253|4950.0,1|1|1|1|1|1,1|1|1|1|1|1,0.2857158|0.08082923|0.17031975|0.21603982|0.08395618|0.16313922,0.00030110317|0.00046088485|0.00045679265|0.00028319997|0.00043589642|0.00037684376,0.46989053|0.65476763|0.6508943|0.44326845|0.6305585|0.5673365,0.00616234|0.001743331|0.0036734692|0.0046595633|0.0018107733|0.003518599,0.022658711|0.004174646|0.017587818|0.013987267|0.0046384768|0.012724893,0.00020639886|5.8133613e-05|0.00012265496|0.00015595242|6.039799e-05|0.000117534524,269417.56|614044.8|297754.88|378738.06|627399.9|376728.2
62,5,4822.2275390625,6.687643527984619,1442.1304931640625,1,0.00010426706285215914,0.9395215511322021,4822.2275|4856.7163|4868.1235|4884.4243|4902.657,1|1|1|1|1,1|1|0|1|1,0.4323682|0.28093988|0.004333058|0.07169644|0.21066242,0.007243182|0.0052815476|0.0|0.00082522864|0.0037316906,1.8417823|1.704614|-6.018147|0.8984272|1.5537585,0.00631643|0.004104227|6.3301275e-05|0.0010474072|0.0030775494,0.017895576|0.011617603|0.00070079166|0.0040374924|0.007948552,0.00028103177|0.00018260862|2.8168054e-06|4.6593308e-05|0.0001369268,8236.223|14433.861|90029180.0|28778.086|21007.764
63,6,4714.99169921875,6.550063610076904,1439.6781005859375,1,0.00010444466897752136,0.9592556357383728,4714.9917|4728.615|4747.6523|4775.166|4822.9937|4848.126,1|1|1|1|1|1,1|1|1|0|1|0,0.25452584|0.39746815|0.16885304|0.024498325|0.13902022|0.015634393,0.0022358368|0.0031741578|0.001977743|0.0|0.0022054033|0.0,1.3305539|1.4827422|1.2772835|-6.018886|1.3246018|-6.018886,0.004597089|0.0071788244|0.0030497194|0.00044247363|0.0025108973|0.00028237875,0.017088532|0.03145785|0.00936363|0.000549334|0.008979628|0.0002534606,0.00010305398|0.00016093809|6.836387e-05|9.9533345e-06|5.628296e-05|6.3366097e-06,47723.023|21696.936|78660.27|74314030.0|83923.03|61398388.0
64,2,4848.77783203125,6.562842845916748,1477.6455078125,1,0.00010176101204706356,0.9573877453804016,4848.778|4884.282,1|1,1|1,0.83161014|0.16838986,0.00016206743|0.00025151792,0.20211457|0.39298767,0.018954178|0.003837966,0.01891229|0.0018630062,0.00012710647|2.57079e-05,162755.03|507447.62
65,6,4721.6572265625,6.496021270751953,1453.7073974609375,1,0.00010343670874135569,0.9672359228134155,4721.657|4757.175|4801.424|4836.6665|4860.5737|4897.0747,1|1|1|1|1|1,1|1|1|1|0|1,0.19025062|0.07211773|0.23422687|0.24185382|0.0061379615|0.255413,0.0011641541|0.0019411335|0.0014145455|0.0019015709|0.0|0.001378546,1.0513358|1.2733808|1.1359422|1.2644379|-6.0146747|1.1247466,0.0042937603|0.0016276228|0.0052862586|0.0054583913|0.00013852745|0.005764408,0.009009745|0.0050758864|0.0142336795|0.023544524|0.00032353846|0.016212197,8.6126296e-05|3.2641074e-05|0.00010605607|0.00010950426|2.779003e-06|0.000115660594,98208.6|127561.02|66151.86|47833.35|64566470.0|62430.26
66,3,4574.89111328125,6.304203510284424,1451.3780517578125,1,0.0001036027169902809,0.9966660141944885,4574.891|4615.313|4653.639,1|1|1,1|1|1,0.42437497|0.4041579|0.17146713,0.00014326522|0.00013280314|0.00019162404,0.14076991|0.1078375|0.26707906,0.0068324744|0.0065069776|0.0027606357,0.0132763395|0.011603935|0.0051403325,0.00011109775|0.00010581626|4.479109e-05,510740.12|578528.44|943845.5
67,1,4635.39013671875,7.085693836212158,1308.3800048828125,1,0.00011492586781969294,0.8867424130439758,4635.39,1,1,1.0,0.00010511396,-0.038756985,0.01613365,0.008424601,0.00016085214,294774.78
68,3,4570.34326171875,6.225200176239014,1468.336181640625,1,0.00010240619303658605,1.0093145370483398,4570.3433|4591.2554|4606.491,1|1|1,1|1|1,0.36566356|0.36654904|0.2677874,0.00044431316|0.0007587121|0.000523293,0.6373631|0.86975086|0.7084188,0.005672535|0.0056862715|0.004154183,0.009824186|0.015943397|0.007218931,0.00013940364|0.00013963379|0.00010201816,197981.97|115636.39|228810.73
69,2,4573.52783203125,7.017373561859131,1303.487060546875,1,0.0001153572738985531,0.8953756093978882,4573.528|4606.2544,1|1,1|1,0.08648622|0.9135138,0.001178386|0.00016465249,1.0092427|0.1545236,0.0018368623|0.019401925,0.008551629|0.012,8.542341e-05|0.0009655942,225380.31|156473.2
70,6,4808.3662109375,6.706930160522461,1433.85009765625,1,0.00010486919927643612,0.936819851398468,4808.366|4830.2183|4847.0103|4864.818|4877.1357|4925.1074,1|1|1|1|1|1,1|1|1|1|1|1,0.11582619|0.32716987|0.18131915|0.114542134|0.1479608|0.11318188,0.0006967474|0.0006290329|0.000531665|0.0006744374|0.0004963754|0.00058958144,0.82242745|0.7780255|0.7049902|0.80829376|0.6751624|0.74989593,0.0019209808|0.005426122|0.0030071835|0.0018996847|0.0024539344|0.001877125,0.011610687|0.029865593|0.014474841|0.008681903|0.00906335|0.005917868,8.067457e-05|0.00022850947|0.00012648125|7.980166e-05|0.00010318245|7.8867466e-05,372026.8|146415.05|312247.88|387544.75|409070.7|446603.28
71,2,4765.05322265625,6.469099998474121,1473.1734619140625,1,0.00010206993465544656,0.9712610840797424,4765.053|4795.81,1|1,1|1,0.8708472|0.12915276,0.00035665117|0.00060836936,0.5433459|0.77526957,0.018246518|0.002706087,0.023048725|0.001654246,0.00011018557|1.633423e-05,76813.22|251026.1
72,5,4788.8359375,6.713189125061035,1426.69482421875,1,0.00010539514914853498,0.9359464049339294,4788.836|4838.156|4864.6294|4890.7637|4937.6973,1|1|1|1|1,1|0|1|1|1,0.33688286|0.022544941|0.28487015|0.19570203|0.16000003,0.0047762995|0.0|0.006630759|0.0042491383|0.0033171198,1.6562709|-6.0228205|1.7987427|1.6054803|1.4979405,0.0050197067|0.00033592977|0.0042446936|0.0029160485|0.0023840724,0.016635539|0.0003080305|0.025547309|0.010385518|0.007200947,0.00014143821|9.494185e-06|0.00011960658|8.2167964e-05|6.717721e-05,18660.572|70102390.0|16273.122|29968.328|37178.67
73,3,4884.033203125,6.579970836639404,1484.51513671875,1,0.00010129011207027361,0.9548956155776978,4884.033|4902.47|4949.1665,1|1|1,1|1|1,0.47606218|0.1744477|0.34949014,0.0005637264|0.0007240734|0.0006678401,0.7455014|0.85421556|0.8191055,0.010184456|0.0037319807|0.0074766846,0.016838007|0.004130733|0.014221774,0.00019749261|7.228158e-05|0.00014489674,86981.55|178565.73|99892.32
74,6,4594.27685546875,6.35916805267334,1444.93017578125,1,0.00010406503861304373,0.9880514740943909,4594.277|4637.097|4677.0713|4698.5854|4713.2993|4732.833,1|1|1|1|1|1,1|1|1|0|1|1,0.1462387|0.30270606|0.17139427|0.00838008|0.1873638|0.18391708,0.0036828886|0.005190559|0.0031241456|0.0|0.0028197549|0.002999908,1.5488838|1.6979094|1.4774264|-6.017305|1.4329065|1.4598031,0.002582273|0.0053451634|0.0030264687|0.00014797489|0.0033084576|0.0032475954,0.009456439|0.025228871|0.00929724|0.0009873483|0.009478736|0.008612693,7.268178e-05|0.00015048368|8.520786e-05|4.168456e-06|9.315352e-05|9.143785e-05,42458.48|17202.773|45820.39|81911176.0|48190.7|43855.633
75,4,4602.208984375,6.25919246673584,1470.5439453125,1,0.00010225243750028312,1.0038331747055054,4602.209|4623.5713|4665.083|4690.394,1|1|1|1,1|1|1|1,0.2706878|0.45334473|0.17172268|0.1042448,0.00048710257|0.00065236894|0.0006058532|0.00073852495,0.6779468|0.80481964|0.7726938|0.8586915,0.0061654644|0.010325847|0.0039113327|0.0023743869,0.008751221|0.018047618|0.0060141217|0.0030442039,0.00015046287|0.00025213065|9.537297e-05|5.786755e-05,165972.94|74128.32|208846.9|267360.97
76,6,4698.5068359375,6.571093559265137,1430.05322265625,1,0.00010514762834645808,0.9561856389045715,4698.507|4738.495|4758.8|4803.4644|4843.3066|4888.735,1|1|1|1|1|1,0|1|0|1|1|1,0.009901105|0.07946969|0.015348952|0.4858483|0.17897011|0.23046182,0.0|0.0012391628|0.0|0.0017000675|0.0014625515|0.0014175035,-6.0217996|1.0713289|-6.0217996|1.2086667|1.1433117|1.1297246,0.00014434913|0.0011585959|0.0002237738|0.007083228|0.002609222|0.0033599243,0.00079519575|0.0026924375|0.00036122798|0.018905409|0.00942268|0.012137784,5.7845164e-06|4.6395115e-05|8.992528e-06|0.00028415018|0.00010457567|0.0001346982,73806690.0|221215.38|90587620.0|41149.684|127469.49|103389.27
77,5,4645.7001953125,6.348184585571289,1463.631103515625,1,0.00010273538646288216,0.9897609949111938,4645.7|4662.4653|4680.9365|4694.536|4709.341,1|1|1|1|1,1|1|1|1|1,0.15947133|0.13751388|0.2570451|0.052494098|0.3934756,0.0002883284|0.00026973544|0.0002519461|0.0004365626|5.4933425e-05,0.4481675|0.41921812|0.38958773|0.6283266|-0.27188256,0.0020774945|0.0017914464|0.0033486255|0.0006838608|0.005125958,0.011951892|0.009976453|0.017603887|0.00453911|0.005,0.00017057841|0.0001469913|0.0002779529|5.5653556e-05|0.0005,834215.4|1033942.75|592517.0|1658723.9|1775337.8
78,1,4589.208984375,6.96158504486084,1318.43798828125,1,0.00011404913675505668,0.902550995349884,4589.209,1,1,1.0,0.00041519935,0.5611648,0.0155634275,0.009678341,0.00057747256,77196.6
79,5,4677.18505859375,6.516143798828125,1435.5684814453125,1,0.00010474367445567623,0.9642490744590759,4677.185|4690.654|4709.5483|4737.187|4776.9033,1|1|1|1|1,1|1|1|1|0,0.16586418|0.34971315|0.16009428|0.32266814|0.0016602589,0.0010982734|0.00084219116|0.0012054646|0.00085050374|0.0,1.0205827|0.9052829|1.0610267|0.90954846|-6.020128,0.0035105401|0.007401731|0.0033884193|0.0068293186|3.5139623e-05,0.0087358765|0.019827953|0.01332835|0.017931562|0.00027615004,0.0001004613|0.0002120761|9.6969954e-05|0.00019565555|1.0051132e-06,127437.55|80053.04|121322.586|85873.33|71597280.0
80,5,4825.80615234375,6.574976921081543,1467.9310302734375,1,0.00010243445285595953,0.9556208848953247,4825.806|4866.576|4905.9146|4917.2007|4950.0,1|1|1|1|1,1|1|1|1|1,0.13900712|0.24773239|0.15185113|0.36378637|0.09762299,0.00020623376|0.00015889795|0.000247023|0.00021889994|0.00025817467,0.3039139|0.19067253|0.38229156|0.32979977|0.40146774,0.0031081475|0.005539204|0.0033953348|0.008134128|0.0021828136,0.008347415|0.0135756945|0.010441451|0.026444143|0.005728289,7.2813506e-05|0.00013014102|7.9547004e-05|0.00019118711|5.1103336e-05,779501.3|567987.2|595775.4|280789.25|885254.6
81,4,4505.72900390625,6.0223798751831055,1496.328369140625,1,0.00010049044794868678,1.0433059930801392,4505.729|4555.47|4605.081|4636.152,1|1|1|1,1|0|1|0,0.13538851|0.022847248|0.8344721|0.0072921473,0.001777476|0.0|0.0036080086|0.0,1.247679|-6.002125|1.5551428|-6.002125,0.002909418|0.0004909737|0.017932305|0.00015670389,0.003622503|0.0006044023|0.048024982|0.0004645416,3.9816932e-05|6.7300325e-06|0.0002454888|2.1450337e-06,64750.055|70416150.0|7687.685|59435612.0
82,2,4859.65869140625,6.6921820640563965,1452.3389892578125,1,0.00010353416291764006,0.9388843774795532,4859.6587|4903.6797,1|1,1|1,0.5902565|0.4097435,0.00051272294|0.00063336804,0.6947991|0.7865725,0.008681042|0.006026194,0.011319189|0.010062425,0.00010827126|7.513833e-05,112072.66|130407.95
83,4,4641.46337890625,6.310296058654785,1471.0762939453125,1,0.00010221544653177261,0.9957036972045898,4641.4634|4652.332|4696.2837|4712.4995,1|1|1|1,1|1|0|1,0.24648863|0.5533717|0.021073613|0.17906602,0.0010982538|0.0010252928|0.0|0.0013641772,1.0311862|1.0013314|-6.0095167|1.1253543,0.0041985926|0.009425921|0.00035895983|0.0030501417,0.010499612|0.021400984|0.000727989|0.0078014242,8.7833316e-05|0.00019730692|7.5233515e-06|6.379818e-05,107222.38|51616.355|79971340.0|116335.516
84,1,4790.80078125,6.714494705200195,1427.002685546875,1,0.00010537241178099066,0.9357644319534302,4790.801,1,1,1.0,4.1407082e-05,-0.40565124,0.017382806,0.008876885,0.00011372769,694647.7
85,2,4668.373046875,6.2921552658081055,1483.8709716796875,1,0.00010133408795809373,0.998574435710907,4668.373|4695.9404,1|1,1|1,0.7653786|0.23462139,0.00050782046|0.00061389286,0.69995475|0.78233707,0.0143980505|0.0044136206,0.020263327|0.0035840285,0.0001514507|4.639879e-05,68341.086|178934.95
86,5,4575.69921875,6.448988914489746,1419.0439453125,1,0.0001059633941622451,0.9742900133132935,4575.699|4594.643|4622.8384|4649.396|4666.4624,1|1|1|1|1,0|1|1|0|1,0.014555435|0.2363198|0.53000516|0.007584198|0.21153542,0.0|0.0023796372|0.0026584456|0.0|0.0032013585,-6.025156|1.351355|1.3994719|-6.025156|1.4801785,0.00032305066|0.005245001|0.011763202|0.00016832752|0.004694924,0.0009761613|0.013977769|0.023569569|0.0006917894|0.016245158,9.15312e-06|0.0001480831|0.00033230297|4.7552826e-06|0.00013255268,98535510.0|38796.2|15771.215|78592100.0|31843.963
87,6,4638.10302734375,6.595000743865967,1406.5511474609375,1,0.00010690453927963972,0.9527194499969482,4638.103|4651.104|4690.295|4734.254|4763.153|4793.546,1|1|1|1|1|1,0|1|1|1|1|1,0.012094505|0.061236374|0.15422855|0.37828633|0.2812161|0.11293812,0.0|0.0015184551|0.0010891849|0.0008223354|0.0010443466|0.0011089664,-6.028996|1.1524059|1.0081055|0.8860529|0.98984855|1.0159223,0.00027411178|0.0013878708|0.0034954601|0.0085735405|0.006373526|0.0025596472,0.0004063152|0.0051596654|0.012978014|0.02247796|0.023667997|0.007660459,7.236339e-06|3.6552196e-05|9.211986e-05|0.00022627522|0.00016809092|6.746158e-05,99365630.0|211903.42|130301.75|70813.6|74956.445|171976.77
88,3,4785.0869140625,6.730903625488281,1421.825927734375,1,0.00010575605847407132,0.9334831833839417,4785.087|4815.8896|4859.5986,1|1|1,1|0|1,0.9014309|0.013824762|0.08474435,0.00040334868|0.0|0.0006649305,0.5813755|-6.0243053|0.7984711,0.020270744|0.00031088153|0.0019056713,0.019024272|0.00061750115|0.0019636275,0.00022960072|3.516727e-06|2.155197e-05,61121.605|51602180.0|333066.9
89,1,4700.8740234375,6.582091331481934,1428.383056640625,1,0.00010527057747822255,0.954587996006012,4700.874,1,1,1.0,0.00058682833,0.74620414,0.013428266,0.011873457,0.0010499104,63268.637
90,2,4565.794921875,6.3125128746032715,1446.58544921875,1,0.00010394595301477239,0.9953540563583374,4565.795|4597.0127,1|1,1|1,0.35307798|0.64692205,0.00052283495|0.00052852614,0.7015571|0.706259,0.0044122604|0.008084301,0.0052382653|0.01196433,7.534372e-05|0.00013811875,214538.11|116788.79
91,3,4519.01806640625,6.3672709465026855,1419.4521484375,1,0.0001059329224517569,0.986794114112854,4519.018|4560.52|4595.8145,1|1|1,1|1|1,0.09280628|0.79103464|0.1161591,0.007909657|0.0014723804|0.005830546,1.8731267|1.142989|1.7406783,0.0021148736|0.01802613|0.0026470383,0.01605046|0.010342705|0.011820045,0.000102417966|0.00087982864|0.00012830526,15678.081|18432.246|16552.703
92,2,4547.1171875,6.235113143920898,1458.5516357421875,1,0.0001030931671266444,1.0077099800109863,4547.117|4562.354,1|1,1|1,0.39720044|0.6027996,0.002471177|0.0022435908,1.379674|1.3377138,0.0050910246|0.0077262437,0.0105777|0.01557614,8.001121e-05|0.00012143793,37477.312|28242.03
93,5,4612.5966796875,6.3231306076049805,1458.9598388671875,1,0.00010306432523066178,0.9936826825141907,4612.5967|4640.527|4661.7065|4705.9253|4731.521,1|1|1|1|1,1|1|1|1|1,0.26187354|0.1932231|0.17412128|0.09570731|0.27507478,0.0021942533|0.0021235233|0.0018294269|0.0021363935|0.0024547777,1.3281784|1.3139486|1.2492067|1.3165729|1.3769038,0.004702393|0.0034696558|0.0031266492|0.0017185906|0.0049394444,0.018182611|0.009428665|0.007764577|0.004768586|0.01871682,0.00014128322|0.00010424179|9.394132e-05|5.1625608e-05|0.00014842722,47731.605|64173.027|82182.16|97516.67|40504.316
94,4,4762.703125,6.804920673370361,1399.7821044921875,1,0.00010742151062004268,0.9233296513557434,4762.703|4782.2417|4822.126|4837.356,1|1|1|1,1|1|1|1,0.24890365|0.12974906|0.333288|0.28805926,0.0008587525|0.0010911244|0.0011385576|0.0008764214,0.90277684|1.006783|1.0252638|0.91162175,0.0052071773|0.0027144093|0.006972537|0.0060263304,0.010826634|0.00484091|0.017396882|0.010045091,8.538332e-05|4.449896e-05|0.00011433812|9.882701e-05,110982.875|158071.45|62664.83|93814.43
95,5,4804.51513671875,6.799934387207031,1413.1063232421875,1,0.00010640863183652982,0.9240067601203918,4804.515|4825.6895|4843.407|4868.5522|4893.959,1|1|1|1|1,0|1|1|1|0,0.034197606|0.72371846|0.145753|0.057856213|0.038474724,0.0|0.00034005486|0.0036863405|0.0034315814|0.0,-6.026977|0.5045723|1.5396186|1.5085175|-6.026977,0.0005437322|0.011506917|0.0023174312|0.0009198973|0.00061173714,0.005551354|0.012|0.02801499|0.01315365|0.0039967834,5.6103665e-05|0.001312313|0.00023970775|9.5058436e-05|6.320096e-05,212788.08|127633.016|57312.516|144540.19|218732.16
96,1,4826.35595703125,7.1518449783325195,1349.681396484375,1,0.000111409040982835,0.8785405158996582,4826.356,1,1,1.0,0.00039969248,0.55480564,0.013263074,0.011469563,8.8939945e-05,94170.4
97,1,4610.15234375,6.665411949157715,1383.3060302734375,1,0.00010870097321458161,0.9426552057266235,4610.1523,1,1,1.0,4.4536795e-05,-0.3875135,0.015222854,0.012537098,8.845211e-05,737477.5
98,5,4705.2060546875,6.60409688949585,1424.935546875,1,0.00010552527237450704,0.9514071941375732,4705.206|4731.916|4752.211|4782.318|4798.39,1|1|1|1|1,0|0|1|1|1,0.015467813|0.016861904|0.15760414|0.15239683|0.6576693,0.0|0.0|0.0011248369|0.0015512147|0.0024103012,-6.0233564|-6.0233564|1.0277331|1.1673155|1.3587148,0.00024807843|0.00027043736|0.0025277128|0.0024441958|0.01054794,0.00031368315|0.0008545819|0.0030179936|0.00581244|0.0320676,5.7381408e-06|6.2574595e-06|5.8432066e-05|5.650172e-05|0.00024393304,58498930.0|63172464.0|142548.92|120516.32|19543.014
99,2,4574.6728515625,6.304205417633057,1451.3082275390625,1,0.00010360770102124661,0.9966656565666199,4574.673|4587.374,1|1,1|1,0.20238288|0.79761714,0.00032970737|0.00022852652,0.50273675|0.34354478,0.0035940057|0.014164442,0.0036257894|0.017666722,3.7654845e-05|0.0001486123,418407.22|154440.25
100,5,4689.70458984375,6.284451484680176,1492.4786376953125,1,0.00010074966121464968,0.9997985363006592,4689.7046|4717.9185|4762.82|4792.1147|4839.0093,1|1|1|1|1,1|0|0|1|1,0.45475763|0.017715402|0.01983534|0.32632548|0.18136613,0.004894898|0.0|0.0|0.0041632988|0.0029535897,1.6865001|-6.0032434|-6.0032434|1.616194|1.4671066,0.0060045915|0.00023391307|0.00026190458|0.0043087816|0.0023947472,0.019601699|0.0004712127|0.0009598811|0.012397621|0.006247183,0.0001769111|6.8991344e-06|7.73663e-06|0.00012695297|7.055311e-05,15873.665|54701060.0|93813360.0|24258.441|46821.51
101,3,4776.59716796875,6.820855140686035,1400.5860595703125,1,0.00010735985415522009,0.9211726784706116,4776.597|4789.0225|4813.7773,1|1|1,1|1|1,0.15437637|0.23071712|0.6149065,0.0016607757|0.0015366762|0.0014860093,1.1894691|1.1557405|1.1411797,0.0023146446|0.0034592608|0.00921961,0.0044101994|0.0068271155|0.02028624,6.0236634e-05|9.004222e-05|0.00024015218,102470.305|88057.25|36262.473
102,2,4639.248046875,6.5719685554504395,1411.8291015625,1,0.00010650490003172308,0.9560583233833313,4639.248|4685.6396,1|1,1|1,0.43127418|0.5687258,0.00017900542|0.0001588927,0.22549686|0.17373462,0.008961039|0.011817017,0.011058365|0.01463592,9.192232e-05|0.00012129821,311616.6|266257.6
103,3,4597.66552734375,6.22018575668335,1478.304931640625,1,0.0001017156318994239,1.0101282596588135,4597.6655|4641.364|4686.126,1|1|1,1|1|1,0.5783172|0.1520268|0.26965597,0.00014928992|0.00017690916|0.000119608296,0.16664308|0.24036288|0.07037398,0.0073175635|0.0019236255|0.0034120108,0.02219022|0.0053301896|0.0070094536,0.00013192842|3.4574336e-05|6.1413746e-05,457671.22|1467671.0|1224824.1
104,5,4774.24169921875,6.806981086730957,1402.7486572265625,1,0.00010719434067141265,0.9230502247810364,4774.2417|4792.2334|4813.926|4862.8086|4901.1357,1|1|1|1|1,0|0|1|1|1,0.0138047105|0.02194993|0.36021024|0.4139029|0.19013222,0.0|0.0|0.00049384055|0.00048580888|0.00043722725,-6.030172|-6.030172|0.66341496|0.6562937|0.6105355,0.00025970713|0.0004129426|0.0067766123|0.007786729|0.0035769453,0.00045971494|0.0006785343|0.016720612|0.019745618|0.008262975,5.6954277e-06|9.083081e-06|0.00014870425|0.00017092805|7.844439e-05,71557544.0|99750470.0|149253.27|132080.72|318649.62
105,1,4740.39501953125,6.643211841583252,1427.1395263671875,1,0.00010536230547586456,0.9458053112030029,4740.395,1,1,1.0,0.0004660162,0.64571583,0.017587267,0.012,0.0005,60901.137
106,2,4861.14013671875,6.942868709564209,1400.326171875,1,0.00010737977572716773,0.9049840569496155,4861.14|4879.065,1|1,1|1,0.334222|0.665778,0.0004975711|0.00044512207,0.6659327|0.61755675,0.0061554387|0.012261777,0.0059300824|0.01323902,9.909825e-05|0.00019760421,161833.14|91481.78
107,5,4818.90673828125,6.812001705169678,1414.828369140625,1,0.00010627911251503974,0.9223698973655701,4818.9067|4851.616|4864.382|4881.195|4893.9604,1|1|1|1|1,0|1|0|1|1,0.015684284|0.30888116|0.014207531|0.30584234|0.35538465,0.0|0.0016507865|0.0|0.001875399|0.0011635073,-6.026448|1.191243|-6.026448|1.2466458|1.0393213,0.00031481715|0.0061999066|0.00028517554|0.006138911|0.007133331,0.00060052867|0.020301064|0.00058211904|0.021242812|0.016176654,9.901827e-06|0.00019468411|8.977014e-06|0.00019276675|0.00022415294,57506476.0|48469.914|83260696.0|43027.293|59873.58
108,3,4697.55810546875,6.62410831451416,1418.3216552734375,1,0.00010601735266391188,0.9485329985618591,4697.558|4726.0474|4749.123,1|1|1,0|1|0,0.028668076|0.94868696|0.022644948,0.0|0.0011317506|0.0,-6.025377|1.0283738|-6.025377,0.00044550147|0.014742581|0.00035190216,0.0008098011|0.037721265|0.00067370624,9.884677e-06|0.00032681556|7.804678e-06,52244016.0|29937.06|67960216.0
109,4,4761.6083984375,6.680447101593018,1425.535888671875,1,0.00010548083810135722,0.9405336380004883,4761.6084|4795.416|4845.0654|4865.3706,1|1|1|1,1|1|1|1,0.21666811|0.23712866|0.3557131|0.19049011,0.0011095393|0.0015272264|0.0012874706|0.00117854,1.0219692|1.1607299|1.0865638|1.0481708,0.0030973733|0.0033898663|0.0050850874|0.0027231465,0.0077772737|0.014364729|0.014826635|0.007719755,0.000107809305|0.000117983574|0.00017709166|9.4787916e-05,142056.31|95327.35|75713.82|151570.66
110,3,4681.0361328125,6.597014904022217,1419.1376953125,1,0.00010595639469102025,0.9524285793304443,4681.036|4712.1416|4724.837,1|1|1,1|1|0,0.3309462|0.65754384|0.011509957,0.00057868613|0.0005970654|0.0,0.73731595|0.7508948|-6.025127,0.0073656947|0.014634605|0.000256171,0.009467289|0.01801146|0.000668941,0.00011220557|0.00022309694|3.9021697e-06,116818.234|57152.94|84863680.0
111,2,4579.134765625,6.499041557312012,1409.17236328125,1,0.0001067056946340017,0.9667864441871643,4579.135|4612.6357,1|1,1|1,0.35493514|0.64506483,0.00021222096|0.0001681034,0.29860088|0.19738919,0.006882345|0.012508085,0.008645652|0.015854755,5.4436103e-05|9.899877e-05,342109.22|237766.3
112,4,4628.68896484375,6.412242889404297,1443.70361328125,1,0.00010415344877401367,0.9798732399940491,4628.689|4673.6084|4710.7705|4724.3867,1|1|1|1,1|1|0|1,0.4892335|0.24202971|0.013206721|0.2555301,0.0011562828|0.0007076475|0.0|0.00077608664,1.0453905|0.83214337|-6.0176735|0.8722366,0.0071630953|0.0035436696|0.00019336575|0.003741335,0.027022969|0.00933184|0.0009553149|0.009302665,0.0002055168|0.000101650825|5.5463806e-06|0.000107318156,60252.15|198184.52|61742010.0|170940.12
113,5,4563.21630859375,6.230010032653809,1464.91455078125,1,0.0001026453755912371,1.008535385131836,4563.2163|4605.8457|4631.179|4672.0796|4714.1875,1|1|1|1|1,0|1|1|1|0,0.013794569|0.46806118|0.13507687|0.3796789|0.0033884766,0.0|0.00013063737|0.000121821744|9.761611e-05|0.0,-6.011339|0.1047284|0.074385785|-0.021817453|-6.011339,0.0002592407|0.008796252|0.0025384936|0.007135289|6.367949e-05,0.000960397|0.025833992|0.006412511|0.019415382|0.0005358123,8.462354e-06|0.0002918297|8.316562e-05|0.00023712579|2.075036e-06,63859908.0|435104.47|1616267.4|717836.8|54837644.0
114,3,4590.83935546875,6.490394115447998,1414.6566162109375,1,0.0001062920200638473,0.9680745601654053,4590.8394|4610.1484|4653.6143,1|1|1,1|1|1,0.2790697|0.46017414|0.26075616,0.00014138641|0.00015633041|0.00014997486,0.12390731|0.16754308|0.14951807,0.004100843|0.006762117|0.0038317314,0.008535968|0.015348215|0.0066396766,0.00011022581|0.00018223315|0.00010293234,862106.0|472927.97|869596.3
115,2,4742.361328125,7.065944194793701,1342.31494140625,1,0.00011202043970115483,0.8892208933830261,4742.3613|4779.981,1|1,1|1,0.68746716|0.31253284,0.00011237914|0.00012697285,0.0013888121|0.05441396,0.015497025|0.0070451796,0.016711053|0.0060229334,0.00014911371|6.766059e-05,287085.3|558627.25
116,5,4722.16650390625,6.477066516876221,1458.118896484375,1,0.00010312376252841204,0.9700665473937988,4722.1665|4743.925|4775.657|4805.6284|4841.378,1|1|1|1|1,1|1|1|1|1,0.19078031|0.21141699|0.25381562|0.21208638|0.13190068,0.0025176294|0.002548872|0.0026826765|0.0024122433|0.0021504369,1.3876331|1.3929893|1.4152097|1.3690624|1.319168,0.0029232523|0.00323946|0.0038891179|0.0032497167|0.0020210627,0.0096443|0.010154156|0.0112613095|0.010038|0.0047352016,0.00010235768|0.00011344314|0.00013621038|0.00011381539|7.07708e-05,62594.875|56181.715|44831.97|59590.12|77708.66
117,1,4614.0234375,6.360403537750244,1450.858642578125,1,0.000103639809822198,0.9878594875335693,4614.0234,1,1,1.0,0.00095531926,0.96462196,0.013574431,0.012146056,0.00010385359,38310.61
118,1,4695.02001953125,6.944156646728516,1352.2218017578125,1,0.0001111997407861054,0.9048161506652832,4695.02,1,1,1.0,7.641948e-05,-0.16289915,0.017039716,0.0108098155,0.00010112296,383952.03
119,1,4645.10205078125,6.855162143707275,1355.212890625,1,0.00011095431545982137,0.916562557220459,4645.102,1,1,1.0,0.00035644302,0.5068461,0.013597186,0.010801809,8.8650384e-05,103030.63
120,6,4692.185546875,6.353303909301758,1477.085205078125,1,0.00010179961827816442,0.9889634251594543,4692.1855|4718.6333|4755.3296|4783.599|4823.738|4835.001,1|1|1|1|1|1,0|1|1|0|1|1,0.006794145|0.15843359|0.1838384|0.0070532984|0.3925253|0.2513553,0.0|0.00041365094|0.00053831475|0.0|0.00052234414|0.00038721762,-6.007746|0.608888|0.7232902|-6.007746|0.7102106|0.5802091,0.00012808584|0.0029868511|0.0034657924|0.0001329715|0.007400038|0.004738647,0.000967677|0.0059204893|0.011744624|0.0004308424|0.022792533|0.010957899,3.0550261e-06|7.1289e-05|8.272007e-05|3.1718291e-06|0.000176837|0.00011320737,96591220.0|402655.78|267419.8|54121400.0|129284.06|272146.7
121,4,4875.9091796875,6.592158317565918,1479.3057861328125,1,0.00010164680861635134,0.9531301856040955,4875.909|4903.0527|4931.629|4950.0,1|1|1|1,1|1|1|1,0.21746974|0.2156346|0.39244977|0.1744459,0.004699768|0.0059532793|0.004889137|0.004998857,1.6649827|1.7676625|1.6821384|1.691777,0.0031295803|0.003103171|0.0056476966|0.0025104294,0.010739735|0.013432231|0.014198328|0.010520705,0.00010888761|0.00010797483|0.00019655784|8.735254e-05,23725.26|18504.44|15311.326|21455.396
122,5,4689.01416015625,6.6835784912109375,1403.144775390625,1,0.00010716407268773764,0.9400929808616638,4689.014|4703.2515|4722.2827|4765.9106|4791.7725,1|1|1|1|1,1|0|1|1|1,0.4084788|0.011791588|0.20504461|0.27110937|0.10357562,0.00033227165|0.0|0.00027751582|0.00028018787|0.0003220236,0.49144423|-6.0300493|0.4132387|0.41740027|0.47783864,0.0060869805|0.00017571331|0.0030554892|0.0040399586|0.0015434405,0.017666288|0.0005775046|0.009529473|0.014179607|0.002318477,0.0002170247|6.2379922e-06|0.000108694934|0.00014387704|5.4798667e-05,247114.84|75049160.0|589089.44|441519.62|983459.9
123,5,4801.93896484375,6.685126781463623,1436.603759765625,1,0.00010466818639542907,0.9398753046989441,4801.939|4818.0786|4851.3857|4872.7983|4912.365,1|1|1|1|1,1|1|1|1|1,0.31051674|0.12613633|0.17839496|0.2154502|0.16950178,0.0003111826|0.00041937057|0.00039557068|0.0003664854|0.0004177759,0.47320077|0.6027834|0.5774095|0.5442421|0.6011288,0.0060445704|0.0024553908|0.003472666|0.004193989|0.00329955,0.017915942|0.0070005106|0.012611362|0.0143858995|0.010768887,0.00016445677|6.664021e-05|9.43062e-05|0.000113953145|8.9592635e-05,265729.5|483584.56|363577.34|325061.3|362099.5
124,4,4656.482421875,6.688018321990967,1392.48486328125,1,0.00010798444418469444,0.9394688606262207,4656.4824|4685.2188|4730.918|4750.116,1|1|1|1,0|1|1|1,0.01382822|0.53496385|0.21535297|0.23585498,0.0|0.00026107475|0.00018356524|0.00018273937,-6.0333614|0.3834038|0.23042949|0.22847116,0.00026493907|0.010249535|0.0041260133|0.004518817,0.0008459579|0.021322122|0.0052813143|0.0063480274,4.197534e-06|0.00016269567|6.54261e-05|7.166512e-05,70517064.0|186821.5|659252.2|604927.75
125,2,4542.375,6.46713924407959,1404.755615234375,1,0.00010704119631554931,0.9715555906295776,4542.375|4552.4834,1|1,1|1,0.720707|0.27929303,0.00039526986|0.0006767385,0.5673429|0.80087,0.0131295975|0.0050880667,0.01598384|0.009405743,0.00019267239|7.456257e-05,96281.37|144408.5
126,2,4850.509765625,6.915816307067871,1402.7294921875,1,0.00010719579586293548,0.9085240364074707,4850.51|4894.2856,1|1,1|1,0.65017396|0.34982607,3.9715695e-05|5.2371175e-05,-0.4312145|-0.3110846,0.013308017|0.007160378,0.008679306|0.0074577043,0.00014988927|8.0145786e-05,945982.9|1333262.1
127,5,4806.08935546875,6.590443134307861,1458.502685546875,1,0.00010309663048246875,0.9533782601356506,4806.0894|4849.585|4862.8164|4908.099|4950.0,1|1|1|1|1,1|1|1|1|0,0.23516709|0.25811344|0.08592816|0.40229392|0.018497387,0.0032172338|0.0031205202|0.0011178683|0.0040213563|0.0,1.4942381|1.4809825|1.0351462|1.5911281|-6.0132446,0.004645992|0.005099323|0.0016976079|0.007947772|0.00036543683,0.014936718|0.014101344|0.00288599|0.026408214|0.0002391003,9.8797245e-05|0.00010844948|3.60992e-05|0.00016904308|7.786815e-06,31645.664|29625.627|54937.812|15234.132|67736264.0
128,4,4542.5361328125,6.268245220184326,1449.3804931640625,1,0.00010374550038250163,1.0023834705352783,4542.536|4578.48|4609.042|4629.4316,1|1|1|1,1|1|1|1,0.5843018|0.05139714|0.11809871|0.24620233,0.00010561244|0.0011229615|0.00080786797|0.000836764,0.007746197|1.0343956|0.89137113|0.90663373,0.007898072|0.00069474085|0.0015963534|0.003327944,0.0053397906|0.0059531424|0.012205974|0.034249254,0.00059558183|4.761587e-05|0.00010959519|0.00022902279,599140.56|617292.9|385998.66|179444.58
129,4,4772.1962890625,6.770753860473633,1409.64990234375,1,0.00010666954040061682,0.9279890656471252,4772.1963|4796.328|4833.5073|4874.323,1|1|1|1,1|1|1|1,0.04709589|0.7549057|0.041696593|0.15630183,0.00032108268|4.1470477e-05|0.0003440238|0.0002633751,0.4785766|-0.41030034|0.5085482|0.39253446,0.0010819265|0.01734233|0.00095788937|0.0035906974,0.004562331|0.012|0.0036360442|0.013589421,5.085852e-05|0.0011086813|4.5037566e-05|0.00016985368,1430956.2|695204.1|1501293.0|528474.5
130,4,4711.5634765625,6.568037509918213,1434.6944580078125,1,0.00010480748460395262,0.956630527973175,4711.5635|4745.432|4772.8164|4819.749,1|1|1|1,0|1|1|1,0.0055856514|0.10192493|0.06636002|0.8261294,0.0|0.00075361197|0.0006097594|0.00015769679,-6.0203924|0.85675555|0.7647663|0.17743084,0.00010919519|0.0019925542|0.0012972875|0.016150195,0.00057023915|0.016464889|0.005768093|0.012,8.437695e-06|0.0001543591|0.00010052001|0.0015,84192230.0|332205.28|624220.1|196268.77
131,4,4851.65576171875,6.624946117401123,1464.6627197265625,1,0.00010266303434036672,0.9484130144119263,4851.656|4871.47|4889.847|4923.36,1|1|1|1,1|1|0|1,0.10442246|0.10981452|0.0042523392|0.7815107,0.00065432506|0.00065761|0.0|0.0006384293,0.8043795|0.8065544|-6.011414|0.7936988,0.0015410151|0.0016205884|6.275393e-05|0.011533149,0.0038925314|0.004647231|0.00045417788|0.042894837,4.761068e-05|5.007396e-05|1.938252e-06|0.00035774734,479754.22|458468.4|70742600.0|67889.305
132,4,4637.6357421875,6.797341346740723,1364.5439453125,1,0.00011019557859981433,0.9243592023849487,4637.6357|4684.8643|4696.313|4731.1714,1|1|1|1,1|1|1|0,0.15521081|0.6540061|0.18681528|0.003967806,0.00013268844|0.00011974274|0.00014755502|0.0,0.080669254|0.036085393|0.1267901|-6.0421643,0.0026655293|0.011231642|0.0032082917|6.814153e-05,0.0042439667|0.019408355|0.00969364|0.0009893585,7.0477756e-05|0.00030091562|8.4865635e-05|1.795949e-06,1412057.1|371755.62|1055901.6|98725050.0
133,3,4680.671875,6.693051338195801,1398.666015625,1,0.00010750722867669538,0.9387624263763428,4680.672|4715.5947|4742.398,1|1|1,1|0|1,0.049280237|0.024483563|0.9262362,0.0034982336|0.0|0.0007939154,1.5124111|-6.031438|0.8683366,0.0008073061|0.00040108836|0.01517355,0.0075256918|0.0039338865|0.012,7.4236785e-05|3.692937e-05|0.0014585514,100765.72|120582.6|41280.41
134,6,4761.0224609375,6.453954219818115,1475.381591796875,1,0.00010191716864937916,0.9735404253005981,4761.0225|4789.2725|4805.4717|4825.2363|4869.412|4880.791,1|1|1|1|1|1,1|1|1|0|1|1,0.06067354|0.057279445|0.101884104|0.0028463537|0.24376047|0.5335561,0.0016552862|0.0017595339|0.0013563073|0.0|0.001737405|0.00016545826,1.2106258|1.2371503|1.1241108|-6.0082474|1.2316537|0.21044138,0.0013945999|0.0013165856|0.0023418374|6.542432e-05|0.0056029093|0.012263951,0.0071210335|0.00797593|0.0102012325|0.0003349159|0.02911785|0.005922455,7.561713e-05|7.143832e-05|0.00012721191|3.5524104e-06|0.00030507272|0.00070593326,203433.19|204104.44|154417.89|70913864.0|51168.992|246177.92
135,1,4738.30224609375,6.9055352210998535,1372.320068359375,1,0.00010957117046928033,0.9098766446113586,4738.3022,1,1,1.0,0.0004231816,0.58683056,0.013849722,0.012870947,0.00012116265,85198.76
136,4,4821.40771484375,6.5180792808532715,1479.3951416015625,1,0.00010164066770812497,0.9639626741409302,4821.4077|4835.438|4869.1255|4889.4116,1|1|1|1,1|1|0|1,0.33464414|0.2674702|0.0072945324|0.3905911,0.0006522237|0.00057404|0.0|0.0004392794,0.8073291|0.7518747|-6.0070677|0.6356734,0.0060529867|0.0048379563|0.00013194227|0.007064946,0.020264747|0.016166365|0.00069088436|0.017805764,0.00016094759|0.00012862442|3.5039543e-06|0.00018809487,126507.76|179793.38|54975484.0|161003.0
137,5,4603.1123046875,6.2962446212768555,1462.177001953125,1,0.00010283755545970052,0.9979258179664612,4603.1123|4615.5405|4647.496|4663.9097|4698.326,1|1|1|1|1,1|1|1|1|1,0.34655896|0.068561174|0.14559607|0.3154366|0.123847194,0.0024582734|0.0020203937|0.0026267464|0.0033210586|0.0028051727,1.3784785|1.2932843|1.4072665|1.5091248|1.4358078,0.0071903816|0.0014225026|0.0030208176|0.0065446575|0.0025695732,0.0174909|0.0041608782|0.0088263955|0.025505016|0.0073363115,0.0002163405|4.2776122e-05|9.0862864e-05|0.00019690114|7.728727e-05,27713.643|66953.82|56792.156|22605.252|56961.3
138,3,4874.3447265625,6.976299285888672,1397.4012451171875,1,0.00010760453733382747,0.9006472826004028,4874.3447|4895.489|4933.8467,1|1|1,1|1|1,0.10748462|0.5077356|0.38477975,0.0008294894|0.00068789994|0.00048866036,0.8869803|0.80569476|0.6571766,0.0024114712|0.0113913035|0.008632726,0.0023201557|0.023947319|0.010535425,2.4189183e-05|0.000114307644|8.6629174e-05,200970.23|63742.41|118210.88
139,3,4866.9521484375,7.121458530426025,1366.8414306640625,1,0.00011001036182278767,0.8822891116142273,4866.952|4887.108|4906.312,1|1|1,1|1|1,0.3550212|0.36015514|0.28482363,4.7194288e-05|4.595445e-05|4.4070803e-05,-0.36754325|-0.37910506|-0.39728165,0.008106845|0.008224078|0.006503897,0.012454478|0.0117506515|0.010225726,0.00010976118|0.00011138702|8.796262e-05,1306834.4|1322959.4|1744355.1
140,3,4562.134765625,6.138317584991455,1486.4447021484375,1,0.00010115863551618531,1.0236005783081055,4562.135|4598.0728|4639.386,1|1|1,1|1|1,0.15682009|0.41989353|0.42328638,0.0014312359|0.0011598099|0.0012569557,1.1507083|1.0593839|1.0943171,0.0029571184|0.00791783|0.007981809,0.004946414|0.019044902|0.022432156,4.2697255e-05|0.000114357696|0.00011528024,107790.055|54253.84|49686.742
141,6,4624.5390625,6.21589994430542,1487.9708251953125,1,0.00010105487308464944,1.0108246803283691,4624.539|4641.8164|4681.0815|4709.02|4719.6704|4768.231,1|1|1|1|1|1,1|0|1|1|1|1,0.13838674|0.01732752|0.09799545|0.3950254|0.104922906|0.24634199,0.00052686705|0.0|0.0007283302|0.00079572864|0.00065329374|0.0005165887,0.71714383|-6.004557|0.8577711|0.89620775|0.8105513|0.7085877,0.0029082086|0.00036413924|0.0020593824|0.008301491|0.0022049635|0.005176897,0.004789454|0.0009352697|0.0041432367|0.023900464|0.004223754|0.010922555,7.06542e-05|8.873409e-06|5.002269e-05|0.0002018902|5.3568125e-05|0.00012589603,322401.84|95802920.0|322938.34|75609.36|338769.6|186551.55
142,2,4543.41552734375,7.0561347007751465,1287.7916259765625,1,0.00011676323629217222,0.8904570937156677,4543.4155|4591.7905,1|1,1|1,0.4487034|0.5512966,8.0532176e-05|8.6177664e-05,-0.16133614|-0.13191089,0.00916511|0.011260655,0.008342512|0.010834695,8.619813e-05|0.00010594749,677347.56|515201.1
143,3,4773.83349609375,6.743886470794678,1415.75146484375,1,0.00010620982357067987,0.9316861033439636,4773.8335|4810.0913|4838.143,1|1|1,1|1|1,0.3517525|0.1960314|0.4522161,6.2033454e-05|6.964359e-05|6.7757064e-05,-0.233538|-0.18328291|-0.19520944,0.006700242|0.00373404|0.00861389,0.01030694|0.0035698407|0.012576703,0.00010562516|5.8668444e-05|0.00013595949,1202915.6|1921843.8|856645.9
144,1,4611.5615234375,7.056230545043945,1307.0892333984375,1,0.00011503936548251659,0.8904449939727783,4611.5615,1,1,1.0,0.0002206919,0.28294012,0.021930758,0.0114405705,0.0006545473,103256.4
145,1,4599.5859375,6.798935890197754,1353.0311279296875,1,0.00011113322398159653,0.9241424798965454,4599.586,1,1,1.0,0.00016450581,0.17033759,0.015516992,0.010931777,0.00010162388,195823.95
146,6,4647.67236328125,6.574057579040527,1413.943359375,1,0.00010634564387146384,0.9557545185089111,4647.6724|4670.9424|4683.7515|4696.0283|4742.6694|4765.1533,1|1|1|1|1|1,1|1|1|1|0|1,0.6651131|0.05819083|0.104466|0.10605539|0.0017602593|0.06441445,0.00066870014|0.0046407743|0.004862099|0.0039681834|0.0|0.0039420733,0.7985118|1.6398708|1.660104|1.571872|-6.0267196|1.569005,0.015037891|0.0013156671|0.0023619267|0.002397862|3.979863e-05|0.0014563802,0.011964091|0.010459395|0.014663807|0.014227787|0.0008912596|0.008877068,0.0008813696|7.568777e-05|0.00013590697|0.00013799149|2.2896895e-06|8.3792e-05,49545.152|56144.42|37442.21|47604.29|64415930.0|59620.125
147,2,4806.21435546875,6.712925434112549,1431.9283447265625,1,0.00010500993812456727,0.9359831809997559,4806.2144|4844.211,1|1,1|1,0.60893804|0.39106196,0.0013327745|0.0014787029,1.1035264|1.1486505,0.011699979|0.007513764,0.013329147|0.008690474,0.000108591405|6.973236e-05,31694.434|43461.75
148,5,4539.1298828125,6.0974297523498535,1488.86669921875,1,0.00010099407518282533,1.03046452999115,4539.13|4586.2593|4612.9277|4623.0723|4635.575,1|1|1|1|1,1|1|1|0|1,0.30092844|0.22865541|0.3098927|0.017362034|0.1431614,0.0023470407|0.0020812103|0.0028740657|0.0|0.0017429191,1.3662248|1.31402|1.4542007|-6.004296|1.2369814,0.0040435963|0.0030724583|0.0041640494|0.00023329484|0.0019236696,0.0224621|0.016579103|0.025427192|0.00035587014|0.0046694893,0.00011825825|8.985823e-05|0.00012178508|6.8328454e-06|5.625527e-05,52136.562|77014.13|41269.758|74175580.0|125955.15
149,1,4632.85009765625,6.960038185119629,1331.271484375,1,0.00011294970317976549,0.9027515649795532,4632.85,1,1,1.0,0.00024352975,0.33366713,0.0133345425,0.010710887,0.000751193,153865.11
150,6,4528.9736328125,6.521081924438477,1389.0252685546875,1,0.00010825340723386034,0.9635188579559326,4528.9736|4575.7397|4597.737|4612.33|4644.579|4668.4004,1|1|1|1|1|1,0|1|1|1|1|1,0.008825988|0.23610008|0.24789807|0.10204903|0.31366587|0.091460966,0.0|0.0032165276|0.0036057404|0.0019529767|0.0032968824|0.0024720356,-6.0344415|1.4729457|1.5225528|1.2562555|1.4836619|1.3586131,0.00018416662|0.00492656|0.0051727416|0.0021293964|0.006545079|0.0019084616,0.00025742166|0.013930217|0.018348442|0.0040697237|0.017801046|0.0052258964,5.2937457e-06|0.00014156681|0.00014865289|6.118584e-05|0.00018812418|5.483829e-05,66934780.0|29621.578|25640.914|65407.75|22280.309|63021.55
151,4,4717.49609375,6.483072757720947,1455.3272705078125,1,0.00010332158126402646,0.9691678285598755,4717.496|4746.8345|4778.169|4801.122,1|1|1|1,0|1|1|1,0.0068563046|0.20103803|0.68966556|0.10244009,0.0|0.0063396147|0.0013683193|0.0050350013,-6.014191|1.7878718|1.1219964|1.6878085,9.181748e-05|0.0026922382|0.009235784|0.0013718455,0.0009730375|0.013569161|0.0074746674|0.010448592,7.806648e-06|0.00022866906|0.0007938333|0.000116550065,74848980.0|18524.373|38063.777|32360.318
152,2,4597.47412109375,6.509337425231934,1412.5782470703125,1,0.00010644841677276418,0.9652572870254517,4597.474|4608.494,1|1,1|1,0.30437705|0.695623,0.0025678282|0.00049032376,1.3824267|0.66334385,0.003966086|0.009064089,0.017398734|0.005,0.00021602736|0.0005,47916.97|111296.625
153,3,4889.93115234375,6.705978870391846,1458.3795166015625,1,0.00010310533252777532,0.9369527697563171,4889.931|4910.93|4921.978,1|1|1,1|1|1,0.5839259|0.11696966|0.29910445,0.0005425225|0.0008527534|0.00047354985,0.7211367|0.9175424|0.66208464,0.009457676|0.0018945233|0.004844507,0.019651446|0.0037233222|0.0071562766,0.00013282365|2.65867e-05|6.801236e-05,97362.03|289732.62|216855.22
154,4,4508.32177734375,6.356166362762451,1418.5662841796875,1,0.00010599906818242744,0.9885180592536926,4508.322|4550.1426|4583.728|4624.6816,1|1|1|1,1|1|1|1,0.06345865|0.07154788|0.07929415|0.7856993,0.001698155|0.0017096291|0.0023849187|0.00054140284,1.2046753|1.2075999|1.3521715|0.7082186,0.0008005293|0.0009025748|0.0010002938|0.009911578,0.003807306|0.0040999567|0.007500319|0.012,8.576934e-05|9.685308e-05|0.00010743178|0.0011253041,262937.88|248821.89|184971.03|92959.164
155,1,4822.85595703125,6.477252960205078,1489.1671142578125,1,0.00010097370250150561,0.9700385928153992,4822.856,1,1,1.0,0.0006350502,0.79859984,0.0126518635,0.0092045115,0.000104264305,61914.47
156,4,4571.64453125,6.344086170196533,1441.230224609375,1,0.0001043321899487637,0.9904003739356995,4571.6445|4619.8154|4641.285|4685.936,1|1|1|1,1|1|1|0,0.23188627|0.2835166|0.4791304|0.0054667364,0.001459903|0.0012918358|0.0018619356|0.0,1.1459057|1.092789|1.2515464|-6.0184183,0.0051383977|0.0062824804|0.010617112|0.00012113811,0.0100894915|0.012805354|0.028258596|0.0009415443,7.096774e-05|8.6779415e-05|0.00014666084|1.6730338e-06,65197.895|60960.934|25180.414|55508504.0
157,1,4554.8984375,6.1662917137146,1477.354248046875,1,0.00010178108641412109,1.0189568996429443,4554.8984,1,1,1.0,0.0011225974,1.042557,0.019214664,0.011977656,0.00011843849,22982.123
158,3,4586.96923828125,6.3152971267700195,1452.6534423828125,1,0.00010351175296818838,0.994915246963501,4586.969|4607.0376|4637.277,1|1|1,1|1|1,0.084593676|0.65836215|0.25704417,0.002911083|0.00057635776|0.0054696146,1.449065|0.74570256|1.722967,0.0011288164|0.008785171|0.0034299921,0.0058600074|0.005|0.022493305,6.34753e-05|0.0005|0.00019297586,80050.58|97371.29|24949.277
159,4,4537.8408203125,6.94014310836792,1307.7081298828125,1,0.00011498491949168965,0.9053394198417664,4537.841|4563.9453|4580.1133|4611.26,1|1|1|1,1|1|0|1,0.59367734|0.24401532|0.008628877|0.15367848,9.881188e-05|0.0001086096|0.0|0.00010036588,-0.06583128|-0.024772253|-6.060641|-0.059054337,0.012875623|0.0052921837|0.00018714236|0.0033329658,0.016279079|0.009422752|0.00041122697|0.0031303584,0.0001863473|7.626866e-05|2.690727e-06|4.7994643e-05,392982.12|869753.3|52021596.0|1492813.1
160,5,4560.25634765625,6.186295032501221,1474.309326171875,1,0.00010199128882959485,1.0156620740890503,4560.2563|4583.723|4620.886|4661.1484|4684.2725,1|1|1|1|1,0|1|1|1|0,0.012055535|0.26235476|0.4241097|0.27842423|0.02305575,0.0|0.0021207759|0.0032884094|0.00248534|0.0,-6.008563|1.3179317|1.5084229|1.3868227|-6.008563,0.00023732363|0.0051646805|0.008348966|0.005481022|0.0004538724,0.0008334778|0.011585372|0.024701593|0.012744284|0.00044829008,5.0603117e-06|0.00011003594|0.00017789398|0.00011678247|9.700876e-06,89477910.0|44113.785|17893.113|35296.95|71960610.0
161,1,4795.81982421875,6.847037315368652,1400.8453369140625,1,0.00010733998351497576,0.9176502227783203,4795.82,1,1,1.0,0.00027994794,0.4163159,0.018188592,0.009425754,0.000105296174,98092.88
162,4,4736.76220703125,6.476257801055908,1462.808349609375,1,0.000102793172118254,0.9701876044273376,4736.762|4784.0464|4816.618|4844.304,1|1|1|1,1|1|1|1,0.09229928|0.3406794|0.39013606|0.17688526,0.0015216024|0.0019682597|0.0027501287|0.0019014863,1.170337|1.2821182|1.4273888|1.267129,0.001962019|0.00724187|0.008293177|0.0037600747,0.0032495547|0.008526203|0.014867163|0.0047515947,3.806323e-05|0.00014055063|0.00016095188|7.296552e-05,61855.387|32963.473|21094.102|54725.062
163,5,4658.869140625,6.491209506988525,1435.439453125,1,0.00010475308954482898,0.9679529070854187,4658.869|4703.0376|4729.5986|4762.419|4772.4443,1|1|1|1|1,1|1|1|1|1,0.14641085|0.1663266|0.26438686|0.25678107|0.16609462,0.0033085144|0.003191535|0.002486892|0.0034250123|0.0026153743,1.4994662|1.4838328|1.3754901|1.5144954|1.397367,0.0029235333|0.0033212113|0.00527928|0.005127407|0.003316579,0.009535188|0.009981927|0.013926236|0.015795587|0.0073801507,9.895053e-05|0.000112449416|0.00017882544|0.00017365946|0.000112317706,43861.496|41288.145|36738.44|26961.566|48445.06
164,3,4824.568359375,6.828147888183594,1413.14111328125,1,0.00010640601249178872,0.9201887845993042,4824.5684|4840.7095|4884.2144,1|1|1,1|1|1,0.5932278|0.20317939|0.20359282,0.00026010672|0.0015938804|0.0015096291,0.38818556|1.1754895|1.1519041,0.0075844703|0.0025976668|0.0026029525,0.005|0.011570752|0.012969727,0.0005|0.00016636259|0.00016672358,252586.58|117983.35|125166.11
165,3,4508.6015625,6.079279899597168,1483.268310546875,1,0.0001013752626022324,1.0335410833358765,4508.6016|4531.8022|4560.6406,1|1|1,1|1|1,0.32517654|0.05300694|0.6218165,0.005303676|0.0008500132|0.00061491836,1.718645|0.92349374|0.78288555,0.0056624142|0.0009230286|0.010827912,0.022131795|0.0026194185|0.005,0.0002591507|4.223009e-05|0.0005,15698.94|70584.89|73995.72
166,6,4751.89208984375,6.457180023193359,1471.8165283203125,1,0.0001021640346152708,0.9730541110038757,4751.892|4769.2695|4818.2036|4860.6914|4905.1206|4934.437,1|1|1|1|1|1,1|1|1|1|1|1,0.05698139|0.1636688|0.3111443|0.2079376|0.10674862|0.1535193,0.0006427319|0.0034781424|0.007988918|0.007649561|0.003320385|0.0032188778,0.79873186|1.5320493|1.8931899|1.8743385|1.5118904|1.4984064,0.0008862807|0.002545682|0.0048394953|0.003234233|0.0016603534|0.0023878182,0.0035224636|0.0072165993|0.018942602|0.016364472|0.0077443267|0.006854143,4.5785226e-05|0.00013156049|0.00025022597|0.00016722681|8.5844746e-05|0.00012346967,31976.953|24363.59|9688.204|12904.202|23901.854|24012.393
167,1,4799.9248046875,6.733865261077881,1425.6075439453125,1,0.00010547552665229887,0.9330726265907288,4799.925,1,1,1.0,0.0008057836,0.8830668,0.02173486,0.012590261,0.00014000754,28414.223
168,3,4561.20703125,6.131472587585449,1487.801513671875,1,0.00010106638364959508,1.0247433185577393,4561.207|4608.6294|4618.789,1|1|1,1|1|1,0.4061909|0.28000376|0.31380534,0.00021501479|0.00027660702|0.0002389875,0.32786185|0.43725666|0.37376866,0.0060550435|0.0041739857|0.004677862,0.012180743|0.009687465|0.009717755,0.000102230304|7.040746e-05|7.893222e-05,383932.56|432730.53|446988.53
169,2,4679.88623046875,6.684988975524902,1400.117919921875,1,0.00010739575373008847,0.9398946762084961,4679.886|4707.923,1|1,1|1,0.64358443|0.35641557,0.0010212833|0.0010746705,0.9781592|1.0002882,0.012507682|0.006926725,0.018090608|0.008383475,0.00012609124|6.981881e-05,39000.54|65894.69
170,6,4802.41943359375,6.5420026779174805,1468.1802978515625,1,0.00010241706331726164,0.9604376554489136,4802.4194|4814.892|4857.7773|4876.443|4918.625|4950.0,1|1|1|1|1|1,1|1|1|1|1|1,0.057964258|0.15030156|0.17403615|0.10417981|0.1496978|0.36382043,0.0010747488|0.00065923453|0.00064089|0.0008178286|0.0009410107|0.00096971233,1.0209347|0.80866766|0.7964113|0.90229005|0.9632223|0.9762707,0.0007295648|0.0018917645|0.0021904989|0.0013112549|0.0018841652|0.004579211,0.0029412236|0.006311149|0.007816478|0.004722552|0.00928225|0.02054823,2.6474567e-05|6.870323e-05|7.957622e-05|4.7607715e-05|6.8421476e-05|0.00016644227,525671.8|396116.16|353537.9|450549.72|278822.84|112326.125
171,2,4811.9248046875,6.7552008628845215,1424.6578369140625,1,0.00010554584150668234,0.9301255941390991,4811.925|4849.1025,1|1,1|1,0.8161143|0.1838857,0.00043152802|0.0007888256,0.611568|0.8735399,0.013683537|0.0030831546,0.012841735|0.0036474345,0.00021369563|4.8067737e-05,84565.35|193789.86
172,5,4621.33935546875,6.211293697357178,1488.0440673828125,1,0.00010104990360559896,1.011574387550354,4621.3394|4638.7183|4652.5005|4676.421|4724.512,1|1|1|1|1,0|1|0|0|1,0.0059634|0.7545902|0.006325544|0.008242954|0.2248779,0.0|0.00039637|0.0|0.0|0.003386199,-6.0045357|0.593565|-6.0045357|-6.0045357|1.5251766,0.00011248426|0.01423341|0.00011931517|0.0001554822|0.004241745,0.0006592444|0.012|0.00055122806|0.0008066978|0.03064641,7.1587524e-06|0.00093980087|7.607756e-06|9.930225e-06|0.00027010345,53041492.0|88523.83|93379896.0|87718056.0|34389.266
173,4,4718.81640625,6.5140180587768555,1448.8189697265625,1,0.00010378571460023522,0.9645637273788452,4718.8164|4758.0273|4800.099|4847.4863,1|1|1|1,1|1|1|1,0.22367042|0.34550118|0.11096992|0.31985846,0.00033618242|0.00029857567|0.00039815254|0.00026044756,0.51043755|0.458917|0.583912|0.39958286,0.00427453|0.0066028186|0.0021207286|0.006112764,0.011969048|0.019755553|0.004555304|0.01599447,7.2877876e-05|0.000112656424|3.613999e-05|0.00010430844,347646.0|253559.11|587248.44|313969.78
174,6,4723.55322265625,6.512982368469238,1450.50390625,1,0.00010366515925852582,0.9647170305252075,4723.553|4751.2017|4769.6494|4787.208|4831.468|4861.898,1|1|1|1|1|1,1|1|0|1|1|1,0.20107085|0.2017065|0.016011119|0.10823165|0.20130926|0.2716706,0.0001344128|0.00012694942|0.0|0.00012507573|0.00011458093|0.000107740896,0.112808116|0.08799829|-6.0156326|0.08154062|0.04347992|0.01674819,0.00401249|0.004025175|0.00031951154|0.0021598279|0.004017248|0.005421351,0.008864326|0.012426091|0.0002467315|0.0033447826|0.009257605|0.010415875,0.00010207442|0.000102437385|8.110268e-06|5.4841246e-05|0.000102303384|0.00013840488,926844.9|978374.9|75627650.0|1848077.4|1086067.2|855915.94
175,6,4783.421875,6.701939105987549,1427.4739990234375,1,0.00010533761815167964,0.937517523765564,4783.422|4826.135|4867.8315|4897.484|4935.662|4948.7925,1|1|1|1|1|1,1|1|1|1|1|1,0.07869942|0.1269559|0.523504|0.06577283|0.08633682|0.11873099,0.0035331277|0.003893603|0.00055649556|0.0032129567|0.003402812|0.003967337,1.5255759|1.5677682|0.7228783|1.4843214|1.5092545|1.5759156,0.0017772169|0.002866961|0.011821945|0.0014853043|0.0019496873|0.0026812234,0.008780746|0.012872559|0.0059890184|0.0070223296|0.0089966785|0.013227723,7.439597e-05|0.000120106706|0.0005|6.224742e-05|8.1718026e-05|0.000112386624,60233.445|39502.273|75232.77|63771.754|59935.85|41561.113
176,5,4627.6533203125,6.556795597076416,1411.5594482421875,1,0.00010652523633325472,0.958270788192749,4627.6533|4675.0806|4717.0073|4749.7173|4765.2197,1|1|1|1|1,1|1|1|1|0,0.117054544|0.070467755|0.5651683|0.24093357|0.0063758227,0.000302706|0.0004271622|0.0003037779|0.00024252395|0.0,0.45356864|0.6031404|0.45510378|0.3573023|-6.0274525,0.002143801|0.001290585|0.010350802|0.004412589|0.0001167703,0.0062721036|0.0032516685|0.03154593|0.020992542|0.00057614583,6.637964e-05|3.9931358e-05|0.00032273057|0.00013705541|3.6127833e-06,768519.6|889562.9|158999.31|467151.97|71992664.0
177,5,4587.78173828125,6.152371883392334,1491.3863525390625,1,0.0001008234394248575,1.021262288093567,4587.7817|4599.3794|4641.1807|4662.4995|4699.8022,1|1|1|1|1,1|1|1|1|1,0.36241806|0.13161959|0.23700339|0.16365355|0.10530541,0.0012516886|0.0011751652|0.0009934783|0.0011323516|0.0012465493,1.0939348|1.0665374|0.993597|1.0504198|1.092148,0.0069433725|0.002521629|0.0045406204|0.0031353503|0.0020174899,0.015809024|0.0051274244|0.009095354|0.0073011667|0.004042877,0.00027269288|9.890693e-05|0.00017829174|0.00012302877|7.9127174e-05,57181.805|159739.64|109552.71|137499.0|178624.3
178,3,4887.05517578125,6.742956638336182,1449.5289306640625,1,0.00010373488476034254,0.9318146109580994,4887.055|4915.854|4926.983,1|1|1,1|1|1,0.41166866|0.4016867|0.18664464,6.987201e-05|8.870587e-05|8.181119e-05,-0.17162097|-0.06797198|-0.103111595,0.008033516|0.007838722|0.0036422801,0.00825082|0.010201851|0.0033360114,0.000119588694|0.000116519375|5.4010303e-05,890686.3|719008.75|1676800.4
179,4,4702.7861328125,6.611014366149902,1422.71240234375,1,0.00010569016012595966,0.9504117369651794,4702.786|4729.2783|4739.3555|4787.4727,1|1|1|1,1|0|1|1,0.15963872|0.02483726|0.4708169|0.3447071,0.0038087259|0.0|0.0053041745|0.0036488657,1.5567452|-6.0240345|1.7005832|1.5381234,0.0019917637|0.00030988693|0.0058742394|0.0043008057,0.008349434|0.0008795132|0.023950094|0.013681442,5.999944e-05|9.36037e-06|0.00017699554|0.00012959003,42186.48|62738620.0|15122.172|29114.34
180,6,4638.70556640625,6.63238000869751,1398.8056640625,1,0.00010749649663921446,0.9473499655723572,4638.7056|4673.509|4695.951|4721.954|4737.294|4754.9863,1|1|1|1|1|1,1|1|1|1|1|1,0.109081954|0.10551194|0.10608901|0.3643777|0.18404262|0.13089676,0.002588991|0.002544796|0.0029849366|0.0026594172|0.0034197534|0.0027591514,1.3817363|1.3742588|1.4435408|1.3933922|1.5026004|1.4093813,0.0015053747|0.0014561069|0.0014640708|0.005028558|0.0025398617|0.0018064277,0.0060207886|0.005959506|0.0072206976|0.015825318|0.012697063|0.008132743,9.4542185e-05|9.148712e-05|9.200321e-05|0.00031651373|0.000159689|0.0001135628,91015.89|96635.914|85114.22|36168.23|52453.258|85145.09
181,5,4587.349609375,6.2182745933532715,1475.4412841796875,1,0.00010191304318141192,1.0104386806488037,4587.3496|4602.904|4649.3013|4680.558|4714.0024,1|1|1|1|1,1|1|0|0|1,0.099752165|0.49551442|0.012492366|0.019226082|0.37301496,0.002522796|0.002543791|0.0|0.0|0.0027073966,1.3936523|1.3972516|-6.0082297|-6.0082297|1.4243221,0.0017692209|0.008788526|0.00022156668|0.00034099698|0.0066158553,0.00549835|0.024151571|0.00043626205|0.0009554954|0.019760048,3.851421e-05|0.00019139078|4.828804e-06|7.434252e-06|0.00014406623,79453.24|22119.28|97951320.0|53446948.0|27391.283
182,1,4759.10986328125,6.840681552886963,1391.4139404296875,1,0.00010806755744852126,0.9185028672218323,4759.11,1,1,1.0,0.00014059941,0.11428849,0.013399678,0.012063412,8.004116e-05,265351.8
183,6,4670.53857421875,6.314505577087402,1479.3045654296875,1,0.00010164688865188509,0.9950399398803711,4670.5386|4684.1533|4714.072|4730.3984|4757.682|4773.416,1|1|1|1|1|1,1|1|0|1|1|1,0.08322853|0.06404747|0.013504896|0.47416097|0.22586404|0.13919409,0.0012042517|0.0013326902|0.0|0.001685937|0.0012545|0.0009583683,1.0736232|1.1176351|-6.007094|1.2197473|1.0913765|0.97443837,0.0018723658|0.0014408557|0.00030381535|0.010667049|0.0050811917|0.0031314052,0.0028045874|0.0027799124|0.000997012|0.027378315|0.010536396|0.0035590043,6.0288352e-05|4.6393838e-05|9.816595e-06|0.00034409278|0.00016381472|0.000100929254,166845.45|164976.62|71154320.0|27695.29|77297.31|153331.61
184,5,4825.78271484375,6.638030529022217,1453.980224609375,1,0.00010341729648644105,0.9465435743331909,4825.7827|4842.9966|4881.6406|4905.9253|4950.0,1|1|1|1|1,1|0|1|1|1,0.40588897|0.016176753|0.12987074|0.31819686|0.12986667,0.00030634055|0.0|0.0003247705|0.0004022131|0.00036055618,0.4716114|-6.014593|0.4969835|0.5898631|0.54237986,0.006026596|0.00024019068|0.0019283069|0.004724553|0.0019282465,0.01495012|0.0002344026|0.0032450838|0.015878877|0.0037877145,0.00015297264|6.086333e-06|4.88404e-05|0.00011977864|4.883521e-05,270700.16|77413190.0|789349.4|262930.25|711813.8
185,3,4663.43115234375,6.310985088348389,1477.8773193359375,1,0.00010174505587201566,0.9955949783325195,4663.431|4709.526|4751.385,1|1|1,1|1|1,0.27931803|0.39733502|0.32334694,0.00045044196|0.00052559155|0.0003831503,0.6461256|0.7131352|0.575856,0.0062628775|0.008909059|0.0072500953,0.009989149|0.015253025|0.009002502,8.502153e-05|0.00012096717|9.8451485e-05,176873.36|106651.7|179663.52
186,4,4629.2412109375,6.207759857177734,1491.43701171875,1,0.00010082001972477883,1.0121501684188843,4629.241|4672.1035|4699.7993|4739.939,1|1|1|1,1|1|1|1,0.35982668|0.28914127|0.1710897|0.17994237,0.0010450784|0.001368357|0.0014309194|0.0014484877,1.0156021|1.1326526|1.1520684|1.1573681,0.004934603|0.003965235|0.0023462954|0.0024676996,0.010912003|0.010714574|0.0055957045|0.005763333,0.00015197316|0.00012207424|7.221169e-05|7.59497e-05,96076.76|90658.09|138713.72|130640.83
187,5,4596.45751953125,6.146533966064453,1495.6258544921875,1,0.0001005376543616876,1.0222322940826416,4596.4575|4629.903|4644.6543|4686.2197|4707.472,1|1|1|1|1,1|1|1|1|1,0.2606238|0.2616465|0.21048647|0.15251547|0.11472774,0.0016496358|0.0021266558|0.0020519926|0.0019683884|0.0020745841,1.2150594|1.3253685|1.3098471|1.291782|1.3146023,0.0051399316|0.0051601008|0.0041511403|0.0030078567|0.0022626205,0.011171104|0.01809525|0.012974822|0.0077698347|0.0060073896,0.00015277679|0.00015337343|0.00012337569|8.938746e-05|6.723356e-05,57710.027|44952.164|57256.87|78895.18|92517.49
188,3,4649.275390625,6.543009281158447,1421.142822265625,1,0.00010580689558992162,0.9602898359298706,4649.2754|4689.8677|4733.3047,1|1|1,1|1|1,0.39086053|0.45149854|0.15764095,0.00020163126|0.00024048946|0.0002833791,0.2800441|0.35658225|0.427854,0.0055748043|0.006439678|0.002248417,0.009771801|0.0154896695|0.0033999945,0.00014959363|0.00017278246|6.0123188e-05,444610.66|322771.47|778765.7
189,4,4644.54931640625,6.528024673461914,1422.95703125,1,0.00010567199933575466,0.9624940752983093,4644.5493|4675.2925|4698.157|4741.267,1|1|1|1,1|1|1|1,0.13103092|0.392756|0.19810906|0.27810404,0.00222629|0.0021919394|0.0024023969|0.0018515525,1.3236219|1.3168687|1.3566849|1.2435762,0.0026904256|0.008064362|0.0040677246|0.0057102414,0.005598453|0.022854915|0.011546854|0.011735402,4.0711297e-05|0.000122053505|6.1558174e-05|8.64224e-05,65244.062|28002.18|48650.28|45983.797
190,5,4744.28369140625,6.6358489990234375,1429.89501953125,1,0.00010515926987864077,0.9468547701835632,4744.2837|4786.2207|4832.5654|4871.811|4906.884,1|1|1|1|1,0|1|1|1|1,0.012274804|0.11665573|0.5851947|0.14593072|0.13994403,0.0|0.0003604102|0.00055879174|0.00032492803|0.0003253411,-6.0218477|0.53494966|0.72540253|0.48993975|0.4904915,0.00020681124|0.0019654664|0.009859616|0.0024587044|0.002357838,0.000512388|0.0033814735|0.025867386|0.004430208|0.004374288,5.760759e-06|5.4768643e-05|0.00027544232|6.8553294e-05|6.573711e-05,51674180.0|696762.6|90705.21|622069.94|647745.94
191,3,4782.3408203125,6.52599573135376,1465.6279296875,1,0.00010259541886625811,0.9627933502197266,4782.341|4815.5757|4825.829,1|1|1,1|1|1,0.2142567|0.329233|0.4565103,0.00027155926|0.00023001096|0.00028341144,0.42273682|0.35062078|0.44128954,0.004713963|0.0072436105|0.010043899,0.0043327133|0.0088804085|0.018738499,7.0258764e-05|0.0001080517|0.00014985677,388922.78|299882.16|175607.34
192,2,4715.287109375,6.332253456115723,1489.2919921875,1,0.0001009652332868427,0.9922510981559753,4715.287|4765.114,1|1,1|1,0.6771389|0.32286108,0.0008756538|0.0011527756,0.93816066|1.057573,0.01044702|0.004981158,0.015897967|0.0073234225,0.00012034425|5.7365938e-05,54487.848|84825.195
193,3,4518.212890625,6.750506401062012,1338.6292724609375,1,0.00011232886754442006,0.9307724237442017,4518.213|4560.4863|4574.652,1|1|1,0|1|1,0.038903717|0.74988085|0.21121545,0.0|0.0002161668|0.00028995253,-6.0504913|0.28429782|0.4118357,0.00053294876|0.010272747|0.002893477,0.00029398376|0.030836994|0.008636201,8.96149e-06|0.00017291566|4.857535e-05,58750250.0|225148.8|595190.6
194,1,4640.27880859375,6.217217922210693,1492.71875,1,0.00010073345038108528,1.0106104612350464,4640.279,1,1,1.0,0.0011511676,1.0579648,0.020268496,0.012,0.0005079349,21233.469
195,5,4836.11279296875,6.633233070373535,1458.146484375,1,0.00010312181257177144,0.947228193283081,4836.113|4852.2256|4870.962|4915.8716|4950.0,1|1|1|1|1,1|0|1|1|0,0.46613184|0.013888847|0.19441701|0.3175311|0.008031204,0.009902481|0.0|0.0036984605|0.0061251507|0.0,1.9823935|-6.0133505|1.5546705|1.7737663|-6.0133505,0.0065983892|0.00019660537|0.002752095|0.0044948524|0.00011368674,0.03232479|0.00089452387|0.007846956|0.015663154|0.0007744047,0.00019551157|5.8329992e-06|8.154486e-05|0.00013319014|3.3700812e-06,6743.839|82765340.0|26969.914|14202.07|92724490.0
196,2,4778.208984375,6.793632984161377,1406.6727294921875,1,0.00010689530608942732,0.9248638153076172,4778.209|4796.04,1|1,1|0,0.99239814|0.007601852,8.464519e-05|0.0,-0.101355866|-6.028959,0.020689607|0.00015848411,0.012|0.0009673364,0.0015|8.989131e-06,285478.9|64156750.0
197,2,4752.0830078125,6.722910404205322,1413.6981201171875,1,0.00010636408114805818,0.9345930814743042,4752.083|4794.7607,1|1,1|1,0.46535388|0.5346461,0.00060887594|0.0004911782,0.7577339|0.66444415,0.008261863|0.009492072,0.010015066|0.009268428,7.820556e-05|8.9862755e-05,98972.05|106897.0
198,5,4612.95751953125,6.347167491912842,1453.54833984375,1,0.00010344802285544574,0.9899195432662964,4612.9575|4639.1475|4683.417|4704.981|4742.9814,1|1|1|1|1,1|1|1|1|1,0.19995826|0.09405005|0.34784538|0.25484905|0.10329725,0.00025980308|0.00042775986|0.0003582905|0.00024554005|0.00033625765,0.39992225|0.61647797|0.53951323|0.3754003|0.5119501,0.003214372|0.0015118747|0.005591689|0.004096753|0.0016605254,0.009999667|0.0056258054|0.026879922|0.011443769|0.004918689,0.00010931202|5.1288913e-05|0.00019038162|0.00013952906|5.6363166e-05,598312.3|768535.1|249523.94|496823.06|891169.2
199,1,4799.22021484375,7.0556182861328125,1360.396728515625,1,0.00011053151683881879,0.8905222415924072,4799.22,1,1,1.0,7.537456e-05,-0.16626072,0.013610219,0.008971259,9.409075e-05,487350.3
200,3,4880.4345703125,6.674926280975342,1462.318603515625,1,0.00010282759467372671,0.9413115382194519,4880.4346|4900.7783|4943.568,1|1|1,1|1|1,0.24960221|0.30241644|0.44798133,0.00025137755|0.0002022441|0.00023909379,0.38821697|0.2937664|0.36645877,0.0047202697|0.0057190484|0.00847185,0.006866715|0.0073237657|0.012849829,0.00011044862|0.00013399948|0.00019870115,420741.12|431909.94|246747.06
201,5,4750.22802734375,6.348514080047607,1496.4849853515625,1,0.00010047992691397667,0.9897096157073975,4750.228|4764.299|4811.8877|4824.5923|4853.5547,1|1|1|1|1,1|0|1|1|1,0.10557632|0.001808501|0.14281723|0.13944608|0.61035186,0.0035040341|0.0|0.0056276764|0.0071698674|0.000876895,1.542489|-6.0020795|1.7482498|1.8534318|0.9408683,0.0013742581|2.3540762e-05|0.0018590129|0.0018151315|0.007944783,0.00769337|0.0007247625|0.014851015|0.022722572|0.009422837,8.567373e-05|1.4675726e-06|0.00011597102|0.000113240094|0.0005,72198.33|94624070.0|39259.82|34005.68|71117.945
202,6,4601.59814453125,6.501230239868164,1415.6083984375,1,0.0001062205556081608,0.9664610028266907,4601.598|4650.7505|4690.5386|4705.264|4734.2773|4767.828,1|1|1|1|1|1,0|1|0|1|1|1,0.018500786|0.23118477|0.010706812|0.3385697|0.1600451|0.24099283,0.0|0.0016814688|0.0|0.002149823|0.001305449|0.0018039146,-6.0262084|1.1994803|-6.0262084|1.3061942|1.0895514|1.2300074,0.00025596799|0.003198561|0.0001481343|0.0046842876|0.002214307|0.0033342608,0.0003561933|0.011430706|0.00038006122|0.020474209|0.0049313097|0.012115257,9.066566e-06|0.000113149545|5.244425e-06|0.00016574767|7.8337755e-05|0.00011796979,51310468.0|90757.88|92100980.0|49056.566|158824.39|81104.77
203,1,4744.64208984375,6.754374980926514,1404.9093017578125,1,0.00010702948202379048,0.9302393198013306,4744.642,1,1,1.0,5.3654727e-05,-0.2998946,0.0178302,0.011584745,0.00010696851,522630.75
204,3,4650.54296875,6.283181667327881,1480.314697265625,1,0.0001015775342239067,1.0000005960464478,4650.543|4691.6753|4733.5957,1|1|1,1|1|1,0.1239899|0.5743288|0.30168134,0.00070839823|0.0005453532|0.00044583823,0.8434799|0.7298803|0.6423797,0.0025136473|0.011643366|0.0061159856,0.002523411|0.016807621|0.006639203,2.9001954e-05|0.0001344245|7.059229e-05,256571.02|78660.19|182537.73
205,4,4661.6982421875,6.671196460723877,1397.5599365234375,1,0.00010759232100099325,0.9418378472328186,4661.698|4696.2417|4715.3794|4749.068,1|1|1|1,1|1|1|1,0.6307947|0.23465805|0.041472487|0.09307473,0.00010340731|0.0015961074|0.0013954423|0.0010276089,-0.017229645|1.1712809|1.1129307|0.9800466,0.010301929|0.003832357|0.0006773148|0.0015200656,0.005|0.0292377|0.0033776003|0.0057135755,0.0005|0.000176202|3.1107927e-05|6.985354e-05,469100.72|81465.13|391394.22|307945.03
206,2,4772.43701171875,6.568062782287598,1453.22509765625,1,0.0001034710367093794,0.956626832485199,4772.437|4797.691,1|1,1|1,0.7204168|0.2795832,0.00015624108|0.0013559674,0.17897667|1.1174304,0.013121816|0.0050923848,0.005|0.017766453,0.0005|0.00018863539,243606.25|71945.1
207,5,4810.31005859375,6.466169357299805,1487.839111328125,1,0.00010106382251251489,0.9717013239860535,4810.31|4836.9004|4859.9873|4908.761|4925.758,1|1|1|1|1,1|1|1|1|1,0.34032106|0.07326421|0.086033516|0.249549|0.2508322,0.0023569777|0.0020921235|0.002236535|0.00191934|0.0016334025,1.3677597|1.3159916|1.34498|1.2785562|1.2084975,0.0047256243|0.0010173309|0.0011946426|0.0034651833|0.0034830016,0.027413087|0.004399111|0.0051788725|0.014257257|0.010480077,0.00018148104|3.9047467e-05|4.5856825e-05|0.00013308998|0.00013379032,44535.812|141465.53|136422.4|73704.484|85560.69
208,1,4620.43310546875,6.290152549743652,1469.1005859375,1,0.00010235291119897738,0.9988923668861389,4620.433,1,1,1.0,0.00049042434,0.68047196,0.016099183,0.01389435,9.455924e-05,63248.547
209,5,4660.09619140625,6.431203842163086,1449.2142333984375,1,0.00010375740384915844,0.9769843220710754,4660.096|4694.819|4723.235|4738.4604|4764.3594,1|1|1|1|1,1|1|0|1|1,0.23354425|0.39762416|0.014702536|0.15897566|0.19515337,0.0017781127|0.0023938876|0.0|0.0022958291|0.0019195884,1.2339402|1.3630847|-6.016019|1.3449205|1.267189,0.0038953298|0.0066320505|0.00024522646|0.002651586|0.0032550008,0.010123657|0.025468843|0.00088044954|0.008533996|0.008808793,0.000120499106|0.00020521121|7.600104e-06|8.20159e-05|0.00010069384,69771.98|31198.686|77894340.0|75342.125|75817.14
210,5,4814.90185546875,6.559814453125,1467.9993896484375,1,0.00010242968710372224,0.9578297138214111,4814.902|4837.587|4873.7456|4903.005|4933.1313,1|1|1|1|1,1|1|1|0|1,0.10426854|0.41629636|0.104834974|0.013481886|0.36111823,0.00030857278|0.0002911695|0.00031105554|0.0|0.0002579066,0.4789319|0.45372018|0.48241228|-6.010426|0.40103677,0.0013793237|0.0055070054|0.0013868167|0.00017834606|0.0047770776,0.0033300908|0.017102161|0.0034771534|0.0002563916|0.020375615,5.5311433e-05|0.00022215449|5.56205e-05|7.1494896e-06|0.00019269774,1163613.2|311723.28|1148842.5|50081544.0|405759.1
211,1,4626.966796875,6.850119590759277,1350.9156494140625,1,0.00011130725033581257,0.9172373414039612,4626.967,1,1,1.0,0.00036680387,0.51791054,0.02052138,0.008242791,0.0007565454,66262.03
212,1,4845.9248046875,6.631982326507568,1461.3804931640625,1,0.0001028936094371602,0.9474068284034729,4845.925,1,1,1.0,0.0013081492,1.1042689,0.019350074,0.012,0.0010445161,19482.152
213,5,4544.21044921875,6.4031782150268555,1419.36083984375,1,0.00010593973274808377,0.981260359287262,4544.2104|4588.157|4605.7827|4648.6377|4661.801,1|1|1|1|1,1|1|1|1|1,0.20134546|0.1711049|0.31256485|0.25188747|0.06309733,0.000998863|0.0011092073|0.0011866844|0.0011828773|0.0016053168,0.97444713|1.0199538|1.0492764|1.0478809|1.1805019,0.0035258648|0.0029963066|0.005473485|0.0044109323|0.0011049301,0.0122420015|0.012764375|0.020930372|0.019265855|0.0038140735,7.542026e-05|6.409166e-05|0.00011710722|9.436518e-05|2.3629671e-05,140981.31|149252.69|76720.62|95452.67|213363.14
214,3,4579.60791015625,6.3731160163879395,1437.1644287109375,1,0.00010462735372129828,0.9858890175819397,4579.608|4617.605|4640.478,1|1|1,1|1|0,0.8952929|0.08192965|0.022777464,0.0017531841|0.004707427|0.0,1.2241824|1.6531384|-6.019645,0.019212296|0.0017581471|0.00048878684,0.012|0.009561849|0.002658633,0.0015|0.00013512431|3.755671e-05,14500.069|31718.021|49150.85
215,6,4787.515625,6.44926643371582,1484.6697998046875,1,0.00010127956193173304,0.9742480516433716,4787.5156|4833.5|4847.8706|4882.7847|4926.763|4950.0,1|1|1|1|1|1,1|1|0|1|1|1,0.06994082|0.113362126|0.010253393|0.08611108|0.12416196|0.5961706,0.0003458433|0.00021953881|0.0|0.000258144|0.00019037671|0.00027970836,0.5333577|0.33598968|-6.005522|0.4063404|0.27409223|0.44118378,0.0010565174|0.0017124341|0.00015488647|0.0013007832|0.001875575|0.009005679,0.0051736007|0.0062916405|0.0002858927|0.0035636858|0.005664414|0.041252904,4.2066964e-05|6.8332294e-05|6.1686756e-06|5.186104e-05|7.493442e-05|0.00036307742,1361914.4|1328260.2|57783760.0|1480717.9|1398620.5|198484.47
216,3,4581.98779296875,6.35722017288208,1441.5067138671875,1,0.0001043121810653247,0.9883542060852051,4581.988|4624.424|4648.0376,1|1|1,0|1|1,0.007110702|0.42267454|0.57021475,0.0|0.001299691|0.0011339148,-6.018335|1.0955051|1.0362455,0.00010807555|0.0064242296|0.008666693,0.00031382637|0.014979986|0.016090412,2.0022846e-06|0.00011906449|0.00016066495,56619264.0|59418.258|50618.383
217,2,4802.845703125,6.765167236328125,1419.875,1,0.0001059013738995418,0.9287553429603577,4802.8457|4852.722,1|1,1|1,0.6309203|0.3690797,0.00014426232|0.00019610168,0.13425158|0.2675799,0.009669294|0.0056564044,0.015476571|0.009205532,0.0001849687|0.00010782942,358408.3|450524.47
218,6,4674.916015625,6.495391845703125,1439.4561767578125,1,0.00010446077794767916,0.9673296213150024,4674.916|4688.374|4715.4897|4732.184|4756.04|4797.783,1|1|1|1|1|1,1|1|1|0|1|1,0.17961769|0.08694349|0.26639768|0.005570379|0.22981682|0.23165393,0.0009773456|0.0013475849|0.0013183162|0.0|0.0010963827|0.0007516556,0.9710949|1.1106029|1.1010664|-6.0189533|1.021009|0.8570657,0.0026764849|0.0012955457|0.0039695944|8.300428e-05|0.0034245027|0.0034518775,0.013908469|0.0065895636|0.029138006|0.00084342144|0.018811703|0.012287801,0.00010753958|5.2020034e-05|0.00015954187|3.3335632e-06|0.00013764948|0.00013883432,190126.14|272952.44|95334.21|80258840.0|132684.78|191929.64
219,4,4616.8447265625,6.442831039428711,1433.172607421875,1,0.00010491877037566155,0.9752211570739746,4616.8447|4663.217|4703.0547|4740.3267,1|1|1|1,1|1|0|1,0.07425389|0.69269645|0.011760276|0.2212894,0.00072110817|0.0010096572|0.0|0.000831494,0.8371473|0.98332083|-6.020853|0.899006,0.0009499899|0.008862225|0.0001504587|0.002831134,0.0014957858|0.018840699|0.0004912867|0.0059670033,3.368802e-05|0.00031513427|5.342837e-06|0.00010050297,310047.5|55709.414|96206230.0|207959.75
220,4,4754.6669921875,6.704901695251465,1418.2659912109375,1,0.00010602151451166719,0.937103271484375,4754.667|4767.276|4814.56|4844.627,1|1|1|1,1|1|1|1,0.15998778|0.2308749|0.36593544|0.2432019,0.0013394522|0.0012166648|0.0015995043|0.0010507436,1.1015333|1.059777|1.1785914|0.9961028,0.0028265663|0.004078957|0.006465124|0.004296743,0.0051202206|0.007762803|0.014727808|0.0063815666,6.593363e-05|9.5167205e-05|0.00015086401|0.000100265,120807.82|97846.734|47692.152|107212.07
221,4,4737.94677734375,6.410119533538818,1478.27099609375,1,0.00010171796020586044,0.9801978468894958,4737.947|4787.853|4834.505|4867.9175,1|1|1|1,1|1|1|1,0.34179538|0.2670852|0.2780093|0.113110155,0.00096680806|0.0010483571|0.0010674839|0.0012572744,0.97794265|1.0131116|1.0209638|1.0920324,0.007737294|0.0060460633|0.0062933546|0.0025604984,0.012588621|0.008507309|0.009052357|0.0032909883,0.00016871784|0.0001318178|0.00013721638|5.580012e-05,66426.984|77614.984|73331.53|126290.836
222,1,4659.31494140625,7.022647857666016,1326.939697265625,1,0.00011331842688377947,0.8947031497955322,4659.315,1,1,1.0,0.00021861162,0.2853729,0.018643202,0.0106052,0.00011592839,122615.44
223,3,4545.50146484375,6.301349639892578,1442.707275390625,1,0.00010422537889098749,0.9971174001693726,4545.5015|4572.6226|4583.2593,1|1|1,1|1|1,0.42397484|0.35258168|0.22344348,0.0012812554|0.0014525456|0.0013410454,1.0896623|1.1441563|1.10947,0.0062741907|0.0052176793|0.003306628,0.0121689085|0.011164865|0.0048154355,0.0001437509|0.000119526725|7.573575e-05,61495.71|64828.516|103135.14
224,6,4613.51318359375,6.417350769042969,1437.8248291015625,1,0.00010457930329721421,0.9790933132171631,4613.513|4659.872|4693.6167|4715.592|4752.8833|4792.4893,1|1|1|1|1|1,0|1|1|1|1|1,0.0035067548|0.083519965|0.27794075|0.067093216|0.46892405|0.09901529,0.0|0.0050398214|0.008681863|0.0028458312|0.0015420713|0.0066235852,-6.019446|1.6829695|1.9191672|1.4347634|1.1686587|1.8016474,5.5500735e-05|0.0013218545|0.004398915|0.0010618715|0.007421571|0.001567096,0.0005158727|0.010327749|0.028868496|0.006826297|0.007576332|0.01397367,3.713155e-06|8.850633e-05|0.00029483292|7.115636e-05|0.0005|0.00010504976,56894980.0|34523.95|11709.91|39336.54|41690.598|30099.963
225,1,4535.35595703125,6.689707279205322,1355.920654296875,1,0.00011089639883721247,0.9392316937446594,4535.356,1,1,1.0,8.972046e-05,-0.09202547,0.01525275,0.011351889,0.00011512696,365341.88
226,6,4818.29931640625,6.87691593170166,1401.2965087890625,1,0.00010730542271630839,0.9136632084846497,4818.2993|4840.034|4859.549|4887.25|4922.663|4950.0,1|1|1|1|1|1,1|1|1|1|1|1,0.1576911|0.069558226|0.30987185|0.18360099|0.12052473|0.1587531,0.0010251577|0.0010954145|0.0013361187|0.0011824945|0.0011073864|0.0010909655,0.9801691|1.0089569|1.0952234|1.0421774|1.0136776|1.0071894,0.0031110523|0.0013722985|0.0061133914|0.0036222225|0.002377805|0.003132004,0.0095330505|0.0025436108|0.021347223|0.012712692|0.0054044505|0.009081811,0.00011277583|4.9718896e-05|0.0002217884|0.00013135362|8.620129e-05|0.00011357313,154566.19|221736.33|60923.387|115508.44|179787.19|143751.5
227,4,4562.49560546875,6.380143642425537,1430.2171630859375,1,0.00010513557936064899,0.9848031401634216,4562.4956|4592.449|4613.989|4631.184,1|1|1|1,0|1|1|1,0.016048769|0.6834898|0.11886021|0.18160123,0.0|0.0024073124|0.0020311363|0.0017594041,-6.0217495|1.3597828|1.2859894|1.2236159,0.00031908287|0.013589199|0.002363188|0.00361061,0.0005724868|0.03210458|0.005272988|0.0071279258,4.4865365e-06|0.0001909489|3.3198845e-05|5.0725517e-05,97058680.0|15195.057|84526.3|73406.195
228,6,4812.10498046875,6.64699125289917,1447.9046630859375,1,0.00010385124915046617,0.9452675580978394,4812.105|4833.1353|4878.3267|4907.302|4930.956|4949.6006,1|1|1|1|1|1,1|1|1|1|1|1,0.1209272|0.16902931|0.09900688|0.25120395|0.15335949|0.20647319,0.0018035438|0.0020019184|0.001875777|0.00194624|0.0018038865|0.0017025599,1.239715|1.2850347|1.2567695|1.2727847|1.2397975|1.2146907,0.002412716|0.0033724396|0.001975366|0.005011972|0.0030597986|0.0041195126,0.008220045|0.013568603|0.005609934|0.020785883|0.010754434|0.012704134,8.88428e-05|0.00012422136|7.276099e-05|0.00018473757|0.000112750975|0.00015183956,108333.13|72206.74|115143.086|50749.543|87635.85|69823.56
229,5,4832.2197265625,6.895897388458252,1401.4766845703125,1,0.0001072916275006719,0.9111483097076416,4832.2197|4869.865|4888.9775|4928.6504|4948.1665,1|1|1|1|1,1|1|1|0|1,0.30777538|0.203276|0.26546136|0.013162838|0.21032445,0.0067173913|0.0035168559|0.0041525536|0.0|0.003982187,1.7966348|1.5155888|1.5877495|-6.0305657|1.5695558,0.004526259|0.002989452|0.003903973|0.00019357758|0.0030931095,0.017149061|0.0077896905|0.01108422|0.00022492465|0.009068451,0.00015384513|0.00010161863|0.00013271847|6.5910986e-06|0.000105146784,12419.765|26955.736|24192.98|81332760.0|25697.043
230,6,4745.9873046875,6.770923137664795,1401.873046875,1,0.00010726128675742075,0.9279658198356628,4745.9873|4790.8994|4824.186|4850.665|4879.269|4897.6,1|1|1|1|1|1,1|1|1|1|1|1,0.17310902|0.22329177|0.16968235|0.11439225|0.14348319|0.17604141,0.0019700178|0.0014827593|0.0015613548|0.0017865452|0.0018272559|0.0015695274,1.2640271|1.1406276|1.1630586|1.221571|1.2313564|1.1653259,0.003820371|0.0049278624|0.0037447475|0.0025245412|0.003166554|0.0038850866,0.011112779|0.011398457|0.00975305|0.006200023|0.009514801|0.009503155,0.00014258633|0.00018408777|0.00013986912|9.42652e-05|0.0001182588|0.00014513191,63911.207|67053.76|82885.73|98864.086|82534.71|79307.63
231,2,4513.03515625,6.41309928894043,1407.44287109375,1,0.0001068368146661669,0.9797424674034119,4513.035|4553.996,1|1,1|1,0.8417746|0.15822539,0.001710156|0.0018205133,1.2043148|1.231473,0.016661398|0.003131784,0.021479957|0.0037298286,0.00015809161|2.97101e-05,17431.102|47576.695
232,2,4555.91064453125,6.261378288269043,1455.2421875,1,0.00010332762030884624,1.0034828186035156,4555.9106|4599.508,1|1,0|1,0.013458565|0.98654145,0.0|0.002071111,-6.0142164|1.3019869,0.000255938|0.0187608,0.0006919902|0.01579417,2.783541e-06|0.00020402586,94786540.0|12644.382
233,4,4734.54443359375,6.395910739898682,1480.4910888671875,1,0.0001015654270304367,0.9823753833770752,4734.5444|4775.064|4794.694|4810.7236,1|1|1|1,1|1|1|1,0.14877771|0.09803598|0.17062174|0.5825646,0.00082298444|0.0009543727|0.0007066118|0.00087404397,0.9086458|0.97297215|0.842435|0.93478745,0.0024596145|0.0016207448|0.0028207432|0.009631041,0.0066970247|0.003181773|0.0052074236|0.026441528,7.482707e-05|4.929793e-05|8.585048e-05|0.00029361589,243075.14|289589.9|245966.66|59329.188
234,6,4574.005859375,6.201496124267578,1475.1297607421875,1,0.00010193456546403468,1.0131725072860718,4574.006|4596.088|4611.8843|4658.761|4689.2793|4724.222,1|1|1|1|1|1,0|1|1|1|1|0,0.012040997|0.09782943|0.094998434|0.6251493|0.16237397|0.0076078638,0.0|0.001304452|0.0015057415|0.0023337144|0.0014305793|0.0,-6.0083213|1.1071067|1.169429|1.3597262|1.1471905|-6.0083213,0.00018333999|0.0014895815|0.0014464759|0.009518718|0.002472357|0.000115839706,0.00047999938|0.0031082816|0.0040281788|0.032487787|0.008098557|0.00043237626,7.4557965e-06|6.0509206e-05|5.8762034e-05|0.00038730275|0.00010049824|4.7100757e-06,58723108.0|200682.36|192228.77|22394.258|136924.03|87943220.0
235,2,4760.19775390625,7.121423721313477,1336.866943359375,1,0.00011247694783378392,0.8822934627532959,4760.1978|4783.9443,1|1,1|1,0.2681844|0.7318156,0.00024072056|0.00016918672,0.33044985|0.177303,0.0061511598|0.016785147,0.0049811336|0.009838116,5.726337e-05|0.00015651099,336658.44|176000.05
236,5,4718.0595703125,6.746980667114258,1398.569091796875,1,0.0001075146792572923,0.9312587976455688,4718.0596|4746.0815|4762.6694|4784.193|4814.5923,1|1|1|1|1,1|1|1|1|1,0.17358136|0.22242786|0.19863576|0.24340175|0.16195329,0.003593703|0.0060666334|0.0037105752|0.0043772766|0.004906138,1.5240744|1.75148|1.5379735|1.6097362|1.659272,0.0024483914|0.0031373787|0.0028017873|0.0034332187|0.0022843755,0.00810279|0.017362326|0.008682448|0.012355729|0.011768693,8.254565e-05|0.000105783314|9.447352e-05|0.00011577063|7.702435e-05,37060.426|21815.527|33589.312|27428.64|32240.736
237,5,4630.1376953125,6.603092670440674,1402.4149169921875,1,0.00010721985017880797,0.9515519142150879,4630.1377|4659.2476|4704.228|4734.2295|4746.4453,1|1|1|1|1,1|1|1|1|0,0.36200944|0.38252172|0.112502575|0.13879801|0.0041682557,0.00043129234|0.00047105845|0.0005565139|0.0006250014|0.0,0.60449666|0.64279974|0.7152009|0.76560587|-6.0302753,0.005322306|0.00562388|0.0016540263|0.0020406249|6.12822e-05,0.020559473|0.021035748|0.0043484205|0.009259663|0.00095162005,0.00018571274|0.00019622454|5.7554436e-05|7.101413e-05|2.1308797e-06,217713.62|188632.58|533161.6|390049.4|70755370.0
238,4,4550.5576171875,6.205253601074219,1466.6790771484375,1,0.00010252188803860918,1.0125590562820435,4550.5576|4586.511|4625.851|4650.506,1|1|1|1,1|1|0|1,0.4913979|0.41709802|0.016772037|0.07473205,0.0018535261|0.0014190802|0.0|0.00083473144,1.2571821|1.1411904|-6.0108166|0.91073024,0.0066802558|0.005670194|0.00022800567|0.0010159368,0.019471448|0.012601212|0.00062265154|0.0018831766,0.0002026002|0.00017198749|6.921026e-06|3.0789604e-05,40020.41|61359.34|69245624.0|152293.72
239,5,4515.23828125,6.313162326812744,1430.4205322265625,1,0.00010512063454370946,0.9952517151832581,4515.2383|4527.41|4572.057|4582.963|4614.182,1|1|1|1|1,0|1|1|1|0,0.00946712|0.5200027|0.15923607|0.29353604|0.017758064,0.0|0.0073450427|0.00282687|0.005664898|0.0,-6.021688|1.8443063|1.4296179|1.7315041|-6.021688,0.00017424107|0.00957058|0.0029307185|0.0054024914|0.0003268348,0.00033618425|0.029873548|0.0057144295|0.014709279|0.00039608023,5.1325933e-06|0.0002817954|8.6282926e-05|0.00015906613|9.664244e-06,58506220.0|6648.082|26896.045|13340.787|95549290.0
240,5,4679.40234375,6.4732136726379395,1445.774169921875,1,0.00010400429164292291,0.9706438779830933,4679.4023|4705.5923|4733.5415|4758.546|4770.0605,1|1|1|1|1,0|1|1|1|1,0.037882917|0.43853706|0.1577704|0.21838275|0.14742686,0.0|0.00028795577|0.0019965593|0.002323529|0.0014632547,-6.017051|0.44227466|1.283231|1.3490969|1.1482687,0.00051439507|0.0059546973|0.0021422931|0.002965321|0.002001843,0.0023552377|0.005|0.012610184|0.016597511|0.008477014,4.168933e-05|0.0005|0.00017402037|0.00024097825|0.00016270186,267670.7|290493.03|113689.64|71020.18|165089.61
241,5,4777.1923828125,6.4660749435424805,1477.617431640625,1,0.00010176295472774655,0.97171550989151,4777.1924|4809.7856|4825.334|4847.065|4869.3027,1|1|1|1|1,1|1|0|1|1,0.33902937|0.081893116|0.015620609|0.38752595|0.17593096,0.00502558|0.0010537024|0.0|0.0050880625|0.004202404,1.6935965|1.0151284|-6.00759|1.6989627|1.6159081,0.005107792|0.0012337958|0.00023533896|0.005838438|0.0026505634,0.01978197|0.0031651566|0.0009006533|0.020657893|0.010264767,0.00013912452|3.360255e-05|6.4187902e-06|0.000159044|7.219597e-05,18040.303|52216.61|71145300.0|15669.437|34528.188
242,3,4798.2099609375,6.426229476928711,1493.3204345703125,1,0.00010069285781355575,0.9777405858039856,4798.21|4843.6367|4868.375,1|1|1,1|1|1,0.59985304|0.31967303|0.080473945,0.0028977164|0.0028548397|0.00045463242,1.4590572|1.4525831|0.65466183,0.007675716|0.0040905345|0.0010297442,0.018786095|0.0088811815|0.0018994103,0.00022381301|0.00011924319|3.0011013e-05,21905.168|37534.71|68322.28
243,6,4818.79296875,6.894192695617676,1397.9281005859375,1,0.00010756398114608601,0.9113736152648926,4818.793|4843.928|4861.917|4876.4087|4917.807|4950.0,1|1|1|1|1|1,1|1|1|1|1|1,0.20566937|0.09529559|0.18648817|0.2457575|0.17067282|0.09611654,0.0012972407|0.0022752932|0.0019322883|0.0018866621|0.0020718214|0.0017322047,1.0813538|1.3253706|1.254405|1.2440273|1.2846855|1.2069324,0.0031997415|0.0014825799|0.0029013262|0.0038234203|0.0026552756|0.001495352,0.009064043|0.008417983|0.012740483|0.016908593|0.017773757|0.0049288217,0.00010163026|4.707194e-05|9.214152e-05|0.0001214445|8.4326035e-05|4.748272e-05,117406.33|133773.6|86642.74|68258.37|89375.38|157939.5
244,6,4713.69482421875,6.284075736999512,1500.203125,1,0.00010023089998867363,0.9998583197593689,4713.695|4737.573|4773.1016|4796.9023|4822.745|4834.346,1|1|1|1|1|1,1|1|1|0|0|0,0.1323259|0.46198687|0.36418912|0.0077047013|0.022795755|0.010997636,0.00018252808|0.000239839|0.00019291598|0.0|0.0|0.0,0.2603283|0.37891835|0.2843668|-6.001002|-6.001002|-6.001002,0.0029259126|0.010215183|0.0080527365|0.00017036183|0.0005040464|0.00024317329,0.0057088705|0.027694818|0.022079218|0.00039740492|0.00082048273|0.00086354284,4.2058116e-05|0.00014704412|0.00011591278|2.4474373e-06|7.2555704e-06|3.494173e-06,935262.4|204066.31|321828.88|67890504.0|83292690.0|66984188.0
245,5,4837.25146484375,6.743971347808838,1434.541015625,1,0.00010481869685463607,0.9316744208335876,4837.2515|4882.0015|4915.2983|4937.223|4950.0,1|1|1|1|1,1|1|1|1|1,0.2604984|0.17914376|0.19514644|0.22841296|0.13679844,0.0012698566|0.0011337836|0.0012034583|0.0013374693|0.0011760922,1.083316|1.0340915|1.0599923|1.1058451|1.0500027,0.0052162632|0.003587204|0.0039076447|0.004573779|0.0027392746,0.012641453|0.0070428946|0.008719739|0.013582013|0.0054905075,0.00011146378|7.665149e-05|8.350298e-05|9.774109e-05|5.8530117e-05,74595.4|119147.62|103933.68|80811.29|146505.55
246,1,4623.81103515625,6.8041300773620605,1359.1190185546875,1,0.00011063543206546456,0.9234369993209839,4623.811,1,1,1.0,9.277799e-05,-0.07644879,0.013821727,0.011020124,0.00091675593,389865.5
247,1,4793.814453125,6.9000163078308105,1389.5081787109375,1,0.00010821577598107979,0.9106044173240662,4793.8145,1,1,1.0,4.10427e-05,-0.42105362,0.021157512,0.009686783,0.00013831111,575784.5
248,4,4856.94091796875,6.5210347175598145,1489.6226806640625,1,0.0001009428160614334,0.9635257720947266,4856.941|4874.5713|4902.7925|4950.0,1|1|1|1,1|1|1|1,0.18261443|0.093821235|0.38837326|0.33519107,0.00083783345|0.0010430664|0.0007474904|0.00079493097,0.91908234|1.0142366|0.86953026|0.89625406,0.003340202|0.0017160849|0.0071037374|0.006130982,0.006741439|0.0028717779|0.010970124|0.011659645,8.729201e-05|4.4830675e-05|0.0001858464|0.0001603527,175637.31|231398.14|93687.57|102073.695
249,3,4716.26416015625,6.650045394897461,1418.4156494140625,1,0.00010601033136481419,0.9448334574699402,4716.264|4740.45|4756.987,1|1|1,1|1|1,0.32887805|0.16437556|0.5067464,0.00073594606|0.0010214363|0.000945256,0.84149784|0.9838631|0.9502013,0.00483208|0.0024151076|0.007445432,0.009618153|0.006027024|0.025064489,0.00012498036|6.2423875e-05|0.00019262603,139671.2|195934.42|70930.87
250,1,4698.86279296875,7.005957126617432,1341.390625,1,0.0001120976303354837,0.896834671497345,4698.863,1,1,1.0,6.382616e-05,-0.24459702,0.022267308,0.010656079,0.00013662904,351790.47
251,1,4819.93896484375,6.583034992218018,1464.3515625,1,0.00010268484038533643,0.9544511437416077,4819.939,1,1,1.0,0.0005876083,0.75758165,0.017014582,0.013944007,0.00012774004,49912.695
252,6,4555.48828125,6.360208988189697,1432.4964599609375,1,0.0001049682978191413,0.9878897666931152,4555.4883|4595.0386|4643.46|4664.2812|4707.347|4731.4287,1|1|1|1|1|1,1|1|1|1|1|1,0.5101617|0.05776306|0.19070067|0.1417616|0.05693351|0.042679463,0.0003226224|0.0017744112|0.0023581155|0.0019667996|0.0019686401|0.0016991731,0.48763648|1.2279961|1.351507|1.272702|1.2731082|1.2091795,0.00869489|0.0009844789|0.0032501877|0.0024160997|0.0009703406|0.00072740315,0.010160644|0.0048201783|0.027328797|0.0199781|0.0060773934|0.003558088,0.0006971331|7.5802855e-05|0.000250675|0.00018631175|7.473984e-05|5.601426e-05,178042.28|238470.52|64733.777|104159.87|229632.28|253824.84
253,4,4751.017578125,6.41071081161499,1482.21240234375,1,0.00010144747648155317,0.9801074266433716,4751.0176|4798.7964|4817.106|4854.422,1|1|1|1,1|0|1|1,0.20830604|0.009784521|0.09891203|0.6829974,0.0025058892|0.0|0.0010826257|0.005509326,1.3927207|-6.0062413|1.0282371|1.7348572,0.0028410503|0.0001334494|0.0013490441|0.009315284,0.005196969|0.0007967081|0.0030606564|0.02839485,8.114135e-05|3.8134997e-06|3.853043e-05|0.0002661486,41376.03|83161900.0|52682.188|9344.276
254,6,4733.8623046875,6.577049732208252,1439.5093994140625,1,0.00010445691441418603,0.9553197026252747,4733.8623|4756.1123|4767.0537|4787.2495|4804.0977|4834.371,1|1|1|1|1|1,1|1|1|1|1|1,0.08261045|0.13013317|0.12302291|0.29846713|0.27131328|0.09445306,0.0014695682|0.0020738493|0.0021707406|0.0028316455|0.0035975208|0.0019574936,1.1482526|1.29784|1.3176707|1.4331017|1.5370661|1.2727631,0.0011129042|0.0017531166|0.0016573292|0.004020863|0.0036550541|0.0012724444,0.003111492|0.005854343|0.005353999|0.016236076|0.022991823|0.0041497406,4.3739674e-05|6.891894e-05|6.515293e-05|0.00015812456|0.00014371933|5.002169e-05,129987.85|114877.67|106214.62|42397.33|36975.496|116131.15
255,1,4535.0859375,6.691226482391357,1355.5321044921875,1,0.00011092818022007123,0.9390184879302979,4535.086,1,1,1.0,0.000273595,0.39206645,0.02208248,0.007029873,0.00015218413,82616.08
256,5,4820.5439453125,6.528132438659668,1476.852294921875,1,0.0001018156690406613,0.9624782204627991,4820.544|4844.414|4887.9985|4928.085|4950.0,1|1|1|1|1,1|1|1|1|1,0.10230246|0.68642837|0.048591036|0.11645407|0.046224073,0.0015458596|0.00027675022|0.0014446081|0.0020689021|0.0018288105,1.1813555|0.43427348|1.1519355|1.3079253|1.2543541,0.0019203908|0.012885425|0.0009121362|0.0021860404|0.0008677043,0.009912425|0.012|0.0034100807|0.01940322|0.004801386,0.00010988722|0.0007666685|5.2187785e-05|0.00012513692|4.964374e-05,163872.95|140124.2|279666.03|109177.1|253793.98
257,6,4530.80859375,6.4801130294799805,1398.3734130859375,1,0.00010752973321359605,0.9696104526519775,4530.8086|4550.6934|4587.184|4603.431|4621.195|4666.3647,1|1|1|1|1|1,1|0|1|1|1|1,0.080619514|0.014865775|0.31632397|0.083029695|0.22304617|0.28211486,0.00048609427|0.0|0.00046176466|0.000537115|0.00031305818|0.000332031,0.655192|-6.0315285|0.63289225|0.6985388|0.46409664|0.4896502,0.0010048017|0.00018527967|0.003942506|0.0010348412|0.0027799373|0.0035161404,0.0037978983|0.000459472|0.018667499|0.005287115|0.012029492|0.015611494,4.0350104e-05|7.4526274e-06|0.00015877617|4.1565694e-05|0.00011197762|0.00014173362,1005502.44|85835650.0|274468.22|889556.7|574109.2|428069.5
258,6,4798.32568359375,6.467295169830322,1483.8740234375,1,0.00010133387695532292,0.9715321660041809,4798.3257|4808.703|4841.4966|4876.841|4923.451|4950.0,1|1|1|1|1|1,1|1|1|1|0|1,0.32187867|0.25502077|0.21872082|0.10261628|0.019220766|0.0825427,0.001905007|0.002435261|0.0020619205|0.0016110654|0.0|0.0019099994,1.2741419|1.3807908|1.3085172|1.2013586|-6.0057545|1.2752786,0.0055874344|0.00442686|0.0037967355|0.0017812976|0.00033364983|0.001432844,0.015985394|0.019314457|0.014444755|0.0037834775|0.0005523619|0.0041865488,0.00014233652|0.00011275329|9.670653e-05|4.536443e-05|8.520699e-06|3.6488593e-05,46255.938|45584.543|62457.918|129025.83|80279580.0|122711.33
259,1,4509.08837890625,6.815823554992676,1323.1236572265625,1,0.00011364524834789336,0.921852707862854,4509.0884,1,1,1.0,4.324362e-05,-0.41962823,0.019146878,0.0125079965,0.00011926361,603870.5
260,1,4669.443359375,7.157119274139404,1304.8387451171875,1,0.00011523777357069775,0.8778930306434631,4669.4434,1,1,1.0,0.00022698421,0.294401,0.016782388,0.010896942,0.00013742456,131182.31
261,3,4652.9130859375,6.391358852386475,1456.001220703125,1,0.00010327375639462844,0.9830750226974487,4652.913|4691.3696|4703.294,1|1|1,1|1|0,0.14796813|0.8337872|0.018244673,0.00046435298|0.00035443428|0.0,0.6528584|0.5355459|-6.01399,0.0024359077|0.013726123|0.00030035074,0.0030194926|0.026612155|0.0009067049,4.0556595e-05|0.00022907699|5.004107e-06,430935.75|102755.78|79538690.0
262,5,4757.984375,6.36847448348999,1494.23046875,1,0.00010063154331874102,0.986607551574707,4757.9844|4782.4|4803.949|4822.066|4868.541,1|1|1|1|1,1|1|1|1|1,0.2258161|0.18494458|0.27528387|0.20014924|0.1138062,0.0023503304|0.0024819155|0.0024962225|0.0025747705|0.0022747773,1.3683949|1.3920529|1.3945493|1.4080044|1.3542048,0.003091908|0.0025322891|0.0037692282|0.0027404735|0.0015582517,0.011112776|0.010423866|0.018178577|0.011905474|0.00578039,0.00014323382|0.00011730558|0.00017466523|0.00012696293|7.2174545e-05,65477.426|74610.2|52089.715|67270.5|113039.51
263,3,4610.95751953125,6.611091613769531,1394.9156494140625,1,0.00010779628064483404,0.9504005908966064,4610.9575|4635.878|4652.8105,1|1|1,0|1|1,0.010067261|0.36472562|0.6252071,0.0|0.001520609|0.00014191972,-6.0326037|1.1494138|0.11943929,0.00016887648|0.0061182063|0.010487736,0.0008844844|0.037757475|0.005,7.745299e-06|0.0002807365|0.0005,64554908.0|53646.707|335602.4
264,1,4688.72900390625,6.3771562576293945,1470.4764404296875,1,0.00010225713776890188,0.9852644205093384,4688.729,1,1,1.0,0.0008054043,0.89632034,0.012941325,0.007392908,0.00011198055,47376.633
265,4,4517.890625,6.475755214691162,1395.32470703125,1,0.00010776467388495803,0.9702629446983337,4517.8906|4558.7812|4590.801|4640.121,1|1|1|1,1|1|0|1,0.39333785|0.2917798|0.019859653|0.29502273,0.0019990315|0.0020358365|0.0|0.0023278526,1.2683432|1.2762665|-6.0324764|1.3344791,0.007718582|0.005725679|0.0003897117|0.0057893163,0.01654159|0.01282818|0.00042040867|0.014869251,0.00017728544|0.00013150088|8.977604e-06|0.00013296123,31893.785|41713.473|84041130.0|36108.035
266,3,4878.76904296875,6.725936412811279,1450.7330322265625,1,0.00010364878107793629,0.9341725707054138,4878.769|4913.279|4950.0,1|1|1,1|1|1,0.52157384|0.15268373|0.32574245,0.00013701267|0.00020094018|0.00013137086,0.12119684|0.28750277|0.10293517,0.01151101|0.0033696936|0.0071890582,0.015002309|0.0039961427|0.009573427,0.00021738277|6.325925e-05|0.00013541616,316995.94|736283.9|529302.94
267,2,4512.27392578125,7.105714797973633,1270.0408935546875,1,0.00011839517537737265,0.8842439651489258,4512.274|4537.5723,1|1,1|1,0.055546507|0.9444535,0.0018585331|0.00022499324,1.1958363|0.27883565,0.0011338849|0.019279368,0.007718601|0.010605931,6.407699e-05|0.0011728324,218109.31|115190.83
268,4,4558.27685546875,6.223310470581055,1464.9041748046875,1,0.00010264610318699852,1.009621024131775,4558.277|4592.9287|4616.991|4656.8423,1|1|1|1,1|1|0|1,0.46225137|0.3809224|0.0137324445|0.14309376,0.005274519|0.004294494|0.0|0.00286808,1.7108403|1.6215695|-6.0113425|1.4462488,0.010012236|0.008250674|0.00029744094|0.0030993712,0.025427055|0.016176496|0.00085599197|0.0057233186,0.00024260412|0.00019993009|7.2163434e-06|7.509018e-05,9049.582|13056.324|56622570.0|24725.838
269,4,4681.69189453125,6.58104133605957,1422.781494140625,1,0.00010568503057584167,0.9547402858734131,4681.692|4716.7104|4747.4854|4793.776,1|1|1|1,1|1|1|1,0.22110486|0.17242311|0.33057058|0.27590147,0.0032171851|0.0034862584|0.003292879|0.0035915154,1.4834626|1.5183461|1.4935623|1.5312643,0.003651058|0.0028471865|0.0054586423|0.004555903,0.00887212|0.008170577|0.013987867|0.01352163,7.48595e-05|5.837817e-05|0.00011193717|9.342224e-05,35124.43|36478.613|26007.578|27973.373
270,4,4833.4208984375,6.545092582702637,1476.9603271484375,1,0.000101808225736022,0.9599841833114624,4833.421|4857.45|4883.852|4921.6895,1|1|1|1,1|1|0|1,0.087957315|0.7175216|0.012604938|0.18191615,0.0007420907|0.0041052573|0.0|0.0030631765,0.8626742|1.6055576|-6.007783|1.4783891,0.0017589207|0.014348592|0.00025206644|0.0036378563,0.002415552|0.02951673|0.0007226914|0.006816089,4.1443276e-05|0.00033825578|5.9452095e-06|8.572914e-05,44343.57|8306.043|54819676.0|30312.297
271,3,4853.46875,6.493656158447266,1494.833984375,1,0.00010059091437142342,0.9675882458686829,4853.4688|4882.4033|4900.341,1|1|1,1|1|1,0.11680967|0.46739727|0.41579306,0.0006942056|0.00025149746|0.00039742823,0.8389294|0.39797506|0.5967001,0.0018494914|0.0074004764|0.0065834075,0.006085471|0.011094663|0.013271291,3.979727e-05|0.00015974803|0.0001418993,383936.44|268495.2|190916.02
272,4,4746.23486328125,6.51704740524292,1456.5599365234375,1,0.00010323414608137682,0.9641153216362,4746.235|4766.285|4778.019|4820.85,1|1|1|1,1|1|1|0,0.6943153|0.16989335|0.12559655|0.010194785,0.0005220338|0.00048135387|0.0005249018|0.0,0.7038753|0.6686412|0.7062548|-6.0138235,0.0123409545|0.003019732|0.0022323881|0.00018120496,0.023437455|0.005767821|0.0028611582|0.00033249374,0.00036238474|8.834284e-05|6.5279244e-05|5.300118e-06,77569.02|341379.2|410617.22|80369270.0
273,2,4533.78955078125,6.250332355499268,1450.7354736328125,1,0.00010364860645495355,1.005256175994873,4533.7896|4550.8457,1|1,1|1,0.44469184|0.55530816,0.00050364743|0.000496568,0.68656325|0.6804154,0.0067937593|0.008483695,0.009508483|0.011321972,0.00010749189|0.00013426146,145720.4|118461.0
274,2,4758.11181640625,6.429275035858154,1480.139404296875,1,0.00010158956138184294,0.977277398109436,4758.112|4769.2134,1|1,1|1,0.0887009|0.9112991,0.00073568913|0.0010225801,0.85984534|1.0028483,0.0011986532|0.012314774,0.0017753906|0.022481905,1.5758125e-05|0.00016197898,133246.23|39618.81
275,4,4651.15234375,6.253210544586182,1487.6046142578125,1,0.00010107975685968995,1.0047935247421265,4651.1523|4696.408|4731.825|4766.7666,1|1|1|1,1|0|1|1,0.58942586|0.012819459|0.24745995|0.15029472,0.0010924435|0.0|0.0006198738|0.00095798186,1.0337348|-6.0046644|0.7876392|0.97669315,0.00807316|0.00017558364|0.0033893723|0.0020585342,0.027238207|0.00089504133|0.006902762|0.006511268,0.00016723447|3.6361246e-06|7.01973e-05|4.261919e-05,56602.125|73287570.0|236065.28|247984.36
276,1,4706.7373046875,6.713205337524414,1402.232421875,1,0.00010723379818955436,0.935944139957428,4706.7373,1,1,1.0,2.7995127e-05,-0.58324766,0.021054093,0.008054455,0.00061146286,848287.6
277,6,4613.95458984375,6.390142440795898,1444.0850830078125,1,0.00010412593837827444,0.9832621812820435,4613.9546|4642.184|4670.5024|4682.3257|4709.5347|4745.1772,1|1|1|1|1|1,0|1|1|1|1|0,0.016699862|0.10134734|0.08431566|0.12042873|0.66981447|0.0073939683,0.0|0.00023842951|0.00024944055|0.00019083191|0.0002568909|0.0,-6.017559|0.35980126|0.37940827|0.2630923|0.39218995|-6.017559,0.00030262163|0.001836536|0.0015279014|0.0021823137|0.012137845|0.00013398762,0.0009963273|0.007136877|0.0043834676|0.0062417327|0.055997152|0.0007336758,9.720927e-06|5.895169e-05|4.903189e-05|7.01328e-05|0.00039376508|4.295723e-06,61051108.0|1140529.0|1307498.1|1199440.9|160350.39|52136196.0
278,3,4738.8408203125,6.37925386428833,1485.7037353515625,1,0.00010120907973032445,0.9849404692649841,4738.841|4786.842|4816.1724,1|1|1,1|1|1,0.21555053|0.26512015|0.5193293,0.0004737596|0.0004223854|0.00042083932,0.67033863|0.62048954|0.61889696,0.0028934604|0.0035588623|0.00697126,0.009778763|0.010821525|0.018690076,7.044891e-05|8.6685286e-05|0.00017001166,363863.0|332096.72|170339.02
279,6,4649.96240234375,6.42010498046875,1448.562744140625,1,0.00010380407184129581,0.9786733388900757,4649.9624|4691.276|4735.5654|4775.9683|4814.0977|4824.5034,1|1|1|1|1|1,1|1|1|1|1|1,0.4664731|0.12936273|0.049251825|0.07775991|0.13582173|0.14133069,0.00032843935|0.0021468848|0.0024442067|0.0020827588|0.0024758086|0.0029524046,0.5002409|1.3155943|1.3719236|1.3024247|1.3775027|1.4539615,0.008853708|0.0024553183|0.00093480485|0.0014758912|0.0025779107|0.0026824714,0.005|0.017196657|0.0056401896|0.0073566786|0.017834842|0.020771736,0.0005|0.0001359404|5.1731196e-05|8.170693e-05|0.000142767|0.00014854354,171133.61|93281.34|160209.6|147649.73|76728.52|61770.535
280,1,4737.4814453125,6.342324256896973,1493.926025390625,1,0.00010065204696729779,0.9906755089759827,4737.4814,1,1,1.0,0.0011819219,1.0697662,0.017934926,0.011486366,0.00078905554,23326.477
281,1,4543.8447265625,7.139807224273682,1272.8199462890625,1,0.00011813666787929833,0.8800216913223267,4543.8447,1,1,1.0,2.419805e-05,-0.68860257,0.016569352,0.01038889,0.00010266222,1247041.9
282,4,4871.63623046875,6.6139750480651855,1473.1341552734375,1,0.00010207265586359426,0.9499862194061279,4871.636|4882.9585|4915.8667|4929.198,1|1|1|1,1|0|1|0,0.3095036|0.0077237054|0.6555597|0.027212976,5.9534515e-05|0.0|0.000100141755|0.0,-0.23413986|-6.008909|-0.008293772|-6.008909,0.0064531467|0.00016103919|0.013668415|0.0005673903,0.008091054|0.0006422896|0.025733197|0.00097339455,0.00011226419|2.7799042e-06|0.00023830745|9.817965e-06,1301377.1|92236504.0|365282.78|56462556.0
283,2,4608.5751953125,6.294319152832031,1464.360107421875,1,0.00010268424375681207,0.9982311129570007,4608.575|4633.2837,1|1,1|1,0.9043045|0.095695496,0.00045345788|0.0032731853,0.64503324|1.5034668,0.011912033|0.0012605576,0.010524313|0.008714942,0.0008645532|8.8520246e-05,92380.375|100479.336
284,1,4670.89794921875,7.114957809448242,1312.979736328125,1,0.0001145232527051121,0.8830952048301697,4670.898,1,1,1.0,0.0001156532,0.0042643743,0.019141987,0.012,0.00069595093,225822.88
285,3,4706.23193359375,6.599096298217773,1426.326171875,1,0.00010542238305788487,0.9521281719207764,4706.232|4738.7056|4762.35,1|1|1,1|1|1,0.26578882|0.22741519|0.506796,0.0003807529|0.00044816776|0.0005577996,0.55771047|0.62850785|0.72354543,0.005801774|0.0049641347|0.011062602,0.0062481957|0.0073403637|0.02786467,7.761188e-05|6.6396286e-05|0.00014802424,225410.19|223813.94|80991.99
286,4,4507.1201171875,6.432103633880615,1401.445068359375,1,0.0001072940431185998,0.9768476486206055,4507.12|4545.391|4569.759|4594.6187,1|1|1|1,1|1|1|1,0.3492157|0.16349952|0.33518097|0.15210383,0.00079413404|0.00060882606|0.0004968292|0.0006322857,0.86931825|0.7539177|0.6656316|0.7703378,0.0044197524|0.0020692868|0.004242126|0.0019250603,0.024292557|0.0057724165|0.015450115|0.00567741,0.00017852512|8.351647e-05|0.00017157939|7.7687015e-05,142294.73|392182.38|236976.16|405359.03
287,5,4507.70849609375,6.195498943328857,1455.156005859375,1,0.00010333373938919976,1.014153242111206,4507.7085|4534.3325|4575.8613|4591.8096|4620.2075,1|1|1|1|1,0|1|1|1|1,0.008532646|0.406449|0.15060672|0.11044586|0.3239658,0.0|0.0047964356|0.0032821123|0.0010661128|0.0031027393,-6.014242|1.6666765|1.5019113|1.013561|1.4775032,0.00015094769|0.007190329|0.0026643241|0.001953854|0.005731151,0.00035639462|0.017586993|0.007057669|0.002532721|0.011100137,4.9272307e-06|0.00023462826|8.692937e-05|6.374734e-05|0.00018705544,72232750.0|13359.24|39980.81|53057.676|25786.855
288,4,4569.42578125,6.248228549957275,1462.630859375,1,0.00010280565038556233,1.0055946111679077,4569.426|4596.7754|4643.093|4672.6904,1|1|1|1,1|1|1|0,0.18421362|0.5107345|0.29775542|0.0072964816,0.0024261172|0.005935484|0.0036547494|0.0,1.3728948|1.7614392|1.5508406|-6.012017,0.0027048942|0.007499352|0.0043720813|0.00010713764,0.0048455107|0.024727995|0.011111498|0.00086659164,7.174564e-05|0.0001989474|0.0001159841|2.8424797e-06,41569.586|10551.246|27477.797|71469620.0
289,1,4668.64599609375,7.038806915283203,1326.544677734375,1,0.00011335216549923643,0.8926491737365723,4668.646,1,1,1.0,0.00016476658,0.16243958,0.022055164,0.009236014,0.001073637,137527.48
290,2,4627.5869140625,6.870379447937012,1347.1124267578125,1,0.00011162149894516915,0.914532482624054,4627.587|4669.63,1|1,1|1,0.9568871|0.043112863,0.00021029278|1.7279528e-05,0.27507672|-0.81021345,0.012116971|0.00054593413,0.014788028|0.0007251337,0.00017222115|7.7493e-06,196176.02|52966560.0
291,3,4889.37060546875,6.859270095825195,1425.6241455078125,1,0.00010547429701546207,0.9160136580467224,4889.3706|4910.1074|4935.6895,1|1|1,1|1|1,0.298123|0.4711935|0.2306835,0.0018193645|0.0023439042|0.0025844327,1.2367731|1.3467933|1.3892186,0.003932814|0.0062159463|0.003043158,0.007465618|0.016327262|0.008883927,9.601523e-05|0.00015177211|7.428666e-05,64519.273|33452.727|56336.312
292,5,4529.2529296875,6.292362689971924,1439.603271484375,1,0.00010445010411785915,0.998541533946991,4529.253|4559.236|4590.095|4606.5684|4645.4697,1|1|1|1|1,1|1|1|1|1,0.38289654|0.11337874|0.2747363|0.09169932|0.1372891,0.0003729683|0.00036602005|0.0002646377|0.0004149336|0.00029313262,0.55276316|0.5445961|0.403743|0.59906983|0.44815543,0.0050602932|0.0014983935|0.0036308665|0.0012118821|0.0018143887,0.018091649|0.0034118535|0.012510838|0.0029925094|0.003607734,0.00016888508|4.9878567e-05|0.000121193254|4.0329378e-05|6.0434977e-05,264810.84|901002.25|520129.5|974742.7|933815.56
293,2,4578.1103515625,6.824897766113281,1341.5909423828125,1,0.00011208089563297108,0.9206270575523376,4578.1104|4598.1035,1|1,1|1,0.7774224|0.22257759,7.379043e-05|9.071588e-05,-0.18153098|-0.09184778,0.01317689|0.0037725698,0.01621702|0.002484931,0.000105498555|3.013834e-05,514216.97|1458693.2
294,3,4581.50634765625,6.212289333343506,1474.981689453125,1,0.00010194480273639783,1.011412262916565,4581.5063|4602.8687|4638.3857,1|1|1,1|1|1,0.3833735|0.1946462|0.4219803,0.0005232241|0.00068604806|0.00056000316,0.71032274|0.8279895|0.7398255,0.0086281495|0.004380679|0.009497029,0.008163261|0.005343709|0.010651677,0.00014894435|7.55667e-05|0.00016395668,110307.63|163641.77|93758.48
295,3,4620.86767578125,6.568120002746582,1407.0594482421875,1,0.00010686592577258125,0.9566185474395752,4620.8677|4665.636|4689.9966,1|1|1,1|0|1,0.8232498|0.03109885|0.14565136,0.00036906698|0.0|0.0003984693,0.53826606|-6.028839|0.57155573,0.013915955|0.00052568514|0.0024620444,0.03207608|0.0005702569|0.0033469624,0.0001944792|7.3516426e-06|3.4354816e-05,97339.414|93599496.0|501633.66
296,4,4868.73974609375,6.750148773193359,1442.5577392578125,1,0.00010423618368804455,0.9308217167854309,4868.7397|4913.836|4934.8647|4950.0,1|1|1|1,1|0|1|1,0.59429413|0.0030152819|0.09566752|0.30702308,0.00012669056|0.0|0.0013392689|0.0015128196,0.0847261|-6.0180187|1.1088493|1.1617687,0.013512444|6.855836e-05|0.002175189|0.0069807726,0.005|0.0008509427|0.0099610705|0.032167174,0.0005|2.449783e-06|7.775453e-05|0.0002497812,291840.9|60384110.0|167972.1|47224.043
297,4,4847.197265625,6.904318332672119,1404.10595703125,1,0.00010709071648307145,0.9100370407104492,4847.1973|4895.686|4914.036|4950.0,1|1|1|1,1|1|1|1,0.46608645|0.15424372|0.13228475|0.24738508,0.00034375966|0.00037133452|0.00036558844|0.00031703492,0.5065032|0.5400136|0.53324074|0.47135544,0.005805352|0.0019211867|0.0016476762|0.0030813112,0.014492073|0.0045389268|0.003049692|0.008216661,0.00019875831|6.555414e-05|5.6210552e-05|0.00010528172,250373.44|695138.4|815352.7|510904.9
298,3,4878.380859375,6.896894454956055,1414.66015625,1,0.00010629175812937319,0.911016583442688,4878.381|4889.2817|4903.86,1|1|1,1|1|1,0.08564219|0.06268559|0.85167223,0.00118918|0.0012109183|0.00023856534,1.048748|1.0566154|0.35110793,0.001479029|0.0010825716|0.014708264,0.0152271325|0.0064501334|0.012,9.202539e-05|6.734799e-05|0.0009743455,282169.97|364437.22|142418.47
299,5,4805.8564453125,6.860827922821045,1400.9552001953125,1,0.00010733156523201615,0.9158056974411011,4805.8564|4849.3755|4891.8877|4910.912|4927.037,1|1|1|1|1,1|1|1|1|1,0.21436796|0.2571415|0.090731464|0.3578979|0.07986116,0.000581912|0.00063064904|0.00062789576|0.00039934544|0.00070443377,0.7341299|0.7690604|0.7671602|0.5706214|0.8171128,0.0042159176|0.0050571333|0.0017843916|0.0070386827|0.001570608,0.0103179645|0.011509107|0.0026360503|0.011745103|0.0025939664,9.8223536e-05|0.000117848336|4.1554293e-05|0.00016425077|3.6573318e-05,203030.3|156210.88|413675.4|177634.42|407869.1
300,1,4685.361328125,6.712178707122803,1396.07763671875,1,0.00010770655353553593,0.9360873103141785,4685.3613,1,1,1.0,0.000113168855,0.021485176,0.021439414,0.01058637,0.00015283632,206050.3
301,5,4769.8681640625,6.717939376831055,1420.0390625,1,0.00010588913573883474,0.9352846145629883,4769.868|4802.6055|4817.2065|4829.024|4870.6367,1|1|1|1|1,1|1|1|0|0,0.15590326|0.26393822|0.54583997|0.012452141|0.021866433,0.000835747|0.00070741796|0.0011585616|0.0|0.0,0.8972235|0.82482475|1.0390677|-6.0248513|-6.0248513,0.002620368|0.0044361823|0.009174289|0.00020929128|0.00036752343,0.006397906|0.0120218275|0.030735543|0.0005535817|0.0006691078,6.567298e-05|0.00011124669|0.00023012933|5.2483388e-06|9.233581e-06,223765.67|158690.78|46964.484|68704536.0|66349456.0
302,2,4520.705078125,7.042699813842773,1283.7989501953125,1,0.0001171263720607385,0.8921557664871216,4520.705|4565.8037,1|1,0|1,0.021671822|0.97832817,0.0|6.4039676e-05,-6.0686545|-0.2622049,0.0004454903|0.020110708,0.00031875444|0.018874438,2.6143334e-06|0.000118304815,87605340.0|388228.3
303,4,4868.83984375,6.577022075653076,1480.560546875,1,0.0001015606612781994,0.9553237557411194,4868.84|4904.8896|4923.314|4945.472,1|1|1|1,1|1|1|1,0.13532221|0.7174355|0.08642435|0.06081794,0.00039494882|6.1353414e-05|0.00041420304|0.00044533543,0.58981544|-0.21888606|0.6104879|0.6419618,0.0030662615|0.016256347|0.0019582864|0.0013780717,0.023018546|0.012|0.011600515|0.0061305054,0.00014371083|0.0009002309|9.168538e-05|6.446228e-05,412741.97|501292.03|615558.6|809970.5
304,2,4677.36572265625,7.0417656898498535,1328.4638671875,1,0.00011318840552121401,0.8922741413116455,4677.3657|4708.085,1|1,1|0,0.97447234|0.025527641,8.147358e-05|0.0,-0.1427846|-6.053802,0.020792518|0.00054468855,0.012|0.0009813628,0.00069673243|1.7072489e-05,295132.72|1004445.0
305,1,4691.60107421875,6.697967529296875,1400.9029541015625,1,0.00010733556700870395,0.938073456287384,4691.601,1,1,1.0,0.0005294535,0.69308424,0.021425936,0.010651962,0.00012611604,43951.84
306,2,4549.36669921875,6.341135025024414,1434.87451171875,1,0.00010479432967258617,0.9908612966537476,4549.3667|4599.3477,1|1,1|0,0.99141604|0.008583948,0.0011318126|0.0,1.0334368|-6.0203376,0.015870403|0.00013741024,0.025082093|0.0007857273,0.00022538826|1.9504432e-06,27778.113|93299704.0
307,1,4736.95751953125,6.801216125488281,1392.9736328125,1,0.00010794655827339739,0.9238326549530029,4736.9575,1,1,1.0,7.066469e-05,-0.18400572,0.0134274475,0.011084436,0.00017491243,526930.2
308,5,4815.51123046875,6.540060997009277,1472.61962890625,1,0.00010210831533186138,0.9607227444648743,4815.511|4841.9883|4886.054|4905.8496|4926.529,1|1|1|1|1,0|1|1|0|1,0.0015295872|0.74293536|0.13355474|0.0048397826|0.1171405,0.0|0.00011943698|0.0010246355|0.0|0.0007449668,-6.0090613|0.06807807|1.0015084|-6.0090613|0.86307585,3.2025182e-05|0.015554943|0.0027962544|0.000101331214|0.0024525872,0.00041033127|0.012|0.017236251|0.00047122556|0.011738054,2.0984303e-06|0.0012021621|0.00018393344|6.6540792e-06|0.00016142931,85122480.0|269090.28|173836.77|54997736.0|272450.28
309,3,4678.11083984375,6.373362064361572,1468.019775390625,1,0.00010242826101602986,0.985850989818573,4678.111|4724.7764|4747.2314,1|1|1,1|1|1,0.26026416|0.2938206|0.44591525,0.001318646|0.001697981|0.0015043541,1.1097084|1.219513|1.1669303,0.005953894|0.006721543|0.010200914,0.004759394|0.008379807|0.011581379,9.639321e-05|0.00010882677|0.00016519357,58176.465|41872.215|32005.918
310,4,4571.39794921875,6.305272102355957,1450.0240478515625,1,0.00010369945812271908,0.9964970946311951,4571.398|4615.3813|4635.5845|4674.2095,1|1|1|1,1|1|1|1,0.5575004|0.21062483|0.114254095|0.11762065,0.0024018227|0.0016067894|0.0016664715|0.0016508977,1.3647645|1.1901824|1.2060214|1.2019436,0.009689508|0.0036607161|0.001985767|0.0020442784,0.023708006|0.0073168436|0.0035017075|0.0035333785,0.00018024447|6.8087276e-05|3.692981e-05|3.8018217e-05,21260.045|80652.555|97910.09|99798.31
311,6,4767.4951171875,6.414303302764893,1486.52001953125,1,0.00010115350596606731,0.9795584678649902,4767.495|4815.1807|4860.6196|4892.938|4921.9575|4950.0,1|1|1|1|1|1,1|1|1|1|1|1,0.079494625|0.13821617|0.16970466|0.09680682|0.40171623|0.11406149,0.00021027222|0.00016564188|0.00014297062|0.00019198772|0.00017535414|0.00016268503,0.31780115|0.21418947|0.15026614|0.27829275|0.23893535|0.20636693,0.0017359328|0.0030182416|0.0037058592|0.0021139812|0.008772321|0.002490773,0.00527404|0.009684362|0.008133341|0.005664649|0.023599317|0.006468078,4.9480794e-05|8.623376e-05|0.00010606928|6.0328395e-05|0.0002523723|7.1148315e-05,1367513.2|999798.3|943393.56|1230473.5|325022.88|1233104.4
312,3,4564.17919921875,6.381264686584473,1430.49365234375,1,0.00010511525761103258,0.9846301078796387,4564.179|4599.3926|4634.4634,1|1|1,1|1|1,0.22351906|0.42808548|0.34839544,0.0027083184|0.003015473|0.0028384181,1.411034|1.4576898|1.4314107,0.004515318|0.008647773|0.0070379516,0.007200677|0.019044193|0.01313974,6.91191e-05|0.00013239404|0.00010774643,33632.984|18664.342|23759.824
313,4,4601.08935546875,6.23017692565918,1477.033203125,1,0.0001018031980493106,1.008508324623108,4601.0894|4641.1655|4674.283|4716.53,1|1|1|1,1|0|1|1,0.22046643|0.005388826|0.103162736|0.670982,0.0006315595|0.0|0.0011517631|0.001022534,0.7926529|-6.0077615|1.0536017|1.0019164,0.0047237664|0.00011546227|0.0022103896|0.014376621,0.008150255|0.000489698|0.0054765847|0.028396813,6.324526e-05|1.5455348e-06|2.9589059e-05|0.00019256216,166601.39|50423076.0|187448.7|33968.785
314,1,4530.35205078125,6.8102946281433105,1330.4423828125,1,0.0001130200907937251,0.9226011037826538,4530.352,1,1,1.0,0.0001942314,0.235164,0.019686313,0.008313711,0.0006949559,130674.195
315,2,4754.3349609375,6.71802282333374,1415.3970947265625,1,0.00010623641719575971,0.9352729916572571,4754.335|4796.2837,1|1,1|1,0.6443815|0.35561848,0.0015653289|0.0012926402,1.1683322|1.0852044,0.010761623|0.005939078,0.016750801|0.0066393,0.000114242765|6.304372e-05,29382.105|62171.562
316,1,4675.2685546875,7.052783489227295,1325.7938232421875,1,0.00011341635399730876,0.8908802270889282,4675.2686,1,1,1.0,9.317014e-05,-0.08539844,0.016001623,0.010395702,0.00013587304,335339.7
317,3,4576.88720703125,6.31974983215332,1448.4393310546875,1,0.00010381291212979704,0.9942142367362976,4576.887|4608.805|4633.0015,1|1|1,0|1|1,0.019765751|0.6464456|0.3337887,0.0|0.0015992022|0.0019608636,-6.0162516|1.187652|1.276196,0.00032310392|0.010567223|0.005456329,0.0005624209|0.018048733|0.013809205,7.473277e-06|0.00024405301|0.00012595215,87912790.0|29350.023|45758.566
318,4,4788.5888671875,6.404123306274414,1495.4705810546875,1,0.00010054808808490634,0.9811156392097473,4788.589|4823.861|4856.082|4896.9897,1|1|1|1,1|1|1|1,0.33324972|0.13534373|0.12331208|0.40809447,0.00016980396|0.00022311609|0.00024856642|0.00024145306,0.22757423|0.34615725|0.39306882|0.38045907,0.006073427|0.0024666195|0.0022473445|0.007437461,0.011618173|0.003940684|0.0040968717|0.018174008,0.00011049263|4.4784665e-05|4.0797542e-05|0.00013526235,484720.53|905483.9|891630.6|278376.47
319,3,4662.54248046875,6.9013895988464355,1351.189453125,1,0.00011128470214316621,0.910423219203949,4662.5425|4676.7754|4706.8477,1|1|1,1|1|0,0.61566556|0.36164573|0.022688737,7.627787e-05|8.8142595e-05|0.0,-0.1640363|-0.10124912|-6.0464354,0.011738795|0.0068954406|0.00043260248,0.013146644|0.010637925|0.0007957529,0.0001484879|8.6960135e-05|5.44529e-06,558380.25|822594.75|80920120.0
320,1,4704.15283203125,6.923145294189453,1358.964111328125,1,0.00011064804130000994,0.907562255859375,4704.153,1,1,1.0,0.00012593681,0.05620932,0.022710284,0.010439927,0.0007610543,174787.44
321,2,4541.73779296875,6.899682998657227,1316.5062255859375,1,0.0001142164837801829,0.9106484055519104,4541.738|4587.9683,1|1,1|0,0.9735276|0.02647239,0.00017222537|0.0,0.17836858|-6.057729,0.012827891|0.00034881898,0.024840143|0.00065380626,0.00018224263|4.9411324e-06,226304.02|67507080.0
322,1,4644.12109375,6.5371599197387695,1420.8375244140625,1,0.00010582963295746595,0.9611490964889526,4644.121,1,1,1.0,0.0009451532,0.95089495,0.017627813,0.010087599,0.00010531501,29722.197
323,6,4617.99853515625,6.520177364349365,1416.525390625,1,0.00010615179053274915,0.963652491569519,4617.9985|4652.892|4675.763|4688.3135|4706.714|4722.8906,1|1|1|1|1|1,1|0|1|1|1|1,0.14062701|0.0067307167|0.06478995|0.19123091|0.1078722|0.4887492,0.0006411549|0.0|0.0007753569|0.0007506537|0.0007914434|0.00012282234,0.7810357|-6.0259275|0.8635744|0.84951234|0.87249255|0.06335037,0.003122047|0.00014942801|0.0014383957|0.004245499|0.0023948606|0.010850675,0.01491783|0.00084675953|0.00501302|0.019877685|0.013888565|0.007772648,0.00020673222|9.886062e-06|9.5101605e-05|0.0002819819|0.00015865089|0.00079746044,249282.55|68516376.0|436411.94|156647.98|262865.2|375051.75
324,1,4545.73876953125,6.761000633239746,1344.694091796875,1,0.00011182224989170209,0.9293277263641357,4545.739,1,1,1.0,0.00032832753,0.46777922,0.01677006,0.013009743,0.000113566064,90741.74
325,1,4818.6357421875,6.884255886077881,1399.9002685546875,1,0.00010741244477685541,0.9126890897750854,4818.6357,1,1,1.0,0.00048775473,0.657147,0.022721032,0.012,0.00050789566,45026.324
326,1,4526.1337890625,6.815495014190674,1328.1893310546875,1,0.00011321180500090122,0.9218971133232117,4526.134,1,1,1.0,0.00013070715,0.062407967,0.022016795,0.0114235375,0.00013230217,173719.84
327,5,4653.52099609375,6.467040538787842,1439.150146484375,1,0.00010448299144627526,0.9715704321861267,4653.521|4696.3496|4714.2197|4755.661|4793.8677,1|1|1|1|1,1|1|1|1|1,0.20782153|0.24250728|0.27338386|0.10023928|0.17604804,0.00042226425|0.00030869196|0.00030351864|0.00057205325|0.0004434053,0.60653883|0.47047985|0.46313992|0.7383909|0.62775534,0.004708662|0.0054945447|0.0061941235|0.0022711451|0.0039887624,0.014578582|0.015476859|0.014258939|0.0066268845|0.012414771,9.5907024e-05|0.00011200449|0.00012630226|4.6231788e-05|8.1238795e-05,251246.94|294665.4|265824.66|381782.6|282320.1
328,2,4777.771484375,6.673954486846924,1431.7662353515625,1,0.00010502183431526646,0.9414486289024353,4777.7715|4823.378,1|1,1|1,0.04992607|0.95007396,0.0009389917|0.0021608383,0.9513822|1.3133427,0.00085565704|0.016282825,0.0043864995|0.012,4.6558118e-05|0.00089140027,33991.855|13664.4795
329,1,4763.64501953125,6.957104682922363,1369.43310546875,1,0.0001098021530197002,0.9031322002410889,4763.645,1,1,1.0,9.1366055e-05,-0.0798255,0.017441506,0.00898797,0.0009774264,313710.9
330,4,4522.11328125,7.1680006980896,1261.750244140625,1,0.00011917312076548114,0.8765603303909302,4522.1133|4541.2705|4559.6675|4574.623,1|1|1|1,1|1|1|1,0.09668719|0.101979524|0.090716265|0.710617,0.00023415025|0.00026234018|0.0002563734|5.0949977e-05,0.2933165|0.34268665|0.33269483|-0.36903346,0.0018349361|0.0019353745|0.0017216195|0.013486139,0.008203957|0.00924409|0.00824721|0.012,0.00010283215|0.00010845886|9.645584e-05|0.0009797394,1162485.6|983736.94|1131375.8|727647.56
331,2,4682.13427734375,7.100016117095947,1318.9080810546875,1,0.00011400848597986624,0.8849536180496216,4682.1343|4697.7485,1|1,1|1,0.19674757|0.8032524,0.00014669336|0.00010518238,0.109473586|-0.03499378,0.0036454576|0.014883145,0.0021778718|0.01777189,3.750702e-05|0.00015360482,929535.7|319383.7
332,4,4543.0419921875,6.212399959564209,1462.5723876953125,1,0.00010280976130161434,1.0113942623138428,4543.042|4570.123|4608.435|4645.0483,1|1|1|1,1|0|1|1,0.22219425|0.015476417|0.5589748|0.20335451,0.0027136533|0.0|0.0030595055|0.0036159088,1.42152|-6.0120344|1.473617|1.5461831,0.0032420643|0.00022581835|0.008156072|0.0029671711,0.0073305108|0.00080539985|0.020879665|0.012243673,0.00011052355|7.711172e-06|0.00027822822|0.00010116514,47769.832|63578268.0|19606.775|42214.246
333,4,4719.80322265625,6.5602216720581055,1438.915771484375,1,0.00010450000991113484,0.9577702879905701,4719.803|4760.565|4797.611|4818.1504,1|1|1|1,0|1|1|1,0.011734897|0.3062429|0.10264576|0.57937646,0.0|0.0005979364|0.0007091897|0.00043025828,-6.0191164|0.75753874|0.83164614|0.614613,0.00020419288|0.005328775|0.0017860861|0.01008143,0.00024984143|0.017983707|0.0038423627|0.023235455,3.4346763e-06|8.966898e-05|3.004219e-05|0.00016982542,52238476.0|156733.8|379481.16|115227.375
334,5,4680.24072265625,6.67099666595459,1403.160888671875,1,0.00010716284305090085,0.9418660998344421,4680.2407|4711.4946|4753.756|4799.611|4824.9194,1|1|1|1|1,1|0|1|1|0,0.5326629|0.0068724845|0.34530377|0.09596586|0.019194948,0.0036168944|0.0|0.0018271307|0.0019654965|0.0,1.5282916|-6.030044|1.2317253|1.2634281|-6.030044,0.010475333|0.00013515407|0.0067907334|0.0018872616|0.00037748725,0.038848523|0.00030877552|0.017033275|0.004375357|0.00027590495,0.00023983567|3.0945832e-06|0.00015550236|4.319967e-05|8.66796e-06,13066.4|85568810.0|39767.855|87617.33|86198616.0
335,1,4699.6796875,6.930673599243164,1356.1971435546875,1,0.00011087378516094759,0.9065764546394348,4699.6797,1,1,1.0,5.0565297e-05,-0.34097546,0.020457568,0.00793752,0.00014687875,483327.8
336,6,4783.47412109375,6.447090148925781,1483.917236328125,1,0.00010133093019248918,0.9745768904685974,4783.474|4823.245|4867.477|4915.658|4933.382|4950.0,1|1|1|1|1|1,1|1|1|1|0|1,0.13228874|0.39973214|0.102845535|0.25382003|0.014169243|0.09714431,0.00035210984|0.00032870023|0.00042792756|0.00031933462|0.0|0.00042916695,0.54093623|0.5110581|0.62562835|0.4985041|-6.005742|0.62688434,0.0024544324|0.0074164704|0.001908155|0.004709276|0.00026289048|0.0018023768,0.007030106|0.02467204|0.006278451|0.014891459|0.0009784485|0.0056209103,8.674156e-05|0.00026346082|6.740649e-05|0.0001669044|9.3009985e-06|6.3668514e-05,577011.06|205064.45|609312.7|332320.78|66254660.0|642392.8
337,3,4832.47216796875,6.7129998207092285,1439.7354736328125,1,0.00010444051440572366,0.9359728097915649,4832.472|4856.745|4869.437,1|1|1,0|1|1,0.028907176|0.29010478|0.6809881,0.0|0.003526106|0.0045780214,-6.018869|1.5284264|1.6418089,0.0004794002|0.0048111333|0.01129359,0.0003045364|0.008353349|0.02200532,8.955221e-06|8.9578e-05|0.00021030153,85239850.0|21097.824|9166.486
338,6,4828.65478515625,6.710948467254639,1439.0379638671875,1,0.00010449113324284554,0.9362589120864868,4828.655|4854.7476|4886.4985|4898.1196|4915.0654|4950.0,1|1|1|1|1|1,1|1|0|1|1|1,0.08179779|0.11333107|0.007968273|0.22749725|0.38241997|0.18698564,0.00066671264|0.0015739431|0.0|0.0068366397|0.009049776|0.0042964327,0.80485934|1.1779096|-6.019079|1.8157632|1.9375584|1.6140286,0.0014543736|0.0020150386|0.00014167675|0.004044926|0.006799469|0.0033246248,0.0030127864|0.0043991185|0.0009909297|0.015511067|0.027633384|0.009291829,3.8236347e-05|5.298261e-05|3.7269667e-06|0.00010637195|0.00017882213|8.743327e-05,30604.7|27982.82|61103204.0|12085.48|6965.6587|20232.455
339,5,4678.7001953125,6.416239261627197,1458.393310546875,1,0.00010310435754945502,0.9792629480361938,4678.7|4722.56|4755.322|4776.9175|4815.0605,1|1|1|1|1,1|1|1|1|1,0.2054379|0.14178565|0.29967028|0.25223646|0.100869715,0.00025723528|0.00030902823|0.0003955278|0.00024981776|0.0003895643,0.3970537|0.47672126|0.5839001|0.3843465|0.5773022,0.0043267747|0.00298618|0.006311424|0.0053124097|0.0021244402,0.0073512485|0.0041286647|0.01638787|0.009641466|0.004337391,0.00012954608|8.9284e-05|0.0001889947|0.00015927246|6.346795e-05,448657.97|538623.25|200170.31|376485.12|599014.2
340,3,4871.39501953125,7.01164436340332,1389.5157470703125,1,0.00010821518662851304,0.8961072564125061,4871.395|4903.2627|4914.1587,1|1|1,1|1|1,0.5506717|0.29612648|0.15320183,6.3541906e-05|4.606369e-05|6.9138194e-05,-0.23122732|-0.37092856|-0.19456959,0.0100756|0.0054182047|0.0028031226,0.0187104|0.007092618|0.0030199136,0.00014142449|7.589948e-05|3.911913e-05,780966.75|2003239.1|2578250.0
341,1,4616.24267578125,6.529183387756348,1414.03369140625,1,0.00010633884812705219,0.9623232483863831,4616.2427,1,1,1.0,0.0008901488,0.92277074,0.013960271,0.012505201,0.00010750005,40014.414
342,6,4731.92724609375,6.601071357727051,1433.6845703125,1,0.00010488130646990612,0.95184326171875,4731.9272|4756.6626|4777.346|4820.5034|4836.2817|4872.129,1|1|1|1|1|1,0|1|0|1|1|1,0.00081902347|0.099956125|0.026461067|0.09849275|0.7154263|0.05884472,0.0|0.006113776|0.0|0.0039859754|0.0010625949|0.0059640827,-6.020698|1.7656114|-6.020698|1.5798365|1.0056697|1.7548456,1.8689338e-05|0.0022809037|0.00060381636|0.0022475107|0.016325349|0.0013427805,0.00056195795|0.019077767|0.004132508|0.01181216|0.012|0.013863316,1.6533228e-06|0.00020228702|5.3600037e-05|0.00020020599|0.0015|0.000119634475,89353500.0|31175.896|76845.31|47569.445|28555.234|44555.664
343,6,4636.65576171875,6.317144393920898,1467.95947265625,1,0.00010243247379548848,0.9946243166923523,4636.656|4659.7363|4671.6357|4683.11|4708.825|4756.0347,1|1|1|1|1|1,1|1|1|1|1|1,0.07057679|0.13063113|0.14434104|0.39248824|0.16494988|0.09701293,0.001762525|0.0029383604|0.0024317126|0.0038111038|0.0022721847|0.0024058584,1.2356976|1.4576675|1.3754746|1.5706131|1.346006|1.3708324,0.0011299215|0.0020913805|0.002310874|0.006283665|0.0026408175|0.0015531594,0.0035640604|0.009825823|0.00829298|0.026484855|0.008918269|0.005573459,3.820677e-05|7.073296e-05|7.81649e-05|0.00021259626|8.933457e-05|5.2532057e-05,112243.35|73184.13|80417.48|20431.855|77440.87|100118.08
344,3,4694.46484375,6.395199775695801,1468.121337890625,1,0.00010242117423331365,0.9824845790863037,4694.465|4718.0576|4747.127,1|1|1,1|1|1,0.3190845|0.5879483|0.09296717,0.00057300506|8.869378e-05|0.00067376543,0.7477688|-0.062496096|0.81811905,0.0043580728|0.008030228|0.0012697504,0.016930502|0.005|0.004853516,0.0002518309|0.0005|7.3033894e-05,199983.53|701750.06|572496.94
345,1,4531.3388671875,6.4102630615234375,1413.7762451171875,1,0.00010635820945026353,0.9801758527755737,4531.339,1,1,1.0,0.0005851342,0.74048454,0.014080339,0.011035552,0.00012325944,60509.523
346,1,4842.46337890625,6.920963764190674,1399.361083984375,1,0.0001074538376997225,0.9078483581542969,4842.4634,1,1,1.0,0.0005716901,0.7259388,0.01814602,0.010966459,0.0008469715,48032.938
347,4,4838.54052734375,6.7570343017578125,1432.149169921875,1,0.00010499374911887571,0.9298732280731201,4838.5405|4880.1265|4912.103|4927.2446,1|1|1|1,0|1|1|1,0.009632422|0.29933068|0.6013071|0.08972982,0.0|0.0007894497|0.001057356|0.0008647668,-6.0211635|0.8761611|1.0030578|0.9157356,0.000121677345|0.0037811638|0.007595748|0.0011334728,0.00040381713|0.009777339|0.020143632|0.001924252,3.891749e-06|0.00012103181|0.0002432961|3.6246918e-05,75768216.0|166226.31|62055.824|320347.78
348,5,4665.51318359375,6.523036956787109,1430.4727783203125,1,0.00010511679283808917,0.9632300734519958,4665.513|4705.004|4718.81|4752.61|4788.938,1|1|1|1|1,1|0|1|1|1,0.156131|0.0044416655|0.108545445|0.48014513|0.25073677,0.00071532646|0.0|0.0007210431|0.0006564631|0.00064993184,0.8328322|-6.0216722|0.83628917|0.79553825|0.79119575,0.0033142825|9.4285795e-05|0.0023041568|0.010192317|0.0053225337,0.009323003|0.0007723944|0.004331833|0.026680013|0.014906543,7.763746e-05|2.2078507e-06|5.3974207e-05|0.00023918213|0.00012477882,209551.33|50483150.0|291671.06|74679.586|144241.16
349,5,4820.50390625,6.598083019256592,1461.18310546875,1,0.00010290750651620328,0.9522743225097656,4820.504|4859.062|4875.2246|4887.159|4923.315,1|1|1|1|1,1|1|0|1|1,0.37619877|0.110675424|0.01278688|0.14783634|0.35250258,0.0002467533|0.0002863893|0.0|0.00026353676|0.00019646547,0.3798161|0.4445099|-6.012447|0.4083943|0.2808394,0.007205504|0.0021198161|0.00024491287|0.002831576|0.0067516407,0.016364172|0.004664386|0.0002908065|0.008797411|0.014515489,0.00020315016|5.9513488e-05|6.878122e-06|7.955218e-05|0.00019058095,281146.38|820149.3|74105540.0|669373.25|376864.72
350,3,4843.6005859375,6.728808403015137,1439.6607666015625,1,0.00010444593499414623,0.9337738156318665,4843.6006|4862.1123|4879.3203,1|1|1,1|1|1,0.5929213|0.23072219|0.17635651,0.00033187176|0.0003413076|0.0004057011,0.5020789|0.51425457|0.58931476,0.012241069|0.004763341|0.0036409423,0.015917303|0.0048263264|0.0040730736,0.0002258933|8.773065e-05|6.7030116e-05,123016.195|305769.25|334591.0
351,4,4632.32666015625,6.621225833892822,1399.2353515625,1,0.0001074634856195189,0.948945939540863,4632.3267|4678.982|4710.987|4751.7397,1|1|1|1,1|1|1|1,0.29608765|0.34849632|0.18666379|0.16875222,0.000113407594|0.00012257582|0.00012586014|0.00013204827,0.023381604|0.05714424|0.06862763|0.0894721,0.004563427|0.005371171|0.0028769404|0.0026008799,0.015086922|0.018139502|0.008061539|0.007469863,0.00015976818|0.0001882813|0.00010020755|9.0505935e-05,966070.5|759405.25|1380485.0|1455339.9
352,4,4538.68701171875,6.152207851409912,1475.466064453125,1,0.00010191132605541497,1.0212894678115845,4538.687|4587.265|4631.1963|4666.057,1|1|1|1,1|1|1|1,0.083075725|0.5171652|0.19155014|0.20820896,0.00027181127|0.00020354812|0.0001392513|0.00016197802,0.42604515|0.3004448|0.1355771|0.2012339,0.0015389373|0.009580232|0.0035483728|0.0038569695,0.00363263|0.03081442|0.0061522108|0.0079985745,3.7261456e-05|0.0002334222|8.61828e-05|9.3655624e-05,1188851.2|256394.36|1011408.1|800010.44
353,2,4667.20751953125,6.406191825866699,1457.0926513671875,1,0.00010319639113731682,0.9807988405227661,4667.2075|4686.416,1|1,1|1,0.4472806|0.5527194,0.0006874011|0.0007461638,0.82354575|0.8591697,0.009230468|0.011406395,0.011293535|0.018126285,0.00012414949|0.00015343011,78496.75|58643.426
354,3,4563.81494140625,6.169288635253906,1479.527099609375,1,0.00010163160186493769,1.01846182346344,4563.815|4578.9854|4599.7085,1|1|1,1|1|1,0.3225319|0.3854742|0.2919939,0.0013584315|0.0012850465|0.0013688911,1.126009|1.1018901|1.1293402,0.0072306236|0.008641684|0.0065460126,0.010324438|0.013991833|0.009566535,0.00010122486|0.00012098929|9.163993e-05,50039.83|44655.49|54674.117
355,5,4716.88525390625,6.478367328643799,1456.1956787109375,1,0.00010325996117899194,0.9698716998100281,4716.8853|4735.7314|4773.0547|4819.836|4841.802,1|1|1|1|1,1|1|1|1|1,0.25369412|0.07158237|0.25424916|0.19533005|0.2251443,0.0014081169|0.0019392744|0.0019480905|0.0017392387|0.0019253282,1.1347067|1.2737073|1.2756772|1.2264273|1.2705728,0.0039861687|0.001124738|0.00399489|0.0030691235|0.0035375797,0.012709605|0.004153094|0.018245598|0.012093613|0.016827181,0.00013640594|3.8463437e-05|0.00013669577|0.00010501428|0.00012104709,87899.14|145527.64|63458.24|91560.04|72373.23
356,1,4534.0927734375,6.806308269500732,1332.3206787109375,1,0.00011286074732197449,0.9231414198875427,4534.093,1,1,1.0,0.00017798525,0.19784135,0.021349506,0.011160306,0.00012428105,131543.14
357,2,4502.935546875,6.443182945251465,1397.736328125,1,0.00010757873678812757,0.9751679301261902,4502.9355|4549.0117,1|1,1|1,0.37057915|0.6294208,0.0006547822|0.00041057746,0.78437054|0.5816688,0.004738728|0.008048628,0.012206638|0.011830751,9.3187686e-05|0.00015847068,160653.2|151112.31
358,3,4641.0341796875,6.452070236206055,1438.61865234375,1,0.00010452159040141851,0.973824679851532,4641.034|4652.271|4698.87,1|1|1,1|1|1,0.374617|0.37552094|0.24986206,0.00221198|0.002092193|0.0021450254,1.3255752|1.3013958|1.3122264,0.005908669|0.0059229257|0.0039409637,0.011661186|0.012265123|0.007972633,0.00016044054|0.00016083563|0.00010699633,36743.348|39069.09|54219.45
359,6,4741.591796875,6.75510835647583,1403.8536376953125,1,0.00010710996139096096,0.9301382899284363,4741.592|4757.2876|4789.3286|4816.2373|4865.8965|4902.0596,1|1|1|1|1|1,1|1|1|0|0|1,0.16448407|0.1204061|0.37885442|0.017904263|0.003265731|0.3150854,0.000595571|0.0006200058|0.0007010913|0.0|0.0|0.0006384681,0.7451037|0.762566|0.81594473|-6.02983|-6.02983|0.7753094,0.0036674356|0.0026846468|0.008447166|0.0003992042|7.28147e-05|0.0070253336,0.008066218|0.0066595124|0.024633883|0.0005978288|0.00049489853|0.02049375,6.47638e-05|4.7403562e-05|0.00014925165|7.0589804e-06|1.2854543e-06|0.00012412413,227461.8|297348.78|84348.33|68702300.0|71189470.0|111346.09
360,3,4813.93505859375,6.822494983673096,1411.19482421875,1,0.00010655276128090918,0.920951247215271,4813.935|4847.301|4870.0117,1|1|1,1|1|1,0.07206368|0.5447857|0.38315067,0.0008425912|0.00038295393|0.0003425922,0.8980523|0.5555819|0.5072129,0.0015256265|0.011533404|0.008111505,0.0027577959|0.016822595|0.014644488,2.1403694e-05|0.00016204288|0.000113930146,339975.72|113135.68|179808.39
361,5,4732.7568359375,6.736422061920166,1405.124755859375,1,0.00010701306746341288,0.9327184557914734,4732.757|4752.1875|4773.1353|4784.9463|4816.5435,1|1|1|1|1,0|1|1|0|1,0.014181997|0.22074437|0.6576211|0.0052440627|0.10220847,0.0|0.0020709406|0.0034072013|0.0|0.0014145557,-6.0294366|1.2867309|1.502961|-6.0294366|1.1211833,0.00030033616|0.004674766|0.013926628|0.000111055|0.0021644977,0.00072394824|0.009620369|0.027778296|0.0005522842|0.0030505264,4.9434575e-06|7.6897246e-05|0.00022912135|1.8268047e-06|3.5602414e-05,66719476.0|48730.24|10351.633|72025300.0|72949.99
362,4,4608.01025390625,6.1922502517700195,1488.315185546875,1,0.00010103149543283507,1.0146852731704712,4608.0103|4654.4443|4695.9155|4729.2266,1|1|1|1,1|1|1|1,0.4125743|0.1584568|0.19546533|0.23350358,0.0036970975|0.0020087871|0.0039748102|0.0031040967,1.5634042|1.2984772|1.5948596|1.4874785,0.0074559706|0.0028636036|0.003532415|0.004219836,0.015160487|0.003973925|0.0106712775|0.0092113605,0.00018900467|7.258272e-05|8.953748e-05|0.00010697028,17021.553|47159.223|29893.23|33351.26
363,5,4548.6484375,6.114445209503174,1487.8369140625,1,0.00010106397530762479,1.0275969505310059,4548.6484|4568.837|4590.0854|4625.4785|4635.633,1|1|1|1|1,1|0|1|0|1,0.4486627|0.029313339|0.20463403|0.018363046|0.2990269,0.00046549292|0.0|0.0003475976|0.0|0.00040453547,0.6633168|-6.004596|0.5364805|-6.004596|0.6023603,0.009004062|0.0005882796|0.004106732|0.00036852184|0.006001071,0.0306177|0.00036038616|0.010096044|0.00043572488|0.017738719,0.00013547867|8.862758e-06|6.1766565e-05|5.5442324e-06|9.027425e-05,119267.78|60077796.0|349870.94|61149464.0|205859.17
364,3,4654.58642578125,6.236207485198975,1492.7618408203125,1,0.0001007305399980396,1.007533073425293,4654.5864|4698.451|4730.075,1|1|1,1|1|1,0.19185442|0.2356827|0.5724629,0.00030567514|0.00027799056|0.00029930158,0.48209912|0.44086906|0.47294798,0.0028446456|0.003494492|0.008487968,0.004545556|0.0067687836|0.01559693,5.1629686e-05|6.34442e-05|0.0001543066,572441.3|513843.62|196742.83
365,1,4784.0,6.9484052658081055,1377.006591796875,1,0.00010919824853772298,0.904262900352478,4784.0,1,1,1.0,0.00018480023,0.22848704,0.019623756,0.010357938,0.00097524346,137814.22
366,3,4842.25390625,6.865875720977783,1410.5277099609375,1,0.00010660316183930263,0.9151324033737183,4842.254|4876.399|4899.9004,1|1|1,1|1|1,0.1876417|0.45861804|0.35374025,0.0003374349|0.00030867808|0.00028664648,0.50042003|0.46173584|0.42957667,0.0028258644|0.0069067404|0.0053272913,0.0037826754|0.013901801|0.010513677,6.244721e-05|0.00015289887|0.00011787963,519318.06|234387.14|327136.66
367,5,4585.47119140625,6.462172985076904,1419.173095703125,1,0.00010595374624244869,0.972302258014679,4585.471|4618.721|4648.059|4668.5093|4710.192,1|1|1|1|1,1|0|1|0|0,0.6504018|0.022163117|0.31832692|0.0041097347|0.004998445,0.0013867738|0.0|0.0007960798|0.0|0.0,1.1168894|-6.0251164|0.87584037|-6.0251164|-6.0251164,0.0093493005|0.00031858718|0.0045758397|5.9076014e-05|7.1850925e-05,0.022940952|0.0002989616|0.011998646|0.00041869213|0.00076678407,0.00020028834|6.833974e-06|9.8017634e-05|1.2646864e-06|1.5382109e-06,38414.41|88861260.0|136616.58|66470612.0|67985630.0
368,5,4714.6865234375,6.3752641677856445,1479.0560302734375,1,0.00010166396532440558,0.9855569005012512,4714.6865|4733.4604|4771.7056|4808.0693|4839.4893,1|1|1|1|1,1|0|1|1|1,0.7076364|0.03721165|0.056944236|0.11687327|0.08133441,0.000218466|0.0|0.0017154312|0.0034892657|0.0015177907,0.33221698|-6.007167|1.2272062|1.535567|1.1740448,0.015592419|0.0008199403|0.0012547381|0.0025752448|0.0017921636,0.006441037|0.003830954|0.004282558|0.018555695|0.0055993614,0.0007340423|3.716699e-05|5.6887817e-05|0.0001167691|8.1277925e-05,146594.16|201932.36|183770.62|53537.027|168643.8
369,3,4558.74072265625,6.374190330505371,1430.3748779296875,1,0.0001051239887601696,0.9857228994369507,4558.7407|4604.135|4616.173,1|1|1,1|1|1,0.13184763|0.47592935|0.392223,0.0011154052|0.0030494393|0.0028467602,1.0257308|1.4625182|1.432649,0.0022224705|0.008022434|0.0066114496,0.0027415236|0.012292748|0.008607673,3.4560228e-05|0.00012477304|0.00010282557,43920.965|19049.053|23130.41
370,3,4618.880859375,6.462155342102051,1429.51708984375,1,0.00010518706403672695,0.9723048806190491,4618.881|4653.7954|4676.022,1|1|1,0|1|1,0.015904183|0.53257805|0.4515178,0.0|0.0003016805|0.00025242774,-6.021962|0.45758504|0.3801749,0.00023407357|0.007838343|0.00664532,0.0009461719|0.019036151|0.011100002,4.724913e-06|0.00015853708|0.00013441291,64348196.0|211389.03|297905.12
371,4,4722.970703125,6.6859564781188965,1412.80322265625,1,0.00010643145651556551,0.9397585988044739,4722.9707|4735.312|4778.8193|4815.9336,1|1|1|1,1|1|1|1,0.07520877|0.7962973|0.06600731|0.062486585,0.00213766|0.00034792532|0.0019272834|0.0021488855,1.3028687|0.51441616|1.2578756|1.3051434,0.001129098|0.011954693|0.0009909578|0.0009381018,0.01584024|0.012|0.008735568|0.009639145,7.7036435e-05|0.0008499822|6.762581e-05|6.401355e-05,202787.97|120086.9|246455.92|233170.55
372,4,4710.9384765625,6.715923309326172,1402.9161376953125,1,0.0001071815422619693,0.9355654120445251,4710.9385|4757.0625|4784.8228|4810.757,1|1|1|1,1|1|1|1,0.16225623|0.40653655|0.1171133|0.31409392,0.000996031|0.0007861185|0.0011230984|0.0007416997,0.9681529|0.86536807|1.0202979|0.84010816,0.0035498338|0.0088941865|0.002562199|0.006871732,0.0067789373|0.013567919|0.004269443|0.008344319,8.7265005e-05|0.00021894305|6.298656e-05|0.00016911197,137830.73|71235.21|158708.05|97205.36
373,6,4640.7734375,6.6319580078125,1399.518310546875,1,0.00010744175961008295,0.9474102854728699,4640.7734|4686.6826|4707.805|4718.844|4759.87|4797.9653,1|1|1|1|1|1,1|1|1|1|1|1,0.086204015|0.24042492|0.23344491|0.20475268|0.12581256|0.1093609,0.00033340493|0.00030068093|0.0002508384|0.00039469762|0.00030533946|0.00033018744,0.491799|0.4469329|0.3682211|0.5650915|0.45360994|0.48758757,0.0015616021|0.004355343|0.0042288993|0.003709134|0.0022791184|0.0019810935,0.0023573742|0.014737033|0.010313891|0.011611133|0.006141004|0.0046812035,6.820667e-05|0.00019122977|0.00018591358|0.0001624832|9.974983e-05|8.6645545e-05,938349.5|381625.5|471039.66|341089.03|716490.56|760086.6
374,5,4790.2763671875,6.505290985107422,1472.732421875,1,0.00010210049367742613,0.965857744216919,4790.2764|4817.454|4847.1377|4860.4775|4903.962,1|1|1|1|1,0|1|0|1|1,0.010766714|0.24333613|0.0149265295|0.0920006|0.63897,0.0|0.0002971536|0.0|0.0005601779|0.0006234052,-6.009028|0.4639533|-6.009028|0.7392982|0.78574264,0.00015170255|0.0034285958|0.00021031417|0.0012962846|0.009003061,0.0007537471|0.007771437|0.00094874296|0.0035441192|0.03180392,4.5390398e-06|0.000102768034|6.297874e-06|3.8777303e-05|0.00027007415,87566860.0|489989.7|78856870.0|669582.06|89049.04
375,1,4583.66845703125,6.205228805541992,1477.3568115234375,1,0.00010178090451518074,1.0125629901885986,4583.6685,1,1,1.0,0.0005444181,0.72826636,0.018100357,0.010723623,0.000106420994,50612.03
376,2,4831.96826171875,6.837436676025391,1413.3858642578125,1,0.0001063875897671096,0.9189386963844299,4831.9683|4858.9404,1|1,1|1,0.045713414|0.9542866,1.1280221e-05|0.0017850432,-0.9745695|1.2247578,0.00082227966|0.017165432,0.00036839448|0.022655167,6.537377e-06|0.00013633563,53845416.0|16197.089
377,4,4701.62060546875,6.6159491539001465,1421.298828125,1,0.00010579528316156939,0.9497027397155762,4701.6206|4749.2036|4766.123|4794.632,1|1|1|1,1|1|1|0,0.18218501|0.58506846|0.22853151|0.004215031,0.0006312418|9.786614e-05|0.0008843695|0.0,0.77572954|-0.033833377|0.92216754|-6.0244665,0.0024334805|0.007814873|0.0030525397|5.630099e-05,0.013553556|0.005|0.025060417|0.00043673327,0.00014478216|0.0005|0.00018162653|3.3415579e-06,324706.5|653432.7|184956.83|97327740.0
378,2,4514.2744140625,6.702452659606934,1347.051513671875,1,0.0001116265484597534,0.9374457001686096,4514.2744|4553.385,1|1,1|1,0.5735977|0.42640227,9.553104e-05|0.0001560163,-0.06762253|0.14540274,0.012804695|0.009518781,0.00820817|0.012178088,0.00010761578|7.98971e-05,408685.25|336618.06
379,3,4797.0986328125,6.608005523681641,1451.9051513671875,1,0.00010356510756537318,0.950844407081604,4797.0986|4823.8735|4861.814,1|1|1,1|1|1,0.28605708|0.25233725|0.46160564,0.0012580107|0.0010561318|0.000847101,1.0844709|1.0085046|0.91272175,0.0048585655|0.0042858473|0.007840187,0.0138109205|0.009742054|0.014642538,8.04915e-05|7.100582e-05|0.00012994064,81046.43|109006.695|75004.9
380,6,4800.9248046875,6.569918155670166,1461.4869384765625,1,0.00010288611520081758,0.9563567042350769,4800.925|4835.1177|4868.4604|4888.6885|4906.946|4950.0,1|1|1|1|1|1,1|0|1|1|1|1,0.16641198|0.005832269|0.08810016|0.116657935|0.27286077|0.3501369,0.00021413768|0.0|0.000292748|0.00023183924|0.0002024506|0.00029379336,0.31833652|-6.0123568|0.45413733|0.35283035|0.2939625|0.45568535,0.0029562537|0.00010360833|0.0015650701|0.0020723897|0.004847281|0.006220066,0.007449354|0.0009808934|0.0041526547|0.0043427735|0.010704139|0.019585198,8.06878e-05|2.821739e-06|4.265911e-05|5.65279e-05|0.00013259312|0.00017006104,789115.0|69642960.0|1085321.1|1037403.0|509308.88|273542.8
381,4,4827.63232421875,6.542086601257324,1475.8692626953125,1,0.00010188348824158311,0.9604252576828003,4827.6323|4859.2124|4884.889|4905.0757,1|1|1|1,1|1|1|1,0.12243207|0.11475372|0.6453101|0.11750412,0.0044572474|0.00540408|0.00043790494|0.0034793841,1.640963|1.724618|0.6332761|1.5333986,0.002170689|0.0020345538|0.0114411805|0.0020833178,0.012674672|0.017674478|0.005|0.010579117,9.36857e-05|8.783219e-05|0.0005|8.996123e-05,43431.406|40269.438|98939.836|59615.05
382,6,4775.35302734375,6.718050003051758,1421.6485595703125,1,0.00010576925706118345,0.9352691769599915,4775.353|4786.232|4835.4683|4855.834|4889.5586|4911.5684,1|1|1|1|1|1,1|1|1|1|0|0,0.24931408|0.32959503|0.16132046|0.240291|0.0037106615|0.015768755,0.0024687415|0.0023689605|0.0015866023|0.0015373178|0.0|0.0,1.3681161|1.3501984|1.1761086|1.1624042|-6.0243597|-6.0243597,0.0040485905|0.0053522666|0.0026196695|0.0039020656|6.0257124e-05|0.00025606752,0.01778704|0.019402381|0.005630386|0.010435196|0.0004143735|0.0003302778,0.00015039921|0.00019888076|9.732422e-05|0.00014501801|2.237987e-06|9.544267e-06,48897.062|38749.36|108137.695|81225.47|84904830.0|82777750.0
383,1,4527.05029296875,6.080408096313477,1489.061279296875,1,0.00010098086931975558,1.0333492755889893,4527.0503,1,1,1.0,0.0009967533,0.9943486,0.01450285,0.010591122,9.802646e-05,34298.867
384,4,4864.400390625,6.761932373046875,1438.7603759765625,1,0.00010451129492139444,0.9291996359825134,4864.4004|4889.3154|4901.681|4950.0,1|1|1|1,1|1|0|1,0.14879327|0.4355457|0.018497853|0.39716315,0.0007435963|0.0006713369|0.0|0.00068823976,0.85217404|0.80777735|-6.019163|0.8185766,0.003412409|0.00998876|0.0004242278|0.009108498,0.004858392|0.018166902|0.0008666901|0.016340116,5.7763125e-05|0.00016921869|7.1903387e-06|0.00015429273,191544.67|74443.695|60024708.0|79595.164
385,4,4786.31103515625,6.393250942230225,1497.30126953125,1,0.00010042516078101471,0.9827841520309448,4786.311|4799.651|4842.7515|4890.3374,1|1|1|1,1|1|1|1,0.39541098|0.24253419|0.2536579|0.10839692,0.0012446636|0.0013991334|0.0010491471|0.0012597833,1.0932095|1.1440166|1.0189939|1.0984533,0.007673862|0.0047069355|0.0049228165|0.0021036922,0.015009629|0.011788647|0.006162362|0.0027830196,0.00020760889|0.00012727977|0.00013315181|5.6865432e-05,51972.246|74797.625|93806.875|131013.25
386,1,4510.18115234375,6.844404220581055,1317.9178466796875,1,0.00011409414582885802,0.918003261089325,4510.181,1,1,1.0,0.0002526893,0.34532365,0.013396515,0.0098611675,0.00015197086,147588.12
387,5,4501.16650390625,6.253204822540283,1439.6351318359375,1,0.00010444779036333784,1.0047944784164429,4501.1665|4538.6924|4565.295|4602.2407|4623.3496,1|1|1|1|1,1|1|1|1|1,0.26470846|0.10057247|0.36694473|0.16950777|0.09826659,0.0001616473|0.00025381678|0.00019628655|0.00021277078|0.00025169755,0.18966945|0.38562125|0.2739915|0.30901292|0.38197988,0.0032527798|0.0012358505|0.004509075|0.0020829383|0.0012075155,0.0135304555|0.00425312|0.019558532|0.009735139|0.005311896,0.00011157551|4.2205655e-05|0.00015481592|7.1240705e-05|4.1239273e-05,950790.3|1588324.4|564869.44|1127651.2|1641445.9
388,3,4778.54345703125,6.777024269104004,1410.21875,1,0.00010662651766324416,0.927130401134491,4778.5435|4823.357|4845.5903,1|1|1,0|1|1,0.015852232|0.56864756|0.4155002,0.0|0.003213621|0.0019914769,-6.0278654|1.4791294|1.2713101,0.00026728402|0.009587951|0.0070057367,0.00084108615|0.02186136|0.0097307125,5.280869e-06|0.00018934878|0.0001383607,59588600.0|15808.434|33995.703
389,2,4593.3154296875,6.158656120300293,1491.66162109375,1,0.00010080484207719564,1.020220160484314,4593.3154|4636.4375,1|1,1|1,0.15103151|0.8489685,0.00039462128|0.00024314511,0.5926992|0.38238433,0.0020294813|0.011407989,0.0015442362|0.012922088,3.4114117e-05|0.0001923391,582293.06|180196.6
390,2,4559.13525390625,6.730432987213135,1354.7822265625,1,0.00011098958202637732,0.9335484504699707,4559.1353|4574.77,1|1,1|1,0.95521945|0.04478054,0.00013459477|1.5329533e-05,0.0837463|-0.85975045,0.011950578|0.0005602412,0.018980527|0.00029241695,0.00019392215|9.0598705e-06,310833.3|58034120.0
391,5,4572.92431640625,6.506165981292725,1405.7200927734375,1,0.00010696774552343413,0.9657278060913086,4572.9243|4618.965|4648.3496|4673.265|4705.4116,1|1|1|1|1,1|0|1|1|1,0.18395494|0.007822732|0.35746446|0.17046283|0.28029504,0.0027501292|0.0|0.006372325|0.0031551465|0.0030688494,1.4101002|-6.029253|1.7750452|1.4697667|1.4577228,0.0041927476|0.0001782977|0.00814742|0.0038852321|0.006388556,0.005862019|0.00033751343|0.024139527|0.0069837687|0.009652753,0.00010506734|4.472675e-06|0.00020424384|9.739521e-05|0.00016017632,26808.283|98667704.0|8846.989|27589.244|22347.197
392,1,4502.06298828125,6.99376106262207,1287.451171875,1,0.0001167941081803292,0.8983986377716064,4502.063,1,1,1.0,0.00012469274,0.028420597,0.012915348,0.007978323,0.00011326146,310377.84
393,3,4511.26904296875,6.179235458374023,1460.13818359375,1,0.00010298114648321643,1.0168224573135376,4511.269|4528.0474|4561.5776,1|1|1,1|1|1,0.27189174|0.26088062|0.46722764,0.0014510956|0.0017612244|0.001838851,1.1489383|1.233057|1.2517889,0.0057679|0.00553431|0.009911747,0.006409923|0.0078845|0.017804986,7.458359e-05|7.156168e-05|0.00012817842,56613.266|48688.105|27146.885
394,2,4713.45849609375,6.821076393127441,1382.0277099609375,1,0.0001088015123968944,0.9211427569389343,4713.4585|4727.1997,1|1,1|1,0.22937743|0.77062255,0.00011411491|7.481698e-05,0.020707838|-0.16263421,0.003502152|0.011765922,0.0038398646|0.011406109,5.0978764e-05|0.00017243125,1249793.9|567964.9
395,2,4752.80712890625,6.634030342102051,1432.856689453125,1,0.00010494190792087466,0.9471143484115601,4752.807|4798.0957,1|1,1|1,0.37153044|0.6284696,0.0016016808|0.0012603811,1.183627|1.079553,0.007128142|0.012057748,0.009629056|0.012136412,7.341816e-05|0.00012421061,42398.723|32499.814
396,6,4698.369140625,6.571017742156982,1430.02783203125,1,0.00010514949826756492,0.956196665763855,4698.369|4709.2515|4736.6084|4773.8105|4788.227|4829.9175,1|1|1|1|1|1,0|1|1|1|1|1,0.008747333|0.3029368|0.10761063|0.20362365|0.30160293|0.075478695,0.0|0.0005737831|0.0004793388|0.00030320036|0.000409676|0.0006381794,-6.021807|0.7369406|0.6588355|0.4599226|0.5906334|0.78313565,0.00019566466|0.0067762393|0.0024070877|0.0045547546|0.006746403|0.0016883448,0.0006025071|0.024666391|0.007255237|0.010218364|0.022480097|0.00559388,5.702308e-06|0.00019777798|7.016187e-05|0.00013305941|0.00019714983|4.919325e-05,68041590.0|128521.25|431263.5|361704.44|180841.56|457341.28
397,1,4864.453125,6.918548107147217,1406.206298828125,1,0.00010693076183088124,0.9081652760505676,4864.453,1,1,1.0,0.00017241115,0.20746292,0.014131951,0.012870237,0.000105152634,205167.14
398,2,4877.1767578125,6.523116111755371,1495.351806640625,1,0.0001005560698104091,0.9632183909416199,4877.177|4915.5273,1|1,1|1,0.55649847|0.4435015,0.00097449136|0.0009673184,0.9863697|0.9831612,0.008060106|0.006423502,0.008702607|0.0064648786,0.00014294704|0.00011390782,62784.355|78475.95
399,1,4615.37841796875,6.799625873565674,1357.5389404296875,1,0.00011076419468736276,0.924048662185669,4615.3784,1,1,1.0,0.00012767086,0.06169276,0.017633876,0.008102687,0.00012259958,222025.9
400,5,4610.49560546875,6.33613395690918,1455.3023681640625,1,0.0001033233420457691,0.9916433691978455,4610.4956|4637.112|4652.559|4695.9194|4738.754,1|1|1|1|1,1|1|1|1|1,0.18284327|0.10269222|0.069947876|0.34535804|0.2991586,0.0022224446|0.002735977|0.0016245778|0.0027692711|0.0029605515,1.3326325|1.422914|1.1965421|1.428167|1.4571742,0.0036052743|0.0020248685|0.0013792209|0.006809714|0.005898761,0.0073784636|0.0063328105|0.0034734013|0.017218912|0.016664147,7.699596e-05|4.3242348e-05|2.945403e-05|0.00014546986|0.0001260051,55982.957|67265.68|74535.84|25796.854|27680.053
401,2,4551.55615234375,6.45435905456543,1410.382080078125,1,0.00010661417036317289,0.9734793305397034,4551.556|4589.964,1|1,1|1,0.43411753|0.56588244,0.0010436747|0.0013233797,0.99075025|1.0938696,0.009011279|0.011746415,0.005250712|0.015145458,9.3493036e-05|0.0001218736,50845.59|31903.37
402,3,4581.05810546875,6.186508655548096,1480.9833984375,1,0.00010153166658710688,1.0156270265579224,4581.058|4626.9805|4655.19,1|1|1,1|1|1,0.2599324|0.3938432|0.3462244,0.00020789662|0.00020101714|0.00024924448,0.31124613|0.2966318|0.39002421,0.005123769|0.00776341|0.0068247514,0.0065983217|0.011570528|0.010818242,0.000110419336|0.0001675922|0.00014713829,468934.38|320299.38|293786.97
403,2,4763.54443359375,6.670633316040039,1428.2135009765625,1,0.0001052830702974461,0.941917359828949,4763.5444|4807.4814,1|1,1|1,0.27536264|0.7246374,0.00021973782|0.00017298873,0.31954646|0.21565951,0.004445898|0.011699714,0.006018656|0.018213619,5.5823653e-05|0.0001471824,511035.06|247020.25
404,5,4564.5927734375,6.476279258728027,1409.6343994140625,1,0.00010667071910575032,0.9701844453811646,4564.593|4586.551|4636.067|4672.5547|4699.312,1|1|1|1|1,1|1|0|1|1,0.2602749|0.28576967|0.009364876|0.15487383|0.28971672,0.00048103224|0.00046686557|0.0|0.0005689213|0.00044683722,0.6541291|0.6411467|-6.028045|0.7270071|0.6221042,0.0038125517|0.0041860035|0.00013717831|0.0022686187|0.0042438204,0.009403094|0.010642033|0.00074363506|0.00680404|0.010897906,0.00011374865|0.00012492582|4.0877353e-06|6.763358e-05|0.00012667636,271871.22|255319.67|52464388.0|384492.72|263198.0
405,2,4727.640625,6.368172645568848,1484.771484375,1,0.00010127262794412673,0.9866543412208557,4727.6406|4758.32,1|1,1|1,0.11217098|0.887829,0.004459196|0.0017080085,1.6437645|1.226998,0.0013817546|0.010936535,0.009402973|0.011193337,8.0096754e-05|0.0006374209,29385.447|26103.76
406,3,4809.6484375,6.709940433502197,1433.589111328125,1,0.00010488829138921574,0.9363995790481567,4809.6484|4829.558|4857.9688,1|1|1,1|1|1,0.2933567|0.572617|0.13402632,0.0008127366|0.00075864827|0.0011165194,0.8892228|0.8593135|1.0271393,0.0046117683|0.009001931|0.0021069855,0.0095707495|0.01759972|0.0038675945,8.063436e-05|0.00015747115|3.682902e-05,132291.84|73058.195|189929.83
407,6,4561.15966796875,6.107536315917969,1493.6168212890625,1,0.0001006728780339472,1.0287593603134155,4561.1597|4597.4214|4625.697|4663.249|4697.1274|4742.6978,1|1|1|1|1|1,1|1|1|1|1|1,0.10718048|0.1593224|0.06538874|0.2489762|0.08046348|0.33866873,0.00024742432|0.00024926275|0.00037782954|0.00021522443|0.00031119393|0.0003928591,0.39053008|0.3937451|0.5743835|0.32997927|0.49011877|0.59132445,0.0017163177|0.002551284|0.0010470923|0.003986941|0.0012884892|0.0054232185,0.004457045|0.008988697|0.0033348226|0.014721028|0.00357276|0.02712491,7.5259195e-05|0.00011208403|4.584299e-05|0.00017591885|5.6461784e-05|0.00023877318,1173954.6|785660.25|1248271.4|582571.56|1237936.5|234632.86
408,2,4779.86474609375,6.589397430419922,1450.7744140625,1,0.00010364581976318732,0.9535295963287354,4779.8647|4821.5693,1|1,0|1,0.013449629|0.9865504,0.0|0.0007656737,-6.0155516|0.868492,0.0001865298|0.013682239,0.00063960685|0.028488584,2.8900595e-06|0.00021216639,67183550.0|47689.516
409,1,4538.1435546875,6.977748394012451,1300.7471923828125,1,0.00011560025450307876,0.9004602432250977,4538.1436,1,1,1.0,0.00015512528,0.12772407,0.012679331,0.011283548,0.0005597571,254145.11
410,3,4751.333984375,6.371142387390137,1491.51708984375,1,0.00010081460641231388,0.9861944317817688,4751.334|4763.579|4794.8325,1|1|1,1|1|1,0.4158811|0.4024867|0.18163219,0.00014811534|0.00019414278|0.00022523724,0.16707687|0.284598|0.34911692,0.008681241|0.008401643|0.003791451,0.010466458|0.0136112245|0.0070140953,0.00015497462|0.00014980217|6.746052e-05,388774.56|306473.6|584873.5
411,5,4684.36376953125,6.449256420135498,1452.683349609375,1,0.00010350962838856503,0.974249541759491,4684.364|4705.3247|4736.8237|4760.23|4801.6284,1|1|1|1|1,1|1|1|1|1,0.36333233|0.17878325|0.082861036|0.2869915|0.08803188,0.005573743|0.0039318968|0.0017192895|0.0036185514|0.0016355037,1.7311662|1.5796213|1.2203683|1.5435541|1.1986709,0.0044884523|0.002208612|0.0010236298|0.0035453707|0.0010875083,0.027840724|0.011125821|0.0040994114|0.014684603|0.0039151195,0.0002526481|0.0001243007|5.759895e-05|0.0001996236|6.119646e-05,19101.986|48594.973|69746.54|36292.777|68203.65
412,2,4780.8974609375,6.831860542297363,1399.5887451171875,1,0.00010743635357357562,0.9196887612342834,4780.8975|4817.518,1|1,1|1,0.65415084|0.34584913,0.00032393186|0.00038008127,0.47930253|0.5487253,0.010979542|0.005804877,0.0106832795|0.005055882,0.00016328113|8.623808e-05,140429.23|225094.2
413,6,4782.15576171875,6.527116775512695,1465.3194580078125,1,0.00010261701390845701,0.9626280069351196,4782.156|4810.0903|4852.0137|4896.668|4916.1616|4950.0,1|1|1|1|1|1,0|1|1|1|1|1,0.009086549|0.16456382|0.15988652|0.08887766|0.38701898|0.19056647,0.0|0.00022522513|0.00018344693|0.00022690497|0.00022680493|0.00015044863,-6.0112195|0.34139767|0.25229132|0.34462485|0.34443334|0.16616917,0.00020484882|0.0037099565|0.003604511|0.0020036744|0.008725027|0.004296165,0.0008840559|0.017309379|0.011159887|0.005302346|0.030906292|0.0116548175,3.977184e-06|7.209948e-05|7.007895e-05|3.8918653e-05|0.0001699521|8.3605504e-05,87217016.0|598280.3|755937.75|1097581.0|252653.5|773432.25
414,5,4744.9814453125,6.756219387054443,1404.626220703125,1,0.00010705104796215892,0.9299854040145874,4744.9814|4786.259|4818.2524|4829.1978|4870.739,1|1|1|1|1,1|1|1|1|1,0.22527482|0.4513469|0.097959176|0.12382692|0.101592176,0.0048207957|0.006371545|0.0018698956|0.0018159974|0.0015866407,1.6535279|1.7746539|1.2422265|1.2295244|1.1708877,0.0048904717|0.009798251|0.0021265873|0.0026881478|0.002205456,0.013525203|0.028593684|0.004682667|0.0043655382|0.004093286,9.563817e-05|0.00019164375|4.158976e-05|5.2572992e-05|4.31325e-05,17413.414|7519.081|30652.744|28321.701|31974.328
415,6,4791.77294921875,6.812938213348389,1406.6685791015625,1,0.00010689562623156235,0.9222431182861328,4791.773|4840.049|4857.194|4905.2075|4917.775|4950.0,1|1|1|1|1|1,1|1|1|1|0|1,0.3554971|0.08625366|0.15273009|0.2842808|0.005439156|0.11579919,0.00013543169|0.00019291171|0.000118635005|0.000209816|0.0|0.00016030963,0.10276071|0.2563989|0.045253284|0.2928789|-6.0289598|0.17599995,0.006525755|0.0015833329|0.0028036213|0.005218459|9.984498e-05|0.0021256916,0.023397231|0.0053911973|0.007345791|0.025843833|0.0005127679|0.007556508,0.000154549|3.729231e-05|6.617705e-05|0.0001232024|2.3494797e-06|5.0104467e-05,565720.06|1634490.5|1502808.6|456620.3|56769840.0|1466490.6
416,1,4661.3974609375,7.003208160400391,1331.2177734375,1,0.00011295425792923197,0.8971866965293884,4661.3975,1,1,1.0,7.910929e-05,-0.15467454,0.021726893,0.011092748,0.0007659164,290879.25
417,1,4846.990234375,6.912779808044434,1402.327392578125,1,0.00010722653678385541,0.9089231491088867,4846.99,1,1,1.0,0.00084711984,0.8976426,0.022319576,0.012,0.0005,26283.188
418,5,4601.798828125,6.204299449920654,1483.422607421875,1,0.00010136471973964944,1.0127147436141968,4601.799|4613.241|4654.585|4692.8403|4732.92,1|1|1|1|1,1|1|1|1|1,0.12281889|0.53547|0.045698635|0.13137345|0.164639,0.00034657933|4.322125e-05|0.00058506476|0.00052046275|0.0003414625,0.533916|-0.37018847|0.7613172|0.7105029|0.52745634,0.001828545|0.007972154|0.00068036775|0.0019559064|0.0024511686,0.009496838|0.005|0.004994546|0.013551589|0.013240677,9.860649e-05|0.0005|3.6586498e-05|0.00010538177|0.00013239717,787938.44|1450954.8|1239029.2|490459.25|596992.6
419,2,4775.1845703125,6.525061130523682,1463.6444091796875,1,0.00010273445514030755,0.9629312753677368,4775.1846|4801.4087,1|1,1|1,0.9585401|0.04145992,0.00060322625|8.15833e-06,0.7687642|-1.1001095,0.014468503|0.000625809,0.01469272|0.0009692327,0.00019112292|8.28577e-06,57183.78|97924980.0
420,6,4631.07275390625,6.4585466384887695,1434.09130859375,1,0.00010485155507922173,0.9728481769561768,4631.0728|4641.785|4669.2754|4716.62|4732.153|4746.8403,1|1|1|1|1|1,1|1|1|1|1|0,0.10583379|0.2727871|0.32142866|0.20685813|0.077299714|0.015792605,0.00093778194|0.0014581011|0.000630771|0.00071474066|0.00102099|0.0,0.951527|1.1432128|0.77929693|0.83357364|0.98844665|-6.020575,0.001376067|0.0035468193|0.0041792644|0.0026896007|0.0010050627|0.00020533784,0.0049668304|0.016846228|0.012854541|0.008574046|0.003067487|0.00045549282,6.159625e-05|0.0001588534|0.00018758829|0.00012055355|4.4983957e-05|9.21635e-06,372250.25|95908.18|189182.9|258164.86|421231.9|76717336.0
421,3,4804.34619140625,7.1086835861206055,1351.683837890625,1,0.00011124399316031486,0.8838747143745422,4804.346|4829.953|4873.051,1|1|1,1|1|1,0.87927854|0.059341934|0.06137953,6.1817016e-05|0.00029812398|0.00026943392,-0.2551678|0.4281205|0.38417584,0.011315378|0.0007636675|0.0007898892,0.012|0.0069743833|0.0055706566,0.0012990575|5.9252918e-05|6.1321654e-05,714760.1|2190996.0|2342252.5
422,1,4517.19580078125,6.4630022048950195,1397.863037109375,1,0.00010756898700492457,0.9721775054931641,4517.196,1,1,1.0,0.0011113911,1.01418,0.014199248,0.012,0.00074409903,31388.58
423,3,4509.51904296875,6.060413360595703,1488.1885986328125,1,0.00010104008833877742,1.036758542060852,4509.519|4545.21|4590.1562,1|1|1,1|1|1,0.17720857|0.5841882|0.23860323,0.0004614809|6.57753e-05|0.00057341094,0.6596601|-0.18643023|0.75397235,0.0031026874|0.010228362|0.0041776267,0.013719942|0.005|0.023780057,0.00013971524|0.0005|0.00018823873,348832.78|743050.2|208611.16
424,4,4749.6103515625,6.509084224700928,1459.3790283203125,1,0.00010303472663508728,0.9652948379516602,4749.6104|4799.3237|4845.6685|4875.0884,1|1|1|1,1|0|1|1,0.47480628|0.01472585|0.19252615|0.31794173,0.0002181321|0.0|0.00017709304|0.00015577755,0.32573617|-6.012984|0.23521812|0.17952156,0.009504647|0.0002947813|0.0038539781|0.0063645407,0.027753899|0.0009100098|0.0075825807|0.011482062,0.0001668441|5.1619054e-06|6.754356e-05|0.00011170766,241148.98|64442650.0|732156.56|504210.28
425,6,4773.572265625,6.5161662101745605,1465.1474609375,1,0.0001026290628942661,0.9642457365989685,4773.5723|4789.145|4813.7383|4848.0317|4870.3354|4882.9565,1|1|1|1|1|1,1|0|1|1|1|1,0.07606517|0.0027719333|0.29373062|0.25070244|0.24869913|0.1280307,0.00040181252|0.0|0.0002569255|0.0002962653|0.00036039308|0.0002728374,0.59275323|-6.0112705|0.39853704|0.46041057|0.5455062|0.4246337,0.0011488574|4.1866155e-05|0.004436388|0.0037865082|0.0037562507|0.0019337238,0.0040365295|0.0009959382|0.018939713|0.014663364|0.023327503|0.004975386,3.568011e-05|1.2995341e-06|0.00013828433|0.000117906326|0.000116899166|6.01311e-05,1071444.5|91741980.0|438577.7|445510.9|369255.44|944616.06
426,5,4704.99755859375,6.527137279510498,1441.672607421875,1,0.0001043001830112189,0.9626249670982361,4704.9976|4728.8804|4747.53|4770.3975|4806.9556,1|1|1|1|1,1|0|1|1|0,0.22638847|0.029518738|0.055890027|0.68595994|0.0022428017,0.0007233811|0.0|0.0007851411|9.791236e-05|0.0,0.84108216|-6.0182853|0.8766627|-0.02744711|-6.0182853,0.004420204|0.0005763493|0.0010912452|0.013393275|4.37904e-05,0.019155506|0.002557002|0.0061153146|0.010552158|0.00063320843,0.00022106769|2.8732533e-05|5.444202e-05|0.00073296466|2.1836254e-06,156129.69|737685.7|572988.8|381238.78|61131170.0
427,5,4805.35205078125,6.472184658050537,1484.9241943359375,1,0.00010126220877282321,0.9707981944084167,4805.352|4824.253|4858.251|4886.716|4912.219,1|1|1|1|1,1|1|1|1|1,0.15526982|0.24404982|0.28275982|0.228864|0.08905656,0.00042084648|0.00026716504|0.00029880184|0.0003747611|0.00044270806,0.61867636|0.42133242|0.46993598|0.5683072|0.6406701,0.0035201542|0.005532904|0.0064105066|0.0051886234|0.0020190198,0.009592541|0.01176706|0.015190399|0.012394881|0.0031547071,7.607128e-05|0.00011974805|0.00013876247|0.00011221504|4.3617903e-05,336816.38|338063.53|260924.64|256885.81|547430.25
428,4,4657.13818359375,6.406103610992432,1453.968994140625,1,0.0001034180968417786,0.9808122515678406,4657.138|4702.025|4725.9746|4770.371,1|1|1|1,1|1|1|1,0.36958203|0.14557432|0.27875715|0.20608652,0.00535749|0.0024171425|0.005383337|0.00479362,1.7143648|1.3687057|1.716455|1.6660671,0.0055518337|0.0021868066|0.0041874694|0.0030958164,0.021011151|0.005147552|0.015765673|0.011017835,0.00012313352|4.8499078e-05|9.287507e-05|6.8661655e-05,15584.431|33652.027|19049.803|24618.354
429,2,4812.80615234375,6.791025638580322,1417.40185546875,1,0.00010608616139506921,0.9252188801765442,4812.806|4860.5654,1|1,1|1,0.052166943|0.94783306,0.0016663005|0.00010946612,1.1960946|0.013621411,0.0010179731|0.018495783,0.007596076|0.009846289,5.265995e-05|0.001088295,277130.94|246908.75
430,1,4551.89453125,6.72112512588501,1354.503662109375,1,0.00011101240670541301,0.9348412752151489,4551.8945,1,1,1.0,6.7248766e-05,-0.21768653,0.017214619,0.015017313,0.00012517309,431895.06
431,6,4749.06884765625,6.557828903198242,1448.3662109375,1,0.00010381815809523687,0.9581197500228882,4749.069|4778.718|4804.609|4839.0967|4854.0806|4870.582,1|1|1|1|1|1,0|1|1|1|1|1,0.014089194|0.330516|0.27873263|0.066818476|0.08926948|0.22057419,0.0|0.0015563843|0.00073924824|0.0013186435|0.0010107734|0.00086354226,-6.0162735|1.1758436|0.85251707|1.1038541|0.9883805|0.9200103,0.00021858845|0.0051278295|0.00432443|0.0010366631|0.0013849818|0.003422124,0.0007968389|0.026829543|0.012839346|0.0039444193|0.003548077|0.0142865265,6.4729907e-06|0.00015169877|0.00012800875|3.0652674e-05|4.095726e-05|0.000101260935,87711040.0|62418.945|155836.75|313859.9|322141.88|168518.97
432,5,4595.22509765625,6.216297149658203,1478.4444580078125,1,0.00010170602035941556,1.0107601881027222,4595.225|4611.726|4660.221|4688.099|4712.19,1|1|1|1|1,1|1|1|1|1,0.38883492|0.052120276|0.31121758|0.108110994|0.13971622,0.0028152824|0.0010114036|0.0020482822|0.0020648164|0.002011536,1.4421753|0.9975779|1.3040432|1.3075348|1.2961812,0.004889827|0.00065544306|0.0039137434|0.0013595592|0.0017570135,0.024813816|0.002672645|0.010025293|0.0042044646|0.0048488877,0.0002746865|3.6775367e-05|0.00021992312|7.631293e-05|9.864458e-05,35855.926|127058.23|59701.98|110031.7|111102.06
433,1,4655.69970703125,6.8130269050598145,1366.7052001953125,1,0.00011002131941495463,0.922231137752533,4655.6997,1,1,1.0,3.9983144e-05,-0.4395988,0.020649344,0.012,0.0015,605582.6
434,2,4775.779296875,7.0860514640808105,1347.93798828125,1,0.00011155313404742628,0.8866976499557495,4775.7793|4800.205,1|1,1|1,0.19778584|0.80221415,8.5065054e-05|5.7549045e-05,-0.117730096|-0.2874429,0.003875335|0.015718257,0.0028924202|0.017094022,4.797041e-05|0.00019628939,1515058.4|552740.25
435,2,4616.623046875,6.506060600280762,1419.1761474609375,1,0.00010595352068776265,0.9657434821128845,4616.623|4643.8184,1|1,1|1,0.21844633|0.7815537,0.001123728|0.0016712268,1.0255458|1.19792,0.0029436348|0.010531688,0.002334164|0.015675122,5.0213803e-05|0.0001797203,81407.0|28056.865
436,6,4648.31640625,6.517021179199219,1426.515625,1,0.00010540838411543518,0.9641191959381104,4648.3164|4695.1777|4730.0317|4764.0664|4775.8667|4820.1084,1|1|1|1|1|1,1|1|1|1|0|1,0.17083181|0.2178841|0.092385836|0.337204|0.019637076|0.16205718,0.00017760662|0.00016493171|0.00021238331|0.00019171441|0.0|0.00016728815,0.22658424|0.19442928|0.30424544|0.25977984|-6.0228753|0.20059027,0.0026694403|0.0034046858|0.0014436332|0.0052691945|0.00030685155|0.0025323268,0.01396612|0.01675629|0.006059161|0.028164785|0.00028110007|0.011822839,8.179882e-05|0.000104482424|4.416088e-05|0.00016197846|9.406371e-06|7.761989e-05,1054422.1|890313.75|1628604.9|494936.03|82614600.0|1180024.0
437,6,4735.31298828125,6.717859745025635,1409.768310546875,1,0.00010666057642083615,0.9352957010269165,4735.313|4760.0493|4779.844|4812.6436|4823.1787|4851.7944,1|1|1|1|1|1,1|1|1|1|1|0,0.2794575|0.16117308|0.22384413|0.137457|0.18914187|0.008926408,0.0013682042|0.0012726564|0.0011804453|0.0016096863|0.001343617|0.0,1.108147|1.0767072|1.044042|1.1787373|1.1002716|-6.028004,0.00620953|0.0035812566|0.004973804|0.0030542868|0.0042027216|0.00019834429,0.016032223|0.009142939|0.011200527|0.008815939|0.008204015|0.00069028104,0.00021609518|0.00012458384|0.00017311441|0.00010623491|0.00014623418|6.910126e-06,58356.406|107213.93|84061.8|97659.06|85736.086|91413784.0
438,4,4723.712890625,6.352296829223633,1487.24560546875,1,0.00010110415314557031,0.9891202449798584,4723.713|4750.542|4782.472|4815.6147,1|1|1|1,1|1|1|1,0.09258977|0.044699006|0.79562974|0.0670815,0.002717276|0.001999985|0.00026832893|0.0020611733,1.4293648|1.2962577|0.42389867|1.3093456,0.0011888382|0.0005739282|0.01021576|0.000861316,0.018353911|0.0048184716|0.012|0.010460543,0.00014688585|7.093641e-05|0.0015|0.00010666622,151219.0|336053.72|182271.42|269943.88
439,5,4757.20458984375,6.631371021270752,1434.7574462890625,1,0.00010480287164682522,0.9474941492080688,4757.2046|4785.084|4820.3086|4850.8193|4891.341,1|1|1|1|1,1|1|1|1|1,0.25052524|0.18416595|0.14576294|0.11566923|0.30387667,0.00072456035|0.00081566675|0.00076419854|0.0008952023|0.00095009187,0.8397014|0.8911396|0.8628331|0.93154806|0.95739245,0.0037778076|0.0027771394|0.0021980393|0.0017442398|0.004582323,0.012010255|0.007473917|0.005430778|0.003996622|0.015680535,0.00011523153|8.4678475e-05|6.701584e-05|5.3169162e-05|0.00013978055,181919.75|217756.1|290939.6|301173.47|114374.1
440,2,4592.591796875,6.834723472595215,1343.8997802734375,1,0.00011188833741471171,0.9193034768104553,4592.592|4603.109,1|1,1|1,0.6330622|0.36693782,0.00018390683|0.00016456743,0.2158133|0.16755937,0.012038663|0.0069778934,0.02178591|0.006875811,0.00012899964|7.4721844e-05,225817.25|435117.3
441,4,4671.6650390625,6.286365985870361,1486.2847900390625,1,0.00010116952034877613,0.9994940161705017,4671.665|4702.6714|4731.2285|4769.6123,1|1|1|1,1|1|1|1,0.060750064|0.8334575|0.044021346|0.061771087,0.0037364184|0.00081899785|0.0028143032|0.003288675,1.5674058|0.9082331|1.4443212|1.5119714,0.0011428691|0.015679536|0.0008281577|0.0011620772,0.0074830465|0.012|0.0059378734|0.006582789,0.000102004116|0.0014577479|7.402538e-05|0.00010389087,60935.51|38738.83|73195.4|67026.93
442,5,4598.70849609375,6.172485828399658,1490.06689453125,1,0.00010091272270074114,1.0179343223571777,4598.7085|4632.881|4674.1377|4689.662|4717.2866,1|1|1|1|1,1|1|1|1|1,0.08810589|0.264779|0.20971914|0.20872213|0.22867385,0.0009512845|0.0006864455|0.0006235152|0.0009056772|0.0006288955,0.9743645|0.8326602|0.7909012|0.95302755|0.7946326,0.001868663|0.0056157736|0.004447993|0.004426847|0.004850009,0.004442244|0.015839087|0.012667923|0.022461085|0.014421917,3.9833947e-05|0.00011980965|9.4891286e-05|9.44173e-05|0.00010347648,268213.8|129468.32|179861.52|124514.01|163624.52
443,2,4502.66796875,6.289248466491699,1431.8619384765625,1,0.00010501480574021116,0.9990359544754028,4502.668|4544.709,1|1,0|1,0.0033109884|0.996689,0.0|0.0009989935,-6.0212507|0.9783122,5.952224e-05|0.01791766,0.0002202015|0.012,3.4635395e-06|0.0010593223,57862870.0|27732.135
444,5,4817.0625,6.843077182769775,1407.8643798828125,1,0.00010680482955649495,0.9181812405586243,4817.0625|4849.31|4868.3438|4905.1587|4919.0386,1|1|1|1|1,1|1|1|0|1,0.3917457|0.35650733|0.09404527|0.00481883|0.15288289,0.002546269|0.0023266422|0.0021222746|0.0|0.0026198025,1.3773134|1.3381387|1.2982107|-6.0285907|1.3896778,0.0048851245|0.0044456967|0.0011727578|6.0091494e-05|0.0019064714,0.023803419|0.022143884|0.004696317|0.0003286322|0.009998918,0.00013757576|0.0001252041|3.3018263e-05|1.6918682e-06|5.36793e-05,39643.06|47697.344|118140.49|55399656.0|91153.99
445,3,4766.91552734375,6.7290754318237305,1416.8115234375,1,0.00010613036283757538,0.9337368011474609,4766.9155|4802.3765|4837.6226,1|1|1,1|1|1,0.13416395|0.18387398|0.6819621,0.0011741329|0.0014971375|0.0021007727,1.0438777|1.149422|1.2965394,0.0019427153|0.0026625243|0.0098749185,0.0025294393|0.0036909413|0.022983471,3.620518e-05|4.962433e-05|0.00018410706,97855.53|93762.46|23868.836
446,4,4730.46533203125,6.524101734161377,1450.1507568359375,1,0.00010369040683144704,0.9630728363990784,4730.4653|4775.8477|4800.271|4822.4775,1|1|1|1,1|1|1|1,0.34115812|0.25822562|0.2590002|0.14161605,0.0016046659|0.0017401156|0.0023563614|0.0020369708,1.1896461|1.2248396|1.3565034|1.2932463,0.004686656|0.0035473716|0.0035580124|0.0019454487,0.010365598|0.007474345|0.01175373|0.005216581,0.00014569455|0.000110261135|0.000110580935|6.0453538e-05,64717.68|75947.336|56928.65|99993.58
447,2,4606.07177734375,6.158345699310303,1495.8795166015625,1,0.00010052059951703995,1.0202715396881104,4606.072|4619.616,1|1,1|1,0.82119346|0.17880653,0.00027832517|0.0029986985,0.44229755|1.4746777,0.018757848|0.0040843305,0.005|0.012957942,0.0005|0.0001076178,95478.35|38601.95
448,4,4774.43408203125,6.59130859375,1448.7059326171875,1,0.00010379381274105981,0.9532530903816223,4774.434|4790.041|4802.3345|4837.3486,1|1|1|1,1|1|1|1,0.072283395|0.13449268|0.50761795|0.285606,0.00056582474|0.001595916|0.0034618012|0.0016709457,0.7365106|1.1868386|1.5231307|1.2067909,0.0013929814|0.0025918232|0.009782362|0.005503945,0.0019451135|0.00335208|0.020742564|0.0056060404,3.186147e-05|5.9289636e-05|0.00022384261|0.00012594745,65887.695|57579.49|14296.983|48391.062
449,4,4823.27783203125,6.799842834472656,1418.6439208984375,1,0.00010599326924420893,0.9240192174911499,4823.278|4861.8027|4874.3438|4893.325,1|1|1|1,1|1|1|1,0.31638226|0.19757695|0.32911092|0.15692987,0.0045626825|0.0032892306|0.0045745075|0.0024837293,1.633942|1.491816|1.635066|1.369826,0.006679254|0.004171115|0.0069479737|0.003313,0.015409814|0.0073857135|0.013988129|0.005419982,0.00016440987|0.00010267453|0.00017104426|8.155039e-05,14499.899|23067.725|13420.932|26509.895
450,6,4774.2900390625,6.554265022277832,1456.849853515625,1,0.00010321359877707437,0.9586406946182251,4774.29|4791.6|4839.3516|4869.6235|4900.745|4950.0,1|1|1|1|1|1,1|1|1|1|1|0,0.21692002|0.07568906|0.14608975|0.3365279|0.2169421|0.007831154,0.0029457298|0.0015910213|0.0037493613|0.003186547|0.0040590544|0.0,1.455456|1.187939|1.5602204|1.4895834|1.5946879|-6.0137367,0.0035127348|0.0012256849|0.0023657316|0.005449628|0.0035130924|0.00012681526,0.008607398|0.003830931|0.00952889|0.01342295|0.012456516|0.00021948598,0.00016981471|5.923238e-05|0.000114381226|0.00026368757|0.00016990502|6.140972e-06,41067.523|64151.656|44273.67|26899.473|30384.871|90434420.0
451,4,4622.72021484375,6.344230651855469,1457.2989501953125,1,0.00010318178829038516,0.9903778433799744,4622.72|4644.536|4683.5005|4699.342,1|1|1|1,1|1|1|1,0.17267385|0.12094948|0.4529995|0.25337717,0.0017847357|0.0021799195|0.0018697309|0.0018925357,1.2379708|1.3248374|1.2581761|1.2634411,0.0037751372|0.0026442967|0.009903847|0.0055395393,0.006729392|0.0059490027|0.021811908|0.013964826,6.008283e-05|4.2084102e-05|0.0001576702|8.817689e-05,68438.234|72539.64|26797.486|46781.996
452,3,4740.65380859375,6.672138690948486,1421.0296630859375,1,0.00010581532114883885,0.9417048096656799,4740.654|4753.696|4793.324,1|1|1,1|1|1,0.25726542|0.24188225|0.50085235,0.0014422062|0.0015425553|0.0016168407,1.1344788|1.1636922|1.1841187,0.0058205756|0.005472535|0.011331678,0.008486709|0.008100394|0.016712347,7.8586665e-05|7.388688e-05|0.00015302113,57555.01|56698.97|26998.994
453,2,4810.9326171875,6.825204849243164,1409.7547607421875,1,0.00010666160960681736,0.920585572719574,4810.9326|4859.247,1|1,1|0,0.9985846|0.0014153831,0.0004958342|0.0,0.6673285|-6.028008,0.015351115|2.1758504e-05,0.012|0.00078865694,0.001117014|1.5223577e-06,65545.695|77485464.0
454,6,4596.16064453125,6.55779504776001,1401.7396240234375,1,0.00010727149492595345,0.9581246972084045,4596.1606|4621.472|4650.07|4677.06|4693.1865|4711.998,1|1|1|1|1|1,0|1|1|1|1|0,0.0026582733|0.24475847|0.17863277|0.2037352|0.36056256|0.0096527105,0.0|0.00038854123|0.00060884625|0.0005956997|0.0004469832|0.0,-6.030484|0.55895287|0.7540234|0.74454314|0.61980695|-6.030484,3.588478e-05|0.0033040636|0.002411414|0.0027502787|0.0048673353|0.00013030464,0.00041169327|0.014543766|0.01918013|0.015631115|0.021264518|0.00040056114,1.7760963e-06|0.0001644046|0.00011966984|0.00013655282|0.0002426113|6.464602e-06,92309800.0|389173.2|340181.56|304700.56|229707.69|96993990.0
455,2,4810.689453125,6.709298610687256,1434.036376953125,1,0.00010485557140782475,0.9364891052246094,4810.6895|4832.627,1|1,1|1,0.13180718|0.86819285,0.00017658778|8.5643565e-05,0.22636938|-0.08789625,0.0030210628|0.019899258,0.0017310211|0.015905447,1.8633735e-05|0.00012299055,925977.1|293375.56
456,1,4633.9013671875,6.351334571838379,1459.1898193359375,1,0.00010304808529326692,0.9892700910568237,4633.9014,1,1,1.0,0.00045627385,0.64618576,0.019395322,0.010342826,0.0006030364,56384.98
457,2,4685.9365234375,6.289194583892822,1490.15478515625,1,0.00010090677824337035,0.9990445375442505,4685.9365|4717.177,1|1,1|1,0.35061163|0.6493884,0.000457749|0.00035028605,0.65670717|0.54050267,0.006751921|0.01250563,0.0071372786|0.012982881,7.790793e-05|0.00014440069,161106.3|114057.47
458,1,4642.70361328125,6.9268975257873535,1340.4857177734375,1,0.00011217330757062882,0.9070705771446228,4642.7036,1,1,1.0,3.0008136e-05,-0.57264906,0.019316873,0.014314897,0.00011896868,862565.0
459,2,4710.28173828125,6.284654140472412,1498.9788818359375,1,0.0001003127617877908,0.9997662901878357,4710.2817|4727.945,1|1,1|1,0.3460949|0.6539051,0.0012696475|0.0009611236,1.102327|0.9814231,0.0043094684|0.008142227,0.00727039|0.00891852,8.624927e-05|0.00016304225,88501.78|63139.688
460,1,4628.90478515625,6.8267083168029785,1356.1162109375,1,0.0001108804062823765,0.9203828573226929,4628.905,1,1,1.0,3.5994624e-05,-0.48861596,0.01699154,0.009690269,9.920768e-05,817508.9
461,6,4805.9912109375,6.8318328857421875,1406.9405517578125,1,0.00010687495523598045,0.9196925163269043,4805.991|4849.973|4860.321|4877.1367|4905.9785|4950.0,1|1|1|1|1|1,1|1|1|1|1|1,0.101062864|0.102483876|0.06315031|0.17350732|0.3934613|0.16633435,0.0009533314|0.0009117422|0.00097253546|0.000710106|0.0009851414|0.0009205177,0.950368|0.9309961|0.95902956|0.82244724|0.9646227|0.9351562,0.0022857967|0.0023179366|0.0014283066|0.0039243144|0.008899139|0.003762079,0.005236429|0.0048227874|0.0023591493|0.008785663|0.023448545|0.0105738845,5.9374684e-05|6.0225713e-05|3.710398e-05|0.00010202697|0.00023151856|9.7792465e-05,220068.72|226122.3|259686.23|178025.8|56913.004|143073.72
462,1,4885.48046875,7.097886562347412,1376.6014404296875,1,0.00010923038644250482,0.885219156742096,4885.4805,1,1,1.0,0.00012236263,0.0493057,0.01763357,0.013678462,0.00011555097,231705.55
463,6,4797.9755859375,6.643965244293213,1444.3109130859375,1,0.0001041096547851339,0.945698082447052,4797.9756|4812.8813|4848.7393|4872.574|4891.5894|4936.2295,1|1|1|1|1|1,1|0|1|1|1|0,0.07240883|0.004196398|0.07385347|0.11175928|0.7356538|0.0021282171,0.0013707917|0.0|0.0012422398|0.0012093147|0.00022071697|0.0,1.1194805|-6.017491|1.0767145|1.0650483|0.3263449|-6.017491,0.0014692781|8.515088e-05|0.0014985919|0.0022677546|0.014927462|4.318455e-05,0.008613303|0.0006793289|0.009583371|0.011818306|0.012|0.00046146775,0.00012716952|7.3768824e-06|0.00013009417|0.00019732329|0.0015|3.748976e-06,240982.92|77371410.0|263417.12|180144.88|151679.83|78213180.0
464,6,4813.96484375,6.6903839111328125,1439.06982421875,1,0.00010448881948832422,0.9391367435455322,4813.965|4840.48|4854.7983|4900.4497|4918.6367|4950.0,1|1|1|1|1|1,1|1|1|1|1|1,0.5265801|0.1041792|0.12089381|0.12548731|0.056037623|0.06682193,0.0002922631|0.0017513545|0.002216719|0.0018410872|0.0018759146|0.0019967845,0.44670433|1.2243043|1.3266408|1.2460046|1.2541432|1.2812614,0.006687341|0.0013230309|0.0015352994|0.0015936348|0.0007116537|0.0008486098,0.00742384|0.008762952|0.013315345|0.013887256|0.004840116|0.00730315,0.0008874928|0.00016068421|0.0001864496|0.00019369075|8.632033e-05|0.000102967,255283.89|205472.3|142119.88|166926.4|292811.66|267405.94
465,4,4760.544921875,6.930393695831299,1373.816650390625,1,0.00010945180838461965,0.9066130518913269,4760.545|4803.1177|4832.5767|4869.7905,1|1|1|1,1|0|1|0,0.10273063|0.0014088287|0.89119476|0.0046657585,0.00049188|0.0|0.00015129293|0.0,0.65263635|-6.0392227|0.140596|-6.0392227,0.0017850427|2.4479741e-05|0.015485359|8.1072e-05,0.0073767155|0.0008723651|0.012|0.00067870726,0.00014262173|1.9475663e-06|0.0015|6.468305e-06,566325.75|56293156.0|213356.42|97948110.0
466,3,4724.916015625,6.476234436035156,1459.1553955078125,1,0.00010305051546311006,0.9701911807060242,4724.916|4768.1973|4810.767,1|1|1,1|1|1,0.5126918|0.14210637|0.34520185,0.00015150591|0.00023518638|0.0001580364,0.16737969|0.3583622|0.18570724,0.008128855|0.0022531317|0.0054732612,0.021802219|0.0051532607|0.014446224,0.000107556436|2.9755092e-05|7.235994e-05,405965.06|941469.44|577978.0
467,3,4830.69775390625,6.6850433349609375,1445.2255859375,1,0.00010404377098893747,0.9398869872093201,4830.6978|4869.1475|4887.2554,1|1|1,1|1|1,0.19947998|0.1722186|0.6283014,0.0002305513|0.00024071404|0.00017041039,0.3455517|0.36428553|0.21428025,0.0030963179|0.0026731682|0.009752462,0.0052007735|0.0047599403|0.016429327,5.7888024e-05|4.9968836e-05|0.00018304201,698852.06|774777.6|300819.7
468,3,4662.36376953125,6.330223560333252,1473.0487060546875,1,0.0001020785712171346,0.9925692677497864,4662.364|4697.7676|4739.4604,1|1|1,1|1|1,0.5623513|0.097707815|0.33994088,0.0002702329|0.00047396251|0.00024907276,0.4228038|0.6668095|0.38739184,0.011270683|0.0019582666|0.0068131182,0.017293222|0.002018577|0.008473746,0.00021463985|3.716696e-05|0.00012958549,164124.36|506633.34|294384.25
469,2,4717.81982421875,6.546083927154541,1441.41748046875,1,0.00010431864211568609,0.9598388075828552,4717.82|4767.7983,1|1,1|1,0.7790026|0.22099741,0.0010349702|0.0008829751,0.99656594|0.9275866,0.017046394|0.0048359386,0.011566078|0.0019525882,0.00013751021|3.900268e-05,28092.012|78150.266
470,4,4839.20458984375,6.662044048309326,1452.768798828125,1,0.00010350353841204196,0.9431318044662476,4839.2046|4887.69|4925.9077|4935.959,1|1|1|1,1|1|1|1,0.2969275|0.3994422|0.14521931|0.15841097,0.00025074003|0.00032931208|0.00038528556|0.00034065664,0.38426864|0.5026526|0.5708276|0.51736176,0.005840243|0.007856596|0.0028563067|0.0031157725,0.011660899|0.019984998|0.007293944|0.006586274,0.00010404105|0.00013997608|5.082316e-05|5.5447545e-05,341262.56|193194.5|452910.16|469649.03
471,6,4527.3349609375,6.122391700744629,1478.943359375,1,0.0001016717214952223,1.0262632369995117,4527.335|4573.625|4596.076|4638.0825|4654.8506|4694.6733,1|1|1|1|1|1,1|1|1|1|1|1,0.121425405|0.10605051|0.11467056|0.20815569|0.29028136|0.15941647,0.0017697371|0.0022211894|0.0020321948|0.0017966585|0.002105781|0.0016696373,1.2407086|1.3393855|1.3007652|1.2472653|1.316213|1.2154219,0.0017169759|0.0014995724|0.0016214614|0.002943357|0.004104628|0.0022541762,0.0059838486|0.0068601705|0.006955555|0.011852959|0.014570663|0.0080852145,6.718624e-05|5.8685855e-05|6.34644e-05|0.00011525601|0.00016075152|8.826116e-05,149498.92|133276.56|138232.47|92437.7|56674.684|127227.49
472,5,4696.1181640625,6.53903865814209,1436.3328857421875,1,0.00010468792606843635,0.9608729481697083,4696.118|4711.6987|4731.001|4779.9995|4820.841,1|1|1|1|1,1|1|1|1|0,0.12722832|0.6239599|0.121981785|0.1183569|0.008473128,0.0016661437|0.0036119258|0.0021506601|0.001640222|0.0,1.2018158|1.5378423|1.3126752|1.195006|-6.0198965,0.002661231|0.0130513515|0.0025514895|0.002475668|0.00017723217,0.003744198|0.02732448|0.0055369656|0.0035379843|0.00033081323,5.5816014e-05|0.00027382118|5.351596e-05|5.1925887e-05|3.718265e-06,77628.36|10401.746|72368.32|77711.21|50550830.0
473,2,4887.7900390625,6.98483419418335,1399.5435791015625,1,0.00010743981692939997,0.8995468020439148,4887.79|4935.796,1|1,1|1,0.38757646|0.61242354,0.00012711587|0.00012213696,0.07303484|0.05568217,0.0063459165|0.010027412,0.010022594|0.0144903455,6.612854e-05|0.00010458462,619711.1|408221.38
474,1,4848.390625,6.854012966156006,1414.7596435546875,1,0.00010628427844494581,0.9167162775993347,4848.3906,1,1,1.0,0.00065142114,0.78739285,0.015712481,0.012,0.00064092164,48674.527
475,4,4860.7939453125,6.584995269775391,1476.32421875,1,0.00010185209248447791,0.9541670680046082,4860.794|4889.838|4935.7397|4947.503,1|1|1|1,1|1|1|1,0.21376152|0.17518573|0.099019095|0.51203364,0.00031834873|0.00034946614|0.00048226514|0.0003817662,0.4949333|0.53543526|0.67531604|0.5738277,0.0034270503|0.0028085983|0.0015874859|0.0082089845,0.008275418|0.0066440646|0.0036260274|0.018625198,0.00010519575|8.6164255e-05|4.8651484e-05|0.00025266976,457546.4|507860.56|640126.4|159470.55
476,3,4712.82568359375,6.382646083831787,1476.7623291015625,1,0.0001018218754325062,0.9844170212745667,4712.8257|4750.2944|4763.85,1|1|1,1|1|1,0.7408638|0.15808074|0.101055436,0.0032185977|0.0019886594|0.00037995493,1.4998256|1.2907194|0.5718911,0.011216086|0.0023932161|0.0015298985,0.024032809|0.00406747|0.0014523322,0.00031458115|6.708771e-05|4.2883774e-05,13588.762|58580.336|65684.984
477,6,4809.02880859375,6.8290228843688965,1408.4090576171875,1,0.00010676352394511923,0.9200708866119385,4809.029|4856.972|4871.7246|4893.9175|4922.7764|4932.7944,1|1|1|1|1|1,1|1|1|1|0|1,0.15007405|0.12308995|0.24504998|0.33354023|0.014323312|0.13392247,0.0028555214|0.0028470866|0.0048700557|0.003799291|0.0|0.0023042464,1.4272625|1.4259778|1.659111|1.5512797|-6.028423|1.3341061,0.001999827|0.0016402478|0.0032654386|0.0044446248|0.00019086676|0.0017845978,0.0065082097|0.006204383|0.016964307|0.015380207|0.00075877|0.0050572343,8.593052e-05|7.0491486e-05|0.00014036172|0.00019109735|8.226101e-06|7.670695e-05,56926.258|57306.65|28002.473|27291.84|85885080.0|69164.08
478,4,4608.91064453125,6.545486927032471,1408.2713623046875,1,0.00010677396494429559,0.9599263668060303,4608.9106|4648.4946|4687.4697|4726.9897,1|1|1|1,1|1|1|1,0.50276333|0.2613603|0.1625565|0.0733199,0.00037237487|0.00040681852|0.00044408857|0.0007632936,0.5425151|0.5809355|0.6190043|0.8542263,0.0065063583|0.0033823142|0.0021036754|0.0009488471,0.016892338|0.009032402|0.005987986|0.0032710233,0.00016105235|8.360713e-05|5.197235e-05|2.342909e-05,206262.95|362571.47|531988.3|646812.2
479,4,4815.83447265625,6.573391437530518,1465.2510986328125,1,0.00010262180148856714,0.9558514356613159,4815.8345|4838.3794|4879.802|4891.6963,1|1|1|1,1|0|0|0,0.95363736|0.0051064286|0.015383995|0.0258722,0.00035297006|0.0|0.0|0.0,0.53649837|-6.0112395|-6.0112395|-6.0112395,0.012077669|6.4672124e-05|0.0001948359|0.0003276674,0.032053843|0.00097313087|0.00044068618|0.00043317795,0.00030005135|1.5983927e-06|4.8191687e-06|8.114054e-06,117271.04|62166944.0|73656504.0|61162210.0
480,5,4739.72705078125,6.749335765838623,1404.5018310546875,1,0.00010706053581088781,0.9309338927268982,4739.727|4777.588|4821.658|4855.806|4879.9727,1|1|1|1|1,0|1|0|1|0,0.020577004|0.42427355|0.011520929|0.5294253|0.014203196,0.0|0.0001539721|0.0|0.00019011811|0.0,-6.029629|0.15781291|-6.029629|0.24939431|-6.029629,0.000281983|0.005814157|0.00015788042|0.0072551346|0.00019463766,0.0008033219|0.018731683|0.00079159765|0.021202939|0.00068876834,8.613927e-06|0.0001787632|4.816132e-06|0.00022310858|5.941965e-06,67382740.0|558478.9|79154880.0|362459.94|93456480.0
481,3,4719.50537109375,6.974526405334473,1353.3551025390625,1,0.00011110662308055907,0.9008762836456299,4719.5054|4753.7056|4784.0215,1|1|1,1|1|1,0.7127166|0.19952907|0.08775436,6.038232e-05|0.0006503255|0.0004995709,-0.26482943|0.7673909|0.6528573,0.014117081|0.003952157|0.001738188,0.0051489575|0.019686282|0.0064786654,0.000546271|0.00014136202|6.21203e-05,586447.06|194275.3|571546.56
482,5,4792.078125,6.778052806854248,1413.99853515625,1,0.00010634148929966614,0.926989734172821,4792.078|4809.804|4834.641|4880.1846|4905.6987,1|1|1|1|1,1|1|1|1|1,0.120956965|0.12349093|0.6144974|0.080652654|0.060402054,0.004784332|0.0050916243|0.00048642638|0.0024794615|0.002626072,1.6531186|1.6801536|0.66031444|1.3676547|1.3926039,0.0025801074|0.0026341588|0.013107713|0.0017203846|0.0012884234,0.019300295|0.021547081|0.007882669|0.0061587454|0.005727741,0.00015514209|0.00015846497|0.00080841157|0.00010354911|7.753321e-05,37362.47|34672.957|78052.98|87621.29|84692.67
483,2,4838.0205078125,6.563173770904541,1474.29296875,1,0.00010199242387898266,0.9573394656181335,4838.0205|4867.71,1|1,1|1,0.34038034|0.6596197,0.00044761796|0.00036245448,0.6423397|0.5506857,0.00688563|0.013343594,0.005569684|0.010277048,8.0304584e-05|0.0001557377,161072.77|103240.86
484,5,4565.1552734375,6.520073413848877,1400.338623046875,1,0.00010737882257672027,0.9636678695678711,4565.1553|4578.24|4596.9985|4638.6846|4666.0874,1|1|1|1|1,1|0|1|1|1,0.29535335|0.0068338984|0.11662609|0.20452525|0.37666142,0.0011629885|0.0|0.0012374946|0.0011303338|0.0010048522,1.0346568|-6.0309186|1.0616246|1.0222881|0.9711836,0.006750781|0.00015619987|0.002665679|0.0046747574|0.008609209,0.019400364|0.0008107412|0.0071353354|0.013363162|0.0227562,0.00016314494|3.7740137e-06|6.439226e-05|0.000112966976|0.00020818469,63437.68|81768830.0|146489.31|93889.02|57674.99
485,1,4858.9130859375,6.759734630584717,1437.604736328125,1,0.00010459531040396541,0.9295017719268799,4858.913,1,1,1.0,0.0001346468,0.10968418,0.019200912,0.01047237,0.00011536588,193360.94
486,2,4500.42822265625,6.297155857086182,1429.3526611328125,1,0.00010519917123019695,0.9977814555168152,4500.428|4531.1587,1|1,1|1,0.40252414|0.5974759,0.00022366227|0.0002052398,0.3275806|0.29024947,0.009106507|0.013516998,0.007920712|0.013838617,7.674009e-05|0.000113958915,245288.23|180190.53
487,1,4741.07568359375,6.775429725646973,1399.4908447265625,1,0.00010744386963779107,0.9273486137390137,4741.0757,1,1,1.0,7.811819e-05,-0.13842896,0.020682221,0.009680832,0.00018056792,309447.84
488,4,4673.05029296875,6.4421257972717285,1450.7789306640625,1,0.0001036454996210523,0.9753279685974121,4673.0503|4694.959|4744.8096|4764.043,1|1|1|1,1|1|0|0,0.38300365|0.59820247|0.011809356|0.006984505,0.0010103582|0.0019783254|0.0|0.0,0.988925|1.2807473|-6.0155506|-6.0155506,0.008468851|0.013227257|0.0002611246|0.00015443908,0.011409977|0.027519664|0.00035810572|0.00062167394,0.00014099787|0.00022020024|4.3487157e-06|2.5704276e-06,57948.336|19002.969|89012020.0|69802760.0
489,2,4808.45361328125,6.758200168609619,1422.998291015625,1,0.00010566893615759909,0.9297127723693848,4808.4536|4843.491,1|1,1|1,0.11315611|0.88684386,0.0061016222|0.0010837836,1.761498|1.0109953,0.0021910705|0.017172184,0.014185411|0.011521462,9.288118e-05|0.00073331554,25788.742|26584.059
490,5,4605.9130859375,6.413183689117432,1436.3890380859375,1,0.00010468383698025718,0.9797295331954956,4605.913|4631.82|4644.4917|4673.8506|4701.202,1|1|1|1|1,1|1|1|1|1,0.25572982|0.18359599|0.20439008|0.28272855|0.07355555,0.0040418315|0.0030287039|0.0032869957|0.0027342502|0.0015123405,1.5866987|1.4613771|1.4969195|1.4169586|1.15977,0.003676324|0.0026393416|0.0029382734|0.004064453|0.0010574209,0.013125841|0.008851595|0.009955198|0.010212373|0.0036166415,0.0001317377|9.458397e-05|0.000105299936|0.0001456898|3.7888578e-05,29907.85|53650.598|45003.258|41330.902|74874.44
491,5,4557.14453125,6.391259670257568,1426.05517578125,1,0.00010544242104515433,0.9830902814865112,4557.1445|4598.1484|4638.3906|4671.738|4685.128,1|1|1|1|1,1|1|1|1|1,0.15077667|0.121431194|0.12714209|0.16133638|0.43931368,0.0006999386|0.00090653234|0.00085569883|0.0007508578|0.00095054985,0.8220447|0.93436795|0.90930563|0.8525424|0.9549596,0.0018768408|0.0015115537|0.0015826417|0.002008286|0.0054684975,0.004483927|0.006316566|0.006003862|0.008725284|0.02772972,8.931291e-05|7.19057e-05|7.530668e-05|9.5614145e-05|0.00026081648,370731.8|356926.7|361257.5|329010.6|96071.516
492,5,4633.462890625,6.420288562774658,1443.381591796875,1,0.00010417668818263337,0.9786453247070312,4633.463|4672.146|4688.429|4712.363|4749.959,1|1|1|1|1,1|1|1|1|1,0.4347573|0.10176742|0.11178874|0.19016902|0.16151753,0.00020836409|0.00017357047|0.00016463506|0.00014225875|0.00013122639,0.30105254|0.22170554|0.19875205|0.13530876|0.10025096,0.008948832|0.0020947307|0.0023010047|0.003914346|0.0033245978,0.026563147|0.0031427976|0.004177131|0.008289441|0.0059295986,0.00017930065|4.184259e-05|4.5972374e-05|7.8312536e-05|6.6499415e-05,268134.47|1370796.1|1317716.8|897630.2|1145476.9
493,4,4766.72900390625,6.7019734382629395,1422.4852294921875,1,0.00010570704762358218,0.9375126957893372,4766.729|4792.4907|4805.4136|4847.6006,1|1|1|1,1|0|1|1,0.44064415|0.018517409|0.22622482|0.3146136,0.0004581057|0.0|0.000554312|0.00043985422,0.6368618|-6.024104|0.7196504|0.61920494,0.009388305|0.0003945294|0.0048199156|0.0067031155,0.0145385815|0.00045974465|0.008129991|0.009273479,0.00022378266|9.409835e-06|0.000114704046|0.00015967205,116124.23|78446696.0|186146.62|169146.8
494,4,4619.6220703125,6.223574161529541,1484.5560302734375,1,0.00010128732537850738,1.0095783472061157,4619.622|4660.57|4687.413|4707.8706,1|1|1|1,1|1|1|1,0.18374|0.31985345|0.32382274|0.17258382,0.00095675216|0.00080879166|0.0011761119|0.0009773213,0.9752444|0.90228164|1.0648936|0.9844823,0.0024243288|0.0042202566|0.0042726286|0.0022771303,0.0059534204|0.013707032|0.015415405|0.0051677856,7.857007e-05|0.00013688639|0.00013853081|7.380475e-05,209950.06|145981.97|98928.11|216478.53
495,1,4885.8740234375,6.786981105804443,1439.7783203125,1,0.00010443740029586479,0.9257702827453613,4885.874,1,1,1.0,9.6128475e-05,-0.036003556,0.021895949,0.012,0.0006509466,237529.95
496,5,4501.42724609375,6.423053741455078,1401.6470947265625,1,0.00010727858170866966,0.978223979473114,4501.4272|4523.2256|4534.4326|4551.6255|4565.729,1|1|1|1|1,1|1|0|1|1,0.5027125|0.12722737|0.019475631|0.090866335|0.2597182,0.0002355345|0.0001522914|0.0|0.00021548297|0.00013881204,0.3415417|0.15216263|-6.030513|0.30290014|0.11191445,0.010455808|0.0026461745|0.00040506944|0.0018899092|0.0054018223,0.033751715|0.0049890303|0.0005843877|0.0050117276|0.017150346,0.0002553007|6.435499e-05|9.870957e-06|4.5905126e-05|0.00013179635,203018.44|1239511.2|93740904.0|1225384.9|666764.5
497,5,4770.3779296875,6.763274669647217,1410.671142578125,1,0.00010659232793841511,0.9290152788162231,4770.378|4784.824|4813.616|4847.8105|4892.9443,1|1|1|1|1,1|1|1|1|1,0.26056626|0.16902243|0.17381164|0.2857402|0.11085947,0.0052095125|0.003931571|0.0035754782|0.0051918984|0.002053141,1.6890712|1.5668402|1.5256082|1.6876003|1.2846929,0.00533188|0.0034586492|0.0035566494|0.0058470056|0.0022684801,0.012416569|0.008470688|0.0077216607|0.0130538065|0.0054337108,0.000119007134|7.719633e-05|7.938731e-05|0.00013051942|5.063421e-05,12861.9|17650.121|18097.986|12488.637|22451.387
498,1,4697.85107421875,6.716341495513916,1398.9315185546875,1,0.0001074868268915452,0.9355071187019348,4697.851,1,1,1.0,9.113926e-05,-0.07164924,0.022848392,0.008382555,0.0009918322,240069.12
499,6,4661.16796875,6.57422399520874,1418.01318359375,1,0.00010604042472550645,0.9557303190231323,4661.168|4700.024|4725.1597|4772.803|4814.3896|4825.4956,1|1|1|1|1|1,1|1|1|1|1|1,0.28868443|0.122826256|0.054282323|0.15692148|0.13873559|0.23854993,0.0052180463|0.0043109134|0.0011581007|0.004026816|0.0031560084|0.00394635,1.6920365|1.6090978|1.0382749|1.5794904|1.4736667|1.5707241,0.0060753543|0.0025848744|0.0011423697|0.003302407|0.0029196858|0.0050202752,0.019980004|0.009976369|0.0037497093|0.010507682|0.006966868|0.014549597,0.00015288038|6.504648e-05|2.8746952e-05|8.311634e-05|7.348596e-05|0.0001263674,14489.783|32013.176|44759.38|30028.572|35764.734|23007.07
500,2,4560.513671875,6.436229228973389,1417.138427734375,1,0.00010610587924020365,0.97622150182724,4560.5137|4582.605,1|1,1|1,0.13117607|0.86882395,0.007068992|0.0014584968,1.823618|1.1381661,0.0022036678|0.0145956455,0.014665703|0.0064095845,7.527743e-05|0.0005,13517.386|22126.041
501,3,4726.7353515625,6.582026481628418,1436.25537109375,1,0.00010469357948750257,0.9545974135398865,4726.7354|4771.495|4811.0054,1|1|1,1|0|1,0.47152874|0.011829933|0.5166413,0.00015741476|0.0|0.00018859946,0.17712569|-6.01992|0.25562063,0.005934952|0.00014889885|0.006502767,0.012986259|0.00066759315|0.017508224,0.00014498172|3.6187046e-06|0.00015878369,535101.94|64656148.0|407638.78
502,6,4816.80712890625,6.755993843078613,1425.9359130859375,1,0.00010545123950578272,0.9300164580345154,4816.807|4842.362|4875.773|4897.836|4935.9424|4950.0,1|1|1|1|1|1,1|0|1|1|1|1,0.13901488|0.0055219424|0.183632|0.26883027|0.22229715|0.18070374,0.00010118675|0.0|9.2961454e-05|0.00014418516|0.00010286893|9.535626e-05,-0.017927628|-6.0230517|-0.054748327|0.13586918|-0.010767061|-0.043702014,0.0028147923|0.000111809044|0.003718206|0.005443312|0.004501103|0.0036589142,0.0076586157|0.00074754405|0.011964231|0.020847877|0.014348353|0.008906278,0.00010068604|3.966806e-06|0.00013358462|0.00019544314|0.0001619374|0.00013140959,1755136.0|53926764.0|1446447.1|637032.5|1079792.5|1432879.1
503,2,4845.28125,6.869821548461914,1410.598876953125,1,0.00010659777763066813,0.9146068096160889,4845.2812|4863.859,1|1,1|1,0.07225617|0.92774385,0.0029354128|0.0004592565,1.439921|0.63430727,0.001433873|0.018410426,0.0070390915|0.012,7.777874e-05|0.0010295393,83755.44|59025.637
504,5,4589.74365234375,6.52823543548584,1406.1207275390625,1,0.00010693726653698832,0.9624630212783813,4589.7437|4619.464|4645.105|4685.6|4707.6,1|1|1|1|1,0|1|1|1|1,0.019265264|0.0742634|0.29750744|0.24420618|0.36475772,0.0|0.0013780021|0.0011726653|0.0015618147|0.0014567877,-6.029129|1.1101209|1.040045|1.1645005|1.1342672,0.00027924293|0.0010764209|0.0043122615|0.003539679|0.0052870293,0.0003176489|0.0029423628|0.010833582|0.015048519|0.015852379,8.362749e-06|3.21727e-05|0.00012898858|0.000105852254|0.00015815574,63071796.0|207276.05|97607.08|89378.086|64319.246
505,3,4825.4228515625,6.948416233062744,1388.9273681640625,1,0.00010826103243744001,0.9042615294456482,4825.423|4844.6143|4875.4546,1|1|1,1|1|1,0.18693565|0.698744|0.11432035,0.00012477426|2.908372e-05|0.00016839012,0.061653186|-0.5708207|0.19184473,0.003996981|0.014940256|0.0024443506,0.0097562205|0.009296194|0.007557808,0.00013607215|0.0005991607|8.280693e-05,1002361.6|1150680.2|1214014.2
506,2,4829.05322265625,6.7404255867004395,1432.8629150390625,1,0.00010494144953554496,0.9321644306182861,4829.053|4848.8667,1|1,1|1,0.15718785|0.8428122,0.00025592366|5.7515364e-05,0.38716355|-0.26116243,0.0030701656|0.016461661,0.0123857|0.012,0.00010317214|0.00060181704,636037.56|528078.9
507,5,4690.6826171875,6.562140941619873,1429.61962890625,1,0.00010517952614463866,0.9574902057647705,4690.6826|4700.724|4731.805|4767.92|4806.6084,1|1|1|1|1,1|1|0|1|1,0.13937362|0.387153|0.022794588|0.22584628|0.22483252,0.0024792892|0.00420012|0.0|0.002567356|0.0019404303,1.372396|1.6013305|-6.021931|1.3875549|1.2659669,0.002260537|0.0062793344|0.0003697113|0.003663059|0.0036466166,0.0067270542|0.02740679|0.0005636943|0.0129207065|0.008267596,5.744365e-05|0.00015958973|9.4351535e-06|9.310028e-05|9.2689e-05,73072.89|18459.076|97989570.0|50767.88|66121.734
508,1,4693.55224609375,6.592363357543945,1423.9361572265625,1,0.00010559933434706181,0.9531006217002869,4693.5522,1,1,1.0,0.0007244491,0.83634675,0.022329813,0.010677782,0.00013686193,30750.922
509,3,4868.11572265625,6.796850681304932,1432.462158203125,1,0.00010497080802451819,0.9244259595870972,4868.1157|4915.8843|4950.0,1|1|1,1|1|1,0.29248372|0.32586035|0.38165593,0.0007794445|0.0006779782|0.0008170809,0.87071675|0.8101472|0.89119655,0.005316008|0.0059226416|0.006936748,0.010937701|0.010961435|0.017405294,9.082404e-05|0.00010120728|0.000118535776,119947.84|123959.26|87987.97
510,6,4768.65234375,6.410493850708008,1487.764404296875,1,0.00010106890113092959,0.9801405668258667,4768.6523|4787.5176|4802.237|4852.192|4872.5884|4918.43,1|1|1|1|1|1,1|1|0|1|1|1,0.21778238|0.33274576|0.004282203|0.11674623|0.08868341|0.23976001,0.0024748398|0.0036787773|0.0|0.002469443|0.0017376841|0.002682535,1.3889296|1.5610859|-6.0046177|1.3879815|1.2353534|1.4239279,0.0043414235|0.006633183|8.536439e-05|0.0023272997|0.0017678762|0.0047795414,0.009680496|0.017462946|0.00079372496|0.0054320763|0.00357009|0.012563915,0.00010574137|0.0001615717|2.0792218e-06|5.668317e-05|4.3057204e-05|0.0001164303,43117.637|19494.771|90368790.0|59741.96|71888.06|37048.82
511,2,4793.1708984375,6.523192882537842,1469.578125,1,0.00010231963824480772,0.9632070660591125,4793.171|4814.7114,1|1,1|1,0.710315|0.289685,0.0030003628|0.0026693207,1.4672148|1.4164417,0.013061942|0.005327001,0.01796301|0.0065639047,0.00011818799|4.8197555e-05,12362.164|26999.633
512,3,4890.96337890625,6.550045967102051,1493.4134521484375,1,0.00010068659321404994,0.9592581987380981,4890.9634|4901.7803|4944.8364,1|1|1,1|1|1,0.26759818|0.20010683|0.532295,0.000488726|0.00042407346|0.00037317985,0.68609387|0.6244696|0.56894666,0.005970944|0.004465003|0.01187715,0.009622465|0.004486819|0.012830153,8.1195285e-05|6.0712602e-05|0.00016166235,170858.86|261471.33|112703.8
513,2,4600.43701171875,6.2762603759765625,1465.9803466796875,1,0.00010257076064590365,1.001103401184082,4600.437|4639.9824,1|1,1|1,0.5725652|0.42743477,0.00010745341|0.00010540619,0.020197036|0.011842962,0.010774281|0.00804328,0.018116336|0.009592522,8.886852e-05|6.631587e-05,431863.22|589682.5
514,6,4810.85986328125,6.475134372711182,1485.948974609375,1,0.00010119237413164228,0.9703559279441833,4810.86|4850.4253|4869.049|4889.3003|4936.7363|4950.0,1|1|1|1|1|1,1|1|1|1|1|1,0.12063336|0.108044855|0.22691515|0.117567234|0.3289476|0.0978918,0.00038906472|0.0005198193|0.0003702787|0.00045278014|0.0006010855|0.00048381177,0.58487415|0.7107047|0.5633811|0.65073967|0.7737885|0.6795287,0.0022257569|0.0019934915|0.0041867187|0.0021691849|0.0060692774|0.0018061616,0.0060835117|0.0067060194|0.011546077|0.0064318865|0.029877927|0.0054630856,6.3498155e-05|5.6859662e-05|0.00011960631|6.188915e-05|0.00017335945|5.1523115e-05,574866.6|479402.78|322173.75|506381.28|136996.42|567372.06
515,2,4702.81982421875,6.313171863555908,1489.84375,1,0.0001009278348647058,0.9952501654624939,4702.82|4720.559,1|1,1|1,0.46250135|0.53749865,0.0017098578|0.0014980311,1.2289491|1.1715099,0.0072162957|0.008386461,0.008567759|0.010345367,0.00011113233|0.00012916488,38820.895|38937.18
516,5,4575.28076171875,6.126745700836182,1493.54345703125,1,0.00010067782568512484,1.0255337953567505,4575.281|4587.3555|4624.2476|4640.5166|4667.8193,1|1|1|1|1,1|1|1|1|1,0.08409976|0.2463342|0.35334876|0.2409182|0.07529909,0.0011945142|0.0029913438|0.003975096|0.0026137931|0.0019215172,1.0742576|1.4729326|1.5964139|1.4143374|1.2807105,0.0011164579|0.0032701844|0.0046908455|0.0031982851|0.0009996254,0.002716944|0.00933632|0.017208407|0.008167628|0.0039732098,5.313587e-05|0.00015571744|0.00022341372|0.00015232652|4.7585087e-05,90914.54|45503.582|25375.25|53263.95|86862.7
517,4,4666.19873046875,6.45318603515625,1446.1689453125,1,0.00010397589358035475,0.9736562967300415,4666.1987|4688.807|4712.979|4731.8926,1|1|1|1,0|1|1|1,0.011582772|0.37777326|0.41493776|0.1957062,0.0|0.00015161926|0.00022149019|0.00014979014,-6.0169325|0.163822|0.32842204|0.15855086,0.00024021688|0.007834697|0.008605458|0.0040587806,0.00046150427|0.016615199|0.023688205|0.0053287,3.6320637e-06|0.00011874892|0.00013033768|6.143265e-05,85856690.0|420876.84|262301.8|821727.1
518,2,4795.41015625,6.401049613952637,1498.3199462890625,1,0.0001003568759188056,0.981586754322052,4795.41|4833.037,1|1,1|1,0.68046415|0.31953585,0.00011465732|0.00013398014,0.057855032|0.12549362,0.009412247|0.004419851,0.014001281|0.0073463838,0.00010776728|5.052477e-05,463281.03|844056.7
519,5,4765.4248046875,6.705033779144287,1421.4468994140625,1,0.0001057842600857839,0.9370848536491394,4765.425|4785.4253|4832.683|4875.7886|4909.3247,1|1|1|1|1,0|1|1|1|1,0.009610207|0.16094176|0.27083367|0.21723776|0.3413766,0.0|0.0001003407|0.000115656796|8.205258e-05|0.00011280776,-6.024421|-0.022943465|0.038750485|-0.11032827|0.027918292,0.00020896127|0.0034994662|0.0058889203|0.0047235484|0.007422783,0.0006064335|0.007689275|0.016428813|0.0075617544|0.020015016,4.828571e-06|8.116993e-05|0.00013691199|0.00010992465|0.00017293698,85064380.0|1423659.1|734071.44|1289882.8|597101.7
520,5,4733.390625,6.539389133453369,1447.6552734375,1,0.00010386914073023945,0.9608214497566223,4733.3906|4780.992|4811.0596|4829.8857|4854.032,1|1|1|1|1,1|0|0|1|1,0.27716216|0.015587623|0.014986149|0.37020922|0.32205483,0.0015503971|0.0|0.0|0.0017322166|0.0014578525,1.1739565|-6.0164866|-6.0164866|1.2221156|1.1472272,0.0037474495|0.00021075686|0.00020262446|0.0050055184|0.004354433,0.0093813995|0.0006067228|0.00030284977|0.016856711|0.010911943,0.000120884535|6.8093427e-06|6.5456807e-06|0.0001615201|0.00014051465,83428.67|90596240.0|88691976.0|56997.523|77207.58
521,4,4540.58544921875,6.184540748596191,1468.3662109375,1,0.00010240409028483555,1.0159502029418945,4540.5854|4586.0737|4611.142|4642.0757,1|1|1|1,1|1|1|1,0.3615692|0.2888902|0.09434967|0.25519094,0.0033400368|0.0030782616|0.001407494|0.0054059634,1.5134339|1.4779882|1.1381292|1.7225558,0.0058748936|0.004693982|0.001533024|0.004146425,0.012521818|0.012504149|0.0033337446|0.018373912,0.00016926673|0.0001352479|4.4160835e-05|0.00011945587,23582.03|32434.877|51416.934|20244.227
522,1,4779.35546875,6.90828275680542,1383.659423828125,1,0.00010867320816032588,0.9095147848129272,4779.3555,1,1,1.0,3.303469e-05,-0.51715094,0.020766895,0.009318897,0.00085771777,728816.3
523,4,4720.83251953125,6.414051055908203,1472.0283203125,1,0.00010214932990493253,0.9795969724655151,4720.8325|4750.459|4770.4673|4801.616,1|1|1|1,1|1|1|1,0.21408807|0.21894427|0.36694488|0.20002279,0.0006316728|0.00063350366|0.0007507275|0.0007278082,0.7912567|0.79251367|0.8662468|0.8527815,0.004418086|0.0045183017|0.0075725564|0.0041278237,0.0058816858|0.00695458|0.012625455|0.006750699,0.00010825029|0.00011071893|0.0001856516|0.00010113241,176976.61|173154.02|87625.65|164385.73
524,2,4566.5791015625,6.427174091339111,1421.0223388671875,1,0.00010581586684565991,0.9775968194007874,4566.579|4589.3423,1|1,1|1,0.5724819|0.4275181,0.00020036793|0.00017143501,0.27727762|0.20954897,0.012906936|0.009638643,0.017112078|0.0104844775,0.00014220948|0.00010617336,193310.78|302505.06
525,1,4814.31787109375,6.7189202308654785,1433.06298828125,1,0.00010492679575691,0.9351481199264526,4814.318,1,1,1.0,0.0007612666,0.8606504,0.017645324,0.011293988,0.00074935774,37023.89
526,6,4735.0205078125,6.6432318687438965,1425.51708984375,1,0.00010548222053330392,0.9458025097846985,4735.0205|4778.4146|4802.866|4819.408|4851.472|4881.0483,1|1|1|1|1|1,1|1|1|1|1|1,0.12118717|0.08523598|0.2920873|0.115034856|0.14977175|0.23668295,0.0027315204|0.0019777324|0.0024001447|0.002410375|0.002490797|0.0031782421,1.4132252|1.2729883|1.3570582|1.3589053|1.373159|1.4790077,0.0024343072|0.0017121496|0.005867206|0.0023107245|0.0030084902|0.0047542905,0.007531002|0.0042279535|0.018780993|0.006477256|0.008093882|0.016031317,8.4936e-05|5.97545e-05|0.00020491733|8.06677e-05|0.0001050411|0.00016601695,61717.125|84651.56|34844.46|72575.18|58688.574|31564.627
527,5,4781.32861328125,6.412038326263428,1491.3599853515625,1,0.00010082522931043059,0.9799045324325562,4781.3286|4825.72|4841.696|4865.325|4903.0063,1|1|1|1|1,1|1|1|1|1,0.188768|0.09853398|0.20498583|0.3502379|0.15747428,0.00032913845|0.0005123254|0.00029902213|0.0005067547|0.0003941427,0.5138095|0.7059767|0.47213423|0.7012286|0.59208435,0.003995766|0.002085728|0.0043390584|0.007413697|0.0033333527,0.010186016|0.0060549635|0.00976534|0.0252784|0.010971124,0.00011723553|6.1102524e-05|0.00012740956|0.0002177081|9.775678e-05,379765.8|464393.2|384985.03|133031.47|380056.53
528,4,4683.91259765625,6.402186870574951,1463.22265625,1,0.00010276406828779727,0.9814123511314392,4683.9126|4710.648|4722.2637|4738.13,1|1|1|1,1|1|1|1,0.17843042|0.14015251|0.4222478|0.25916928,0.0015591732|0.0014497602|0.0014857983|0.0012589092,1.181053|1.149455|1.1601186|1.0881531,0.0024895265|0.0019554591|0.0058913557|0.0036160245,0.0074854833|0.004555115|0.018730393|0.009141803,9.025109e-05|7.0888804e-05|0.00021377145|0.00013116194,122716.36|155289.1|56744.258|107624.9
529,6,4520.9072265625,6.3022356033325195,1434.699462890625,1,0.00010480711353011429,0.9969772100448608,4520.907|4537.735|4565.098|4580.252|4628.6553|4641.1626,1|1|1|1|1|1,1|0|1|1|1|1,0.08954023|0.020866375|0.21828322|0.12877375|0.41964403|0.1228924,0.00029683075|0.0|0.0002497843|0.0001922112|0.0003247513|0.00021892067,0.45211828|-6.020391|0.37717456|0.26338816|0.49116027|0.31989622,0.0019608517|0.0004569552|0.0047802096|0.0028200313|0.009189833|0.002691235,0.005177137|0.0005423561|0.020725856|0.0047390745|0.033662453|0.0061818813,3.783021e-05|8.839843e-06|9.234322e-05|5.4455475e-05|0.0001776932|5.1959614e-05,856191.9|83989280.0|418691.56|920905.1|167521.52|847581.3
530,4,4655.28662109375,6.642970561981201,1401.5677490234375,1,0.00010728464985731989,0.9458397030830383,4655.2866|4689.86|4716.508|4753.5425,1|1|1|1,0|1|1|1,0.011936181|0.34740686|0.4578956|0.18276136,0.0|0.00031415044|0.00051170564|0.00053154177,-6.0305376|0.4666002|0.67848265|0.6949999,0.00021204517|0.0061716517|0.008134474|0.0032467388,0.00095365074|0.007753097|0.014495586|0.005753196,7.4956624e-06|0.00021922724|0.00028863622|0.00011485093,55279450.0|257407.86|119952.16|286922.62
531,1,4625.921875,6.689151287078857,1383.1116943359375,1,0.00010871623817365617,0.9393097758293152,4625.922,1,1,1.0,5.0013256e-05,-0.33720845,0.021774296,0.012,0.00059497735,459124.88
532,1,4572.78759765625,7.160589694976807,1277.209716796875,1,0.00011773063306463882,0.8774675726890564,4572.7876,1,1,1.0,0.00014389522,0.0871572,0.020365607,0.007966797,0.00013923054,170546.0
533,2,4594.52587890625,6.448480606079102,1424.994873046875,1,0.00010552087769610807,0.9743667840957642,4594.526|4605.552,1|1,1|1,0.5542345|0.44576547,0.0010990762|0.0008768357,1.0176895|0.91957986,0.008318116|0.00669018,0.012932178|0.008615637,0.000115338815|9.276624e-05,54271.566|84293.27
534,4,4840.47705078125,6.6671857833862305,1452.030029296875,1,0.00010355620179325342,0.9424043893814087,4840.477|4852.6074|4898.533|4908.745,1|1|1|1,1|1|1|1,0.35804832|0.26855347|0.12680042|0.24659781,0.0010695179|0.001305448|0.0011231733|0.0009942198,1.014012|1.1005836|1.0352707|0.98230636,0.0060193767|0.004514822|0.002131722|0.0041457117,0.010801086|0.011558292|0.003261|0.0081334,0.000109304485|8.1969796e-05|3.8697646e-05|7.527369e-05,76798.0|83596.75|175662.05|119229.83
535,2,4643.197265625,6.597148895263672,1407.6375732421875,1,0.0001068220371962525,0.9524092078208923,4643.1973|4659.312,1|1,1|1,0.6981963|0.30180368,0.0011960693|0.0010043738,1.0490955|0.97323453,0.014540773|0.0062854225,0.011351969|0.0030508176,0.000115880415|5.0085477e-05,28392.834|68213.016
536,4,4684.40234375,6.364196300506592,1472.1112060546875,1,0.00010214358189841732,0.9872707724571228,4684.4023|4729.227|4748.5547|4788.0205,1|1|1|1,1|0|1|1,0.19410022|0.0014795001|0.11385926|0.690561,0.0013900787|0.0|0.001291243|0.00019155405,1.1338283|-6.009211|1.1017969|0.27308047,0.0024358132|1.8566623e-05|0.001428849|0.008666026,0.018804539|0.0005895749|0.010524444|0.0068003875,0.00013563254|1.0327959e-06|7.955492e-05|0.0005,146833.27|92990710.0|266744.88|300938.72
537,6,4724.6220703125,6.782349586486816,1393.2110595703125,1,0.00010792816465254873,0.9264024496078491,4724.622|4748.751|4798.1934|4825.4185|4844.6235|4877.413,1|1|1|1|1|1,0|1|1|1|0|1,0.008157979|0.33652386|0.21490102|0.20195875|0.010774287|0.2276841,0.0|0.005595652|0.005269467|0.0036841556|0.0|0.005658189,-6.033135|1.7147158|1.6886319|1.5332031|-6.033135|1.7195426,0.0001354649|0.005588047|0.003568475|0.003353566|0.00017890922|0.0037807403,0.0003934753|0.019465037|0.012870779|0.008755611|0.0004905755|0.01596615,5.4895295e-06|0.00022638384|0.00014457168|0.00013587992|7.2623834e-06|0.00015318644,58208184.0|14263.064|19510.535|28688.107|79462296.0|19210.014
538,2,4541.1953125,6.863940238952637,1323.20361328125,1,0.00011363837984390557,0.9153904318809509,4541.1953|4556.54,1|1,1|1,0.25593767|0.74406236,0.00080881245|0.000100341196,0.8523229|-0.05404533,0.005500364|0.015990667,0.011170643|0.005,0.00016590109|0.0005,111681.0|311457.66
539,5,4631.49658203125,6.469057083129883,1431.892333984375,1,0.00010501257929718122,0.971267580986023,4631.4966|4647.6323|4674.911|4703.15|4742.4824,1|1|1|1|1,1|1|1|1|1,0.089028835|0.33680418|0.1361961|0.22253221|0.21543866,0.001229464|0.0018132397|0.0010253154|0.0013619853|0.0009219146,1.0684745|1.2372139|0.98961616|1.1129311|0.9434494,0.0016583081|0.0062735304|0.002536876|0.0041450276|0.0040128985,0.002761299|0.016034024|0.0032462038|0.009826478|0.006678431,3.5377972e-05|0.00013388184|5.413281e-05|8.8457775e-05|8.565112e-05,171559.94|43349.8|169109.62|86723.48|132361.3
540,6,4664.0703125,6.519657611846924,1430.7716064453125,1,0.00010509484127396718,0.9637293815612793,4664.0703|4710.112|4746.941|4773.61|4794.5625|4819.789,1|1|1|1|1|1,1|0|1|1|1|1,0.6634278|0.0023492044|0.114108086|0.07268712|0.0817706|0.06565718,0.0005429323|0.0|0.0059214104|0.004983395|0.003842507|0.004668165,0.7131644|-6.021581|1.7508438|1.675944|1.5630333|1.6475648,0.013216345|4.6799207e-05|0.0022731815|0.001448022|0.0016289767|0.0013079764,0.012|0.0004696159|0.030262068|0.016726999|0.013174028|0.012754244,0.0006647426|2.3191672e-06|0.000112664726|7.1764975e-05|8.0740014e-05|6.4823915e-05,69522.125|64334636.0|35544.953|61872.12|71728.71|67571.64
541,6,4803.53857421875,6.880052089691162,1396.366943359375,1,0.00010768423817353323,0.913246750831604,4803.5386|4826.3447|4863.1875|4900.301|4930.8623|4950.0,1|1|1|1|1|1,1|1|1|1|1|0,0.13896175|0.314362|0.19126989|0.15785246|0.18550123|0.0120526645,0.0003534565|0.00025421783|0.0002053677|0.00024011996|0.00023706531|0.0,0.516184|0.37305403|0.2803802|0.3482763|0.34271604|-6.032152,0.0019149057|0.0043319375|0.002635717|0.0021752215|0.0025562244|0.00016608684,0.014407079|0.02153753|0.010431367|0.009793512|0.014547813|0.0006502983,6.998523e-05|0.00015895399|9.6582604e-05|7.960958e-05|9.3608476e-05|6.066971e-06,738196.06|453950.4|923284.2|956583.75|824828.56|60656076.0
542,2,4525.5927734375,6.390419960021973,1416.3677978515625,1,0.00010616359941195697,0.9832194447517395,4525.593|4548.9775,1|1,1|1,0.8051838|0.19481619,0.0008370077|0.0009826918,0.89675385|0.96644175,0.015532303|0.0037580784,0.019390456|0.002662567,0.00015880028|3.8406746e-05,38385.25|112409.516
543,2,4856.10791015625,6.3911566734313965,1519.6334228515625,1,9.894932736642659e-05,0.9831061363220215,4856.108|4892.8887,1|1,1|0,0.9672297|0.032770302,5.7116074e-05|0.0,-0.23865373|-5.995413,0.016442416|0.0005570786,0.01480291|0.0009563156,0.00016522124|5.563416e-06,532401.44|68217590.0
544,6,4741.28759765625,6.535312652587891,1450.9749755859375,1,0.0001036315006786026,0.9614207744598389,4741.2876|4769.3604|4814.0737|4862.5674|4906.3335|4950.0,1|1|1|1|1|1,1|1|0|1|1|1,0.17306015|0.23206043|0.00815691|0.29726017|0.087883145|0.20157923,0.0004983905|0.00048021533|0.0|0.0006149218|0.00077259744|0.0007400677,0.68207806|0.66594434|-6.015492|0.7733282|0.87246156|0.85377973,0.002491661|0.0033411272|0.00011744042|0.0042798505|0.0012653116|0.0029022691,0.009594716|0.01398173|0.0005414356|0.023670305|0.005139742|0.021416984,0.00012078391|0.00016217996|5.683292e-06|0.00020781682|6.1249026e-05|0.00014068215,401449.06|311229.75|53995916.0|189846.02|498620.3|232485.67
545,5,4810.97412109375,6.5575785636901855,1467.302001953125,1,0.00010247836326016113,0.9581563472747803,4810.974|4855.764|4878.149|4916.9043|4950.0,1|1|1|1|1,1|0|1|1|1,0.11642532|0.013192781|0.24654523|0.32754168|0.296295,0.00015636989|0.0|9.141327e-05|0.00013375458|0.00012866234,0.18352124|-6.010632|-0.049622454|0.1156768|0.09881962,0.002656125|0.00030097985|0.005624678|0.0074725295|0.0067596682,0.0056221867|0.000489048|0.008825952|0.017817136|0.017255504,6.549383e-05|7.420088e-06|0.00013968657|0.00018543426|0.0001676616,1202818.4|78967330.0|972324.8|500226.38|574865.75
546,1,4703.94140625,6.3362274169921875,1484.7767333984375,1,0.00010127227142220363,0.9916287660598755,4703.9414,1,1,1.0,0.0006600401,0.8140798,0.015588473,0.013977421,9.639467e-05,48485.004
547,5,4747.71044921875,6.701966762542725,1416.81103515625,1,0.00010613039194140583,0.9375136494636536,4747.7104|4796.0894|4819.95|4841.941|4875.19,1|1|1|1|1,1|1|1|1|1,0.05101954|0.1391014|0.6475053|0.07752048|0.08485331,0.001321562|0.0070077027|0.0015301497|0.003377295|0.0044143596,1.0952477|1.8197359|1.1588942|1.5027293|1.619028,0.0008606884|0.00234661|0.010923271|0.0013077534|0.0014314565,0.00532889|0.0149580315|0.008257522|0.008396003|0.010574149,7.674362e-05|0.00020970804|0.0009901812|0.00011694052|0.00012800243,33199.562|15704.777|28662.121|27508.445|21548.854
548,1,4803.26318359375,7.021051406860352,1368.24609375,1,0.0001098974171327427,0.8949065804481506,4803.263,1,1,1.0,4.5471872e-05,-0.38324368,0.019041857,0.012068403,0.00011200752,577444.3
549,5,4506.59228515625,6.219259738922119,1449.237548828125,1,0.00010375573765486479,1.0102787017822266,4506.5923|4523.6304|4560.3975|4599.8765|4629.4526,1|1|1|1|1,1|1|1|0|1,0.1694861|0.1728377|0.2369784|0.022830416|0.39786738,0.00034091703|0.00037889992|0.00025867755|0.0|0.00040257978,0.5166367|0.5625125|0.39674678|-6.016012|0.58883995,0.0023811741|0.002428262|0.0033293986|0.0003207531|0.0055897883,0.008753295|0.007880228|0.009245481|0.000946591|0.020760704,7.3944175e-05|7.539913e-05|0.00010354825|9.981951e-06|0.0001739001,615008.44|542200.4|580109.44|74309790.0|222106.62
550,5,4849.00341796875,6.76504373550415,1433.546875,1,0.00010489138367120177,0.9287723302841187,4849.0034|4868.494|4880.3774|4908.5117|4950.0,1|1|1|1|1,1|1|0|1|1,0.19031283|0.109448664|0.020964881|0.13983765|0.539436,0.000723787|0.00078057236|0.0|0.0006908945|0.00065526826,0.838871|0.8716734|-6.02074|0.818672|0.7956794,0.0039354754|0.0022632868|0.00043353238|0.0028917|0.011154986,0.009181319|0.005066109|0.00021263008|0.0061200107|0.019589884,8.342391e-05|4.7965368e-05|9.221281e-06|6.129673e-05|0.00023681171,174258.92|274999.06|92873170.0|246510.58|68314.875
551,5,4631.64990234375,6.465146541595459,1432.805908203125,1,0.0001049456259352155,0.9718550443649292,4631.65|4672.419|4702.9443|4719.9854|4732.3125,1|1|1|1|1,0|1|0|1|1,0.022634331|0.27679414|0.020221679|0.3236867|0.35666317,0.0|0.00020931466|0.0|0.00017420451|0.00020794432,-6.020964|0.29983553|-6.020964|0.22009532|0.2969829,0.00033861335|0.0041408865|0.00030251965|0.0048424066|0.0053357403,0.00048117794|0.010015607|0.00068715174|0.011002822|0.0123332385,8.059203e-06|9.8654426e-05|7.1968443e-06|0.00011550621|0.00012723554,58591556.0|576600.4|50168116.0|592561.06|450501.8
552,6,4539.38623046875,6.166353702545166,1472.30810546875,1,0.0001021299249259755,1.018946647644043,4539.386|4551.3286|4586.137|4619.8027|4663.0464|4696.737,1|1|1|1|1|1,1|1|1|1|1|1,0.11130852|0.17711405|0.17178944|0.1953781|0.14620131|0.19820857,0.0027955782|0.005476658|0.0066146674|0.0060458654|0.005784695|0.0051692287,1.4373187|1.7293626|1.811355|1.7723055|1.7531275|1.7042727,0.0017403668|0.0027692707|0.0026860172|0.0030548382|0.0022859336|0.0030990941,0.0060592997|0.010870087|0.013287879|0.012067366|0.011356951|0.010788552,6.0413975e-05|9.613929e-05|9.325793e-05|0.00010607144|7.9373436e-05|0.00010761589,29580.457|18928.418|17064.498|15991.178|19314.674|20907.398
553,6,4734.1630859375,6.554007530212402,1444.662109375,1,0.00010408434172859415,0.9586784243583679,4734.163|4780.964|4801.723|4851.14|4893.7954|4935.588,1|1|1|1|1|1,1|1|1|1|1|1,0.11029854|0.22122663|0.30294436|0.09454134|0.1333503|0.13763884,0.001479436|0.0018411662|0.0017952668|0.0015800475|0.0016184777|0.0017168177,1.1527108|1.2477076|1.2367436|1.1812848|1.1917213|1.2173388,0.002516166|0.0050466936|0.006910865|0.002156708|0.0030420304|0.0031398619,0.0040047984|0.012502511|0.015047671|0.004005807|0.0064837304|0.0067280508,7.5028234e-05|0.00015058086|0.0002062719|6.433745e-05|9.076422e-05|9.368283e-05,109939.44|52508.12|39665.14|115034.14|94120.266|85631.62
554,5,4672.0673828125,6.277290344238281,1488.5618896484375,1,0.00010101475345436484,1.000939130783081,4672.0674|4700.266|4719.861|4739.6978|4757.0967,1|1|1|1|1,1|1|0|0|1,0.17419149|0.24118029|0.011334348|0.0067472095|0.5665467,0.0025777644|0.002534606|0.0|0.0|0.004999472,1.4068584|1.3995256|-6.004385|-6.004385|1.6945393,0.0024014884|0.003325028|0.0001562608|9.3020295e-05|0.0078106867,0.007075814|0.010325452|0.00036619915|0.000803028|0.027400602,8.293988e-05|0.00011486158|5.400785e-06|3.2134049e-06|0.0002698633,68068.53|55512.504|58899140.0|62660420.0|12363.294
555,4,4697.18359375,6.4530558586120605,1455.80126953125,1,0.00010328793723601848,0.9736759662628174,4697.1836|4719.0176|4749.7485|4773.0386,1|1|1|1,0|0|1|1,0.00834517|0.005962599|0.28104907|0.7046432,0.0|0.0|0.0011051892|0.0018158196,-6.0140495|-6.0140495|1.0293871|1.2450231,0.00012261045|8.760479e-05|0.004129281|0.010352888,0.00056101626|0.00044052518|0.009450635|0.0334663,2.7639485e-06|1.974713e-06|9.3117786e-05|0.00023352956,58936468.0|59432376.0|107956.31|26514.22
556,2,4628.17822265625,6.387272357940674,1449.187744140625,1,0.00010375931015005335,0.9837039709091187,4628.178|4672.4585,1|1,1|1,0.36367846|0.63632154,0.00018311862|0.00018962023,0.24670568|0.26185784,0.005022205|0.00878726,0.0057407045|0.013780109,7.459222e-05|0.00013065118,543105.6|300017.38
557,1,4873.9404296875,6.801928520202637,1433.10546875,1,0.00010492368892300874,0.9237358570098877,4873.9404,1,1,1.0,0.00093036954,0.947782,0.014137561,0.012185076,9.050104e-05,37752.094
558,3,4771.1298828125,6.425098419189453,1485.15380859375,1,0.0001012465581879951,0.9779126644134521,4771.13|4821.089|4867.6646,1|1|1,1|0|1,0.31910953|0.011672045|0.6692184,0.0032702836|0.0|0.003195009,1.5092052|-6.00538|1.4990919,0.005915314|0.00021636399|0.012405261,0.010148758|0.0006092137|0.021234721,7.522531e-05|2.7522549e-06|0.00015778028,22642.941|81277016.0|12308.982
559,3,4588.541015625,6.4553022384643555,1421.634765625,1,0.00010577028297120705,0.9733371734619141,4588.541|4633.253|4663.474,1|1|1,1|1|1,0.6073749|0.20124243|0.19138266,0.0014640327|0.0015132867|0.0014571091,1.1411872|1.1555576|1.1391284,0.010913725|0.0036160606|0.0034388937,0.02040172|0.0073520327|0.005805286,0.00016497291|5.4645265e-05|5.196779e-05,31121.758|87083.56|92634.414
560,2,4699.41650390625,6.554169654846191,1434.0235595703125,1,0.0001048565172823146,0.9586547017097473,4699.4165|4726.9707,1|1,1|1,0.7181111|0.2818889,0.00045293977|0.00073753,0.6354451|0.84718436,0.015916532|0.0062479097,0.014769595|0.009173569,0.00012471573|4.8936206e-05,69284.41|107737.65
561,3,4800.6845703125,6.882881164550781,1394.963623046875,1,0.00010779256990645081,0.9128713607788086,4800.6846|4823.6924|4851.1343,1|1|1,1|1|1,0.103739224|0.04119868|0.8550621,0.0053257276|0.0017625162|0.0011609171,1.6937902|1.2135444|1.0322125,0.0014594602|0.0005796056|0.012029483,0.013315198|0.0053430246|0.012,0.0001454036|5.776524e-05|0.0012314987,47642.727|75478.805|35374.664
562,4,4692.6083984375,6.313269138336182,1486.5859375,1,0.00010114902397617698,0.9952348470687866,4692.6084|4729.753|4775.199|4815.8745,1|1|1|1,0|1|1|1,0.028484859|0.06660857|0.80094856|0.10395799,0.0|0.0049918056|0.0008154744|0.005824594,-6.0049615|1.693296|0.9064487|1.760304,0.00039592205|0.00092581817|0.011132693|0.0014449522,0.0040165395|0.010478872|0.012|0.014971829,4.042365e-05|9.468377e-05|0.001182807|0.00014803556,116635.45|69709.77|54797.863|48214.19
563,3,4802.74755859375,6.821746349334717,1408.06982421875,1,0.00010678924445528537,0.9210523366928101,4802.7476|4837.1025|4872.9116,1|1|1,0|1|1,0.02357512|0.73093885|0.24548604,0.0|8.693379e-05|6.49818e-05,-6.0285277|-0.089338414|-0.21573508,0.00046562025|0.014436402|0.0048484704,0.00044535537|0.020982966|0.004020914,4.437248e-06|0.00013798266|4.6245088e-05,85964344.0|398394.72|1586497.0
564,5,4798.7900390625,6.601629257202148,1453.8199462890625,1,0.00010342869791202247,0.951762855052948,4798.79|4848.7|4891.457|4913.4453|4950.0,1|1|1|1|1,1|1|1|1|1,0.106059596|0.1454621|0.2636298|0.24966325|0.23518528,0.002599254|0.002757078|0.0036097227|0.003177197|0.0035208191,1.4002076|1.4258081|1.5428327|1.487403|1.5320027,0.0013951567|0.0019134755|0.0034679074|0.0032841852|0.0030937355,0.005533051|0.0059059057|0.011791346|0.009153571|0.009732708,6.187241e-05|8.489027e-05|0.00015391133|0.00014576447|0.0001373039,57907.527|56568.863|35257.125|40342.992|37858.062
565,3,4573.96630859375,6.470026969909668,1413.89404296875,1,0.00010634934733388945,0.9711219668388367,4573.9663|4616.766|4647.7427,1|1|1,1|1|0,0.4968889|0.49173486|0.011376233,0.00072553445|0.00074477406|0.0,0.8339233|0.84528977|-6.026735,0.009855834|0.009753603|0.00022564853,0.018249162|0.015280389|0.0008736957,0.00015717532|0.00015554354|3.5973064e-06,69805.17|68656.305|77747220.0
566,2,4852.7060546875,6.8653178215026855,1413.687255859375,1,0.00010636491060722619,0.915206789970398,4852.706|4876.01,1|1,1|1,0.70690244|0.29309756,6.576464e-05|9.889933e-05,-0.20880525|-0.031604588,0.012001038|0.004975899,0.013372309|0.007214366,0.00020092806|8.254844e-05,633498.94|1015797.06
567,3,4702.13330078125,6.431768894195557,1462.15869140625,1,0.00010283884330419824,0.9768984913825989,4702.1333|4718.0312|4732.6665,1|1|1,1|1|1,0.6903724|0.18748546|0.12214212,0.00012068283|0.0013138498|0.001268867,0.06948866|1.1063886|1.091259,0.01331034|0.0036147085|0.0023548931,0.005|0.015341983|0.011079547,0.0005|0.00013091438|8.526253e-05,311063.72|104464.41|164998.4
568,3,4861.4580078125,6.762218475341797,1437.829345703125,1,0.00010457897587912157,0.9291603565216064,4861.458|4884.553|4907.822,1|1|1,1|1|1,0.8582408|0.074888535|0.066870674,4.271245e-05|0.00024243366|0.00023135328,-0.38888887|0.36514872|0.34483147,0.017859511|0.0015583886|0.0013915412,0.012|0.008427092|0.0053863847,0.0011436675|7.348758e-05|6.560456e-05,655441.75|1322152.1|1549747.9
569,3,4783.19921875,7.131271839141846,1341.4715576171875,1,0.00011209086369490251,0.8810750246047974,4783.199|4813.592|4858.6235,1|1|1,1|1|1,0.28364772|0.107871465|0.6084808,7.71413e-05|0.00014760041|8.98765e-05,-0.16228268|0.119517654|-0.0959236,0.0053333016|0.0020282592|0.011440994,0.0077332193|0.0030580685|0.020144714,9.674547e-05|3.662707e-05|0.00020855453,1215151.9|1665125.0|486237.8
570,4,4726.8037109375,6.532216548919678,1447.2281494140625,1,0.00010389980161562562,0.9618764519691467,4726.8037|4757.3276|4800.2305|4844.641,1|1|1|1,1|1|0|1,0.18121381|0.7223958|0.0037009038|0.09268953,0.0006521317|0.000942075|0.0|0.0007576287,0.7977207|0.95747083|-6.016615|0.8628418,0.0033137125|0.013209876|6.767548e-05|0.0016949396,0.0045398944|0.02393673|0.00076319766|0.0017740112,5.0832565e-05|0.00020275476|1.0379144e-06|2.5996276e-05,226093.11|40110.277|65602170.0|284189.06
571,4,4684.978515625,6.412507057189941,1461.2003173828125,1,0.00010290629870723933,0.9798328876495361,4684.9785|4713.3306|4731.416|4770.2715,1|1|1|1,1|1|1|1,0.11192147|0.1293642|0.5970399|0.16167444,0.000494299|0.00042925085|0.00047587568|0.00039429835,0.6815479|0.6202693|0.66505164|0.5833831,0.0014961136|0.00172928|0.007980949|0.002161188,0.0036822343|0.0034113615|0.029389326|0.0060899947,5.292405e-05|6.119734e-05|0.0002835909|7.652225e-05,663145.6|662260.7|131613.98|584167.2
572,5,4528.4716796875,6.070699691772461,1491.9110107421875,1,0.0001007879909593612,1.0350018739700317,4528.4717|4576.498|4624.755|4645.801|4680.9326,1|1|1|1|1,1|1|1|1|0,0.31664157|0.1468837|0.416769|0.10825926|0.01144647,0.0005452292|0.0008404744|0.00069106737|0.0008617295|0.0,0.7331704|0.92111576|0.83611166|0.93196225|-6.003409,0.0045687505|0.002119352|0.006013467|0.0015620487|0.00016515856,0.018321376|0.01202638|0.024582533|0.0075116577|0.0009028292,0.00013948283|6.4620894e-05|0.00018363034|4.7622998e-05|5.0385092e-06,200554.58|279412.8|120227.17|366828.75|83424020.0
573,1,4602.53125,6.727816581726074,1368.20947265625,1,0.00010990035661961883,0.9339115023612976,4602.5312,1,1,1.0,2.751274e-05,-0.6014637,0.015692158,0.014953952,0.000108283726,1158115.2
574,1,4833.7080078125,6.886002063751221,1403.9229736328125,1,0.00010710467904573306,0.9124577045440674,4833.708,1,1,1.0,0.00055408047,0.7137645,0.017790558,0.009760159,0.00011123204,50526.08
575,2,4812.55078125,6.825355529785156,1410.1978759765625,1,0.00010662809654604644,0.9205653071403503,4812.551|4831.1523,1|1,1|1,0.16868863|0.8313114,0.0005368935|0.00036999432,0.7020166|0.5403235,0.0037671237|0.018564695,0.0023423252|0.020058017,3.2544103e-05|0.0001605122,230792.61|72763.29
576,6,4816.7568359375,6.834046840667725,1409.6353759765625,1,0.00010667064634617418,0.9193945527076721,4816.757|4835.291|4866.9834|4886.377|4932.354|4950.0,1|1|1|1|1|1,0|1|1|1|1|0,0.016945481|0.26286876|0.22156017|0.3166504|0.16428526|0.017689962,0.0|0.00075654156|0.00091290846|0.0006137923|0.00060447404|0.0,-6.0280447|0.85078794|0.93238235|0.75997657|0.7533328|-6.0280447,0.0002100023|0.003257685|0.0027457552|0.0039241915|0.0020359575|0.0002192285,0.00080066465|0.017883964|0.01884868|0.017272878|0.0097409375|0.0007373924,7.777964e-06|0.00012059621|0.000101607126|0.00014538712|7.535229e-05|8.126564e-06,67814470.0|202443.12|198915.3|207274.23|404414.66|82526140.0
577,2,4583.54541015625,6.480362892150879,1414.5953369140625,1,0.0001062966330209747,0.9695730805397034,4583.5454|4609.401,1|1,1|1,0.4338673|0.56613266,0.002910613|0.0022398264,1.437465|1.3236948,0.008701436|0.011354087,0.009620111|0.008801322,0.000128644|0.00016788248,17583.166|18196.738
578,2,4887.55615234375,6.925899505615234,1411.38525390625,1,0.00010653839126462117,0.9072012901306152,4887.556|4934.013,1|1,1|1,0.64074683|0.3592532,0.00014144044|0.00021046224,0.12306774|0.29566824,0.012240607|0.0068630497,0.01251031|0.0096126925,0.00010057506|5.633922e-05,288752.53|345959.47
579,2,4566.26953125,7.039895057678223,1297.2550048828125,1,0.000115911454486195,0.8925111889839172,4566.2695|4594.212,1|1,1|0,0.99542147|0.004578511,9.2107526e-05|0.0,-0.099830754|-6.0641265,0.02131767|9.805213e-05,0.012|0.0007138444,0.0012574061|4.887067e-06,254618.58|61300350.0
580,1,4676.7197265625,6.833099365234375,1368.8428955078125,1,0.0001098495049518533,0.9195219874382019,4676.7197,1,1,1.0,0.00013334281,0.08417183,0.0140111735,0.010301068,9.00224e-05,267571.34
581,5,4615.076171875,6.3675456047058105,1449.56201171875,1,0.00010373251279816031,0.9867515563964844,4615.076|4656.9253|4672.2437|4714.5684|4738.672,1|1|1|1|1,1|0|1|1|1,0.42945576|0.01766868|0.21578033|0.091480814|0.24561441,0.00036487274|0.0|0.00038785348|0.00052316167|0.00031179067,0.5462266|-6.015915|0.57275295|0.7027211|0.47794837,0.005630834|0.0002316639|0.0028292164|0.001199456|0.0032203875,0.022193644|0.00022581451|0.015392251|0.005790145|0.015323665,0.00015505262|6.371737e-06|7.7790355e-05|3.2948716e-05|8.859816e-05,243295.77|84448980.0|455356.84|790057.25|497752.28
582,5,4824.71337890625,6.533001899719238,1477.028076171875,1,0.0001018035618471913,0.9617608785629272,4824.7134|4838.08|4880.4834|4913.859|4950.0,1|1|1|1|1,1|1|1|1|1,0.17042978|0.4217628|0.1489734|0.16243121|0.09640282,0.0001517999|0.00017672351|0.00015545214|0.00014468044|0.00020103664,0.17350884|0.23953162|0.18383403|0.15264717|0.29551247,0.0028898728|0.007151572|0.0025260504|0.002754246|0.0016346432,0.00867793|0.024969136|0.007948359|0.008449665|0.005328694,0.000106700725|0.0002660226|9.319123e-05|0.00010170835|6.0140716e-05,1139394.6|395594.25|1272769.0|1254347.8|1519141.8
583,2,4504.16845703125,6.9241719245910645,1300.9984130859375,1,0.00011557793186511844,0.9074276685714722,4504.1685|4514.346,1|1,1|1,0.5617226|0.43827742,0.00019797198|0.00018802329,0.23372903|0.21133697,0.008442775|0.0065873754,0.009193044|0.005966032,0.00013122524|0.000102340025,298975.06|403198.5
584,4,4665.18603515625,6.291211128234863,1483.0804443359375,1,0.00010138810466742143,0.9987242817878723,4665.186|4697.244|4744.7896|4764.3784,1|1|1|1,1|0|1|1,0.31216928|0.023038229|0.07353499|0.5912575,0.0032461875|0.0|0.00065660384|0.0032098999,1.5053866|-6.005987|0.8113165|1.5005045,0.004338862|0.0003202099|0.0010220677|0.008217927,0.01218499|0.00044711112|0.0022202206|0.018613137,0.00012947171|9.581204e-06|3.0495072e-05|0.0002453286,32760.883|64532804.0|72311.37|18370.932
585,1,4668.822265625,6.244592666625977,1495.31689453125,1,0.0001005584272206761,1.0061801671981812,4668.8223,1,1,1.0,0.000507261,0.70281315,0.013152777,0.012440372,0.00011945858,74817.86
586,3,4814.45751953125,6.752932071685791,1425.8865966796875,1,0.00010545489203650504,0.9304381012916565,4814.4575|4840.0796|4871.446,1|1|1,1|1|1,0.20099138|0.1863607|0.61264795,0.0007051255|0.0006678738|0.00062300934,0.8251997|0.80162776|0.77142787,0.00382014|0.0035420624|0.011644285,0.008389108|0.0053919707|0.019738682,6.1618426e-05|5.713425e-05|0.00018799385,184091.39|207541.16|68843.16
587,6,4580.23974609375,6.468068599700928,1416.261962890625,1,0.00010617154475767165,0.9714159965515137,4580.2397|4604.255|4622.0747|4648.9|4672.9736|4722.5747,1|1|1|1|1|1,1|1|0|1|1|1,0.21467069|0.13500127|0.011349859|0.3171877|0.20941195|0.112378545,0.0008426774|0.0007115772|0.0|0.0006115243|0.0005421184|0.00074198534,0.89965326|0.82621396|-6.026008|0.76040566|0.7080861|0.84438723,0.004196965|0.0026393712|0.00022189783|0.0062012454|0.0040941527|0.0021970805,0.014824189|0.009522474|0.0008165213|0.01777468|0.011168941|0.006020313,0.00012776059|8.033046e-05|6.762606e-06|0.0001890458|0.00012473798|6.686791e-05,140888.33|264636.7|93562930.0|131682.8|224708.6|301684.56
588,4,4786.74658203125,6.411345958709717,1493.2110595703125,1,0.00010070023563457653,0.9800103306770325,4786.7466|4822.6777|4848.3843|4887.8975,1|1|1|1,1|1|1|1,0.19509022|0.3552848|0.28903708|0.16058788,0.0018625638|0.002064234|0.0017977105|0.0019687694,1.2670807|1.3117285|1.2516893|1.2911644,0.0043164073|0.0078607425|0.006394999|0.0035530366,0.0066517824|0.018530333|0.012009085|0.006078051,8.4130705e-05|0.00015325044|0.00012467387|6.9256166e-05,56612.703|30410.246|42451.73|62553.445
589,2,4872.1552734375,6.682140827178955,1458.2618408203125,1,0.00010311366349924356,0.9402952790260315,4872.1553|4905.5156,1|1,1|1,0.4670082|0.5329918,0.0008715258|0.000619781,0.9269641|0.77892214,0.008652004|0.009874447,0.011205911|0.006558172,0.00011064959|0.00012631515,65851.93|80864.55
590,2,4604.22119140625,6.362224102020264,1447.3621826171875,1,0.00010389017552370206,0.9875768423080444,4604.221|4614.602,1|1,1|1,0.42358634|0.5764137,0.00042061295|0.00037823388,0.60730827|0.5611861,0.0075831832|0.010319149,0.010137001|0.013015679,0.00010779482|0.00014675588,156482.48|127993.56
591,4,4780.55810546875,6.801907539367676,1405.6522216796875,1,0.0001069729114533402,0.9237387180328369,4780.558|4803.5483|4821.2407|4848.326,1|1|1|1,1|1|1|1,0.12677556|0.5940581|0.1273009|0.15186544,0.00025012772|4.1565007e-05|0.00032424417|0.00024182277,0.36888817|-0.4105449|0.4815985|0.35422355,0.002589429|0.012133815|0.0026001593|0.0031018972,0.010718533|0.006744804|0.015290665|0.015727231,9.583855e-05|0.0005|9.618085e-05|0.000114930444,771480.2|991335.44|592744.56|666383.1
592,4,4715.72705078125,6.448314666748047,1462.6231689453125,1,0.00010280618880642578,0.9743918776512146,4715.727|4742.392|4788.0576|4809.0176,1|1|1|1,1|1|0|1,0.15454924|0.59529537|0.015939413|0.23421597,0.00023725523|0.00025718723|0.0|0.00018994031,0.36319673|0.39823034|-6.012019|0.2665981,0.0034266857|0.013198966|0.0003534107|0.0051930672,0.0041371225|0.021677911|0.00044094416|0.007672666,5.983936e-05|0.00023115514|6.176533e-06|9.078116e-05,612864.4|147270.5|96689330.0|506578.97
593,1,4506.37158203125,6.986227989196777,1290.0728759765625,1,0.00011655675916699693,0.8993673324584961,4506.3716,1,1,1.0,5.5015593e-05,-0.3260509,0.019684132,0.013071236,0.00011846132,461698.4
594,3,4653.8544921875,6.277303695678711,1482.755859375,1,0.00010141029633814469,1.0009369850158691,4653.8545|4679.1396|4722.2812,1|1|1,1|1|1,0.22614042|0.20308073|0.57077885,0.00076429005|0.000788543|0.0008467255,0.8771762|0.8907434|0.9216606,0.0033461247|0.0030049179|0.008445624,0.0061981045|0.0046654893|0.022723738,6.519112e-05|5.8541653e-05|0.00016463909,192494.14|204811.27|69821.85
595,2,4743.3994140625,6.878527641296387,1379.1904296875,1,0.00010902534995693713,0.9134491682052612,4743.3994|4754.4053,1|1,1|0,0.9717769|0.02822312,6.2114974e-05|0.0,-0.2443305|-6.0375276,0.022062777|0.0006407648,0.012|0.0031897568,0.0010804465|2.628731e-05,364832.62|985129.6
596,6,4572.314453125,6.2052083015441895,1473.7021484375,1,0.00010203330748481676,1.0125664472579956,4572.3145|4613.54|4663.31|4685.8667|4733.662|4757.4097,1|1|1|1|1|1,1|0|1|1|0|0,0.5982856|0.006245003|0.21014613|0.17324162|0.0030356713|0.009045941,0.0016728567|0.0|0.0016641859|0.00199178|0.0|0.0,1.2147168|-6.008742|1.2124599|1.2904994|-6.008742|-6.008742,0.013002983|0.00013572727|0.0045672613|0.003765188|6.597649e-05|0.00019660212,0.037520215|0.0004382226|0.012734708|0.015338722|0.0005662919|0.00046076535,0.0004253107|4.433638e-06|0.00014920985|0.00012298008|2.1541603e-06|6.425832e-06,22941.418|70270880.0|64666.605|65555.54|55374460.0|56742068.0
597,2,4855.02783203125,7.133434295654297,1361.2034912109375,1,0.00011046600411646068,0.8808079361915588,4855.028|4887.033,1|1,1|1,0.81082904|0.18917094,9.885594e-05|0.00074533856,-0.04822542|0.829125,0.015992614|0.0037311662,0.008289588|0.019509897,0.0005213552|0.0001168666,316199.6|179452.9
598,4,4836.4130859375,6.898809432983398,1402.100830078125,1,0.0001072438681148924,0.9107637405395508,4836.413|4866.5977|4900.5767|4924.0127,1|1|1|1,1|1|1|1,0.31467625|0.19661301|0.2095795|0.27913123,0.0019032995|0.0021528471|0.0024193204|0.0019850803,1.2491347|1.3026408|1.353321|1.2674056,0.006257001|0.0039094393|0.0041672643|0.005550226,0.011819409|0.0075535853|0.009119307|0.0098353615,0.00011529555|7.2031035e-05|7.67828e-05|0.00010227421,40628.168|52868.848|44949.734|43030.293
599,1,4765.89013671875,6.817859172821045,1398.0606689453125,1,0.00010755378752946854,0.9215774536132812,4765.89,1,1,1.0,0.00013755311,0.10684503,0.022222603,0.012,0.0009978046,163540.95
600,3,4758.62548828125,6.770044803619385,1405.7884521484375,1,0.00010696254321373999,0.9280862212181091,4758.6255|4774.0137|4798.9624,1|1|1,0|1|1,0.015782505|0.7823897|0.20182778,0.0|0.0001423126|0.00014565788,-6.0292315|0.12401192|0.13410255,0.00028083054|0.013921675|0.0035912804,0.0009438339|0.023181139|0.0035002767,3.0024798e-06|0.00014922213|3.841316e-05,58975036.0|252357.4|953915.06
601,5,4652.62548828125,6.608256816864014,1408.1248779296875,1,0.00010678506077965721,0.9508082866668701,4652.6255|4691.0527|4739.929|4755.76|4775.6094,1|1|1|1|1,1|1|0|1|0,0.15421389|0.061619844|0.004810071|0.74937254|0.029983627,0.0018793264|0.0018253978|0.0|0.000180322|0.0,1.2454917|1.2328471|-6.0285106|0.22753842|-6.0285106,0.0034338806|0.0013720889|0.00010710585|0.01668628|0.00066764536,0.020435372|0.009022302|0.00021947642|0.010117835|0.002348066,0.0002549359|0.00010187113|7.974464e-06|0.0014375999|4.9649403e-05,76743.36|190123.06|68125480.0|166095.06|318270.75
602,1,4501.9052734375,6.771260738372803,1329.7095947265625,1,0.00011308237299090251,0.9279195666313171,4501.9053,1,1,1.0,6.5122906e-05,-0.23966049,0.01963883,0.010356956,0.00012436042,390931.4
603,6,4775.310546875,6.60215950012207,1446.5904541015625,1,0.00010394559649284929,0.9516863822937012,4775.3105|4794.774|4840.486|4868.604|4906.9136|4950.0,1|1|1|1|1|1,1|1|1|1|1|1,0.13269009|0.11368194|0.3042062|0.18691392|0.10615735|0.15635052,0.0013658259|0.0015636836|0.0016577103|0.0013654908|0.0016144911|0.0014230234,1.1185893|1.1773428|1.2027025|1.1184827|1.1912296|1.136406,0.0017966477|0.001539274|0.004119007|0.0025308484|0.0014373896|0.0021170143,0.006747555|0.0073513924|0.019869234|0.012975359|0.007861742|0.0102507975,7.932883e-05|6.7961264e-05|0.00018203189|0.00011181624|6.347669e-05|9.3518225e-05,194067.52|196768.1|72658.06|142887.66|204899.0|162356.64
604,4,4867.6787109375,6.6529927253723145,1463.304931640625,1,0.000102758283901494,0.9444148540496826,4867.6787|4914.6455|4931.8174|4950.0,1|1|1|1,1|1|1|1,0.09888078|0.45033184|0.14635475|0.30443263,0.0020498578|0.0027590694|0.002519742|0.0036960593,1.299907|1.4289458|1.3895392|1.5559222,0.0013164429|0.005995464|0.0019484846|0.004053044,0.004402038|0.022573551|0.0056374073|0.017002106,3.567589e-05|0.00016255076|5.2812637e-05|0.00010986668,77259.94|29710.818|67337.83|31502.832
605,1,4822.4482421875,6.71354341506958,1436.6328125,1,0.00010466606909176335,0.9358970522880554,4822.448,1,1,1.0,0.0003996616,0.5818866,0.017046485,0.007967963,0.00014415981,73179.26
606,5,4791.54541015625,6.572051525115967,1458.158203125,1,0.00010312099038856104,0.9560462236404419,4791.5454|4812.042|4855.7847|4881.3394|4896.5034,1|1|1|1|1,1|1|1|1|1,0.19485804|0.07394392|0.1327589|0.25495237|0.34348676,0.00036827812|0.00072629174|0.00053351116|0.00033389768|0.0005705853,0.55282897|0.8477641|0.7137965|0.5102665|0.7429736,0.0035070805|0.0013308522|0.0023894117|0.004588666|0.0061821193,0.007842322|0.003617456|0.006640019|0.008209561|0.01945837,0.00011752974|4.450729e-05|7.998266e-05|0.0001540114|0.00020732709,386181.16|493341.4|389428.12|325743.62|141612.11
607,2,4776.21484375,6.414114952087402,1489.2825927734375,1,0.00010096586629515514,0.9795872569084167,4776.215|4813.0093,1|1,1|1,0.1900492|0.8099508,0.00034199082|0.00023254921,0.52984|0.36234045,0.0026350068|0.01122986,0.0029351488|0.022791319,3.9902767e-05|0.00017045936,546876.75|191440.33
608,2,4867.3349609375,6.674976348876953,1458.3826904296875,1,0.00010310511424904689,0.9413045048713684,4867.335|4878.7026,1|1,1|1,0.58053166|0.41946837,0.00073126|0.00069952465,0.8507917|0.8315229,0.008477593|0.006125561,0.015375257|0.008527936,0.00011669565|8.4308165e-05,80447.29|115792.98
609,3,4868.12158203125,6.906827926635742,1409.65478515625,1,0.0001066691693267785,0.9097063541412354,4868.1216|4893.547|4931.708,1|1|1,1|1|1,0.49691972|0.31793362|0.18514666,0.0006430324|0.00069499627|0.0007968837,0.78019404|0.8139436|0.8733561,0.00866696|0.0055451966|0.0032292109,0.016484693|0.011775735|0.004180511,0.00012027582|7.6933735e-05|4.4793167e-05,89550.62|129190.19|185356.56
610,4,4674.34033203125,6.588326930999756,1418.9764404296875,1,0.00010596843640087172,0.9536844491958618,4674.3403|4699.8843|4718.048|4763.6934,1|1|1|1,0|1|1|1,0.00173305|0.083890095|0.7547421|0.15963477,0.0|0.0040232874|0.00036303131|0.0053647044,-6.0251765|1.5794046|0.5347677|1.7043693,3.255116e-05|0.0015756729|0.014176007|0.0029983534,0.00069723645|0.015092927|0.009919467|0.028560765,1.8658185e-06|9.038237e-05|0.0008405947|0.00017207778,99482470.0|72130.37|97003.414|29826.586
611,1,4893.4423828125,6.7803263664245605,1443.4239501953125,1,0.00010417363228043541,0.9266788959503174,4893.4424,1,1,1.0,0.00015282482,0.16643639,0.022754924,0.009317936,0.0006002453,143733.34
612,5,4599.91162109375,6.401068687438965,1437.232421875,1,0.00010462240607012063,0.981583833694458,4599.9116|4632.5615|4658.6113|4690.675|4712.855,1|1|1|1|1,1|0|1|1|0,0.34499136|0.019467631|0.35303015|0.2501809|0.032329977,0.0005188051|0.0|0.00074349926|0.00046529414|0.0,0.6953796|-6.0196247|0.8516559|0.648103|-6.0196247,0.007715302|0.00043536932|0.007895079|0.005594984|0.00072301965,0.017449597|0.0003165871|0.023782691|0.0125308875|0.0007783144,0.00010579805|5.972721e-06|0.00010824679|7.671639e-05|9.943347e-06,124799.625|62159944.0|85092.51|191787.39|71897670.0
613,3,4620.11572265625,6.2291975021362305,1483.374267578125,1,0.00010136802302440628,1.0086668729782104,4620.1157|4641.386|4676.392,1|1|1,1|1|1,0.47605732|0.3391506|0.18479207,0.00020638696|0.00021636389|0.0002445386,0.3087815|0.32928398|0.38244662,0.008320568|0.0059277015|0.0032298106,0.014804699|0.010454497|0.0041200556,0.00013343498|9.498321e-05|5.1706167e-05,291106.12|389686.47|630857.6
614,2,4858.64501953125,6.520339012145996,1490.304443359375,1,0.0001008966428344138,0.9636286497116089,4858.645|4870.0493,1|1,1|1,0.3162032|0.68379676,0.0010250639|0.00076961564,1.0068743|0.88239723,0.004446127|0.009614852,0.0088082645|0.014648861,8.0010715e-05|0.00017314104,108082.484|67368.08
615,1,4716.64404296875,6.969890594482422,1353.4342041015625,1,0.00011110012565040961,0.9014754295349121,4716.644,1,1,1.0,0.00023697123,0.32898125,0.019008098,0.009912633,0.00012640662,110925.0
616,5,4524.91357421875,6.474313735961914,1397.804931640625,1,0.00010757346171885729,0.9704790115356445,4524.9136|4561.0737|4603.0376|4626.846|4657.4287,1|1|1|1|1,1|1|1|0|1,0.059811227|0.08386162|0.15670729|0.0057055512|0.6939143,0.001878113|0.0020000448|0.0019912582|0.0|0.00022137388,1.2420166|1.2693346|1.2674224|-6.0317054|0.3134214,0.0008080775|0.0011330094|0.0021171884|7.708465e-05|0.009375106,0.0079901675|0.013178812|0.0237132|0.0003986529|0.011968848,7.971431e-05|0.000111939946|0.00020967078|7.6372235e-06|0.0010408798,308797.2|215096.86|117700.19|88836300.0|240806.64
617,2,4593.8544921875,6.527535438537598,1407.531005859375,1,0.00010683012078516185,0.9625662565231323,4593.8545|4636.447,1|1,1|1,0.6125845|0.38741553,0.00041764328|0.00042734988,0.5921119|0.60209,0.010413417|0.0065857354,0.01098601|0.005152928,0.00012235457|7.735524e-05,114786.57|176326.78
618,6,4790.0107421875,6.5900115966796875,1453.7183837890625,1,0.00010343592293793336,0.9534406661987305,4790.0107|4809.395|4857.7524|4886.2876|4933.44|4950.0,1|1|1|1|1|1,1|0|1|1|0|1,0.12008778|0.012357686|0.124047674|0.117247984|0.013035517|0.6132234,0.00023508929|0.0|0.00021908274|0.00023651613|0.0|0.00032469985,0.3565616|-6.0146713|0.32593694|0.35918954|-6.0146713|0.49681085,0.0017089483|0.00017586007|0.0017653009|0.0016685356|0.00018550617|0.008726675,0.006261695|0.0004999269|0.007231568|0.006182265|0.00020015825|0.047914166,5.3476568e-05|5.501375e-06|5.526237e-05|5.2223568e-05|5.8027563e-06|0.00027450145,1242598.6|93531790.0|1291523.2|1264941.4|62973780.0|176448.05
619,6,4743.90478515625,6.584166526794434,1441.00390625,1,0.00010434858268126845,0.9542871117591858,4743.905|4789.583|4821.0415|4867.1914|4906.2607|4930.3057,1|1|1|1|1|1,0|1|1|1|1|1,0.012515353|0.5033631|0.17262983|0.05558493|0.102897346|0.15300944,0.0|0.0022603748|0.0017374614|0.0017454117|0.001398912|0.0016349569,-6.0184865|1.335694|1.2214286|1.2234113|1.127304|1.1950198,0.0002197449|0.008838063|0.0030310394|0.0009759618|0.0018066744|0.002686544,0.00073414034|0.0254826|0.010206098|0.0036636302|0.0035497318|0.007916375,6.8953173e-06|0.00027726672|9.504278e-05|3.0593175e-05|5.6644185e-05|8.424227e-05,60707356.0|24809.8|91816.21|154842.72|154661.14|108221.04
620,2,4794.33642578125,6.483124732971191,1479.020263671875,1,0.00010166643187403679,0.9691600203514099,4794.3364|4812.6064,1|1,1|1,0.4595045|0.5404955,0.00026353297|0.0002914328,0.41365755|0.457361,0.00617885|0.0072679175,0.008708484|0.0099330805,9.709757e-05|0.00011422286,306762.4|235842.34
621,4,4549.9873046875,6.393180847167969,1423.3876953125,1,0.00010564002877799794,0.9827948808670044,4549.9873|4590.449|4600.969|4627.234,1|1|1|1,1|0|1|1,0.051901195|0.001691293|0.90096325|0.04544428,0.0033875157|0.0|0.003515648|0.0015472337,1.5060529|-6.0238285|1.5221769|1.1657275,0.00077416404|2.5227515e-05|0.013438868|0.00067785196,0.008935572|0.00047112475|0.012|0.0056402227,8.529227e-05|2.785376e-06|0.0015|7.487101e-05,34636.55|75528936.0|9517.286|40500.96
622,3,4866.61376953125,6.766894340515137,1438.359619140625,1,0.00010454042057972401,0.9285182952880859,4866.614|4901.525|4947.2417,1|1|1,1|1|1,0.38750377|0.26158676|0.35090944,0.00013807477|0.0001731583|0.00013017109,0.12083044|0.21915933|0.09523065,0.007329078|0.0049475385|0.006636949,0.00920794|0.0066926084|0.009603976,0.00012219248|8.234877e-05|0.000110641246,493960.44|583174.56|578620.44
623,4,4822.44140625,6.884831428527832,1400.8887939453125,1,0.00010733665112638846,0.912612795829773,4822.4414|4868.5986|4917.2866|4950.0,1|1|1|1,1|1|1|1,0.23610812|0.078124516|0.3012117|0.38455564,0.0025641597|0.0008479404|0.0022283536|0.0025828748,1.3781971|0.89761734|1.3172361|1.3813553,0.004839133|0.001601194|0.006173458|0.0078816265,0.00852974|0.0025092827|0.009628621|0.0136092445,0.000106991494|3.5400022e-05|0.00013653674|0.00017432656,35303.344|60373.613|33833.68|23447.85
624,4,4865.318359375,6.963876247406006,1397.3017578125,1,0.0001076121989171952,0.9022539854049683,4865.3184|4883.549|4931.287|4948.2817,1|1|1|1,0|1|1|1,0.010170847|0.51793617|0.08892697|0.382966,0.0|0.00045309198|0.0005472724|0.00030130922,-6.0318613|0.624325|0.70634216|0.44715106,0.00015937403|0.0081159|0.0013934581|0.006000959,0.00045766938|0.020714713|0.0018574654|0.00912588,3.992014e-06|0.00020372885|3.48944e-05|0.00015069236,88018380.0|135890.8|576020.56|276153.5
625,5,4837.21533203125,6.561224460601807,1474.485595703125,1,0.00010197909432463348,0.9576238989830017,4837.2153|4870.821|4917.1436|4937.3413|4950.0,1|1|1|1|1,1|1|1|1|1,0.11237063|0.21884395|0.34280887|0.07699496|0.24898158,0.0018504799|0.0016417938|0.0014784639|0.001537807|0.0014906825,1.2587732|1.2068075|1.1612996|1.1783907|1.164874,0.001691823|0.0032948577|0.0051612416|0.0011592162|0.003748602,0.006634033|0.016935337|0.018065441|0.0033556381|0.01712849,6.217626e-05|0.000121157194|0.00018990686|4.261081e-05|0.00013788645,144751.25|91471.914|65041.465|180839.22|88731.36
626,3,4625.3193359375,6.3191070556640625,1463.9154052734375,1,0.00010271543578710407,0.9943153858184814,4625.3193|4659.9077|4698.847,1|1|1,1|1|1,0.6315873|0.18289834|0.18551433,0.0012833438|0.0015275626|0.0014420277,1.0967073|1.1723633|1.1473379,0.013771276|0.0039879577|0.004044997,0.024286589|0.007916468|0.0067586303,0.00021896223|6.3376145e-05|6.42835e-05,28211.057|78858.625|81570.195
627,5,4709.3974609375,6.484274864196777,1452.5594482421875,1,0.00010351845412515104,0.9689881205558777,4709.3975|4735.535|4757.589|4794.544|4829.923,1|1|1|1|1,1|1|1|1|1,0.12725633|0.0688835|0.07428164|0.5811941|0.1483844,0.00025245646|0.00027443556|0.00027823966|3.8258535e-05|0.0002489863,0.3871689|0.42342275|0.4294014|-0.43228832|0.38115785,0.002258619|0.0012225842|0.0013183935|0.01031537|0.0026336124,0.015899627|0.008268621|0.009976463|0.009518416|0.022077175,0.00015273121|8.229918e-05|8.881632e-05|0.0011017701|0.00017871395,876640.4|1488453.6|1361889.4|1266887.1|762399.2
628,3,4700.14599609375,6.529531478881836,1439.657958984375,1,0.00010444613144500181,0.9622719883918762,4700.146|4734.5425|4753.0186,1|1|1,1|1|1,0.37910813|0.10545436|0.5154375,0.00012535299|0.0002186153|0.000116812254,0.07924266|0.32078838|0.0485964,0.005565127|0.0015480198|0.007566377,0.017011272|0.0037303085|0.020866534,0.00017388533|4.7936595e-05|0.00023761955,716694.75|1471931.2|565689.94
629,1,4533.58154296875,6.78057861328125,1337.2255859375,1,0.00011244678171351552,0.9266444444656372,4533.5815,1,1,1.0,0.0002174003,0.28631333,0.015192156,0.008727471,0.00012285511,151277.92
630,4,4682.70361328125,6.342223644256592,1476.6756591796875,1,0.00010182785626966506,0.9906912446022034,4682.7036|4724.3115|4773.929|4804.992,1|1|1|1,1|0|1|1,0.41229802|0.019485094|0.3702012|0.19801567,0.0001759262|0.0|0.00019746447|0.00031354954,0.23746416|-6.0078664|0.2876226|0.4884397,0.0070541613|0.00033337777|0.006333911|0.0033879245,0.016536213|0.00074434996|0.01387418|0.013765845,0.00017968674|8.460317e-06|0.00016114996|8.5902226e-05,402850.0|74926610.0|399685.6|470434.94
631,1,4511.9365234375,6.981381893157959,1292.5626220703125,1,0.00011633224494289607,0.8999916315078735,4511.9365,1,1,1.0,0.00012478093,0.030448433,0.013388491,0.010195129,9.3224095e-05,299233.1
632,6,4576.580078125,6.448060512542725,1419.521484375,1,0.00010592774924589321,0.97443026304245,4576.58|4621.9746|4634.4575|4660.9985|4696.2676|4721.069,1|1|1|1|1|1,0|1|0|1|1|0,0.0063821743|0.26121736|0.009962846|0.25595617|0.46157527|0.0049061845,0.0|0.000539061|0.0|0.0005065147|0.0004922737|0.0,-6.0250096|0.7066282|-6.0250096|0.67958236|0.667197|-6.0250096,0.00011486891|0.004701494|0.00017931526|0.004606801|0.008307614|8.830345e-05,0.00031777777|0.019913996|0.00030127153|0.01770547|0.023902806|0.00047990456,3.2099395e-06|0.00013157894|5.015062e-06|0.0001289519|0.00023290829|2.467943e-06,82542770.0|197133.11|79639740.0|214092.95|122205.74|63204200.0
633,6,4782.43115234375,6.622937202453613,1444.2025146484375,1,0.00010411746916361153,0.9487007260322571,4782.431|4808.201|4853.1035|4876.9863|4892.939|4923.844,1|1|1|1|1|1,1|1|0|0|1|1,0.32717845|0.20214833|0.015215662|0.014104962|0.30116633|0.14018625,0.0021728214|0.0015128842|0.0|0.0|0.0024540953|0.0018653246,1.3195004|1.1622821|-6.017524|-6.017524|1.3723679|1.2532308,0.0074941576|0.004630291|0.00034852105|0.00032308|0.0068983394|0.003211024,0.025943404|0.011772747|0.00041740364|0.0004950741|0.02491032|0.008202636,0.00017953997|0.000110930756|8.366621e-06|7.755155e-06|0.00016528089|7.692205e-05,30464.55|70040.88|68425230.0|75513290.0|29212.54|78366.54
634,1,4507.4189453125,7.116298675537109,1266.7874755859375,1,0.00011869924492202699,0.8829288482666016,4507.419,1,1,1.0,0.00032537774,0.43794,0.01842066,0.011811737,0.00013030716,83339.91
635,6,4707.93017578125,6.482149124145508,1452.5830078125,1,0.00010351677337894216,0.9693058729171753,4707.93|4747.367|4761.605|4795.8374|4829.7153|4871.1353,1|1|1|1|1|1,1|1|0|0|0|1,0.6814924|0.13811328|0.003811871|0.015954653|0.0029806534|0.15764719,0.0007624278|0.00048265432|0.0|0.0|0.0|0.0004988884,0.86718804|0.6686256|-6.015011|-6.015011|-6.015011|0.68299276,0.008902377|0.0018041823|4.979471e-05|0.00020841663|3.893646e-05|0.0020593551,0.046032555|0.006790881|0.0009418524|0.0009942811|0.00021796876|0.008980541,0.00037115155|7.4961936e-05|2.0659518e-06|8.673574e-06|1.615397e-06|8.55808e-05,73643.96|571073.2|76476190.0|85756690.0|89700856.0|485061.4
636,6,4813.82421875,6.456145286560059,1491.2379150390625,1,0.00010083348752232268,0.9732099771499634,4813.824|4840.7114|4856.447|4881.9146|4926.7563|4950.0,1|1|1|1|1|1,1|1|1|1|1|1,0.20249857|0.22858237|0.26021153|0.110080875|0.108201705|0.09042495,0.00067104836|0.0007410147|0.0009302356|0.0006899059|0.00084725866|0.0011408816,0.8231491|0.8662221|0.96498823|0.83518517|0.9244113|1.0536358,0.0026192218|0.0029566032|0.0033657113|0.0014238433|0.0013995371|0.0011696033,0.0098886|0.014697674|0.019592563|0.0038384625|0.006943227|0.007522179,0.00015480981|0.00017480148|0.0001989377|8.404324e-05|8.258426e-05|6.8978894e-05,283075.5|227599.72|159314.86|490940.62|414911.0|365356.84
637,6,4657.72412109375,6.314598560333252,1475.22412109375,1,0.00010192804620601237,0.9950252771377563,4657.724|4669.8364|4696.75|4715.661|4733.644|4769.8423,1|1|1|1|1|1,1|1|0|1|1|1,0.1996577|0.18264042|0.009560621|0.15153481|0.3530671|0.10353934,0.0019674713|0.0020111005|0.0|0.0016509866|0.001929374|0.0018627951,1.2856147|1.2951401|-6.0082936|1.2094499|1.2771227|1.2618715,0.0024727096|0.002261955|0.00011840586|0.00187672|0.004372646|0.0012823084,0.016764551|0.019201653|0.0006916244|0.008852802|0.023368886|0.0060983063,0.00015547566|0.00014221984|7.450999e-06|0.000118022326|0.00027531295|8.0607395e-05,101321.49|108679.51|65296964.0|155475.61|58853.78|187244.61
638,3,4603.669921875,6.979593276977539,1319.179931640625,1,0.00011398498463677242,0.9002222418785095,4603.67|4622.2705|4632.539,1|1|1,1|0|1,0.08219451|0.006465853|0.91133964,0.0014984416|0.0|0.00017766215,1.1187922|-6.0568476|0.1927475,0.0012377329|9.7366596e-05|0.013723485,0.011826981|0.0005664834|0.012,0.000103787184|8.173956e-06|0.0013470326,264124.06|63289636.0|204997.92
639,1,4537.298828125,7.019719123840332,1292.7293701171875,1,0.00011631723464233801,0.8950764536857605,4537.299,1,1,1.0,8.83991e-05,-0.119195715,0.022497702,0.009463725,0.00051440275,251381.62
640,5,4692.951171875,6.453592300415039,1454.36865234375,1,0.00010338968422729522,0.9735949635505676,4692.951|4718.672|4741.293|4751.452|4788.9854,1|1|1|1|1,1|0|1|1|1,0.14650223|0.006194951|0.11042832|0.22623092|0.5106436,0.00090790435|0.0|0.0010305298|0.0008936716|0.0010773257,0.9435629|-6.0144773|0.99858344|0.9367008|1.0178698,0.0019704518|8.332195e-05|0.0014852585|0.0030428008|0.006868145,0.005085036|0.00032717525|0.0033573734|0.0095441|0.021920247,6.652077e-05|2.8123181e-06|5.013682e-05|0.00010277742|0.00023219484,269738.25|80023250.0|290080.66|182153.12|67401.34
641,2,4725.2333984375,6.503093242645264,1453.2264404296875,1,0.00010347094939788803,0.9661840796470642,4725.2334|4738.78,1|1,1|1,0.3304796|0.66952044,0.0002354412|0.00020313273,0.35706422|0.29296172,0.0059139295|0.011981063,0.005150431|0.011915061,8.841238e-05|0.00017945711,358288.78|205380.2
642,1,4850.3779296875,7.092259883880615,1367.7947998046875,1,0.00010993368050549179,0.8859214782714844,4850.378,1,1,1.0,0.00014620421,0.12382941,0.017740656,0.0078462325,0.00010381334,192684.95
643,4,4513.46728515625,6.200386047363281,1455.8665771484375,1,0.00010328330245101824,1.013353943824768,4513.4673|4551.99|4584.1177|4629.132,1|1|1|1,1|1|1|1,0.24422769|0.11263128|0.21014524|0.43299577,0.0005998155|0.0008738777|0.00061951607|0.0011021032,0.76398766|0.9274206|0.77802247|1.0281922,0.0052476353|0.0024200692|0.0045153177|0.009303629,0.011858847|0.0032285752|0.007486014|0.032158848,0.000108385895|4.9956154e-05|9.3258765e-05|0.00019218706,158453.05|218133.08|177541.03|48707.617
644,2,4598.21044921875,6.972620964050293,1318.93310546875,1,0.00011400631774449721,0.9011224508285522,4598.2104|4619.1846,1|1,1|1,0.5795353|0.4204647,0.00013988008|0.00012707888,0.0888273|0.047144778,0.009050409|0.0065662568,0.0162229|0.009206725,0.00010836743|7.858628e-05,394917.1|599068.5
645,4,4516.4033203125,6.185230255126953,1460.38330078125,1,0.00010296386608388275,1.0158369541168213,4516.4033|4555.259|4565.681|4609.2603,1|1|1|1,1|1|1|1,0.20340848|0.4550347|0.21698822|0.12456858,0.0017072374|0.0019884526|0.0016101263|0.001441886,1.2196091|1.2858304|1.1941751|1.1462461,0.0037185447|0.008318567|0.003966798|0.0022772592,0.008314998|0.018538812|0.006959153|0.0030477075,6.662479e-05|0.00014907563|7.1078204e-05|4.080054e-05,75397.48|29886.713|73985.04|103831.055
646,1,4825.9501953125,7.063409328460693,1366.46484375,1,0.00011004067346220836,0.8895400166511536,4825.95,1,1,1.0,5.880532e-05,-0.27213588,0.018797414,0.013225895,0.00011924833,452318.5
647,4,4837.92333984375,6.780808925628662,1426.9456787109375,1,0.00010537661728449166,0.926612913608551,4837.9233|4870.727|4917.2485|4939.9126,1|1|1|1,1|1|1|1,0.33899403|0.13916098|0.29913923|0.22270577,0.00095860916|0.0011142758|0.0010916651|0.0010548123,0.95889735|1.0242485|1.0153452|1.000431,0.0060048024|0.0024650411|0.005298831|0.0039449194,0.013827534|0.004303632|0.012531933|0.008699603,0.00014372153|5.896699e-05|0.00012681143|9.439474e-05,86372.14|166486.28|85665.305|118063.05
648,1,4743.17822265625,6.741939544677734,1407.0662841796875,1,0.00010686540190363303,0.9319551587104797,4743.178,1,1,1.0,0.0009197269,0.9348218,0.01971464,0.011029489,0.00012322926,27352.77
649,5,4718.7509765625,6.61052131652832,1427.648681640625,1,0.0001053247251547873,0.9504826068878174,4718.751|4764.219|4793.38|4810.208|4850.3843,1|1|1|1|1,1|1|1|1|0,0.1876063|0.3721705|0.26233363|0.15013339|0.027756201,0.000497393|0.00045176293|0.00055972143|0.0006094935|0.0,0.6741694|0.6323803|0.72544163|0.76243883|-6.0225306,0.0029940796|0.0059396094|0.004186681|0.0023960352|0.00044297168,0.0118561955|0.019377893|0.02176368|0.011413151|0.00028195122,6.734486e-05|0.00013372874|9.419592e-05|5.388411e-05|9.997423e-06,335086.66|186225.5|213210.84|341294.16|81404130.0
650,4,4865.09716796875,6.557116985321045,1483.9134521484375,1,0.00010133118485100567,0.9582237005233765,4865.097|4877.747|4910.2446|4933.4966,1|1|1|1,1|1|0|1,0.30611533|0.29128855|0.019307626|0.3832885,0.004594265|0.0035920946|0.0|0.0035656693,1.6564729|1.5496047|-6.005743|1.5463979,0.006235009|0.0059330147|0.00039326103|0.0078068855,0.021823807|0.01529497|0.0005818852|0.019504383,0.00012441346|0.00011839306|7.8635885e-06|0.0001557994,16567.047|21954.555|70749610.0|17282.078
651,3,4592.37060546875,6.558129787445068,1400.5123291015625,1,0.00010736550757428631,0.9580758213996887,4592.3706|4630.0757|4675.7944,1|1|1,0|1|1,0.023780795|0.5931431|0.3830761,0.0|0.0021305464|0.0018086961,-6.0308647|1.2976263|1.2265009,0.00037902652|0.0094537195|0.0061055995,0.00021834475|0.01551837|0.009108622,9.530155e-06|0.00023711436|0.00015311476,72294990.0|24302.865|43238.25
652,2,4767.85009765625,6.576226234436035,1450.0262451171875,1,0.00010369930532760918,0.9554393887519836,4767.85|4816.8096,1|1,1|1,0.35058784|0.64941216,0.0012070774|0.0012042896,1.0659593|1.0649551,0.0051538874|0.0095468145,0.0077523226|0.014537074,8.678127e-05|0.00016079606,78175.38|43159.3
653,5,4797.40771484375,6.554357051849365,1463.883544921875,1,0.00010271766950609162,0.9586272835731506,4797.4077|4845.7397|4872.6255|4910.4897|4929.5586,1|1|1|1|1,0|1|1|1|0,0.024734901|0.17718181|0.3685004|0.41836286|0.011220036,0.0|0.0041192216|0.004954595|0.0032945718|0.0,-6.0116453|1.60317|1.6833631|1.5061538|-6.0116453,0.00052091054|0.0037314026|0.007760522|0.008810612|0.00023629103,0.0007612763|0.010591844|0.025221355|0.01935122|0.0004902706,9.794515e-06|6.994442e-05|0.00014548728|0.00016519307|4.4319972e-06,68862600.0|25771.293|12432.508|16663.352|62225990.0
654,1,4721.4375,6.999419212341309,1349.0941162109375,1,0.00011145754251629114,0.8976724147796631,4721.4375,1,1,1.0,4.9595084e-05,-0.35166997,0.017140703,0.010923804,0.00010539852,588154.7
655,4,4674.74462890625,6.456240653991699,1448.132080078125,1,0.00010383493645349517,0.9731956720352173,4674.7446|4723.133|4758.4854|4804.2563,1|1|1|1,1|1|1|1,0.25067133|0.15850954|0.4640185|0.12680064,0.0014359354|0.0018280764|0.0011879714|0.0015973399,1.1407914|1.2456509|1.0584625|1.1870538,0.0042787697|0.0027056374|0.007920443|0.0021643906,0.014941177|0.010566653|0.021219455|0.0052508623,0.00012241684|7.739548e-05|0.00022682203|6.1914085e-05,80577.234|97785.055|52962.22|128742.01
656,1,4847.958984375,7.0393500328063965,1377.3883056640625,1,0.0001091679951059632,0.8925803303718567,4847.959,1,1,1.0,8.5491025e-05,-0.10617429,0.019671014,0.01117876,0.00012333467,297297.12
657,2,4529.75927734375,6.084448337554932,1488.9630126953125,1,0.00010098754137288779,1.032663106918335,4529.7593|4552.204,1|1,1|1,0.22988078|0.77011925,0.0009269644|0.0006603533,0.96279526|0.8155086,0.0041801636|0.014003887,0.005227203|0.020863641,4.9919985e-05|0.00016733863,125110.984|54017.676
658,3,4858.6982421875,6.654061794281006,1460.37060546875,1,0.0001029647610266693,0.9442631602287292,4858.698|4906.733|4950.0,1|1|1,1|1|1,0.5521767|0.14138001|0.30644327,0.0003683294|0.00037222393|0.000253227,0.5535479|0.5581158|0.39082158,0.009121512|0.0023354834|0.0050621945,0.019731777|0.0018259314|0.007066838,0.00011387015|2.9134382e-05|6.3183856e-05,148763.58|546959.1|389487.4
659,4,4669.669921875,6.490110397338867,1439.0108642578125,1,0.00010449309775140136,0.968116819858551,4669.67|4708.4414|4746.052|4775.9077,1|1|1|1,1|1|1|1,0.2861899|0.092153795|0.24360934|0.37804696,0.0025141176|0.0020907922|0.0020028567|0.0021869391,1.381298|1.3012233|1.2825623|1.3207492,0.0052499603|0.0016904991|0.0044688485|0.006935016,0.016483678|0.0043463935|0.010022004|0.020195255,0.00010944939|3.523898e-05|9.3175644e-05|0.00014461298,36916.375|78611.34|53370.297|32549.426
660,2,4568.01708984375,6.291402339935303,1452.1458740234375,1,0.00010354793630540371,0.9986938834190369,4568.017|4600.9854,1|1,1|1,0.20435353|0.7956465,0.0030097766|0.00042561872,1.4633929|0.6138794,0.004552521|0.017725151,0.017715866|0.008177908,0.00012738712|0.0005,35401.746|66093.0
661,3,4817.876953125,6.850886344909668,1406.4974365234375,1,0.00010690862836781889,0.9171346426010132,4817.877|4867.5356|4912.056,1|1|1,1|1|1,0.69482255|0.2203114|0.08486605,0.0002335552|0.0003012265|0.0004878368,0.33937696|0.44988057|0.6592619,0.014251775|0.004518893|0.0017407204,0.01497271|0.0066180876|0.0019424078,0.0002416889|7.638219e-05|2.939864e-05,150170.53|366411.28|540695.75
662,3,4778.80322265625,6.550011157989502,1459.174072265625,1,0.00010304919123882428,0.959263265132904,4778.803|4800.066|4826.069,1|1|1,1|1|1,0.16574368|0.3608532|0.47340313,0.00089754694|0.0010675801|0.0008217011,0.94001263|1.015356|0.9016693,0.0031721361|0.0069063|0.009060371,0.0029235608|0.02083277|0.012402157,4.977721e-05|0.00010839879|0.00014224951,155262.38|67620.5|66837.56
663,2,4563.1953125,6.169278144836426,1479.3287353515625,1,0.00010164522973354906,1.0184636116027832,4563.1953|4604.897,1|1,1|1,0.6336634|0.36633655,0.0005873199|0.000576561,0.76178783|0.7537584,0.0089727305|0.005187358,0.012169996|0.0057115215,0.00015689268|9.066033e-05,94665.11|165516.67
664,5,4539.861328125,6.310349464416504,1438.8621826171875,1,0.00010450390254845843,0.9956952929496765,4539.8613|4586.246|4598.2817|4624.441|4665.654,1|1|1|1|1,1|1|1|1|1,0.33169645|0.39599046|0.078926265|0.08636454|0.10702228,0.0023590296|0.002896222|0.0023648974|0.0018538642|0.002176944,1.3536009|1.4426993|1.3546798|1.2489454|1.3187147,0.007098249|0.00847413|0.001689009|0.0018481868|0.002290259,0.021878125|0.029352002|0.004877068|0.0037345854|0.0050993795,0.00014467172|0.0001727265|3.4418066e-05|3.7662274e-05|4.6672165e-05,29505.1|20170.244|76764.77|78509.9|75936.484
665,6,4755.5654296875,6.563989639282227,1448.9862060546875,1,0.00010377373109804466,0.9572204947471619,4755.5654|4785.057|4828.575|4861.4253|4884.18|4931.019,1|1|1|1|1|1,1|1|1|1|1|1,0.104496405|0.21954244|0.16670711|0.18950611|0.066411495|0.25333643,0.00028636548|0.00024751987|0.00022095932|0.00023396849|0.00038262672|0.0003141517,0.44083336|0.3775228|0.32822508|0.3530701|0.56668794|0.48105213,0.0016478627|0.0034620888|0.0026288987|0.0029884288|0.0010472804|0.003995005,0.0074235043|0.01828244|0.009296849|0.01141496|0.004123486|0.02330712,5.2653857e-05|0.000110870315|8.41518e-05|9.568637e-05|3.344714e-05|0.0001279179,1057838.1|583356.75|860229.25|714774.7|1235907.9|398314.9
666,5,4806.17236328125,6.78587007522583,1416.5235595703125,1,0.00010615193605190143,0.9259218573570251,4806.1724|4829.015|4874.122|4910.6035|4950.0,1|1|1|1|1,1|0|1|0|0,0.86677843|0.01961218|0.08619072|0.009153521|0.01826516,0.00048160972|0.0|0.00038101577|0.0|0.0,0.6567674|-6.025928|0.55501515|-6.025928|-6.025928,0.014604631|0.000330452|0.0014522554|0.00015423064|0.00030775557,0.034848455|0.000668364|0.0024770377|0.00085571373|0.0006879622,0.00029738125|6.715296e-06|2.9489842e-05|3.131669e-06|6.2555887e-06,71070.08|50486630.0|877930.0|66441908.0|70526470.0
667,6,4814.544921875,6.537935733795166,1472.8028564453125,1,0.00010209561878582463,0.9610350728034973,4814.545|4824.717|4852.7007|4892.2563|4911.6655|4950.0,1|1|1|1|1|1,1|1|1|1|1|1,0.28209224|0.0635474|0.20210882|0.07827241|0.17201646|0.20196268,0.00018594692|0.0002551501|0.000155363|0.00021040163|0.0001693097|0.00014575045,0.26038212|0.39778882|0.18234079|0.3140422|0.219675|0.15460312,0.0062073884|0.0013983491|0.004447368|0.0017223703|0.0037851909|0.004444152,0.018684793|0.002927062|0.0101377675|0.0035268834|0.011207273|0.01239702,0.000228017|5.0891857e-05|0.00016314162|6.275754e-05|0.00013857953|0.00016315379,433136.2|1389721.1|723447.0|1374364.8|779994.25|771800.06
668,1,4547.48095703125,6.844456672668457,1328.8070068359375,1,0.00011315918527543545,0.9179961681365967,4547.481,1,1,1.0,2.4620902e-05,-0.6623841,0.020253025,0.01188143,0.00014737675,1002706.6
669,3,4785.3369140625,6.478139400482178,1477.3800048828125,1,0.00010177930380450562,0.9699058532714844,4785.337|4799.126|4831.563,1|1|1,1|1|1,0.39240754|0.47760066|0.1299918,0.00096312887|0.0009760061|0.0014280296,0.976025|0.9817931|1.1470778,0.0075778235|0.009222997|0.0025102852,0.01658625|0.022639193|0.004842415,0.00011936689|0.00014529758|3.952741e-05,68261.29|55434.965|125100.336
670,2,4667.7421875,6.382458686828613,1462.6783447265625,1,0.0001028023034450598,0.9844459295272827,4667.742|4697.05,1|1,1|1,0.36240786|0.63759214,0.0025209421|0.0025852986,1.3895601|1.4005079,0.0047701485|0.008392228,0.0086126495|0.014921524,6.029037e-05|0.00010607699,37503.426|22307.672
671,5,4647.2685546875,6.741502285003662,1378.7041015625,1,0.0001090638033929281,0.932015597820282,4647.2686|4675.655|4711.0913|4733.6597|4750.811,1|1|1|1|1,0|0|1|1|1,0.008446384|0.0020764293|0.38253868|0.19914807|0.40779042,0.0|0.0|0.0019677703|0.002530749|0.0041288338,-6.0376806|-6.0376806|1.2562938|1.3655684|1.5781468,0.00012121972|2.9800229e-05|0.0054900693|0.0028581077|0.005852474,0.0005460303|0.00051071454|0.014735458|0.009161222|0.02482098,4.4768053e-06|1.1000594e-06|0.00020288018|0.00010556204|0.00021618624,67094176.0|94313030.0|45310.293|62393.957|20009.809
672,4,4753.89794921875,6.523313999176025,1457.510009765625,1,0.00010316684347344562,0.9631891250610352,4753.898|4801.212|4842.2607|4858.0728,1|1|1|1,1|1|1|1,0.114740975|0.20680845|0.2796243|0.39882627,0.0022620668|0.0037905779|0.004464244|0.0038587295,1.3409653|1.5651653|1.6362078|1.5729042,0.001562356|0.0028159814|0.0038074693|0.0054305675,0.004822153|0.010885329|0.01872253|0.025728537,5.757263e-05|0.00010380157|0.00014037131|0.00020025257,54713.227|39596.41|27485.84|23266.729
673,1,4584.70458984375,6.251551151275635,1466.741455078125,1,0.00010251752973999828,1.0050601959228516,4584.7046,1,1,1.0,0.0004988546,0.6871759,0.015305913,0.010182624,9.068193e-05,65328.195
674,6,4665.60888671875,6.256906032562256,1491.346923828125,1,0.0001008261097013019,1.0042001008987427,4665.609|4679.636|4691.5796|4727.2334|4758.6284|4784.923,1|1|1|1|1|1,1|1|1|1|1|1,0.19899638|0.11165262|0.24796017|0.12545475|0.17810245|0.13783364,0.0013627614|0.0014193811|0.0011093476|0.0013616586|0.001258701|0.001686459,1.1308469|1.1485261|1.0414947|1.1304953|1.0963496|1.2234029,0.0025507736|0.0014311846|0.0031784007|0.001608103|0.002282951|0.0017667778,0.01681872|0.008126052|0.01594232|0.007987474|0.014306295|0.012935824,0.00013339729|7.480725e-05|0.00016635528|8.407454e-05|0.000119413904|9.236638e-05,142894.5|238438.9|141118.83|221550.45|172651.23|164926.08
675,3,4657.3271484375,6.348233699798584,1467.2828369140625,1,0.00010247970203636214,0.9897533059120178,4657.327|4701.638|4741.282,1|1|1,1|1|1,0.5641753|0.24406835|0.19175634,0.00084093626|0.00086475955|0.0010002088,0.91412526|0.92625755|0.98945284,0.00818085|0.0035391243|0.0027805716,0.020527363|0.007534138|0.0075014867,0.00018085811|7.8188416e-05|6.142043e-05,72553.9|161142.8|176455.22
676,4,4605.50927734375,6.564199924468994,1403.22021484375,1,0.00010715831012930721,0.9571897983551025,4605.5093|4617.2983|4658.2476|4674.1333,1|1|1|1,1|0|1|1,0.4053434|0.0043843705|0.18030141|0.4099708,0.0011772002|0.0|0.0011393444|0.0013918146,1.0408245|-6.030026|1.0266292|1.1135556,0.006586865|7.1246395e-05|0.002929913|0.0066620605,0.016445728|0.0009291386|0.0047755176|0.022106819,0.00015955589|1.7246425e-06|7.094363e-05|0.00016136953,64119.113|78577450.0|139806.34|53689.113
677,2,4726.3876953125,6.373310565948486,1483.181396484375,1,0.00010138120705960318,0.9858589172363281,4726.3877|4759.281,1|1,1|1,0.5799481|0.4200519,0.00024533653|0.00024343733,0.38380495|0.38042992,0.011256332|0.008152873,0.010429635|0.0063414886,0.00014124786|0.0001022555,180951.66|251541.94
678,4,4802.02685546875,6.871101379394531,1397.745849609375,1,0.00010757800191640854,0.914436399936676,4802.027|4812.8223|4828.4873|4839.774,1|1|1|1,0|1|1|1,0.009118626|0.24967287|0.4199318|0.32127672,0.0|0.0006698995|0.00093521934|0.0006823916,-6.0317235|0.79428625|0.93919003|0.8023102,0.00018980786|0.005197041|0.008741049|0.0066875042,0.00088226044|0.00979959|0.02452022|0.016833242,3.4645125e-06|9.488151e-05|0.00015960934|0.00012211716,75042536.0|142808.27|61056.832|109349.01
679,6,4745.3369140625,6.459117889404297,1469.34521484375,1,0.00010233586363028735,0.9727621078491211,4745.337|4783.5376|4828.885|4874.568|4895.7085|4931.3633,1|1|1|1|1|1,0|1|1|1|1|1,0.012487932|0.077325284|0.10130887|0.20374332|0.13029513|0.47483945,0.0|0.0020240142|0.0024007868|0.0018947824|0.0019076619|0.003643645,-6.010028|1.2961857|1.3703258|1.2675315|1.2704736|1.5515082,0.00018579858|0.001150465|0.0015072988|0.0030313444|0.0019385637|0.0070647807,0.0007166663|0.00434129|0.0070809545|0.012806727|0.0058121183|0.031473137,6.6995817e-06|4.142576e-05|5.4289783e-05|0.00010923779|6.984627e-05|0.0002546408,77623256.0|137931.97|118612.27|84986.62|117480.43|19144.375
680,6,4803.50634765625,6.792860507965088,1414.2808837890625,1,0.00010632025805534795,0.924968957901001,4803.5063|4851.323|4896.678|4915.3955|4931.5366|4950.0,1|1|1|1|1|1,1|1|1|1|1|1,0.29309973|0.08020382|0.10996759|0.18849055|0.13992083|0.18831748,0.0002953261|0.0004269482|0.000348356|0.00037992132|0.0002985789|0.00030567945,0.44368595|0.6037592|0.5154074|0.55307776|0.44844323|0.45865035,0.0054271347|0.0014850812|0.0020361973|0.0034901553|0.0025908218|0.0034869506,0.023739144|0.0063512884|0.0075895246|0.01807967|0.010378201|0.013551758,0.00015240423|4.1587176e-05|5.7052406e-05|9.785807e-05|7.263572e-05|9.78123e-05,311902.2|784385.06|703154.9|376882.9|645730.25|468811.56
681,6,4758.7900390625,6.73738956451416,1412.6510009765625,1,0.00010644293070072308,0.9325845241546631,4758.79|4780.896|4811.568|4858.7676|4908.6934|4950.0,1|1|1|1|1|1,0|0|0|1|1|1,0.007340072|0.019103684|0.018931206|0.31048265|0.15098348|0.4931589,0.0|0.0|0.0|0.0035679815|0.00246066|0.002405236,-6.027117|-6.027117|-6.027117|1.5253057|1.3639348|1.3540409,0.00013156423|0.00034241643|0.00033932494|0.0055651236|0.002706244|0.008839432,0.00078477553|0.0005607041|0.0008192985|0.02591924|0.008515677|0.02171625,3.5746066e-06|9.33965e-06|9.239179e-06|0.00015123577|7.354404e-05|0.00024034656,82223310.0|99104670.0|56825212.0|24619.504|67004.43|23180.352
682,1,4731.12890625,6.400104522705078,1478.45361328125,1,0.00010170539462706074,0.981731653213501,4731.129,1,1,1.0,0.0012348556,1.0842721,0.018263077,0.007693161,0.00012727788,21561.084
683,6,4711.97802734375,6.301254749298096,1495.568115234375,1,0.00010054153244709596,0.9971323609352112,4711.978|4761.022|4771.488|4794.5723|4818.2666|4839.808,1|1|1|1|1|1,1|0|1|1|1|1,0.09057431|0.01618594|0.16797507|0.09884916|0.39498827|0.23142724,0.0024031254|0.0|0.0033976603|0.003028138|0.0057088356|0.004020522,1.378431|-6.0023456|1.5288345|1.4788302|1.754202|1.6019369,0.0011544526|0.00020630463|0.0021409963|0.0012599232|0.0050344877|0.0029497524,0.0048576966|0.0006413106|0.010565463|0.0060882694|0.028432922|0.018758997,4.139219e-05|7.4125855e-06|7.678849e-05|4.5185756e-05|0.00018059993|0.00010581073,78905.555|73377576.0|60626.734|70049.87|16659.764|40112.023
684,5,4807.56689453125,6.667957782745361,1441.99072265625,1,0.00010427716915728524,0.942295253276825,4807.567|4830.256|4875.4937|4911.1914|4950.0,1|1|1|1|1,1|1|1|1|0,0.09634444|0.63938123|0.069515556|0.1636168|0.031141968,0.0037609919|0.0011053744|0.0019688385|0.006524444|0.0,1.5571132|1.0253202|1.2760209|1.7963543|-6.0181894,0.0019270247|0.012788526|0.0013904091|0.003272567|0.0006228833,0.008277089|0.011059256|0.004638254|0.01620889|0.0025406743,0.00011554381|0.0007750057|8.3413215e-05|0.00019636798|3.7364673e-05,43598.848|34959.426|51648.703|17789.902|67862.97
685,6,4579.58984375,6.4142374992370605,1427.9451904296875,1,0.00010530286090215668,0.9795685410499573,4579.59|4594.1357|4612.814|4641.213|4659.02|4690.589,1|1|1|1|1|1,1|1|1|1|1|1,0.06034395|0.09516669|0.057577554|0.11805189|0.102230646|0.5666293,0.0028405073|0.0026379353|0.0027584252|0.0034777725|0.0037594454|0.00037230406,1.4309558|1.398824|1.418221|1.518861|1.5526836|0.54845774,0.0010382418|0.0016373808|0.0009906448|0.0020311298|0.0017589191|0.009749083,0.007859686|0.0125313075|0.0067328806|0.018645288|0.019756341|0.007768171,6.5268585e-05|0.00010299315|6.231323e-05|0.00012785185|0.00011072546|0.00063010614,141968.4|110134.19|141599.42|68113.5|72640.95|137406.77
686,4,4757.03515625,6.6642842292785645,1427.6207275390625,1,0.00010532679152674973,0.9428147077560425,4757.035|4790.5776|4801.248|4819.217,1|1|1|1,1|1|1|1,0.33247498|0.111420035|0.1603148|0.3957902,0.00015143424|0.00023772662|0.00019075234|0.00017503332,0.1576855|0.35353914|0.25793123|0.2205821,0.0052659404|0.0017647381|0.0025391632|0.0062687653,0.015568032|0.0049198973|0.0068281195|0.02409503,0.0001791605|5.957607e-05|8.586617e-05|0.00021337038,626935.44|1188671.5|1031394.5|455660.06
687,4,4738.4140625,6.7763519287109375,1398.5147705078125,1,0.00010751886293292046,0.9272223711013794,4738.414|4757.4336|4796.3486|4830.838,1|1|1|1,1|1|1|1,0.18651658|0.24085619|0.3405159|0.2321113,0.00012558627|0.00014542924|8.93964e-05|0.00013017825,0.067457855|0.13116738|-0.08016414|0.08305407,0.0037714578|0.0048702313|0.0068854005|0.0046934052,0.006098208|0.012221934|0.010037487|0.009225807,8.1701706e-05|0.00010555254|0.00015000376|0.000101756814,1055122.0|705824.25|812231.75|818167.25
688,1,4582.85009765625,7.151455402374268,1281.6551513671875,1,0.00011732228449545801,0.8785883188247681,4582.85,1,1,1.0,0.00023812261,0.3074203,0.020557398,0.013278963,0.00013271534,102098.62
689,4,4654.212890625,6.537323474884033,1423.889404296875,1,0.00010560279770288616,0.9611250758171082,4654.213|4701.3096|4743.403|4764.4316,1|1|1|1,1|1|1|0,0.3119927|0.51673335|0.15177628|0.019497631,0.00041117318|0.0005141228|0.00048572736|0.0,0.59034944|0.6873915|0.6627172|-6.0236754,0.006795236|0.01125451|0.003305704|0.00042466057,0.011688737|0.01953205|0.0033436005|0.00026863613,0.00012629278|0.0002092832|6.1390725e-05|7.897246e-06,178712.98|86347.39|304103.62|62415636.0
690,2,4524.62255859375,6.173251152038574,1465.8800048828125,1,0.00010257778194500133,1.017808198928833,4524.6226|4534.8447,1|1,1|1,0.70784235|0.29215765,0.0008413511|0.00090291776,0.91392404|0.9445949,0.012907546|0.0053275116,0.019039227|0.005588416,0.00019401612|8.003586e-05,45954.35|101252.92
691,3,4868.25927734375,6.690165042877197,1455.3480224609375,1,0.00010332010424463078,0.9391674995422363,4868.2593|4908.8154|4950.0,1|1|1,1|1|1,0.50032574|0.39752334|0.10215092,0.005185588|0.0029596675|0.00079457415,1.7006131|1.4570581|0.8859497,0.010902607|0.008662438|0.0022259722,0.02086957|0.008536658|0.0029616721,0.0001175109|9.336828e-05|2.3991175e-05,8174.008|16327.457|25336.49
692,2,4888.6806640625,6.723974227905273,1454.1044921875,1,0.00010340846347389743,0.9344451427459717,4888.6807|4921.7563,1|1,1|1,0.83153254|0.16846748,0.0029205333|0.000868809,1.4509062|0.92436826,0.010255485|0.0020777485,0.015035623|0.0025595203,0.00018705292|3.7887352e-05,15937.733|43311.754
693,5,4806.97998046875,6.7038893699646,1434.0869140625,1,0.00010485188249731436,0.9372447729110718,4806.98|4840.328|4865.53|4911.895|4941.0977,1|1|1|1|1,1|1|1|1|1,0.08004436|0.08728801|0.07677487|0.18354142|0.57235134,0.002825758|0.003670627|0.0026188425|0.0041027465|0.00060372794,1.4305587|1.5441641|1.3975332|1.5924984|0.7602651,0.0016389249|0.00178724|0.0015719815|0.0037580486|0.011719013,0.0068197227|0.0093321595|0.0058154454|0.01677445|0.008074484,9.317726e-05|0.000101683494|8.948138e-05|0.00021415502|0.0006782253,79178.24|58813.613|77503.33|30042.059|70203.15
694,3,4648.65966796875,6.309590816497803,1473.521728515625,1,0.00010204580030404031,0.9958150386810303,4648.6597|4676.28|4696.153,1|1|1,1|1|1,0.39859742|0.25444156|0.34696102,0.00012637787|9.672432e-05|0.00010040271,0.09287624|-0.02325903|-0.0070492933,0.0074434103|0.0047514434|0.0064791525,0.015498152|0.0049039647|0.010640012,0.00014567678|9.2907176e-05|0.00012687787,531493.0|1087518.6|768540.75
695,5,4557.22802734375,6.49613094329834,1403.05908203125,1,0.0001071706137736328,0.9672195911407471,4557.228|4572.3174|4599.907|4610.029|4641.7236,1|1|1|1|1,1|1|1|1|1,0.13580121|0.09986341|0.24960227|0.3560725|0.15866062,0.0012972228|0.0014484212|0.0010220391|0.0012604152|0.0011218308,1.0829389|1.1308192|0.9793918|1.0704379|1.0198517,0.0024702456|0.0018165313|0.004540305|0.0064770156|0.002886062,0.008619317|0.0065709804|0.015054657|0.026869837|0.01010542,9.13935e-05|6.719924e-05|0.00016817205|0.00023997146|0.00010683377,152153.6|179582.11|107214.945|61101.62|152366.39
696,6,4646.72216796875,6.527426719665527,1423.753173828125,1,0.00010561290400801226,0.9625822901725769,4646.722|4690.7773|4719.0776|4768.9297|4793.233|4810.0933,1|1|1|1|1|1,0|0|1|1|1|1,0.008935619|0.015398227|0.14638245|0.42794317|0.27409503|0.1272455,0.0|0.0|0.0030903355|0.004969166|0.0023639782|0.0025346123,-6.023717|-6.023717|1.4662887|1.6725665|1.3499265|1.3801945,0.00014941423|0.00025747676|0.0024476897|0.007155721|0.0045831967|0.002127697,0.00069095596|0.0003780928|0.00989753|0.027896725|0.014578193|0.006862259,4.6258365e-06|7.984729e-06|7.577982e-05|0.00022161701|0.00014196437|6.5886605e-05,51543050.0|62425204.0|58199.613|13561.964|44798.22|76073.305
697,1,4759.60693359375,6.720549583435059,1416.433837890625,1,0.00010615865176077932,0.934921383857727,4759.607,1,1,1.0,0.00015735622,0.17092879,0.020946877,0.011074884,0.0001282603,151658.31
698,3,4646.9130859375,6.892371654510498,1348.422119140625,1,0.00011151308717671782,0.9116144180297852,4646.913|4660.7217|4706.8066,1|1|1,1|1|1,0.14463307|0.23300226|0.62236464,0.00036124053|0.00027088658|4.8177313e-05,0.51047075|0.38546178|-0.36448237,0.002583992|0.004162782|0.0111190695,0.013234094|0.020324182|0.005389761,0.00010490577|0.00016959663|0.0005,535168.06|443307.25|933270.4
699,1,4522.56591796875,6.69705057144165,1350.6142578125,1,0.000111332097731065,0.9382018446922302,4522.566,1,1,1.0,0.00042773914,0.5845587,0.015730992,0.011910899,9.425435e-05,74198.78
700,2,4686.1875,6.378372669219971,1469.3990478515625,1,0.00010233210923615843,0.9850765466690063,4686.1875|4724.6567,1|1,0|1,0.02812581|0.9718742,0.0|0.0008810543,-6.010012|0.93499076,0.0004753258|0.016424662,0.0028299685|0.012,3.198381e-05|0.0011302384,84358.125|34350.33
701,5,4595.828125,6.517489433288574,1410.3062744140625,1,0.00010661989654181525,0.9640499353408813,4595.828|4631.509|4675.966|4718.9775|4763.429,1|1|1|1|1,1|0|1|1|1,0.08102009|0.013923036|0.15854421|0.38333216|0.3631805,0.001284234|0.0|0.00087833777|0.00074244256|0.0010289454,1.0808059|-6.027838|0.91582334|0.84282464|0.9845541,0.0014056882|0.00024156291|0.0027507218|0.0066507645|0.0063011358,0.0057424298|0.00044299857|0.011527406|0.019249346|0.0238809,5.0578612e-05|8.713207e-06|9.9094235e-05|0.00024009279|0.0002272729,261154.81|67377750.0|205644.69|101096.164|76963.58
702,6,4651.82373046875,6.470071792602539,1437.951171875,1,0.00010457010648678988,0.971115231513977,4651.8237|4699.9673|4727.2456|4754.909|4771.032|4793.2144,1|1|1|1|1|1,1|1|1|1|1|1,0.1868019|0.12566003|0.27664238|0.15312563|0.097821295|0.15994878,0.0049968082|0.0052153356|0.009047568|0.0058201416|0.0021730599|0.0058725933,1.6792852|1.6978747|1.9371243|1.7455261|1.3176641|1.7494224,0.0038664006|0.0026008948|0.005725907|0.0031693738|0.0020246923|0.0033105984,0.012169845|0.010853388|0.025304427|0.013599322|0.0052740127|0.013378077,9.946346e-05|6.691695e-05|0.00014733568|8.155295e-05|5.209727e-05|8.518778e-05,19846.615|21075.31|8090.4727|19953.85|26752.053|18353.977
703,6,4803.02880859375,6.6440253257751465,1445.8189697265625,1,0.00010400106839369982,0.9456895589828491,4803.029|4829.3335|4872.2275|4886.2393|4916.701|4950.0,1|1|1|1|1|1,1|1|0|1|1|0,0.47559547|0.17356956|0.013311138|0.16772863|0.15935013|0.010445049,0.007758732|0.004657336|0.0|0.005022701|0.0038874017|0.0,1.8727529|1.6510998|-6.017038|1.6838995|1.5726217|-6.017038,0.0063096466|0.0023027186|0.00017659667|0.0022252281|0.002114072|0.00013857274,0.026840938|0.010985422|0.00071662734|0.011468945|0.008396999|0.00033912485,0.00030117328|0.00010989723|8.453998e-06|0.00010620221|0.00010089923|6.623872e-06,9147.224|33628.51|90608840.0|30797.814|36601.33|78530920.0
704,4,4714.23193359375,6.579050064086914,1433.1041259765625,1,0.00010492378351045772,0.9550292491912842,4714.232|4749.253|4781.7896|4820.413,1|1|1|1,1|1|1|1,0.08437436|0.36000362|0.29617167|0.25945035,0.0011140398|0.0013388478|0.0014073685|0.0012965164,1.0260267|1.1058573|1.1275339|1.0919042,0.001116374|0.00476328|0.003918707|0.0034328394,0.0023430812|0.011356908|0.011816874|0.009299863,2.9709603e-05|0.00012684103|0.00010433964|9.140115e-05,182349.62|77188.06|89226.82|109891.586
705,4,4531.84326171875,6.423084259033203,1411.111328125,1,0.00010655906953616068,0.9782193899154663,4531.8433|4564.7866|4613.0776|4651.5483,1|1|1|1,1|0|1|1,0.25159487|0.023395233|0.5971398|0.12787014,0.0020778948|0.0|0.0025447893|0.0017591061,1.2900331|-6.0275903|1.3780614|1.2177017,0.005323447|0.0004950152|0.0126347635|0.0027055794,0.01132446|0.00049373775|0.021782348|0.0036905536,0.00010612725|9.913019e-06|0.00025198475|5.393839e-05,43550.133|95640856.0|15325.457|64300.19
706,4,4632.6259765625,6.446125507354736,1437.3365478515625,1,0.00010461482452228665,0.9747228026390076,4632.626|4660.288|4687.0254|4707.9434,1|1|1|1,1|1|1|1,0.30015144|0.38138497|0.22756371|0.090899885,0.0021422792|0.001889516|0.0020508023|0.0014062905,1.3112829|1.2567574|1.2923306|1.1284819,0.0041475194|0.0052700117|0.0031444957|0.0012560628,0.013253509|0.012415083|0.00861662|0.002951364,0.00014805031|0.00018818189|0.00011223949|4.4818444e-05,54679.215|48954.277|72592.82|111763.945
707,3,4509.63525390625,6.337100982666016,1423.2486572265625,1,0.00010565034608589485,0.9914920330047607,4509.6353|4529.626|4569.838,1|1|1,1|1|1,0.13298026|0.36844435|0.49857536,0.001807818|0.0012578573|0.0010715589,1.2332838|1.0757605|1.0061452,0.002430401|0.0067338385|0.009112165,0.0054881144|0.014259713|0.019547103,4.661307e-05|0.00012920343|0.00017489227,99418.234|58558.973|51050.09
708,1,4869.51611328125,6.791998386383057,1433.89794921875,1,0.0001048656995408237,0.9250863790512085,4869.516,1,1,1.0,0.00065820816,0.79772985,0.014561984,0.009994756,0.00012253728,51899.914
709,5,4829.45556640625,6.498354434967041,1486.362548828125,1,0.000101164223451633,0.9668886661529541,4829.4556|4844.1836|4864.176|4903.826|4928.49,1|1|1|1|1,0|1|1|0|1,0.007865025|0.35145655|0.42942107|0.0035291042|0.20772824,0.0|0.00084886275|0.0006207697|0.0|0.0007048327,-6.005027|0.9238106|0.78790367|-6.005027|0.8430592,0.000112937145|0.00504671|0.006166235|5.0675866e-05|0.0029828558,0.0006499235|0.02603935|0.023317141|0.00057100086|0.010798554,3.0191882e-06|0.00013501922|0.00016509306|1.3544956e-06|7.9781275e-05,72960160.0|116581.23|130523.47|90971256.0|236731.4
710,4,4832.85302734375,6.7279744148254395,1436.644287109375,1,0.00010466523235663772,0.9338895678520203,4832.853|4845.6533|4868.7695|4891.816,1|1|1|1,1|1|1|1,0.22259228|0.3466916|0.2903862|0.14032993,0.0007944789|0.00093220914|0.00073917344|0.000776535,0.88027996|0.94971097|0.84894395|0.87035865,0.004146227|0.0064578257|0.005409024|0.002613926,0.010750327|0.019224135|0.014348572|0.003338843,0.000106431486|0.00016582214|0.00013890304|6.707953e-05,150828.8|82830.82|124673.445|229947.36
711,6,4683.29248046875,6.519064903259277,1436.798828125,1,0.00010465397645020857,0.9638169407844543,4683.2925|4720.299|4741.276|4769.3477|4796.779|4837.719,1|1|1|1|1|1,1|1|1|1|1|1,0.31875136|0.08942617|0.1807777|0.11597913|0.12727845|0.16778718,0.0007339774|0.00065684307|0.0005336881|0.0005408709|0.0004798105|0.00048381998,0.845927|0.79770595|0.70753187|0.71333796|0.6613141|0.66492814,0.005622169|0.0015773078|0.0031885754|0.0020456517|0.0022449503|0.0029594474,0.03052085|0.0062908586|0.015004612|0.0070962165|0.007584853|0.011279359,0.00025634075|7.173661e-05|0.00014530167|9.311873e-05|0.00010224195|0.0001348858,121090.66|476859.2|293419.8|449047.38|462169.6|348503.66
712,4,4825.150390625,6.845577239990234,1409.7132568359375,1,0.00010666475282050669,0.9178459644317627,4825.1504|4859.3047|4901.342|4914.9536,1|1|1|1,1|1|1|1,0.3068886|0.10522236|0.14129172|0.4465973,0.0049064006|0.0014012812|0.0023323442|0.002576371,1.6627421|1.1185044|1.3397717|1.3829875,0.006699946|0.0022971986|0.0030846593|0.009750044,0.016445385|0.0036579964|0.005123488|0.0111285,0.00015193335|5.2091957e-05|6.995552e-05|0.00022120366,13383.295|34885.027|30341.098|18544.264
713,5,4510.9853515625,6.919464111328125,1303.85400390625,1,0.00011532480857567862,0.9080450534820557,4510.9854|4531.4204|4548.2363|4558.992|4583.592,1|1|1|1|1,1|0|1|1|1,0.04096905|0.036493707|0.06923691|0.04293233|0.810368,0.00075465126|0.0|0.0006397946|0.00077747746|0.00014533795,0.8158236|-6.0619226|0.7441179|0.8287651|0.100456566,0.00051424955|0.00045807438|0.0008690719|0.0005388929|0.010171859,0.0052214065|0.0033272407|0.009768234|0.005354868|0.012,5.713757e-05|5.0918163e-05|9.689401e-05|5.9974147e-05|0.0015,1254748.1|1374049.5|894493.4|1161919.0|338107.34
714,4,4567.20703125,6.500174045562744,1405.2568359375,1,0.00010700301208999008,0.966618001461029,4567.207|4597.683|4643.698|4661.2344,1|1|1|1,1|1|0|1,0.6440072|0.2240367|0.03547901|0.09647708,0.0010986946|0.010602945|0.0|0.0017143848,1.011481|1.9960306|-6.029396|1.2047123,0.008652662|0.003010081|0.0004766839|0.0012962333,0.005|0.022173146|0.0016488766|0.0048959916,0.0005|0.0001728954|2.7378199e-05|7.445489e-05,49684.008|6694.1323|45584.312|34920.28
715,6,4638.89453125,6.405765533447266,1448.349853515625,1,0.00010381933680037037,0.9808641076087952,4638.8945|4667.093|4680.9014|4719.9014|4754.214|4777.291,1|1|1|1|1|1,1|1|1|1|1|1,0.14768343|0.21675068|0.116389595|0.16402745|0.19858582|0.15656301,0.00038371322|0.00033478256|0.000361019|0.00033960494|0.00038818328|0.0003077085,0.56772864|0.5084847|0.5412519|0.5146959|0.5727587|0.47186142,0.003277944|0.0048109433|0.002583354|0.0036407118|0.0044077607|0.003475033,0.0070338445|0.009838674|0.004606955|0.006641651|0.011870276|0.006042952,7.38304e-05|0.00010845007|5.8183155e-05|8.2038896e-05|9.933389e-05|7.831327e-05,396286.38|310064.06|532662.4|403293.7|291897.4|466329.62
716,2,4546.4375,6.453117847442627,1409.06689453125,1,0.00010671367635950446,0.9736666083335876,4546.4375|4579.5947,1|1,0|1,0.0024654756|0.9975345,0.0|0.0010747875,-6.02822|1.0031025,4.9695005e-05|0.02010666,0.0007355013|0.012,3.6121085e-06|0.0015,92027910.0|22929.373
717,1,4700.5546875,6.73106050491333,1396.67578125,1,0.00010766043124021962,0.9334613680839539,4700.5547,1,1,1.0,0.00033709817,0.49570045,0.02189021,0.012686862,0.00013567631,67703.47
718,2,4666.927734375,6.690635681152344,1395.0625,1,0.0001077849228749983,0.9391013979911804,4666.9277|4678.3867,1|1,1|0,0.9895221|0.010477912,8.125618e-05|0.0,-0.12270108|-6.032558,0.021343766|0.00022600616,0.018302184|0.0006923232,0.0002008438|2.1147955e-06,288292.1|73488950.0
719,2,4742.49609375,6.58402681350708,1440.6065673828125,1,0.00010437735909363255,0.9543073773384094,4742.496|4762.729,1|1,1|1,0.82528573|0.17471428,0.0006221549|0.00069104374,0.7752923|0.8208993,0.015029925|0.0031818587,0.013370337|0.00163649,0.00013631409|2.8845625e-05,53342.992|166630.77
720,6,4756.76806640625,6.543104648590088,1453.9788818359375,1,0.00010341739834984764,0.9602758288383484,4756.768|4776.403|4793.2124|4817.557|4833.4014|4881.2476,1|1|1|1|1|1,1|1|1|1|0|1,0.07622146|0.10119075|0.26238894|0.26926717|0.010352558|0.28057912,0.0016763901|0.0014314183|0.0014232753|0.0013307012|0.0|0.0012454716,1.2097815|1.141173|1.1386954|1.1094869|-6.0145936|1.0807403,0.0015857939|0.0021052822|0.005459024|0.005602126|0.00021538584|0.0058374717,0.005534051|0.006251389|0.020099863|0.018100409|0.0008316179|0.021370603,5.9619255e-05|7.91809e-05|0.0002055218|0.00021095779|8.121047e-06|0.00021987282,166991.3|155866.66|63999.805|66674.65|83170480.0|68516.86
721,2,4576.25927734375,6.888890743255615,1328.5909423828125,1,0.0001131775788962841,0.9120749831199646,4576.2593|4595.015,1|1,1|1,0.30082077|0.69917923,0.00013042266|0.00013092882,0.061593004|0.063275166,0.004818196|0.011198637,0.0063842307|0.020234024,6.4836066e-05|0.00015102851,795268.4|340994.66
722,6,4727.31689453125,6.403254985809326,1476.53564453125,1,0.00010183751146541908,0.981248676776886,4727.317|4751.0854|4781.734|4810.903|4857.848|4878.4746,1|1|1|1|1|1,0|1|0|1|1|1,0.0020843933|0.21217224|0.010324612|0.17047444|0.2743976|0.3305467,0.0|0.00065550813|0.0|0.0005697004|0.0005051231|0.0005247553,-6.007908|0.8086704|-6.007908|0.74773884|0.6954895|0.7120491,4.0323695e-05|0.0041045845|0.00019973509|0.0032979182|0.0053083673|0.0063946014,0.0009047791|0.010960265|0.0005214097|0.007672813|0.012047877|0.017213225,1.3892899e-06|0.0001417021|6.899338e-06|0.000113875714|0.00018358335|0.0002212657,56391620.0|185137.42|94630170.0|264585.9|186128.03|148859.6
723,1,4895.90234375,7.144813060760498,1370.4774169921875,1,0.00010971849405905232,0.87940514087677,4895.9023,1,1,1.0,3.880478e-05,-0.45139349,0.014560381,0.009614653,0.00011212682,884917.5
724,6,4781.94677734375,6.444028377532959,1484.1483154296875,1,0.00010131514864042401,0.9750400185585022,4781.947|4803.876|4840.7876|4879.5063|4901.636|4925.7026,1|1|1|1|1|1,1|1|1|1|1|0,0.07135816|0.16060005|0.303076|0.249193|0.20338951|0.01238327,0.0024138077|0.00358149|0.0056827003|0.00581343|0.0042941202|0.0,1.3770283|1.5483893|1.7488804|1.7587581|1.6271998|-6.0056744,0.0009947094|0.0022387125|0.004224781|0.0034736693|0.0028351834|0.00017261875,0.0054420554|0.009367102|0.027689591|0.020154238|0.012684901|0.00027040983,3.8006216e-05|8.5558524e-05|0.00016149429|0.00013278119|0.00010837687|6.6073626e-06,60893.96|50520.492|19858.129|22359.559|35309.035|71284940.0
725,1,4590.234375,6.242221832275391,1470.705322265625,1,0.00010224122524959967,1.006562352180481,4590.2344,1,1,1.0,0.00077185815,0.8779115,0.019068971,0.012566668,0.00014171332,33843.707
726,1,4619.5751953125,6.485116481781006,1424.669921875,1,0.0001055449538398534,0.9688623547554016,4619.575,1,1,1.0,0.0010338416,0.99101657,0.013288294,0.008952617,0.00016376706,35870.31
727,6,4802.08349609375,6.739023685455322,1425.1571044921875,1,0.00010550886509008706,0.93235844373703,4802.0835|4826.8115|4857.1567|4876.2593|4907.897|4950.0,1|1|1|1|1|1,1|1|1|1|1|1,0.1425294|0.11654294|0.2977123|0.103150815|0.1993244|0.14074016,0.001354534|0.0015103222|0.0012339272|0.0013786055|0.0015027856|0.0011252012,1.108501|1.1557807|1.0680006|1.1161511|1.1536081|1.0279412,0.00207693|0.0016982569|0.004338246|0.0015031076|0.0029045434|0.0020508573,0.008046653|0.006219819|0.01775152|0.0058710226|0.01102795|0.006851951,0.00010734347|8.7765766e-05|0.00022461185|7.76975e-05|0.00015023396|0.00010607034,171721.34|180651.72|92879.65|224845.55|112042.05|209712.28
728,4,4512.6533203125,6.217238903045654,1451.6583251953125,1,0.0001035827153827995,1.0106070041656494,4512.6533|4543.658|4568.191|4578.305,1|1|1|1,1|1|1|1,0.16403008|0.30783656|0.11502473|0.41310865,0.0046997783|0.0038024164|0.0021092885|0.0052481093,1.6567901|1.5647724|1.3088487|1.7047156,0.002452974|0.0046035163|0.0017201278|0.006177799,0.009667962|0.0098372605|0.004787323|0.018344045,6.208544e-05|0.000116535935|4.3539672e-05|0.00015639424,27602.51|23479.352|35161.855|14066.325
729,5,4847.5400390625,6.793292999267578,1427.1546630859375,1,0.00010536119225434959,0.9249100685119629,4847.54|4878.8584|4888.9717|4920.688|4950.0,1|1|1|1|1,1|1|1|1|1,0.58899665|0.16244142|0.094717234|0.044825204|0.10901948,0.00033359195|0.0026585523|0.0025516027|0.0018413732|0.0022344587,0.500535|1.4019645|1.3841324|1.2424612|1.3264917,0.011286489|0.0031127397|0.0018149933|0.00085895084|0.0020890562,0.0073644607|0.021179637|0.009627821|0.003985336|0.010859787,0.00061674335|0.00016611916|9.682846e-05|4.5812e-05|0.0001114714,132463.86|59284.188|98211.9|164729.23|101514.32
730,3,4606.6494140625,6.287193775177002,1465.4072265625,1,0.00010261087300023064,0.9993624687194824,4606.6494|4641.078|4681.0903,1|1|1,1|1|1,0.25544482|0.30187234|0.44268283,0.0032806706|0.0028457104|0.0030672075,1.5047693|1.4429973|1.4755498,0.0036890758|0.0043595713|0.0063931243,0.011606231|0.01053561|0.016944768,0.000102333215|0.000120948906|0.00017739169,37689.06|37103.27|24631.834
731,2,4595.16015625,6.251184940338135,1470.1724853515625,1,0.00010227827442577109,1.0051190853118896,4595.16|4635.3438,1|1,1|0,0.9608309|0.03916906,0.00056826766|0.0,0.7447696|-6.0097833,0.01920886|0.0007830648,0.01974673|0.0008277423,0.00015788242|6.4403325e-06,45767.652|58467560.0
732,3,4532.96728515625,6.266303062438965,1446.775634765625,1,0.00010393229604233056,1.0026941299438477,4532.9673|4567.696|4608.0,1|1|1,1|1|1,0.06556557|0.85484225|0.079592206,0.002590595|0.0018221494|0.0035288422,1.396649|1.2438334|1.5308818,0.0010281551|0.013405059|0.0012481114,0.0075048027|0.010217563|0.0088056065,9.899585e-05|0.0013142587|0.000120350815,25750.959|19777.723|22625.303
733,2,4673.33056640625,6.4071574211120605,1458.784423828125,1,0.00010307672346243635,0.9806510210037231,4673.3306|4722.448,1|1,1|1,0.16015372|0.83984625,0.0011996035|0.0031636483,1.0658772|1.4870276,0.0023821637|0.012492068,0.0031099177|0.018597294,2.6820087e-05|0.00014066277,33472.805|12258.649
734,1,4548.35205078125,6.893999099731445,1319.510498046875,1,0.00011395643377909437,0.9113991856575012,4548.352,1,1,1.0,9.6038086e-05,-0.07429492,0.012566188,0.009340496,0.0006019237,414247.0
735,5,4615.87548828125,6.576054573059082,1403.8433837890625,1,0.0001071107471943833,0.955464243888855,4615.8755|4632.303|4659.8354|4701.343|4746.717,1|1|1|1|1,0|1|1|1|1,0.0018331397|0.086131044|0.20674582|0.10234679|0.6029432,0.0|0.0068798936|0.008835502|0.005671061|0.0015313645,-6.029833|1.8077487|1.9163982|1.7238313|1.1552455,3.7340942e-05|0.001754484|0.0042113997|0.002084798|0.012281915,0.00070422044|0.014422367|0.024228167|0.011957863|0.008953719,1.904399e-06|8.95042e-05|0.00021498911|0.00010646245|0.0006305372,80138410.0|21830.889|11057.556|23687.234|25694.295
736,4,4843.2626953125,6.614025592803955,1464.5430908203125,1,0.00010267141624353826,0.9499789476394653,4843.2627|4857.262|4900.3564|4929.6914,1|1|1|1,1|1|1|1,0.67843664|0.08929371|0.06983392|0.16243571,0.00019620235|0.0018402801|0.0019125713|0.0023539374,0.28125486|1.2534344|1.2701681|1.3603454,0.014583086|0.0019193802|0.0015010894|0.0034915772,0.0059559327|0.009207622|0.008351723|0.017791523,0.0005|6.4437205e-05|5.0392035e-05|0.0001172381,174530.11|134980.56|163365.66|59630.164
737,4,4773.1533203125,6.453240394592285,1479.3043212890625,1,0.00010164690320380032,0.9736481308937073,4773.1533|4804.614|4844.9297|4879.314,1|1|1|1,1|1|1|0,0.36459783|0.40803686|0.21608907|0.011276234,0.0020978213|0.0028382093|0.0021919531|0.0,1.3146744|1.4459503|1.3337371|-6.0070944,0.0047725434|0.005341155|0.0028285808|0.00014760459,0.014272931|0.016814727|0.0077821366|0.0006085578,0.00014477014|0.00016201026|8.578553e-05|4.478258e-06,48773.934|31959.152|73205.445|64509556.0
738,3,4764.2138671875,6.742929458618164,1413.09912109375,1,0.00010640917025739327,0.9318183660507202,4764.214|4808.4097|4837.3354,1|1|1,1|1|1,0.078342944|0.057698052|0.863959,0.0035247647|0.0039814385|0.00055903516,1.5201511|1.573061|0.7204601,0.001565794|0.0011531768|0.017267436,0.010102837|0.009439098|0.012,0.00010845506|7.997879e-05|0.0012453501,75305.414|77560.66|51656.625
739,5,4547.78857421875,6.1473846435546875,1479.5848388671875,1,0.00010162763646803796,1.0220907926559448,4547.7886|4597.7676|4621.0522|4650.2607|4691.652,1|1|1|1|1,1|0|0|1|1,0.15760045|0.0019956855|0.011476978|0.60938734|0.21953954,0.00095852325|0.0|0.0|0.0010830902|0.0007717577,0.97459084|-6.007012|-6.007012|1.0276529|0.8804692,0.0034350818|4.3498247e-05|0.00025015385|0.013282293|0.0047851154,0.008164777|0.000860308|0.000358692|0.019348491|0.0074256184,9.455299e-05|1.1968745e-06|6.8969584e-06|0.00036640264|0.00013185058,149822.14|52734220.0|81197460.0|34651.15|133975.1
740,2,4695.41357421875,6.5259528160095215,1438.9970703125,1,0.00010449410183355212,0.9627996683120728,4695.4136|4724.649,1|1,1|1,0.2866811|0.71331894,0.0010194067|0.00095056696,0.9892557|0.958891,0.0035940122|0.008942609,0.0044826455|0.01525637,3.819826e-05|9.506155e-05,128376.56|58572.234
741,5,4822.6728515625,6.753081321716309,1428.2880859375,1,0.0001052775769494474,0.930417537689209,4822.673|4837.093|4879.077|4902.577|4950.0,1|1|1|1|1,1|1|1|0|1,0.4330028|0.268543|0.18721749|0.030252647|0.080984086,0.0026838507|0.0017555255|0.0018788645|0.0|0.0010043038,1.4064225|1.2220713|1.2515596|-6.022336|0.97952926,0.005437744|0.003372422|0.0023511183|0.00037991937|0.0010170159,0.021786854|0.008239603|0.0065432144|0.00053808803|0.0023568273,0.00013840274|8.5834086e-05|5.9833863e-05|9.710093e-06|2.5878777e-05,33648.56|79762.45|101116.15|95060840.0|146529.11
742,1,4853.904296875,6.584316730499268,1474.3836669921875,1,0.00010198615200351924,0.9542653560638428,4853.9043,1,1,1.0,0.0006216797,0.78502554,0.022855097,0.011026118,0.00070543686,35064.65
743,4,4550.38525390625,6.309253692626953,1442.447998046875,1,0.0001042441072058864,0.9958682060241699,4550.3853|4591.402|4634.542|4651.716,1|1|1|1,0|1|1|1,0.011484701|0.40209946|0.3882679|0.19814795,0.0|0.00019923256|0.00018487513|0.0001739176,-6.0180516|0.28130898|0.2488272|0.22229224,0.00016326558|0.005716213|0.0055195848|0.0028168552,0.0005005975|0.018658867|0.016519286|0.006602931,4.8512707e-06|0.00017076485|0.00016494273|8.392115e-05,97147040.0|438986.06|489924.9|1019895.44
744,3,4816.216796875,6.771268844604492,1422.544921875,1,0.00010570261656539515,0.9279184937477112,4816.217|4832.3413|4878.296,1|1|1,1|1|1,0.12404047|0.1571299|0.71882963,0.003442779|0.00595195|0.00048804545,1.5128235|1.7505735|0.66437465,0.0015234855|0.0019298953|0.008828784,0.010446584|0.019878108|0.005,8.506311e-05|0.00010775977|0.0005,81205.695|38387.43|114704.52
745,4,4796.39404296875,6.843843936920166,1401.666748046875,1,0.00010727707558544353,0.9180784225463867,4796.394|4829.476|4868.799|4884.9053,1|1|1|1,1|1|1|1,0.17962568|0.3645672|0.14200906|0.31379804,0.0007956917|0.0007405463|0.000811931|0.00050147687,0.87023795|0.83904535|0.8790122|0.669744,0.003445854|0.006993684|0.0027242345|0.006019753,0.009493588|0.021342546|0.007286473|0.01108915,7.584702e-05|0.00015404724|5.9962982e-05|0.00013264059,180825.16|96402.58|222667.67|165226.53
746,5,4800.12255859375,6.620218753814697,1450.1402587890625,1,0.0001036911562550813,0.949090301990509,4800.1226|4835.0327|4884.037|4907.97|4950.0,1|1|1|1|1,1|1|1|1|1,0.457474|0.053939972|0.084492214|0.1536164|0.2504774,0.00021846028|0.0015530467|0.001305855|0.0012738076|0.00174919,0.32363096|1.1754428|1.1001533|1.0893621|1.2270954,0.006764462|0.0007975861|0.0012493484|0.0022714566|0.0037036967,0.005|0.003636066|0.0046370425|0.011203455|0.022361573,0.0005|5.6653356e-05|8.882228e-05|0.00016168709|0.00026376967,337569.28|289666.4|276507.62|170279.31|76648.03
747,6,4500.09765625,6.042355060577393,1489.5177001953125,1,0.00010094993194798008,1.039857029914856,4500.0977|4533.255|4545.834|4574.2397|4592.5796|4641.2876,1|1|1|1|1|1,1|1|1|1|1|1,0.092499346|0.14712246|0.08438956|0.30989018|0.21913494|0.14696352,0.00087243627|0.00078232284|0.0007689225|0.0006576207|0.00062457705|0.00083106576,0.93662775|0.88928|0.88177663|0.81386954|0.79148006|0.91552943,0.0012413624|0.0019744174|0.0011325274|0.004158797|0.0029408413|0.0019722842,0.0055066952|0.008053922|0.0025772203|0.014907397|0.008751596|0.008004634,5.477103e-05|8.717885e-05|4.998006e-05|0.00018399722|0.00013001048|8.70933e-05,450683.47|320845.12|522129.25|182489.64|270921.0|301966.97
748,1,4690.13330078125,6.527141571044922,1437.1170654296875,1,0.0001046308025252074,0.9626243114471436,4690.1333,1,1,1.0,0.00052395195,0.699632,0.014516468,0.01461548,0.0001186885,65646.78
749,5,4624.814453125,6.23914098739624,1482.516357421875,1,0.00010142667451873422,1.0070593357086182,4624.8145|4674.5923|4716.657|4766.629|4801.6616,1|1|1|1|1,1|1|1|1|1,0.10134963|0.24955775|0.29610604|0.2175271|0.13545947,0.0001389691|9.668088e-05|0.00013256019|0.000101851474|0.000121399105,0.13676637|-0.020811154|0.11626126|0.0018155408|0.07806365,0.0017832969|0.0043910923|0.005210133|0.0038274971|0.0023834766,0.005358832|0.014688586|0.02023065|0.012412836|0.008097693,3.8475115e-05|9.511185e-05|0.00011277747|8.2834085e-05|5.1474868e-05,2016224.8|1177709.2|723918.25|1282504.0|1727614.8
750,4,4528.2177734375,6.131220817565918,1477.1015625,1,0.00010179849050473422,1.0247853994369507,4528.218|4566.6206|4593.5654|4641.988,1|1|1|1,1|1|1|1,0.27528858|0.13902158|0.3160063|0.26968354,0.00078955194|0.00089613866|0.0009152685|0.00082373567,0.88963944|0.9446339|0.95380723|0.90804654,0.006021396|0.0030408232|0.0069120154|0.005898796,0.012093549|0.003778549|0.014435624|0.013738702,8.592318e-05|4.3383505e-05|9.863741e-05|8.417728e-05,104741.125|173063.88|78730.58|102547.09
751,6,4728.0869140625,6.710912704467773,1409.07421875,1,0.00010671312338672578,0.936263918876648,4728.087|4741.0513|4764.974|4779.0527|4791.5693|4809.902,1|1|1|1|1|1,1|1|1|1|1|1,0.16950682|0.10668815|0.21612686|0.2298736|0.14466782|0.13313676,0.00047082|0.00059187337|0.0003813917|0.00032281282|0.0004284476|0.00040128033,0.64463717|0.74401104|0.5531535|0.4807331|0.60367996|0.5752301,0.0033527035|0.0021102028|0.0042748093|0.0045467084|0.0028614087|0.0026333344,0.015680755|0.01321758|0.01510992|0.01729788|0.011462102|0.009640634,0.00014521439|9.125825e-05|0.0001855686|0.00019765094|0.00012395738|0.00011407138,316424.16|399408.06|306452.16|340523.56|407187.25|472226.03
752,5,4786.51171875,6.652957439422607,1438.9124755859375,1,0.00010450024274177849,0.9444199204444885,4786.5117|4830.1685|4861.3926|4902.946|4950.0,1|1|1|1|1,1|1|1|0|1,0.28272194|0.13641267|0.42434227|0.023071548|0.1334516,0.0035629426|0.003456965|0.0069116373|0.0|0.003160788,1.5326915|1.5195777|1.8204637|-6.0191174|1.4806781,0.0035376968|0.0017069303|0.005309791|0.00028869405|0.0016698786,0.013468544|0.007655479|0.03180434|0.00022157906|0.0068992767,0.0001072743|5.1756055e-05|0.00016101912|8.7757235e-06|5.0634688e-05,36262.07|54752.4|12859.703|66897420.0|58838.645
753,6,4687.66455078125,6.407326698303223,1463.2200927734375,1,0.00010276425018673763,0.9806250929832458,4687.6646|4732.501|4751.116|4768.0205|4815.772|4847.8076,1|1|1|1|1|1,1|0|1|1|1|1,0.49309894|0.017575162|0.06831641|0.08010885|0.11306073|0.22783992,0.008229754|0.0|0.0014491157|0.0015915713|0.004689914|0.004854812,1.9035448|-6.0118423|1.149261|1.1899841|1.6593229|1.6743304,0.007981735|0.0002844871|0.0011058296|0.0012967127|0.0018301008|0.003688018,0.036681086|0.00092649827|0.0044311597|0.0043229056|0.009565209|0.013153118,0.0002697277|9.638197e-06|3.7364407e-05|4.381545e-05|6.184162e-05|0.00012464004,7189.731|59049160.0|39755.26|41118.543|29224.66|23152.445
754,6,4689.55029296875,6.536100387573242,1434.9688720703125,1,0.00010478743934072554,0.9613049030303955,4689.5503|4731.2275|4744.326|4770.618|4783.339|4829.947,1|1|1|1|1|1,1|1|1|1|1|1,0.12467518|0.2391688|0.075275205|0.2184957|0.25139225|0.09099288,0.00014086068|0.0001188901|0.00018749537|0.00012413971|0.00015686081|0.00016011049,0.12848084|0.054836836|0.25268155|0.07360185|0.17520553|0.18411084,0.002522458|0.00483892|0.001522986|0.004420657|0.0050862283|0.0018409898,0.006513554|0.011021924|0.004813619|0.014027825|0.014647954|0.0041482355,5.6574856e-05|0.00010885667|3.4121564e-05|9.93893e-05|0.000114308015|4.1265557e-05,1406485.8|869001.6|1748104.1|911035.5|626621.56|1693538.1
755,4,4609.41845703125,6.286851406097412,1466.367919921875,1,0.00010254364315187559,0.9994168877601624,4609.4185|4648.5767|4681.294|4712.5845,1|1|1|1,0|1|0|1,0.02026307|0.3386539|0.025218807|0.6158642,0.0|0.0003720859|0.0|0.0004307135,-6.0109086|0.5597346|-6.0109086|0.6232798,0.0004552961|0.0076093012|0.00056664785|0.013838012,0.00054996385|0.015808498|0.0006116742|0.02823315,6.7536757e-06|0.00011280734|8.412606e-06|0.00020529136,78566740.0|176498.25|71674450.0|83869.92
756,3,4569.09375,6.159309387207031,1483.6383056640625,1,0.00010134997864952311,1.0201119184494019,4569.0938|4588.785|4635.197,1|1|1,1|1|1,0.38712278|0.50706226|0.10581495,0.0010020842|0.0015047517|0.0011268189,0.9950806|1.1716412|1.0460305,0.0053200885|0.0069683734|0.0014541766,0.010843198|0.01953101|0.0022097095,0.0001352603|0.0001771514|3.694489e-05,93010.44|47410.145|155794.3
757,5,4708.34619140625,6.31340217590332,1491.5400390625,1,0.00010081305663334206,0.9952138066291809,4708.346|4739.7407|4752.6157|4778.1743|4820.76,1|1|1|1|1,1|1|0|1|1,0.37513912|0.19077468|0.015003477|0.20881124|0.21027148,0.0014064595|0.0015051241|0.0|0.0009632245|0.001258639,1.1446104|1.1740556|-6.0035167|0.9802108|1.0963844,0.005297182|0.0026938494|0.00021185781|0.0029485358|0.0029691553,0.02454166|0.0149746975|0.0003398526|0.0073913005|0.014116884,0.00020857074|0.000105994324|8.357103e-06|0.00011607634|0.00011685938,66887.71|122044.74|92095660.0|172970.56|132709.23
758,2,4649.06689453125,6.506119251251221,1429.13671875,1,0.00010521506919758394,0.9657347202301025,4649.067|4664.0903,1|1,1|1,0.6897091|0.3102909,0.00097392185|0.0015304827,0.9664462|1.1627505,0.009558558|0.0043002674,0.01116733|0.0074493997,0.00015625809|7.026541e-05,53267.574|72359.58
759,2,4870.39501953125,6.6389899253845215,1467.209716796875,1,0.00010248481703456491,0.9464068412780762,4870.395|4882.123,1|1,1|1,0.6618162|0.33818382,0.00023292995|0.0002905462,0.35656598|0.4525558,0.011670387|0.005963493,0.014813175|0.008544048,0.00015220826|7.767988e-05,183881.89|288198.25
760,2,4525.92333984375,6.179281711578369,1464.870361328125,1,0.00010264847514918074,1.0168148279190063,4525.9233|4552.1675,1|1,1|1,0.58975357|0.4102464,0.0002738238|0.00027882901,0.42611882|0.4339856,0.008435322|0.005867807,0.012472237|0.010008151,0.00016193077|0.00011254247,216368.19|305371.53
761,3,4771.8603515625,6.5102081298828125,1465.96240234375,1,0.00010257200483465567,0.9651281833648682,4771.8604|4817.824|4866.3965,1|1|1,1|1|1,0.61596084|0.1552872|0.22875197,0.0006034403|0.00073085027|0.00058366125,0.7696055|0.8527996|0.7551321,0.008096861|0.0020412644|0.0030069654,0.028285082|0.004140023|0.0066339523,0.00013774903|3.4700668e-05|5.112625e-05,102283.66|323532.25|282503.03
762,1,4807.97412109375,6.746025562286377,1425.4241943359375,1,0.00010548909631324932,0.931390643119812,4807.974,1,1,1.0,0.0018879377,1.2527801,0.015038138,0.011748093,0.00010409193,17070.178
763,6,4505.0283203125,6.0749101638793945,1483.1588134765625,1,0.00010138274228665978,1.0342844724655151,4505.0283|4550.7056|4580.7397|4594.7603|4626.159|4663.1753,1|1|1|1|1|1,0|1|1|0|0|1,0.018940905|0.23951446|0.31007704|0.0074006803|0.01903515|0.40503177,0.0|0.0005450321|0.0006364405|0.0|0.0|0.0006352989,-6.005964|0.7304581|0.79779387|-6.005964|-6.005964|0.7970142,0.0002972718|0.003759107|0.0048665656|0.000116151445|0.00029875094|0.0063568517,0.00045044642|0.0141099775|0.021049608|0.0005250663|0.00071395584|0.027042517,8.970341e-06|0.00011330006|0.00014671525|3.497133e-06|9.021517e-06|0.00019175978,73093920.0|243699.33|161293.44|68456510.0|82483790.0|123744.12
764,4,4891.94677734375,6.821821689605713,1434.2054443359375,1,0.00010484321683179587,0.9210421442985535,4891.947|4913.9907|4926.0146|4950.0,1|1|1|1,0|1|1|1,0.017671904|0.24713585|0.29460832|0.4405839,0.0|0.00017030373|0.00015433125|0.00016279836,-6.02054|0.21068408|0.16791382|0.19110993,0.00040608674|0.005678992|0.006769873|0.01012428,0.00092395727|0.014604732|0.0139308125|0.01965099,5.3370354e-06|7.464171e-05|8.9021305e-05|0.0001332372,99086310.0|516897.9|478489.6|303333.6
765,6,4693.9775390625,6.464210033416748,1452.29736328125,1,0.00010353713150834665,0.9719958901405334,4693.9775|4736.652|4768.9717|4798.5913|4820.568|4842.7305,1|1|1|1|1|1,1|1|1|0|1|1,0.13781051|0.12725578|0.26364097|0.019199999|0.09828253|0.3538102,0.00087454694|0.00085665483|0.0005641103|0.0|0.0010069185|0.0013072261,0.92668706|0.91770977|0.7362679|-6.015096|0.98789823|1.1012546,0.0022642997|0.0020908797|0.00433176|0.0003154661|0.0016148338|0.005813288,0.009436042|0.007322776|0.011505056|0.00021707804|0.005847165|0.034251466,5.591439e-05|5.1636158e-05|0.000107068816|7.803041e-06|3.987848e-05|0.00014362438,250176.36|275041.44|204093.72|61365430.0|297521.6|65693.95
766,1,4809.38623046875,6.804876327514648,1413.51171875,1,0.00010637811647029594,0.9233356714248657,4809.386,1,1,1.0,0.00040101775,0.5763114,0.022122344,0.013509751,0.00015798512,56302.164
767,2,4835.21728515625,6.491081714630127,1489.80322265625,1,0.00010093058517668396,0.9679719805717468,4835.2173|4850.2544,1|1,1|1,0.70113397|0.29886606,0.00033224866|0.0004064156,0.5174406|0.6049477,0.014364926|0.0061232075,0.014891694|0.0072476226,0.00018745358|7.980857e-05,104706.01|200241.4
768,2,4798.955078125,6.726940631866455,1426.7867431640625,1,0.00010538835340412334,0.9340330958366394,4798.955|4822.4707,1|1,1|1,0.8142698|0.18573023,0.0001066999|0.0011876727,0.0053717997|1.0519042,0.017818099|0.0040642056,0.005256723|0.01912988,0.0005|0.00011054518,262860.84|103124.88
769,2,4709.8564453125,6.499035358428955,1449.4017333984375,1,0.00010374398698331788,0.9667873382568359,4709.8564|4740.3584,1|1,1|1,0.5565786|0.44342145,0.00032299463|0.00032984064,0.4932325|0.50234133,0.011501751|0.009163348,0.009983533|0.010708172,9.4926785e-05|7.561758e-05,134438.3|165260.75
770,6,4767.32421875,6.5100483894348145,1464.6048583984375,1,0.00010266708704875782,0.965151846408844,4767.324|4781.705|4801.929|4840.7764|4882.52|4931.9546,1|1|1|1|1|1,1|1|1|0|1|1,0.4167261|0.13772678|0.21666822|0.01400431|0.118472695|0.096401885,0.00034934125|0.0004911824|0.00030006483|0.0|0.00038787577|0.00047112934,0.53181875|0.67981166|0.46578398|-6.011431|0.5772615|0.661709,0.008872338|0.002932282|0.00461299|0.00029815978|0.0025223515|0.0020524513,0.026000725|0.016483888|0.014169311|0.0003296293|0.0075717536|0.008096128,0.00024854642|8.183552e-05|0.00012898147|8.327182e-06|7.040623e-05|5.7266257e-05,161286.14|346821.47|361045.47|53073784.0|509612.4|515189.34
771,1,4559.86181640625,7.063896656036377,1291.032958984375,1,0.00011647008068393916,0.8894786238670349,4559.862,1,1,1.0,3.7949227e-05,-0.4870103,0.012661824,0.012939197,8.17391e-05,1040557.44
772,1,4898.91748046875,6.849093437194824,1430.5301513671875,1,0.00010511257278267294,0.9173747301101685,4898.9175,1,1,1.0,0.00034537227,0.5166329,0.021721156,0.010601145,0.00013484112,66565.65
773,3,4672.720703125,6.37642240524292,1465.62451171875,1,0.00010259565897285938,0.9853777885437012,4672.7207|4691.898|4726.786,1|1|1,1|1|1,0.16327025|0.4137348|0.42299497,0.0008008609|0.0007571474|0.0006598188,0.89242816|0.8680515|0.8082958,0.003333256|0.008446634|0.008635686,0.0031344742|0.014552827|0.014010594,5.583519e-05|0.00014156573|0.00014475614,173718.45|77962.94|87549.01
774,1,4641.921875,7.088534832000732,1309.698486328125,1,0.0001148101655417122,0.886387050151825,4641.922,1,1,1.0,0.00023453188,0.3102217,0.02193738,0.008486049,0.00012885619,97086.73
775,6,4741.7978515625,6.430099010467529,1474.8756103515625,1,0.00010195213690167293,0.9771522283554077,4741.798|4756.9233|4771.424|4806.443|4820.7954|4869.204,1|1|1|1|1|1,1|0|1|1|1|1,0.1189793|0.010446653|0.23050591|0.26742148|0.22831935|0.1443273,0.0018723693|0.0|0.0016834917|0.0012363781|0.0017614168|0.0016735109,1.2639953|-6.008396|1.2178147|1.083755|1.2374659|1.2152323,0.0014919046|0.00013099262|0.0028903587|0.0033532502|0.0028629408|0.0018097482,0.008594203|0.00082342257|0.015656264|0.014109403|0.016651845|0.012339973,8.266463e-05|7.2688536e-06|0.00016030335|0.0001861458|0.0001587986|0.0001003403,169592.19|73129624.0|101492.98|119619.66|97971.88|161841.94
776,3,4752.78759765625,6.921419143676758,1373.3564453125,1,0.00010948847921099514,0.9077886343002319,4752.7876|4763.392|4779.72,1|1|1,1|0|0,0.95076686|0.016323695|0.032909434,0.00024965886|0.0|0.0,0.3579787|-6.0393686|-6.0393686,0.0130092325|0.00022335521|0.00045029592,0.040307537|0.0007127118|0.00043158833,0.00024639422|4.2138927e-06|8.5192105e-06,153939.81|85252280.0|98218600.0
777,3,4656.1865234375,6.602019786834717,1410.533935546875,1,0.00010660268890205771,0.9517064690589905,4656.1865|4677.976|4719.364,1|1|1,1|1|1,0.13830979|0.12904601|0.7326442,0.0044910647|0.0034215357|0.0004580181,1.6245811|1.5064529|0.6331146,0.0024242916|0.002261916|0.012841774,0.022128496|0.014271101|0.0065927617,0.00013373978|0.00012482921|0.00072420976,43728.684|60202.1|84532.88
778,5,4552.1962890625,6.374207973480225,1428.3175048828125,1,0.00010527541599003598,0.985720157623291,4552.1963|4600.3877|4646.8237|4661.303|4686.053,1|1|1|1|1,1|1|1|1|1,0.24179414|0.2604507|0.0870283|0.15073453|0.25999233,0.00089052046|0.0007768051|0.0013185214|0.00092993514|0.0009145992,0.927317|0.8679852|1.0977603|0.94612575|0.9389039,0.004305637|0.004637855|0.0015497161|0.0026841352|0.004629693,0.010232263|0.011403823|0.0047010947|0.0060968995|0.011409521,0.00012835216|0.00013831317|4.6169764e-05|7.999895e-05|0.0001380544,129376.555|138116.72|222945.17|195391.78|117294.984
779,1,4761.2724609375,7.135452747344971,1334.5396728515625,1,0.00011267309309914708,0.8805587291717529,4761.2725,1,1,1.0,0.000331441,0.46858615,0.016320765,0.00875701,0.0009740006,92246.14
780,3,4660.5439453125,6.301498889923096,1479.1859130859375,1,0.00010165504500037059,0.9970937967300415,4660.544|4692.1895|4708.7593,1|1|1,1|0|1,0.20313875|0.00870534|0.7881559,0.0018080914|0.0|0.0020955265,1.2500914|-6.0071287|1.3141643,0.0035617573|0.0001526361|0.013819224,0.005371277|0.0004982011|0.027049717,6.967486e-05|2.9866128e-06|0.00027047552,67451.37|82819736.0|17161.06
781,5,4813.3369140625,6.745875835418701,1427.0457763671875,1,0.00010536922491155565,0.9314113259315491,4813.337|4840.607|4887.21|4904.946|4950.0,1|1|1|1|1,1|1|1|1|1,0.20515889|0.06392846|0.21968363|0.30225506|0.20897394,0.002190908|0.00081383024|0.0023005945|0.0034812554|0.0026008554,1.3179103|0.88782007|1.3391263|1.5190221|1.3924024,0.004311753|0.0013435622|0.0046170144|0.0063523897|0.004391933,0.0068430766|0.0024832683|0.0071578017|0.015683353|0.00805079,9.547881e-05|2.974857e-05|0.00010225766|0.00014069557|9.7272256e-05,45679.867|66172.5|40565.824|21242.494|37647.85
782,2,4801.33984375,6.44331169128418,1490.3330078125,1,0.00010089470742968842,0.9751484394073486,4801.34|4838.355,1|1,1|1,0.6567056|0.3432944,0.00021570495|0.00021730573,0.3299919|0.333203,0.012311493|0.006435862,0.019515358|0.006349248,0.00012289081|6.419773e-05,188253.56|357071.62
783,4,4534.61865234375,6.1812214851379395,1467.22412109375,1,0.00010248380567645654,1.0164958238601685,4534.6187|4581.6323|4631.3125|4646.3936,1|1|1|1,1|1|1|1,0.10274284|0.600408|0.11624579|0.18060336,0.0024549037|0.00080856186|0.002950618|0.0034264533,1.3793793|0.89705807|1.4592577|1.5241896,0.0020156768|0.0117792|0.0022805866|0.0035431958,0.005392958|0.010674552|0.007998726|0.011829202,9.89843e-05|0.00058377435|0.00011208719|0.00017417462,72974.16|52199.418|62699.715|37508.406
784,6,4748.5625,6.549074172973633,1450.147705078125,1,0.00010369061783421785,0.9594005346298218,4748.5625|4788.3066|4808.0234|4843.8066|4876.1724|4903.4062,1|1|1|1|1|1,1|1|1|1|1|1,0.08329586|0.08658792|0.127723|0.3157408|0.31814557|0.06850685,0.001452904|0.0013369964|0.0020448521|0.0027395526|0.0019343098|0.0014977594,1.1464975|1.1103908|1.2949225|1.4219402|1.2707866|1.1597027,0.0016425744|0.0017074931|0.0025186667|0.006226333|0.006273755|0.0013509387,0.0030387642|0.002799249|0.006519857|0.017714784|0.018816466|0.0031254166,5.8713973e-05|6.105646e-05|9.008619e-05|0.000222821|0.00022460081|4.8320824e-05,113205.54|119635.94|85261.4|28529.217|40722.246|117987.31
785,4,4590.4921875,6.397146701812744,1435.1685791015625,1,0.0001047728510457091,0.9821856021881104,4590.492|4635.497|4651.8994|4698.0664,1|1|1|1,1|1|1|1,0.26223552|0.16928746|0.38673693|0.18174009,0.0013745638|0.001718313|0.001540804|0.0015963269,1.1179162|1.2148535|1.1674987|1.1828731,0.0040689274|0.0026267162|0.0060007293|0.002819935,0.010239817|0.008949416|0.021933591|0.008315737,0.00012499864|8.067531e-05|0.00018441219|8.661735e-05,87692.836|106366.42|53799.17|106650.91
786,5,4834.7783203125,6.60211706161499,1464.6146240234375,1,0.00010266640310874209,0.951692521572113,4834.7783|4879.6943|4901.889|4928.0034|4950.0,1|1|1|1|1,1|1|1|1|1,0.1330143|0.15163682|0.25313494|0.27135465|0.19085927,0.0019731806|0.0019889937|0.002455448|0.0015232892|0.0018970099,1.2837385|1.2872051|1.3787024|1.171354|1.2666413,0.0027931014|0.003184146|0.0053154547|0.005698041|0.0040077586,0.005854754|0.006549681|0.01521722|0.009340384|0.007634885,8.268207e-05|9.4287425e-05|0.00015743631|0.00016883218|0.00011870665,77377.4|69859.12|37172.883|55858.02|60922.75
787,2,4621.67822265625,7.0159735679626465,1317.4730224609375,1,0.0001141326647484675,0.8955543041229248,4621.678|4654.61,1|1,1|1,0.6236853|0.37631467,9.302555e-05|0.00010886704,-0.088807255|-0.020513136,0.011955482|0.007213611,0.016902553|0.010466613,0.00014277855|8.59585e-05,449556.34|636593.2
788,2,4554.11083984375,6.159519195556641,1478.7227783203125,1,0.00010168687731493264,1.0200772285461426,4554.111|4570.355,1|1,1|1,0.24161439|0.7583856,0.00038375182|0.00023143984,0.5767856|0.3571734,0.003816718|0.011980016,0.006035226|0.013698237,5.414875e-05|0.00017032416,340040.3|180282.95
789,1,4804.8193359375,6.773886203765869,1418.6300048828125,1,0.00010599430970614776,0.9275599122047424,4804.8193,1,1,1.0,4.375886e-05,-0.38421556,0.012377127,0.014133777,0.00013373292,923164.8
790,6,4756.3076171875,6.709042549133301,1417.8797607421875,1,0.0001060504000633955,0.9365248680114746,4756.3076|4784.3745|4823.283|4851.784|4876.7026|4904.339,1|1|1|1|1|1,1|1|1|1|1|1,0.23665279|0.1624401|0.1700062|0.099071115|0.19160058|0.1402292,0.0032675576|0.003058764|0.004148339|0.001561597|0.0049734553|0.003129827,1.488711|1.4600337|1.5923619|1.1680567|1.6711459|1.470008,0.004853015|0.003331143|0.0034863|0.0020316413|0.0039291335|0.002875666,0.009243208|0.0066825394|0.010368131|0.00373144|0.013978667|0.006729199,0.00018537583|0.00012724305|0.00013319192|7.76149e-05|0.00015012645|0.00010987026,26099.436|29702.432|26263.31|43418.758|21108.84|30984.55
791,4,4636.23876953125,6.44826602935791,1437.97998046875,1,0.00010456801828695461,0.974399209022522,4636.239|4685.3486|4732.938|4776.767,1|1|1|1,1|1|1|1,0.10180704|0.46457192|0.30817324|0.1254478,0.00078973226|0.00061719766|0.00063060655|0.0008023191,0.8780811|0.7710255|0.7803597|0.8849483,0.0022441652|0.010240708|0.006793161|0.002765286,0.002465347|0.017617501|0.011134046|0.0042435583,3.4978028e-05|0.0001597656|0.00010594504|4.3107575e-05,247332.75|79004.555|116322.27|216528.69
792,3,4750.62890625,6.7229719161987305,1413.252685546875,1,0.00010639761603670195,0.9345844984054565,4750.629|4784.574|4823.9004,1|1|1,1|1|0,0.07742178|0.9180802|0.0044980315,0.006025401|0.0018973717|0.0,1.753054|1.2512206|-6.026932,0.0012695573|0.015054619|7.3758434e-05,0.012898157|0.012|0.0002471748,0.00010711057|0.0012891312|6.2377217e-06,33469.887|16973.633|74361060.0
793,4,4516.2861328125,6.081361293792725,1485.287841796875,1,0.00010123741958523169,1.0331872701644897,4516.286|4530.6577|4559.251|4591.944,1|1|1|1,1|1|1|1,0.18029618|0.24257456|0.25702304|0.32010624,0.0010172292|0.0010050458|0.00090186275|0.0010549978,1.0020778|0.9968448|0.9497994|1.0179105,0.003012112|0.004052564|0.0042939465|0.005347844,0.008581716|0.015894966|0.011388667|0.016848061,8.049164e-05|0.00010832087|0.00011479193|0.0001429764,161005.73|122297.086|128349.586|88294.305
794,4,4732.89453125,6.482400894165039,1460.2288818359375,1,0.00010297475091647357,0.969268262386322,4732.8945|4754.795|4767.111|4783.7085,1|1|1|1,1|1|1|1,0.5045533|0.15352058|0.23262997|0.109296136,0.0031934117|0.0022573068|0.0021532301|0.0011273855,1.4915241|1.3408599|1.3203597|1.0393417,0.009562866|0.0029096957|0.004409067|0.002071504,0.017710218|0.0054773334|0.008724936|0.0024643498,0.00019888875|6.050453e-05|9.169221e-05|4.3073618e-05,15784.857|58087.25|48994.75|71699.0
795,1,4877.86083984375,6.722109794616699,1451.2886962890625,1,0.00010360909800510854,0.9347043633460999,4877.861,1,1,1.0,0.001510492,1.1637205,0.020265553,0.011983226,0.0008574857,16027.795
796,4,4544.57861328125,6.209540843963623,1463.7406005859375,1,0.00010272770305164158,1.0118598937988281,4544.5786|4560.3877|4599.777|4627.9536,1|1|1|1,1|1|1|1,0.06197208|0.6660674|0.11784279|0.1541177,0.0028025752|0.000392483|0.0023175706|0.0028961275,1.4358697|0.58213335|1.3533454|1.4501301,0.0008537285|0.009175757|0.0016234044|0.0021231282,0.006145296|0.008504883|0.0090895165|0.01689757,7.0868235e-05|0.0007942695|0.00013492303|0.0001764772,149681.31|138522.98|123819.805|78905.99
797,1,4687.4814453125,6.822350025177002,1374.154541015625,1,0.00010942489461740479,0.9209708571434021,4687.4814,1,1,1.0,0.0002159526,0.29524252,0.018348955,0.011100703,0.00010933523,126126.41
798,4,4898.10400390625,6.835899353027344,1433.05322265625,1,0.0001049275160767138,0.9191453456878662,4898.104|4918.0615|4928.8584|4950.0,1|1|1|1,1|1|1|1,0.053661376|0.08045874|0.79830205|0.06757782,0.003078707|0.0032084377|0.00044727192|0.0048894235,1.467479|1.4854043|0.62968236|1.6683682,0.0008931483|0.0013391678|0.013287065|0.0011247757,0.007447096|0.010209652|0.012|0.014606747,9.2380484e-05|0.0001387206|0.0015|0.00011651426,130574.31|100610.516|83968.82|76591.47
799,5,4526.67236328125,6.350133419036865,1425.693603515625,1,0.00010546916018938646,0.9894571900367737,4526.6724|4566.42|4588.945|4619.8022|4664.2075,1|1|1|1|1,1|0|1|1|1,0.16038662|0.015539139|0.20172568|0.23060696|0.3917416,0.0016653185|0.0|0.0015966248|0.0023351233|0.0018332184,1.1983719|-6.0231256|1.1800774|1.3451843|1.2400887,0.002450411|0.00023740929|0.003081995|0.0035232475|0.005985087,0.0061053517|0.00023433488|0.0069950894|0.015410565|0.017085772,9.948217e-05|9.675233e-06|0.00012518994|0.00014310687|0.0002432912,112363.664|89027464.0|95870.89|59311.727|45026.906
800,6,4642.33544921875,6.445629119873047,1440.4599609375,1,0.00010438798199174926,0.9747978448867798,4642.3354|4665.5513|4703.715|4728.9844|4742.386|4789.834,1|1|1|1|1|1,0|0|0|0|1|1,0.008570905|0.004166597|0.0057386328|0.006038128|0.46483678|0.51064897,0.0|0.0|0.0|0.0|0.0010031882|5.982955e-05,-6.0186505|-6.0186505|-6.0186505|-6.0186505|0.982732|-0.24173404,0.00019197472|9.332518e-05|0.00012853628|0.00013524451|0.010411608|0.011437729,0.000296822|0.0007030633|0.00060705864|0.0009757095|0.058124803|0.0059210253,8.862616e-06|4.3054074e-06|5.9391186e-06|6.2527283e-06|0.00048332452|0.0005919035,54055456.0|99788910.0|95894440.0|89809100.0|47855.52|730559.94
801,4,4596.9404296875,6.222340106964111,1477.5599365234375,1,0.00010176691284868866,1.0097784996032715,4596.9404|4616.143|4655.428|4671.4165,1|1|1|1,1|1|1|1,0.2246811|0.14355814|0.32273656|0.3090242,0.0006313148|0.00068280095|0.0005326817|0.00065244664,0.7926395|0.8266876|0.7188613|0.80693847,0.0044207643|0.0028246113|0.006350077|0.006080277,0.009419855|0.003952417|0.010807171|0.012376243,0.00010651625|6.8032066e-05|0.00015313091|0.00014657046,178359.77|251415.83|147462.34|125692.65
802,2,4521.8203125,6.299247741699219,1435.669921875,1,0.00010473626753082499,0.997450053691864,4521.8203|4542.399,1|1,1|1,0.56625235|0.43374768,0.0019941602|0.0015445051,1.279663|1.1686922,0.0087922085|0.0067348066,0.010827586|0.005922955,0.00010884221|8.337238e-05,27509.316|44519.8
803,2,4510.76806640625,6.358090877532959,1418.906494140625,1,0.00010597366053843871,0.9882188439369202,4510.768|4555.3364,1|1,1|1,0.35672978|0.64327025,0.000379483|0.0002567465,0.55399454|0.3843068,0.0078007146|0.014066579,0.012786529|0.01526323,8.02589e-05|0.00014486027,168752.66|138404.66
804,1,4875.55615234375,6.999651908874512,1393.0853271484375,1,0.00010793790715979412,0.8976425528526306,4875.556,1,1,1.0,7.410461e-05,-0.16332817,0.013149661,0.011559045,0.00013093402,513083.28
805,1,4582.60205078125,6.2111616134643555,1475.602294921875,1,0.00010190192551817745,1.0115958452224731,4582.602,1,1,1.0,0.00045154445,0.64651823,0.015339364,0.007805086,0.00013165628,71950.35
806,3,4670.12646484375,6.449246883392334,1448.2703857421875,1,0.00010382503387518227,0.9742510318756104,4670.1265|4713.917|4753.726,1|1|1,1|0|1,0.3521219|0.014440326|0.6334378,0.0022477584|0.0|0.0021037254,1.3354475|-6.016302|1.306687,0.0062707555|0.00025716025|0.011280564,0.014415406|0.00031175904|0.021313844,0.00010286422|4.2211805e-06|0.00018508763,34539.652|90671710.0|20850.625
807,1,4731.4111328125,6.786108016967773,1394.4403076171875,1,0.00010783302423078567,0.9258893728256226,4731.411,1,1,1.0,3.3979257e-05,-0.50153667,0.014435762,0.009610435,0.00015337075,1019318.6
808,4,4607.77783203125,6.5649566650390625,1403.7496337890625,1,0.00010711789946071804,0.9570794701576233,4607.778|4630.5176|4645.261|4678.3906,1|1|1|1,1|0|1|0,0.2567931|0.0009230905|0.7403969|0.0018869019,0.012180551|0.0|0.001719833|0.0,2.055805|-6.029862|1.2056242|-6.029862,0.005186116|1.8642457e-05|0.014952832|3.81073e-05,0.026391469|0.00046988513|0.0074601616|0.00092054374,0.0003489047|1.2544616e-06|0.0010158841|2.5656402e-06,5001.4927|52869750.0|18217.844|78067940.0
809,2,4754.80322265625,6.757901191711426,1407.183349609375,1,0.0001068565106834285,0.9297539591789246,4754.803|4791.9287,1|1,1|1,0.44638735|0.55361265,0.00031063007|0.0003323945,0.46344262|0.49285296,0.008007348|0.009930767,0.00804508|0.010615245,9.1662136e-05|0.000113696435,200671.47|151300.02
810,2,4788.09716796875,6.395138263702393,1497.4178466796875,1,0.00010041733185062185,0.982494056224823,4788.097|4813.829,1|1,1|1,0.36210153|0.6378985,0.0007878825|0.0007657798,0.89465284|0.8822953,0.006218235|0.010954394,0.008042468|0.015641492,6.489394e-05|0.00011434172,101031.27|59455.832
811,6,4691.19189453125,6.4741363525390625,1449.2100830078125,1,0.00010375770216342062,0.9705055356025696,4691.192|4721.4736|4767.0923|4805.914|4824.4146|4849.805,1|1|1|1|1|1,1|1|1|1|1|1,0.06903808|0.179529|0.24757573|0.28082874|0.14583792|0.077190526,0.0010776203|0.0069501167|0.0068249195|0.006731531|0.0058425064|0.001566627,1.0164454|1.8259717|1.8180772|1.8120935|1.7505789|1.1789453,0.000861073|0.0022391637|0.0030878722|0.0035026183|0.001818954|0.0009627538,0.00407765|0.015233158|0.017073324|0.01840671|0.012164792|0.004880795,5.4132095e-05|0.00014083515|0.00019430765|0.00022045047|0.000114455535|6.0574246e-05,43398.11|21530.328|18584.152|17569.182|26876.516|41397.92
812,6,4843.14013671875,6.516218662261963,1486.4879150390625,1,0.00010115569602930918,0.9642379283905029,4843.14|4871.342|4887.1675|4897.22|4918.0376|4950.0,1|1|1|1|1|1,1|1|1|1|1|1,0.2947463|0.073083065|0.1644558|0.2695766|0.11251691|0.08562132,0.0022084918|0.0015945204|0.0016251692|0.0018373402|0.0016280807|0.0012871956,1.3391055|1.1976398|1.2059083|1.2591993|1.2066857|1.1046542,0.0040287874|0.0009989477|0.0022478905|0.0036847512|0.0015379555|0.0011703288,0.022425232|0.0034606315|0.009218262|0.014944197|0.0057036798|0.0027504622,0.0001884644|4.6700043e-05|0.000105145955|0.00017241918|7.192148e-05|5.472114e-05,55601.664|203101.97|132119.8|72630.17|180288.81|205754.78
813,6,4636.890625,6.571173667907715,1411.2823486328125,1,0.0001065461547113955,0.9561740159988403,4636.8906|4663.7397|4702.9507|4749.983|4791.7397|4831.2085,1|1|1|1|1|1,1|1|1|1|1|1,0.069371924|0.11244134|0.1746041|0.26131272|0.2611706|0.12109929,0.0016837469|0.0019629893|0.0014379057|0.0013694535|0.0019476808|0.0013917232,1.198739|1.2653801|1.1301926|1.1090095|1.26198|1.1160151,0.0015207168|0.0024648507|0.003827534|0.0057282923|0.005725177|0.0026546435,0.0037908056|0.008828682|0.010974653|0.013045818|0.016435271|0.0045605293,5.7230518e-05|9.2810296e-05|0.00014424416|0.00021605287|0.00021585885|0.00010004725,133731.8|97405.65|89106.77|62957.89|44138.64|119738.18
814,6,4752.8984375,6.793200492858887,1399.310546875,1,0.00010745771578513086,0.9249227046966553,4752.8984|4775.913|4823.1465|4862.32|4901.7627|4950.0,1|1|1|1|1|1,0|0|1|0|0|1,0.01302581|0.004014017|0.8636709|0.012602854|0.016408611|0.09027783,0.0|0.0|0.00051709614|0.0|0.0|0.0003821752,-6.0312376|-6.0312376|0.6823338|-6.0312376|-6.0312376|0.55102503,0.0001938962|5.975081e-05|0.012856207|0.00018760028|0.00024425104|0.0013438342,0.00059625175|0.0009007126|0.03907936|0.00084092526|0.0004308413|0.0028542606,4.8488273e-06|1.4933999e-06|0.00032260056|4.6926216e-06|6.112852e-06|3.360786e-05,57291676.0|61976570.0|75196.26|67337010.0|67431784.0|952686.25
815,3,4536.41259765625,6.063352584838867,1496.3380126953125,1,0.00010048980038845912,1.036255955696106,4536.4126|4584.345|4596.769,1|1|1,1|1|1,0.5573343|0.32267207|0.11999364,0.00016147277|0.00013220799|0.00020943282,0.20597757|0.119136065|0.31892297,0.012344241|0.007146774|0.0026577057,0.024167854|0.012011665|0.0022563804,0.00012623063|7.303998e-05|2.713238e-05,250835.03|529118.7|891023.3
816,4,4827.39501953125,6.736391067504883,1433.2288818359375,1,0.00010491465945960954,0.9327227473258972,4827.395|4868.6465|4887.15|4935.6646,1|1|1|1,1|1|1|1,0.16181059|0.36819124|0.31377426|0.15622391,0.00047432852|0.00045469383|0.00038002647|0.00049538695,0.65524316|0.636883|0.5589778|0.6741085,0.0030722574|0.0069907554|0.0059575536|0.0029661842,0.0053113466|0.015786726|0.010750348|0.005235062,6.21183e-05|0.00014148865|0.000120582445|5.997685e-05,339930.88|157148.7|220526.62|336729.34
817,3,4630.7509765625,6.6081156730651855,1401.5345458984375,1,0.00010728719644248486,0.9508286118507385,4630.751|4672.066|4686.3677,1|1|1,1|1|1,0.32296348|0.5383009|0.13873568,0.00032818384|0.00026005553|0.00038804213,0.48556945|0.38451836|0.5583311,0.005537732|0.009230041|0.0023788481,0.014496552|0.015684417|0.0027612955,0.00012633284|0.00021109026|5.419554e-05,274962.44|208241.33|529536.0
818,1,4846.6962890625,6.990408420562744,1386.67041015625,1,0.00010843723430298269,0.8988295197486877,4846.6963,1,1,1.0,0.00017828366,0.21593335,0.018367033,0.012,0.00083329284,152646.95
819,3,4759.26416015625,6.684993743896484,1423.864990234375,1,0.00010560461669228971,0.9398939609527588,4759.264|4785.397|4833.099,1|1|1,1|1|1,0.26703355|0.48845112|0.24451534,0.0029734997|0.00398781|0.0031865784,1.449585|1.5770515|1.4796418,0.0044809286|0.008196402|0.004103064,0.008689394|0.02231095|0.009193328,7.051995e-05|0.00012900154|6.457399e-05,31622.408|14722.266|32031.771
820,5,4519.4189453125,6.245204925537109,1447.324462890625,1,0.00010389288217993453,1.0060815811157227,4519.419|4543.3525|4578.3516|4593.8086|4611.5454,1|1|1|1|1,1|1|1|1|0,0.15117215|0.24352476|0.50200397|0.0950314|0.008267712,0.0013304367|0.0011833024|0.002099776|0.001863478|0.0,1.1074084|1.05651|1.3055872|1.2537385|-6.016586,0.0027329358|0.004402514|0.00907538|0.0017180064|0.0001494662,0.007093523|0.012936384|0.033277504|0.0061253062|0.00069052435,7.9388905e-05|0.00012794734|0.0002638052|4.9902814e-05|4.343334e-06,132551.86|95177.125|26134.285|140273.64|62473450.0
821,3,4852.1533203125,6.775907516479492,1432.1781005859375,1,0.00010499162453925237,0.9272832274436951,4852.1533|4882.124|4897.4727,1|1|1,1|1|1,0.32175276|0.13458169|0.5436656,0.002191203|0.0023974464|0.002165599,1.319528|1.3585943|1.3144234,0.0055682957|0.0023290885|0.009408749,0.013612151|0.005709558|0.022808751,8.89035e-05|3.718288e-05|0.0001502422,39704.35|63753.297|24279.014
822,4,4762.22265625,6.662018775939941,1429.66357421875,1,0.00010517628834350035,0.9431353807449341,4762.2227|4788.375|4811.7856|4828.546,1|1|1|1,1|1|1|1,0.052576516|0.061314408|0.80305845|0.083050616,0.0022559327|0.0026250777|0.0013991718|0.0050687026,1.3314083|1.3972243|1.1239532|1.682979,0.001127627|0.0013150315|0.017223476|0.0017812158,0.005372354|0.005773032|0.012|0.0109987715,4.85848e-05|5.668316e-05|0.0007467852|7.6802666e-05,53537.62|53216.465|20422.314|33557.918
823,2,4634.20849609375,6.447125434875488,1437.6044921875,1,0.00010459532495588064,0.9745715856552124,4634.2085|4648.734,1|1,1|1,0.57178074|0.42821923,0.0010890984|0.0010708022,1.0175549|1.010197,0.0074405307|0.0055723777,0.014359465|0.009771098,0.00010300372|7.713579e-05,61325.723|82721.57
824,3,4769.02587890625,6.831901550292969,1396.10498046875,1,0.00010770444350782782,0.9196832180023193,4769.026|4792.999|4829.657,1|1|1,1|1|1,0.1429574|0.10907259|0.74797,0.0006153812|0.0007531962|0.00056366884,0.7569107|0.8446745|0.7187905,0.0031618506|0.0024124053|0.016543176,0.00417585|0.0031088213|0.028533831,4.287673e-05|3.271175e-05|0.00022460305,250191.44|254525.28|53595.215
825,6,4768.39306640625,6.46610689163208,1474.888427734375,1,0.000101951249234844,0.9717106819152832,4768.393|4785.5547|4831.569|4881.5513|4918.1567|4935.992,1|1|1|1|1|1,1|1|1|1|1|1,0.14070702|0.16796805|0.24725452|0.14069113|0.19643007|0.10694923,0.0012757784|0.0009812121|0.0008110473|0.00089330703|0.0012285949|0.0009984799,1.0973828|0.9833704|0.9006537|0.94260824|1.0810162|0.9909468,0.0019434534|0.0023199844|0.003415094|0.001943234|0.0027131035|0.0014771891,0.015961137|0.014761683|0.016487084|0.009851455|0.019786794|0.004998078,8.8626366e-05|0.0001058547|0.0001559998|8.867894e-05|0.00012381817|6.738721e-05,200284.39|218610.19|180052.39|285498.1|149384.86|323982.75
826,2,4623.556640625,6.26612663269043,1475.7303466796875,1,0.0001018930779537186,1.0027223825454712,4623.5566|4652.0625,1|1,1|1,0.87264264|0.1273574,0.00024609992|0.00054584205,0.382967|0.7289224,0.0155105395|0.002263678,0.022367144|0.0027960204,0.00028912828|4.1981988e-05,130972.086|388678.72
827,2,4724.2353515625,6.751036643981934,1399.5584716796875,1,0.00010743867460405454,0.930699348449707,4724.2354|4759.593,1|1,1|1,0.6387891|0.36121085,0.00015092093|0.0001716496,0.14758907|0.20348242,0.011320239|0.0064011626,0.0108057475|0.005842893,0.0001453309|8.2052e-05,292594.75|454604.4
828,1,4771.59521484375,6.904792785644531,1382.111083984375,1,0.00010879495675908402,0.9099745154380798,4771.595,1,1,1.0,0.0001844204,0.22920042,0.01826912,0.014500895,0.00016188688,148374.16
829,4,4650.0478515625,6.213253021240234,1496.81591796875,1,0.00010045772069133818,1.0112553834915161,4650.048|4691.0327|4739.664|4757.6885,1|1|1|1,1|1|1|1,0.17945834|0.39416447|0.20756575|0.21881144,0.00045210856|0.0005116525|0.00033719512|0.00039359153,0.6532595|0.70699185|0.5258981|0.5930625,0.0022342901|0.0049074222|0.002584233|0.0027242438,0.00793947|0.02316134|0.0045441333|0.008947647,7.9670775e-05|0.00017526925|9.224189e-05|9.721773e-05,493400.6|199036.55|570673.94|465425.94
830,6,4802.1708984375,6.554002285003662,1465.416259765625,1,0.0001026102399919182,0.9586791396141052,4802.171|4824.322|4845.1953|4882.935|4901.5327|4950.0,1|1|1|1|1|1,1|1|1|1|1|1,0.08332264|0.07388582|0.08983762|0.29726663|0.14848983|0.30719745,0.00044795402|0.0004492552|0.00039844887|0.00036498767|0.0003258668|0.00030180594,0.64004284|0.6413025|0.589182|0.5510876|0.50184953|0.46853724,0.0019074086|0.0016913825|0.0020565486|0.0068049813|0.0033992059|0.0070323157,0.0048747472|0.0038021859|0.004439418|0.018836588|0.008901006|0.01705451,4.4874465e-05|3.9793635e-05|4.8398582e-05|0.00016046884|8.0067424e-05|0.00016594572,579751.25|647851.25|604777.1|201227.08|450729.38|235502.12
831,6,4584.033203125,6.239222526550293,1469.424560546875,1,0.00010233034117845818,1.0070462226867676,4584.033|4631.881|4651.995|4678.3687|4719.498|4744.0713,1|1|1|1|1|1,1|1|1|1|1|1,0.19071047|0.4067501|0.10843545|0.060747605|0.10342645|0.1299299,0.0082487|0.0018675224|0.0051405197|0.0012309838|0.006189963|0.005127137,1.9063811|1.2612615|1.7010026|1.0802479|1.7816837|1.6998706,0.0041527664|0.008857082|0.002361208|0.0013227937|0.0022521357|0.0028292548,0.017010326|0.005|0.010299497|0.004488551|0.012974761|0.010245401,0.00023352959|0.0005|0.00013291057|7.4457836e-05|0.00012678192|0.00015928796,9260.839|25218.98|17866.543|24732.51|12193.146|15320.394
832,4,4729.76025390625,6.621224880218506,1428.666259765625,1,0.00010524971730774269,0.9489460587501526,4729.7603|4775.467|4796.1133|4845.0903,1|1|1|1,1|1|1|1,0.12608948|0.34092423|0.4153293|0.117656976,0.0016220924|0.0013321663|0.0012959123|0.0018117249,1.1878546|1.1023375|1.0903547|1.2358713,0.0018452243|0.0049891686|0.0060780304|0.0017218209,0.0050105923|0.016054539|0.018313503|0.006007155,5.990171e-05|0.00016210688|0.00019754106|5.590443e-05,144575.8|74647.87|63123.367|142002.17
833,2,4816.69775390625,6.765932559967041,1423.8089599609375,1,0.0001056087639881298,0.9286503195762634,4816.6978|4833.5405,1|1,1|1,0.28326744|0.71673256,0.0037315052|0.0031423003,1.548184|1.4735477,0.004001286|0.010124185,0.008258788|0.013157552,4.894337e-05|0.0001238496,20602.66|14597.342
834,2,4550.99609375,6.244200706481934,1457.6712646484375,1,0.00010315543477190658,1.006243348121643,4550.996|4570.4385,1|1,1|1,0.5795388|0.42046115,0.0004141693|0.0003947284,0.6036859|0.5828064,0.009403791|0.006822543,0.008412096|0.006561277,0.00012269584|8.899677e-05,128068.875|184995.97
835,2,4618.1357421875,6.8205647468566895,1354.179931640625,1,0.00011103894939878955,0.9212118983268738,4618.1357|4655.5156,1|1,1|0,0.99531394|0.0046860413,4.8490507e-05|0.0,-0.3598177|-6.0454755,0.017751668|8.3576684e-05,0.012|0.00025977596,0.0015|4.6541873e-06,580837.75|89274060.0
836,3,4850.97705078125,6.765872478485107,1433.95458984375,1,0.00010486155224498361,0.9286585450172424,4850.977|4890.9707|4915.5312,1|1|1,1|1|1,0.7094264|0.2486958|0.041877788,0.00017883643|0.0023322937|0.0013759125,0.23183995|1.3471669|1.1179745,0.015702749|0.00550474|0.00092694093,0.005|0.02503913|0.0030038985,0.0005|0.00017161276|2.8883404e-05,177772.23|38548.57|163839.88
837,4,4646.2626953125,6.54334831237793,1420.1483154296875,1,0.00010588098666630685,0.9602400660514832,4646.2627|4677.8516|4724.385|4758.334,1|1|1|1,1|1|1|1,0.22920477|0.36053327|0.3006951|0.10956686,0.000518758|0.0005295982|0.00034123525|0.000640486,0.6901469|0.6991286|0.50823605|0.78169173,0.0032890183|0.005173542|0.004314882|0.0015722509,0.012135878|0.016475834|0.007990821|0.003677909,9.148878e-05|0.00014401392|0.00012018162|4.37049e-05,292464.78|182283.0|338907.72|479600.53
838,5,4841.41650390625,6.733919620513916,1437.9193115234375,1,0.00010457242024131119,0.9330651164054871,4841.4165|4872.926|4883.0376|4908.2437|4937.417,1|1|1|1|1,0|0|1|1|1,0.004753124|0.011867225|0.6108068|0.2953514|0.07722143,0.0|0.0|0.006820724|0.0030709135|0.0016311163,-6.0194173|-6.0194173|1.8144133|1.4678504|1.1930678,9.403261e-05|0.00023477322|0.012083793|0.005843034|0.0015276971,0.00097469724|0.00020453929|0.033707388|0.011629161|0.00430409,2.66195e-06|6.6574908e-06|0.00034217245|0.00016546079|4.3247444e-05,88653180.0|82633896.0|5766.104|25416.855|41801.223
839,3,4704.67529296875,6.71901273727417,1400.40673828125,1,0.00010737359843915328,0.9351352453231812,4704.6753|4733.4116|4760.11,1|1|1,0|1|1,0.034199126|0.45147476|0.5143261,0.0|0.00051448867|0.0006494184,-6.0308976|0.6804784|0.7816271,0.000563956|0.0074449824|0.008481423,0.00050990307|0.011091586|0.01431298,9.252155e-06|0.000121838944|0.00013878892,81645850.0|130213.47|90562.59
840,3,4793.4423828125,6.712115287780762,1428.295654296875,1,0.00010527702397666872,0.93609619140625,4793.4424|4842.1123|4861.2305,1|1|1,1|1|0,0.4366016|0.55007654|0.01332186,0.0011537435|0.001433483|0.0,1.0397757|1.134059|-6.0223336,0.005890644|0.007421652|0.00017973901,0.012614142|0.01845303|0.00047306804,0.00019089045|0.00024052418|5.823326e-06,72858.445|46670.934|62000664.0
841,3,4606.8994140625,6.478084564208984,1422.302978515625,1,0.0001057205954566598,0.9699140787124634,4606.8994|4652.117|4700.725,1|1|1,1|1|1,0.18608995|0.37014684|0.44376323,0.0013907112|0.0013060683|0.001616374,1.1190773|1.0918063|1.1843823,0.0024593712|0.004891873|0.0058647897,0.0045197248|0.0128465695|0.018485706,5.233907e-05|0.00010413666|0.00012484835,129584.19|77387.805|52311.758
842,6,4655.1943359375,6.451944828033447,1443.0360107421875,1,0.0001042016374412924,0.9738435745239258,4655.1943|4682.436|4722.698|4769.3267|4801.352|4823.7476,1|1|1|1|1|1,1|1|1|1|1|1,0.13884711|0.13652724|0.2577888|0.24769099|0.07045268|0.14869316,0.0003378677|0.0003819465|0.0003286491|0.00036806747|0.00046922654|0.0003282188,0.51087224|0.5641281|0.49885803|0.548053|0.6535081|0.49828905,0.0029081947|0.0028596043|0.005399464|0.005187962|0.0014756527|0.0031144228,0.007267337|0.009517865|0.019437611|0.018146086|0.0033127537|0.008925441,7.973554e-05|7.839761e-05|0.00014830013|0.00014243825|4.043145e-05|8.5435124e-05,507695.66|457004.12|281679.4|261731.64|706478.2|488434.3
843,2,4552.76220703125,6.360130310058594,1431.656982421875,1,0.00010502985242055729,0.9879019856452942,4552.762|4586.5566,1|1,1|0,0.99317473|0.006825246,0.0028222955|0.0,1.4292898|-6.0213127,0.015533632|0.00010674945,0.012|0.00029468496,0.0011497892|7.868785e-06,10707.349|93166590.0
844,1,4817.2890625,6.882957935333252,1399.77294921875,1,0.00010742221638793126,0.9128612279891968,4817.289,1,1,1.0,0.0003197392,0.47370192,0.012901489,0.010517527,0.00010850365,121074.07
845,2,4624.38232421875,6.200245380401611,1491.6771240234375,1,0.0001008037943392992,1.0133768320083618,4624.3823|4667.6777,1|1,1|1,0.37865403|0.62134594,0.0012333269|0.0008841433,1.0876014|0.94304585,0.0054530865|0.008948151,0.009462389|0.012082317,0.00010700645|0.00017569213,73092.625|62867.633
846,6,4801.3330078125,6.825922012329102,1406.7939453125,1,0.00010688609472708777,0.9204888343811035,4801.333|4828.3403|4838.3623|4870.094|4905.2256|4950.0,1|1|1|1|1|1,1|1|0|1|0|0,0.19801593|0.5338133|0.008555395|0.2241856|0.01745038|0.017979419,0.0033854784|0.00884799|0.0|0.0037806584|0.0|0.0,1.5006988|1.9179235|-6.028921|1.5486462|-6.028921|-6.028921,0.0035766251|0.009641902|0.00015453021|0.00404931|0.00031519416|0.00032474985,0.008924524|0.029443942|0.0008925648|0.011655519|0.0006123159|0.0007720223,0.000105651045|0.00028485176|4.568492e-06|0.00011963028|9.335628e-06|9.622459e-06,32334.576|5149.735|86581890.0|27913.541|63152430.0|68031560.0
847,1,4871.0419921875,7.007506370544434,1390.2354736328125,1,0.00010815916903084144,0.896636426448822,4871.042,1,1,1.0,0.00010104613,-0.029543232,0.017118104,0.012111609,0.00011996693,289039.3
848,5,4607.337890625,6.538092136383057,1409.383056640625,1,0.00010668974573491141,0.961012065410614,4607.338|4655.7603|4693.24|4741.6045|4758.066,1|1|1|1|1,1|1|1|1|1,0.082659826|0.1964704|0.22114408|0.26731977|0.23240593,0.0014379075|0.0013063102|0.0010518846|0.000998532|0.000973187,1.1296083|1.0879236|0.99384546|0.9712394|0.96007365,0.0012135598|0.0028844553|0.0032466988|0.0039246213|0.003412038,0.0043456284|0.012927234|0.012114012|0.014336572|0.012995279,6.185872e-05|0.00014723667|0.00016586034|0.00020063223|0.00017438184,247116.89|131208.64|145196.36|126910.95|149653.23
849,4,4826.1083984375,6.762537479400635,1427.306884765625,1,0.00010534995089983568,0.9291164875030518,4826.1084|4865.0903|4912.8047|4950.0,1|1|1|1,1|1|1|1,0.47676212|0.16444798|0.14314872|0.2156412,5.96582e-05|0.00033411256|0.00034396217|0.00034032518,-0.24696346|0.5012586|0.51387644|0.5092599,0.0076324665|0.0026326415|0.0022916626|0.0034521918,0.005|0.010341818|0.009637704|0.014236797,0.0005|0.00015382051|0.00013377417|0.00020212702,1097851.6|567743.75|633372.44|425293.0
850,2,4725.8369140625,6.728376865386963,1404.7479248046875,1,0.00010704177111620083,0.9338337182998657,4725.837|4758.3203,1|1,1|1,0.4315516|0.56844836,0.00010656558|9.7468204e-05,-0.0019359306|-0.040689886,0.00613381|0.008079577,0.009779819|0.011659013,9.7574e-05|0.00012873439,764826.9|634867.7
851,6,4755.830078125,6.7089338302612305,1417.76025390625,1,0.00010605933493934572,0.9365400671958923,4755.83|4769.158|4810.78|4831.9434|4874.21|4918.119,1|1|1|1|1|1,1|1|1|1|1|1,0.15128547|0.2632121|0.08380515|0.2035172|0.09795467|0.2002254,0.0027946478|0.0042611407|0.0025235063|0.0029367963|0.0026810393|0.002804008,1.4207783|1.603977|1.3764555|1.442325|1.4027543|1.4222304,0.0032619508|0.0056752632|0.0018069696|0.0043881484|0.0021120554|0.004317172,0.010026172|0.030563226|0.0054755653|0.014958848|0.0064705997|0.014576275,7.811317e-05|0.00013591582|4.327277e-05|0.00010510429|5.058254e-05|0.00010340818,49459.312|20206.59|64530.758|37010.473|64715.902|39480.07
852,1,4503.34619140625,7.00444221496582,1285.8543701171875,1,0.00011693915439536795,0.8970286250114441,4503.346,1,1,1.0,9.322548e-05,-0.09842486,0.017054541,0.010892252,0.00011167237,314452.94
853,6,4618.5703125,6.323901653289795,1460.671142578125,1,0.00010294357343809679,0.9935615658760071,4618.5703|4659.7676|4675.4526|4721.371|4749.8843|4791.6846,1|1|1|1|1|1,0|1|1|1|1|0,0.005974621|0.16489056|0.6669879|0.09672735|0.057865072|0.007554474,0.0|0.013985408|0.002245287|0.008600167|0.0029589194|0.0,-6.0125995|2.133076|1.3386726|1.9219077|1.4585339|-6.0125995,7.657294e-05|0.002113298|0.008548363|0.0012396934|0.00074162|9.682092e-05,0.00076336745|0.031617068|0.012|0.017318625|0.007898116|0.00044611725,6.0358557e-06|0.00016645949|0.00067722524|9.766605e-05|5.8424022e-05|7.645776e-06,96295430.0|12307.242|25080.242|24101.938|39082.652|84603650.0
854,5,4818.966796875,6.508070468902588,1480.9202880859375,1,0.00010153599578188732,0.9654451608657837,4818.967|4859.3994|4893.636|4922.0435|4950.0,1|1|1|1|1,1|0|1|1|1,0.39063513|0.014368425|0.28195977|0.074111976|0.23892471,0.0041537397|0.0|0.004454125|0.0009315447|0.0034500724,1.6118193|-6.00662|1.6421424|0.9625837|1.5312082,0.006370373|0.00023431644|0.0045981244|0.0012085983|0.0038963202,0.02354498|0.0004579626|0.01741566|0.0028480373|0.011631681,0.00020267931|7.4650297e-06|0.00014629612|3.8446382e-05|0.00012397219,18241.785|58837464.0|22558.39|58710.492|33268.266
855,1,4658.51904296875,6.833298206329346,1363.4759521484375,1,0.00011028189328499138,0.9194952249526978,4658.519,1,1,1.0,0.00015531214,0.14870147,0.017086314,0.011043255,0.00012764687,188371.1
856,1,4898.71923828125,6.967588901519775,1406.1446533203125,1,0.00010693544754758477,0.90177321434021,4898.719,1,1,1.0,9.6854514e-05,-0.043001365,0.022752555,0.010314265,0.00014088886,226867.69
857,2,4645.5068359375,6.4010910987854,1451.4735107421875,1,0.00010359590669395402,0.981580376625061,4645.507|4660.673,1|1,1|1,0.29023853|0.7097615,0.00022899592|0.00023597457,0.34448534|0.3575228,0.005117635|0.012514879,0.0037826893|0.018457068,6.532512e-05|0.00015995058,425019.2|169279.4
858,5,4577.78857421875,6.400430679321289,1430.462646484375,1,0.00010511753498576581,0.9816816449165344,4577.7886|4589.491|4627.1895|4638.062|4686.893,1|1|1|1|1,1|0|1|1|1,0.2885369|0.014706144|0.29984352|0.30938262|0.08753083,0.0012103653|0.0|0.0006895389|0.0006160514|0.0010885524,1.0612414|-6.021675|0.8168837|0.76794183|1.0151742,0.0035585072|0.00018136993|0.0036979509|0.0038155962|0.0010795121,0.022072576|0.00040780706|0.013066195|0.010103627|0.0033882777,0.000103474194|5.275474e-06|0.00010759081|0.00011103354|3.1378575e-05,115723.76|65276612.0|195517.98|211885.4|373572.06
859,4,4556.224609375,6.299143314361572,1446.6171875,1,0.00010394367564003915,0.9974666237831116,4556.2246|4590.2036|4629.5483|4650.3193,1|1|1|1,1|1|0|0,0.8403114|0.15112728|0.006037502|0.0025237834,0.00085430866|0.008050202|0.0|0.0,0.9148168|1.8890088|-6.016798|-6.016798,0.016933076|0.0030453587|0.00012166141|5.0856637e-05,0.012|0.025115473|0.0005017806|0.0002273504,0.0014205507|0.00024720503|9.907155e-06|4.1289236e-06,34374.38|18007.549|76100270.0|83544904.0
860,2,4593.1748046875,6.276210308074951,1463.6778564453125,1,0.00010273211228195578,1.001111388206482,4593.175|4641.753,1|1,1|1,0.31409815|0.6859018,0.0012706101|0.0014142161,1.0923061|1.1388096,0.005284866|0.011540657,0.004660259|0.016959773,5.4534135e-05|0.000119102435,68451.34|30421.277
861,3,4514.556640625,6.137354850769043,1471.1734619140625,1,0.00010220868716714904,1.0237611532211304,4514.5566|4535.4224|4583.4663,1|1|1,1|1|1,0.43835276|0.2661649|0.29548234,0.0008222923|0.00079851004|0.0007593555,0.90553844|0.89279264|0.8709574,0.0068207015|0.004141485|0.0045976597,0.019326856|0.008429977|0.007923931,0.0001127279|6.843359e-05|7.5976306e-05,88994.23|149887.12|141947.75
862,1,4694.029296875,6.306377410888672,1488.6611328125,1,0.0001010080159176141,0.9963224530220032,4694.0293,1,1,1.0,0.0013237237,1.1174415,0.012832004,0.016670095,0.0001889385,29247.578
863,5,4722.60888671875,6.546994686126709,1442.679931640625,1,0.00010422735067550093,0.9597052931785583,4722.609|4757.596|4806.981|4817.6343|4828.261,1|1|1|1|1,1|1|1|1|1,0.25338244|0.12925173|0.4083627|0.10047669|0.10852643,0.00087181234|0.0013034588|0.0012506281|0.0012962916|0.0013823148,0.92244136|1.0971156|1.0791465|1.094721|1.1226252,0.0044664093|0.0022783394|0.007198269|0.0017711173|0.0019130113,0.013368342|0.009399691|0.025527855|0.005407249|0.006490205,0.00015650499|7.976367e-05|0.00025235736|6.200715e-05|6.697572e-05,127809.375|164770.39|55395.38|203206.48|179249.25
864,6,4790.533203125,6.500049114227295,1473.9990234375,1,0.0001020127601805143,0.966636598110199,4790.533|4823.0137|4866.1016|4878.5312|4908.1357|4920.8755,1|1|1|1|1|1,1|1|1|1|1|1,0.04304239|0.06596208|0.49855235|0.09386267|0.17376056|0.124819934,0.00032101662|0.00026990683|3.7572674e-05|0.00025788567|0.00033085598|0.00018031435,0.49787316|0.42255956|-0.43378124|0.4027729|0.51098466|0.24737604,0.0007257798|0.001112251|0.008406578|0.00158271|0.0029299464|0.0021047108,0.0037622328|0.008163855|0.008808351|0.014744673|0.02502991|0.0114870565,4.0333027e-05|6.1932646e-05|0.0005769456|8.832628e-05|0.00016386704|0.00011797351,2129126.8|1663570.2|1582944.8|1224610.1|515690.3|1317136.0
865,6,4609.69970703125,6.420126914978027,1436.01513671875,1,0.00010471109271747991,0.9786699414253235,4609.6997|4640.1455|4675.44|4695.0063|4742.409|4775.126,1|1|1|1|1|1,1|1|1|0|0|0,0.11771991|0.31877252|0.5223779|0.0043613645|0.016421106|0.020347163,0.0027026318|0.0034586412|0.0040599634|0.0|0.0|0.0,1.4117942|1.5189128|1.5885295|-6.019993|-6.019993|-6.019993,0.0015877795|0.0042995317|0.007045715|5.8825095e-05|0.00022148414|0.00027443792,0.0064809164|0.018847441|0.033175983|0.0007701803|0.00073172466|0.00052102236,5.557066e-05|0.00015053008|0.000246728|2.059233e-06|7.76729e-06|9.640343e-06,88732.92|32395.7|17201.242|83285080.0|65815344.0|78672850.0
866,3,4703.4765625,6.522151947021484,1442.30810546875,1,0.00010425422078697011,0.9633607268333435,4703.4766|4733.8164|4783.2905,1|1|1,1|1|1,0.6983847|0.18471763|0.116897695,0.0002642817|0.00027253624|0.00037787113,0.4039736|0.41733077|0.5592502,0.0115456935|0.0030537513|0.0019325523,0.022495337|0.0039971275|0.002487882,0.00022903692|6.038601e-05|3.8192065e-05,163839.17|597744.06|667209.75
867,5,4536.03759765625,6.297466278076172,1440.59130859375,1,0.0001043784650391899,0.9977322220802307,4536.0376|4557.7573|4593.1|4604.35|4652.9897,1|1|1|1|1,0|1|0|1|1,0.0039025503|0.4679542|0.007372762|0.3382138|0.1825567,0.0|0.0048344056|0.0|0.0035747096|0.0035088481,-6.018611|1.6657321|-6.018611|1.5346298|1.5265536,5.13968e-05|0.0061629824|9.7099684e-05|0.004454294|0.0024042819,0.0007130898|0.020614913|0.00074010534|0.011538488|0.00851124,2.128593e-06|0.0002553519|4.0232126e-06|0.00018456344|9.9597826e-05,90512800.0|15795.772|58084184.0|28003.633|46314.66
868,2,4577.44677734375,7.121549606323242,1285.5198974609375,1,0.00011696956789819524,0.8822778463363647,4577.447|4596.5435,1|1,1|1,0.5818437|0.41815633,7.515902e-05|8.769016e-05,-0.19209121|-0.12512152,0.011845826|0.008513296,0.013706026|0.011793868,0.00014835832|0.000106369676,561573.44|669715.44
869,5,4623.15234375,6.365208625793457,1452.6318359375,1,0.0001035133027471602,0.9871137738227844,4623.1523|4663.648|4698.092|4724.7344|4761.9194,1|1|1|1|1,1|1|1|1|1,0.24135615|0.30485559|0.25147218|0.111719325|0.09059677,0.0017055761|0.0025758243|0.0013379371|0.0019009284|0.0018234433,1.216875|1.39592|1.1114396|1.2639697|1.2458961,0.0042821434|0.0054087513|0.0044616223|0.0019821255|0.001607369,0.011983362|0.02131694|0.00884608|0.005384113|0.004109386,7.931233e-05|0.00010018081|8.264786e-05|3.670987e-05|2.976859e-05,67005.35|35342.336|81744.914|112711.15|122640.36
870,1,4801.05712890625,6.710000991821289,1431.0152587890625,1,0.00010507694241823629,0.9363910555839539,4801.057,1,1,1.0,0.00065054186,0.7917679,0.015069199,0.0142153865,0.00010346958,50881.863
871,4,4820.005859375,6.543050765991211,1473.3206787109375,1,0.00010205973376287147,0.9602837562561035,4820.006|4869.0977|4916.63|4950.0,1|1|1|1,1|1|1|1,0.17990604|0.34706384|0.32069993|0.15233019,0.000977197|0.00093554176|0.0010290939|0.0011457247,0.98112774|0.9622088|1.0036006|1.0502259,0.0029965397|0.005780743|0.005341622|0.0025372326,0.008808235|0.015714249|0.015583991|0.008146523,5.2681884e-05|0.000101661135|9.393334e-05|4.4607394e-05,168441.42|92096.39|90525.67|168227.1
872,4,4706.87158203125,6.6029558181762695,1425.6861572265625,1,0.00010546971316216514,0.9515715837478638,4706.8716|4718.2075|4763.4507|4805.025,1|1|1|1,1|1|0|1,0.29073644|0.60040534|0.0076151136|0.101243116,0.0012190995|0.001416501|0.0|0.0012538534,1.0629114|1.1280892|-6.0231276|1.075119,0.006089347|0.012575227|0.00015949522|0.0021204927,0.011251313|0.023739833|0.0008657716|0.0027685852,0.000117603224|0.000242958|3.0803474e-06|4.09393e-05,66467.78|27958.684|94105670.0|122834.305
873,6,4830.2734375,6.555069446563721,1473.751953125,1,0.00010202985868090764,0.9585230350494385,4830.2734|4843.014|4867.29|4898.2847|4931.363|4945.3257,1|1|1|1|1|1,0|1|1|0|1|1,0.011699923|0.14776278|0.46840662|0.009198043|0.12666968|0.23626296,0.0|0.0010162785|0.0019285755|0.0|0.0012254802|0.0011449056,-6.008727|0.99828553|1.2765094|-6.008727|1.0795791|1.0500424,0.00022700983|0.0028669934|0.009088343|0.00017846665|0.002457731|0.0045841346,0.0009495916|0.007088384|0.030104505|0.0007759103|0.0072877123|0.015490826,7.026201e-06|8.869127e-05|0.00028131748|5.522577e-06|7.603069e-05|0.00014188168,50860944.0|167670.75|28398.225|52379764.0|160726.27|94696.21
874,4,4513.63720703125,6.275390148162842,1438.52001953125,1,0.00010452875721966848,1.0012421607971191,4513.637|4543.125|4585.389|4606.526,1|1|1|1,1|1|1|0,0.1888272|0.57015413|0.23690863|0.004110069,0.0023480118|0.0031324844|0.0017757987|0.0,1.3514645|1.4766531|1.230158|-6.0192356,0.0030601409|0.009239939|0.0038393503|6.6607936e-05,0.0074432897|0.029042013|0.006473158|0.0005600511,6.278848e-05|0.00018962983|7.8787154e-05|1.3666713e-06,61808.586|17071.777|67338.055|76844490.0
875,4,4676.1025390625,6.557066917419434,1426.2786865234375,1,0.00010542589006945491,0.9582310914993286,4676.1025|4709.9326|4755.5977|4785.6416,1|1|1|1,1|1|1|1,0.24261513|0.2745847|0.076299675|0.4065005,0.00019342781|0.00020383239|0.0003800228|0.00019296375,0.26357183|0.2863261|0.5568625|0.26252866,0.0034437391|0.003897523|0.0010830164|0.0057699685,0.00777604|0.008674123|0.0029102345|0.012046981,0.000118430944|0.00013410194|3.7086666e-05|0.00019917965,750109.75|628990.0|1191824.0|448949.28
876,6,4794.9853515625,6.7159929275512695,1427.930419921875,1,0.0001053039450198412,0.9355556964874268,4794.9854|4835.503|4846.647|4874.488|4922.3906|4950.0,1|1|1|1|1|1,1|1|0|1|1|0,0.081334054|0.51230764|0.0059436876|0.30687723|0.08145932|0.012078052,0.0028125693|0.0069958796|0.0|0.003075036|0.0016653946|0.0,1.4266586|1.8223977|-6.0224447|1.4654056|1.1990726|-6.0224447,0.0013542725|0.008530304|9.8966826e-05|0.0051097344|0.0013563584|0.00020110857,0.0060255597|0.042103205|0.00062164175|0.01925765|0.0038700383|0.00038971406,3.9693576e-05|0.00025011596|2.9022365e-06|0.00014984052|3.9763003e-05|5.9035633e-06,61328.004|8105.105|94185140.0|30865.203|67268.79|79658180.0
877,1,4671.447265625,6.963672161102295,1341.6619873046875,1,0.0001120749584515579,0.9022804498672485,4671.4473,1,1,1.0,0.00015870019,0.15106913,0.013822207,0.011416091,0.0001055747,227882.92
878,1,4878.759765625,6.701192378997803,1456.0870361328125,1,0.00010326766641810536,0.9376220107078552,4878.76,1,1,1.0,3.5159243e-05,-0.46792358,0.015441602,0.010484929,0.000144932,920942.4
879,5,4634.7158203125,6.478941440582275,1430.7015380859375,1,0.0001050999853760004,0.969785749912262,4634.716|4664.343|4711.1807|4746.3027|4796.0537,1|1|1|1|1,1|1|1|1|1,0.06878967|0.30991614|0.2523642|0.17365792|0.19527209,0.0010913281|0.000986694|0.0007732701|0.0010290667|0.0010081336,1.0163527|0.9725799|0.8667286|0.9908409|0.98191553,0.0015793184|0.0071152584|0.0057939426|0.0039869524|0.004483185,0.0023553867|0.013730846|0.009026655|0.00804847|0.007155604,3.885554e-05|0.0001752483|0.0001427271|9.816305e-05|0.00011039142,187791.14|70825.09|110720.414|119707.82|108238.586
880,3,4678.93603515625,6.370128631591797,1469.0240478515625,1,0.00010235823719995096,0.9863514304161072,4678.936|4713.4946|4755.4897,1|1|1,1|1|1,0.08257118|0.4642883|0.45314053,0.0008107559|0.00036106157|0.00051857537,0.89876735|0.5474586|0.7046892,0.0015728717|0.008844078|0.008631728,0.0021100456|0.012890171|0.017833585,2.7071499e-05|0.00015248824|0.00014874319,318927.6|156453.12|111604.445
881,4,4860.19580078125,6.5999884605407715,1472.7891845703125,1,0.00010209656466031447,0.9519994258880615,4860.196|4872.9526|4903.656|4915.775,1|1|1|1,1|1|1|1,0.087424584|0.33184275|0.22344215|0.3572905,0.0006774277|0.0003354104|0.0004361886|0.0005596505,0.8218519|0.51656556|0.6306633|0.73890585,0.0017154403|0.0065114|0.0043843696|0.007010734,0.0038277097|0.015504879|0.009631332|0.02131737,3.6329577e-05|0.00013816674|9.293829e-05|0.00014865342,414829.38|228819.84|260855.58|127338.0
882,3,4626.45751953125,7.008916854858398,1320.163330078125,1,0.00011390008148737252,0.8964559435844421,4626.4575|4668.608|4707.0806,1|1|1,0|1|0,0.022934403|0.9720477|0.0050178994,0.0|0.00016121363|0.0,-6.056524|0.15087797|-6.056524,0.0005092158|0.021582514|0.00011141313,0.00020430231|0.02242102|0.0002432703,7.4933505e-06|0.00031925173|1.636265e-06,77010350.0|143693.75|74273310.0
883,5,4578.6494140625,6.233211517333984,1469.114013671875,1,0.00010235196532448754,1.0080173015594482,4578.6494|4608.642|4632.202|4667.0728|4692.5674,1|1|1|1|1,1|1|1|0|1,0.08289125|0.27426296|0.25490728|0.011939361|0.37599915,0.002559274|0.0017819401|0.0015850787|0.0|0.0021057825,1.3980206|1.2407969|1.1899546|-6.010096|1.3133174,0.0013275322|0.004392417|0.004082429|0.00019121302|0.0060217576,0.0064103194|0.01840669|0.01648845|0.0009917098|0.026264684,4.335164e-05|0.00014353528|0.00013341679|6.2553254e-06|0.0001968209,118487.89|63285.71|76557.914|85213700.0|39179.156
884,4,4635.87841796875,6.67417049407959,1389.1998291015625,1,0.0001082397939171642,0.9414181709289551,4635.8784|4679.909|4705.839|4748.7363,1|1|1|1,0|1|1|0,0.014486043|0.7420475|0.21583307|0.027633402,0.0|0.0006123561|0.00040009225|0.0,-6.034387|0.7526171|0.5677733|-6.034387,0.0002115553|0.010836919|0.003152043|0.00040356038,0.00021730018|0.03132293|0.00747289|0.00035634876,4.9057885e-06|0.0002516314|7.3093324e-05|9.381305e-06,96429490.0|75313.33|395187.53|80187250.0
885,4,4840.38232421875,6.647160530090332,1456.3758544921875,1,0.00010324718459742144,0.9452434778213501,4840.3823|4880.4136|4905.07|4950.0,1|1|1|1,1|1|0|1,0.23265624|0.5568279|0.018738477|0.19177738,0.0005757747|0.0005331242|0.0|0.0005538858,0.7463744|0.7129502|-6.0138783|0.7295421,0.0043502687|0.010411718|0.0003503771|0.003585905,0.011007178|0.025104824|0.0008300256|0.0076004886,0.000111814756|0.0002681738|9.021103e-06|9.21634e-05,199004.03|90032.32|69747220.0|250230.77
886,5,4515.12744140625,6.076690673828125,1486.048095703125,1,0.00010118562931893393,1.033981442451477,4515.1274|4552.1953|4593.4746|4620.4805|4630.9194,1|1|1|1|1,1|1|1|1|1,0.26054227|0.12707719|0.31481373|0.17559363|0.12197317,0.004086466|0.0023445268|0.00321621|0.0024849456|0.0018995119,1.6062291|1.3649364|1.5022256|1.3901981|1.2735232,0.0041524903|0.0020253402|0.005017462|0.0027985892|0.0019439931,0.015853902|0.0045969374|0.012640067|0.005941334|0.0036777104,0.00011034924|5.3821663e-05|0.00013336497|7.438023e-05|5.1663326e-05,27503.121|61257.688|28977.033|57074.926|64720.22
887,1,4591.80859375,6.945742607116699,1322.1937255859375,1,0.00011372517474228516,0.9046096205711365,4591.8086,1,1,1.0,1.8095065e-05,-0.79829407,0.021031015,0.013019635,0.00012518451,1313858.5
888,6,4637.49169921875,6.481131553649902,1431.07470703125,1,0.00010507258411962539,0.9694580435752869,4637.4917|4648.0225|4691.283|4727.8145|4768.182|4806.783,1|1|1|1|1|1,1|1|1|1|1|1,0.23556864|0.16041188|0.10846193|0.22682184|0.13654085|0.13219486,0.00041211047|0.00038737018|0.00040204677|0.000304476|0.0004067848|0.00035161758,0.5935244|0.56663686|0.5827873|0.46206382|0.5878754|0.5245813,0.0049725245|0.0033860703|0.0022894796|0.0047878916|0.002882186|0.0027904487,0.02395476|0.015634999|0.008034966|0.018411765|0.013769958|0.0083013745,0.0001743845|0.00011863465|8.01534e-05|0.00016815706|0.00010096092|9.777352e-05,243916.72|380945.12|541740.1|342882.22|426066.8|508615.9
889,1,4823.728515625,6.873487949371338,1403.5751953125,1,0.00010713120718719438,0.9141189455986023,4823.7285,1,1,1.0,0.00014592873,0.1342251,0.022923706,0.010139862,0.00071536767,149426.78
890,5,4800.240234375,6.500056266784668,1476.984130859375,1,0.00010180658136960119,0.966635525226593,4800.24|4818.742|4857.988|4877.1694|4920.7964,1|1|1|1|1,0|1|1|1|1,0.0065598357|0.24285299|0.18198465|0.45594233|0.11266018,0.0|0.0006756359|0.0005459981|0.00082971295|0.0007081599,-6.007776|0.8219369|0.72941536|0.91115206|0.8423555,0.00010495167|0.0038854368|0.0029115963|0.007294681|0.001802465,0.00077042583|0.012792121|0.0056914883|0.020171322|0.0028526867,2.6420726e-06|9.788194e-05|7.3349205e-05|0.00018387391|4.5387864e-05,74303140.0|189894.61|311385.44|82460.336|363886.9
891,5,4824.2001953125,6.572422027587891,1468.012939453125,1,0.00010242873395327479,0.9559924006462097,4824.2|4838.9556|4875.416|4906.6636|4950.0,1|1|1|1|1,1|0|1|1|1,0.26119614|0.014962947|0.2960857|0.31251863|0.11523663,0.0005261879|0.0|0.0005469091|0.0005001486|0.0005605933,0.7107191|-6.0104218|0.7274934|0.6886773|0.7382262,0.003777784|0.0002164151|0.0042824056|0.004520082|0.0016667136,0.016134378|0.00030180195|0.016948776|0.016723687|0.0036560271,0.00014894058|8.526612e-06|0.0001689083|0.00017837393|6.561654e-05,251236.61|56908090.0|213239.86|220951.02|520960.16
892,3,4888.3408203125,6.850837707519531,1427.0782470703125,1,0.00010536682384554297,0.9171411991119385,4888.341|4908.303|4950.0,1|1|1,1|1|1,0.043996982|0.089981295|0.8660217,0.0020181155|0.0016815298|0.00026320518,1.2822422|1.2030007|0.3975907,0.00094831066|0.0019394563|0.018666226,0.005409099|0.010036959|0.012,6.8611116e-05|0.00014058454|0.0015,206527.28|148000.78|101698.266
893,5,4673.6591796875,6.645172119140625,1406.6329345703125,1,0.00010689832561183721,0.9455263018608093,4673.659|4709.1772|4758.679|4804.48|4841.327,1|1|1|1|1,1|0|1|1|1,0.43375638|0.02196443|0.18482713|0.14038222|0.21906985,0.0037599339|0.0|0.002774332|0.00284544|0.002596097,1.5462093|-6.0289707|1.4141876|1.4251785|1.38535,0.0058609415|0.00029678468|0.002497395|0.0018968527|0.0029600847,0.019581288|0.00044751866|0.0074605867|0.006287168|0.008129424,0.00017916497|9.09276e-06|7.6337135e-05|5.7977788e-05|9.048822e-05,21710.807|61550356.0|58358.117|59701.83|56516.75
894,4,4857.033203125,6.859032154083252,1416.2445068359375,1,0.00010617284715408459,0.9160454869270325,4857.033|4875.174|4904.83|4950.0,1|1|1|1,1|1|1|1,0.18226735|0.17085919|0.36601225|0.28086123,0.001399508|0.0010059817|0.0009782758|0.0011162652,1.119962|0.9765766|0.96444786|1.0217539,0.0041762986|0.003914903|0.008386452|0.0064353836,0.014398563|0.006906363|0.018951723|0.015805265,8.079565e-05|7.5748314e-05|0.00016234741|0.00012454708,84571.91|123659.77|60749.484|69186.36
895,4,4820.16552734375,6.633945941925049,1453.1820068359375,1,0.00010347410716349259,0.9471263885498047,4820.1655|4861.6387|4871.7617|4914.489,1|1|1|1,1|1|0|1,0.24864112|0.6406143|0.0063762707|0.10436836,0.00023491013|0.0005170479|0.0|0.00044231187,0.35607025|0.6986992|-6.0148315|0.630897,0.0056090117|0.014451401|0.00014384014|0.0023544107,0.0048105014|0.021877885|0.0007984039|0.0021323883,7.5674965e-05|0.00019501863|1.9389418e-06|3.1739277e-05,378460.25|66874.09|85741870.0|455865.44
896,2,4570.986328125,6.3591694831848145,1437.6048583984375,1,0.0001045953031280078,0.9880512952804565,4570.9863|4616.4297,1|1,1|1,0.36041012|0.6395899,0.0011139689|0.0008677983,1.0273609|0.9189067,0.0045535634|0.008080831,0.012079191|0.013812872,6.747312e-05|0.000119774944,97703.445|71011.19
897,2,4854.75390625,7.053386211395264,1376.573974609375,1,0.00010923256922978908,0.89080411195755,4854.754|4888.717,1|1,1|1,0.33862916|0.6613709,6.8959926e-05|7.529689e-05,-0.19975473|-0.1615745,0.0042302427|0.008262015,0.0042618373|0.012620483,7.4080024e-05|0.00014522648,1713417.6|803687.4
898,5,4720.373046875,6.677979469299316,1413.712890625,1,0.00010636297520250082,0.9408811926841736,4720.373|4751.0195|4798.188|4817.287|4847.7773,1|1|1|1|1,1|1|0|0|0,0.7987633|0.16762827|0.010807333|0.0076142787|0.015186841,0.0009909769|0.00063353695|0.0|0.0|0.0,0.9692731|0.77498156|-6.0267906|-6.0267906|-6.0267906,0.015358803|0.003223195|0.00020780588|0.00014640909|0.00029201605,0.029202245|0.0038745552|0.00066324737|0.00080251374|0.00088345935,0.00037903077|7.941633e-05|5.1212005e-06|3.6061313e-06|7.2033745e-06,32808.047|237211.98|72978060.0|61885892.0|73843320.0
899,1,4688.17822265625,6.998905658721924,1339.68896484375,1,0.00011224001355003566,0.8977382779121399,4688.178,1,1,1.0,0.00024107743,0.33200902,0.0137277795,0.011772652,0.00056272023,150999.73
900,6,4761.59228515625,6.706024646759033,1420.0938720703125,1,0.00010588504665065557,0.9369463920593262,4761.5923|4793.528|4819.5054|4864.7944|4903.571|4950.0,1|1|1|1|1|1,1|1|1|1|1|1,0.16180728|0.10460862|0.3093946|0.08886782|0.16751689|0.16780479,0.006629849|0.003977797|0.0057927975|0.0031347016|0.005403624|0.0034747294,1.796669|1.574808|1.7380537|1.4713616|1.7078505|1.5160863,0.0035837367|0.0023168905|0.006852527|0.0019682604|0.003710194|0.0037165708,0.017828085|0.008544333|0.01995403|0.006969678|0.013756569|0.007759637,0.00013079729|8.4580315e-05|0.00025027047|7.1873656e-05|0.00013550452|0.00013574734,16920.064|24094.52|11239.976|29174.479|19263.027|25040.365
901,2,4557.9306640625,6.511559009552002,1399.95068359375,1,0.00010740858124336228,0.9649279713630676,4557.9307|4597.054,1|1,1|1,0.04616685|0.95383316,7.1006507e-06|0.00077740353,-1.1797347|0.8596076,0.00092578185|0.019127175,0.0007917288|0.018102212,6.862396e-06|0.00014157753,76054610.0|33559.02
902,5,4536.923828125,6.0937604904174805,1489.0391845703125,1,0.00010098237544298172,1.0310850143432617,4536.924|4572.822|4600.218|4641.61|4653.774,1|1|1|1|1,1|0|1|1|0,0.61668307|0.02009538|0.24202815|0.102666825|0.018526584,0.003935405|0.0|0.0035723893|0.0020656812|0.0,1.5907439|-6.0042458|1.5487132|1.3108177|-6.0042458,0.012926155|0.00042121476|0.0050730975|0.0021519763|0.00038833157,0.026449844|0.0008787476|0.010799246|0.0040395837|0.0009148146,0.00029556034|9.66352e-06|0.00011597308|4.919008e-05|8.904588e-06,9619.747|80505740.0|24373.865|49082.36|81390460.0
903,1,4821.736328125,6.663051128387451,1447.3057861328125,1,0.00010389422095613554,0.9429892301559448,4821.7363,1,1,1.0,0.0005197799,0.6992282,0.022464244,0.010626555,0.00013351612,42705.574
904,5,4585.92138671875,6.508062362670898,1409.3046875,1,0.00010669567564036697,0.9654463529586792,4585.9214|4621.4463|4662.6606|4674.1484|4718.2456,1|1|1|1|1,1|1|1|0|1,0.06028909|0.09160511|0.08471205|0.004223664|0.75917006,0.0022257543|0.00242783|0.002182581|0.0|0.00027346445,1.3193305|1.3570714|1.3108236|-6.0281467|0.4087542,0.0012161338|0.0018478314|0.0017087865|8.519851e-05|0.015313756,0.009335276|0.017421596|0.013459213|0.0008139321|0.012,8.321513e-05|0.00012662668|0.00011723442|5.8491896e-06|0.001127948,172652.58|109075.57|130161.43|77251110.0|119318.69
905,1,4739.37255859375,6.768582820892334,1400.4031982421875,1,0.00010737387492554262,0.9282866716384888,4739.3726,1,1,1.0,0.00033976388,0.5002787,0.021551045,0.012,0.0009043768,68217.734
906,6,4561.68505859375,6.190181255340576,1473.8453369140625,1,0.00010202339763054624,1.0150244235992432,4561.685|4585.1597|4629.427|4674.0747|4716.57|4763.1245,1|1|1|1|1|1,1|1|1|1|1|1,0.09014237|0.17847054|0.4566568|0.0944239|0.123872764|0.0564336,0.00038279177|0.00039148892|6.202235e-05|0.00041217922|0.00030337894|0.00045528737,0.5742629|0.5840198|-0.21615084|0.6063864|0.47328582|0.64958596,0.0020264115|0.00401204|0.010265701|0.0021226609|0.002784675|0.0012686343,0.007961606|0.016758025|0.005369396|0.010467146|0.008421425|0.0044170073,9.0395646e-05|0.00017948693|0.0005|9.4772906e-05|0.00012458467|5.657696e-05,643127.25|318165.22|785173.9|570617.1|591094.5|856615.3
907,5,4530.62060546875,6.323212623596191,1433.01220703125,1,0.00010493051377125084,0.9936697483062744,4530.6206|4563.3896|4609.138|4634.3457|4681.4995,1|1|1|1|1,0|1|1|1|1,0.0011621286|0.19996609|0.18742028|0.050335065|0.56111646,0.0|0.006541705|0.0041708355|0.0025573133|0.0009184636,-6.0209017|1.7947892|1.5993212|1.3868822|0.9421602,1.8003739e-05|0.0030978818|0.0029035218|0.00077979267|0.008692836,0.000548332|0.026164126|0.015037662|0.00556774|0.007422801,1.672757e-06|0.00028848485|0.00027083242|7.268192e-05|0.00082749827,61490708.0|22993.45|37761.82|77498.08|61596.633
908,4,4784.5751953125,6.616923809051514,1446.1629638671875,1,0.00010397632286185399,0.9495629072189331,4784.575|4829.398|4866.6665|4903.321,1|1|1|1,1|1|1|1,0.15034364|0.3206141|0.41318625|0.115856,0.0015409525|0.0012199968|0.002026537|0.001797189,1.1708548|1.0694243|1.2898201|1.2376593,0.00206893|0.00441208|0.005685997|0.001594334,0.005458341|0.01124333|0.031230038|0.005094562,5.131137e-05|0.00010947186|0.0001410669|3.9542247e-05,141457.73|91659.195|43188.145|145638.89
909,2,4849.591796875,6.6995463371276855,1447.7374267578125,1,0.00010386324720457196,0.9378523826599121,4849.592|4867.7217,1|1,1|1,0.66944784|0.33055213,5.7227884e-05|5.805221e-05,-0.25885347|-0.2526424,0.0128993755|0.006369303,0.019270144|0.0069462797,0.00019254185|9.446462e-05,677312.6|1352148.6
910,5,4777.3125,6.734892845153809,1418.6751708984375,1,0.0001059909409377724,0.9329302906990051,4777.3125|4825.94|4837.0244|4866.391|4908.575,1|1|1|1|1,1|0|1|1|1,0.14208338|0.017978542|0.14355025|0.4775307|0.21885714,0.00029836953|0.0|0.00027201953|0.00040989113|0.00027857444,0.44948587|-6.0252686|0.4093315|0.5873999|0.41967267,0.0029204348|0.00036953765|0.0029505852|0.009815344|0.0044984715,0.0068448153|0.00022761045|0.0054422407|0.0329765|0.013000831,5.86108e-05|7.427708e-06|5.9231075e-05|0.00019730767|9.035759e-05,572551.94|86841080.0|621165.06|124256.32|398780.34
911,1,4622.17041015625,6.917900085449219,1336.2928466796875,1,0.00011252526746829972,0.9082503318786621,4622.1704,1,1,1.0,5.998821e-05,-0.2731834,0.020206863,0.012,0.001206461,412462.2
912,1,4548.92529296875,6.915070056915283,1315.6556396484375,1,0.00011429032747400925,0.9086220860481262,4548.9253,1,1,1.0,0.00029054182,0.40519932,0.0215485,0.010822267,0.0006968783,79790.27
913,5,4794.56591796875,6.563305377960205,1461.021728515625,1,0.00010291887156199664,0.9573202729225159,4794.566|4823.884|4850.8066|4900.162|4950.0,1|1|1|1|1,1|0|0|1|0,0.51368946|0.0069525465|0.026711926|0.4171076|0.035538446,0.0031983256|0.0|0.0|0.0018277067|0.0,1.4924277|-6.012495|-6.012495|1.2494115|-6.012495,0.009396262|0.000127174|0.0004886069|0.0076296134|0.00065005914,0.031558827|0.0008575649|0.000240453|0.022631608|0.0007833476,0.00014121065|1.9111035e-06|7.3611395e-06|0.000114673065|9.802554e-06,16449.002|50099436.0|96724824.0|35598.797|73539656.0
914,2,4835.8388671875,6.855409145355225,1410.8096923828125,1,0.00010658185055945069,0.9165295958518982,4835.839|4876.448,1|1,1|1,0.32851678|0.6714832,0.0005046705|0.00041946673,0.67532474|0.59501433,0.0069145765|0.014133287,0.006443794|0.012336827,5.3963988e-05|0.00011033637,142229.17|84222.82
915,6,4568.78125,6.513112545013428,1402.9486083984375,1,0.00010717906116042286,0.9646977782249451,4568.7812|4598.0186|4626.2646|4644.637|4667.046|4714.5103,1|1|1|1|1|1,1|1|0|1|0|1,0.045382038|0.44233415|0.0046298257|0.15150842|0.0073357075|0.34880984,0.0012230888|0.00014258598|0.0|0.00075012905|0.0|0.0017368841,1.0573481|0.1239672|-6.03011|0.8450261|-6.03011|1.2096609,0.0009126217|0.008895232|9.310467e-05|0.0030467976|0.00014751928|0.007014481,0.0031480328|0.005|0.000306181|0.009826504|0.00060194824|0.032622486,4.8935322e-05|0.0005|4.999351e-06|0.00016392882|7.93046e-06|0.00037748285,356621.47|393838.75|81976616.0|217384.72|63996764.0|40913.527
916,4,4748.2890625,6.607944965362549,1437.1453857421875,1,0.00010462873615324497,0.950853168964386,4748.289|4783.26|4800.962|4838.511,1|1|1|1,1|1|1|0,0.22592656|0.27362028|0.49008265|0.01037051,0.00027451693|0.00042390625|0.00026665407|0.0,0.41891834|0.6076189|0.4062974|-6.019651,0.004313929|0.0052246107|0.009357827|0.0001980185,0.0066689993|0.013052611|0.014742492|0.00044226428,0.00011132451|0.00013476353|0.00024230081|5.1033585e-06,421412.47|225494.86|200303.12|90126300.0
917,3,4834.54296875,6.927844047546387,1395.6846923828125,1,0.00010773687972687185,0.9069467186927795,4834.543|4859.9487|4879.44,1|1|1,0|1|1,0.020591132|0.6530566|0.32635224,0.0|0.00067030796|0.00058959867,-6.0323644|0.79391|0.7381922,0.00037895003|0.012018563|0.0060060406,0.00037519902|0.025016941|0.0108564645,3.831829e-06|0.00012149853|6.070456e-05,97855680.0|62010.207|140688.55
918,6,4515.87451171875,6.342182636260986,1424.0758056640625,1,0.00010558898065937683,0.9906976222991943,4515.8745|4537.111|4562.1807|4604.2188|4619.057|4637.33,1|1|1|1|1|1,1|1|1|0|1|1,0.20969866|0.058586024|0.2964286|0.014449714|0.30214885|0.11868818,0.00048872613|0.00079229416|0.00038880343|0.0|0.0003648198|0.00047613922,0.66544706|0.8752679|0.5661116|-6.0236187|0.5384599|0.65411544,0.0030849373|0.0008618759|0.0043608462|0.0002125739|0.0044449987|0.0017460561,0.018360374|0.0055128993|0.019708471|0.0006402844|0.02128122|0.008768454,0.00011508943|3.2098058e-05|0.00016299548|7.934296e-06|0.00016620844|6.5095395e-05,331392.66|716456.2|294778.28|78170120.0|308239.84|599603.06
919,3,4559.21875,6.117375373840332,1490.580078125,1,0.00010087798727909103,1.0271047353744507,4559.2188|4582.363|4623.5396,1|1|1,1|0|0,0.9649718|0.007808949|0.027219262,0.0005093606|0.0|0.0,0.703229|-6.0037966|-6.0037966,0.0119523415|9.672327e-05|0.00033714346,0.012|0.00033827795|0.002654997,0.0011150936|8.623466e-06|2.9968609e-05,81973.26|85029060.0|354608.66
920,4,4681.408203125,6.482193946838379,1444.3900146484375,1,0.00010410395043436438,0.9692991971969604,4681.408|4694.616|4718.5728|4744.495,1|1|1|1,1|0|1|1,0.7179914|0.017639168|0.1371038|0.12726565,0.0024032004|0.0|0.0015845692|0.0015549451,1.3633227|-6.017467|1.182444|1.1742479,0.01452899|0.0003569392|0.002774378|0.0025752974,0.040061053|0.0006801263|0.0044031725|0.0037300605,0.00026694394|6.5666827e-06|5.0954994e-05|4.7297843e-05,14264.937|84139944.0|94952.84|94266.93
921,1,4747.234375,6.825133800506592,1391.1036376953125,1,0.00010809166269609705,0.9205951690673828,4747.2344,1,1,1.0,3.6989015e-05,-0.46571824,0.017406216,0.007956658,0.00010570366,776571.94
922,4,4686.7685546875,6.7002272605896,1398.9879150390625,1,0.00010748249042080715,0.9377570748329163,4686.7686|4699.185|4742.326|4763.855,1|1|1|1,1|1|1|1,0.27666447|0.19865412|0.105886005|0.4187954,0.00012387909|0.00016664939|0.00020510907|0.00011662631,0.061660614|0.19046627|0.28064737|0.03545919,0.005122656|0.0036782343|0.0019605611|0.0077543203,0.008533559|0.007975056|0.0031573875|0.01080471,0.00015097095|0.000107955384|5.7391375e-05|0.00022981902,787718.1|815284.2|1237362.4|552803.1
923,5,4554.75244140625,6.351291179656982,1434.276123046875,1,0.0001048380509018898,0.9892768859863281,4554.7524|4590.147|4628.8296|4667.558|4702.991,1|1|1|1|1,0|0|1|1|1,0.0031704884|0.020439055|0.3352534|0.31234717|0.3287899,0.0|0.0|0.00024904686|0.00016183483|0.00015655588,-6.020519|-6.020519|0.37576228|0.18855333|0.17415069,6.7871915e-05|0.00043754705|0.0071769035|0.0066865413|0.007038537,0.00041974633|0.0009002724|0.026028497|0.01204485|0.016081918,1.5046251e-06|9.743193e-06|0.00015970755|0.00014903709|0.00015695671,75373580.0|92891310.0|279711.88|461971.84|453707.25
924,3,4545.11376953125,6.485245227813721,1401.6783447265625,1,0.0001072761879186146,0.9688431620597839,4545.114|4586.474|4606.0786,1|1|1,1|1|1,0.41592264|0.33191127|0.25216606,0.0002750598|0.00027420817|0.0003506812,0.40892395|0.40757722|0.51440924,0.0055548316|0.004432822|0.0033677896,0.014785603|0.008560393|0.009724138,0.0001838922|0.00014659468|0.000111175206,327122.2|410893.8|422772.22
925,2,4591.38525390625,6.539245128631592,1404.2554931640625,1,0.00010707931505749002,0.9608426094055176,4591.3853|4623.177,1|1,1|1,0.6200051|0.37999496,0.0020932993|0.0019390006,1.2911258|1.2578723,0.012613443|0.0077306535,0.016654357|0.008683025,0.00015615969|9.570139e-05,18606.793|31444.377
926,5,4746.564453125,6.57611083984375,1443.5780029296875,1,0.00010416251461720094,0.9554561376571655,4746.5645|4764.9194|4796.5815|4846.2305|4880.982,1|1|1|1|1,1|1|1|1|0,0.148363|0.46136203|0.16603655|0.21583782|0.008400604,0.002933491|0.006511141|0.0023547474|0.0041097263|0.0,1.4496733|1.7959456|1.3542329|1.5961015|-6.0177116,0.0021518325|0.0066915187|0.0024081666|0.003130476|0.000121840974,0.006303401|0.01758808|0.005242155|0.008707443|0.0009964058,0.000100301026|0.00031203535|0.0001122711|0.00014595783|5.6844624e-06,30644.156|9362.77|29056.996|22429.844|54590030.0
927,1,4787.517578125,6.553093433380127,1461.1473388671875,1,0.00010291002399753779,0.9588121175765991,4787.5176,1,1,1.0,0.00039503165,0.58417434,0.019991348,0.011805056,0.00074474234,63233.54
928,1,4819.30029296875,7.144759178161621,1349.044921875,1,0.00011146160977659747,0.8794117569923401,4819.3003,1,1,1.0,3.0099884e-05,-0.56855905,0.02001114,0.011954364,0.0011589159,830091.25
929,1,4518.513671875,6.146309852600098,1470.317626953125,1,0.00010226818267256021,1.022269606590271,4518.5137,1,1,1.0,0.0014137498,1.140632,0.022517577,0.012,0.0007686675,15492.98
930,2,4604.84814453125,6.316264629364014,1458.09228515625,1,0.00010312564700143412,0.9947628378868103,4604.848|4623.815,1|1,0|1,0.025669327|0.97433066,0.0|0.00069867686,-6.0133667|0.8309097,0.00044246533|0.016794657,0.00088381657|0.019918684,3.1709785e-06|0.000120367826,50881936.0|42557.996
931,2,4763.0107421875,6.4261956214904785,1482.3734130859375,1,0.0001014364606817253,0.977745771408081,4763.0107|4779.3467,1|1,1|1,0.70069605|0.29930395,0.00036220378|0.000403309,0.55275905|0.5994439,0.013802285|0.005895678,0.010463|0.0038709664,0.00013869976|5.9210717e-05,99889.43|207862.95
932,1,4701.3076171875,6.943680286407471,1354.1256103515625,1,0.00011104340228484944,0.9048782587051392,4701.3076,1,1,1.0,0.00017266697,0.19171678,0.021696277,0.010007591,0.00092674536,133413.39
933,1,4535.61865234375,6.493711471557617,1396.9263916015625,1,0.00010764110629679635,0.9675800204277039,4535.6187,1,1,1.0,0.0016807285,1.1935195,0.012665594,0.015557395,0.000125136,23191.377
934,6,4639.8583984375,6.6164703369140625,1402.5177001953125,1,0.00010721198486862704,0.9496279954910278,4639.8584|4651.6333|4661.7856|4672.6177|4700.694|4735.6294,1|1|1|1|1|1,1|1|1|0|1|1,0.06645295|0.33342278|0.06692165|0.011975484|0.2630997|0.25812745,0.0007520251|0.00050063065|0.0007952332|0.0|0.000593523|0.00047414348,0.84598905|0.66927415|0.8702512|-6.0302434|0.7431943|0.64566654,0.0012976674|0.00651095|0.00130682|0.0002338526|0.0051377085|0.005040613,0.0028453553|0.018042028|0.0034803234|0.00038477633|0.017539864|0.013979174,5.4554537e-05|0.0002751564|5.4949403e-05|9.864001e-06|0.00021674587|0.00021284357,468941.47|153261.34|451399.88|77918760.0|163759.4|208937.56
935,1,4604.5986328125,6.522012710571289,1412.0177001953125,1,0.00010649067553458735,0.963381290435791,4604.5986,1,1,1.0,0.0003939561,0.5681364,0.020283412,0.010419027,0.0001259782,62475.527
936,1,4818.3359375,6.707060813903809,1436.7950439453125,1,0.00010465425293659791,0.936801552772522,4818.336,1,1,1.0,4.2196636e-05,-0.39447802,0.022765,0.012,0.00092957955,520493.9
937,6,4709.06689453125,6.54701566696167,1438.5384521484375,1,0.00010452742571942508,0.9597021341323853,4709.067|4728.6245|4761.316|4772.9453|4786.9756|4811.639,1|1|1|1|1|1,0|1|1|1|1|1,0.00863949|0.12354917|0.3857251|0.15079232|0.21348768|0.117806226,0.0|0.0017562745|0.0010911839|0.0012245806|0.0010869593|0.0012576438,-6.0192304|1.2253622|1.0186677|1.0687572|1.016983|1.0803275,0.00016920654|0.002419741|0.007554521|0.0029533047|0.0041812086|0.002307264,0.0007076341|0.016339589|0.0267822|0.014405891|0.017906703|0.008068614,5.314193e-06|7.597655e-05|0.00023757073|9.277242e-05|0.000131393|7.246857e-05,52417068.0|116158.73|60544.902|137158.34|109573.02|167635.77
938,3,4546.18701171875,6.342257499694824,1433.617919921875,1,0.00010488618136150762,0.9906859397888184,4546.187|4570.996|4583.1685,1|1|1,1|1|1,0.27907246|0.46545425|0.2554733,0.00012395492|0.000115318144|0.00011573613,0.07254585|0.04117974|0.04275106,0.0046628616|0.007777008|0.0042685564,0.010434637|0.01678754|0.008735064,7.5854354e-05|0.00012676755|6.9438014e-05,864949.9|557492.1|1011910.1
939,5,4832.59814453125,6.826942443847656,1415.7430419921875,1,0.00010621045657899231,0.9203512668609619,4832.598|4854.6587|4894.4316|4910.009|4950.0,1|1|1|1|1,0|1|1|0|1,0.03255517|0.12670472|0.04638977|0.028286612|0.76606375,0.0|0.0072061624|0.0017813653|0.0|0.0020056078,-6.0261674|1.8315368|1.2245858|-6.0261674|1.2760787,0.00070713187|0.0027521572|0.0010076336|0.00061441434|0.016639695,0.0045723733|0.016263513|0.0057461658|0.004457799|0.012,5.312755e-05|0.0002070675|7.590983e-05|4.6308844e-05|0.0012702442,42331.5|16002.502|36297.246|43429.902|14458.832
940,5,4504.7763671875,6.142655849456787,1466.719482421875,1,0.00010251906496705487,1.0228776931762695,4504.7764|4551.25|4595.8|4630.537|4672.0015,1|1|1|1|1,1|1|0|1|1,0.2655147|0.42050126|0.0026240053|0.18603398|0.12532604,0.0033643108|0.0024956004|0.0|0.0021023897|0.0024129162,1.5160915|1.3863704|-6.0108047|1.3119086|1.3717376,0.004877559|0.0077246935|4.820351e-05|0.003417482|0.0023022648,0.015940886|0.014674918|0.0009545332|0.0061097112|0.0052743377,0.00013723466|0.00021744042|1.3562062e-06|9.617175e-05|6.477929e-05,29111.533|25197.855|88720990.0|60532.008|65115.715
941,4,4845.19873046875,6.713998317718506,1443.3123779296875,1,0.0001041816794895567,0.9358335733413696,4845.1987|4886.3667|4928.1377|4950.0,1|1|1|1,1|1|1|1,0.20238097|0.3102631|0.30108973|0.18626623,0.0005729048|0.0004309288|0.0006427152|0.00052779325,0.7402912|0.6166143|0.7902273|0.7046726,0.0027314967|0.0041875606|0.0040637497|0.0025139991,0.01031516|0.013313373|0.018116128|0.008302332,8.3617415e-05|0.00012835208|0.0001244624|7.696931e-05,318379.88|276745.47|191160.05|375075.3
942,4,4764.59716796875,6.468127727508545,1473.25390625,1,0.0001020643612719141,0.9714071154594421,4764.597|4791.559|4820.8423|4867.715,1|1|1|1,1|1|1|0,0.2257743|0.5578056|0.18378954|0.032630585,0.0014901509|0.00020891168|0.0022225948|0.0,1.1643561|0.31108883|1.3379862|-6.008874,0.0031771085|0.007849471|0.0025862963|0.00045917937,0.014585559|0.005|0.01828525|0.001702612,0.00019543314|0.0005|0.0001589887|2.8200135e-05,104424.516|304298.53|85595.49|287533.1
943,2,4863.3798828125,6.6709513664245605,1458.076904296875,1,0.00010312673839507625,0.9418724775314331,4863.38|4904.5225,1|1,1|1,0.6778981|0.32210186,0.0004390693|0.00044838883,0.6291619|0.6382836,0.009230142|0.0043856823,0.016048051|0.0064881137,0.00014276951|6.779121e-05,123270.94|252882.08
944,6,4677.880859375,6.340339183807373,1475.59326171875,1,0.00010190255125053227,0.990985631942749,4677.881|4719.787|4761.5435|4787.4897|4830.3916|4865.591,1|1|1|1|1|1,1|1|0|1|0|1,0.5334457|0.17063119|0.038331505|0.07143655|0.0037553285|0.18239972,0.0002908044|0.0042696972|0.0|0.0028709352|0.0|0.0029303874,0.45541608|1.622212|-6.008185|1.4498384|-6.008185|1.45874,0.008708724|0.0027856254|0.0006257778|0.0011662315|6.1307306e-05|0.0029777517,0.005|0.024445683|0.0036403658|0.008857915|0.00032815652|0.01853698,0.0005|0.00015624297|3.5087895e-05|6.540497e-05|3.4392872e-06|0.00016709093,196714.66|40688.26|173100.23|131135.47|93358340.0|55800.668
945,2,4766.0341796875,6.474212169647217,1472.313232421875,1,0.0001021295684040524,0.9704942107200623,4766.034|4812.3955,1|1,1|1,0.72724074|0.27275926,0.0030644888|0.0023188456,1.4772066|1.3561203,0.009792248|0.003672685,0.016456505|0.0050584855,0.00012746944|4.7804766e-05,16024.051|38981.04
946,5,4728.83740234375,6.380125522613525,1482.364990234375,1,0.00010143703548237681,0.9848059415817261,4728.8374|4763.9897|4794.2886|4810.4883|4843.9434,1|1|1|1|1,1|1|1|1|1,0.29972005|0.16960391|0.087189734|0.105228856|0.33825746,0.00030573085|0.00025549368|0.00036425554|0.00032868108|0.00028048616,0.47914284|0.40118375|0.55520976|0.5105783|0.44171503,0.004907068|0.0027767844|0.0014274853|0.0017228249|0.0055380096,0.020920396|0.007367571|0.0031493248|0.0042285523|0.021192987,0.0001556204|8.795538e-05|4.5139004e-05|5.4497355e-05|0.00017582571,333205.56|703890.75|948117.06|877436.9|321829.34
947,6,4712.0390625,6.632908344268799,1420.8062744140625,1,0.00010583195398794487,0.9472745656967163,4712.039|4729.4404|4750.8013|4793.8623|4808.718|4820.845,1|1|1|1|1|1,0|1|1|1|1|0,0.020446187|0.20573784|0.41209912|0.1523427|0.20699638|0.0023777448,0.0|0.003169097|0.004704757|0.0029735772|0.0027653866|0.0,-6.0246167|1.4763187|1.6479204|1.4486624|1.417139|-6.0246167,0.0003395201|0.0034163892|0.0068431315|0.002529734|0.003437288|3.948375e-05,0.0005915222|0.014454557|0.03592624|0.009454742|0.01497843|0.000997353,9.418096e-06|9.438534e-05|0.00018908191|6.989149e-05|9.497386e-05|1.0907698e-06,97777120.0|43557.555|15227.356|58081.504|50520.14|98628370.0
948,1,4603.37841796875,6.747262954711914,1364.517333984375,1,0.00011019773228326812,0.9312198758125305,4603.3784,1,1,1.0,3.29766e-05,-0.5239654,0.018023549,0.012321338,0.00011474125,841240.5
949,4,4598.87158203125,6.250782012939453,1471.454833984375,1,0.00010218914394499734,1.0051839351654053,4598.8716|4632.217|4670.545|4707.586,1|1|1|1,1|1|1|0,0.060091525|0.05679239|0.8784487|0.004667347,0.0018487424|0.0016473052|0.00028676685|0.0,1.2574717|1.2073693|0.44812432|-6.0094047,0.0007459017|0.00070495036|0.010903974|5.793466e-05,0.00964476|0.006785454|0.012|0.0008500642,8.788909e-05|8.317748e-05|0.0015|6.8496643e-06,348846.7|403707.94|159779.94|89968300.0
950,2,4527.6005859375,6.441142559051514,1405.8377685546875,1,0.00010695879609556869,0.9754768013954163,4527.6006|4562.2944,1|1,1|1,0.6725542|0.32744578,0.0024290802|0.0024346395,1.3562254|1.3572181,0.008512164|0.004144308,0.016510641|0.00791463,0.00015118964|7.359876e-05,23618.297|44003.92
951,1,4589.07080078125,6.784952640533447,1352.7200927734375,1,0.00011115877714473754,0.9260470271110535,4589.071,1,1,1.0,0.00028429294,0.40782246,0.02069956,0.009656705,0.0010119459,84872.11
952,6,4683.08251953125,6.565056324005127,1426.66943359375,1,0.00010539701906964183,0.9570649862289429,4683.0825|4717.266|4746.5137|4784.416|4834.3066|4848.1655,1|1|1|1|1|1,0|1|0|1|1|1,0.013321526|0.32638076|0.009960196|0.38748944|0.09095149|0.1718966,0.0|0.006778656|0.0|0.0067428104|0.0012076448|0.0025432177,-6.0228286|1.8083153|-6.0228286|1.8060126|1.0591109|1.3825552,0.00023704003|0.0058075404|0.00017722933|0.0068948935|0.0016183689|0.0030586869,0.0009911915|0.022098526|0.00031038182|0.020985922|0.0036181428|0.005324708,8.459006e-06|0.00020678311|6.3195453e-06|0.00024556855|5.7628786e-05|0.00010893063,76976780.0|11223.878|79042880.0|9361.609|36226.336|30148.463
953,5,4582.23291015625,6.193374156951904,1479.720947265625,1,0.00010161828686250374,1.0145012140274048,4582.233|4593.3174|4615.447|4652.733|4666.1733,1|1|1|1|1,0|1|0|0|1,0.02363735|0.5582013|0.019111807|0.022360392|0.37668914,0.0|0.0009788261|0.0|0.0|0.0003666155,-6.006972|0.9837337|-6.006972|-6.006972|0.55723906,0.0003852001|0.009096586|0.00031145074|0.00036439046|0.006138619,0.0006356955|0.022624688|0.0005865433|0.0007097658|0.009822088,9.941362e-06|0.0002343088|8.030085e-06|9.392522e-06|0.0001583204,71735330.0|56052.062|77432620.0|50035188.0|221868.75
954,2,4880.84521484375,6.773929119110107,1441.0677490234375,1,0.00010434396244818345,0.9275540113449097,4880.845|4908.8477,1|1,1|1,0.6864054|0.31359458,0.0024927608|0.0016734352,1.3782133|1.2051417,0.010338539|0.004723316,0.0109059885|0.0039372253,9.976584e-05|4.5577555e-05,18141.123|44283.336
955,6,4789.93701171875,6.74091911315918,1421.1524658203125,1,0.00010580617527011782,0.9320962429046631,4789.937|4819.741|4843.6914|4878.159|4912.6494|4950.0,1|1|1|1|1|1,1|1|1|1|1|1,0.63690305|0.11164068|0.10751212|0.05363073|0.048739396|0.041574035,0.00015810144|0.0010341691|0.00083394436|0.0011073579|0.001000153|0.0011543579,0.17442508|0.9900806|0.8966261|1.019777|0.9755555|1.0378295,0.011470024|0.0020105434|0.001936192|0.0009658389|0.0008777506|0.0007487092,0.011266194|0.013118601|0.009175881|0.0066073025|0.004360424|0.0038013912,0.0015|0.00020768866|0.00020022735|9.949951e-05|9.042157e-05|7.7077646e-05,275619.75|238721.86|306650.47|451788.22|532513.06|508473.8
956,6,4728.67333984375,6.418154716491699,1473.5303955078125,1,0.00010204520367551595,0.9789706468582153,4728.6733|4764.213|4794.616|4824.1533|4865.3525|4888.298,1|1|1|1|1|1,1|1|1|1|1|1,0.19385657|0.12588567|0.10127571|0.09938627|0.2700398|0.20955598,0.00020115296|0.0002215903|0.00023951357|0.0002468354|0.00021727188|0.0002233035,0.29473403|0.33675835|0.3705377|0.38361508|0.32821113|0.34010312,0.0037853746|0.002458129|0.0019775783|0.0019406836|0.0052729803|0.0040919324,0.012531649|0.0100138|0.0075357384|0.0068986434|0.020679452|0.014326057,0.0001080362|7.0056114e-05|5.6332945e-05|5.5281023e-05|0.00015071455|0.00011681634,656473.25|917469.25|1054499.0|1042376.56|436374.94|547060.1
957,2,4780.08251953125,6.774937629699707,1411.107421875,1,0.00010655936785042286,0.9274159669876099,4780.0825|4813.7197,1|1,1|1,0.70762455|0.29237545,0.0004679946|0.0005563701,0.6426493|0.71777225,0.012591738|0.005202639,0.017364476|0.005677689,0.00016381907|6.763633e-05,84776.484|170783.83
958,6,4784.83447265625,6.408084392547607,1493.3743896484375,1,0.00010068922711070627,0.9805091619491577,4784.8345|4819.23|4855.4844|4899.0513|4935.414|4950.0,1|1|1|1|1|1,1|1|1|1|0|1,0.38857406|0.19621694|0.17567524|0.17728455|0.0070862947|0.055162903,0.0007888843|0.0010243525|0.0011996982|0.0011046428|0.0|0.001677333,0.89403033|1.0074664|1.076089|1.0402389|-6.002983|1.2216363,0.008694015|0.004390188|0.003930585|0.003966592|0.00015854985|0.0012342234,0.024518844|0.015469369|0.014176354|0.016112018|0.00071951887|0.0048692897,0.00026055513|0.00013138835|0.00011761355|0.000118702366|4.7445587e-06|3.691055e-05,72822.5|110672.36|105235.945|113550.25|68493900.0|206678.42
959,4,4842.357421875,6.6891279220581055,1447.8292236328125,1,0.00010385666246293113,0.9393130540847778,4842.3574|4863.844|4907.0522|4950.0,1|1|1|1,0|1|1|1,0.011438947|0.09763998|0.4748467|0.4160744,0.0|0.0008806118|0.000614577|0.0003606347,-6.016434|0.9283502|0.77214193|0.54063326,0.00017312434|0.0014777458|0.007186633|0.0062971357,0.0009195524|0.0061731595|0.025057087|0.014218401,5.9759354e-06|5.0983297e-05|0.00024873548|0.00021833602,62317012.0|375140.12|113127.914|220008.31
960,6,4522.80126953125,6.365294933319092,1421.0814208984375,1,0.00010581146489130333,0.9871004223823547,4522.8013|4572.1587|4615.4927|4630.1416|4643.584|4685.7217,1|1|1|1|1|1,1|1|1|1|1|1,0.21637668|0.11051014|0.10740875|0.28054908|0.10013838|0.18501697,0.0005348281|0.0006785785|0.0006334821|0.0005896305|0.0006463426|0.0005067516,0.7036816|0.80706745|0.7772017|0.7460473|0.7859301|0.6802625,0.003261965|0.0016659846|0.0016192299|0.0042293896|0.0015096262|0.002789205,0.01607547|0.008761849|0.0074136327|0.024285182|0.006278081|0.012924776,0.0001646999|8.395254e-05|8.1620325e-05|0.00021383334|7.6090175e-05|0.00014087324,286271.72|439533.56|483754.38|200376.58|506781.1|353185.47
961,6,4736.25048828125,6.622056484222412,1430.447021484375,1,0.00010511868458706886,0.9488269090652466,4736.2505|4781.843|4822.1504|4835.3765|4859.5938|4898.0703,1|1|1|1|1|1,1|0|1|0|1|1,0.17729066|0.008127605|0.23008744|0.0141229965|0.33482593|0.23554535,9.6597345e-05|0.0|0.00014986233|0.0|0.00012092055|0.00011775582,-0.036714286|-6.02168|0.15401286|-6.02168|0.060820553|0.04930284,0.00313166|0.0001435659|0.004064262|0.00024946843|0.005914361|0.00416067,0.0069977785|0.0006811799|0.018278291|0.0004913485|0.026116274|0.018373735,0.0001183026|5.3681506e-06|0.00015332388|9.349899e-06|0.00022489496|0.0001574429,1652479.8|63749544.0|820848.06|68487090.0|699119.4|1020478.9
962,1,4570.6728515625,7.107701301574707,1286.118408203125,1,0.00011691513645928353,0.8839967846870422,4570.673,1,1,1.0,0.00023767781,0.30811808,0.020793326,0.009756015,0.0005248147,101092.27
963,1,4666.62890625,7.0047712326049805,1332.4144287109375,1,0.00011285280925221741,0.8969865441322327,4666.629,1,1,1.0,7.595528e-05,-0.17195384,0.015157381,0.011185579,0.00010381682,434273.03
964,1,4707.4296875,6.929362773895264,1358.6904296875,1,0.00011067032028222457,0.9067479372024536,4707.4297,1,1,1.0,0.0004553212,0.6142868,0.014723337,0.014334899,0.00012568363,74492.3
965,3,4659.92138671875,6.601012229919434,1411.880859375,1,0.00010650099284248427,0.9518517851829529,4659.9214|4701.8525|4713.0195,1|1|1,1|1|1,0.16931786|0.70577294|0.124909185,0.0019938706|0.0020399042|0.0017587879,1.2723433|1.2822561|1.2178599,0.0026634363|0.011102086|0.0019648706,0.005926124|0.026824953|0.003798853,5.530576e-05|0.00023065363|4.080081e-05,80368.11|21935.8|89093.26
966,2,4844.9599609375,6.838324546813965,1417.0020751953125,1,0.00010611608740873635,0.9188194274902344,4844.96|4879.718,1|1,1|1,0.12823176|0.87176824,0.00069268525|0.0015372566,0.8147548|1.1609652,0.0015931127|0.010830586,0.0018673565|0.02091029,1.7127484e-05|0.00011646223,92884.695|29837.547
967,4,4588.1044921875,6.311572551727295,1453.8704833984375,1,0.00010342510358896106,0.9955023527145386,4588.1045|4607.7324|4645.2344|4655.432,1|1|1|1,1|1|1|1,0.21189022|0.24628648|0.20793025|0.33389303,0.002004398|0.0022831408|0.0024670367|0.0019541,1.287358|1.3439068|1.3775496|1.2763208,0.0036550271|0.00424835|0.0035867193|0.0057595302,0.0066888677|0.009217496|0.008137037|0.012126085,9.695974e-05|0.000112706904|9.515148e-05|0.00015283648,61367.883|48128.57|50657.613|43228.33
968,3,4842.88525390625,6.828248500823975,1418.4853515625,1,0.00010600512177916244,0.9201752543449402,4842.8853|4888.293|4930.752,1|1|1,1|1|1,0.51076925|0.18951872|0.29971203,0.0013125567|0.0014376505|0.0012944812,1.0927912|1.1323265|1.086769,0.00882816|0.0032756506|0.005180237,0.019633515|0.006647939|0.0112821525,0.00013762899|5.1053383e-05|8.074702e-05,42920.93|99942.85|73384.76
969,2,4746.8388671875,6.4700846672058105,1467.31884765625,1,0.00010247718455502763,0.9711132645606995,4746.839|4759.0,1|1,1|1,0.83200425|0.16799574,0.0022017492|0.001425702,1.3321407|1.1434016,0.018382087|0.0037116546,0.022016868|0.0030293632,0.0001658709|3.348719e-05,12221.522|35616.4
970,1,4836.25927734375,6.714202404022217,1440.605712890625,1,0.00010437741730129346,0.9358052015304565,4836.2593,1,1,1.0,0.00017461952,0.2234865,0.013468816,0.011192018,0.00011254229,212533.16
971,4,4729.208984375,6.358180046081543,1487.5982666015625,1,0.00010108018614118919,0.9882049560546875,4729.209|4777.0903|4803.7524|4833.5894,1|1|1|1,1|1|1|1,0.5366198|0.2057227|0.09809946|0.15955806,0.00038493224|0.000447427|0.0005924374|0.00049427117,0.58071834|0.64605623|0.7679765|0.68929935,0.012268084|0.0047031874|0.0022427284|0.0036477812,0.026349625|0.012229111|0.0037289523|0.008144022,0.0002898877|0.000110810426|5.279097e-05|8.590819e-05,105855.445|237277.88|366312.16|276264.53
972,1,4567.919921875,6.500180721282959,1405.4747314453125,1,0.00010698642290662974,0.9666169881820679,4567.92,1,1,1.0,0.001339541,1.0976274,0.016260099,0.0132769095,0.0001025916,22702.775
973,6,4517.4482421875,6.126464366912842,1474.732666015625,1,0.00010196201765211299,1.0255810022354126,4517.448|4556.7603|4597.8496|4639.4517|4679.0557|4698.321,1|1|1|1|1|1,1|1|1|0|1|1,0.33053982|0.06766982|0.17001596|0.014322402|0.21593599|0.201516,0.0008160117|0.0012772707|0.0008383061|0.0|0.0010257916|0.00070808287,0.903258|1.0978446|0.91496426|-6.0084386|1.0026208|0.8416457,0.007394169|0.0015137723|0.0038032536|0.00032039185|0.004830484|0.0045079086,0.017265324|0.0038513036|0.007737005|0.00025343985|0.015225653|0.008487852,0.00018472715|3.7775313e-05|9.496794e-05|8.0162135e-06|0.000120633325|0.00011260687,82690.64|227906.53|155051.0|82485160.0|100468.76|155597.48
974,5,4819.337890625,6.819924354553223,1413.311279296875,1,0.00010639319953043014,0.9212983846664429,4819.338|4846.7344|4878.4336|4904.96|4950.0,1|1|1|1|1,0|1|1|1|0,0.015050893|0.15846467|0.16989219|0.644124|0.012468256,0.0|9.0033885e-05|0.00010490775|0.00016765484|0.0,-6.0269136|-0.07250739|-0.0061059142|0.19750246|-6.0269136,0.00030915663|0.0032549833|0.003489713|0.013230789|0.00025610733,0.0008451723|0.0030423168|0.0063048718|0.027453225|0.00055947655,6.5459626e-06|6.912896e-05|7.409635e-05|0.00028239586|5.424091e-06,52828932.0|1704365.6|1365305.9|225397.31|78491500.0
975,3,4553.1220703125,6.523123741149902,1395.994384765625,1,0.00010771297820610926,0.9632171988487244,4553.122|4577.659|4616.671,1|1|1,1|1|1,0.5377873|0.18003686|0.2821758,0.00024384687|0.00026470827|0.0002199158,0.3548493|0.39049962|0.3099886,0.007530473|0.0025210015|0.003951222,0.017012816|0.004908683|0.0094605135,0.00014842734|4.9587055e-05|7.778301e-05,272228.62|746894.4|575079.75
976,4,4540.02197265625,6.3001251220703125,1441.2481689453125,1,0.00010433089482830837,0.9973112344741821,4540.022|4561.738|4606.599|4642.758,1|1|1|1,1|1|1|1,0.15689042|0.11921437|0.4057117|0.3181835,0.00073785795|0.0008873379|0.0006077307|0.0005999175,0.8495599|0.9296762|0.76529837|0.75967866,0.0028326411|0.0021524036|0.007325085|0.005744772,0.005821075|0.0057950607|0.01567572|0.014236405,9.067467e-05|6.888219e-05|0.00023504221|0.0001842217,235287.98|255461.08|112146.13|144818.62
977,6,4732.17822265625,6.414062976837158,1475.5633544921875,1,0.00010190461034653708,0.9795951843261719,4732.178|4743.3794|4792.025|4820.0215|4849.612|4871.5894,1|1|1|1|1|1,1|0|0|1|1|1,0.103389|0.0072529884|0.011560768|0.11742595|0.58107543|0.17929587,0.0003594298|0.0|0.0|0.00030656217|0.0003560312|0.00031907897,0.5474204|-6.008194|-6.008194|0.47832486|0.54329437|0.49570447,0.0019203359|0.0001347162|0.00021472842|0.0021810564|0.01079283|0.0033302216,0.006781864|0.0008573346|0.0006853075|0.0062706214|0.031541497|0.01637585,6.957247e-05|4.876416e-06|7.78724e-06|7.911486e-05|0.00039458278|0.000120952114,722266.4|66048370.0|76152570.0|745922.5|130103.13|470354.8
978,4,4835.162109375,6.628072261810303,1458.9949951171875,1,0.00010306183685315773,0.9479657411575317,4835.162|4881.7485|4907.999|4950.0,1|1|1|1,1|1|0|1,0.27899063|0.4135728|0.015348486|0.2920881,0.00021256848|0.00019639691|0.0|0.00014519568,0.3144012|0.280037|-6.013098|0.14885612,0.0036687325|0.005438491|0.00020183291|0.0038409645,0.017395303|0.018585308|0.00050708745|0.010285044,9.129155e-05|0.00013555607|5.012708e-06|9.5720185e-05,641036.1|468061.06|54462430.0|896352.56
979,4,4643.9638671875,6.591305732727051,1409.1180419921875,1,0.00010670980555005372,0.9532535076141357,4643.964|4663.381|4707.178|4747.24,1|1|1|1,1|1|1|1,0.20801479|0.28812155|0.12502347|0.3788402,0.00039592656|0.00040824717|0.00048361844|0.00033989275,0.56941044|0.58271897|0.65629864|0.5031377,0.00351633|0.004870473|0.0021134256|0.006404002,0.00999651|0.014087291|0.004368966|0.014454044,0.0001171337|0.00016239272|7.032307e-05|0.00021395944,358517.53|251229.77|482489.1|229566.92
980,1,4828.04931640625,6.858894348144531,1407.8214111328125,1,0.00010680808190954849,0.9160638451576233,4828.0493,1,1,1.0,0.00052777684,0.6938463,0.022097277,0.006921147,0.00016430524,42573.2
981,2,4720.7138671875,6.662928104400635,1417.0087890625,1,0.00010611557809170336,0.9430066347122192,4720.714|4740.55,1|1,1|1,0.4665365|0.53346354,0.0012356691|0.0013491536,1.0661231|1.1042823,0.008773894|0.010032554,0.009362244|0.011612361,8.254235e-05|9.438457e-05,45196.395|36370.33
982,1,4580.72119140625,6.716215133666992,1364.0782470703125,1,0.00011023320257663727,0.9355247616767883,4580.721,1,1,1.0,2.4000892e-05,-0.6620832,0.019704869,0.012,0.00054838374,1057222.6
983,4,4807.30126953125,6.766123294830322,1420.9913330078125,1,0.00010581818060018122,0.9286240935325623,4807.3013|4838.1094|4862.909|4892.8433,1|1|1|1,0|1|1|1,0.006006614|0.06986139|0.39777896|0.526353,0.0|0.0014848666|0.0031414987|0.00028274598,-6.0245605|1.1471272|1.4725766|0.4268363,0.00010058523|0.0011698812|0.006661106|0.008814174,0.00037725797|0.0032615804|0.032742504|0.005,5.570566e-06|6.4755644e-05|0.00036930243|0.0005,92335570.0|172112.78|23635.203|199844.12
984,4,4600.29541015625,6.395068168640137,1438.700927734375,1,0.00010451560956425965,0.9825047850608826,4600.2954|4630.483|4655.462|4669.3555,1|1|1|1,1|1|1|1,0.33078322|0.2504923|0.28179595|0.13692851,0.00020870754|0.0002487466|0.00020554292|0.0002618872,0.30035716|0.37657616|0.2937216|0.3989333,0.0058074896|0.004397839|0.0049474305|0.0024040244,0.016217383|0.0149168|0.013296424|0.005531024,0.00015316153|0.00011578748|0.00013040427|6.320189e-05,412447.03|456927.84|491563.16|792321.56
985,5,4617.49072265625,6.3123016357421875,1463.0133056640625,1,0.00010277877299813554,0.9953873753547668,4617.4907|4632.147|4673.3496|4688.431|4727.744,1|1|1|1|1,1|0|0|1|1,0.18714517|0.010606586|0.016585426|0.3714927|0.4141701,0.00063268776|0.0|0.0|0.00074898324|0.00073258893,0.7892861|-6.0119033|-6.0119033|0.86256874|0.852957,0.0028262385|0.00016017909|0.00025047062|0.0056102276|0.006254735,0.008766472|0.0007727733|0.0005276884|0.019098617|0.025640303,6.5958004e-05|3.7374505e-06|5.8522473e-06|0.0001309993|0.00014607218,278142.7|53700580.0|98281440.0|118806.54|109028.9
986,6,4611.7177734375,6.291127681732178,1466.1021728515625,1,0.00010256223322357982,0.9987375140190125,4611.718|4660.089|4683.101|4729.482|4774.64|4819.1997,1|1|1|1|1|1,1|1|0|0|1|1,0.08238457|0.4508673|0.01583189|0.014821404|0.22106655|0.21502829,0.0007040283|0.00063924224|0.0|0.0|0.0004669436|0.00046652238,0.8366027|0.79467803|-6.0109873|-6.0109873|0.65827703|0.6578851,0.0017614667|0.009640006|0.00033850205|0.00031689683|0.0047266297|0.0045975256,0.0040289895|0.031859864|0.0009042949|0.0005983566|0.011231141|0.011590015,4.6482564e-05|0.0002550154|8.958503e-06|8.38074e-06|0.00012494817|0.00012153139,390430.22|81105.62|75552810.0|64162824.0|226150.1|232736.11
987,3,4541.3662109375,6.277309417724609,1446.9149169921875,1,0.00010392229160061106,1.0009360313415527,4541.366|4585.0947|4614.8203,1|1|1,0|1|1,0.0055570346|0.68057513|0.31386784,0.0|0.0013152533|0.0015377834,-6.016709|1.1023008|1.1701865,0.00012340119|0.015113057|0.006969844,0.0006965641|0.016837358|0.008724152,1.3344951e-06|0.00016349221|7.538414e-05,51370776.0|24999.82|45155.03
988,2,4824.01806640625,6.640963554382324,1452.806640625,1,0.0001035008390317671,0.9461255669593811,4824.018|4840.492,1|1,1|1,0.8729789|0.12702104,0.0017774256|0.00096023746,1.2348475|0.9674348,0.017477645|0.0025430496,0.019820478|0.002368682,0.00016829057|2.4481622e-05,15949.189|49607.0
989,4,4675.83544921875,6.291234016418457,1486.46044921875,1,0.00010115755867445841,0.9987205862998962,4675.8354|4692.958|4719.1743|4754.8286,1|1|1|1,1|1|1|1,0.31771976|0.21245944|0.10052591|0.36929488,0.0017081487|0.0015301941|0.0015953684|0.0015299128,1.2275274|1.1797482|1.1978626|1.1796684,0.004422566|0.0029573734|0.0013992912|0.005140477,0.012483421|0.006815643|0.003307523|0.013206036,0.0001398951|9.353449e-05|4.4243105e-05|0.00016264827,64918.324|104584.75|140949.28|62708.25
990,6,4652.13916015625,6.635060787200928,1402.2899169921875,1,0.0001072294035111554,0.9469673037528992,4652.139|4674.6504|4719.6743|4731.9355|4764.58|4797.1,1|1|1|1|1|1,0|0|1|1|1|0,0.005622068|0.0017647629|0.85106087|0.04124784|0.06969227|0.030612176,0.0|0.0|0.0010372744|0.002402689|0.0035765807|0.0,-6.030314|-6.030314|0.9855798|1.3503836|1.5231541|-6.030314,9.9432975e-05|3.1211937e-05|0.015052027|0.00072951725|0.0012325909|0.00054141285,0.0005252679|0.0006697103|0.012|0.0050895056|0.01139591|0.0029292335,9.579432e-06|2.9984985e-06|0.0015|7.026301e-05|0.00011875702|5.2140294e-05,99400360.0|88745100.0|31736.133|153477.02|99150.41|180933.75
991,4,4851.11767578125,6.712679862976074,1445.359375,1,0.00010403413034509867,0.9360173940658569,4851.1177|4876.7925|4920.2627|4950.0,1|1|1|1,0|0|1|0,0.012581637|0.014380104|0.9511664|0.021871896,0.0|0.0|0.0009228362|0.0,-6.0171757|-6.0171757|0.9479488|-6.0171757,0.00017276945|0.00019746575|0.013061295|0.0003003421,0.00082482205|0.00027914048|0.031501286|0.00077899935,5.641739e-06|6.453077e-06|0.00042785908|9.841571e-06,56540216.0|74880380.0|41440.965|84730536.0
992,4,4791.9140625,6.47930383682251,1479.144775390625,1,0.00010165787534788251,0.9697315692901611,4791.914|4805.0166|4847.6514|4872.0796,1|1|1|1,1|1|1|1,0.26523033|0.077779435|0.500622|0.15636827,0.0006099556|0.0009275819|0.0007210712|0.0007144461,0.77815723|0.9602113|0.8508372|0.8468285,0.005882663|0.0017251053|0.011103521|0.0034681626,0.0077597913|0.0022493138|0.019759357|0.0044102543,0.00012632959|3.7012876e-05|0.00023863425|7.444557e-05,138423.36|238379.97|62360.934|195986.47
993,4,4820.9609375,6.797978401184082,1418.351318359375,1,0.00010601513349683955,0.9242725968360901,4820.961|4854.173|4871.1514|4918.117,1|1|1|1,1|1|1|1,0.51853573|0.11356985|0.091311246|0.2765832,0.0015221015|0.0016439133|0.0015322333|0.001970375,1.1570758|1.1905111|1.159957|1.269181,0.007285419|0.0015956546|0.0012829216|0.0038859898,0.02250992|0.003978686|0.0033467358|0.0141425375,0.00018812073|4.1175284e-05|3.310429e-05|0.00010029868,44846.11|137985.39|144484.6|63780.88
994,1,4566.84521484375,6.868373870849609,1329.8184814453125,1,0.00011307311069685966,0.9147995710372925,4566.845,1,1,1.0,0.00029902929,0.42235452,0.016052818,0.008286522,9.7183714e-05,103998.48
995,1,4806.7431640625,6.980587482452393,1377.1744384765625,1,0.00010918494808720425,0.9000940322875977,4806.743,1,1,1.0,0.00035685027,0.51432335,0.015074295,0.013011773,0.000104476,92863.02
996,1,4503.96484375,6.422094345092773,1402.646728515625,1,0.00010720212594605982,0.9783701300621033,4503.965,1,1,1.0,0.0012584347,1.0696273,0.021827623,0.01060266,0.0010279013,17925.473
997,5,4753.2646484375,6.443099021911621,1475.4591064453125,1,0.00010191180626861751,0.9751806259155273,4753.2646|4779.0254|4810.334|4824.8467|4862.9204,1|1|1|1|1,0|1|0|0|1,0.021184722|0.38221222|0.023306953|0.010406756|0.56288934,0.0|0.008498062|0.0|0.0|0.008865763,-6.0082245|1.9210954|-6.0082245|-6.0082245|1.9394916,0.0002894725|0.0052226284|0.0003184711|0.00014220011|0.007691439,0.00068005675|0.024385741|0.0005210276|0.0008076736|0.031817522,7.176467e-06|0.00012922099|7.894804e-06|3.519856e-06|0.00019032627,82323140.0|9572.383|62961984.0|74019040.0|6674.6064
998,4,4786.892578125,6.72722864151001,1423.1395263671875,1,0.00010565844422671944,0.9339931011199951,4786.8926|4800.3203|4828.1826|4870.6567,1|1|1|1,1|1|1|1,0.11201741|0.4848493|0.19372658|0.20940672,0.0048526158|0.0014936813|0.008144401|0.007882746,1.6620717|1.1503538|1.8869549|1.8727733,0.0019346352|0.008373757|0.0033458215|0.0036166308,0.0105703585|0.005|0.020670893|0.019571789,0.00011500003|0.0005|0.00019897925|0.0002150997,21737.328|35309.938|14097.049|13204.984
999,1,4789.5625,6.809164047241211,1406.7989501953125,1,0.00010688571637729183,0.9227542877197266,4789.5625,1,1,1.0,0.00084151066,0.89614,0.016166655,0.010079206,0.00011157013,36449.266
