friction_model,x1,n_total,spacing_m,frac_idx,x_true,x_extracted,loc_error_m,P_2d,alpha_2d,tau_round_sec
steady,2000.0,1,10.0,1,2000.0,1999.709976798144,0.29002320185600183,5.551387982219954,1.0,2.7586206896551726
steady,2000.0,1,20.0,1,2000.0,1999.709976798144,0.29002320185600183,5.551387982219954,1.0,2.7586206896551726
steady,2000.0,1,30.0,1,2000.0,1999.709976798144,0.29002320185600183,5.551387982219954,1.0,2.7586206896551726
steady,2000.0,1,40.0,1,2000.0,1999.709976798144,0.29002320185600183,5.551387982219954,1.0,2.7586206896551726
steady,2000.0,1,50.0,1,2000.0,1999.709976798144,0.29002320185600183,5.551387982219954,1.0,2.7586206896551726
steady,2000.0,1,60.0,1,2000.0,1999.709976798144,0.29002320185600183,5.551387982219954,1.0,2.7586206896551726
steady,2000.0,1,70.0,1,2000.0,1999.709976798144,0.29002320185600183,5.551387982219954,1.0,2.7586206896551726
steady,2000.0,1,80.0,1,2000.0,1999.709976798144,0.29002320185600183,5.551387982219954,1.0,2.7586206896551726
steady,2000.0,1,90.0,1,2000.0,1999.709976798144,0.29002320185600183,5.551387982219954,1.0,2.7586206896551726
steady,2000.0,1,100.0,1,2000.0,1999.709976798144,0.29002320185600183,5.551387982219954,1.0,2.7586206896551726
steady,2000.0,2,10.0,1,2000.0,1999.709976798144,0.29002320185600183,2.285617513806893,1.0,2.7586206896551726
steady,2000.0,2,10.0,2,2010.0,2009.8607888631088,0.13921113689116282,1.2853928245976205,0.5623831707767623,2.7586206896551726
steady,2000.0,2,20.0,1,2000.0,1999.709976798144,0.29002320185600183,2.2787264300579264,1.0,2.7586206896551726
steady,2000.0,2,20.0,2,2020.0,2020.011600928074,0.01160092807390356,1.283700360331075,0.5633411467906846,2.7586206896551726
steady,2000.0,2,30.0,1,2000.0,1999.709976798144,0.29002320185600183,2.2734491651710904,1.0,2.7586206896551726
steady,2000.0,2,30.0,2,2030.0,2030.1624129930392,0.16241299303919732,1.2880585336890829,0.5665657950140042,2.7586206896551726
steady,2000.0,2,40.0,1,2000.0,1999.709976798144,0.29002320185600183,2.2556855319420506,1.0,2.7586206896551726
steady,2000.0,2,40.0,2,2040.0,2040.3132250580045,0.3132250580044911,1.286795845241166,0.5704677478395177,2.7586206896551726
steady,2000.0,2,50.0,1,2000.0,1999.709976798144,0.29002320185600183,2.238217964423477,1.0,2.7586206896551726
steady,2000.0,2,50.0,2,2050.0,2050.46403712297,0.46403712296978483,1.3018856681528013,0.5816617008916477,2.7586206896551726
steady,2000.0,2,60.0,1,2000.0,1999.709976798144,0.29002320185600183,2.229632342246466,1.0,2.7586206896551726
steady,2000.0,2,60.0,2,2060.0,2060.614849187935,0.6148491879348512,1.3218137463226294,0.592839331075919,2.7586206896551726
steady,2000.0,2,70.0,1,2000.0,1999.709976798144,0.29002320185600183,2.2119332393887454,1.0,2.7586206896551726
steady,2000.0,2,70.0,2,2070.0,2069.3155452436195,0.6844547563805463,1.3229487086831568,0.5980961292704955,2.7586206896551726
steady,2000.0,2,80.0,1,2000.0,1999.709976798144,0.29002320185600183,2.2007728448832173,1.0,2.7586206896551726
steady,2000.0,2,80.0,2,2080.0,2079.4663573085845,0.5336426914154799,1.3350522897468493,0.606628845339871,2.7586206896551726
steady,2000.0,2,90.0,1,2000.0,1999.709976798144,0.29002320185600183,2.199812297185495,1.0,2.7586206896551726
steady,2000.0,2,90.0,2,2090.0,2089.6171693735496,0.38283062645041355,1.313638882983918,0.5971595325040353,2.7586206896551726
steady,2000.0,2,100.0,1,2000.0,1999.709976798144,0.29002320185600183,2.184525990292413,1.0,2.7586206896551726
steady,2000.0,2,100.0,2,2100.0,2099.767981438515,0.23201856148489242,1.3051270973127744,0.5974417805567397,2.7586206896551726
steady,2000.0,3,10.0,1,2000.0,1999.709976798144,0.29002320185600183,1.819158277989421,1.0,2.7586206896551726
steady,2000.0,3,10.0,2,2010.0,2009.8607888631088,0.13921113689116282,0.9532431416282472,0.5240023109378887,2.7586206896551726
steady,2000.0,3,10.0,3,2020.0,2020.011600928074,0.01160092807390356,0.6837595722790824,0.3758659048814545,2.7586206896551726
steady,2000.0,3,20.0,1,2000.0,1999.709976798144,0.29002320185600183,1.80066057269759,1.0,2.7586206896551726
steady,2000.0,3,20.0,2,2020.0,2020.011600928074,0.01160092807390356,0.9542177654877808,0.529926505836831,2.7586206896551726
steady,2000.0,3,20.0,3,2040.0,2040.3132250580045,0.3132250580044911,0.6793050749695435,0.3772532620914051,2.7586206896551726
steady,2000.0,3,30.0,1,2000.0,1999.709976798144,0.29002320185600183,1.764144788841058,1.0,2.7586206896551726
steady,2000.0,3,30.0,2,2030.0,2030.1624129930392,0.16241299303919732,0.9591641862354474,0.543699243000096,2.7586206896551726
steady,2000.0,3,30.0,3,2060.0,2060.614849187935,0.6148491879348512,0.6797581487190096,0.3853187975379117,2.7586206896551726
steady,2000.0,3,40.0,1,2000.0,1999.709976798144,0.29002320185600183,1.4872575826138446,1.0,2.7586206896551726
steady,2000.0,3,40.0,2,2040.0,2040.3132250580045,0.3132250580044911,0.670283796298765,0.4506844033840769,2.7586206896551726
steady,2000.0,3,40.0,3,2080.0,2079.4663573085845,0.5336426914154799,0.2788385048533542,0.1874850114149679,2.7586206896551726
steady,2000.0,3,50.0,1,2000.0,1999.709976798144,0.29002320185600183,1.478198469689306,1.0,2.7586206896551726
steady,2000.0,3,50.0,2,2050.0,2050.46403712297,0.46403712296978483,0.6655234257802886,0.4502260281193303,2.7586206896551726
steady,2000.0,3,50.0,3,2100.0,2099.767981438515,0.23201856148489242,0.2709381366803713,0.1832894176499305,2.7586206896551726
steady,2000.0,3,60.0,1,2000.0,1999.709976798144,0.29002320185600183,1.4919777152037887,1.0,2.7586206896551726
steady,2000.0,3,60.0,2,2060.0,2060.614849187935,0.6148491879348512,0.6881737440835428,0.4612493451281512,2.7586206896551726
steady,2000.0,3,60.0,3,2120.0,2120.069605568445,0.0696055684447856,0.2779979756713993,0.1863285039974123,2.7586206896551726
steady,2000.0,3,70.0,1,2000.0,1999.709976798144,0.29002320185600183,1.5840607552814123,1.0,2.7586206896551726
steady,2000.0,3,70.0,2,2070.0,2069.3155452436195,0.6844547563805463,0.743498060138091,0.4693620858033357,2.7586206896551726
steady,2000.0,3,70.0,3,2140.0,2140.371229698376,0.37122969837582787,0.2691141991051788,0.1698888115294353,2.7586206896551726
steady,2000.0,3,80.0,1,2000.0,1999.709976798144,0.29002320185600183,1.6243055231314838,1.0,2.7586206896551726
steady,2000.0,3,80.0,2,2080.0,2079.4663573085845,0.5336426914154799,0.7405223495705203,0.4559008998152478,2.7586206896551726
steady,2000.0,3,80.0,3,2160.0,2160.672853828306,0.6728538283059606,0.2680866800174254,0.1650469546520925,2.7586206896551726
steady,2000.0,3,90.0,1,2000.0,1999.709976798144,0.29002320185600183,1.958728298726607,1.0,2.7586206896551726
steady,2000.0,3,90.0,2,2090.0,2089.6171693735496,0.38283062645041355,0.9159379790252784,0.4676186991430822,2.7586206896551726
steady,2000.0,3,90.0,3,2180.0,2179.524361948956,0.47563805104391577,0.6387846289183835,0.3261221218551164,2.7586206896551726
steady,2000.0,3,100.0,1,2000.0,1999.709976798144,0.29002320185600183,1.971819831846288,1.0,2.7586206896551726
steady,2000.0,3,100.0,2,2100.0,2099.767981438515,0.23201856148489242,0.9251083752103508,0.4691647584983145,2.7586206896551726
steady,2000.0,3,100.0,3,2200.0,2199.825986078886,0.174013921113783,0.6406700452289084,0.3249130751611445,2.7586206896551726
steady,2000.0,4,10.0,1,2000.0,1999.709976798144,0.29002320185600183,2.0428518898348846,1.0,2.7586206896551726
steady,2000.0,4,10.0,2,2010.0,2009.8607888631088,0.13921113689116282,0.8069496814033619,0.3950113492900282,2.7586206896551726
steady,2000.0,4,10.0,3,2020.0,2020.011600928074,0.01160092807390356,0.5912287133717731,0.2894134010956417,2.7586206896551726
steady,2000.0,4,10.0,4,2030.0,2030.1624129930392,0.16241299303919732,0.4867642761500487,0.2382768318017376,2.7586206896551726
steady,2000.0,4,20.0,1,2000.0,1999.709976798144,0.29002320185600183,1.99902501023102,1.0,2.7586206896551726
steady,2000.0,4,20.0,2,2020.0,2020.011600928074,0.01160092807390356,0.8865551434377966,0.4434937726643754,2.7586206896551726
steady,2000.0,4,20.0,3,2040.0,2040.3132250580045,0.3132250580044911,0.6129573021868227,0.3066281307385871,2.7586206896551726
steady,2000.0,4,20.0,4,2060.0,2060.614849187935,0.6148491879348512,0.4972865994419728,0.2487645711768775,2.7586206896551726
steady,2000.0,4,30.0,1,2000.0,1999.709976798144,0.29002320185600183,1.79005870525476,1.0,2.7586206896551726
steady,2000.0,4,30.0,2,2030.0,2030.1624129930392,0.16241299303919732,0.7592511856727426,0.4241487630790782,2.7586206896551726
steady,2000.0,4,30.0,3,2060.0,2060.614849187935,0.6148491879348512,0.479451632049012,0.2678412895854031,2.7586206896551726
steady,2000.0,4,30.0,4,2090.0,2089.6171693735496,0.38283062645041355,0.3149940270600271,0.1759685456881132,2.7586206896551726
steady,2000.0,4,40.0,1,2000.0,1999.709976798144,0.29002320185600183,1.8089158714910412,1.0,2.7586206896551726
steady,2000.0,4,40.0,2,2040.0,2040.3132250580045,0.3132250580044911,0.6529250304869904,0.3609482567858734,2.7586206896551726
steady,2000.0,4,40.0,3,2080.0,2079.4663573085845,0.5336426914154799,0.267836116360739,0.1480644404650885,2.7586206896551726
steady,2000.0,4,40.0,4,2120.0,2120.069605568445,0.0696055684447856,0.2100483131605043,0.1161183427438043,2.7586206896551726
steady,2000.0,4,50.0,1,2000.0,1999.709976798144,0.29002320185600183,1.7585675698786984,1.0,2.7586206896551726
steady,2000.0,4,50.0,2,2050.0,2050.46403712297,0.46403712296978483,0.6854814851877533,0.3897953635270529,2.7586206896551726
steady,2000.0,4,50.0,3,2100.0,2099.767981438515,0.23201856148489242,0.2679430597006131,0.1523643812669053,2.7586206896551726
steady,2000.0,4,50.0,4,2150.0,2150.522041763341,0.5220417633408942,0.217865954183623,0.123888304274058,2.7586206896551726
steady,2000.0,4,60.0,1,2000.0,1999.709976798144,0.29002320185600183,1.5711275011265573,1.0,2.7586206896551726
steady,2000.0,4,60.0,2,2060.0,2060.614849187935,0.6148491879348512,0.7270992942930217,0.4627882165971025,2.7586206896551726
steady,2000.0,4,60.0,3,2120.0,2120.069605568445,0.0696055684447856,0.2865645366278047,0.1823941955203045,2.7586206896551726
steady,2000.0,4,60.0,4,2180.0,2179.524361948956,0.47563805104391577,0.1695525852393342,0.1079177756851424,2.7586206896551726
steady,2000.0,4,70.0,1,2000.0,1999.709976798144,0.29002320185600183,1.5510792657957715,1.0,2.7586206896551726
steady,2000.0,4,70.0,2,2070.0,2069.3155452436195,0.6844547563805463,0.7726507477664869,0.4981375000007387,2.7586206896551726
steady,2000.0,4,70.0,3,2140.0,2140.371229698376,0.37122969837582787,0.3369312159717744,0.2172237250550274,2.7586206896551726
steady,2000.0,4,70.0,4,2210.0,2209.9767981438517,0.023201856148261868,0.2845105058766375,0.1834274444579537,2.7586206896551726
steady,2000.0,4,80.0,1,2000.0,1999.709976798144,0.29002320185600183,1.5896958392367682,1.0,2.7586206896551726
steady,2000.0,4,80.0,2,2080.0,2079.4663573085845,0.5336426914154799,0.8305550274569692,0.5224615973428782,2.7586206896551726
steady,2000.0,4,80.0,3,2160.0,2160.672853828306,0.6728538283059606,0.3944769330807567,0.2481461694396519,2.7586206896551726
steady,2000.0,4,80.0,4,2240.0,2240.429234338747,0.4292343387469373,0.3281283728535497,0.2064095311535117,2.7586206896551726
steady,2000.0,4,90.0,1,2000.0,1999.709976798144,0.29002320185600183,1.85035427260245,1.0,2.7586206896551726
steady,2000.0,4,90.0,2,2090.0,2089.6171693735496,0.38283062645041355,1.1432128832758162,0.6178345953545061,2.7586206896551726
steady,2000.0,4,90.0,3,2180.0,2179.524361948956,0.47563805104391577,0.8876989535118547,0.4797454015459111,2.7586206896551726
steady,2000.0,4,90.0,4,2270.0,2269.4315545243617,0.5684454756383275,0.7044598757395143,0.3807162153595156,2.7586206896551726
steady,2000.0,4,100.0,1,2000.0,1999.709976798144,0.29002320185600183,1.8561996917455463,1.0,2.7586206896551726
steady,2000.0,4,100.0,2,2100.0,2099.767981438515,0.23201856148489242,1.1468980646346425,0.6178742889220686,2.7586206896551726
steady,2000.0,4,100.0,3,2200.0,2199.825986078886,0.174013921113783,0.8859909769514956,0.4773144726246135,2.7586206896551726
steady,2000.0,4,100.0,4,2300.0,2299.8839907192573,0.11600928074267358,0.6904753770007821,0.3719833485972987,2.7586206896551726
steady,2000.0,5,10.0,1,2000.0,1999.709976798144,0.29002320185600183,2.1815653179856374,1.0,2.7586206896551726
steady,2000.0,5,10.0,2,2010.0,2009.8607888631088,0.13921113689116282,0.8911707044445839,0.4085005830893261,2.7586206896551726
steady,2000.0,5,10.0,3,2020.0,2020.011600928074,0.01160092807390356,0.6639964627028113,0.3043669869650828,2.7586206896551726
steady,2000.0,5,10.0,4,2030.0,2030.1624129930392,0.16241299303919732,0.5555519788608685,0.2546575040777789,2.7586206896551726
steady,2000.0,5,10.0,5,2040.0,2040.3132250580045,0.3132250580044911,0.4782821738778336,0.2192380718260861,2.7586206896551726
steady,2000.0,5,20.0,1,2000.0,1999.709976798144,0.29002320185600183,2.126748158268585,1.0,2.7586206896551726
steady,2000.0,5,20.0,2,2020.0,2020.011600928074,0.01160092807390356,0.8622230438387853,0.4054184979479342,2.7586206896551726
steady,2000.0,5,20.0,3,2040.0,2040.3132250580045,0.3132250580044911,0.6244653634209923,0.2936244994467883,2.7586206896551726
steady,2000.0,5,20.0,4,2060.0,2060.614849187935,0.6148491879348512,0.4972659369305381,0.2338151487270449,2.7586206896551726
steady,2000.0,5,20.0,5,2080.0,2079.4663573085845,0.5336426914154799,0.3960944980897365,0.1862441947109537,2.7586206896551726
steady,2000.0,5,30.0,1,2000.0,1999.709976798144,0.29002320185600183,1.9339738902781665,1.0,2.7586206896551726
steady,2000.0,5,30.0,2,2030.0,2030.1624129930392,0.16241299303919732,0.933041193260318,0.4824476679600453,2.7586206896551726
steady,2000.0,5,30.0,3,2060.0,2060.614849187935,0.6148491879348512,0.6258779391522573,0.3236227450114315,2.7586206896551726
steady,2000.0,5,30.0,4,2090.0,2089.6171693735496,0.38283062645041355,0.420132748237354,0.2172380663199779,2.7586206896551726
steady,2000.0,5,30.0,5,2120.0,2120.069605568445,0.0696055684447856,0.2800390432971085,0.1447998055738126,2.7586206896551726
steady,2000.0,5,40.0,1,2000.0,1999.709976798144,0.29002320185600183,1.7136767922383662,1.0,2.7586206896551726
steady,2000.0,5,40.0,2,2040.0,2040.3132250580045,0.3132250580044911,0.8770024457472906,0.5117665418119888,2.7586206896551726
steady,2000.0,5,40.0,3,2080.0,2079.4663573085845,0.5336426914154799,0.4318622329987213,0.2520091507072536,2.7586206896551726
steady,2000.0,5,40.0,4,2120.0,2120.069605568445,0.0696055684447856,0.3380713925537893,0.1972783864991297,2.7586206896551726
steady,2000.0,5,40.0,5,2160.0,2160.672853828306,0.6728538283059606,0.2539231400695358,0.1481744639477011,2.7586206896551726
steady,2000.0,5,50.0,1,2000.0,1999.709976798144,0.29002320185600183,1.5775269663796654,1.0,2.7586206896551726
steady,2000.0,5,50.0,2,2050.0,2050.46403712297,0.46403712296978483,0.7721116811358154,0.4894443629751495,2.7586206896551726
steady,2000.0,5,50.0,3,2100.0,2099.767981438515,0.23201856148489242,0.3698238211268728,0.2344326461661681,2.7586206896551726
steady,2000.0,5,50.0,4,2150.0,2150.522041763341,0.5220417633408942,0.2875256606665161,0.1822635471813018,2.7586206896551726
steady,2000.0,5,50.0,5,2200.0,2199.825986078886,0.174013921113783,0.1955442200981199,0.1239561822178436,2.7586206896551726
steady,2000.0,5,60.0,1,2000.0,1999.709976798144,0.29002320185600183,1.6016407380638251,1.0,2.7586206896551726
steady,2000.0,5,60.0,2,2060.0,2060.614849187935,0.6148491879348512,0.7953033318000811,0.4965553840504201,2.7586206896551726
steady,2000.0,5,60.0,3,2120.0,2120.069605568445,0.0696055684447856,0.3887049694996122,0.2426917349576821,2.7586206896551726
steady,2000.0,5,60.0,4,2180.0,2179.524361948956,0.47563805104391577,0.2376658069214085,0.1483889621893081,2.7586206896551726
steady,2000.0,5,60.0,5,2240.0,2240.429234338747,0.4292343387469373,0.1732336457755412,0.1081601145990817,2.7586206896551726
steady,2000.0,5,70.0,1,2000.0,1999.709976798144,0.29002320185600183,1.581916832034039,1.0,2.7586206896551726
steady,2000.0,5,70.0,2,2070.0,2069.3155452436195,0.6844547563805463,0.7700409301715315,0.4867771266972409,2.7586206896551726
steady,2000.0,5,70.0,3,2140.0,2140.371229698376,0.37122969837582787,0.3621491005479925,0.2289305564075317,2.7586206896551726
steady,2000.0,5,70.0,4,2210.0,2209.9767981438517,0.023201856148261868,0.2883383731032348,0.1822715121707678,2.7586206896551726
steady,2000.0,5,70.0,5,2280.0,2279.582366589327,0.41763341067280635,0.2049863490990464,0.1295809899408388,2.7586206896551726
steady,2000.0,5,80.0,1,2000.0,1999.709976798144,0.29002320185600183,1.5819437479908165,1.0,2.7586206896551726
steady,2000.0,5,80.0,2,2080.0,2079.4663573085845,0.5336426914154799,0.7689488626254798,0.486078511705679,2.7586206896551726
steady,2000.0,5,80.0,3,2160.0,2160.672853828306,0.6728538283059606,0.3683588993279004,0.2328520845293917,2.7586206896551726
steady,2000.0,5,80.0,4,2240.0,2240.429234338747,0.4292343387469373,0.2883972057389539,0.1823056010084046,2.7586206896551726
steady,2000.0,5,80.0,5,2320.0,2320.185614849188,0.18561484918791393,0.2117171757335661,0.1338335677248083,2.7586206896551726
steady,2000.0,5,90.0,1,2000.0,1999.709976798144,0.29002320185600183,1.890106744077669,1.0,2.7586206896551726
steady,2000.0,5,90.0,2,2090.0,2089.6171693735496,0.38283062645041355,1.1022340898552891,0.5831597042383738,2.7586206896551726
steady,2000.0,5,90.0,3,2180.0,2179.524361948956,0.47563805104391577,0.8597820253794656,0.4548854333616065,2.7586206896551726
steady,2000.0,5,90.0,4,2270.0,2269.4315545243617,0.5684454756383275,0.6803423620611319,0.3599491744013241,2.7586206896551726
steady,2000.0,5,90.0,5,2360.0,2359.338747099768,0.6612529002318297,0.5510284258117885,0.29153296634613,2.7586206896551726
steady,2000.0,5,100.0,1,2000.0,1999.709976798144,0.29002320185600183,1.944313987805138,1.0,2.7586206896551726
steady,2000.0,5,100.0,2,2100.0,2099.767981438515,0.23201856148489242,1.133881230339019,0.5831780450332585,2.7586206896551726
steady,2000.0,5,100.0,3,2200.0,2199.825986078886,0.174013921113783,0.8816162907974907,0.4534330855649059,2.7586206896551726
steady,2000.0,5,100.0,4,2300.0,2299.8839907192573,0.11600928074267358,0.6975067367970722,0.3587418190538561,2.7586206896551726
steady,2000.0,5,100.0,5,2400.0,2399.9419953596284,0.058004640371564165,0.5558519468443198,0.2858858961724592,2.7586206896551726
steady,2000.0,6,10.0,1,2000.0,1999.709976798144,0.29002320185600183,2.21424639331295,1.0,2.7586206896551726
steady,2000.0,6,10.0,2,2010.0,2009.8607888631088,0.13921113689116282,1.1643941695135278,0.5258647696254635,2.7586206896551726
steady,2000.0,6,10.0,3,2020.0,2020.011600928074,0.01160092807390356,0.8342236095523249,0.3767528365730616,2.7586206896551726
steady,2000.0,6,10.0,4,2030.0,2030.1624129930392,0.16241299303919732,0.6500465735840191,0.2935746335851183,2.7586206896551726
steady,2000.0,6,10.0,5,2040.0,2040.3132250580045,0.3132250580044911,0.5347860169790526,0.2415205546203497,2.7586206896551726
steady,2000.0,6,10.0,6,2050.0,2050.46403712297,0.46403712296978483,0.4576359513685811,0.2066779707762636,2.7586206896551726
steady,2000.0,6,20.0,1,2000.0,1999.709976798144,0.29002320185600183,2.046646152434848,1.0,2.7586206896551726
steady,2000.0,6,20.0,2,2020.0,2020.011600928074,0.01160092807390356,1.1723235149483089,0.5728022470096369,2.7586206896551726
steady,2000.0,6,20.0,3,2040.0,2040.3132250580045,0.3132250580044911,0.8167504049820462,0.3990677157408852,2.7586206896551726
steady,2000.0,6,20.0,4,2060.0,2060.614849187935,0.6148491879348512,0.6070269202193435,0.2965959306141794,2.7586206896551726
steady,2000.0,6,20.0,5,2080.0,2079.4663573085845,0.5336426914154799,0.4706793849520961,0.2299759459602431,2.7586206896551726
steady,2000.0,6,20.0,6,2100.0,2099.767981438515,0.23201856148489242,0.3573846244969563,0.1746196449600162,2.7586206896551726
steady,2000.0,6,30.0,1,2000.0,1999.709976798144,0.29002320185600183,1.830037565823546,1.0,2.7586206896551726
steady,2000.0,6,30.0,2,2030.0,2030.1624129930392,0.16241299303919732,1.0523685113323915,0.5750529557347143,2.7586206896551726
steady,2000.0,6,30.0,3,2060.0,2060.614849187935,0.6148491879348512,0.7311763114032176,0.3995416952406529,2.7586206896551726
steady,2000.0,6,30.0,4,2090.0,2089.6171693735496,0.38283062645041355,0.4724265135841125,0.2581512655296303,2.7586206896551726
steady,2000.0,6,30.0,5,2120.0,2120.069605568445,0.0696055684447856,0.3090641496807171,0.1688840466734536,2.7586206896551726
steady,2000.0,6,30.0,6,2150.0,2150.522041763341,0.5220417633408942,0.198455651925633,0.1084434853315837,2.7586206896551726
steady,2000.0,6,40.0,1,2000.0,1999.709976798144,0.29002320185600183,1.8159227468021264,1.0,2.7586206896551726
steady,2000.0,6,40.0,2,2040.0,2040.3132250580045,0.3132250580044911,0.8597291621346962,0.4734392823971697,2.7586206896551726
steady,2000.0,6,40.0,3,2080.0,2079.4663573085845,0.5336426914154799,0.3323518944913645,0.1830209435267234,2.7586206896551726
steady,2000.0,6,40.0,4,2120.0,2120.069605568445,0.0696055684447856,0.283914265053366,0.1563471053784332,2.7586206896551726
steady,2000.0,6,40.0,5,2160.0,2160.672853828306,0.6728538283059606,0.2023281298232624,0.1114189081994627,2.7586206896551726
steady,2000.0,6,40.0,6,2200.0,2199.825986078886,0.174013921113783,0.150161710900973,0.0826916845253525,2.7586206896551726
steady,2000.0,6,50.0,1,2000.0,1999.709976798144,0.29002320185600183,1.9565598551726824,1.0,2.7586206896551726
steady,2000.0,6,50.0,2,2050.0,2050.46403712297,0.46403712296978483,0.7750533144029934,0.3961306434627774,2.7586206896551726
steady,2000.0,6,50.0,3,2100.0,2099.767981438515,0.23201856148489242,0.3332577486393189,0.1703284199347462,2.7586206896551726
steady,2000.0,6,50.0,4,2150.0,2150.522041763341,0.5220417633408942,0.2742524003529725,0.1401707183288637,2.7586206896551726
steady,2000.0,6,50.0,5,2200.0,2199.825986078886,0.174013921113783,0.19734748983109,0.100864529806921,2.7586206896551726
steady,2000.0,6,50.0,6,2250.0,2250.580046403712,0.5800464037120037,0.1689995735839601,0.0863758770973272,2.7586206896551726
steady,2000.0,6,60.0,1,2000.0,1999.709976798144,0.29002320185600183,1.9972713628001049,1.0,2.7586206896551726
steady,2000.0,6,60.0,2,2060.0,2060.614849187935,0.6148491879348512,0.7825985631915519,0.3918338678297454,2.7586206896551726
steady,2000.0,6,60.0,3,2120.0,2120.069605568445,0.0696055684447856,0.3501063713388542,0.1752923402696853,2.7586206896551726
steady,2000.0,6,60.0,4,2180.0,2179.524361948956,0.47563805104391577,0.2269753187487586,0.1136427042295079,2.7586206896551726
steady,2000.0,6,60.0,5,2240.0,2240.429234338747,0.4292343387469373,0.1842314032941718,0.0922415485074025,2.7586206896551726
steady,2000.0,6,60.0,6,2300.0,2299.8839907192573,0.11600928074267358,0.1377121370487946,0.0689501384807956,2.7586206896551726
steady,2000.0,6,70.0,1,2000.0,1999.709976798144,0.29002320185600183,2.017967926850536,1.0,2.7586206896551726
steady,2000.0,6,70.0,2,2070.0,2069.3155452436195,0.6844547563805463,0.8856572437285296,0.4388856888874266,2.7586206896551726
steady,2000.0,6,70.0,3,2140.0,2140.371229698376,0.37122969837582787,0.3658751146218791,0.1813086867009349,2.7586206896551726
steady,2000.0,6,70.0,4,2210.0,2209.9767981438517,0.023201856148261868,0.3155457690389693,0.1563680794131574,2.7586206896551726
steady,2000.0,6,70.0,5,2280.0,2279.582366589327,0.41763341067280635,0.2385800333241117,0.1182278618751221,2.7586206896551726
steady,2000.0,6,70.0,6,2350.0,2350.638051044084,0.6380510440840226,0.1815705271137157,0.0899769142501163,2.7586206896551726
steady,2000.0,6,80.0,1,2000.0,1999.709976798144,0.29002320185600183,2.1250299344619843,1.0,2.7586206896551726
steady,2000.0,6,80.0,2,2080.0,2079.4663573085845,0.5336426914154799,0.862280782513785,0.4057734757191067,2.7586206896551726
steady,2000.0,6,80.0,3,2160.0,2160.672853828306,0.6728538283059606,0.3881152656876532,0.1826399051578143,2.7586206896551726
steady,2000.0,6,80.0,4,2240.0,2240.429234338747,0.4292343387469373,0.3059882254488109,0.1439924306413505,2.7586206896551726
steady,2000.0,6,80.0,5,2320.0,2320.185614849188,0.18561484918791393,0.2299220237812648,0.1081970752753073,2.7586206896551726
steady,2000.0,6,80.0,6,2400.0,2399.9419953596284,0.058004640371564165,0.1567867291283423,0.073780950840129,2.7586206896551726
steady,2000.0,6,90.0,1,2000.0,1999.709976798144,0.29002320185600183,2.271399391383645,1.0,2.7586206896551726
steady,2000.0,6,90.0,2,2090.0,2089.6171693735496,0.38283062645041355,1.2055501737921572,0.5307521778711864,2.7586206896551726
steady,2000.0,6,90.0,3,2180.0,2179.524361948956,0.47563805104391577,0.876101205361009,0.3857098882232787,2.7586206896551726
steady,2000.0,6,90.0,4,2270.0,2269.4315545243617,0.5684454756383275,0.6816684815519505,0.300109476183625,2.7586206896551726
steady,2000.0,6,90.0,5,2360.0,2359.338747099768,0.6612529002318297,0.5443342445561878,0.2396470856781384,2.7586206896551726
steady,2000.0,6,90.0,6,2450.0,2450.6960556844547,0.6960556844546772,0.4470732359783862,0.196827223637692,2.7586206896551726
steady,2000.0,6,100.0,1,2000.0,1999.709976798144,0.29002320185600183,2.296126503807219,1.0,2.7586206896551726
steady,2000.0,6,100.0,2,2100.0,2099.767981438515,0.23201856148489242,1.2438917552005897,0.5417348535187788,2.7586206896551726
steady,2000.0,6,100.0,3,2200.0,2199.825986078886,0.174013921113783,0.922757726270677,0.4018758220597374,2.7586206896551726
steady,2000.0,6,100.0,4,2300.0,2299.8839907192573,0.11600928074267358,0.7356180467190223,0.320373483559939,2.7586206896551726
steady,2000.0,6,100.0,5,2400.0,2399.9419953596284,0.058004640371564165,0.59879464068414,0.2607846909529051,2.7586206896551726
steady,2000.0,6,100.0,6,2500.0,2500.0,0.0,0.5036534738112809,0.2193491834949731,2.7586206896551726
steady,2000.0,7,10.0,1,2000.0,1999.709976798144,0.29002320185600183,2.1174476032432503,1.0,2.7586206896551726
steady,2000.0,7,10.0,2,2010.0,2009.8607888631088,0.13921113689116282,1.1560698701056462,0.5459733068884057,2.7586206896551726
steady,2000.0,7,10.0,3,2020.0,2020.011600928074,0.01160092807390356,0.7781773897997447,0.367507270832972,2.7586206896551726
steady,2000.0,7,10.0,4,2030.0,2030.1624129930392,0.16241299303919732,0.6092150782226444,0.2877119968822474,2.7586206896551726
steady,2000.0,7,10.0,5,2040.0,2040.3132250580045,0.3132250580044911,0.5226758232499857,0.2468423881891642,2.7586206896551726
steady,2000.0,7,10.0,6,2050.0,2050.46403712297,0.46403712296978483,0.4621961808606117,0.2182798668324427,2.7586206896551726
steady,2000.0,7,10.0,7,2060.0,2060.614849187935,0.6148491879348512,0.4168179016028281,0.196849216464387,2.7586206896551726
steady,2000.0,7,20.0,1,2000.0,1999.709976798144,0.29002320185600183,2.132957309096535,1.0,2.7586206896551726
steady,2000.0,7,20.0,2,2020.0,2020.011600928074,0.01160092807390356,0.9613490333649252,0.4507118024655298,2.7586206896551726
steady,2000.0,7,20.0,3,2040.0,2040.3132250580045,0.3132250580044911,0.6942845669130645,0.3255032643888899,2.7586206896551726
steady,2000.0,7,20.0,4,2060.0,2060.614849187935,0.6148491879348512,0.5463781402230722,0.2561599043229345,2.7586206896551726
steady,2000.0,7,20.0,5,2080.0,2079.4663573085845,0.5336426914154799,0.4429277946778779,0.2076590060142791,2.7586206896551726
steady,2000.0,7,20.0,6,2100.0,2099.767981438515,0.23201856148489242,0.3603748525747546,0.1689554924694672,2.7586206896551726
steady,2000.0,7,20.0,7,2120.0,2120.069605568445,0.0696055684447856,0.290104350270051,0.1360103875651087,2.7586206896551726
steady,2000.0,7,30.0,1,2000.0,1999.709976798144,0.29002320185600183,1.7485424180073943,1.0,2.7586206896551726
steady,2000.0,7,30.0,2,2030.0,2030.1624129930392,0.16241299303919732,0.9542754960541908,0.545754844850527,2.7586206896551726
steady,2000.0,7,30.0,3,2060.0,2060.614849187935,0.6148491879348512,0.6420720426306048,0.3672041558833315,2.7586206896551726
steady,2000.0,7,30.0,4,2090.0,2089.6171693735496,0.38283062645041355,0.4158676042824497,0.2378367261781183,2.7586206896551726
steady,2000.0,7,30.0,5,2120.0,2120.069605568445,0.0696055684447856,0.2749713296732538,0.1572574544611882,2.7586206896551726
steady,2000.0,7,30.0,6,2150.0,2150.522041763341,0.5220417633408942,0.1868151330581455,0.1068404924777498,2.7586206896551726
steady,2000.0,7,30.0,7,2180.0,2179.524361948956,0.47563805104391577,0.1583241433564793,0.0905463554821292,2.7586206896551726
steady,2000.0,7,40.0,1,2000.0,1999.709976798144,0.29002320185600183,1.6853530669962469,1.0,2.7586206896551726
steady,2000.0,7,40.0,2,2040.0,2040.3132250580045,0.3132250580044911,0.8551233372705315,0.5073852796877699,2.7586206896551726
steady,2000.0,7,40.0,3,2080.0,2079.4663573085845,0.5336426914154799,0.4116949919952953,0.2442781871985119,2.7586206896551726
steady,2000.0,7,40.0,4,2120.0,2120.069605568445,0.0696055684447856,0.3298992114734106,0.195744866718865,2.7586206896551726
steady,2000.0,7,40.0,5,2160.0,2160.672853828306,0.6728538283059606,0.2460678305045337,0.1460037278379259,2.7586206896551726
steady,2000.0,7,40.0,6,2200.0,2199.825986078886,0.174013921113783,0.1818809184640765,0.1079185851474061,2.7586206896551726
steady,2000.0,7,40.0,7,2240.0,2240.429234338747,0.4292343387469373,0.1572757934329524,0.093319196145209,2.7586206896551726
steady,2000.0,7,50.0,1,2000.0,1999.709976798144,0.29002320185600183,1.7370190189433838,1.0,2.7586206896551726
steady,2000.0,7,50.0,2,2050.0,2050.46403712297,0.46403712296978483,0.9032307983215512,0.5199890090270745,2.7586206896551726
steady,2000.0,7,50.0,3,2100.0,2099.767981438515,0.23201856148489242,0.4630833419550718,0.266596586971605,2.7586206896551726
steady,2000.0,7,50.0,4,2150.0,2150.522041763341,0.5220417633408942,0.3562317646251385,0.2050822476554296,2.7586206896551726
steady,2000.0,7,50.0,5,2200.0,2199.825986078886,0.174013921113783,0.2508349164361808,0.14440539435703,2.7586206896551726
steady,2000.0,7,50.0,6,2250.0,2250.580046403712,0.5800464037120037,0.2097030453843664,0.1207258199809045,2.7586206896551726
steady,2000.0,7,50.0,7,2300.0,2299.8839907192573,0.11600928074267358,0.1637466670615825,0.0942687819049836,2.7586206896551726
steady,2000.0,7,60.0,1,2000.0,1999.709976798144,0.29002320185600183,1.8410056791863476,1.0,2.7586206896551726
steady,2000.0,7,60.0,2,2060.0,2060.614849187935,0.6148491879348512,0.927165861661828,0.5036192295026483,2.7586206896551726
steady,2000.0,7,60.0,3,2120.0,2120.069605568445,0.0696055684447856,0.4340062224441248,0.2357440975608172,2.7586206896551726
steady,2000.0,7,60.0,4,2180.0,2179.524361948956,0.47563805104391577,0.2532059792147054,0.1375367724702579,2.7586206896551726
steady,2000.0,7,60.0,5,2240.0,2240.429234338747,0.4292343387469373,0.1938819646422907,0.1053130725419483,2.7586206896551726
steady,2000.0,7,60.0,6,2300.0,2299.8839907192573,0.11600928074267358,0.1401740130684873,0.0761399134468931,2.7586206896551726
steady,2000.0,7,60.0,7,2360.0,2359.338747099768,0.6612529002318297,0.1238172499947807,0.0672552243562351,2.7586206896551726
steady,2000.0,7,70.0,1,2000.0,1999.709976798144,0.29002320185600183,1.8885481657465293,1.0,2.7586206896551726
steady,2000.0,7,70.0,2,2070.0,2069.3155452436195,0.6844547563805463,0.9532329018368424,0.5047437598500625,2.7586206896551726
steady,2000.0,7,70.0,3,2140.0,2140.371229698376,0.37122969837582787,0.4784182467180854,0.2533259439157434,2.7586206896551726
steady,2000.0,7,70.0,4,2210.0,2209.9767981438517,0.023201856148261868,0.3644861767617931,0.1929980835928081,2.7586206896551726
steady,2000.0,7,70.0,5,2280.0,2279.582366589327,0.41763341067280635,0.2684527959745504,0.1421477094646579,2.7586206896551726
steady,2000.0,7,70.0,6,2350.0,2350.638051044084,0.6380510440840226,0.1880171907732856,0.0995564710413217,2.7586206896551726
steady,2000.0,7,70.0,7,2420.0,2420.243619489559,0.24361948955902335,0.1535170520849882,0.081288396488582,2.7586206896551726
steady,2000.0,7,80.0,1,2000.0,1999.709976798144,0.29002320185600183,2.0639265135512592,1.0,2.7586206896551726
steady,2000.0,7,80.0,2,2080.0,2079.4663573085845,0.5336426914154799,1.0649030886481898,0.5159597890992169,2.7586206896551726
steady,2000.0,7,80.0,3,2160.0,2160.672853828306,0.6728538283059606,0.5245509156815854,0.2541519343045921,2.7586206896551726
steady,2000.0,7,80.0,4,2240.0,2240.429234338747,0.4292343387469373,0.3822139572884602,0.1851877742637311,2.7586206896551726
steady,2000.0,7,80.0,5,2320.0,2320.185614849188,0.18561484918791393,0.2754376518062707,0.133453226167604,2.7586206896551726
steady,2000.0,7,80.0,6,2400.0,2399.9419953596284,0.058004640371564165,0.1716691774692034,0.0831760124898167,2.7586206896551726
steady,2000.0,7,80.0,7,2480.0,2479.6983758700694,0.3016241299305875,0.1396352448104795,0.0676551436757399,2.7586206896551726
steady,2000.0,7,90.0,1,2000.0,1999.709976798144,0.29002320185600183,2.244493995258772,1.0,2.7586206896551726
steady,2000.0,7,90.0,2,2090.0,2089.6171693735496,0.38283062645041355,1.304210885430081,0.581071229499866,2.7586206896551726
steady,2000.0,7,90.0,3,2180.0,2179.524361948956,0.47563805104391577,1.003761935054382,0.447210791017802,2.7586206896551726
steady,2000.0,7,90.0,4,2270.0,2269.4315545243617,0.5684454756383275,0.7912465318061651,0.3525278006880749,2.7586206896551726
steady,2000.0,7,90.0,5,2360.0,2359.338747099768,0.6612529002318297,0.6379215486441036,0.2842161975000323,2.7586206896551726
steady,2000.0,7,90.0,6,2450.0,2450.6960556844547,0.6960556844546772,0.5218833049023708,0.2325171312575518,2.7586206896551726
steady,2000.0,7,90.0,7,2540.0,2540.6032482598607,0.6032482598607203,0.4289350381048963,0.1911054513894761,2.7586206896551726
steady,2000.0,7,100.0,1,2000.0,1999.709976798144,0.29002320185600183,2.2853389697542887,1.0,2.7586206896551726
steady,2000.0,7,100.0,2,2100.0,2099.767981438515,0.23201856148489242,1.3336580566207117,0.5835712225937764,2.7586206896551726
steady,2000.0,7,100.0,3,2200.0,2199.825986078886,0.174013921113783,1.035875148642759,0.4532698047651691,2.7586206896551726
steady,2000.0,7,100.0,4,2300.0,2299.8839907192573,0.11600928074267358,0.8418397416678637,0.3683653728437384,2.7586206896551726
steady,2000.0,7,100.0,5,2400.0,2399.9419953596284,0.058004640371564165,0.6988372593249969,0.3057915121449722,2.7586206896551726
steady,2000.0,7,100.0,6,2500.0,2500.0,0.0,0.5988020557738347,0.2620189231001542,2.7586206896551726
steady,2000.0,7,100.0,7,2600.0,2600.058004640371,0.05800464037110942,0.5174869357050996,0.2264377156097495,2.7586206896551726
steady,2000.0,8,10.0,1,2000.0,1999.709976798144,0.29002320185600183,1.8636942966668948,1.0,2.7586206896551726
steady,2000.0,8,10.0,2,2010.0,2009.8607888631088,0.13921113689116282,1.109896578351318,0.5955357487203246,2.7586206896551726
steady,2000.0,8,10.0,3,2020.0,2020.011600928074,0.01160092807390356,0.8391075362502186,0.4502388281977961,2.7586206896551726
steady,2000.0,8,10.0,4,2030.0,2030.1624129930392,0.16241299303919732,0.666349270456722,0.3575421525131281,2.7586206896551726
steady,2000.0,8,10.0,5,2040.0,2040.3132250580045,0.3132250580044911,0.5681067393710048,0.3048282866922056,2.7586206896551726
steady,2000.0,8,10.0,6,2050.0,2050.46403712297,0.46403712296978483,0.4977624611350597,0.2670837497465533,2.7586206896551726
steady,2000.0,8,10.0,7,2060.0,2060.614849187935,0.6148491879348512,0.4432295429987178,0.2378230935145357,2.7586206896551726
steady,2000.0,8,10.0,8,2070.0,2069.3155452436195,0.6844547563805463,0.3933474977766533,0.2110579500512137,2.7586206896551726
steady,2000.0,8,20.0,1,2000.0,1999.709976798144,0.29002320185600183,1.8572875424348496,1.0,2.7586206896551726
steady,2000.0,8,20.0,2,2020.0,2020.011600928074,0.01160092807390356,1.1032066926553823,0.5939880968614644,2.7586206896551726
steady,2000.0,8,20.0,3,2040.0,2040.3132250580045,0.3132250580044911,0.8177625833112719,0.4402993960963142,2.7586206896551726
steady,2000.0,8,20.0,4,2060.0,2060.614849187935,0.6148491879348512,0.6328975060777322,0.3407644167192453,2.7586206896551726
steady,2000.0,8,20.0,5,2080.0,2079.4663573085845,0.5336426914154799,0.5052156308303807,0.2720179935994497,2.7586206896551726
steady,2000.0,8,20.0,6,2100.0,2099.767981438515,0.23201856148489242,0.4029918458087468,0.2169787050207833,2.7586206896551726
steady,2000.0,8,20.0,7,2120.0,2120.069605568445,0.0696055684447856,0.3210499082795278,0.1728595604849859,2.7586206896551726
steady,2000.0,8,20.0,8,2140.0,2140.371229698376,0.37122969837582787,0.2506304889023263,0.1349443654662956,2.7586206896551726
steady,2000.0,8,30.0,1,2000.0,1999.709976798144,0.29002320185600183,1.6685000164926986,1.0,2.7586206896551726
steady,2000.0,8,30.0,2,2030.0,2030.1624129930392,0.16241299303919732,0.912012671676689,0.5466063306333087,2.7586206896551726
steady,2000.0,8,30.0,3,2060.0,2060.614849187935,0.6148491879348512,0.6647920202365515,0.3984369275788141,2.7586206896551726
steady,2000.0,8,30.0,4,2090.0,2089.6171693735496,0.38283062645041355,0.4538976085476156,0.2720393191854678,2.7586206896551726
steady,2000.0,8,30.0,5,2120.0,2120.069605568445,0.0696055684447856,0.3014635841523964,0.180679401362005,2.7586206896551726
steady,2000.0,8,30.0,6,2150.0,2150.522041763341,0.5220417633408942,0.2042303623456873,0.1224035722666599,2.7586206896551726
steady,2000.0,8,30.0,7,2180.0,2179.524361948956,0.47563805104391577,0.1736683709945314,0.1040865263876918,2.7586206896551726
steady,2000.0,8,30.0,8,2210.0,2209.9767981438517,0.023201856148261868,0.1474732401926224,0.0883867178512957,2.7586206896551726
steady,2000.0,8,40.0,1,2000.0,1999.709976798144,0.29002320185600183,1.6509576108955917,1.0,2.7586206896551726
steady,2000.0,8,40.0,2,2040.0,2040.3132250580045,0.3132250580044911,0.8402063861516668,0.5089206292194757,2.7586206896551726
steady,2000.0,8,40.0,3,2080.0,2079.4663573085845,0.5336426914154799,0.4378163977872786,0.2651893633718296,2.7586206896551726
steady,2000.0,8,40.0,4,2120.0,2120.069605568445,0.0696055684447856,0.3282089949499991,0.1987991652747258,2.7586206896551726
steady,2000.0,8,40.0,5,2160.0,2160.672853828306,0.6728538283059606,0.2531623831677262,0.1533427518047503,2.7586206896551726
steady,2000.0,8,40.0,6,2200.0,2199.825986078886,0.174013921113783,0.1829805043009856,0.1108329511874775,2.7586206896551726
steady,2000.0,8,40.0,7,2240.0,2240.429234338747,0.4292343387469373,0.1616814772832887,0.0979319373291369,2.7586206896551726
steady,2000.0,8,40.0,8,2280.0,2279.582366589327,0.41763341067280635,0.1304388984305186,0.0790080239308868,2.7586206896551726
steady,2000.0,8,50.0,1,2000.0,1999.709976798144,0.29002320185600183,1.7628680094351796,1.0,2.7586206896551726
steady,2000.0,8,50.0,2,2050.0,2050.46403712297,0.46403712296978483,0.8937412940853123,0.5069814015013329,2.7586206896551726
steady,2000.0,8,50.0,3,2100.0,2099.767981438515,0.23201856148489242,0.4590136539704803,0.2603789118151549,2.7586206896551726
steady,2000.0,8,50.0,4,2150.0,2150.522041763341,0.5220417633408942,0.3408171835526856,0.1933310841926747,2.7586206896551726
steady,2000.0,8,50.0,5,2200.0,2199.825986078886,0.174013921113783,0.2535249704098869,0.1438139265407147,2.7586206896551726
steady,2000.0,8,50.0,6,2250.0,2250.580046403712,0.5800464037120037,0.2105329758120783,0.11942639760054,2.7586206896551726
steady,2000.0,8,50.0,7,2300.0,2299.8839907192573,0.11600928074267358,0.1672779139702368,0.0948896418080854,2.7586206896551726
steady,2000.0,8,50.0,8,2350.0,2350.638051044084,0.6380510440840226,0.1442567669424425,0.0818307248020583,2.7586206896551726
steady,2000.0,8,60.0,1,2000.0,1999.709976798144,0.29002320185600183,1.8519540612255232,1.0,2.7586206896551726
steady,2000.0,8,60.0,2,2060.0,2060.614849187935,0.6148491879348512,0.9545959691940068,0.5154533739148511,2.7586206896551726
steady,2000.0,8,60.0,3,2120.0,2120.069605568445,0.0696055684447856,0.5281521253138048,0.2851864073584537,2.7586206896551726
steady,2000.0,8,60.0,4,2180.0,2179.524361948956,0.47563805104391577,0.2886420004073083,0.1558580779354217,2.7586206896551726
steady,2000.0,8,60.0,5,2240.0,2240.429234338747,0.4292343387469373,0.218025229957674,0.11772712645658,2.7586206896551726
steady,2000.0,8,60.0,6,2300.0,2299.8839907192573,0.11600928074267358,0.167475831096016,0.090431957575227,2.7586206896551726
steady,2000.0,8,60.0,7,2360.0,2359.338747099768,0.6612529002318297,0.1430673785350867,0.0772521206278802,2.7586206896551726
steady,2000.0,8,60.0,8,2420.0,2420.243619489559,0.24361948955902335,0.1097708146142722,0.0592729684350981,2.7586206896551726
steady,2000.0,8,70.0,1,2000.0,1999.709976798144,0.29002320185600183,1.8673476686800508,1.0,2.7586206896551726
steady,2000.0,8,70.0,2,2070.0,2069.3155452436195,0.6844547563805463,0.9311160558692976,0.4986302612450655,2.7586206896551726
steady,2000.0,8,70.0,3,2140.0,2140.371229698376,0.37122969837582787,0.5168255867648774,0.2767698781717491,2.7586206896551726
steady,2000.0,8,70.0,4,2210.0,2209.9767981438517,0.023201856148261868,0.4170419139774141,0.2233338338501279,2.7586206896551726
steady,2000.0,8,70.0,5,2280.0,2279.582366589327,0.41763341067280635,0.3249457075928837,0.1740145732061636,2.7586206896551726
steady,2000.0,8,70.0,6,2350.0,2350.638051044084,0.6380510440840226,0.2251496290913279,0.1205718853899749,2.7586206896551726
steady,2000.0,8,70.0,7,2420.0,2420.243619489559,0.24361948955902335,0.1889735584471575,0.1011989152404249,2.7586206896551726
steady,2000.0,8,70.0,8,2490.0,2489.8491879350345,0.15081206496552113,0.1416892010433042,0.0758772474027069,2.7586206896551726
steady,2000.0,8,80.0,1,2000.0,1999.709976798144,0.29002320185600183,1.9069150800284087,1.0,2.7586206896551726
steady,2000.0,8,80.0,2,2080.0,2079.4663573085845,0.5336426914154799,0.9439803271302856,0.4950300813165849,2.7586206896551726
steady,2000.0,8,80.0,3,2160.0,2160.672853828306,0.6728538283059606,0.5233578963248117,0.2744526496256009,2.7586206896551726
steady,2000.0,8,80.0,4,2240.0,2240.429234338747,0.4292343387469373,0.4345197307109068,0.2278652758383102,2.7586206896551726
steady,2000.0,8,80.0,5,2320.0,2320.185614849188,0.18561484918791393,0.3417088779859925,0.1791945963219829,2.7586206896551726
steady,2000.0,8,80.0,6,2400.0,2399.9419953596284,0.058004640371564165,0.224253106326291,0.1175999438438286,2.7586206896551726
steady,2000.0,8,80.0,7,2480.0,2479.6983758700694,0.3016241299305875,0.1899602193877399,0.0996165069841022,2.7586206896551726
steady,2000.0,8,80.0,8,2560.0,2559.4547563805104,0.5452436194896109,0.1456808635544653,0.0763960939216522,2.7586206896551726
steady,2000.0,8,90.0,1,2000.0,1999.709976798144,0.29002320185600183,2.2980599339578025,1.0,2.7586206896551726
steady,2000.0,8,90.0,2,2090.0,2089.6171693735496,0.38283062645041355,1.375706627536403,0.5986382718779274,2.7586206896551726
steady,2000.0,8,90.0,3,2180.0,2179.524361948956,0.47563805104391577,1.1468917411837607,0.4990695517712377,2.7586206896551726
steady,2000.0,8,90.0,4,2270.0,2269.4315545243617,0.5684454756383275,0.9599614896577754,0.4177269162882513,2.7586206896551726
steady,2000.0,8,90.0,5,2360.0,2359.338747099768,0.6612529002318297,0.794653877598954,0.3457933650278529,2.7586206896551726
steady,2000.0,8,90.0,6,2450.0,2450.6960556844547,0.6960556844546772,0.6560238953749701,0.2854685753322115,2.7586206896551726
steady,2000.0,8,90.0,7,2540.0,2540.6032482598607,0.6032482598607203,0.5372580594861089,0.2337876621698127,2.7586206896551726
steady,2000.0,8,90.0,8,2630.0,2630.5104408352668,0.5104408352667633,0.4351471454117845,0.1893541325801535,2.7586206896551726
steady,2000.0,8,100.0,1,2000.0,1999.709976798144,0.29002320185600183,2.309570617534773,1.0,2.7586206896551726
steady,2000.0,8,100.0,2,2100.0,2099.767981438515,0.23201856148489242,1.3547506054633571,0.5865811571977015,2.7586206896551726
steady,2000.0,8,100.0,3,2200.0,2199.825986078886,0.174013921113783,1.1344901416156998,0.4912125799498829,2.7586206896551726
steady,2000.0,8,100.0,4,2300.0,2299.8839907192573,0.11600928074267358,0.9644786629492796,0.4176008543002511,2.7586206896551726
steady,2000.0,8,100.0,5,2400.0,2399.9419953596284,0.058004640371564165,0.8148065392736148,0.3527956811917431,2.7586206896551726
steady,2000.0,8,100.0,6,2500.0,2500.0,0.0,0.6988822825059622,0.3026026903875087,2.7586206896551726
steady,2000.0,8,100.0,7,2600.0,2600.058004640371,0.05800464037110942,0.603639549546207,0.2613644046920417,2.7586206896551726
steady,2000.0,8,100.0,8,2700.0,2700.116009280742,0.11600928074221883,0.5226495096975305,0.2262972631057303,2.7586206896551726
steady,2500.0,1,10.0,1,2500.0,2500.0,0.0,0.1182152471580841,1.0,3.4482758620689653
steady,2500.0,1,20.0,1,2500.0,2500.0,0.0,0.1182152471580841,1.0,3.4482758620689653
steady,2500.0,1,30.0,1,2500.0,2500.0,0.0,0.1182152471580841,1.0,3.4482758620689653
steady,2500.0,1,40.0,1,2500.0,2500.0,0.0,0.1182152471580841,1.0,3.4482758620689653
steady,2500.0,1,50.0,1,2500.0,2500.0,0.0,0.1182152471580841,1.0,3.4482758620689653
steady,2500.0,1,60.0,1,2500.0,2500.0,0.0,0.1182152471580841,1.0,3.4482758620689653
steady,2500.0,1,70.0,1,2500.0,2500.0,0.0,0.1182152471580841,1.0,3.4482758620689653
steady,2500.0,1,80.0,1,2500.0,2500.0,0.0,0.1182152471580841,1.0,3.4482758620689653
steady,2500.0,1,90.0,1,2500.0,2500.0,0.0,0.1182152471580841,1.0,3.4482758620689653
steady,2500.0,1,100.0,1,2500.0,2500.0,0.0,0.1182152471580841,1.0,3.4482758620689653
steady,2500.0,2,10.0,1,2500.0,2500.0,0.0,1.074902898982332,1.0,3.4482758620689653
steady,2500.0,2,10.0,2,2510.0,2510.150812064965,0.15081206496506638,0.4566629937345312,0.424841159296229,3.4482758620689653
steady,2500.0,2,20.0,1,2500.0,2500.0,0.0,1.050859583264585,1.0,3.4482758620689653
steady,2500.0,2,20.0,2,2520.0,2520.30162412993,0.30162412993013277,0.4369171199786033,0.4157711714644909,3.4482758620689653
steady,2500.0,2,30.0,1,2500.0,2500.0,0.0,1.0392346714528864,1.0,3.4482758620689653
steady,2500.0,2,30.0,2,2530.0,2530.452436194895,0.45243619489519915,0.4395345530288341,0.4229406168814109,3.4482758620689653
steady,2500.0,2,40.0,1,2500.0,2500.0,0.0,1.039898981282901,1.0,3.4482758620689653
steady,2500.0,2,40.0,2,2540.0,2540.6032482598607,0.6032482598607203,0.4384398995135279,0.4216177796160874,3.4482758620689653
steady,2500.0,2,50.0,1,2500.0,2500.0,0.0,1.039359708408577,1.0,3.4482758620689653
steady,2500.0,2,50.0,2,2550.0,2549.303944315545,0.696055684455132,0.4460038332051169,0.429114030106111,3.4482758620689653
steady,2500.0,2,60.0,1,2500.0,2500.0,0.0,1.0700214697238568,1.0,3.4482758620689653
steady,2500.0,2,60.0,2,2560.0,2559.4547563805104,0.5452436194896109,0.4785005499815653,0.4471878027877826,3.4482758620689653
steady,2500.0,2,70.0,1,2500.0,2500.0,0.0,1.048354249493647,1.0,3.4482758620689653
steady,2500.0,2,70.0,2,2570.0,2569.6055684454755,0.3944315545245445,0.4604817878546945,0.4392425442803387,3.4482758620689653
steady,2500.0,2,80.0,1,2500.0,2500.0,0.0,1.0378397725923951,1.0,3.4482758620689653
steady,2500.0,2,80.0,2,2580.0,2579.7563805104405,0.2436194895594781,0.451167950969043,0.4347183090141953,3.4482758620689653
steady,2500.0,2,90.0,1,2500.0,2500.0,0.0,1.0388150402399612,1.0,3.4482758620689653
steady,2500.0,2,90.0,2,2590.0,2589.907192575406,0.09280742459395697,0.4535231205840819,0.4365773530573068,3.4482758620689653
steady,2500.0,2,100.0,1,2500.0,2500.0,0.0,1.0404805138842086,1.0,3.4482758620689653
steady,2500.0,2,100.0,2,2600.0,2600.058004640371,0.05800464037110942,0.4531826323074675,0.4355512921772032,3.4482758620689653
steady,2500.0,3,10.0,1,2500.0,2500.0,0.0,1.6066834463182844,1.0,3.4482758620689653
steady,2500.0,3,10.0,2,2510.0,2510.150812064965,0.15081206496506638,0.7789279626816016,0.4848048720900904,3.4482758620689653
steady,2500.0,3,10.0,3,2520.0,2520.30162412993,0.30162412993013277,0.5323913271218725,0.3313604358978412,3.4482758620689653
steady,2500.0,3,20.0,1,2500.0,2500.0,0.0,1.6901447448354243,1.0,3.4482758620689653
steady,2500.0,3,20.0,2,2520.0,2520.30162412993,0.30162412993013277,0.8692802900365824,0.514322984876202,3.4482758620689653
steady,2500.0,3,20.0,3,2540.0,2540.6032482598607,0.6032482598607203,0.6132383722434049,0.3628318663932645,3.4482758620689653
steady,2500.0,3,30.0,1,2500.0,2500.0,0.0,1.49451176561451,1.0,3.4482758620689653
steady,2500.0,3,30.0,2,2530.0,2530.452436194895,0.45243619489519915,0.6915287590826488,0.4627121545599258,3.4482758620689653
steady,2500.0,3,30.0,3,2560.0,2559.4547563805104,0.5452436194896109,0.3023738650786017,0.2023228401646422,3.4482758620689653
steady,2500.0,3,40.0,1,2500.0,2500.0,0.0,1.4801148413224807,1.0,3.4482758620689653
steady,2500.0,3,40.0,2,2540.0,2540.6032482598607,0.6032482598607203,0.6826584209915273,0.4612199012757502,3.4482758620689653
steady,2500.0,3,40.0,3,2580.0,2579.7563805104405,0.2436194895594781,0.2933949449767641,0.1982244463643213,3.4482758620689653
steady,2500.0,3,50.0,1,2500.0,2500.0,0.0,1.4729083596069843,1.0,3.4482758620689653
steady,2500.0,3,50.0,2,2550.0,2549.303944315545,0.696055684455132,0.6827437965746394,0.4635344705062409,3.4482758620689653
steady,2500.0,3,50.0,3,2600.0,2600.058004640371,0.05800464037110942,0.2834370024202008,0.1924335621910858,3.4482758620689653
steady,2500.0,3,60.0,1,2500.0,2500.0,0.0,1.4654623710794177,1.0,3.4482758620689653
steady,2500.0,3,60.0,2,2560.0,2559.4547563805104,0.5452436194896109,0.6825725199907133,0.4657728055398311,3.4482758620689653
steady,2500.0,3,60.0,3,2620.0,2620.359628770301,0.35962877030078744,0.2881182612909558,0.1966057040951083,3.4482758620689653
steady,2500.0,3,70.0,1,2500.0,2500.0,0.0,1.4618395733668843,1.0,3.4482758620689653
steady,2500.0,3,70.0,2,2570.0,2569.6055684454755,0.3944315545245445,0.6808077956840783,0.4657199107806702,3.4482758620689653
steady,2500.0,3,70.0,3,2640.0,2640.661252900232,0.6612529002318297,0.2876800188531089,0.1967931530205665,3.4482758620689653
steady,2500.0,3,80.0,1,2500.0,2500.0,0.0,1.5593709394875466,1.0,3.4482758620689653
steady,2500.0,3,80.0,2,2580.0,2579.7563805104405,0.2436194895594781,0.760421186920405,0.4876461191269223,3.4482758620689653
steady,2500.0,3,80.0,3,2660.0,2659.512761020881,0.4872389791189562,0.5096581950049116,0.3268357656917729,3.4482758620689653
steady,2500.0,3,90.0,1,2500.0,2500.0,0.0,1.560777126823217,1.0,3.4482758620689653
steady,2500.0,3,90.0,2,2590.0,2589.907192575406,0.09280742459395697,0.7640223338615288,0.4895140508732396,3.4482758620689653
steady,2500.0,3,90.0,3,2680.0,2679.814385150812,0.18561484918791393,0.514038790312557,0.3293479776698317,3.4482758620689653
steady,2500.0,3,100.0,1,2500.0,2500.0,0.0,1.569675735263976,1.0,3.4482758620689653
steady,2500.0,3,100.0,2,2600.0,2600.058004640371,0.05800464037110942,0.7729344676316203,0.4924166503100299,3.4482758620689653
steady,2500.0,3,100.0,3,2700.0,2700.116009280742,0.11600928074221883,0.5197616603493139,0.331126772665505,3.4482758620689653
steady,2500.0,4,10.0,1,2500.0,2500.0,0.0,1.954698453109757,1.0,3.4482758620689653
steady,2500.0,4,10.0,2,2510.0,2510.150812064965,0.15081206496506638,1.0569532660599208,0.5407244602759055,3.4482758620689653
steady,2500.0,4,10.0,3,2520.0,2520.30162412993,0.30162412993013277,0.7633283953178535,0.3905095407956473,3.4482758620689653
steady,2500.0,4,10.0,4,2530.0,2530.452436194895,0.45243619489519915,0.5707853064883827,0.2920068338829001,3.4482758620689653
steady,2500.0,4,20.0,1,2500.0,2500.0,0.0,1.876289574044654,1.0,3.4482758620689653
steady,2500.0,4,20.0,2,2520.0,2520.30162412993,0.30162412993013277,0.9911543525425168,0.5282523370877762,3.4482758620689653
steady,2500.0,4,20.0,3,2540.0,2540.6032482598607,0.6032482598607203,0.694720123116126,0.3702627423434119,3.4482758620689653
steady,2500.0,4,20.0,4,2560.0,2559.4547563805104,0.5452436194896109,0.4605402474585408,0.2454526496492594,3.4482758620689653
steady,2500.0,4,30.0,1,2500.0,2500.0,0.0,1.740404409693751,1.0,3.4482758620689653
steady,2500.0,4,30.0,2,2530.0,2530.452436194895,0.45243619489519915,0.8178189361483069,0.4699016685967911,3.4482758620689653
steady,2500.0,4,30.0,3,2560.0,2559.4547563805104,0.5452436194896109,0.3704734732690488,0.2128663149814926,3.4482758620689653
steady,2500.0,4,30.0,4,2590.0,2589.907192575406,0.09280742459395697,0.2849758579245671,0.1637411720731693,3.4482758620689653
steady,2500.0,4,40.0,1,2500.0,2500.0,0.0,1.7356357841089924,1.0,3.4482758620689653
steady,2500.0,4,40.0,2,2540.0,2540.6032482598607,0.6032482598607203,0.8248303243499999,0.4752323799162942,3.4482758620689653
steady,2500.0,4,40.0,3,2580.0,2579.7563805104405,0.2436194895594781,0.3785865730392542,0.218125586315683,3.4482758620689653
steady,2500.0,4,40.0,4,2620.0,2620.359628770301,0.35962877030078744,0.2893808701648098,0.1667290296814009,3.4482758620689653
steady,2500.0,4,50.0,1,2500.0,2500.0,0.0,1.7386981460648736,1.0,3.4482758620689653
steady,2500.0,4,50.0,2,2550.0,2549.303944315545,0.696055684455132,0.8325531599362268,0.4788370895894214,3.4482758620689653
steady,2500.0,4,50.0,3,2600.0,2600.058004640371,0.05800464037110942,0.3776174211037809,0.2171840016959973,3.4482758620689653
steady,2500.0,4,50.0,4,2650.0,2649.3619489559164,0.6380510440835678,0.2810547718167974,0.1616466736637969,3.4482758620689653
steady,2500.0,4,60.0,1,2500.0,2500.0,0.0,1.7526804978596116,1.0,3.4482758620689653
steady,2500.0,4,60.0,2,2560.0,2559.4547563805104,0.5452436194896109,0.8471506311965455,0.4833457280041018,3.4482758620689653
steady,2500.0,4,60.0,3,2620.0,2620.359628770301,0.35962877030078744,0.385217759982457,0.2197877824582907,3.4482758620689653
steady,2500.0,4,60.0,4,2680.0,2679.814385150812,0.18561484918791393,0.2999973512657282,0.1711648823799247,3.4482758620689653
steady,2500.0,4,70.0,1,2500.0,2500.0,0.0,1.7750275899333054,1.0,3.4482758620689653
steady,2500.0,4,70.0,2,2570.0,2569.6055684454755,0.3944315545245445,0.8641661604416507,0.4868466075358979,3.4482758620689653
steady,2500.0,4,70.0,3,2640.0,2640.661252900232,0.6612529002318297,0.3875625251596463,0.2183416907757521,3.4482758620689653
steady,2500.0,4,70.0,4,2710.0,2710.2668213457077,0.26682134570773997,0.3043697316827831,0.1714732398577644,3.4482758620689653
steady,2500.0,4,80.0,1,2500.0,2500.0,0.0,1.9633171738948072,1.0,3.4482758620689653
steady,2500.0,4,80.0,2,2580.0,2579.7563805104405,0.2436194895594781,1.0855603323908989,0.5529215283322643,3.4482758620689653
steady,2500.0,4,80.0,3,2660.0,2659.512761020881,0.4872389791189562,0.7538048785050995,0.3839445243631774,3.4482758620689653
steady,2500.0,4,80.0,4,2740.0,2740.719257540603,0.7192575406029391,0.5045359909817555,0.2569813974483106,3.4482758620689653
steady,2500.0,4,90.0,1,2500.0,2500.0,0.0,2.097927760757326,1.0,3.4482758620689653
steady,2500.0,4,90.0,2,2590.0,2589.907192575406,0.09280742459395697,1.1971459991319615,0.5706326125832888,3.4482758620689653
steady,2500.0,4,90.0,3,2680.0,2679.814385150812,0.18561484918791393,0.8590807383664725,0.4094901428142383,3.4482758620689653
steady,2500.0,4,90.0,4,2770.0,2769.721577726218,0.2784222737818709,0.6447813866476836,0.3073420347013881,3.4482758620689653
steady,2500.0,4,100.0,1,2500.0,2500.0,0.0,2.1223531875351123,1.0,3.4482758620689653
steady,2500.0,4,100.0,2,2600.0,2600.058004640371,0.05800464037110942,1.2118343153222375,0.570986168767534,3.4482758620689653
steady,2500.0,4,100.0,3,2700.0,2700.116009280742,0.11600928074221883,0.8598844657225444,0.4051561591033813,3.4482758620689653
steady,2500.0,4,100.0,4,2800.0,2800.1740139211133,0.17401392111332825,0.6535321433130916,0.3079280805623591,3.4482758620689653
steady,2500.0,5,10.0,1,2500.0,2500.0,0.0,2.3780138679772564,1.0,3.4482758620689653
steady,2500.0,5,10.0,2,2510.0,2510.150812064965,0.15081206496506638,1.3519781588976785,0.5685324955853491,3.4482758620689653
steady,2500.0,5,10.0,3,2520.0,2520.30162412993,0.30162412993013277,0.9924286011952892,0.4173350772085493,3.4482758620689653
steady,2500.0,5,10.0,4,2530.0,2530.452436194895,0.45243619489519915,0.7902807751577757,0.3323280767197502,3.4482758620689653
steady,2500.0,5,10.0,5,2540.0,2540.6032482598607,0.6032482598607203,0.650515553686972,0.2735541463600891,3.4482758620689653
steady,2500.0,5,20.0,1,2500.0,2500.0,0.0,2.2045928307039007,1.0,3.4482758620689653
steady,2500.0,5,20.0,2,2520.0,2520.30162412993,0.30162412993013277,1.2314001320451704,0.5585612521709956,3.4482758620689653
steady,2500.0,5,20.0,3,2540.0,2540.6032482598607,0.6032482598607203,0.8696083201838724,0.3944530291819086,3.4482758620689653
steady,2500.0,5,20.0,4,2560.0,2559.4547563805104,0.5452436194896109,0.5996932518037332,0.2720199591741656,3.4482758620689653
steady,2500.0,5,20.0,5,2580.0,2579.7563805104405,0.2436194895594781,0.4168641777579058,0.1890889655233097,3.4482758620689653
steady,2500.0,5,30.0,1,2500.0,2500.0,0.0,2.029137190375153,1.0,3.4482758620689653
steady,2500.0,5,30.0,2,2530.0,2530.452436194895,0.45243619489519915,1.0105075618393942,0.497998640324841,3.4482758620689653
steady,2500.0,5,30.0,3,2560.0,2559.4547563805104,0.5452436194896109,0.4785404602832752,0.2358344534579257,3.4482758620689653
steady,2500.0,5,30.0,4,2590.0,2589.907192575406,0.09280742459395697,0.3957545944167381,0.1950358981610158,3.4482758620689653
steady,2500.0,5,30.0,5,2620.0,2620.359628770301,0.35962877030078744,0.288435329340544,0.1421467856923056,3.4482758620689653
steady,2500.0,5,40.0,1,2500.0,2500.0,0.0,2.049992664399401,1.0,3.4482758620689653
steady,2500.0,5,40.0,2,2540.0,2540.6032482598607,0.6032482598607203,1.0391067944214665,0.5068831769336598,3.4482758620689653
steady,2500.0,5,40.0,3,2580.0,2579.7563805104405,0.2436194895594781,0.4924030176151227,0.2401974534671737,3.4482758620689653
steady,2500.0,5,40.0,4,2620.0,2620.359628770301,0.35962877030078744,0.3938119063040393,0.1921040563427659,3.4482758620689653
steady,2500.0,5,40.0,5,2660.0,2659.512761020881,0.4872389791189562,0.2662724363854818,0.1298894581476433,3.4482758620689653
steady,2500.0,5,50.0,1,2500.0,2500.0,0.0,2.1072683780230173,1.0,3.4482758620689653
steady,2500.0,5,50.0,2,2550.0,2549.303944315545,0.696055684455132,1.074339732099561,0.5098257741178073,3.4482758620689653
steady,2500.0,5,50.0,3,2600.0,2600.058004640371,0.05800464037110942,0.4908818140834337,0.2329469844481631,3.4482758620689653
steady,2500.0,5,50.0,4,2650.0,2649.3619489559164,0.6380510440835678,0.3876802891913134,0.1839729069322554,3.4482758620689653
steady,2500.0,5,50.0,5,2700.0,2700.116009280742,0.11600928074221883,0.2582393613403477,0.122546973149486,3.4482758620689653
steady,2500.0,5,60.0,1,2500.0,2500.0,0.0,2.1962837388686087,1.0,3.4482758620689653
steady,2500.0,5,60.0,2,2560.0,2559.4547563805104,0.5452436194896109,1.1309157698095786,0.5149224345631032,3.4482758620689653
steady,2500.0,5,60.0,3,2620.0,2620.359628770301,0.35962877030078744,0.5081804572932686,0.2313819695969939,3.4482758620689653
steady,2500.0,5,60.0,4,2680.0,2679.814385150812,0.18561484918791393,0.4113609812992009,0.1872986509070585,3.4482758620689653
steady,2500.0,5,60.0,5,2740.0,2740.719257540603,0.7192575406029391,0.2738492156412027,0.1246875395900682,3.4482758620689653
steady,2500.0,5,70.0,1,2500.0,2500.0,0.0,2.300810173971176,1.0,3.4482758620689653
steady,2500.0,5,70.0,2,2570.0,2569.6055684454755,0.3944315545245445,1.195314643540375,0.5195190185886885,3.4482758620689653
steady,2500.0,5,70.0,3,2640.0,2640.661252900232,0.6612529002318297,0.5344166376870094,0.2322732417184211,3.4482758620689653
steady,2500.0,5,70.0,4,2710.0,2710.2668213457077,0.26682134570773997,0.4377669830304511,0.1902664496110383,3.4482758620689653
steady,2500.0,5,70.0,5,2780.0,2779.872389791183,0.12761020881680452,0.3164649137617117,0.137544990604547,3.4482758620689653
steady,2500.0,5,80.0,1,2500.0,2500.0,0.0,2.648641981806753,1.0,3.4482758620689653
steady,2500.0,5,80.0,2,2580.0,2579.7563805104405,0.2436194895594781,1.561349351682414,0.5894905247319799,3.4482758620689653
steady,2500.0,5,80.0,3,2660.0,2659.512761020881,0.4872389791189562,1.0678001095772534,0.4031500357208946,3.4482758620689653
steady,2500.0,5,80.0,4,2740.0,2740.719257540603,0.7192575406029391,0.6893651909878014,0.2602711864128785,3.4482758620689653
steady,2500.0,5,80.0,5,2820.0,2820.475638051044,0.47563805104391577,0.4393257117532509,0.1658682882665659,3.4482758620689653
steady,2500.0,5,90.0,1,2500.0,2500.0,0.0,2.715012497073145,1.0,3.4482758620689653
steady,2500.0,5,90.0,2,2590.0,2589.907192575406,0.09280742459395697,1.6279989813884033,0.5996285406212416,3.4482758620689653
steady,2500.0,5,90.0,3,2680.0,2679.814385150812,0.18561484918791393,1.1773131846806768,0.4336308528781548,3.4482758620689653
steady,2500.0,5,90.0,4,2770.0,2769.721577726218,0.2784222737818709,0.9003161684832451,0.3316066388106167,3.4482758620689653
steady,2500.0,5,90.0,5,2860.0,2859.628770301624,0.37122969837582787,0.7215066461625811,0.265747081068829,3.4482758620689653
steady,2500.0,5,100.0,1,2500.0,2500.0,0.0,2.801111934547327,1.0,3.4482758620689653
steady,2500.0,5,100.0,2,2600.0,2600.058004640371,0.05800464037110942,1.6877982869791643,0.6025458198092039,3.4482758620689653
steady,2500.0,5,100.0,3,2700.0,2700.116009280742,0.11600928074221883,1.1882064585485783,0.4241909949737864,3.4482758620689653
steady,2500.0,5,100.0,4,2800.0,2800.1740139211133,0.17401392111332825,0.8877523696616965,0.3169285592313045,3.4482758620689653
steady,2500.0,5,100.0,5,2900.0,2900.232018561485,0.23201856148489242,0.7065759865831883,0.2522483938855425,3.4482758620689653
steady,2500.0,6,10.0,1,2500.0,2500.0,0.0,3.0017446129398437,1.0,3.4482758620689653
steady,2500.0,6,10.0,2,2510.0,2510.150812064965,0.15081206496506638,1.7037403129326556,0.5675833665489781,3.4482758620689653
steady,2500.0,6,10.0,3,2520.0,2520.30162412993,0.30162412993013277,1.2598922939505104,0.419720014993747,3.4482758620689653
steady,2500.0,6,10.0,4,2530.0,2530.452436194895,0.45243619489519915,0.990864603782793,0.3300962378716028,3.4482758620689653
steady,2500.0,6,10.0,5,2540.0,2540.6032482598607,0.6032482598607203,0.7843357550043148,0.2612932997774762,3.4482758620689653
steady,2500.0,6,10.0,6,2550.0,2549.303944315545,0.696055684455132,0.6119718705299448,0.2038720642295391,3.4482758620689653
steady,2500.0,6,20.0,1,2500.0,2500.0,0.0,2.902292494822057,1.0,3.4482758620689653
steady,2500.0,6,20.0,2,2520.0,2520.30162412993,0.30162412993013277,1.7330055125511454,0.5971160782874153,3.4482758620689653
steady,2500.0,6,20.0,3,2540.0,2540.6032482598607,0.6032482598607203,1.236818532340625,0.4261522691276697,3.4482758620689653
steady,2500.0,6,20.0,4,2560.0,2559.4547563805104,0.5452436194896109,0.8328045272467779,0.2869471387644676,3.4482758620689653
steady,2500.0,6,20.0,5,2580.0,2579.7563805104405,0.2436194895594781,0.5272010444054457,0.1816498665610093,3.4482758620689653
steady,2500.0,6,20.0,6,2600.0,2600.058004640371,0.05800464037110942,0.2985860620903727,0.1028793833230373,3.4482758620689653
steady,2500.0,6,30.0,1,2500.0,2500.0,0.0,2.657848395706606,1.0,3.4482758620689653
steady,2500.0,6,30.0,2,2530.0,2530.452436194895,0.45243619489519915,1.4092207443164158,0.5302111085767047,3.4482758620689653
steady,2500.0,6,30.0,3,2560.0,2559.4547563805104,0.5452436194896109,0.662691103917855,0.2493336734286058,3.4482758620689653
steady,2500.0,6,30.0,4,2590.0,2589.907192575406,0.09280742459395697,0.5069183758007221,0.1907250904978553,3.4482758620689653
steady,2500.0,6,30.0,5,2620.0,2620.359628770301,0.35962877030078744,0.3684228324991572,0.1386169478644058,3.4482758620689653
steady,2500.0,6,30.0,6,2650.0,2649.3619489559164,0.6380510440835678,0.227956735963567,0.0857673960380134,3.4482758620689653
steady,2500.0,6,40.0,1,2500.0,2500.0,0.0,2.831409462292409,1.0,3.4482758620689653
steady,2500.0,6,40.0,2,2540.0,2540.6032482598607,0.6032482598607203,1.387939604526801,0.4901938850635458,3.4482758620689653
steady,2500.0,6,40.0,3,2580.0,2579.7563805104405,0.2436194895594781,0.6088843974230289,0.2150463949251814,3.4482758620689653
steady,2500.0,6,40.0,4,2620.0,2620.359628770301,0.35962877030078744,0.482528974705884,0.1704200615036482,3.4482758620689653
steady,2500.0,6,40.0,5,2660.0,2659.512761020881,0.4872389791189562,0.319329904153909,0.1127812520254023,3.4482758620689653
steady,2500.0,6,40.0,6,2700.0,2700.116009280742,0.11600928074221883,0.2467068934691428,0.0871321851377159,3.4482758620689653
steady,2500.0,6,50.0,1,2500.0,2500.0,0.0,3.0397044613816955,1.0,3.4482758620689653
steady,2500.0,6,50.0,2,2550.0,2549.303944315545,0.696055684455132,1.3557872731722167,0.4460260168042602,3.4482758620689653
steady,2500.0,6,50.0,3,2600.0,2600.058004640371,0.05800464037110942,0.5454467717624553,0.1794407248112939,3.4482758620689653
steady,2500.0,6,50.0,4,2650.0,2649.3619489559164,0.6380510440835678,0.4573065191096104,0.150444401723759,3.4482758620689653
steady,2500.0,6,50.0,5,2700.0,2700.116009280742,0.11600928074221883,0.2828866442488997,0.0930638645443556,3.4482758620689653
steady,2500.0,6,50.0,6,2750.0,2749.4199535962875,0.5800464037124584,0.2901404313926429,0.09545021072896,3.4482758620689653
steady,2500.0,6,60.0,1,2500.0,2500.0,0.0,2.931817956548402,1.0,3.4482758620689653
steady,2500.0,6,60.0,2,2560.0,2559.4547563805104,0.5452436194896109,1.2796145674561483,0.4364577154587813,3.4482758620689653
steady,2500.0,6,60.0,3,2620.0,2620.359628770301,0.35962877030078744,0.5772383104248838,0.1968875008544051,3.4482758620689653
steady,2500.0,6,60.0,4,2680.0,2679.814385150812,0.18561484918791393,0.4689419408321521,0.1599492014109336,3.4482758620689653
steady,2500.0,6,60.0,5,2740.0,2740.719257540603,0.7192575406029391,0.3065869777156077,0.1045723105115807,3.4482758620689653
steady,2500.0,6,60.0,6,2800.0,2800.1740139211133,0.17401392111332825,0.2527551197765856,0.0862110552300974,3.4482758620689653
steady,2500.0,6,70.0,1,2500.0,2500.0,0.0,2.838477562151577,1.0,3.4482758620689653
steady,2500.0,6,70.0,2,2570.0,2569.6055684454755,0.3944315545245445,1.1912564602721578,0.4196814786054467,3.4482758620689653
steady,2500.0,6,70.0,3,2640.0,2640.661252900232,0.6612529002318297,0.5492565430081505,0.1935039227831034,3.4482758620689653
steady,2500.0,6,70.0,4,2710.0,2710.2668213457077,0.26682134570773997,0.462307615556254,0.162871682242865,3.4482758620689653
steady,2500.0,6,70.0,5,2780.0,2779.872389791183,0.12761020881680452,0.3515601386705753,0.1238551762248532,3.4482758620689653
steady,2500.0,6,70.0,6,2850.0,2849.4779582366587,0.522041763341349,0.2446121196367408,0.0861772250372568,3.4482758620689653
steady,2500.0,6,80.0,1,2500.0,2500.0,0.0,3.07368842747478,1.0,3.4482758620689653
steady,2500.0,6,80.0,2,2580.0,2579.7563805104405,0.2436194895594781,1.4521949677667438,0.4724600433752517,3.4482758620689653
steady,2500.0,6,80.0,3,2660.0,2659.512761020881,0.4872389791189562,1.034586462191909,0.3365944488530621,3.4482758620689653
steady,2500.0,6,80.0,4,2740.0,2740.719257540603,0.7192575406029391,0.720401145235654,0.2343767633687929,3.4482758620689653
steady,2500.0,6,80.0,5,2820.0,2820.475638051044,0.47563805104391577,0.504244576441504,0.1640519487708034,3.4482758620689653
steady,2500.0,6,80.0,6,2900.0,2900.232018561485,0.23201856148489242,0.3401471326685518,0.1106641550353895,3.4482758620689653
steady,2500.0,6,90.0,1,2500.0,2500.0,0.0,3.040344114288556,1.0,3.4482758620689653
steady,2500.0,6,90.0,2,2590.0,2589.907192575406,0.09280742459395697,1.591823456808557,0.523566871699668,3.4482758620689653
steady,2500.0,6,90.0,3,2680.0,2679.814385150812,0.18561484918791393,1.175672674697002,0.3866906608274211,3.4482758620689653
steady,2500.0,6,90.0,4,2770.0,2769.721577726218,0.2784222737818709,0.9466171028109032,0.3113519612343002,3.4482758620689653
steady,2500.0,6,90.0,5,2860.0,2859.628770301624,0.37122969837582787,0.8013550301909391,0.2635737929877247,3.4482758620689653
steady,2500.0,6,90.0,6,2950.0,2949.5359628770298,0.4640371229702396,0.6783513432381065,0.2231166334264901,3.4482758620689653
steady,2500.0,6,100.0,1,2500.0,2500.0,0.0,2.9564893291540657,1.0,3.4482758620689653
steady,2500.0,6,100.0,2,2600.0,2600.058004640371,0.05800464037110942,1.571570309056466,0.5315663728460459,3.4482758620689653
steady,2500.0,6,100.0,3,2700.0,2700.116009280742,0.11600928074221883,1.1638167655093508,0.3936482212308039,3.4482758620689653
steady,2500.0,6,100.0,4,2800.0,2800.1740139211133,0.17401392111332825,0.9491282267217636,0.321032184138928,3.4482758620689653
steady,2500.0,6,100.0,5,2900.0,2900.232018561485,0.23201856148489242,0.8077702948234105,0.2732194183344257,3.4482758620689653
steady,2500.0,6,100.0,6,3000.0,3000.290023201856,0.29002320185600183,0.6844899326520824,0.2315211916722642,3.4482758620689653
steady,2500.0,7,10.0,1,2500.0,2500.0,0.0,3.130447468556893,1.0,3.4482758620689653
steady,2500.0,7,10.0,2,2510.0,2510.150812064965,0.15081206496506638,1.579640845836205,0.5046054475286897,3.4482758620689653
steady,2500.0,7,10.0,3,2520.0,2520.30162412993,0.30162412993013277,1.1757901078832895,0.3755980957014167,3.4482758620689653
steady,2500.0,7,10.0,4,2530.0,2530.452436194895,0.45243619489519915,0.9500311045323402,0.3034809285492644,3.4482758620689653
steady,2500.0,7,10.0,5,2540.0,2540.6032482598607,0.6032482598607203,0.7732562292802806,0.247011405572873,3.4482758620689653
steady,2500.0,7,10.0,6,2550.0,2549.303944315545,0.696055684455132,0.6227893658107645,0.1989457967483046,3.4482758620689653
steady,2500.0,7,10.0,7,2560.0,2559.4547563805104,0.5452436194896109,0.5020678665808664,0.1603821407718159,3.4482758620689653
steady,2500.0,7,20.0,1,2500.0,2500.0,0.0,3.217715970249409,1.0,3.4482758620689653
steady,2500.0,7,20.0,2,2520.0,2520.30162412993,0.30162412993013277,1.6121890835566717,0.5010352369391102,3.4482758620689653
steady,2500.0,7,20.0,3,2540.0,2540.6032482598607,0.6032482598607203,1.1652719432629102,0.3621425738122524,3.4482758620689653
steady,2500.0,7,20.0,4,2560.0,2559.4547563805104,0.5452436194896109,0.8008860466966594,0.248898925231919,3.4482758620689653
steady,2500.0,7,20.0,5,2580.0,2579.7563805104405,0.2436194895594781,0.5251523303575916,0.1632065524779324,3.4482758620689653
steady,2500.0,7,20.0,6,2600.0,2600.058004640371,0.05800464037110942,0.3216937316951173,0.099975801055611,3.4482758620689653
steady,2500.0,7,20.0,7,2620.0,2620.359628770301,0.35962877030078744,0.2176952827279074,0.0676552202682555,3.4482758620689653
steady,2500.0,7,30.0,1,2500.0,2500.0,0.0,2.7545129991019235,1.0,3.4482758620689653
steady,2500.0,7,30.0,2,2530.0,2530.452436194895,0.45243619489519915,1.404031141248439,0.5097202814821374,3.4482758620689653
steady,2500.0,7,30.0,3,2560.0,2559.4547563805104,0.5452436194896109,0.674493747728062,0.2448686021623324,3.4482758620689653
steady,2500.0,7,30.0,4,2590.0,2589.907192575406,0.09280742459395697,0.5453097421292561,0.1979695656934811,3.4482758620689653
steady,2500.0,7,30.0,5,2620.0,2620.359628770301,0.35962877030078744,0.4106301184525992,0.1490753968438269,3.4482758620689653
steady,2500.0,7,30.0,6,2650.0,2649.3619489559164,0.6380510440835678,0.2674810443463302,0.0971064737881212,3.4482758620689653
steady,2500.0,7,30.0,7,2680.0,2679.814385150812,0.18561484918791393,0.2191956926368806,0.0795769316421257,3.4482758620689653
steady,2500.0,7,40.0,1,2500.0,2500.0,0.0,2.757250963226497,1.0,3.4482758620689653
steady,2500.0,7,40.0,2,2540.0,2540.6032482598607,0.6032482598607203,1.4465629194653151,0.5246395553970782,3.4482758620689653
steady,2500.0,7,40.0,3,2580.0,2579.7563805104405,0.2436194895594781,0.6996502680052893,0.2537492151917024,3.4482758620689653
steady,2500.0,7,40.0,4,2620.0,2620.359628770301,0.35962877030078744,0.5303171509918841,0.1923354667619063,3.4482758620689653
steady,2500.0,7,40.0,5,2660.0,2659.512761020881,0.4872389791189562,0.3613136566019945,0.1310412658915858,3.4482758620689653
steady,2500.0,7,40.0,6,2700.0,2700.116009280742,0.11600928074221883,0.2744866348098728,0.0995508346794346,3.4482758620689653
steady,2500.0,7,40.0,7,2740.0,2740.719257540603,0.7192575406029391,0.2082025562444282,0.0755109197607433,3.4482758620689653
steady,2500.0,7,50.0,1,2500.0,2500.0,0.0,2.66093440306176,1.0,3.4482758620689653
steady,2500.0,7,50.0,2,2550.0,2549.303944315545,0.696055684455132,1.3568718510243158,0.5099230741889217,3.4482758620689653
steady,2500.0,7,50.0,3,2600.0,2600.058004640371,0.05800464037110942,0.6461820949409597,0.2428402948217893,3.4482758620689653
steady,2500.0,7,50.0,4,2650.0,2649.3619489559164,0.6380510440835678,0.5134893991471093,0.1929733399501585,3.4482758620689653
steady,2500.0,7,50.0,5,2700.0,2700.116009280742,0.11600928074221883,0.3492937924434925,0.1312673442988987,3.4482758620689653
steady,2500.0,7,50.0,6,2750.0,2749.4199535962875,0.5800464037124584,0.3187141488515969,0.1197752746121339,3.4482758620689653
steady,2500.0,7,50.0,7,2800.0,2800.1740139211133,0.17401392111332825,0.2055025228178393,0.07722945841182,3.4482758620689653
steady,2500.0,7,60.0,1,2500.0,2500.0,0.0,2.7139107150157784,1.0,3.4482758620689653
steady,2500.0,7,60.0,2,2560.0,2559.4547563805104,0.5452436194896109,1.381019577097707,0.5088669901543456,3.4482758620689653
steady,2500.0,7,60.0,3,2620.0,2620.359628770301,0.35962877030078744,0.6477073724150858,0.23866200491836,3.4482758620689653
steady,2500.0,7,60.0,4,2680.0,2679.814385150812,0.18561484918791393,0.5167161495401069,0.1903954123034231,3.4482758620689653
steady,2500.0,7,60.0,5,2740.0,2740.719257540603,0.7192575406029391,0.3461863660923011,0.1275599687848568,3.4482758620689653
steady,2500.0,7,60.0,6,2800.0,2800.1740139211133,0.17401392111332825,0.2766933105620388,0.1019537264181626,3.4482758620689653
steady,2500.0,7,60.0,7,2860.0,2859.628770301624,0.37122969837582787,0.2120089326530604,0.0781193469188347,3.4482758620689653
steady,2500.0,7,70.0,1,2500.0,2500.0,0.0,2.773092871766487,1.0,3.4482758620689653
steady,2500.0,7,70.0,2,2570.0,2569.6055684454755,0.3944315545245445,1.3887308595324257,0.5007877210573877,3.4482758620689653
steady,2500.0,7,70.0,3,2640.0,2640.661252900232,0.6612529002318297,0.6488018187199238,0.2339632492389736,3.4482758620689653
steady,2500.0,7,70.0,4,2710.0,2710.2668213457077,0.26682134570773997,0.5347695234302586,0.1928422696819401,3.4482758620689653
steady,2500.0,7,70.0,5,2780.0,2779.872389791183,0.12761020881680452,0.4045339834615965,0.1458782673960373,3.4482758620689653
steady,2500.0,7,70.0,6,2850.0,2849.4779582366587,0.522041763341349,0.2765060390734791,0.0997103421557396,3.4482758620689653
steady,2500.0,7,70.0,7,2920.0,2920.533642691415,0.5336426914150252,0.2355270034071292,0.0849329662937311,3.4482758620689653
steady,2500.0,7,80.0,1,2500.0,2500.0,0.0,3.137574292403466,1.0,3.4482758620689653
steady,2500.0,7,80.0,2,2580.0,2579.7563805104405,0.2436194895594781,1.711420397354134,0.5454597207459716,3.4482758620689653
steady,2500.0,7,80.0,3,2660.0,2659.512761020881,0.4872389791189562,1.2250946674658665,0.390459174283778,3.4482758620689653
steady,2500.0,7,80.0,4,2740.0,2740.719257540603,0.7192575406029391,0.8472793696228516,0.2700428071692966,3.4482758620689653
steady,2500.0,7,80.0,5,2820.0,2820.475638051044,0.47563805104391577,0.5696010087560123,0.1815418395462701,3.4482758620689653
steady,2500.0,7,80.0,6,2900.0,2900.232018561485,0.23201856148489242,0.3636312653883778,0.1158956670026214,3.4482758620689653
steady,2500.0,7,80.0,7,2980.0,2979.9883990719254,0.011600928074585681,0.2334119090079091,0.0743924724182736,3.4482758620689653
steady,2500.0,7,90.0,1,2500.0,2500.0,0.0,3.1785497930669684,1.0,3.4482758620689653
steady,2500.0,7,90.0,2,2590.0,2589.907192575406,0.09280742459395697,1.619278542415217,0.5094394135171884,3.4482758620689653
steady,2500.0,7,90.0,3,2680.0,2679.814385150812,0.18561484918791393,1.2341840921168257,0.3882852786540641,3.4482758620689653
steady,2500.0,7,90.0,4,2770.0,2769.721577726218,0.2784222737818709,0.9947165375161002,0.3129466587831247,3.4482758620689653
steady,2500.0,7,90.0,5,2860.0,2859.628770301624,0.37122969837582787,0.8340304571010135,0.2623933905078962,3.4482758620689653
steady,2500.0,7,90.0,6,2950.0,2949.5359628770298,0.4640371229702396,0.706111025652622,0.2221488010641792,3.4482758620689653
steady,2500.0,7,90.0,7,3040.0,3039.443155452436,0.5568445475641965,0.5937908146860005,0.1868118649521153,3.4482758620689653
steady,2500.0,7,100.0,1,2500.0,2500.0,0.0,3.156946852955465,1.0,3.4482758620689653
steady,2500.0,7,100.0,2,2600.0,2600.058004640371,0.05800464037110942,1.603572764894832,0.5079505102829344,3.4482758620689653
steady,2500.0,7,100.0,3,2700.0,2700.116009280742,0.11600928074221883,1.2164713479593978,0.3853315892285496,3.4482758620689653
steady,2500.0,7,100.0,4,2800.0,2800.1740139211133,0.17401392111332825,0.9922028283373115,0.314291901179278,3.4482758620689653
steady,2500.0,7,100.0,5,2900.0,2900.232018561485,0.23201856148489242,0.8275855121956814,0.2621474325489242,3.4482758620689653
steady,2500.0,7,100.0,6,3000.0,3000.290023201856,0.29002320185600183,0.7026171767456192,0.2225622443050773,3.4482758620689653
steady,2500.0,7,100.0,7,3100.0,3100.348027842227,0.34802784222711125,0.5870216863247654,0.1859460148260679,3.4482758620689653
steady,2500.0,8,10.0,1,2500.0,2500.0,0.0,2.83425398707178,1.0,3.4482758620689653
steady,2500.0,8,10.0,2,2510.0,2510.150812064965,0.15081206496506638,1.6433042099210016,0.5798013224703221,3.4482758620689653
steady,2500.0,8,10.0,3,2520.0,2520.30162412993,0.30162412993013277,1.2167327836183672,0.4292956062400883,3.4482758620689653
steady,2500.0,8,10.0,4,2530.0,2530.452436194895,0.45243619489519915,0.9706630003508284,0.3424756584196154,3.4482758620689653
steady,2500.0,8,10.0,5,2540.0,2540.6032482598607,0.6032482598607203,0.8048669564286506,0.2839784155195639,3.4482758620689653
steady,2500.0,8,10.0,6,2550.0,2549.303944315545,0.696055684455132,0.6701722134107385,0.2364545367026648,3.4482758620689653
steady,2500.0,8,10.0,7,2560.0,2559.4547563805104,0.5452436194896109,0.5522110767694791,0.1948347181615851,3.4482758620689653
steady,2500.0,8,10.0,8,2570.0,2569.6055684454755,0.3944315545245445,0.4485774189619749,0.1582700142641148,3.4482758620689653
steady,2500.0,8,20.0,1,2500.0,2500.0,0.0,2.797380094538833,1.0,3.4482758620689653
steady,2500.0,8,20.0,2,2520.0,2520.30162412993,0.30162412993013277,1.6437921587213276,0.587618451253875,3.4482758620689653
steady,2500.0,8,20.0,3,2540.0,2540.6032482598607,0.6032482598607203,1.1833781378800543,0.4230308709890003,3.4482758620689653
steady,2500.0,8,20.0,4,2560.0,2559.4547563805104,0.5452436194896109,0.802690298520266,0.2869435941462916,3.4482758620689653
steady,2500.0,8,20.0,5,2580.0,2579.7563805104405,0.2436194895594781,0.5317511089682321,0.1900889728951527,3.4482758620689653
steady,2500.0,8,20.0,6,2600.0,2600.058004640371,0.05800464037110942,0.3364570331016184,0.120275765799029,3.4482758620689653
steady,2500.0,8,20.0,7,2620.0,2620.359628770301,0.35962877030078744,0.235316510379528,0.0841203205953038,3.4482758620689653
steady,2500.0,8,20.0,8,2640.0,2640.661252900232,0.6612529002318297,0.1890687411963497,0.0675877910068274,3.4482758620689653
steady,2500.0,8,30.0,1,2500.0,2500.0,0.0,2.7182269944857462,1.0,3.4482758620689653
steady,2500.0,8,30.0,2,2530.0,2530.452436194895,0.45243619489519915,1.4326670106368466,0.5270593712530947,3.4482758620689653
steady,2500.0,8,30.0,3,2560.0,2559.4547563805104,0.5452436194896109,0.709331936880171,0.2609539005826728,3.4482758620689653
steady,2500.0,8,30.0,4,2590.0,2589.907192575406,0.09280742459395697,0.5752280425665741,0.2116188396824452,3.4482758620689653
steady,2500.0,8,30.0,5,2620.0,2620.359628770301,0.35962877030078744,0.432630033687004,0.1591589056265892,3.4482758620689653
steady,2500.0,8,30.0,6,2650.0,2649.3619489559164,0.6380510440835678,0.2902066819781725,0.106763225649253,3.4482758620689653
steady,2500.0,8,30.0,7,2680.0,2679.814385150812,0.18561484918791393,0.2429386180445828,0.0893739259220857,3.4482758620689653
steady,2500.0,8,30.0,8,2710.0,2710.2668213457077,0.26682134570773997,0.1862638723403464,0.0685240315537316,3.4482758620689653
steady,2500.0,8,40.0,1,2500.0,2500.0,0.0,2.74768947863916,1.0,3.4482758620689653
steady,2500.0,8,40.0,2,2540.0,2540.6032482598607,0.6032482598607203,1.5016244410897808,0.5465044186264766,3.4482758620689653
steady,2500.0,8,40.0,3,2580.0,2579.7563805104405,0.2436194895594781,0.7852373350876196,0.2857809593085903,3.4482758620689653
steady,2500.0,8,40.0,4,2620.0,2620.359628770301,0.35962877030078744,0.6089705516446108,0.2216300482200826,3.4482758620689653
steady,2500.0,8,40.0,5,2660.0,2659.512761020881,0.4872389791189562,0.4362059485636343,0.1587537281613323,3.4482758620689653
steady,2500.0,8,40.0,6,2700.0,2700.116009280742,0.11600928074221883,0.3243661512077362,0.1180505125231196,3.4482758620689653
steady,2500.0,8,40.0,7,2740.0,2740.719257540603,0.7192575406029391,0.2458413356994583,0.0894720228070369,3.4482758620689653
steady,2500.0,8,40.0,8,2780.0,2779.872389791183,0.12761020881680452,0.1770415131110467,0.0644328678649413,3.4482758620689653
steady,2500.0,8,50.0,1,2500.0,2500.0,0.0,2.740647424339413,1.0,3.4482758620689653
steady,2500.0,8,50.0,2,2550.0,2549.303944315545,0.696055684455132,1.5215433963445344,0.5551766282783627,3.4482758620689653
steady,2500.0,8,50.0,3,2600.0,2600.058004640371,0.05800464037110942,0.7768573238483377,0.2834575936142483,3.4482758620689653
steady,2500.0,8,50.0,4,2650.0,2649.3619489559164,0.6380510440835678,0.6029080687222591,0.2199874611261169,3.4482758620689653
steady,2500.0,8,50.0,5,2700.0,2700.116009280742,0.11600928074221883,0.4187519807945703,0.1527930871646153,3.4482758620689653
steady,2500.0,8,50.0,6,2750.0,2749.4199535962875,0.5800464037124584,0.3650964049647515,0.1332153861610826,3.4482758620689653
steady,2500.0,8,50.0,7,2800.0,2800.1740139211133,0.17401392111332825,0.2355647908203535,0.0859522420608818,3.4482758620689653
steady,2500.0,8,50.0,8,2850.0,2849.4779582366587,0.522041763341349,0.1876910562657402,0.0684842036224269,3.4482758620689653
steady,2500.0,8,60.0,1,2500.0,2500.0,0.0,2.647948002661762,1.0,3.4482758620689653
steady,2500.0,8,60.0,2,2560.0,2559.4547563805104,0.5452436194896109,1.4560960758583406,0.5498960230316638,3.4482758620689653
steady,2500.0,8,60.0,3,2620.0,2620.359628770301,0.35962877030078744,0.7438327255123783,0.2809091133076122,3.4482758620689653
steady,2500.0,8,60.0,4,2680.0,2679.814385150812,0.18561484918791393,0.6082969136808706,0.2297238892415562,3.4482758620689653
steady,2500.0,8,60.0,5,2740.0,2740.719257540603,0.7192575406029391,0.4148165632302747,0.1566558568420883,3.4482758620689653
steady,2500.0,8,60.0,6,2800.0,2800.1740139211133,0.17401392111332825,0.306995267793498,0.1159370453970022,3.4482758620689653
steady,2500.0,8,60.0,7,2860.0,2859.628770301624,0.37122969837582787,0.2216279466812713,0.0836979980190272,3.4482758620689653
steady,2500.0,8,60.0,8,2920.0,2920.533642691415,0.5336426914150252,0.1820152170488987,0.0687382142194386,3.4482758620689653
steady,2500.0,8,70.0,1,2500.0,2500.0,0.0,2.686672742476563,1.0,3.4482758620689653
steady,2500.0,8,70.0,2,2570.0,2569.6055684454755,0.3944315545245445,1.4985429854484529,0.5577690806015705,3.4482758620689653
steady,2500.0,8,70.0,3,2640.0,2640.661252900232,0.6612529002318297,0.7698439082060119,0.2865417495903774,3.4482758620689653
steady,2500.0,8,70.0,4,2710.0,2710.2668213457077,0.26682134570773997,0.6236386737544899,0.2321230509003573,3.4482758620689653
steady,2500.0,8,70.0,5,2780.0,2779.872389791183,0.12761020881680452,0.4644713050868219,0.1728797474078195,3.4482758620689653
steady,2500.0,8,70.0,6,2850.0,2849.4779582366587,0.522041763341349,0.2966596453556965,0.1104189731281663,3.4482758620689653
steady,2500.0,8,70.0,7,2920.0,2920.533642691415,0.5336426914150252,0.2360407022234185,0.0878561420941194,3.4482758620689653
steady,2500.0,8,70.0,8,2990.0,2990.139211136891,0.13921113689093545,0.1778202329514294,0.066186041247255,3.4482758620689653
steady,2500.0,8,80.0,1,2500.0,2500.0,0.0,2.910984509427918,1.0,3.4482758620689653
steady,2500.0,8,80.0,2,2580.0,2579.7563805104405,0.2436194895594781,1.784690427531988,0.6130882599175097,3.4482758620689653
steady,2500.0,8,80.0,3,2660.0,2659.512761020881,0.4872389791189562,1.313885744628656,0.4513544267835584,3.4482758620689653
steady,2500.0,8,80.0,4,2740.0,2740.719257540603,0.7192575406029391,0.9129303122546284,0.3136156545312714,3.4482758620689653
steady,2500.0,8,80.0,5,2820.0,2820.475638051044,0.47563805104391577,0.5990160947107848,0.2057778365947081,3.4482758620689653
steady,2500.0,8,80.0,6,2900.0,2900.232018561485,0.23201856148489242,0.3673968702769925,0.1262105205599995,3.4482758620689653
steady,2500.0,8,80.0,7,2980.0,2979.9883990719254,0.011600928074585681,0.2210854343008049,0.0759486811368342,3.4482758620689653
steady,2500.0,8,80.0,8,3060.0,3059.7447795823664,0.25522041763360903,0.1853053204609568,0.0636572677940405,3.4482758620689653
steady,2500.0,8,90.0,1,2500.0,2500.0,0.0,2.9129949237922768,1.0,3.4482758620689653
steady,2500.0,8,90.0,2,2590.0,2589.907192575406,0.09280742459395697,1.7698011479289262,0.6075538043248335,3.4482758620689653
steady,2500.0,8,90.0,3,2680.0,2679.814385150812,0.18561484918791393,1.3469258166022855,0.4623852261468389,3.4482758620689653
steady,2500.0,8,90.0,4,2770.0,2769.721577726218,0.2784222737818709,1.0586276054749768,0.3634155338989758,3.4482758620689653
steady,2500.0,8,90.0,5,2860.0,2859.628770301624,0.37122969837582787,0.8487449908766871,0.2913650772078072,3.4482758620689653
steady,2500.0,8,90.0,6,2950.0,2949.5359628770298,0.4640371229702396,0.687350778074997,0.2359601702223946,3.4482758620689653
steady,2500.0,8,90.0,7,3040.0,3039.443155452436,0.5568445475641965,0.5664524545910998,0.1944570688965241,3.4482758620689653
steady,2500.0,8,90.0,8,3130.0,3129.350348027842,0.6496519721581535,0.4792053982744364,0.1645060876558562,3.4482758620689653
steady,2500.0,8,100.0,1,2500.0,2500.0,0.0,2.9209143659027403,1.0,3.4482758620689653
steady,2500.0,8,100.0,2,2600.0,2600.058004640371,0.05800464037110942,1.7597941312504162,0.6024805628652974,3.4482758620689653
steady,2500.0,8,100.0,3,2700.0,2700.116009280742,0.11600928074221883,1.3298858527141553,0.4552977890206444,3.4482758620689653
steady,2500.0,8,100.0,4,2800.0,2800.1740139211133,0.17401392111332825,1.0430274980430363,0.357089379346004,3.4482758620689653
steady,2500.0,8,100.0,5,2900.0,2900.232018561485,0.23201856148489242,0.8347003935304335,0.2857668144175326,3.4482758620689653
steady,2500.0,8,100.0,6,3000.0,3000.290023201856,0.29002320185600183,0.6765141390375548,0.2316103980776823,3.4482758620689653
steady,2500.0,8,100.0,7,3100.0,3100.348027842227,0.34802784222711125,0.5641564859819432,0.1931437951648351,3.4482758620689653
steady,2500.0,8,100.0,8,3200.0,3200.406032482598,0.40603248259822067,0.478383810171778,0.1637787864499506,3.4482758620689653
steady,3000.0,1,10.0,1,3000.0,3000.290023201856,0.29002320185600183,5.157394867254647,1.0,4.137931034482759
steady,3000.0,1,20.0,1,3000.0,3000.290023201856,0.29002320185600183,5.157394867254647,1.0,4.137931034482759
steady,3000.0,1,30.0,1,3000.0,3000.290023201856,0.29002320185600183,5.157394867254647,1.0,4.137931034482759
steady,3000.0,1,40.0,1,3000.0,3000.290023201856,0.29002320185600183,5.157394867254647,1.0,4.137931034482759
steady,3000.0,1,50.0,1,3000.0,3000.290023201856,0.29002320185600183,5.157394867254647,1.0,4.137931034482759
steady,3000.0,1,60.0,1,3000.0,3000.290023201856,0.29002320185600183,5.157394867254647,1.0,4.137931034482759
steady,3000.0,1,70.0,1,3000.0,3000.290023201856,0.29002320185600183,5.157394867254647,1.0,4.137931034482759
steady,3000.0,1,80.0,1,3000.0,3000.290023201856,0.29002320185600183,5.157394867254647,1.0,4.137931034482759
steady,3000.0,1,90.0,1,3000.0,3000.290023201856,0.29002320185600183,5.157394867254647,1.0,4.137931034482759
steady,3000.0,1,100.0,1,3000.0,3000.290023201856,0.29002320185600183,5.157394867254647,1.0,4.137931034482759
steady,3000.0,2,10.0,1,3000.0,3000.290023201856,0.29002320185600183,2.7049944876376397,1.0,4.137931034482759
steady,3000.0,2,10.0,2,3010.0,3010.440835266821,0.4408352668210682,1.2409665337159574,0.4587685998575673,4.137931034482759
steady,3000.0,2,20.0,1,3000.0,3000.290023201856,0.29002320185600183,2.7052892211877584,1.0,4.137931034482759
steady,3000.0,2,20.0,2,3020.0,3020.591647331786,0.5916473317861346,1.2495961880180024,0.4619085376273989,4.137931034482759
steady,3000.0,2,30.0,1,3000.0,3000.290023201856,0.29002320185600183,2.7133671830728887,1.0,4.137931034482759
steady,3000.0,2,30.0,2,3030.0,3029.2923433874707,0.7076566125292629,1.2631238421447155,0.4655189500428127,4.137931034482759
steady,3000.0,2,40.0,1,3000.0,3000.290023201856,0.29002320185600183,2.7215481074505834,1.0,4.137931034482759
steady,3000.0,2,40.0,2,3040.0,3039.443155452436,0.5568445475641965,1.2762520519601206,0.4689434107250276,4.137931034482759
steady,3000.0,2,50.0,1,3000.0,3000.290023201856,0.29002320185600183,2.7313023922267043,1.0,4.137931034482759
steady,3000.0,2,50.0,2,3050.0,3049.5939675174013,0.4060324825986754,1.265551749888168,0.4633510201909289,4.137931034482759
steady,3000.0,2,60.0,1,3000.0,3000.290023201856,0.29002320185600183,2.730955013053874,1.0,4.137931034482759
steady,3000.0,2,60.0,2,3060.0,3059.7447795823664,0.25522041763360903,1.289473796235444,0.4721695487738913,4.137931034482759
steady,3000.0,2,70.0,1,3000.0,3000.290023201856,0.29002320185600183,2.737130531752661,1.0,4.137931034482759
steady,3000.0,2,70.0,2,3070.0,3069.8955916473315,0.10440835266854265,1.2850618181247209,0.4694923399586135,4.137931034482759
steady,3000.0,2,80.0,1,3000.0,3000.290023201856,0.29002320185600183,2.732206044337336,1.0,4.137931034482759
steady,3000.0,2,80.0,2,3080.0,3080.046403712297,0.04640371229697848,1.2934821148522977,0.4734204133444175,4.137931034482759
steady,3000.0,2,90.0,1,3000.0,3000.290023201856,0.29002320185600183,2.7329431263267274,1.0,4.137931034482759
steady,3000.0,2,90.0,2,3090.0,3090.197215777262,0.19721577726204487,1.2956471235394056,0.4740849200476589,4.137931034482759
steady,3000.0,2,100.0,1,3000.0,3000.290023201856,0.29002320185600183,2.7438108528474188,1.0,4.137931034482759
steady,3000.0,2,100.0,2,3100.0,3100.348027842227,0.34802784222711125,1.2961653797972132,0.4723960394179882,4.137931034482759
steady,3000.0,3,10.0,1,3000.0,3000.290023201856,0.29002320185600183,2.538948796438972,1.0,4.137931034482759
steady,3000.0,3,10.0,2,3010.0,3010.440835266821,0.4408352668210682,1.31860785118082,0.519351888084646,4.137931034482759
steady,3000.0,3,10.0,3,3020.0,3020.591647331786,0.5916473317861346,0.8867735338554146,0.3492679864592652,4.137931034482759
steady,3000.0,3,20.0,1,3000.0,3000.290023201856,0.29002320185600183,2.4510464382512924,1.0,4.137931034482759
steady,3000.0,3,20.0,2,3020.0,3020.591647331786,0.5916473317861346,1.1341353394569746,0.4627147498136051,4.137931034482759
steady,3000.0,3,20.0,3,3040.0,3039.443155452436,0.5568445475641965,0.4771287956397063,0.1946633030666344,4.137931034482759
steady,3000.0,3,30.0,1,3000.0,3000.290023201856,0.29002320185600183,2.583012138774629,1.0,4.137931034482759
steady,3000.0,3,30.0,2,3030.0,3029.2923433874707,0.7076566125292629,1.135648623099058,0.4396605831042688,4.137931034482759
steady,3000.0,3,30.0,3,3060.0,3059.7447795823664,0.25522041763360903,0.4847510066352768,0.1876688844618596,4.137931034482759
steady,3000.0,3,40.0,1,3000.0,3000.290023201856,0.29002320185600183,2.6192561415966584,1.0,4.137931034482759
steady,3000.0,3,40.0,2,3040.0,3039.443155452436,0.5568445475641965,1.1353097050208936,0.4334473772881281,4.137931034482759
steady,3000.0,3,40.0,3,3080.0,3080.046403712297,0.04640371229697848,0.4998235136901418,0.1908265120590523,4.137931034482759
steady,3000.0,3,50.0,1,3000.0,3000.290023201856,0.29002320185600183,2.5979298116076284,1.0,4.137931034482759
steady,3000.0,3,50.0,2,3050.0,3049.5939675174013,0.4060324825986754,1.157801662735498,0.4456631805687764,4.137931034482759
steady,3000.0,3,50.0,3,3100.0,3100.348027842227,0.34802784222711125,0.499108666675927,0.1921178410771124,4.137931034482759
steady,3000.0,3,60.0,1,3000.0,3000.290023201856,0.29002320185600183,2.509652128754635,1.0,4.137931034482759
steady,3000.0,3,60.0,2,3060.0,3059.7447795823664,0.25522041763360903,1.181376159969851,0.470733033648008,4.137931034482759
steady,3000.0,3,60.0,3,3120.0,3120.6496519721577,0.6496519721576988,0.4909767655971708,0.1956353870609184,4.137931034482759
steady,3000.0,3,70.0,1,3000.0,3000.290023201856,0.29002320185600183,2.6271775733272205,1.0,4.137931034482759
steady,3000.0,3,70.0,2,3070.0,3069.8955916473315,0.10440835266854265,1.402284886358166,0.5337609838767867,4.137931034482759
steady,3000.0,3,70.0,3,3140.0,3139.501160092808,0.49883990719217763,0.9440400270011102,0.3593362080224823,4.137931034482759
steady,3000.0,3,80.0,1,3000.0,3000.290023201856,0.29002320185600183,2.666186759922359,1.0,4.137931034482759
steady,3000.0,3,80.0,2,3080.0,3080.046403712297,0.04640371229697848,1.4167580027527846,0.5313798808280188,4.137931034482759
steady,3000.0,3,80.0,3,3160.0,3159.802784222737,0.19721577726295436,0.9392062165151228,0.3522657267049339,4.137931034482759
steady,3000.0,3,90.0,1,3000.0,3000.290023201856,0.29002320185600183,2.7397436995242628,1.0,4.137931034482759
steady,3000.0,3,90.0,2,3090.0,3090.197215777262,0.19721577726204487,1.459705829316097,0.5327891910362142,4.137931034482759
steady,3000.0,3,90.0,3,3180.0,3180.104408352668,0.1044083526680879,0.947537812486096,0.345849070718049,4.137931034482759
steady,3000.0,3,100.0,1,3000.0,3000.290023201856,0.29002320185600183,2.7916152999864634,1.0,4.137931034482759
steady,3000.0,3,100.0,2,3100.0,3100.348027842227,0.34802784222711125,1.4855287401236508,0.5321394893239244,4.137931034482759
steady,3000.0,3,100.0,3,3200.0,3200.406032482598,0.40603248259822067,0.9347775904937352,0.3348518653334031,4.137931034482759
steady,3000.0,4,10.0,1,3000.0,3000.290023201856,0.29002320185600183,2.7381188339228206,1.0,4.137931034482759
steady,3000.0,4,10.0,2,3010.0,3010.440835266821,0.4408352668210682,1.4213945938551305,0.5191135520655037,4.137931034482759
steady,3000.0,4,10.0,3,3020.0,3020.591647331786,0.5916473317861346,0.9639954071434772,0.3520648538699067,4.137931034482759
steady,3000.0,4,10.0,4,3030.0,3029.2923433874707,0.7076566125292629,0.6337949386001847,0.2314709393719649,4.137931034482759
steady,3000.0,4,20.0,1,3000.0,3000.290023201856,0.29002320185600183,2.843533027747177,1.0,4.137931034482759
steady,3000.0,4,20.0,2,3020.0,3020.591647331786,0.5916473317861346,1.317242555402624,0.4632415176996292,4.137931034482759
steady,3000.0,4,20.0,3,3040.0,3039.443155452436,0.5568445475641965,0.6137136877841539,0.2158278739144366,4.137931034482759
steady,3000.0,4,20.0,4,3060.0,3059.7447795823664,0.25522041763360903,0.4497489597755938,0.1581655480653631,4.137931034482759
steady,3000.0,4,30.0,1,3000.0,3000.290023201856,0.29002320185600183,3.121821177501196,1.0,4.137931034482759
steady,3000.0,4,30.0,2,3030.0,3029.2923433874707,0.7076566125292629,1.442055016149863,0.4619274885258256,4.137931034482759
steady,3000.0,4,30.0,3,3060.0,3059.7447795823664,0.25522041763360903,0.5363695473830138,0.1718130273599914,4.137931034482759
steady,3000.0,4,30.0,4,3090.0,3090.197215777262,0.19721577726204487,0.3235209844584329,0.1036321320356309,4.137931034482759
steady,3000.0,4,40.0,1,3000.0,3000.290023201856,0.29002320185600183,3.050455566261772,1.0,4.137931034482759
steady,3000.0,4,40.0,2,3040.0,3039.443155452436,0.5568445475641965,1.513640030048079,0.4962013040901273,4.137931034482759
steady,3000.0,4,40.0,3,3080.0,3080.046403712297,0.04640371229697848,0.5957070219132494,0.1952846087980451,4.137931034482759
steady,3000.0,4,40.0,4,3120.0,3120.6496519721577,0.6496519721576988,0.3268113836160571,0.1071352709512019,4.137931034482759
steady,3000.0,4,50.0,1,3000.0,3000.290023201856,0.29002320185600183,3.063474470422541,1.0,4.137931034482759
steady,3000.0,4,50.0,2,3050.0,3049.5939675174013,0.4060324825986754,1.541040419006276,0.5030368080050369,4.137931034482759
steady,3000.0,4,50.0,3,3100.0,3100.348027842227,0.34802784222711125,0.6093870643008155,0.1989202358904474,4.137931034482759
steady,3000.0,4,50.0,4,3150.0,3149.6519721577724,0.348027842227566,0.4362611943638836,0.142407321678679,4.137931034482759
steady,3000.0,4,60.0,1,3000.0,3000.290023201856,0.29002320185600183,3.0875232841278337,1.0,4.137931034482759
steady,3000.0,4,60.0,2,3060.0,3059.7447795823664,0.25522041763360903,1.4644582190748356,0.4743148745155187,4.137931034482759
steady,3000.0,4,60.0,3,3120.0,3120.6496519721577,0.6496519721576988,0.5924020709393347,0.1918696691243502,4.137931034482759
steady,3000.0,4,60.0,4,3180.0,3180.104408352668,0.1044083526680879,0.4367277923146014,0.1414492303781827,4.137931034482759
steady,3000.0,4,70.0,1,3000.0,3000.290023201856,0.29002320185600183,3.039887658454606,1.0,4.137931034482759
steady,3000.0,4,70.0,2,3070.0,3069.8955916473315,0.10440835266854265,1.5270172685933854,0.5023268752535671,4.137931034482759
steady,3000.0,4,70.0,3,3140.0,3139.501160092808,0.49883990719217763,1.06411342164539,0.3500502456680768,4.137931034482759
steady,3000.0,4,70.0,4,3210.0,3210.556844547564,0.5568445475641965,0.6931700025009067,0.2280248747262241,4.137931034482759
steady,3000.0,4,80.0,1,3000.0,3000.290023201856,0.29002320185600183,3.090150687806821,1.0,4.137931034482759
steady,3000.0,4,80.0,2,3080.0,3080.046403712297,0.04640371229697848,1.581300291184144,0.5117227122365491,4.137931034482759
steady,3000.0,4,80.0,3,3160.0,3159.802784222737,0.19721577726295436,1.157552585415549,0.374594219622701,4.137931034482759
steady,3000.0,4,80.0,4,3240.0,3239.5591647331785,0.44083526682152296,0.8778313282320602,0.2840739552591479,4.137931034482759
steady,3000.0,4,90.0,1,3000.0,3000.290023201856,0.29002320185600183,3.147049222406161,1.0,4.137931034482759
steady,3000.0,4,90.0,2,3090.0,3090.197215777262,0.19721577726204487,1.635703331845632,0.5197577845938524,4.137931034482759
steady,3000.0,4,90.0,3,3180.0,3180.104408352668,0.1044083526680879,1.2000454683355688,0.3813240224498432,4.137931034482759
steady,3000.0,4,90.0,4,3270.0,3270.011600928074,0.011600928074130934,0.9080057058563726,0.2885260578041205,4.137931034482759
steady,3000.0,4,100.0,1,3000.0,3000.290023201856,0.29002320185600183,3.1586102046321627,1.0,4.137931034482759
steady,3000.0,4,100.0,2,3100.0,3100.348027842227,0.34802784222711125,1.7053811517808368,0.5399150389876732,4.137931034482759
steady,3000.0,4,100.0,3,3200.0,3200.406032482598,0.40603248259822067,1.208857668005572,0.3827182177252384,4.137931034482759
steady,3000.0,4,100.0,4,3300.0,3300.46403712297,0.46403712296978483,0.9204506347807448,0.2914100110962999,4.137931034482759
steady,3000.0,5,10.0,1,3000.0,3000.290023201856,0.29002320185600183,3.071783368171281,1.0,4.137931034482759
steady,3000.0,5,10.0,2,3010.0,3010.440835266821,0.4408352668210682,1.5654055708090373,0.5096080625441264,4.137931034482759
steady,3000.0,5,10.0,3,3020.0,3020.591647331786,0.5916473317861346,1.0934060752788823,0.3559515578501936,4.137931034482759
steady,3000.0,5,10.0,4,3030.0,3029.2923433874707,0.7076566125292629,0.7242290828767848,0.235768280530778,4.137931034482759
steady,3000.0,5,10.0,5,3040.0,3039.443155452436,0.5568445475641965,0.4529311214982664,0.1474489139407995,4.137931034482759
steady,3000.0,5,20.0,1,3000.0,3000.290023201856,0.29002320185600183,2.957823076790051,1.0,4.137931034482759
steady,3000.0,5,20.0,2,3020.0,3020.591647331786,0.5916473317861346,1.3566327546543395,0.4586591961161558,4.137931034482759
steady,3000.0,5,20.0,3,3040.0,3039.443155452436,0.5568445475641965,0.6271872800008051,0.2120435413876931,4.137931034482759
steady,3000.0,5,20.0,4,3060.0,3059.7447795823664,0.25522041763360903,0.486300628769641,0.1644116690364706,4.137931034482759
steady,3000.0,5,20.0,5,3080.0,3080.046403712297,0.04640371229697848,0.3556503947246923,0.1202405909655213,4.137931034482759
steady,3000.0,5,30.0,1,3000.0,3000.290023201856,0.29002320185600183,2.772408587375891,1.0,4.137931034482759
steady,3000.0,5,30.0,2,3030.0,3029.2923433874707,0.7076566125292629,1.3382256521776392,0.4826942386022118,4.137931034482759
steady,3000.0,5,30.0,3,3060.0,3059.7447795823664,0.25522041763360903,0.5923074382155158,0.2136436313581541,4.137931034482759
steady,3000.0,5,30.0,4,3090.0,3090.197215777262,0.19721577726204487,0.3499831851049338,0.1262379530559007,4.137931034482759
steady,3000.0,5,30.0,5,3120.0,3120.6496519721577,0.6496519721576988,0.2367294960220466,0.0853876651154486,4.137931034482759
steady,3000.0,5,40.0,1,3000.0,3000.290023201856,0.29002320185600183,2.7946973822687053,1.0,4.137931034482759
steady,3000.0,5,40.0,2,3040.0,3039.443155452436,0.5568445475641965,1.2788122121821075,0.4575852184553812,4.137931034482759
steady,3000.0,5,40.0,3,3080.0,3080.046403712297,0.04640371229697848,0.5838041020596125,0.2088970726360671,4.137931034482759
steady,3000.0,5,40.0,4,3120.0,3120.6496519721577,0.6496519721576988,0.3612129513295876,0.1292493969548712,4.137931034482759
steady,3000.0,5,40.0,5,3160.0,3159.802784222737,0.19721577726295436,0.2817253904607865,0.1008071185983238,4.137931034482759
steady,3000.0,5,50.0,1,3000.0,3000.290023201856,0.29002320185600183,2.942837284999333,1.0,4.137931034482759
steady,3000.0,5,50.0,2,3050.0,3049.5939675174013,0.4060324825986754,1.3558228162027748,0.4607195997936671,4.137931034482759
steady,3000.0,5,50.0,3,3100.0,3100.348027842227,0.34802784222711125,0.671552541221861,0.2281990053085837,4.137931034482759
steady,3000.0,5,50.0,4,3150.0,3149.6519721577724,0.348027842227566,0.5285497933110234,0.1796055106428159,4.137931034482759
steady,3000.0,5,50.0,5,3200.0,3200.406032482598,0.40603248259822067,0.3617001862750884,0.1229086596526421,4.137931034482759
steady,3000.0,5,60.0,1,3000.0,3000.290023201856,0.29002320185600183,2.938614409232612,1.0,4.137931034482759
steady,3000.0,5,60.0,2,3060.0,3059.7447795823664,0.25522041763360903,1.3481377208228154,0.4587664569353511,4.137931034482759
steady,3000.0,5,60.0,3,3120.0,3120.6496519721577,0.6496519721576988,0.6596720224930619,0.224484035884561,4.137931034482759
steady,3000.0,5,60.0,4,3180.0,3180.104408352668,0.1044083526680879,0.5241422238728058,0.1783637289145669,4.137931034482759
steady,3000.0,5,60.0,5,3240.0,3239.5591647331785,0.44083526682152296,0.3924021384225646,0.1335330478165851,4.137931034482759
steady,3000.0,5,70.0,1,3000.0,3000.290023201856,0.29002320185600183,3.221406205076184,1.0,4.137931034482759
steady,3000.0,5,70.0,2,3070.0,3069.8955916473315,0.10440835266854265,1.7100117979160785,0.5308277469700963,4.137931034482759
steady,3000.0,5,70.0,3,3140.0,3139.501160092808,0.49883990719217763,1.1843341330137558,0.3676450772173723,4.137931034482759
steady,3000.0,5,70.0,4,3210.0,3210.556844547564,0.5568445475641965,0.7600855467989999,0.2359483711185762,4.137931034482759
steady,3000.0,5,70.0,5,3280.0,3280.162412993039,0.16241299303919732,0.4563956750974231,0.1416759160574814,4.137931034482759
steady,3000.0,5,80.0,1,3000.0,3000.290023201856,0.29002320185600183,3.166656403233411,1.0,4.137931034482759
steady,3000.0,5,80.0,2,3080.0,3080.046403712297,0.04640371229697848,1.8347655090207888,0.5794015123166965,4.137931034482759
steady,3000.0,5,80.0,3,3160.0,3159.802784222737,0.19721577726295436,1.322784199111266,0.4177226799095086,4.137931034482759
steady,3000.0,5,80.0,4,3240.0,3239.5591647331785,0.44083526682152296,0.9853065075844522,0.3111504319124661,4.137931034482759
steady,3000.0,5,80.0,5,3320.0,3319.3155452436195,0.6844547563805463,0.7469694100258157,0.2358858413761278,4.137931034482759
steady,3000.0,5,90.0,1,3000.0,3000.290023201856,0.29002320185600183,2.977887251240826,1.0,4.137931034482759
steady,3000.0,5,90.0,2,3090.0,3090.197215777262,0.19721577726204487,1.7643510036434835,0.592484152282231,4.137931034482759
steady,3000.0,5,90.0,3,3180.0,3180.104408352668,0.1044083526680879,1.2944211674878818,0.434677695385721,4.137931034482759
steady,3000.0,5,90.0,4,3270.0,3270.011600928074,0.011600928074130934,0.993197668316178,0.3335242688930994,4.137931034482759
steady,3000.0,5,90.0,5,3360.0,3359.91879350348,0.08120649651982603,0.7649634380908883,0.2568812629733188,4.137931034482759
steady,3000.0,5,100.0,1,3000.0,3000.290023201856,0.29002320185600183,2.7670958709158664,1.0,4.137931034482759
steady,3000.0,5,100.0,2,3100.0,3100.348027842227,0.34802784222711125,1.6159075411510908,0.5839723726725269,4.137931034482759
steady,3000.0,5,100.0,3,3200.0,3200.406032482598,0.40603248259822067,1.1957145748506357,0.4321189545394654,4.137931034482759
steady,3000.0,5,100.0,4,3300.0,3300.46403712297,0.46403712296978483,0.9582628186269836,0.3463063310162121,4.137931034482759
steady,3000.0,5,100.0,5,3400.0,3400.522041763341,0.5220417633408942,0.7722900448681402,0.2790976825145289,4.137931034482759
steady,3000.0,6,10.0,1,3000.0,3000.290023201856,0.29002320185600183,3.069125708677348,1.0,4.137931034482759
steady,3000.0,6,10.0,2,3010.0,3010.440835266821,0.4408352668210682,1.6348277753838647,0.5326688870259407,4.137931034482759
steady,3000.0,6,10.0,3,3020.0,3020.591647331786,0.5916473317861346,1.1548361570985228,0.3762752870739218,4.137931034482759
steady,3000.0,6,10.0,4,3030.0,3029.2923433874707,0.7076566125292629,0.7940978721971798,0.2587374866894583,4.137931034482759
steady,3000.0,6,10.0,5,3040.0,3039.443155452436,0.5568445475641965,0.5235683055901887,0.1705920041365209,4.137931034482759
steady,3000.0,6,10.0,6,3050.0,3049.5939675174013,0.4060324825986754,0.3262485412589139,0.106300155883648,4.137931034482759
steady,3000.0,6,20.0,1,3000.0,3000.290023201856,0.29002320185600183,2.971184469706205,1.0,4.137931034482759
steady,3000.0,6,20.0,2,3020.0,3020.591647331786,0.5916473317861346,1.4441168605310026,0.4860407945905152,4.137931034482759
steady,3000.0,6,20.0,3,3040.0,3039.443155452436,0.5568445475641965,0.7173226198422915,0.2414264840019244,4.137931034482759
steady,3000.0,6,20.0,4,3060.0,3059.7447795823664,0.25522041763360903,0.5791912776522007,0.1949361554482923,4.137931034482759
steady,3000.0,6,20.0,5,3080.0,3080.046403712297,0.04640371229697848,0.4595008786488505,0.1546524234135777,4.137931034482759
steady,3000.0,6,20.0,6,3100.0,3100.348027842227,0.34802784222711125,0.3092752197471444,0.1040915577273887,4.137931034482759
steady,3000.0,6,30.0,1,3000.0,3000.290023201856,0.29002320185600183,2.9471472168080544,1.0,4.137931034482759
steady,3000.0,6,30.0,2,3030.0,3029.2923433874707,0.7076566125292629,1.466404246366111,0.4975673553065052,4.137931034482759
steady,3000.0,6,30.0,3,3060.0,3059.7447795823664,0.25522041763360903,0.6909610599502796,0.2344508126399718,4.137931034482759
steady,3000.0,6,30.0,4,3090.0,3090.197215777262,0.19721577726204487,0.4067637030466835,0.138019472093842,4.137931034482759
steady,3000.0,6,30.0,5,3120.0,3120.6496519721577,0.6496519721576988,0.2679334462648695,0.0909128138346133,4.137931034482759
steady,3000.0,6,30.0,6,3150.0,3149.6519721577724,0.348027842227566,0.1995209703249095,0.0676996958913383,4.137931034482759
steady,3000.0,6,40.0,1,3000.0,3000.290023201856,0.29002320185600183,3.1421693109254183,1.0,4.137931034482759
steady,3000.0,6,40.0,2,3040.0,3039.443155452436,0.5568445475641965,1.592349108431871,0.5067674434013548,4.137931034482759
steady,3000.0,6,40.0,3,3080.0,3080.046403712297,0.04640371229697848,0.7184739032810911,0.2286553753748836,4.137931034482759
steady,3000.0,6,40.0,4,3120.0,3120.6496519721577,0.6496519721576988,0.4038749279895078,0.1285337892472001,4.137931034482759
steady,3000.0,6,40.0,5,3160.0,3159.802784222737,0.19721577726295436,0.2999910673631399,0.0954725979660172,4.137931034482759
steady,3000.0,6,40.0,6,3200.0,3200.406032482598,0.40603248259822067,0.2161271441610552,0.0687827811854614,4.137931034482759
steady,3000.0,6,50.0,1,3000.0,3000.290023201856,0.29002320185600183,3.283218151890248,1.0,4.137931034482759
steady,3000.0,6,50.0,2,3050.0,3049.5939675174013,0.4060324825986754,1.5735686749789526,0.4792763082383062,4.137931034482759
steady,3000.0,6,50.0,3,3100.0,3100.348027842227,0.34802784222711125,0.6351021469048375,0.1934389119221913,4.137931034482759
steady,3000.0,6,50.0,4,3150.0,3149.6519721577724,0.348027842227566,0.489215714926539,0.1490049373188567,4.137931034482759
steady,3000.0,6,50.0,5,3200.0,3200.406032482598,0.40603248259822067,0.303767394686305,0.0925212339336687,4.137931034482759
steady,3000.0,6,50.0,6,3250.0,3249.7099767981435,0.2900232018564566,0.2536695727177695,0.0772624787578383,4.137931034482759
steady,3000.0,6,60.0,1,3000.0,3000.290023201856,0.29002320185600183,3.2258069038751613,1.0,4.137931034482759
steady,3000.0,6,60.0,2,3060.0,3059.7447795823664,0.25522041763360903,1.5296532471069175,0.4741924401207478,4.137931034482759
steady,3000.0,6,60.0,3,3120.0,3120.6496519721577,0.6496519721576988,0.7085939195222065,0.2196640842546938,4.137931034482759
steady,3000.0,6,60.0,4,3180.0,3180.104408352668,0.1044083526680879,0.5481116380857368,0.1699145839843328,4.137931034482759
steady,3000.0,6,60.0,5,3240.0,3239.5591647331785,0.44083526682152296,0.3926027827968319,0.1217068456035599,4.137931034482759
steady,3000.0,6,60.0,6,3300.0,3300.46403712297,0.46403712296978483,0.2549549769989827,0.0790360317887302,4.137931034482759
steady,3000.0,6,70.0,1,3000.0,3000.290023201856,0.29002320185600183,3.1592095253752457,1.0,4.137931034482759
steady,3000.0,6,70.0,2,3070.0,3069.8955916473315,0.10440835266854265,1.7999466303368823,0.5697458860767038,4.137931034482759
steady,3000.0,6,70.0,3,3140.0,3139.501160092808,0.49883990719217763,1.2630819625721792,0.3998094942506709,4.137931034482759
steady,3000.0,6,70.0,4,3210.0,3210.556844547564,0.5568445475641965,0.8209494660501514,0.2598591386409042,4.137931034482759
steady,3000.0,6,70.0,5,3280.0,3280.162412993039,0.16241299303919732,0.4904399188796539,0.1552413396263738,4.137931034482759
steady,3000.0,6,70.0,6,3350.0,3349.7679814385147,0.23201856148534716,0.26658760063801,0.0843842735015637,4.137931034482759
steady,3000.0,6,80.0,1,3000.0,3000.290023201856,0.29002320185600183,2.99432018270848,1.0,4.137931034482759
steady,3000.0,6,80.0,2,3080.0,3080.046403712297,0.04640371229697848,1.7698917170017334,0.591082986790276,4.137931034482759
steady,3000.0,6,80.0,3,3160.0,3159.802784222737,0.19721577726295436,1.3185124880201762,0.4403378421700815,4.137931034482759
steady,3000.0,6,80.0,4,3240.0,3239.5591647331785,0.44083526682152296,1.0224393756570238,0.3414596012682208,4.137931034482759
steady,3000.0,6,80.0,5,3320.0,3319.3155452436195,0.6844547563805463,0.7963217776747089,0.2659440971854936,4.137931034482759
steady,3000.0,6,80.0,6,3400.0,3400.522041763341,0.5220417633408942,0.6122585801483086,0.2044733170767652,4.137931034482759
steady,3000.0,6,90.0,1,3000.0,3000.290023201856,0.29002320185600183,2.900655704988011,1.0,4.137931034482759
steady,3000.0,6,90.0,2,3090.0,3090.197215777262,0.19721577726204487,1.7472173871712249,0.6023525591702191,4.137931034482759
steady,3000.0,6,90.0,3,3180.0,3180.104408352668,0.1044083526680879,1.30528454531589,0.4499963725688999,4.137931034482759
steady,3000.0,6,90.0,4,3270.0,3270.011600928074,0.011600928074130934,1.0132527863779324,0.3493185298191466,4.137931034482759
steady,3000.0,6,90.0,5,3360.0,3359.91879350348,0.08120649651982603,0.7979612156854118,0.2750968390744291,4.137931034482759
steady,3000.0,6,90.0,6,3450.0,3449.825986078886,0.174013921113783,0.6327861738093338,0.2181528034234415,4.137931034482759
steady,3000.0,6,100.0,1,3000.0,3000.290023201856,0.29002320185600183,2.9309726640576126,1.0,4.137931034482759
steady,3000.0,6,100.0,2,3100.0,3100.348027842227,0.34802784222711125,1.806582025337348,0.6163762792779963,4.137931034482759
steady,3000.0,6,100.0,3,3200.0,3200.406032482598,0.40603248259822067,1.3352798464235975,0.4555756738362233,4.137931034482759
steady,3000.0,6,100.0,4,3300.0,3300.46403712297,0.46403712296978483,1.0663935827888835,0.3638360725318323,4.137931034482759
steady,3000.0,6,100.0,5,3400.0,3400.522041763341,0.5220417633408942,0.8808563746068931,0.3005338075679776,4.137931034482759
steady,3000.0,6,100.0,6,3500.0,3500.580046403712,0.5800464037120037,0.662981812698456,0.226198565694103,4.137931034482759
steady,3000.0,7,10.0,1,3000.0,3000.290023201856,0.29002320185600183,3.3971305249123454,1.0,4.137931034482759
steady,3000.0,7,10.0,2,3010.0,3010.440835266821,0.4408352668210682,1.864509363147255,0.5488483146214594,4.137931034482759
steady,3000.0,7,10.0,3,3020.0,3020.591647331786,0.5916473317861346,1.3787479192288066,0.4058566219690313,4.137931034482759
steady,3000.0,7,10.0,4,3030.0,3029.2923433874707,0.7076566125292629,0.9791215645501444,0.2882201779913677,4.137931034482759
steady,3000.0,7,10.0,5,3040.0,3039.443155452436,0.5568445475641965,0.647098794949441,0.1904839364293009,4.137931034482759
steady,3000.0,7,10.0,6,3050.0,3049.5939675174013,0.4060324825986754,0.3854356529307159,0.113459182714406,4.137931034482759
steady,3000.0,7,10.0,7,3060.0,3059.7447795823664,0.25522041763360903,0.2430702295930398,0.0715516309457411,4.137931034482759
steady,3000.0,7,20.0,1,3000.0,3000.290023201856,0.29002320185600183,3.2259248713171083,1.0,4.137931034482759
steady,3000.0,7,20.0,2,3020.0,3020.591647331786,0.5916473317861346,1.617944550458259,0.5015443988928578,4.137931034482759
steady,3000.0,7,20.0,3,3040.0,3039.443155452436,0.5568445475641965,0.7753468035678059,0.2403486858797305,4.137931034482759
steady,3000.0,7,20.0,4,3060.0,3059.7447795823664,0.25522041763360903,0.6026961072102854,0.1868289347247605,4.137931034482759
steady,3000.0,7,20.0,5,3080.0,3080.046403712297,0.04640371229697848,0.4628374820135058,0.143474352465169,4.137931034482759
steady,3000.0,7,20.0,6,3100.0,3100.348027842227,0.34802784222711125,0.2982630008987096,0.092458136130409,4.137931034482759
steady,3000.0,7,20.0,7,3120.0,3120.6496519721577,0.6496519721576988,0.2334462281137351,0.0723656741635218,4.137931034482759
steady,3000.0,7,30.0,1,3000.0,3000.290023201856,0.29002320185600183,3.201148624760361,1.0,4.137931034482759
steady,3000.0,7,30.0,2,3030.0,3029.2923433874707,0.7076566125292629,1.619832290286931,0.5060159586961358,4.137931034482759
steady,3000.0,7,30.0,3,3060.0,3059.7447795823664,0.25522041763360903,0.646827747559182,0.2020611422275351,4.137931034482759
steady,3000.0,7,30.0,4,3090.0,3090.197215777262,0.19721577726204487,0.3731327102409363,0.1165621325279356,4.137931034482759
steady,3000.0,7,30.0,5,3120.0,3120.6496519721577,0.6496519721576988,0.2543218569077883,0.0794470631387278,4.137931034482759
steady,3000.0,7,30.0,6,3150.0,3149.6519721577724,0.348027842227566,0.1969449357275922,0.0615232089520165,4.137931034482759
steady,3000.0,7,30.0,7,3180.0,3180.104408352668,0.1044083526680879,0.1530391049504689,0.0478075600010372,4.137931034482759
steady,3000.0,7,40.0,1,3000.0,3000.290023201856,0.29002320185600183,3.1431951974943257,1.0,4.137931034482759
steady,3000.0,7,40.0,2,3040.0,3039.443155452436,0.5568445475641965,1.574269224694841,0.5008499713761997,4.137931034482759
steady,3000.0,7,40.0,3,3080.0,3080.046403712297,0.04640371229697848,0.6959433057759505,0.2214126906056418,4.137931034482759
steady,3000.0,7,40.0,4,3120.0,3120.6496519721577,0.6496519721576988,0.3887431000971585,0.1236776832718039,4.137931034482759
steady,3000.0,7,40.0,5,3160.0,3159.802784222737,0.19721577726295436,0.2999300897984249,0.0954220374342393,4.137931034482759
steady,3000.0,7,40.0,6,3200.0,3200.406032482598,0.40603248259822067,0.2195428885762069,0.0698470425098704,4.137931034482759
steady,3000.0,7,40.0,7,3240.0,3239.5591647331785,0.44083526682152296,0.1785009476154198,0.0567896476037238,4.137931034482759
steady,3000.0,7,50.0,1,3000.0,3000.290023201856,0.29002320185600183,3.379175622902844,1.0,4.137931034482759
steady,3000.0,7,50.0,2,3050.0,3049.5939675174013,0.4060324825986754,1.6402032591076066,0.485385621271323,4.137931034482759
steady,3000.0,7,50.0,3,3100.0,3100.348027842227,0.34802784222711125,0.7670565086119985,0.226995159237408,4.137931034482759
steady,3000.0,7,50.0,4,3150.0,3149.6519721577724,0.348027842227566,0.5603505877723228,0.1658246419554127,4.137931034482759
steady,3000.0,7,50.0,5,3200.0,3200.406032482598,0.40603248259822067,0.358078530175053,0.1059662385547897,4.137931034482759
steady,3000.0,7,50.0,6,3250.0,3249.7099767981435,0.2900232018564566,0.2769829304417732,0.0819676043365375,4.137931034482759
steady,3000.0,7,50.0,7,3300.0,3300.46403712297,0.46403712296978483,0.192465631145383,0.0569563860016389,4.137931034482759
steady,3000.0,7,60.0,1,3000.0,3000.290023201856,0.29002320185600183,2.9130156512192014,1.0,4.137931034482759
steady,3000.0,7,60.0,2,3060.0,3059.7447795823664,0.25522041763360903,1.5042178958588188,0.5163782402711258,4.137931034482759
steady,3000.0,7,60.0,3,3120.0,3120.6496519721577,0.6496519721576988,0.7151813068319994,0.2455123461257993,4.137931034482759
steady,3000.0,7,60.0,4,3180.0,3180.104408352668,0.1044083526680879,0.5535670033977339,0.1900322791489452,4.137931034482759
steady,3000.0,7,60.0,5,3240.0,3239.5591647331785,0.44083526682152296,0.4105712538683179,0.1409437171051515,4.137931034482759
steady,3000.0,7,60.0,6,3300.0,3300.46403712297,0.46403712296978483,0.2640645259743002,0.0906498823182703,4.137931034482759
steady,3000.0,7,60.0,7,3360.0,3359.91879350348,0.08120649651982603,0.2217289128712096,0.0761166225723532,4.137931034482759
steady,3000.0,7,70.0,1,3000.0,3000.290023201856,0.29002320185600183,2.9418838216799648,1.0,4.137931034482759
steady,3000.0,7,70.0,2,3070.0,3069.8955916473315,0.10440835266854265,1.734122333191502,0.5894598285669997,4.137931034482759
steady,3000.0,7,70.0,3,3140.0,3139.501160092808,0.49883990719217763,1.2356251326752314,0.4200115326000966,4.137931034482759
steady,3000.0,7,70.0,4,3210.0,3210.556844547564,0.5568445475641965,0.8229387819191556,0.2797319105039355,4.137931034482759
steady,3000.0,7,70.0,5,3280.0,3280.162412993039,0.16241299303919732,0.5152540971070988,0.1751442709293879,4.137931034482759
steady,3000.0,7,70.0,6,3350.0,3349.7679814385147,0.23201856148534716,0.3008400627504515,0.1022610276223133,4.137931034482759
steady,3000.0,7,70.0,7,3420.0,3419.3735498839906,0.6264501160094369,0.2172322550611883,0.0738412079567227,4.137931034482759
steady,3000.0,7,80.0,1,3000.0,3000.290023201856,0.29002320185600183,3.220027021880702,1.0,4.137931034482759
steady,3000.0,7,80.0,2,3080.0,3080.046403712297,0.04640371229697848,2.0589112582466718,0.6394080683969339,4.137931034482759
steady,3000.0,7,80.0,3,3160.0,3159.802784222737,0.19721577726295436,1.5210008903676722,0.4723565609953515,4.137931034482759
steady,3000.0,7,80.0,4,3240.0,3239.5591647331785,0.44083526682152296,1.1503648114775795,0.3572531546041787,4.137931034482759
steady,3000.0,7,80.0,5,3320.0,3319.3155452436195,0.6844547563805463,0.881813474467006,0.2738528181518087,4.137931034482759
steady,3000.0,7,80.0,6,3400.0,3400.522041763341,0.5220417633408942,0.6701246333195401,0.2081114937129143,4.137931034482759
steady,3000.0,7,80.0,7,3480.0,3480.278422273782,0.2784222737818709,0.5011896462185086,0.1556476522752227,4.137931034482759
steady,3000.0,7,90.0,1,3000.0,3000.290023201856,0.29002320185600183,3.0175111931362304,1.0,4.137931034482759
steady,3000.0,7,90.0,2,3090.0,3090.197215777262,0.19721577726204487,1.9269673371507507,0.6385949260217888,4.137931034482759
steady,3000.0,7,90.0,3,3180.0,3180.104408352668,0.1044083526680879,1.454499250510101,0.4820195046230721,4.137931034482759
steady,3000.0,7,90.0,4,3270.0,3270.011600928074,0.011600928074130934,1.1224308800150065,0.3719723998267643,4.137931034482759
steady,3000.0,7,90.0,5,3360.0,3359.91879350348,0.08120649651982603,0.8671005875698882,0.2873562124780962,4.137931034482759
steady,3000.0,7,90.0,6,3450.0,3449.825986078886,0.174013921113783,0.6687587412630633,0.2216259355671166,4.137931034482759
steady,3000.0,7,90.0,7,3540.0,3539.7331786542923,0.26682134570773997,0.5232118706276899,0.1733918574412621,4.137931034482759
steady,3000.0,7,100.0,1,3000.0,3000.290023201856,0.29002320185600183,2.9364982580234056,1.0,4.137931034482759
steady,3000.0,7,100.0,2,3100.0,3100.348027842227,0.34802784222711125,1.848871177372688,0.6296176652994804,4.137931034482759
steady,3000.0,7,100.0,3,3200.0,3200.406032482598,0.40603248259822067,1.3687818970698715,0.466127263426751,4.137931034482759
steady,3000.0,7,100.0,4,3300.0,3300.46403712297,0.46403712296978483,1.0954512211872138,0.3730467805298737,4.137931034482759
steady,3000.0,7,100.0,5,3400.0,3400.522041763341,0.5220417633408942,0.9106392820800064,0.3101106154556241,4.137931034482759
steady,3000.0,7,100.0,6,3500.0,3500.580046403712,0.5800464037120037,0.6617640938141932,0.2253582449797314,4.137931034482759
steady,3000.0,7,100.0,7,3600.0,3600.638051044083,0.6380510440831131,0.4905789914617883,0.1670625855545384,4.137931034482759
steady,3000.0,8,10.0,1,3000.0,3000.290023201856,0.29002320185600183,3.070730574603771,1.0,4.137931034482759
steady,3000.0,8,10.0,2,3010.0,3010.440835266821,0.4408352668210682,1.835277871659422,0.5976681532524993,4.137931034482759
steady,3000.0,8,10.0,3,3020.0,3020.591647331786,0.5916473317861346,1.2838499898288591,0.4180926846682144,4.137931034482759
steady,3000.0,8,10.0,4,3030.0,3029.2923433874707,0.7076566125292629,0.8466735564102128,0.2757238174565226,4.137931034482759
steady,3000.0,8,10.0,5,3040.0,3039.443155452436,0.5568445475641965,0.53059649054269,0.1727916134782209,4.137931034482759
steady,3000.0,8,10.0,6,3050.0,3049.5939675174013,0.4060324825986754,0.3201932198784802,0.1042726517678276,4.137931034482759
steady,3000.0,8,10.0,7,3060.0,3059.7447795823664,0.25522041763360903,0.2237787683897277,0.0728747648004263,4.137931034482759
steady,3000.0,8,10.0,8,3070.0,3069.8955916473315,0.10440835266854265,0.1863921217362502,0.06069960135148,4.137931034482759
steady,3000.0,8,20.0,1,3000.0,3000.290023201856,0.29002320185600183,3.4196532491553127,1.0,4.137931034482759
steady,3000.0,8,20.0,2,3020.0,3020.591647331786,0.5916473317861346,1.6159065655277025,0.4725352097984925,4.137931034482759
steady,3000.0,8,20.0,3,3040.0,3039.443155452436,0.5568445475641965,0.6954398331284949,0.2033655995093289,4.137931034482759
steady,3000.0,8,20.0,4,3060.0,3059.7447795823664,0.25522041763360903,0.5536832184702141,0.1619120940425697,4.137931034482759
steady,3000.0,8,20.0,5,3080.0,3080.046403712297,0.04640371229697848,0.4064287296231568,0.1188508600173273,4.137931034482759
steady,3000.0,8,20.0,6,3100.0,3100.348027842227,0.34802784222711125,0.2739295084377123,0.0801044692193208,4.137931034482759
steady,3000.0,8,20.0,7,3120.0,3120.6496519721577,0.6496519721576988,0.2311263437914965,0.0675876549321446,4.137931034482759
steady,3000.0,8,20.0,8,3140.0,3139.501160092808,0.49883990719217763,0.1837801443506183,0.0537423332017694,4.137931034482759
steady,3000.0,8,30.0,1,3000.0,3000.290023201856,0.29002320185600183,3.5546574487296536,1.0,4.137931034482759
steady,3000.0,8,30.0,2,3030.0,3029.2923433874707,0.7076566125292629,1.8779464607407936,0.5283058882120766,4.137931034482759
steady,3000.0,8,30.0,3,3060.0,3059.7447795823664,0.25522041763360903,0.7711486068296719,0.2169403431841966,4.137931034482759
steady,3000.0,8,30.0,4,3090.0,3090.197215777262,0.19721577726204487,0.4181435508266612,0.1176325867844439,4.137931034482759
steady,3000.0,8,30.0,5,3120.0,3120.6496519721577,0.6496519721576988,0.2786991071391985,0.0784039281306272,4.137931034482759
steady,3000.0,8,30.0,6,3150.0,3149.6519721577724,0.348027842227566,0.2141034864544393,0.0602318196739195,4.137931034482759
steady,3000.0,8,30.0,7,3180.0,3180.104408352668,0.1044083526680879,0.1641537722234373,0.0461799131396196,4.137931034482759
steady,3000.0,8,30.0,8,3210.0,3210.556844547564,0.5568445475641965,0.1235222816076472,0.0347494191463627,4.137931034482759
steady,3000.0,8,40.0,1,3000.0,3000.290023201856,0.29002320185600183,3.355344194438175,1.0,4.137931034482759
steady,3000.0,8,40.0,2,3040.0,3039.443155452436,0.5568445475641965,1.615544416331275,0.4814839619163973,4.137931034482759
steady,3000.0,8,40.0,3,3080.0,3080.046403712297,0.04640371229697848,0.762224456477227,0.2271672926255052,4.137931034482759
steady,3000.0,8,40.0,4,3120.0,3120.6496519721577,0.6496519721576988,0.4201347738528299,0.1252136143139193,4.137931034482759
steady,3000.0,8,40.0,5,3160.0,3159.802784222737,0.19721577726295436,0.3094594296898217,0.0922288181948016,4.137931034482759
steady,3000.0,8,40.0,6,3200.0,3200.406032482598,0.40603248259822067,0.2211856534287315,0.0659204065548235,4.137931034482759
steady,3000.0,8,40.0,7,3240.0,3239.5591647331785,0.44083526682152296,0.1802185059137707,0.0537108849257555,4.137931034482759
steady,3000.0,8,40.0,8,3280.0,3280.162412993039,0.16241299303919732,0.1374770572401273,0.040972564742541,4.137931034482759
steady,3000.0,8,50.0,1,3000.0,3000.290023201856,0.29002320185600183,2.811514698505992,1.0,4.137931034482759
steady,3000.0,8,50.0,2,3050.0,3049.5939675174013,0.4060324825986754,1.43297034579479,0.5096791229852914,4.137931034482759
steady,3000.0,8,50.0,3,3100.0,3100.348027842227,0.34802784222711125,0.6673175503418808,0.237351613596929,4.137931034482759
steady,3000.0,8,50.0,4,3150.0,3149.6519721577724,0.348027842227566,0.5314383410888464,0.1890220746031478,4.137931034482759
steady,3000.0,8,50.0,5,3200.0,3200.406032482598,0.40603248259822067,0.3634536915472147,0.129273267445605,4.137931034482759
steady,3000.0,8,50.0,6,3250.0,3249.7099767981435,0.2900232018564566,0.2859086859357209,0.1016920473820214,4.137931034482759
steady,3000.0,8,50.0,7,3300.0,3300.46403712297,0.46403712296978483,0.2141116468424559,0.0761552649737995,4.137931034482759
steady,3000.0,8,50.0,8,3350.0,3349.7679814385147,0.23201856148534716,0.1674003431227018,0.059540980956513,4.137931034482759
steady,3000.0,8,60.0,1,3000.0,3000.290023201856,0.29002320185600183,2.9139635854332573,1.0,4.137931034482759
steady,3000.0,8,60.0,2,3060.0,3059.7447795823664,0.25522041763360903,1.6396092029443328,0.5626731957601147,4.137931034482759
steady,3000.0,8,60.0,3,3120.0,3120.6496519721577,0.6496519721576988,0.8054703791947914,0.2764174484613648,4.137931034482759
steady,3000.0,8,60.0,4,3180.0,3180.104408352668,0.1044083526680879,0.6182970205609619,0.2121841960042996,4.137931034482759
steady,3000.0,8,60.0,5,3240.0,3239.5591647331785,0.44083526682152296,0.4551618748600947,0.1562002617793248,4.137931034482759
steady,3000.0,8,60.0,6,3300.0,3300.46403712297,0.46403712296978483,0.2943217083977034,0.1010039074849807,4.137931034482759
steady,3000.0,8,60.0,7,3360.0,3359.91879350348,0.08120649651982603,0.2471500658459083,0.0848157702043353,4.137931034482759
steady,3000.0,8,60.0,8,3420.0,3419.3735498839906,0.6264501160094369,0.1730020267057714,0.0593700029645528,4.137931034482759
steady,3000.0,8,70.0,1,3000.0,3000.290023201856,0.29002320185600183,3.019114358320824,1.0,4.137931034482759
steady,3000.0,8,70.0,2,3070.0,3069.8955916473315,0.10440835266854265,1.892825520689944,0.6269472752740305,4.137931034482759
steady,3000.0,8,70.0,3,3140.0,3139.501160092808,0.49883990719217763,1.3678913812679063,0.4530770348257701,4.137931034482759
steady,3000.0,8,70.0,4,3210.0,3210.556844547564,0.5568445475641965,0.9200955973557852,0.3047567889636104,4.137931034482759
steady,3000.0,8,70.0,5,3280.0,3280.162412993039,0.16241299303919732,0.5769834000733391,0.1911101507245478,4.137931034482759
steady,3000.0,8,70.0,6,3350.0,3349.7679814385147,0.23201856148534716,0.3345435575597218,0.1108085080108687,4.137931034482759
steady,3000.0,8,70.0,7,3420.0,3419.3735498839906,0.6264501160094369,0.2347285327866494,0.0777474798659833,4.137931034482759
steady,3000.0,8,70.0,8,3490.0,3490.429234338747,0.4292343387469373,0.1869117834541857,0.0619094745248877,4.137931034482759
steady,3000.0,8,80.0,1,3000.0,3000.290023201856,0.29002320185600183,3.014694557015266,1.0,4.137931034482759
steady,3000.0,8,80.0,2,3080.0,3080.046403712297,0.04640371229697848,1.921445507093314,0.6373599284285915,4.137931034482759
steady,3000.0,8,80.0,3,3160.0,3159.802784222737,0.19721577726295436,1.468335619251728,0.4870594985601033,4.137931034482759
steady,3000.0,8,80.0,4,3240.0,3239.5591647331785,0.44083526682152296,1.1705062295905415,0.3882669396363043,4.137931034482759
steady,3000.0,8,80.0,5,3320.0,3319.3155452436195,0.6844547563805463,0.9334287261690336,0.309626301608872,4.137931034482759
steady,3000.0,8,80.0,6,3400.0,3400.522041763341,0.5220417633408942,0.7332576348388056,0.2432278365091739,4.137931034482759
steady,3000.0,8,80.0,7,3480.0,3480.278422273782,0.2784222737818709,0.5643886855854825,0.1872125599829464,4.137931034482759
steady,3000.0,8,80.0,8,3560.0,3560.0348027842224,0.0348027842223928,0.4252084334164581,0.1410452785098868,4.137931034482759
steady,3000.0,8,90.0,1,3000.0,3000.290023201856,0.29002320185600183,3.0019434368518176,1.0,4.137931034482759
steady,3000.0,8,90.0,2,3090.0,3090.197215777262,0.19721577726204487,1.8891389106061796,0.6293052984993439,4.137931034482759
steady,3000.0,8,90.0,3,3180.0,3180.104408352668,0.1044083526680879,1.414475839509734,0.4711867059670903,4.137931034482759
steady,3000.0,8,90.0,4,3270.0,3270.011600928074,0.011600928074130934,1.114682963995525,0.3713204420548674,4.137931034482759
steady,3000.0,8,90.0,5,3360.0,3359.91879350348,0.08120649651982603,0.8935270244070462,0.2976495204533571,4.137931034482759
steady,3000.0,8,90.0,6,3450.0,3449.825986078886,0.174013921113783,0.7178680141771924,0.2391344238417866,4.137931034482759
steady,3000.0,8,90.0,7,3540.0,3539.7331786542923,0.26682134570773997,0.5767559181175916,0.1921275101447094,4.137931034482759
steady,3000.0,8,90.0,8,3630.0,3629.6403712296974,0.3596287703026064,0.4603922112333978,0.1533647188623307,4.137931034482759
steady,3000.0,8,100.0,1,3000.0,3000.290023201856,0.29002320185600183,3.0098355350674755,1.0,4.137931034482759
steady,3000.0,8,100.0,2,3100.0,3100.348027842227,0.34802784222711125,1.8327830276953323,0.608931287554303,4.137931034482759
steady,3000.0,8,100.0,3,3200.0,3200.406032482598,0.40603248259822067,1.3392814560227024,0.4449683181751251,4.137931034482759
steady,3000.0,8,100.0,4,3300.0,3300.46403712297,0.46403712296978483,1.0896268898534287,0.3620220696972405,4.137931034482759
steady,3000.0,8,100.0,5,3400.0,3400.522041763341,0.5220417633408942,0.9404459460378976,0.3124575861640275,4.137931034482759
steady,3000.0,8,100.0,6,3500.0,3500.580046403712,0.5800464037120037,0.6929946186546595,0.2302433507015936,4.137931034482759
steady,3000.0,8,100.0,7,3600.0,3600.638051044083,0.6380510440831131,0.5365593086111063,0.1782686470272793,4.137931034482759
steady,3000.0,8,100.0,8,3700.0,3700.696055684455,0.696055684455132,0.4431967650425221,0.1472494958209025,4.137931034482759
steady,3500.0,1,10.0,1,3500.0,3500.580046403712,0.5800464037120037,4.697704287224712,1.0,4.827586206896552
steady,3500.0,1,20.0,1,3500.0,3500.580046403712,0.5800464037120037,4.697704287224712,1.0,4.827586206896552
steady,3500.0,1,30.0,1,3500.0,3500.580046403712,0.5800464037120037,4.697704287224712,1.0,4.827586206896552
steady,3500.0,1,40.0,1,3500.0,3500.580046403712,0.5800464037120037,4.697704287224712,1.0,4.827586206896552
steady,3500.0,1,50.0,1,3500.0,3500.580046403712,0.5800464037120037,4.697704287224712,1.0,4.827586206896552
steady,3500.0,1,60.0,1,3500.0,3500.580046403712,0.5800464037120037,4.697704287224712,1.0,4.827586206896552
steady,3500.0,1,70.0,1,3500.0,3500.580046403712,0.5800464037120037,4.697704287224712,1.0,4.827586206896552
steady,3500.0,1,80.0,1,3500.0,3500.580046403712,0.5800464037120037,4.697704287224712,1.0,4.827586206896552
steady,3500.0,1,90.0,1,3500.0,3500.580046403712,0.5800464037120037,4.697704287224712,1.0,4.827586206896552
steady,3500.0,1,100.0,1,3500.0,3500.580046403712,0.5800464037120037,4.697704287224712,1.0,4.827586206896552
steady,3500.0,2,10.0,1,3500.0,3500.580046403712,0.5800464037120037,2.720035490035533,1.0,4.827586206896552
steady,3500.0,2,10.0,2,3510.0,3509.2807424593966,0.7192575406033939,1.2874508183364606,0.473321330935885,4.827586206896552
steady,3500.0,2,20.0,1,3500.0,3500.580046403712,0.5800464037120037,2.7141528841930063,1.0,4.827586206896552
steady,3500.0,2,20.0,2,3520.0,3519.4315545243617,0.5684454756383275,1.2717149056460069,0.4685494737795964,4.827586206896552
steady,3500.0,2,30.0,1,3500.0,3500.580046403712,0.5800464037120037,2.7072823408407523,1.0,4.827586206896552
steady,3500.0,2,30.0,2,3530.0,3529.5823665893267,0.4176334106732611,1.2527419497157557,0.4627304403451004,4.827586206896552
steady,3500.0,2,40.0,1,3500.0,3500.580046403712,0.5800464037120037,2.712130343084716,1.0,4.827586206896552
steady,3500.0,2,40.0,2,3540.0,3539.7331786542923,0.26682134570773997,1.2439677402108125,0.4586681253659629,4.827586206896552
steady,3500.0,2,50.0,1,3500.0,3500.580046403712,0.5800464037120037,2.711025203491766,1.0,4.827586206896552
steady,3500.0,2,50.0,2,3550.0,3549.8839907192573,0.11600928074267358,1.2393875666478742,0.4571656379481676,4.827586206896552
steady,3500.0,2,60.0,1,3500.0,3500.580046403712,0.5800464037120037,2.70266872277093,1.0,4.827586206896552
steady,3500.0,2,60.0,2,3560.0,3560.0348027842224,0.0348027842223928,1.227512648072511,0.4541853900665987,4.827586206896552
steady,3500.0,2,70.0,1,3500.0,3500.580046403712,0.5800464037120037,2.675960952492401,1.0,4.827586206896552
steady,3500.0,2,70.0,2,3570.0,3570.1856148491875,0.18561484918745919,1.2472098731175665,0.4660792497573293,4.827586206896552
steady,3500.0,2,80.0,1,3500.0,3500.580046403712,0.5800464037120037,2.6730586399169622,1.0,4.827586206896552
steady,3500.0,2,80.0,2,3580.0,3580.336426914153,0.3364269141529803,1.2479715026023326,0.4668702302172841,4.827586206896552
steady,3500.0,2,90.0,1,3500.0,3500.580046403712,0.5800464037120037,2.6617847804438224,1.0,4.827586206896552
steady,3500.0,2,90.0,2,3590.0,3590.487238979118,0.4872389791180467,1.2384885953678335,0.4652850239685155,4.827586206896552
steady,3500.0,2,100.0,1,3500.0,3500.580046403712,0.5800464037120037,2.645957109593552,1.0,4.827586206896552
steady,3500.0,2,100.0,2,3600.0,3600.638051044083,0.6380510440831131,1.2456429241882712,0.470772152606667,4.827586206896552
steady,3500.0,3,10.0,1,3500.0,3500.580046403712,0.5800464037120037,2.4160304635800416,1.0,4.827586206896552
steady,3500.0,3,10.0,2,3510.0,3509.2807424593966,0.7192575406033939,1.057053482068158,0.4375166199278093,4.827586206896552
steady,3500.0,3,10.0,3,3520.0,3519.4315545243617,0.5684454756383275,0.4214544910968568,0.1744408845211128,4.827586206896552
steady,3500.0,3,20.0,1,3500.0,3500.580046403712,0.5800464037120037,2.3919405687806217,1.0,4.827586206896552
steady,3500.0,3,20.0,2,3520.0,3519.4315545243617,0.5684454756383275,1.0909280682520135,0.4560849389364861,4.827586206896552
steady,3500.0,3,20.0,3,3540.0,3539.7331786542923,0.26682134570773997,0.4407869918600702,0.1842800768602613,4.827586206896552
steady,3500.0,3,30.0,1,3500.0,3500.580046403712,0.5800464037120037,2.378023111640597,1.0,4.827586206896552
steady,3500.0,3,30.0,2,3530.0,3529.5823665893267,0.4176334106732611,1.107593088606896,0.4657621211438807,4.827586206896552
steady,3500.0,3,30.0,3,3560.0,3560.0348027842224,0.0348027842223928,0.4514195617166417,0.1898297621696399,4.827586206896552
steady,3500.0,3,40.0,1,3500.0,3500.580046403712,0.5800464037120037,2.378039689290784,1.0,4.827586206896552
steady,3500.0,3,40.0,2,3540.0,3539.7331786542923,0.26682134570773997,1.1006890916627592,0.4628556439236823,4.827586206896552
steady,3500.0,3,40.0,3,3580.0,3580.336426914153,0.3364269141529803,0.4419666218919309,0.1858533412550995,4.827586206896552
steady,3500.0,3,50.0,1,3500.0,3500.580046403712,0.5800464037120037,2.382828063016428,1.0,4.827586206896552
steady,3500.0,3,50.0,2,3550.0,3549.8839907192573,0.11600928074267358,1.1030897913553757,0.4629330200010199,4.827586206896552
steady,3500.0,3,50.0,3,3600.0,3600.638051044083,0.6380510440831131,0.4426496040050193,0.1857664893557901,4.827586206896552
steady,3500.0,3,60.0,1,3500.0,3500.580046403712,0.5800464037120037,2.619124699778577,1.0,4.827586206896552
steady,3500.0,3,60.0,2,3560.0,3560.0348027842224,0.0348027842223928,1.3363424871781011,0.5102248424029129,4.827586206896552
steady,3500.0,3,60.0,3,3620.0,3619.489559164733,0.5104408352672181,0.8853501021426649,0.338032817688105,4.827586206896552
steady,3500.0,3,70.0,1,3500.0,3500.580046403712,0.5800464037120037,2.606570795914837,1.0,4.827586206896552
steady,3500.0,3,70.0,2,3570.0,3570.1856148491875,0.18561484918745919,1.3559867608260374,0.5202186577672148,4.827586206896552
steady,3500.0,3,70.0,3,3640.0,3639.791183294664,0.2088167053361758,0.8887119763058919,0.340950638171321,4.827586206896552
steady,3500.0,3,80.0,1,3500.0,3500.580046403712,0.5800464037120037,2.639326659094735,1.0,4.827586206896552
steady,3500.0,3,80.0,2,3580.0,3580.336426914153,0.3364269141529803,1.3481661037853607,0.5107992597808145,4.827586206896552
steady,3500.0,3,80.0,3,3660.0,3660.0928074245935,0.09280742459350222,0.8828812805018545,0.3345100453782689,4.827586206896552
steady,3500.0,3,90.0,1,3500.0,3500.580046403712,0.5800464037120037,2.694534722837461,1.0,4.827586206896552
steady,3500.0,3,90.0,2,3590.0,3590.487238979118,0.4872389791180467,1.324011898620095,0.4913693957618975,4.827586206896552
steady,3500.0,3,90.0,3,3680.0,3680.394431554524,0.39443155452408973,0.8634770195999454,0.3204549610296604,4.827586206896552
steady,3500.0,3,100.0,1,3500.0,3500.580046403712,0.5800464037120037,2.689102680091992,1.0,4.827586206896552
steady,3500.0,3,100.0,2,3600.0,3600.638051044083,0.6380510440831131,1.3211675111454142,0.4913042260997703,4.827586206896552
steady,3500.0,3,100.0,3,3700.0,3700.696055684455,0.696055684455132,0.8651660952135575,0.321730405320172,4.827586206896552
steady,3500.0,4,10.0,1,3500.0,3500.580046403712,0.5800464037120037,2.4638500278493027,1.0,4.827586206896552
steady,3500.0,4,10.0,2,3510.0,3509.2807424593966,0.7192575406033939,1.1474896880524184,0.465730330613533,4.827586206896552
steady,3500.0,4,10.0,3,3520.0,3519.4315545243617,0.5684454756383275,0.4654428683427538,0.1889087659889102,4.827586206896552
steady,3500.0,4,10.0,4,3530.0,3529.5823665893267,0.4176334106732611,0.2808695051381336,0.1139961856295713,4.827586206896552
steady,3500.0,4,20.0,1,3500.0,3500.580046403712,0.5800464037120037,2.452639840555197,1.0,4.827586206896552
steady,3500.0,4,20.0,2,3520.0,3519.4315545243617,0.5684454756383275,1.1805539606768989,0.4813401222454496,4.827586206896552
steady,3500.0,4,20.0,3,3540.0,3539.7331786542923,0.26682134570773997,0.4942643462824339,0.2015234108610699,4.827586206896552
steady,3500.0,4,20.0,4,3560.0,3560.0348027842224,0.0348027842223928,0.3001790933698757,0.1223902052010722,4.827586206896552
steady,3500.0,4,30.0,1,3500.0,3500.580046403712,0.5800464037120037,2.5101351490257344,1.0,4.827586206896552
steady,3500.0,4,30.0,2,3530.0,3529.5823665893267,0.4176334106732611,1.1795983816384843,0.4699342113496659,4.827586206896552
steady,3500.0,4,30.0,3,3560.0,3560.0348027842224,0.0348027842223928,0.4834423476418702,0.1925961428130712,4.827586206896552
steady,3500.0,4,30.0,4,3590.0,3590.487238979118,0.4872389791180467,0.2904277364772653,0.1157020316575343,4.827586206896552
steady,3500.0,4,40.0,1,3500.0,3500.580046403712,0.5800464037120037,2.6214198461266145,1.0,4.827586206896552
steady,3500.0,4,40.0,2,3540.0,3539.7331786542923,0.26682134570773997,1.2269809287568405,0.4680596778764057,4.827586206896552
steady,3500.0,4,40.0,3,3580.0,3580.336426914153,0.3364269141529803,0.5045139670360113,0.1924582846892978,4.827586206896552
steady,3500.0,4,40.0,4,3620.0,3619.489559164733,0.5104408352672181,0.4038334827964835,0.154051432620831,4.827586206896552
steady,3500.0,4,50.0,1,3500.0,3500.580046403712,0.5800464037120037,2.684522784842691,1.0,4.827586206896552
steady,3500.0,4,50.0,2,3550.0,3549.8839907192573,0.11600928074267358,1.2463730464015892,0.4642810459418859,4.827586206896552
steady,3500.0,4,50.0,3,3600.0,3600.638051044083,0.6380510440831131,0.5194256172265835,0.1934889955709655,4.827586206896552
steady,3500.0,4,50.0,4,3650.0,3649.941995359629,0.05800464037110942,0.419822555795537,0.1563862889024195,4.827586206896552
steady,3500.0,4,60.0,1,3500.0,3500.580046403712,0.5800464037120037,2.921854718912248,1.0,4.827586206896552
steady,3500.0,4,60.0,2,3560.0,3560.0348027842224,0.0348027842223928,1.3742779348354257,0.4703443761047241,4.827586206896552
steady,3500.0,4,60.0,3,3620.0,3619.489559164733,0.5104408352672181,0.935290301871974,0.320101576515127,4.827586206896552
steady,3500.0,4,60.0,4,3680.0,3680.394431554524,0.39443155452408973,0.6313046781527007,0.2160629938464988,4.827586206896552
steady,3500.0,4,70.0,1,3500.0,3500.580046403712,0.5800464037120037,2.951085304286736,1.0,4.827586206896552
steady,3500.0,4,70.0,2,3570.0,3570.1856148491875,0.18561484918745919,1.4580903590907088,0.4940861441628583,4.827586206896552
steady,3500.0,4,70.0,3,3640.0,3639.791183294664,0.2088167053361758,1.0419765052340229,0.3530824756981615,4.827586206896552
steady,3500.0,4,70.0,4,3710.0,3709.396751740139,0.603248259861175,0.8095598593185576,0.2743261464324985,4.827586206896552
steady,3500.0,4,80.0,1,3500.0,3500.580046403712,0.5800464037120037,2.9687745955236435,1.0,4.827586206896552
steady,3500.0,4,80.0,2,3580.0,3580.336426914153,0.3364269141529803,1.4631636801482948,0.4928510511894273,4.827586206896552
steady,3500.0,4,80.0,3,3660.0,3660.0928074245935,0.09280742459350222,1.045404167758467,0.3521332233625081,4.827586206896552
steady,3500.0,4,80.0,4,3740.0,3739.8491879350345,0.15081206496552113,0.8122685189854715,0.2736039712176938,4.827586206896552
steady,3500.0,4,90.0,1,3500.0,3500.580046403712,0.5800464037120037,2.944222665789115,1.0,4.827586206896552
steady,3500.0,4,90.0,2,3590.0,3590.487238979118,0.4872389791180467,1.494916213750402,0.5077456372851245,4.827586206896552
steady,3500.0,4,90.0,3,3680.0,3680.394431554524,0.39443155452408973,1.0645148068900518,0.3615605637642012,4.827586206896552
steady,3500.0,4,90.0,4,3770.0,3770.30162412993,0.30162412993013277,0.8140212541400219,0.2764808734063076,4.827586206896552
steady,3500.0,4,100.0,1,3500.0,3500.580046403712,0.5800464037120037,2.9073398318037893,1.0,4.827586206896552
steady,3500.0,4,100.0,2,3600.0,3600.638051044083,0.6380510440831131,1.4202963245589717,0.4885209183399048,4.827586206896552
steady,3500.0,4,100.0,3,3700.0,3700.696055684455,0.696055684455132,0.9625435985213252,0.3310736460842756,4.827586206896552
steady,3500.0,4,100.0,4,3800.0,3799.303944315545,0.696055684455132,0.6409390042876442,0.2204554821133479,4.827586206896552
steady,3500.0,5,10.0,1,3500.0,3500.580046403712,0.5800464037120037,2.660207838277344,1.0,4.827586206896552
steady,3500.0,5,10.0,2,3510.0,3509.2807424593966,0.7192575406033939,1.2917284645803746,0.4855742645344778,4.827586206896552
steady,3500.0,5,10.0,3,3520.0,3519.4315545243617,0.5684454756383275,0.5311420775320257,0.1996618722377625,4.827586206896552
steady,3500.0,5,10.0,4,3530.0,3529.5823665893267,0.4176334106732611,0.3066763354021583,0.1152828478246838,4.827586206896552
steady,3500.0,5,10.0,5,3540.0,3539.7331786542923,0.26682134570773997,0.2082096558217721,0.0782681912389978,4.827586206896552
steady,3500.0,5,20.0,1,3500.0,3500.580046403712,0.5800464037120037,2.8068244302732737,1.0,4.827586206896552
steady,3500.0,5,20.0,2,3520.0,3519.4315545243617,0.5684454756383275,1.3481443104287214,0.4803094543029417,4.827586206896552
steady,3500.0,5,20.0,3,3540.0,3539.7331786542923,0.26682134570773997,0.5325527462359232,0.1897349689891624,4.827586206896552
steady,3500.0,5,20.0,4,3560.0,3560.0348027842224,0.0348027842223928,0.3193375056437843,0.113771813512644,4.827586206896552
steady,3500.0,5,20.0,5,3580.0,3580.336426914153,0.3364269141529803,0.2174632456362666,0.0774766113942845,4.827586206896552
steady,3500.0,5,30.0,1,3500.0,3500.580046403712,0.5800464037120037,3.124711814437912,1.0,4.827586206896552
steady,3500.0,5,30.0,2,3530.0,3529.5823665893267,0.4176334106732611,1.4359403233523174,0.4595432822692551,4.827586206896552
steady,3500.0,5,30.0,3,3560.0,3560.0348027842224,0.0348027842223928,0.5448693573100032,0.174374275026709,4.827586206896552
steady,3500.0,5,30.0,4,3590.0,3590.487238979118,0.4872389791180467,0.3232565672111721,0.1034516417538239,4.827586206896552
steady,3500.0,5,30.0,5,3620.0,3619.489559164733,0.5104408352672181,0.248784791319793,0.0796184755887786,4.827586206896552
steady,3500.0,5,40.0,1,3500.0,3500.580046403712,0.5800464037120037,3.007525114773681,1.0,4.827586206896552
steady,3500.0,5,40.0,2,3540.0,3539.7331786542923,0.26682134570773997,1.354855780008689,0.4504886005284923,4.827586206896552
steady,3500.0,5,40.0,3,3580.0,3580.336426914153,0.3364269141529803,0.5893764742584469,0.1959672660298958,4.827586206896552
steady,3500.0,5,40.0,4,3620.0,3619.489559164733,0.5104408352672181,0.4562232202313042,0.1516939020692552,4.827586206896552
steady,3500.0,5,40.0,5,3660.0,3660.0928074245935,0.09280742459350222,0.2989774785539096,0.099409802792755,4.827586206896552
steady,3500.0,5,50.0,1,3500.0,3500.580046403712,0.5800464037120037,2.8898588465978454,1.0,4.827586206896552
steady,3500.0,5,50.0,2,3550.0,3549.8839907192573,0.11600928074267358,1.3231442825623396,0.4578577545820421,4.827586206896552
steady,3500.0,5,50.0,3,3600.0,3600.638051044083,0.6380510440831131,0.5923698814317928,0.2049822890585726,4.827586206896552
steady,3500.0,5,50.0,4,3650.0,3649.941995359629,0.05800464037110942,0.4653045326786953,0.1610128928014896,4.827586206896552
steady,3500.0,5,50.0,5,3700.0,3700.696055684455,0.696055684455132,0.3176320758781346,0.1099126610464294,4.827586206896552
steady,3500.0,5,60.0,1,3500.0,3500.580046403712,0.5800464037120037,3.089338486103819,1.0,4.827586206896552
steady,3500.0,5,60.0,2,3560.0,3560.0348027842224,0.0348027842223928,1.5975442014150252,0.5171153010914644,4.827586206896552
steady,3500.0,5,60.0,3,3620.0,3619.489559164733,0.5104408352672181,1.1102013427083035,0.3593653941457402,4.827586206896552
steady,3500.0,5,60.0,4,3680.0,3680.394431554524,0.39443155452408973,0.7331724014338239,0.2373234285371166,4.827586206896552
steady,3500.0,5,60.0,5,3740.0,3739.8491879350345,0.15081206496552113,0.4510649170337442,0.1460069587915611,4.827586206896552
steady,3500.0,5,70.0,1,3500.0,3500.580046403712,0.5800464037120037,3.145344649982716,1.0,4.827586206896552
steady,3500.0,5,70.0,2,3570.0,3570.1856148491875,0.18561484918745919,1.7176682839329782,0.5460985917528678,4.827586206896552
steady,3500.0,5,70.0,3,3640.0,3639.791183294664,0.2088167053361758,1.242204672834877,0.3949343588918635,4.827586206896552
steady,3500.0,5,70.0,4,3710.0,3709.396751740139,0.603248259861175,0.9358742816108052,0.2975426815678045,4.827586206896552
steady,3500.0,5,70.0,5,3780.0,3780.452436194895,0.45243619489519915,0.6655002732602241,0.2115826236288226,4.827586206896552
steady,3500.0,5,80.0,1,3500.0,3500.580046403712,0.5800464037120037,3.197680954548689,1.0,4.827586206896552
steady,3500.0,5,80.0,2,3580.0,3580.336426914153,0.3364269141529803,1.724345630981836,0.5392488042088629,4.827586206896552
steady,3500.0,5,80.0,3,3660.0,3660.0928074245935,0.09280742459350222,1.251226127318484,0.3912917345736508,4.827586206896552
steady,3500.0,5,80.0,4,3740.0,3739.8491879350345,0.15081206496552113,0.9544731915862844,0.2984891879937396,4.827586206896552
steady,3500.0,5,80.0,5,3820.0,3819.605568445476,0.39443155452408973,0.7204578696190775,0.225306364161887,4.827586206896552
steady,3500.0,5,90.0,1,3500.0,3500.580046403712,0.5800464037120037,3.1509997671252625,1.0,4.827586206896552
steady,3500.0,5,90.0,2,3590.0,3590.487238979118,0.4872389791180467,1.7285257238938614,0.5485642182293271,4.827586206896552
steady,3500.0,5,90.0,3,3680.0,3680.394431554524,0.39443155452408973,1.242820888253553,0.3944211298331546,4.827586206896552
steady,3500.0,5,90.0,4,3770.0,3770.30162412993,0.30162412993013277,0.9423582330644588,0.2990664242175416,4.827586206896552
steady,3500.0,5,90.0,5,3860.0,3860.208816705336,0.2088167053361758,0.7345035194180181,0.2331017371315531,4.827586206896552
steady,3500.0,5,100.0,1,3500.0,3500.580046403712,0.5800464037120037,3.2137365309334665,1.0,4.827586206896552
steady,3500.0,5,100.0,2,3600.0,3600.638051044083,0.6380510440831131,1.6917837284568318,0.526422658538668,4.827586206896552
steady,3500.0,5,100.0,3,3700.0,3700.696055684455,0.696055684455132,1.1467306981090597,0.3568216271219902,4.827586206896552
steady,3500.0,5,100.0,4,3800.0,3799.303944315545,0.696055684455132,0.7190086833841074,0.2237298162009762,4.827586206896552
steady,3500.0,5,100.0,5,3900.0,3899.361948955916,0.6380510440840226,0.4714926573968397,0.1467116712457723,4.827586206896552
steady,3500.0,6,10.0,1,3500.0,3500.580046403712,0.5800464037120037,2.8511334046938908,1.0,4.827586206896552
steady,3500.0,6,10.0,2,3510.0,3509.2807424593966,0.7192575406033939,1.3961129767299445,0.4896694677392119,4.827586206896552
steady,3500.0,6,10.0,3,3520.0,3519.4315545243617,0.5684454756383275,0.5502751988681805,0.1930022628763175,4.827586206896552
steady,3500.0,6,10.0,4,3530.0,3529.5823665893267,0.4176334106732611,0.3138134735105237,0.1100662189267906,4.827586206896552
steady,3500.0,6,10.0,5,3540.0,3539.7331786542923,0.26682134570773997,0.2121022280761608,0.0743922496670873,4.827586206896552
steady,3500.0,6,10.0,6,3550.0,3549.8839907192573,0.11600928074267358,0.156627812548324,0.0549352802259143,4.827586206896552
steady,3500.0,6,20.0,1,3500.0,3500.580046403712,0.5800464037120037,3.2321350190308653,1.0,4.827586206896552
steady,3500.0,6,20.0,2,3520.0,3519.4315545243617,0.5684454756383275,1.5051763590615577,0.4656910525702218,4.827586206896552
steady,3500.0,6,20.0,3,3540.0,3539.7331786542923,0.26682134570773997,0.5969287542092939,0.1846855872958794,4.827586206896552
steady,3500.0,6,20.0,4,3560.0,3560.0348027842224,0.0348027842223928,0.3437845299790694,0.1063645324081018,4.827586206896552
steady,3500.0,6,20.0,5,3580.0,3580.336426914153,0.3364269141529803,0.2322836400849714,0.0718669358542515,4.827586206896552
steady,3500.0,6,20.0,6,3600.0,3600.638051044083,0.6380510440831131,0.1643922902815736,0.0508618264130765,4.827586206896552
steady,3500.0,6,30.0,1,3500.0,3500.580046403712,0.5800464037120037,3.1962713252341866,1.0,4.827586206896552
steady,3500.0,6,30.0,2,3530.0,3529.5823665893267,0.4176334106732611,1.5073620255048996,0.4716001465846949,4.827586206896552
steady,3500.0,6,30.0,3,3560.0,3560.0348027842224,0.0348027842223928,0.6378010999741145,0.1995453561588309,4.827586206896552
steady,3500.0,6,30.0,4,3590.0,3590.487238979118,0.4872389791180467,0.3580955064278098,0.1120353906130208,4.827586206896552
steady,3500.0,6,30.0,5,3620.0,3619.489559164733,0.5104408352672181,0.2731144697080226,0.0854478365312156,4.827586206896552
steady,3500.0,6,30.0,6,3650.0,3649.941995359629,0.05800464037110942,0.1992111156510828,0.0623260966859523,4.827586206896552
steady,3500.0,6,40.0,1,3500.0,3500.580046403712,0.5800464037120037,2.990250477839808,1.0,4.827586206896552
steady,3500.0,6,40.0,2,3540.0,3539.7331786542923,0.26682134570773997,1.4907654715929768,0.4985420059760089,4.827586206896552
steady,3500.0,6,40.0,3,3580.0,3580.336426914153,0.3364269141529803,0.6551782929527179,0.2191048200838434,4.827586206896552
steady,3500.0,6,40.0,4,3620.0,3619.489559164733,0.5104408352672181,0.5030680683370339,0.1682360966297566,4.827586206896552
steady,3500.0,6,40.0,5,3660.0,3660.0928074245935,0.09280742459350222,0.3326664368449998,0.111250358225951,4.827586206896552
steady,3500.0,6,40.0,6,3700.0,3700.696055684455,0.696055684455132,0.2487467647590669,0.0831859292733111,4.827586206896552
steady,3500.0,6,50.0,1,3500.0,3500.580046403712,0.5800464037120037,3.0275240537129022,1.0,4.827586206896552
steady,3500.0,6,50.0,2,3550.0,3549.8839907192573,0.11600928074267358,1.5084204233905072,0.4982356528400185,4.827586206896552
steady,3500.0,6,50.0,3,3600.0,3600.638051044083,0.6380510440831131,0.7000593079996591,0.2312316254403061,4.827586206896552
steady,3500.0,6,50.0,4,3650.0,3649.941995359629,0.05800464037110942,0.5285953730542712,0.1745965890530287,4.827586206896552
steady,3500.0,6,50.0,5,3700.0,3700.696055684455,0.696055684455132,0.3514299218152306,0.11607832525203,4.827586206896552
steady,3500.0,6,50.0,6,3750.0,3750.0,0.0,0.2991419258605824,0.0988074481171239,4.827586206896552
steady,3500.0,6,60.0,1,3500.0,3500.580046403712,0.5800464037120037,3.628876557119047,1.0,4.827586206896552
steady,3500.0,6,60.0,2,3560.0,3560.0348027842224,0.0348027842223928,1.7749951582329735,0.4891307627289852,4.827586206896552
steady,3500.0,6,60.0,3,3620.0,3619.489559164733,0.5104408352672181,1.1958391390104568,0.3295342567287077,4.827586206896552
steady,3500.0,6,60.0,4,3680.0,3680.394431554524,0.39443155452408973,0.7613737539988904,0.2098097695015954,4.827586206896552
steady,3500.0,6,60.0,5,3740.0,3739.8491879350345,0.15081206496552113,0.4584449056979091,0.1263324608820166,4.827586206896552
steady,3500.0,6,60.0,6,3800.0,3799.303944315545,0.696055684455132,0.2579777046428287,0.071090239797971,4.827586206896552
steady,3500.0,6,70.0,1,3500.0,3500.580046403712,0.5800464037120037,3.324940130706328,1.0,4.827586206896552
steady,3500.0,6,70.0,2,3570.0,3570.1856148491875,0.18561484918745919,1.858263125427956,0.5588861911426956,4.827586206896552
steady,3500.0,6,70.0,3,3640.0,3639.791183294664,0.2088167053361758,1.3602790607317523,0.4091138508538449,4.827586206896552
steady,3500.0,6,70.0,4,3710.0,3709.396751740139,0.603248259861175,1.0138985212606948,0.3049373767356554,4.827586206896552
steady,3500.0,6,70.0,5,3780.0,3780.452436194895,0.45243619489519915,0.7109630159793573,0.2138273135848389,4.827586206896552
steady,3500.0,6,70.0,6,3850.0,3850.058004640371,0.05800464037110942,0.4846542391737719,0.1457632980208925,4.827586206896552
steady,3500.0,6,80.0,1,3500.0,3500.580046403712,0.5800464037120037,3.3218485482206392,1.0,4.827586206896552
steady,3500.0,6,80.0,2,3580.0,3580.336426914153,0.3364269141529803,1.8167028490738104,0.5468951466938292,4.827586206896552
steady,3500.0,6,80.0,3,3660.0,3660.0928074245935,0.09280742459350222,1.348671906791423,0.406000420312312,4.827586206896552
steady,3500.0,6,80.0,4,3740.0,3739.8491879350345,0.15081206496552113,1.0479806130464393,0.3154811538917974,4.827586206896552
steady,3500.0,6,80.0,5,3820.0,3819.605568445476,0.39443155452408973,0.8034333005629518,0.2418633146274275,4.827586206896552
steady,3500.0,6,80.0,6,3900.0,3899.361948955916,0.6380510440840226,0.6901883518616743,0.2077723718714919,4.827586206896552
steady,3500.0,6,90.0,1,3500.0,3500.580046403712,0.5800464037120037,3.3012384648484576,1.0,4.827586206896552
steady,3500.0,6,90.0,2,3590.0,3590.487238979118,0.4872389791180467,1.81960236148774,0.5511877984165159,4.827586206896552
steady,3500.0,6,90.0,3,3680.0,3680.394431554524,0.39443155452408973,1.3457258271246733,0.4076427199834073,4.827586206896552
steady,3500.0,6,90.0,4,3770.0,3770.30162412993,0.30162412993013277,1.0374377905216954,0.3142571497237533,4.827586206896552
steady,3500.0,6,90.0,5,3860.0,3860.208816705336,0.2088167053361758,0.805036100703658,0.2438588151918352,4.827586206896552
steady,3500.0,6,90.0,6,3950.0,3950.116009280742,0.11600928074221883,0.6893322491683926,0.2088101954791794,4.827586206896552
steady,3500.0,6,100.0,1,3500.0,3500.580046403712,0.5800464037120037,3.254044958285741,1.0,4.827586206896552
steady,3500.0,6,100.0,2,3600.0,3600.638051044083,0.6380510440831131,1.789605498903528,0.5499633600164847,4.827586206896552
steady,3500.0,6,100.0,3,3700.0,3700.696055684455,0.696055684455132,1.2235234863242632,0.3760007934766906,4.827586206896552
steady,3500.0,6,100.0,4,3800.0,3799.303944315545,0.696055684455132,0.8028076772562908,0.2467106900942194,4.827586206896552
steady,3500.0,6,100.0,5,3900.0,3899.361948955916,0.6380510440840226,0.5034133615786309,0.1547038741111411,4.827586206896552
steady,3500.0,6,100.0,6,4000.0,3999.419953596288,0.5800464037120037,0.2870976831786971,0.0882279399513713,4.827586206896552
steady,3500.0,7,10.0,1,3500.0,3500.580046403712,0.5800464037120037,3.262858226698825,1.0,4.827586206896552
steady,3500.0,7,10.0,2,3510.0,3509.2807424593966,0.7192575406033939,1.6428314973636646,0.503494599894335,4.827586206896552
steady,3500.0,7,10.0,3,3520.0,3519.4315545243617,0.5684454756383275,0.5607104014254719,0.1718463881873184,4.827586206896552
steady,3500.0,7,10.0,4,3530.0,3529.5823665893267,0.4176334106732611,0.3203491910177313,0.0981805425673803,4.827586206896552
steady,3500.0,7,10.0,5,3540.0,3539.7331786542923,0.26682134570773997,0.217496218963657,0.0666581885734297,4.827586206896552
steady,3500.0,7,10.0,6,3550.0,3549.8839907192573,0.11600928074267358,0.1589297987552722,0.0487087662757778,4.827586206896552
steady,3500.0,7,10.0,7,3560.0,3560.0348027842224,0.0348027842223928,0.1253561492425126,0.0384191222949153,4.827586206896552
steady,3500.0,7,20.0,1,3500.0,3500.580046403712,0.5800464037120037,3.537550140912326,1.0,4.827586206896552
steady,3500.0,7,20.0,2,3520.0,3519.4315545243617,0.5684454756383275,1.7376755927914926,0.4912087528301013,4.827586206896552
steady,3500.0,7,20.0,3,3540.0,3539.7331786542923,0.26682134570773997,0.6968453471282635,0.1969852919027598,4.827586206896552
steady,3500.0,7,20.0,4,3560.0,3560.0348027842224,0.0348027842223928,0.3808223536849618,0.1076514363091822,4.827586206896552
steady,3500.0,7,20.0,5,3580.0,3580.336426914153,0.3364269141529803,0.2521476357540256,0.0712774733106672,4.827586206896552
steady,3500.0,7,20.0,6,3600.0,3600.638051044083,0.6380510440831131,0.182631900226794,0.0516266605283208,4.827586206896552
steady,3500.0,7,20.0,7,3620.0,3619.489559164733,0.5104408352672181,0.1422325739792027,0.0402065181590673,4.827586206896552
steady,3500.0,7,30.0,1,3500.0,3500.580046403712,0.5800464037120037,3.1701835871727497,1.0,4.827586206896552
steady,3500.0,7,30.0,2,3530.0,3529.5823665893267,0.4176334106732611,1.5848877229786562,0.4999356281419964,4.827586206896552
steady,3500.0,7,30.0,3,3560.0,3560.0348027842224,0.0348027842223928,0.711284709166331,0.224367040459216,4.827586206896552
steady,3500.0,7,30.0,4,3590.0,3590.487238979118,0.4872389791180467,0.3856660421158032,0.1216541665524645,4.827586206896552
steady,3500.0,7,30.0,5,3620.0,3619.489559164733,0.5104408352672181,0.296168069939929,0.0934230027365888,4.827586206896552
steady,3500.0,7,30.0,6,3650.0,3649.941995359629,0.05800464037110942,0.215702275556984,0.0680409413605452,4.827586206896552
steady,3500.0,7,30.0,7,3680.0,3680.394431554524,0.39443155452408973,0.1719235225423721,0.0542314089436372,4.827586206896552
steady,3500.0,7,40.0,1,3500.0,3500.580046403712,0.5800464037120037,3.214286705429192,1.0,4.827586206896552
steady,3500.0,7,40.0,2,3540.0,3539.7331786542923,0.26682134570773997,1.6193498529268515,0.5037975766728082,4.827586206896552
steady,3500.0,7,40.0,3,3580.0,3580.336426914153,0.3364269141529803,0.7737189266002549,0.2407124807172243,4.827586206896552
steady,3500.0,7,40.0,4,3620.0,3619.489559164733,0.5104408352672181,0.5667188444505875,0.176312475017662,4.827586206896552
steady,3500.0,7,40.0,5,3660.0,3660.0928074245935,0.09280742459350222,0.3745426173840604,0.1165243339218705,4.827586206896552
steady,3500.0,7,40.0,6,3700.0,3700.696055684455,0.696055684455132,0.2733958337194466,0.0850564553739586,4.827586206896552
steady,3500.0,7,40.0,7,3740.0,3739.8491879350345,0.15081206496552113,0.1788197074735106,0.05563278072596,4.827586206896552
steady,3500.0,7,50.0,1,3500.0,3500.580046403712,0.5800464037120037,3.4569460715599023,1.0,4.827586206896552
steady,3500.0,7,50.0,2,3550.0,3549.8839907192573,0.11600928074267358,1.7623796591478618,0.5098082592745251,4.827586206896552
steady,3500.0,7,50.0,3,3600.0,3600.638051044083,0.6380510440831131,0.728704357385947,0.2107942508507598,4.827586206896552
steady,3500.0,7,50.0,4,3650.0,3649.941995359629,0.05800464037110942,0.572518788160923,0.1656140351366781,4.827586206896552
steady,3500.0,7,50.0,5,3700.0,3700.696055684455,0.696055684455132,0.3437726806104021,0.0994440391878254,4.827586206896552
steady,3500.0,7,50.0,6,3750.0,3750.0,0.0,0.3117760263065426,0.0901882817529339,4.827586206896552
steady,3500.0,7,50.0,7,3800.0,3799.303944315545,0.696055684455132,0.1907567983326336,0.0551807272615499,4.827586206896552
steady,3500.0,7,60.0,1,3500.0,3500.580046403712,0.5800464037120037,3.465232852160424,1.0,4.827586206896552
steady,3500.0,7,60.0,2,3560.0,3560.0348027842224,0.0348027842223928,1.9043888638619653,0.5495702439374777,4.827586206896552
steady,3500.0,7,60.0,3,3620.0,3619.489559164733,0.5104408352672181,1.3788181525537522,0.3979005773577722,4.827586206896552
steady,3500.0,7,60.0,4,3680.0,3680.394431554524,0.39443155452408973,0.924866325072826,0.2668987524160783,4.827586206896552
steady,3500.0,7,60.0,5,3740.0,3739.8491879350345,0.15081206496552113,0.5617714271299434,0.1621165015735387,4.827586206896552
steady,3500.0,7,60.0,6,3800.0,3799.303944315545,0.696055684455132,0.306135265316551,0.0883447890451831,4.827586206896552
steady,3500.0,7,60.0,7,3860.0,3860.208816705336,0.2088167053361758,0.2020264061050831,0.0583009612122106,4.827586206896552
steady,3500.0,7,70.0,1,3500.0,3500.580046403712,0.5800464037120037,3.4895451317893795,1.0,4.827586206896552
steady,3500.0,7,70.0,2,3570.0,3570.1856148491875,0.18561484918745919,1.986311808080205,0.5692179734215554,4.827586206896552
steady,3500.0,7,70.0,3,3640.0,3639.791183294664,0.2088167053361758,1.4853243442276316,0.4256498449315032,4.827586206896552
steady,3500.0,7,70.0,4,3710.0,3709.396751740139,0.603248259861175,1.1264554699681235,0.3228086834889269,4.827586206896552
steady,3500.0,7,70.0,5,3780.0,3780.452436194895,0.45243619489519915,0.8052504816685411,0.2307608731959922,4.827586206896552
steady,3500.0,7,70.0,6,3850.0,3850.058004640371,0.05800464037110942,0.5533814483386741,0.1585826884132917,4.827586206896552
steady,3500.0,7,70.0,7,3920.0,3919.663573085847,0.3364269141529803,0.4035276503815185,0.1156390403738943,4.827586206896552
steady,3500.0,7,80.0,1,3500.0,3500.580046403712,0.5800464037120037,3.3953312462095746,1.0,4.827586206896552
steady,3500.0,7,80.0,2,3580.0,3580.336426914153,0.3364269141529803,1.9375970648033745,0.5706651057879663,4.827586206896552
steady,3500.0,7,80.0,3,3660.0,3660.0928074245935,0.09280742459350222,1.404923083996563,0.4137808602812961,4.827586206896552
steady,3500.0,7,80.0,4,3740.0,3739.8491879350345,0.15081206496552113,1.0664596995619209,0.3140959223794373,4.827586206896552
steady,3500.0,7,80.0,5,3820.0,3819.605568445476,0.39443155452408973,0.8395626694100844,0.2472697385114756,4.827586206896552
steady,3500.0,7,80.0,6,3900.0,3899.361948955916,0.6380510440840226,0.6775999104491353,0.1995681308578016,4.827586206896552
steady,3500.0,7,80.0,7,3980.0,3980.568445475638,0.5684454756378727,0.54332906292264,0.1600224023883363,4.827586206896552
steady,3500.0,7,90.0,1,3500.0,3500.580046403712,0.5800464037120037,3.304821768274759,1.0,4.827586206896552
steady,3500.0,7,90.0,2,3590.0,3590.487238979118,0.4872389791180467,1.882152179702068,0.5695170002116701,4.827586206896552
steady,3500.0,7,90.0,3,3680.0,3680.394431554524,0.39443155452408973,1.359309698661071,0.4113110460933213,4.827586206896552
steady,3500.0,7,90.0,4,3770.0,3770.30162412993,0.30162412993013277,1.041197235282888,0.3150539751577683,4.827586206896552
steady,3500.0,7,90.0,5,3860.0,3860.208816705336,0.2088167053361758,0.8300718348686061,0.2511699247557107,4.827586206896552
steady,3500.0,7,90.0,6,3950.0,3950.116009280742,0.11600928074221883,0.6778490784290925,0.205109118118329,4.827586206896552
steady,3500.0,7,90.0,7,4040.0,4040.023201856148,0.02320185614780712,0.5369434501210443,0.1624727406710798,4.827586206896552
steady,3500.0,7,100.0,1,3500.0,3500.580046403712,0.5800464037120037,3.156106536194965,1.0,4.827586206896552
steady,3500.0,7,100.0,2,3600.0,3600.638051044083,0.6380510440831131,1.826082305604663,0.578587029513334,4.827586206896552
steady,3500.0,7,100.0,3,3700.0,3700.696055684455,0.696055684455132,1.2621140328596112,0.3998958902005979,4.827586206896552
steady,3500.0,7,100.0,4,3800.0,3799.303944315545,0.696055684455132,0.8585183736326129,0.2720181856305939,4.827586206896552
steady,3500.0,7,100.0,5,3900.0,3899.361948955916,0.6380510440840226,0.5349688366654327,0.1695027815221968,4.827586206896552
steady,3500.0,7,100.0,6,4000.0,3999.419953596288,0.5800464037120037,0.3323878877457202,0.1053158009508926,4.827586206896552
steady,3500.0,7,100.0,7,4100.0,4099.477958236658,0.5220417633418037,0.2419857395285022,0.076672234207988,4.827586206896552
steady,3500.0,8,10.0,1,3500.0,3500.580046403712,0.5800464037120037,3.5308011516023288,1.0,4.827586206896552
steady,3500.0,8,10.0,2,3510.0,3509.2807424593966,0.7192575406033939,1.8921775744954568,0.5359060148818517,4.827586206896552
steady,3500.0,8,10.0,3,3520.0,3519.4315545243617,0.5684454756383275,0.7367671262599227,0.2086685413947956,4.827586206896552
steady,3500.0,8,10.0,4,3530.0,3529.5823665893267,0.4176334106732611,0.3669634994711835,0.1039320776545714,4.827586206896552
steady,3500.0,8,10.0,5,3540.0,3539.7331786542923,0.26682134570773997,0.2362151607821299,0.0669012925508229,4.827586206896552
steady,3500.0,8,10.0,6,3550.0,3549.8839907192573,0.11600928074267358,0.1674040595293378,0.0474124858187971,4.827586206896552
steady,3500.0,8,10.0,7,3560.0,3560.0348027842224,0.0348027842223928,0.1295895228589381,0.0367025831517383,4.827586206896552
steady,3500.0,8,10.0,8,3570.0,3570.1856148491875,0.18561484918745919,0.0994638092753242,0.0281703231092994,4.827586206896552
steady,3500.0,8,20.0,1,3500.0,3500.580046403712,0.5800464037120037,3.658110815456936,1.0,4.827586206896552
steady,3500.0,8,20.0,2,3520.0,3519.4315545243617,0.5684454756383275,1.85565995231578,0.5072727552360901,4.827586206896552
steady,3500.0,8,20.0,3,3540.0,3539.7331786542923,0.26682134570773997,0.7975246424177748,0.2180154409341357,4.827586206896552
steady,3500.0,8,20.0,4,3560.0,3560.0348027842224,0.0348027842223928,0.4057582073975452,0.1109201519218771,4.827586206896552
steady,3500.0,8,20.0,5,3580.0,3580.336426914153,0.3364269141529803,0.2634177905474334,0.0720092429771102,4.827586206896552
steady,3500.0,8,20.0,6,3600.0,3600.638051044083,0.6380510440831131,0.1919977637037527,0.0524854968560514,4.827586206896552
steady,3500.0,8,20.0,7,3620.0,3619.489559164733,0.5104408352672181,0.1467067152629052,0.0401045027512596,4.827586206896552
steady,3500.0,8,20.0,8,3640.0,3639.791183294664,0.2088167053361758,0.1181365150441259,0.0322944057749572,4.827586206896552
steady,3500.0,8,30.0,1,3500.0,3500.580046403712,0.5800464037120037,3.5354825346415644,1.0,4.827586206896552
steady,3500.0,8,30.0,2,3530.0,3529.5823665893267,0.4176334106732611,1.843748453233859,0.5214983910027384,4.827586206896552
steady,3500.0,8,30.0,3,3560.0,3560.0348027842224,0.0348027842223928,0.8508965368533485,0.2406733815019721,4.827586206896552
steady,3500.0,8,30.0,4,3590.0,3590.487238979118,0.4872389791180467,0.4390756028798621,0.1241911389966395,4.827586206896552
steady,3500.0,8,30.0,5,3620.0,3619.489559164733,0.5104408352672181,0.3290179689813219,0.0930616869854452,4.827586206896552
steady,3500.0,8,30.0,6,3650.0,3649.941995359629,0.05800464037110942,0.2342858841124674,0.0662670178163445,4.827586206896552
steady,3500.0,8,30.0,7,3680.0,3680.394431554524,0.39443155452408973,0.1791916492596791,0.0506837885646198,4.827586206896552
steady,3500.0,8,30.0,8,3710.0,3709.396751740139,0.603248259861175,0.1463314766246686,0.0413893931566272,4.827586206896552
steady,3500.0,8,40.0,1,3500.0,3500.580046403712,0.5800464037120037,3.578901245756445,1.0,4.827586206896552
steady,3500.0,8,40.0,2,3540.0,3539.7331786542923,0.26682134570773997,1.8931579921702943,0.5289774325053084,4.827586206896552
steady,3500.0,8,40.0,3,3580.0,3580.336426914153,0.3364269141529803,0.9051302724622294,0.252907305988243,4.827586206896552
steady,3500.0,8,40.0,4,3620.0,3619.489559164733,0.5104408352672181,0.6415135203245241,0.1792487348135621,4.827586206896552
steady,3500.0,8,40.0,5,3660.0,3660.0928074245935,0.09280742459350222,0.4143045966272243,0.1157630703329607,4.827586206896552
steady,3500.0,8,40.0,6,3700.0,3700.696055684455,0.696055684455132,0.2915137656814596,0.0814534254129285,4.827586206896552
steady,3500.0,8,40.0,7,3740.0,3739.8491879350345,0.15081206496552113,0.1807726771760024,0.0505106636821418,4.827586206896552
steady,3500.0,8,40.0,8,3780.0,3780.452436194895,0.45243619489519915,0.1420367462135004,0.0396872493707155,4.827586206896552
steady,3500.0,8,50.0,1,3500.0,3500.580046403712,0.5800464037120037,3.698646182427866,1.0,4.827586206896552
steady,3500.0,8,50.0,2,3550.0,3549.8839907192573,0.11600928074267358,1.9912589700442,0.5383750896489097,4.827586206896552
steady,3500.0,8,50.0,3,3600.0,3600.638051044083,0.6380510440831131,0.9531576507265588,0.2577044690716772,4.827586206896552
steady,3500.0,8,50.0,4,3650.0,3649.941995359629,0.05800464037110942,0.6738863298363633,0.1821981061713804,4.827586206896552
steady,3500.0,8,50.0,5,3700.0,3700.696055684455,0.696055684455132,0.4284272841750662,0.1158335409887295,4.827586206896552
steady,3500.0,8,50.0,6,3750.0,3750.0,0.0,0.3397824834250245,0.0918667173516944,4.827586206896552
steady,3500.0,8,50.0,7,3800.0,3799.303944315545,0.696055684455132,0.1962473676339796,0.0530592432891645,4.827586206896552
steady,3500.0,8,50.0,8,3850.0,3850.058004640371,0.05800464037110942,0.188267067452884,0.0509016159337797,4.827586206896552
steady,3500.0,8,60.0,1,3500.0,3500.580046403712,0.5800464037120037,3.721640269159102,1.0,4.827586206896552
steady,3500.0,8,60.0,2,3560.0,3560.0348027842224,0.0348027842223928,2.112191469519129,0.5675431575218782,4.827586206896552
steady,3500.0,8,60.0,3,3620.0,3619.489559164733,0.5104408352672181,1.5206242650709727,0.4085898031769081,4.827586206896552
steady,3500.0,8,60.0,4,3680.0,3680.394431554524,0.39443155452408973,0.9976787102948368,0.268074998694127,4.827586206896552
steady,3500.0,8,60.0,5,3740.0,3739.8491879350345,0.15081206496552113,0.5866504176805646,0.1576322200031217,4.827586206896552
steady,3500.0,8,60.0,6,3800.0,3799.303944315545,0.696055684455132,0.3087422406188663,0.0829586468035036,4.827586206896552
steady,3500.0,8,60.0,7,3860.0,3860.208816705336,0.2088167053361758,0.2015584346159854,0.0541584946525546,4.827586206896552
steady,3500.0,8,60.0,8,3920.0,3919.663573085847,0.3364269141529803,0.1567676344660082,0.0421232637031385,4.827586206896552
steady,3500.0,8,70.0,1,3500.0,3500.580046403712,0.5800464037120037,3.529265341404366,1.0,4.827586206896552
steady,3500.0,8,70.0,2,3570.0,3570.1856148491875,0.18561484918745919,2.070678350881182,0.5867165402919853,4.827586206896552
steady,3500.0,8,70.0,3,3640.0,3639.791183294664,0.2088167053361758,1.4817452334400678,0.4198452340935213,4.827586206896552
steady,3500.0,8,70.0,4,3710.0,3709.396751740139,0.603248259861175,1.0820897464017256,0.3066048148057749,4.827586206896552
steady,3500.0,8,70.0,5,3780.0,3780.452436194895,0.45243619489519915,0.7660940352050621,0.2170689820959219,4.827586206896552
steady,3500.0,8,70.0,6,3850.0,3850.058004640371,0.05800464037110942,0.5524635752753759,0.1565378405511271,4.827586206896552
steady,3500.0,8,70.0,7,3920.0,3919.663573085847,0.3364269141529803,0.3849014579748815,0.1090599376191197,4.827586206896552
steady,3500.0,8,70.0,8,3990.0,3990.719257540603,0.7192575406029391,0.2451219547857556,0.0694541019373217,4.827586206896552
steady,3500.0,8,80.0,1,3500.0,3500.580046403712,0.5800464037120037,3.344066135101326,1.0,4.827586206896552
steady,3500.0,8,80.0,2,3580.0,3580.336426914153,0.3364269141529803,1.9710309354198177,0.5894114696867666,4.827586206896552
steady,3500.0,8,80.0,3,3660.0,3660.0928074245935,0.09280742459350222,1.4458810477341937,0.4323721449636889,4.827586206896552
steady,3500.0,8,80.0,4,3740.0,3739.8491879350345,0.15081206496552113,1.1224690406724542,0.3356599407201745,4.827586206896552
steady,3500.0,8,80.0,5,3820.0,3819.605568445476,0.39443155452408973,0.8926750041790669,0.2669429874035726,4.827586206896552
steady,3500.0,8,80.0,6,3900.0,3899.361948955916,0.6380510440840226,0.6956840632149817,0.2080353782219388,4.827586206896552
steady,3500.0,8,80.0,7,3980.0,3980.568445475638,0.5684454756378727,0.5551577242969562,0.1660127826030973,4.827586206896552
steady,3500.0,8,80.0,8,4060.0,4060.3248259860784,0.32482598607839464,0.4181628595501688,0.1250462289489075,4.827586206896552
steady,3500.0,8,90.0,1,3500.0,3500.580046403712,0.5800464037120037,3.303243718839834,1.0,4.827586206896552
steady,3500.0,8,90.0,2,3590.0,3590.487238979118,0.4872389791180467,1.8689302486021653,0.565786362641922,4.827586206896552
steady,3500.0,8,90.0,3,3680.0,3680.394431554524,0.39443155452408973,1.4027326945032,0.4246531027979576,4.827586206896552
steady,3500.0,8,90.0,4,3770.0,3770.30162412993,0.30162412993013277,1.098438832834377,0.3325333903064745,4.827586206896552
steady,3500.0,8,90.0,5,3860.0,3860.208816705336,0.2088167053361758,0.8576838341059442,0.2596489714683178,4.827586206896552
steady,3500.0,8,90.0,6,3950.0,3950.116009280742,0.11600928074221883,0.727111893322156,0.2201205709330864,4.827586206896552
steady,3500.0,8,90.0,7,4040.0,4040.023201856148,0.02320185614780712,0.5351419859065485,0.1620049961358894,4.827586206896552
steady,3500.0,8,90.0,8,4130.0,4129.930394431554,0.0696055684456951,0.4162087679997079,0.1260000179901617,4.827586206896552
steady,3500.0,8,100.0,1,3500.0,3500.580046403712,0.5800464037120037,3.230776134192921,1.0,4.827586206896552
steady,3500.0,8,100.0,2,3600.0,3600.638051044083,0.6380510440831131,1.7624868650590166,0.5455304830333912,4.827586206896552
steady,3500.0,8,100.0,3,3700.0,3700.696055684455,0.696055684455132,1.2591972843849115,0.3897507075956753,4.827586206896552
steady,3500.0,8,100.0,4,3800.0,3799.303944315545,0.696055684455132,0.8591520079452837,0.2659274342324273,4.827586206896552
steady,3500.0,8,100.0,5,3900.0,3899.361948955916,0.6380510440840226,0.5948199298607163,0.184110537268565,4.827586206896552
steady,3500.0,8,100.0,6,4000.0,3999.419953596288,0.5800464037120037,0.3139346357563625,0.0971700367703708,4.827586206896552
steady,3500.0,8,100.0,7,4100.0,4099.477958236658,0.5220417633418037,0.2415763864472762,0.0747734836501212,4.827586206896552
steady,3500.0,8,100.0,8,4200.0,4199.53596287703,0.46403712296978483,0.1883531959683272,0.0582996741788733,4.827586206896552
steady,4000.0,1,10.0,1,4000.0,3999.419953596288,0.5800464037120037,4.524517081596384,1.0,5.517241379310345
steady,4000.0,1,20.0,1,4000.0,3999.419953596288,0.5800464037120037,4.524517081596384,1.0,5.517241379310345
steady,4000.0,1,30.0,1,4000.0,3999.419953596288,0.5800464037120037,4.524517081596384,1.0,5.517241379310345
steady,4000.0,1,40.0,1,4000.0,3999.419953596288,0.5800464037120037,4.524517081596384,1.0,5.517241379310345
steady,4000.0,1,50.0,1,4000.0,3999.419953596288,0.5800464037120037,4.524517081596384,1.0,5.517241379310345
steady,4000.0,1,60.0,1,4000.0,3999.419953596288,0.5800464037120037,4.524517081596384,1.0,5.517241379310345
steady,4000.0,1,70.0,1,4000.0,3999.419953596288,0.5800464037120037,4.524517081596384,1.0,5.517241379310345
steady,4000.0,1,80.0,1,4000.0,3999.419953596288,0.5800464037120037,4.524517081596384,1.0,5.517241379310345
steady,4000.0,1,90.0,1,4000.0,3999.419953596288,0.5800464037120037,4.524517081596384,1.0,5.517241379310345
steady,4000.0,1,100.0,1,4000.0,3999.419953596288,0.5800464037120037,4.524517081596384,1.0,5.517241379310345
steady,4000.0,2,10.0,1,4000.0,3999.419953596288,0.5800464037120037,3.0285872024298235,1.0,5.517241379310345
steady,4000.0,2,10.0,2,4010.0,4009.5707656612526,0.42923433874739203,1.3982791984129057,0.4616935570787169,5.517241379310345
steady,4000.0,2,20.0,1,4000.0,3999.419953596288,0.5800464037120037,3.0340635385887875,1.0,5.517241379310345
steady,4000.0,2,20.0,2,4020.0,4019.7215777262177,0.27842227378232565,1.3962064659978548,0.4601770688847414,5.517241379310345
steady,4000.0,2,30.0,1,4000.0,3999.419953596288,0.5800464037120037,3.0368273238505235,1.0,5.517241379310345
steady,4000.0,2,30.0,2,4030.0,4029.872389791183,0.12761020881680452,1.3832401479751146,0.4554885742470353,5.517241379310345
steady,4000.0,2,40.0,1,4000.0,3999.419953596288,0.5800464037120037,3.0328312478561603,1.0,5.517241379310345
steady,4000.0,2,40.0,2,4040.0,4040.023201856148,0.02320185614780712,1.3674113294485968,0.4508695729164584,5.517241379310345
steady,4000.0,2,50.0,1,4000.0,3999.419953596288,0.5800464037120037,3.028575014037906,1.0,5.517241379310345
steady,4000.0,2,50.0,2,4050.0,4050.174013921113,0.1740139211128735,1.3574095993227446,0.4482007521791419,5.517241379310345
steady,4000.0,2,60.0,1,4000.0,3999.419953596288,0.5800464037120037,3.01504291523888,1.0,5.517241379310345
steady,4000.0,2,60.0,2,4060.0,4060.3248259860784,0.32482598607839464,1.3664402929709805,0.4532075766035053,5.517241379310345
steady,4000.0,2,70.0,1,4000.0,3999.419953596288,0.5800464037120037,3.0854852818298006,1.0,5.517241379310345
steady,4000.0,2,70.0,2,4070.0,4070.475638051044,0.47563805104391577,1.320435594612539,0.4279507027268898,5.517241379310345
steady,4000.0,2,80.0,1,4000.0,3999.419953596288,0.5800464037120037,3.082259926470387,1.0,5.517241379310345
steady,4000.0,2,80.0,2,4080.0,4080.626450116009,0.6264501160089821,1.3194866316173637,0.428090642286732,5.517241379310345
steady,4000.0,2,90.0,1,4000.0,3999.419953596288,0.5800464037120037,3.095087008395597,1.0,5.517241379310345
steady,4000.0,2,90.0,2,4090.0,4089.3271461716936,0.6728538283064154,1.3134437331535789,0.4243640742863735,5.517241379310345
steady,4000.0,2,100.0,1,4000.0,3999.419953596288,0.5800464037120037,3.0945525337596025,1.0,5.517241379310345
steady,4000.0,2,100.0,2,4100.0,4099.477958236658,0.5220417633418037,1.311158243472461,0.4236988156344276,5.517241379310345
steady,4000.0,3,10.0,1,4000.0,3999.419953596288,0.5800464037120037,2.9158118101398034,1.0,5.517241379310345
steady,4000.0,3,10.0,2,4010.0,4009.5707656612526,0.42923433874739203,1.4835084122663889,0.5087805759985792,5.517241379310345
steady,4000.0,3,10.0,3,4020.0,4019.7215777262177,0.27842227378232565,0.9743664114935972,0.3341664260036314,5.517241379310345
steady,4000.0,3,20.0,1,4000.0,3999.419953596288,0.5800464037120037,2.921493595316653,1.0,5.517241379310345
steady,4000.0,3,20.0,2,4020.0,4019.7215777262177,0.27842227378232565,1.4771280627031884,0.5056071541868591,5.517241379310345
steady,4000.0,3,20.0,3,4040.0,4040.023201856148,0.02320185614780712,0.971170656824321,0.3324226547616505,5.517241379310345
steady,4000.0,3,30.0,1,4000.0,3999.419953596288,0.5800464037120037,2.9292102519339824,1.0,5.517241379310345
steady,4000.0,3,30.0,2,4030.0,4029.872389791183,0.12761020881680452,1.4605738964487462,0.498623782804398,5.517241379310345
steady,4000.0,3,30.0,3,4060.0,4060.3248259860784,0.32482598607839464,0.9612333709545112,0.3281544471995025,5.517241379310345
steady,4000.0,3,40.0,1,4000.0,3999.419953596288,0.5800464037120037,2.974945340910537,1.0,5.517241379310345
steady,4000.0,3,40.0,2,4040.0,4040.023201856148,0.02320185614780712,1.4423809125922569,0.4848428281209325,5.517241379310345
steady,4000.0,3,40.0,3,4080.0,4080.626450116009,0.6264501160089821,0.947573552544034,0.3185179705701791,5.517241379310345
steady,4000.0,3,50.0,1,4000.0,3999.419953596288,0.5800464037120037,2.972258766248404,1.0,5.517241379310345
steady,4000.0,3,50.0,2,4050.0,4050.174013921113,0.1740139211128735,1.2407733982899758,0.4174513378106996,5.517241379310345
steady,4000.0,3,50.0,3,4100.0,4099.477958236658,0.5220417633418037,0.4863755412449531,0.1636383570528948,5.517241379310345
steady,4000.0,3,60.0,1,4000.0,3999.419953596288,0.5800464037120037,3.0412291489354684,1.0,5.517241379310345
steady,4000.0,3,60.0,2,4060.0,4060.3248259860784,0.32482598607839464,1.2127072464505768,0.3987556303920948,5.517241379310345
steady,4000.0,3,60.0,3,4120.0,4119.779582366589,0.22041763341076148,0.4779960104288409,0.1571719811366912,5.517241379310345
steady,4000.0,3,70.0,1,4000.0,3999.419953596288,0.5800464037120037,3.006945862303619,1.0,5.517241379310345
steady,4000.0,3,70.0,2,4070.0,4070.475638051044,0.47563805104391577,1.200520977129381,0.3992492821968077,5.517241379310345
steady,4000.0,3,70.0,3,4140.0,4140.081206496519,0.08120649651937129,0.4833618801083482,0.1607484478413738,5.517241379310345
steady,4000.0,3,80.0,1,4000.0,3999.419953596288,0.5800464037120037,3.019028336484824,1.0,5.517241379310345
steady,4000.0,3,80.0,2,4080.0,4080.626450116009,0.6264501160089821,1.211119429408404,0.401161994663011,5.517241379310345
steady,4000.0,3,80.0,3,4160.0,4160.3828306264495,0.38283062644950405,0.4819272932595931,0.1596299337225567,5.517241379310345
steady,4000.0,3,90.0,1,4000.0,3999.419953596288,0.5800464037120037,3.029447896345544,1.0,5.517241379310345
steady,4000.0,3,90.0,2,4090.0,4089.3271461716936,0.6728538283064154,1.2207720065346443,0.4029684775259792,5.517241379310345
steady,4000.0,3,90.0,3,4180.0,4180.684454756381,0.6844547563805463,0.4721989232363385,0.1558696301745137,5.517241379310345
steady,4000.0,3,100.0,1,4000.0,3999.419953596288,0.5800464037120037,3.19089176954926,1.0,5.517241379310345
steady,4000.0,3,100.0,2,4100.0,4099.477958236658,0.5220417633418037,1.4121350840368256,0.4425518588605409,5.517241379310345
steady,4000.0,3,100.0,3,4200.0,4199.53596287703,0.46403712296978483,0.9144498962425744,0.2865812952257381,5.517241379310345
steady,4000.0,4,10.0,1,4000.0,3999.419953596288,0.5800464037120037,3.070480697171682,1.0,5.517241379310345
steady,4000.0,4,10.0,2,4010.0,4009.5707656612526,0.42923433874739203,1.622774297791335,0.528508223251859,5.517241379310345
steady,4000.0,4,10.0,3,4020.0,4019.7215777262177,0.27842227378232565,1.1162390035213337,0.3635388441130853,5.517241379310345
steady,4000.0,4,10.0,4,4030.0,4029.872389791183,0.12761020881680452,0.8270239993945507,0.2693467508707509,5.517241379310345
steady,4000.0,4,20.0,1,4000.0,3999.419953596288,0.5800464037120037,3.0678537265601915,1.0,5.517241379310345
steady,4000.0,4,20.0,2,4020.0,4019.7215777262177,0.27842227378232565,1.621356328759607,0.5284985769440645,5.517241379310345
steady,4000.0,4,20.0,3,4040.0,4040.023201856148,0.02320185614780712,1.1321341078721032,0.369031319215307,5.517241379310345
steady,4000.0,4,20.0,4,4060.0,4060.3248259860784,0.32482598607839464,0.8407350089638449,0.2740466410393408,5.517241379310345
steady,4000.0,4,30.0,1,4000.0,3999.419953596288,0.5800464037120037,3.129656641725955,1.0,5.517241379310345
steady,4000.0,4,30.0,2,4030.0,4029.872389791183,0.12761020881680452,1.5512496452600797,0.4956612890302849,5.517241379310345
steady,4000.0,4,30.0,3,4060.0,4060.3248259860784,0.32482598607839464,1.043368670344542,0.3333811947399894,5.517241379310345
steady,4000.0,4,30.0,4,4090.0,4089.3271461716936,0.6728538283064154,0.6820123460427445,0.2179192237735785,5.517241379310345
steady,4000.0,4,40.0,1,4000.0,3999.419953596288,0.5800464037120037,3.364163418402016,1.0,5.517241379310345
steady,4000.0,4,40.0,2,4040.0,4040.023201856148,0.02320185614780712,1.552634822592253,0.4615218196890558,5.517241379310345
steady,4000.0,4,40.0,3,4080.0,4080.626450116009,0.6264501160089821,1.0521417263405817,0.3127498862229323,5.517241379310345
steady,4000.0,4,40.0,4,4120.0,4119.779582366589,0.22041763341076148,0.6800119750072359,0.2021340495195809,5.517241379310345
steady,4000.0,4,50.0,1,4000.0,3999.419953596288,0.5800464037120037,3.266487517681423,1.0,5.517241379310345
steady,4000.0,4,50.0,2,4050.0,4050.174013921113,0.1740139211128735,1.4321607999590935,0.4384406161685417,5.517241379310345
steady,4000.0,4,50.0,3,4100.0,4099.477958236658,0.5220417633418037,0.6155992499729129,0.1884590853755565,5.517241379310345
steady,4000.0,4,50.0,4,4150.0,4150.232018561484,0.23201856148443767,0.4322155598219815,0.1323181421886379,5.517241379310345
steady,4000.0,4,60.0,1,4000.0,3999.419953596288,0.5800464037120037,3.109599447110253,1.0,5.517241379310345
steady,4000.0,4,60.0,2,4060.0,4060.3248259860784,0.32482598607839464,1.4027851594168463,0.4511144227017575,5.517241379310345
steady,4000.0,4,60.0,3,4120.0,4119.779582366589,0.22041763341076148,0.6011702120415692,0.1933272185908818,5.517241379310345
steady,4000.0,4,60.0,4,4180.0,4180.684454756381,0.6844547563805463,0.4295347959548524,0.1381318730147121,5.517241379310345
steady,4000.0,4,70.0,1,4000.0,3999.419953596288,0.5800464037120037,3.025455293870975,1.0,5.517241379310345
steady,4000.0,4,70.0,2,4070.0,4070.475638051044,0.47563805104391577,1.4512975405986557,0.4796955828561479,5.517241379310345
steady,4000.0,4,70.0,3,4140.0,4140.081206496519,0.08120649651937129,0.6060286729226649,0.2003099084459682,5.517241379310345
steady,4000.0,4,70.0,4,4210.0,4209.686774941995,0.31322505800471845,0.3222783583491783,0.1065222675747534,5.517241379310345
steady,4000.0,4,80.0,1,4000.0,3999.419953596288,0.5800464037120037,2.852894001656314,1.0,5.517241379310345
steady,4000.0,4,80.0,2,4080.0,4080.626450116009,0.6264501160089821,1.3989611414462353,0.490365621938297,5.517241379310345
steady,4000.0,4,80.0,3,4160.0,4160.3828306264495,0.38283062644950405,0.5971248692241802,0.2093049615153964,5.517241379310345
steady,4000.0,4,80.0,4,4240.0,4240.1392111368905,0.1392111368904807,0.3066241834307573,0.1074782951111186,5.517241379310345
steady,4000.0,4,90.0,1,4000.0,3999.419953596288,0.5800464037120037,2.669887680949397,1.0,5.517241379310345
steady,4000.0,4,90.0,2,4090.0,4089.3271461716936,0.6728538283064154,1.3140526140517303,0.4921752414635138,5.517241379310345
steady,4000.0,4,90.0,3,4180.0,4180.684454756381,0.6844547563805463,0.5573771020895129,0.2087642510456892,5.517241379310345
steady,4000.0,4,90.0,4,4270.0,4270.591647331787,0.5916473317865893,0.408232012408887,0.1529023169483002,5.517241379310345
steady,4000.0,4,100.0,1,4000.0,3999.419953596288,0.5800464037120037,2.8037725206303388,1.0,5.517241379310345
steady,4000.0,4,100.0,2,4100.0,4099.477958236658,0.5220417633418037,1.5071678206274617,0.5375499651050945,5.517241379310345
steady,4000.0,4,100.0,3,4200.0,4199.53596287703,0.46403712296978483,1.0454359977892165,0.3728676239234214,5.517241379310345
steady,4000.0,4,100.0,4,4300.0,4299.593967517401,0.4060324825986754,0.7693724374824434,0.274406155214573,5.517241379310345
steady,4000.0,5,10.0,1,4000.0,3999.419953596288,0.5800464037120037,2.943889653172516,1.0,5.517241379310345
steady,4000.0,5,10.0,2,4010.0,4009.5707656612526,0.42923433874739203,1.642358859167785,0.557887371015377,5.517241379310345
steady,4000.0,5,10.0,3,4020.0,4019.7215777262177,0.27842227378232565,1.1670636785343678,0.3964359456464913,5.517241379310345
steady,4000.0,5,10.0,4,4030.0,4029.872389791183,0.12761020881680452,0.8887706314506044,0.3019035141119541,5.517241379310345
steady,4000.0,5,10.0,5,4040.0,4040.023201856148,0.02320185614780712,0.6951086255767348,0.2361191170421904,5.517241379310345
steady,4000.0,5,20.0,1,4000.0,3999.419953596288,0.5800464037120037,2.9738791935308786,1.0,5.517241379310345
steady,4000.0,5,20.0,2,4020.0,4019.7215777262177,0.27842227378232565,1.626258091429319,0.5468473954715246,5.517241379310345
steady,4000.0,5,20.0,3,4040.0,4040.023201856148,0.02320185614780712,1.1622504493269648,0.3908196579925723,5.517241379310345
steady,4000.0,5,20.0,4,4060.0,4060.3248259860784,0.32482598607839464,0.8807539643126225,0.2961633297776652,5.517241379310345
steady,4000.0,5,20.0,5,4080.0,4080.626450116009,0.6264501160089821,0.6746834563283385,0.2268698263856806,5.517241379310345
steady,4000.0,5,30.0,1,4000.0,3999.419953596288,0.5800464037120037,3.0097810634938287,1.0,5.517241379310345
steady,4000.0,5,30.0,2,4030.0,4029.872389791183,0.12761020881680452,1.512468911995935,0.5025179174462023,5.517241379310345
steady,4000.0,5,30.0,3,4060.0,4060.3248259860784,0.32482598607839464,1.0275838855113766,0.3414148284654737,5.517241379310345
steady,4000.0,5,30.0,4,4090.0,4089.3271461716936,0.6728538283064154,0.6824952711646036,0.2267591086417249,5.517241379310345
steady,4000.0,5,30.0,5,4120.0,4119.779582366589,0.22041763341076148,0.4317502843585266,0.1434490666431863,5.517241379310345
steady,4000.0,5,40.0,1,4000.0,3999.419953596288,0.5800464037120037,3.004435974591578,1.0,5.517241379310345
steady,4000.0,5,40.0,2,4040.0,4040.023201856148,0.02320185614780712,1.5213018049850473,0.5063518803032082,5.517241379310345
steady,4000.0,5,40.0,3,4080.0,4080.626450116009,0.6264501160089821,1.0334576055795714,0.3439772437553971,5.517241379310345
steady,4000.0,5,40.0,4,4120.0,4119.779582366589,0.22041763341076148,0.6787503082029456,0.2259160501149353,5.517241379310345
steady,4000.0,5,40.0,5,4160.0,4160.3828306264495,0.38283062644950405,0.4219735516213649,0.140450172741234,5.517241379310345
steady,4000.0,5,50.0,1,4000.0,3999.419953596288,0.5800464037120037,2.8345454217072947,1.0,5.517241379310345
steady,4000.0,5,50.0,2,4050.0,4050.174013921113,0.1740139211128735,1.399110782587105,0.493592648709223,5.517241379310345
steady,4000.0,5,50.0,3,4100.0,4099.477958236658,0.5220417633418037,0.6261906320287016,0.2209139522807633,5.517241379310345
steady,4000.0,5,50.0,4,4150.0,4150.232018561484,0.23201856148443767,0.4408392238041002,0.1555237818480873,5.517241379310345
steady,4000.0,5,50.0,5,4200.0,4199.53596287703,0.46403712296978483,0.2877495290836153,0.1015152295249863,5.517241379310345
steady,4000.0,5,60.0,1,4000.0,3999.419953596288,0.5800464037120037,2.7970275762551164,1.0,5.517241379310345
steady,4000.0,5,60.0,2,4060.0,4060.3248259860784,0.32482598607839464,1.4354046435465988,0.5131893070101343,5.517241379310345
steady,4000.0,5,60.0,3,4120.0,4119.779582366589,0.22041763341076148,0.6336213544234705,0.2265338246224276,5.517241379310345
steady,4000.0,5,60.0,4,4180.0,4180.684454756381,0.6844547563805463,0.4425195192540282,0.1582106386832655,5.517241379310345
steady,4000.0,5,60.0,5,4240.0,4240.1392111368905,0.1392111368904807,0.2851287267689423,0.1019399054873443,5.517241379310345
steady,4000.0,5,70.0,1,4000.0,3999.419953596288,0.5800464037120037,2.6465368467123214,1.0,5.517241379310345
steady,4000.0,5,70.0,2,4070.0,4070.475638051044,0.47563805104391577,1.3270923106580508,0.5014448645620182,5.517241379310345
steady,4000.0,5,70.0,3,4140.0,4140.081206496519,0.08120649651937129,0.5860807748578002,0.2214519611113153,5.517241379310345
steady,4000.0,5,70.0,4,4210.0,4209.686774941995,0.31322505800471845,0.3130222704686451,0.1182761807595836,5.517241379310345
steady,4000.0,5,70.0,5,4280.0,4279.29234338747,0.7076566125297177,0.1998069556391641,0.0754975151346846,5.517241379310345
steady,4000.0,5,80.0,1,4000.0,3999.419953596288,0.5800464037120037,2.667834882047245,1.0,5.517241379310345
steady,4000.0,5,80.0,2,4080.0,4080.626450116009,0.6264501160089821,1.3223833181200566,0.4956765979104693,5.517241379310345
steady,4000.0,5,80.0,3,4160.0,4160.3828306264495,0.38283062644950405,0.5803970977018508,0.2175536055876386,5.517241379310345
steady,4000.0,5,80.0,4,4240.0,4240.1392111368905,0.1392111368904807,0.3095052756699077,0.1160136550251563,5.517241379310345
steady,4000.0,5,80.0,5,4320.0,4319.895591647332,0.10440835266763315,0.1946023071516845,0.0729439098578508,5.517241379310345
steady,4000.0,5,90.0,1,4000.0,3999.419953596288,0.5800464037120037,2.7010621829098502,1.0,5.517241379310345
steady,4000.0,5,90.0,2,4090.0,4089.3271461716936,0.6728538283064154,1.3188700381081226,0.4882782952768995,5.517241379310345
steady,4000.0,5,90.0,3,4180.0,4180.684454756381,0.6844547563805463,0.5641036872364329,0.2088451316691735,5.517241379310345
steady,4000.0,5,90.0,4,4270.0,4270.591647331787,0.5916473317865893,0.4206826918505016,0.1557471332989826,5.517241379310345
steady,4000.0,5,90.0,5,4360.0,4360.498839907193,0.4988399071926324,0.2924981023771397,0.1082900290958988,5.517241379310345
steady,4000.0,5,100.0,1,4000.0,3999.419953596288,0.5800464037120037,2.9740148573882528,1.0,5.517241379310345
steady,4000.0,5,100.0,2,4100.0,4099.477958236658,0.5220417633418037,1.561373891764787,0.5250054107449781,5.517241379310345
steady,4000.0,5,100.0,3,4200.0,4199.53596287703,0.46403712296978483,1.0877963181248425,0.3657669414201021,5.517241379310345
steady,4000.0,5,100.0,4,4300.0,4299.593967517401,0.4060324825986754,0.8083586444254579,0.2718071977405484,5.517241379310345
steady,4000.0,5,100.0,5,4400.0,4399.651972157772,0.348027842227566,0.609336680019941,0.2048868984316554,5.517241379310345
steady,4000.0,6,10.0,1,4000.0,3999.419953596288,0.5800464037120037,2.8143836028752283,1.0,5.517241379310345
steady,4000.0,6,10.0,2,4010.0,4009.5707656612526,0.42923433874739203,1.6297934660200062,0.5790942870598655,5.517241379310345
steady,4000.0,6,10.0,3,4020.0,4019.7215777262177,0.27842227378232565,1.167988250989069,0.4150067708594627,5.517241379310345
steady,4000.0,6,10.0,4,4030.0,4029.872389791183,0.12761020881680452,0.8790921652691462,0.31235690982958,5.517241379310345
steady,4000.0,6,10.0,5,4040.0,4040.023201856148,0.02320185614780712,0.6734699758985623,0.2392957289868134,5.517241379310345
steady,4000.0,6,10.0,6,4050.0,4050.174013921113,0.1740139211128735,0.5331874717925266,0.1894508876642871,5.517241379310345
steady,4000.0,6,20.0,1,4000.0,3999.419953596288,0.5800464037120037,2.847102109143497,1.0,5.517241379310345
steady,4000.0,6,20.0,2,4020.0,4019.7215777262177,0.27842227378232565,1.5595367542855303,0.5477628460451286,5.517241379310345
steady,4000.0,6,20.0,3,4040.0,4040.023201856148,0.02320185614780712,1.128965824835603,0.3965315543864471,5.517241379310345
steady,4000.0,6,20.0,4,4060.0,4060.3248259860784,0.32482598607839464,0.8831848429435336,0.3102048360356225,5.517241379310345
steady,4000.0,6,20.0,5,4080.0,4080.626450116009,0.6264501160089821,0.7012799173161629,0.2463135814707858,5.517241379310345
steady,4000.0,6,20.0,6,4100.0,4099.477958236658,0.5220417633418037,0.5558405374845301,0.195230278429229,5.517241379310345
steady,4000.0,6,30.0,1,4000.0,3999.419953596288,0.5800464037120037,2.8805204611986563,1.0,5.517241379310345
steady,4000.0,6,30.0,2,4030.0,4029.872389791183,0.12761020881680452,1.5438310575637093,0.5359555949556709,5.517241379310345
steady,4000.0,6,30.0,3,4060.0,4060.3248259860784,0.32482598607839464,1.0665035378211478,0.3702468189992822,5.517241379310345
steady,4000.0,6,30.0,4,4090.0,4089.3271461716936,0.6728538283064154,0.7126634322394293,0.2474078701537403,5.517241379310345
steady,4000.0,6,30.0,5,4120.0,4119.779582366589,0.22041763341076148,0.4500851282372084,0.1562513213497247,5.517241379310345
steady,4000.0,6,30.0,6,4150.0,4150.232018561484,0.23201856148443767,0.2694627806579466,0.0935465601746902,5.517241379310345
steady,4000.0,6,40.0,1,4000.0,3999.419953596288,0.5800464037120037,2.941008296011382,1.0,5.517241379310345
steady,4000.0,6,40.0,2,4040.0,4040.023201856148,0.02320185614780712,1.6456144537421504,0.5595409084612054,5.517241379310345
steady,4000.0,6,40.0,3,4080.0,4080.626450116009,0.6264501160089821,1.130183588022841,0.3842843930619321,5.517241379310345
steady,4000.0,6,40.0,4,4120.0,4119.779582366589,0.22041763341076148,0.7259401435728696,0.2468337626103929,5.517241379310345
steady,4000.0,6,40.0,5,4160.0,4160.3828306264495,0.38283062644950405,0.4313269912015616,0.1466595629079083,5.517241379310345
steady,4000.0,6,40.0,6,4200.0,4199.53596287703,0.46403712296978483,0.2446432450879985,0.0831834597065862,5.517241379310345
steady,4000.0,6,50.0,1,4000.0,3999.419953596288,0.5800464037120037,2.8433543824860577,1.0,5.517241379310345
steady,4000.0,6,50.0,2,4050.0,4050.174013921113,0.1740139211128735,1.4907717310206037,0.5243003616443908,5.517241379310345
steady,4000.0,6,50.0,3,4100.0,4099.477958236658,0.5220417633418037,0.6442501866382156,0.226581037737168,5.517241379310345
steady,4000.0,6,50.0,4,4150.0,4150.232018561484,0.23201856148443767,0.4640577999401207,0.163207865610609,5.517241379310345
steady,4000.0,6,50.0,5,4200.0,4199.53596287703,0.46403712296978483,0.3058683958758851,0.107573082609721,5.517241379310345
steady,4000.0,6,50.0,6,4250.0,4250.290023201856,0.2900232018555471,0.2435044944811555,0.0856398681715678,5.517241379310345
steady,4000.0,6,60.0,1,4000.0,3999.419953596288,0.5800464037120037,2.7953624374927832,1.0,5.517241379310345
steady,4000.0,6,60.0,2,4060.0,4060.3248259860784,0.32482598607839464,1.4317763960766068,0.5121970506839878,5.517241379310345
steady,4000.0,6,60.0,3,4120.0,4119.779582366589,0.22041763341076148,0.6432120613799026,0.2300997011166868,5.517241379310345
steady,4000.0,6,60.0,4,4180.0,4180.684454756381,0.6844547563805463,0.4566461927140305,0.1633584921186841,5.517241379310345
steady,4000.0,6,60.0,5,4240.0,4240.1392111368905,0.1392111368904807,0.2987635657718042,0.1068782930487437,5.517241379310345
steady,4000.0,6,60.0,6,4300.0,4299.593967517401,0.4060324825986754,0.2211482219974777,0.0791125397663388,5.517241379310345
steady,4000.0,6,70.0,1,4000.0,3999.419953596288,0.5800464037120037,2.8254954576716798,1.0,5.517241379310345
steady,4000.0,6,70.0,2,4070.0,4070.475638051044,0.47563805104391577,1.385844740129942,0.4904784880708791,5.517241379310345
steady,4000.0,6,70.0,3,4140.0,4140.081206496519,0.08120649651937129,0.6023443459501122,0.2131818489796716,5.517241379310345
steady,4000.0,6,70.0,4,4210.0,4209.686774941995,0.31322505800471845,0.3271781884258792,0.1157949794389289,5.517241379310345
steady,4000.0,6,70.0,5,4280.0,4279.29234338747,0.7076566125297177,0.2098602507366136,0.0742737880419552,5.517241379310345
steady,4000.0,6,70.0,6,4350.0,4350.348027842227,0.3480278422266565,0.148615182126848,0.0525979193218426,5.517241379310345
steady,4000.0,6,80.0,1,4000.0,3999.419953596288,0.5800464037120037,2.9218662076480046,1.0,5.517241379310345
steady,4000.0,6,80.0,2,4080.0,4080.626450116009,0.6264501160089821,1.4061751459865253,0.4812592521539324,5.517241379310345
steady,4000.0,6,80.0,3,4160.0,4160.3828306264495,0.38283062644950405,0.6102267903290701,0.2088483000117518,5.517241379310345
steady,4000.0,6,80.0,4,4240.0,4240.1392111368905,0.1392111368904807,0.3275528007095585,0.1121039696657522,5.517241379310345
steady,4000.0,6,80.0,5,4320.0,4319.895591647332,0.10440835266763315,0.2073830329022614,0.0709762248385757,5.517241379310345
steady,4000.0,6,80.0,6,4400.0,4399.651972157772,0.348027842227566,0.1469343793929586,0.0502878533617853,5.517241379310345
steady,4000.0,6,90.0,1,4000.0,3999.419953596288,0.5800464037120037,2.967641548425875,1.0,5.517241379310345
steady,4000.0,6,90.0,2,4090.0,4089.3271461716936,0.6728538283064154,1.4194172821138888,0.4782980892240135,5.517241379310345
steady,4000.0,6,90.0,3,4180.0,4180.684454756381,0.6844547563805463,0.6088017129197323,0.2051466469198946,5.517241379310345
steady,4000.0,6,90.0,4,4270.0,4270.591647331787,0.5916473317865893,0.4464218518971137,0.1504298428945736,5.517241379310345
steady,4000.0,6,90.0,5,4360.0,4360.498839907193,0.4988399071926324,0.3104628522268088,0.1046160215648306,5.517241379310345
steady,4000.0,6,90.0,6,4450.0,4450.406032482599,0.4060324825986754,0.1874560456764438,0.0631666738106817,5.517241379310345
steady,4000.0,6,100.0,1,4000.0,3999.419953596288,0.5800464037120037,3.149930546374394,1.0,5.517241379310345
steady,4000.0,6,100.0,2,4100.0,4099.477958236658,0.5220417633418037,1.6280910717443131,0.5168657047433203,5.517241379310345
steady,4000.0,6,100.0,3,4200.0,4199.53596287703,0.46403712296978483,1.1384815444278658,0.3614306816187649,5.517241379310345
steady,4000.0,6,100.0,4,4300.0,4299.593967517401,0.4060324825986754,0.8453647367524657,0.2683756750527373,5.517241379310345
steady,4000.0,6,100.0,5,4400.0,4399.651972157772,0.348027842227566,0.6334785560174918,0.2011087376979257,5.517241379310345
steady,4000.0,6,100.0,6,4500.0,4499.709976798144,0.2900232018555471,0.4747308137184162,0.1507115178348414,5.517241379310345
steady,4000.0,7,10.0,1,4000.0,3999.419953596288,0.5800464037120037,2.7608910725159537,1.0,5.517241379310345
steady,4000.0,7,10.0,2,4010.0,4009.5707656612526,0.42923433874739203,1.591107642321025,0.5763022156723755,5.517241379310345
steady,4000.0,7,10.0,3,4020.0,4019.7215777262177,0.27842227378232565,1.1600024919607117,0.420155109887628,5.517241379310345
steady,4000.0,7,10.0,4,4030.0,4029.872389791183,0.12761020881680452,0.8981194514187495,0.325300574281733,5.517241379310345
steady,4000.0,7,10.0,5,4040.0,4040.023201856148,0.02320185614780712,0.704469550263507,0.2551602115984734,5.517241379310345
steady,4000.0,7,10.0,6,4050.0,4050.174013921113,0.1740139211128735,0.5628238037185942,0.203855852670675,5.517241379310345
steady,4000.0,7,10.0,7,4060.0,4060.3248259860784,0.32482598607839464,0.4572273313256747,0.1656086094367392,5.517241379310345
steady,4000.0,7,20.0,1,4000.0,3999.419953596288,0.5800464037120037,2.935000481171413,1.0,5.517241379310345
steady,4000.0,7,20.0,2,4020.0,4019.7215777262177,0.27842227378232565,1.6539591038790764,0.5635294148977279,5.517241379310345
steady,4000.0,7,20.0,3,4040.0,4040.023201856148,0.02320185614780712,1.2164085658664927,0.4144491878859936,5.517241379310345
steady,4000.0,7,20.0,4,4060.0,4060.3248259860784,0.32482598607839464,0.9550603637351004,0.3254038184531806,5.517241379310345
steady,4000.0,7,20.0,5,4080.0,4080.626450116009,0.6264501160089821,0.7542822912121137,0.2569956277864273,5.517241379310345
steady,4000.0,7,20.0,6,4100.0,4099.477958236658,0.5220417633418037,0.591200824812305,0.2014312531139162,5.517241379310345
steady,4000.0,7,20.0,7,4120.0,4119.779582366589,0.22041763341076148,0.4567541243707221,0.1556231855159434,5.517241379310345
steady,4000.0,7,30.0,1,4000.0,3999.419953596288,0.5800464037120037,2.987766423391832,1.0,5.517241379310345
steady,4000.0,7,30.0,2,4030.0,4029.872389791183,0.12761020881680452,1.7046386948900425,0.5705394777664273,5.517241379310345
steady,4000.0,7,30.0,3,4060.0,4060.3248259860784,0.32482598607839464,1.1884339224457428,0.3977666771877652,5.517241379310345
steady,4000.0,7,30.0,4,4090.0,4089.3271461716936,0.6728538283064154,0.7777493825907547,0.2603113069688434,5.517241379310345
steady,4000.0,7,30.0,5,4120.0,4119.779582366589,0.22041763341076148,0.4703125829375774,0.1574127680314647,5.517241379310345
steady,4000.0,7,30.0,6,4150.0,4150.232018561484,0.23201856148443767,0.2681307340267872,0.0897428701010685,5.517241379310345
steady,4000.0,7,30.0,7,4180.0,4180.684454756381,0.6844547563805463,0.2055316282020382,0.0687910629803217,5.517241379310345
steady,4000.0,7,40.0,1,4000.0,3999.419953596288,0.5800464037120037,2.9906062127362643,1.0,5.517241379310345
steady,4000.0,7,40.0,2,4040.0,4040.023201856148,0.02320185614780712,1.7018941223848645,0.5690799795496014,5.517241379310345
steady,4000.0,7,40.0,3,4080.0,4080.626450116009,0.6264501160089821,1.1696957100958478,0.3911232796596216,5.517241379310345
steady,4000.0,7,40.0,4,4120.0,4119.779582366589,0.22041763341076148,0.7526676999094719,0.2516773009779901,5.517241379310345
steady,4000.0,7,40.0,5,4160.0,4160.3828306264495,0.38283062644950405,0.458488360197966,0.1533095056933192,5.517241379310345
steady,4000.0,7,40.0,6,4200.0,4199.53596287703,0.46403712296978483,0.2728614523893621,0.0912395123193791,5.517241379310345
steady,4000.0,7,40.0,7,4240.0,4240.1392111368905,0.1392111368904807,0.1758467704764071,0.0587997074731934,5.517241379310345
steady,4000.0,7,50.0,1,4000.0,3999.419953596288,0.5800464037120037,2.9425236577142577,1.0,5.517241379310345
steady,4000.0,7,50.0,2,4050.0,4050.174013921113,0.1740139211128735,1.5092947485591373,0.5129252723601048,5.517241379310345
steady,4000.0,7,50.0,3,4100.0,4099.477958236658,0.5220417633418037,0.6860387088041641,0.2331463697855454,5.517241379310345
steady,4000.0,7,50.0,4,4150.0,4150.232018561484,0.23201856148443767,0.4839116385929856,0.1644546297272207,5.517241379310345
steady,4000.0,7,50.0,5,4200.0,4199.53596287703,0.46403712296978483,0.3222583305565687,0.1095176685195788,5.517241379310345
steady,4000.0,7,50.0,6,4250.0,4250.290023201856,0.2900232018555471,0.2558806231303817,0.0869595805829982,5.517241379310345
steady,4000.0,7,50.0,7,4300.0,4299.593967517401,0.4060324825986754,0.184882828815898,0.0628313822834356,5.517241379310345
steady,4000.0,7,60.0,1,4000.0,3999.419953596288,0.5800464037120037,3.055248226438917,1.0,5.517241379310345
steady,4000.0,7,60.0,2,4060.0,4060.3248259860784,0.32482598607839464,1.5353735592636866,0.5025364374577382,5.517241379310345
steady,4000.0,7,60.0,3,4120.0,4119.779582366589,0.22041763341076148,0.6897917473774728,0.2257727347350327,5.517241379310345
steady,4000.0,7,60.0,4,4180.0,4180.684454756381,0.6844547563805463,0.4884978275943848,0.159888097918564,5.517241379310345
steady,4000.0,7,60.0,5,4240.0,4240.1392111368905,0.1392111368904807,0.3207642287527931,0.1049879436888386,5.517241379310345
steady,4000.0,7,60.0,6,4300.0,4299.593967517401,0.4060324825986754,0.2416178909216928,0.0790829003125921,5.517241379310345
steady,4000.0,7,60.0,7,4360.0,4360.498839907193,0.4988399071926324,0.1622464505296315,0.0531041795968047,5.517241379310345
steady,4000.0,7,70.0,1,4000.0,3999.419953596288,0.5800464037120037,3.1060572995016464,1.0,5.517241379310345
steady,4000.0,7,70.0,2,4070.0,4070.475638051044,0.47563805104391577,1.5270844323315305,0.49164721867061,5.517241379310345
steady,4000.0,7,70.0,3,4140.0,4140.081206496519,0.08120649651937129,0.6272353919656088,0.2019394143392802,5.517241379310345
steady,4000.0,7,70.0,4,4210.0,4209.686774941995,0.31322505800471845,0.3652325745867459,0.1175871979713143,5.517241379310345
steady,4000.0,7,70.0,5,4280.0,4279.29234338747,0.7076566125297177,0.2331878578358873,0.075075195127051,5.517241379310345
steady,4000.0,7,70.0,6,4350.0,4350.348027842227,0.3480278422266565,0.1689791839743694,0.0544031122675945,5.517241379310345
steady,4000.0,7,70.0,7,4420.0,4419.953596287703,0.04640371229743323,0.1251093844438519,0.0402791617733276,5.517241379310345
steady,4000.0,7,80.0,1,4000.0,3999.419953596288,0.5800464037120037,2.977213298284565,1.0,5.517241379310345
steady,4000.0,7,80.0,2,4080.0,4080.626450116009,0.6264501160089821,1.4852766604451857,0.4988815081878697,5.517241379310345
steady,4000.0,7,80.0,3,4160.0,4160.3828306264495,0.38283062644950405,0.6436150823360766,0.2161803733400358,5.517241379310345
steady,4000.0,7,80.0,4,4240.0,4240.1392111368905,0.1392111368904807,0.3458702316603761,0.1161724730504403,5.517241379310345
steady,4000.0,7,80.0,5,4320.0,4319.895591647332,0.10440835266763315,0.2250812422678131,0.075601315632139,5.517241379310345
steady,4000.0,7,80.0,6,4400.0,4399.651972157772,0.348027842227566,0.1579735102508645,0.0530608641113779,5.517241379310345
steady,4000.0,7,80.0,7,4480.0,4479.408352668213,0.5916473317865893,0.1136451402226839,0.0381716487321096,5.517241379310345
steady,4000.0,7,90.0,1,4000.0,3999.419953596288,0.5800464037120037,2.9510404715260297,1.0,5.517241379310345
steady,4000.0,7,90.0,2,4090.0,4089.3271461716936,0.6728538283064154,1.508136635391641,0.511052508409605,5.517241379310345
steady,4000.0,7,90.0,3,4180.0,4180.684454756381,0.6844547563805463,0.6298380821438595,0.2134291576889693,5.517241379310345
steady,4000.0,7,90.0,4,4270.0,4270.591647331787,0.5916473317865893,0.4736438413354329,0.160500625425345,5.517241379310345
steady,4000.0,7,90.0,5,4360.0,4360.498839907193,0.4988399071926324,0.3294919596303458,0.1116528095122871,5.517241379310345
steady,4000.0,7,90.0,6,4450.0,4450.406032482599,0.4060324825986754,0.1997686962406286,0.0676943261768704,5.517241379310345
steady,4000.0,7,90.0,7,4540.0,4540.313225058005,0.31322505800471845,0.1512533290849625,0.0512542374611172,5.517241379310345
steady,4000.0,7,100.0,1,4000.0,3999.419953596288,0.5800464037120037,3.0014752456221827,1.0,5.517241379310345
steady,4000.0,7,100.0,2,4100.0,4099.477958236658,0.5220417633418037,1.661177672911914,0.5534537309061046,5.517241379310345
steady,4000.0,7,100.0,3,4200.0,4199.53596287703,0.46403712296978483,1.1686302293950668,0.3893519465468117,5.517241379310345
steady,4000.0,7,100.0,4,4300.0,4299.593967517401,0.4060324825986754,0.8598220825978576,0.2864664913868457,5.517241379310345
steady,4000.0,7,100.0,5,4400.0,4399.651972157772,0.348027842227566,0.6417175633137904,0.2138007182467257,5.517241379310345
steady,4000.0,7,100.0,6,4500.0,4499.709976798144,0.2900232018555471,0.4823741633874607,0.1607123577284304,5.517241379310345
steady,4000.0,7,100.0,7,4600.0,4599.767981438515,0.23201856148534716,0.3780802629624589,0.1259648113086755,5.517241379310345
steady,4000.0,8,10.0,1,4000.0,3999.419953596288,0.5800464037120037,2.8891442684130406,1.0,5.517241379310345
steady,4000.0,8,10.0,2,4010.0,4009.5707656612526,0.42923433874739203,1.6281532603540907,0.5635416957729177,5.517241379310345
steady,4000.0,8,10.0,3,4020.0,4019.7215777262177,0.27842227378232565,1.1985878142690072,0.4148591080664074,5.517241379310345
steady,4000.0,8,10.0,4,4030.0,4029.872389791183,0.12761020881680452,0.9449881759704072,0.3270823774021758,5.517241379310345
steady,4000.0,8,10.0,5,4040.0,4040.023201856148,0.02320185614780712,0.754217294312513,0.2610521400950296,5.517241379310345
steady,4000.0,8,10.0,6,4050.0,4050.174013921113,0.1740139211128735,0.6062105086892042,0.2098235506329303,5.517241379310345
steady,4000.0,8,10.0,7,4060.0,4060.3248259860784,0.32482598607839464,0.4873623125476394,0.1686874268882874,5.517241379310345
steady,4000.0,8,10.0,8,4070.0,4070.475638051044,0.47563805104391577,0.3931631513359352,0.136082907189641,5.517241379310345
steady,4000.0,8,20.0,1,4000.0,3999.419953596288,0.5800464037120037,3.146802930039906,1.0,5.517241379310345
steady,4000.0,8,20.0,2,4020.0,4019.7215777262177,0.27842227378232565,1.81232477246938,0.5759257293072358,5.517241379310345
steady,4000.0,8,20.0,3,4040.0,4040.023201856148,0.02320185614780712,1.325895082394029,0.4213467166109492,5.517241379310345
steady,4000.0,8,20.0,4,4060.0,4060.3248259860784,0.32482598607839464,1.0051161797351504,0.3194086830605576,5.517241379310345
steady,4000.0,8,20.0,5,4080.0,4080.626450116009,0.6264501160089821,0.7617806951336249,0.2420808395281252,5.517241379310345
steady,4000.0,8,20.0,6,4100.0,4099.477958236658,0.5220417633418037,0.5823302192531168,0.1850545560683496,5.517241379310345
steady,4000.0,8,20.0,7,4120.0,4119.779582366589,0.22041763341076148,0.4493473300540159,0.1427948746851833,5.517241379310345
steady,4000.0,8,20.0,8,4140.0,4140.081206496519,0.08120649651937129,0.3487857667723193,0.1108381346168049,5.517241379310345
steady,4000.0,8,30.0,1,4000.0,3999.419953596288,0.5800464037120037,3.0868582898085783,1.0,5.517241379310345
steady,4000.0,8,30.0,2,4030.0,4029.872389791183,0.12761020881680452,1.7651546571514514,0.5718288600999925,5.517241379310345
steady,4000.0,8,30.0,3,4060.0,4060.3248259860784,0.32482598607839464,1.2447498352292532,0.4032416516620989,5.517241379310345
steady,4000.0,8,30.0,4,4090.0,4089.3271461716936,0.6728538283064154,0.8256162220610643,0.2674616534185838,5.517241379310345
steady,4000.0,8,30.0,5,4120.0,4119.779582366589,0.22041763341076148,0.5051659087482951,0.1636505020059153,5.517241379310345
steady,4000.0,8,30.0,6,4150.0,4150.232018561484,0.23201856148443767,0.287044390571859,0.0929891700955469,5.517241379310345
steady,4000.0,8,30.0,7,4180.0,4180.684454756381,0.6844547563805463,0.211817265840899,0.0686190443339186,5.517241379310345
steady,4000.0,8,30.0,8,4210.0,4209.686774941995,0.31322505800471845,0.170491183469022,0.0552312958556949,5.517241379310345
steady,4000.0,8,40.0,1,4000.0,3999.419953596288,0.5800464037120037,3.174276354853475,1.0,5.517241379310345
steady,4000.0,8,40.0,2,4040.0,4040.023201856148,0.02320185614780712,1.744598752413735,0.5496051878867573,5.517241379310345
steady,4000.0,8,40.0,3,4080.0,4080.626450116009,0.6264501160089821,1.228924651856084,0.3871511218539796,5.517241379310345
steady,4000.0,8,40.0,4,4120.0,4119.779582366589,0.22041763341076148,0.817614189953192,0.2575749867219526,5.517241379310345
steady,4000.0,8,40.0,5,4160.0,4160.3828306264495,0.38283062644950405,0.5021795927445751,0.1582028584173969,5.517241379310345
steady,4000.0,8,40.0,6,4200.0,4199.53596287703,0.46403712296978483,0.285366801685133,0.0898997975550574,5.517241379310345
steady,4000.0,8,40.0,7,4240.0,4240.1392111368905,0.1392111368904807,0.1801418052364959,0.0567505110136547,5.517241379310345
steady,4000.0,8,40.0,8,4280.0,4279.29234338747,0.7076566125297177,0.129775894701962,0.0408836157266315,5.517241379310345
steady,4000.0,8,50.0,1,4000.0,3999.419953596288,0.5800464037120037,3.2972114245348187,1.0,5.517241379310345
steady,4000.0,8,50.0,2,4050.0,4050.174013921113,0.1740139211128735,1.623123062637872,0.4922714541627756,5.517241379310345
steady,4000.0,8,50.0,3,4100.0,4099.477958236658,0.5220417633418037,0.6730757398555307,0.2041348440221695,5.517241379310345
steady,4000.0,8,50.0,4,4150.0,4150.232018561484,0.23201856148443767,0.522266197429361,0.158396332592789,5.517241379310345
steady,4000.0,8,50.0,5,4200.0,4199.53596287703,0.46403712296978483,0.3358173950167008,0.1018489116341937,5.517241379310345
steady,4000.0,8,50.0,6,4250.0,4250.290023201856,0.2900232018555471,0.273515151728668,0.082953476896695,5.517241379310345
steady,4000.0,8,50.0,7,4300.0,4299.593967517401,0.4060324825986754,0.1924540009829424,0.0583687171380265,5.517241379310345
steady,4000.0,8,50.0,8,4350.0,4350.348027842227,0.3480278422266565,0.145729192948759,0.0441977095749384,5.517241379310345
steady,4000.0,8,60.0,1,4000.0,3999.419953596288,0.5800464037120037,2.9573565506808235,1.0,5.517241379310345
steady,4000.0,8,60.0,2,4060.0,4060.3248259860784,0.32482598607839464,1.4851406342197608,0.5021851808426215,5.517241379310345
steady,4000.0,8,60.0,3,4120.0,4119.779582366589,0.22041763341076148,0.6914877605291796,0.2338195441364653,5.517241379310345
steady,4000.0,8,60.0,4,4180.0,4180.684454756381,0.6844547563805463,0.4966490351074252,0.1679368133656694,5.517241379310345
steady,4000.0,8,60.0,5,4240.0,4240.1392111368905,0.1392111368904807,0.3345850895390552,0.1131365406251164,5.517241379310345
steady,4000.0,8,60.0,6,4300.0,4299.593967517401,0.4060324825986754,0.2460300870625543,0.0831925683786471,5.517241379310345
steady,4000.0,8,60.0,7,4360.0,4360.498839907193,0.4988399071926324,0.1701705676858055,0.0575414444520157,5.517241379310345
steady,4000.0,8,60.0,8,4420.0,4419.953596287703,0.04640371229743323,0.1394604079904221,0.0471571167021834,5.517241379310345
steady,4000.0,8,70.0,1,4000.0,3999.419953596288,0.5800464037120037,2.8283882934004407,1.0,5.517241379310345
steady,4000.0,8,70.0,2,4070.0,4070.475638051044,0.47563805104391577,1.4657870833768698,0.5182411081240269,5.517241379310345
steady,4000.0,8,70.0,3,4140.0,4140.081206496519,0.08120649651937129,0.6723568219789886,0.2377172977090232,5.517241379310345
steady,4000.0,8,70.0,4,4210.0,4209.686774941995,0.31322505800471845,0.355004657107344,0.1255148233839344,5.517241379310345
steady,4000.0,8,70.0,5,4280.0,4279.29234338747,0.7076566125297177,0.227297071566173,0.0803627536206863,5.517241379310345
steady,4000.0,8,70.0,6,4350.0,4350.348027842227,0.3480278422266565,0.162082496963787,0.057305603103357,5.517241379310345
steady,4000.0,8,70.0,7,4420.0,4419.953596287703,0.04640371229743323,0.1253099341359859,0.0443043603413206,5.517241379310345
steady,4000.0,8,70.0,8,4490.0,4489.5591647331785,0.44083526682152296,0.1020088543873853,0.0360660714886303,5.517241379310345
steady,4000.0,8,80.0,1,4000.0,3999.419953596288,0.5800464037120037,2.7271799206765337,1.0,5.517241379310345
steady,4000.0,8,80.0,2,4080.0,4080.626450116009,0.6264501160089821,1.4269018397632598,0.5232151457793394,5.517241379310345
steady,4000.0,8,80.0,3,4160.0,4160.3828306264495,0.38283062644950405,0.6537459230722572,0.2397149957418584,5.517241379310345
steady,4000.0,8,80.0,4,4240.0,4240.1392111368905,0.1392111368904807,0.3494619828631932,0.1281404208844798,5.517241379310345
steady,4000.0,8,80.0,5,4320.0,4319.895591647332,0.10440835266763315,0.2236885543199689,0.0820219277151609,5.517241379310345
steady,4000.0,8,80.0,6,4400.0,4399.651972157772,0.348027842227566,0.1610057926216278,0.0590374662855712,5.517241379310345
steady,4000.0,8,80.0,7,4480.0,4479.408352668213,0.5916473317865893,0.1190216267670257,0.0436427482707118,5.517241379310345
steady,4000.0,8,80.0,8,4560.0,4560.614849187935,0.6148491879348512,0.0908093604217097,0.0332978985849905,5.517241379310345
steady,4000.0,8,90.0,1,4000.0,3999.419953596288,0.5800464037120037,2.746979651775611,1.0,5.517241379310345
steady,4000.0,8,90.0,2,4090.0,4089.3271461716936,0.6728538283064154,1.4630711013973563,0.5326108260218261,5.517241379310345
steady,4000.0,8,90.0,3,4180.0,4180.684454756381,0.6844547563805463,0.6525844299868655,0.2375643480158448,5.517241379310345
steady,4000.0,8,90.0,4,4270.0,4270.591647331787,0.5916473317865893,0.4669289378554631,0.1699790304429982,5.517241379310345
steady,4000.0,8,90.0,5,4360.0,4360.498839907193,0.4988399071926324,0.3270624876023347,0.1190625811119226,5.517241379310345
steady,4000.0,8,90.0,6,4450.0,4450.406032482599,0.4060324825986754,0.199072456140642,0.0724695780006831,5.517241379310345
steady,4000.0,8,90.0,7,4540.0,4540.313225058005,0.31322505800471845,0.1622456974976313,0.0590633051805672,5.517241379310345
steady,4000.0,8,90.0,8,4630.0,4630.220417633411,0.22041763341076148,0.1201693340778823,0.0437459862508287,5.517241379310345
steady,4000.0,8,100.0,1,4000.0,3999.419953596288,0.5800464037120037,2.940854565714042,1.0,5.517241379310345
steady,4000.0,8,100.0,2,4100.0,4099.477958236658,0.5220417633418037,1.7002509746094998,0.5781486083779452,5.517241379310345
steady,4000.0,8,100.0,3,4200.0,4199.53596287703,0.46403712296978483,1.195905705949886,0.4066524471806103,5.517241379310345
steady,4000.0,8,100.0,4,4300.0,4299.593967517401,0.4060324825986754,0.8708382153964418,0.2961174025907675,5.517241379310345
steady,4000.0,8,100.0,5,4400.0,4399.651972157772,0.348027842227566,0.6450875916917342,0.219353788933492,5.517241379310345
steady,4000.0,8,100.0,6,4500.0,4499.709976798144,0.2900232018555471,0.4847281216397756,0.1648256011334185,5.517241379310345
steady,4000.0,8,100.0,7,4600.0,4599.767981438515,0.23201856148534716,0.3801239653464311,0.1292562950164578,5.517241379310345
steady,4000.0,8,100.0,8,4700.0,4699.825986078886,0.17401392111423775,0.2993067839612296,0.1017754456309054,5.517241379310345
steady,4500.0,1,10.0,1,4500.0,4499.709976798144,0.2900232018555471,4.28267930516925,1.0,6.206896551724138
steady,4500.0,1,20.0,1,4500.0,4499.709976798144,0.2900232018555471,4.28267930516925,1.0,6.206896551724138
steady,4500.0,1,30.0,1,4500.0,4499.709976798144,0.2900232018555471,4.28267930516925,1.0,6.206896551724138
steady,4500.0,1,40.0,1,4500.0,4499.709976798144,0.2900232018555471,4.28267930516925,1.0,6.206896551724138
steady,4500.0,1,50.0,1,4500.0,4499.709976798144,0.2900232018555471,4.28267930516925,1.0,6.206896551724138
steady,4500.0,1,60.0,1,4500.0,4499.709976798144,0.2900232018555471,4.28267930516925,1.0,6.206896551724138
steady,4500.0,1,70.0,1,4500.0,4499.709976798144,0.2900232018555471,4.28267930516925,1.0,6.206896551724138
steady,4500.0,1,80.0,1,4500.0,4499.709976798144,0.2900232018555471,4.28267930516925,1.0,6.206896551724138
steady,4500.0,1,90.0,1,4500.0,4499.709976798144,0.2900232018555471,4.28267930516925,1.0,6.206896551724138
steady,4500.0,1,100.0,1,4500.0,4499.709976798144,0.2900232018555471,4.28267930516925,1.0,6.206896551724138
steady,4500.0,2,10.0,1,4500.0,4499.709976798144,0.2900232018555471,2.68101479513396,1.0,6.206896551724138
steady,4500.0,2,10.0,2,4510.0,4509.860788863109,0.1392111368913902,1.271654989069668,0.4743185272150386,6.206896551724138
steady,4500.0,2,20.0,1,4500.0,4499.709976798144,0.2900232018555471,2.6827551860806382,1.0,6.206896551724138
steady,4500.0,2,20.0,2,4520.0,4520.011600928074,0.011600928073676187,1.287487585698524,0.479912439412511,6.206896551724138
steady,4500.0,2,30.0,1,4500.0,4499.709976798144,0.2900232018555471,2.691848376828405,1.0,6.206896551724138
steady,4500.0,2,30.0,2,4530.0,4530.162412993039,0.16241299303874257,1.3004281179954598,0.4830985761269558,6.206896551724138
steady,4500.0,2,40.0,1,4500.0,4499.709976798144,0.2900232018555471,2.7012893850965547,1.0,6.206896551724138
steady,4500.0,2,40.0,2,4540.0,4540.313225058005,0.31322505800471845,1.2996989426176095,0.4811402102226649,6.206896551724138
steady,4500.0,2,50.0,1,4500.0,4499.709976798144,0.2900232018555471,2.6880149602792667,1.0,6.206896551724138
steady,4500.0,2,50.0,2,4550.0,4550.46403712297,0.46403712296978483,1.2875646314917917,0.4790020332915194,6.206896551724138
steady,4500.0,2,60.0,1,4500.0,4499.709976798144,0.2900232018555471,2.692062679004224,1.0,6.206896551724138
steady,4500.0,2,60.0,2,4560.0,4560.614849187935,0.6148491879348512,1.2907108045870046,0.4794505026400165,6.206896551724138
steady,4500.0,2,70.0,1,4500.0,4499.709976798144,0.2900232018555471,2.6616162086942508,1.0,6.206896551724138
steady,4500.0,2,70.0,2,4570.0,4569.315545243619,0.6844547563805463,1.2706100438115409,0.4773828922671324,6.206896551724138
steady,4500.0,2,80.0,1,4500.0,4499.709976798144,0.2900232018555471,2.664942664779483,1.0,6.206896551724138
steady,4500.0,2,80.0,2,4580.0,4579.4663573085845,0.5336426914154799,1.272789424475075,0.4776048060232452,6.206896551724138
steady,4500.0,2,90.0,1,4500.0,4499.709976798144,0.2900232018555471,2.654647333021314,1.0,6.206896551724138
steady,4500.0,2,90.0,2,4590.0,4589.61716937355,0.38283062645041355,1.2700029605452694,0.4784074120684989,6.206896551724138
steady,4500.0,2,100.0,1,4500.0,4499.658800113733,0.34119988626662234,3.000753771375724,1.0,6.206896551724138
steady,4500.0,2,100.0,2,4600.0,4599.7156667614445,0.2843332385555186,1.3176391394629257,0.4391027188008303,6.206896551724138
steady,4500.0,3,10.0,1,4500.0,4499.709976798144,0.2900232018555471,2.7550082388394435,1.0,6.206896551724138
steady,4500.0,3,10.0,2,4510.0,4509.860788863109,0.1392111368913902,1.3682546161012443,0.4966426585633828,6.206896551724138
steady,4500.0,3,10.0,3,4520.0,4520.011600928074,0.011600928073676187,0.879888832527729,0.3193779314788493,6.206896551724138
steady,4500.0,3,20.0,1,4500.0,4499.709976798144,0.2900232018555471,2.7190254459808805,1.0,6.206896551724138
steady,4500.0,3,20.0,2,4520.0,4520.011600928074,0.011600928073676187,1.3605913958047322,0.5003967130266789,6.206896551724138
steady,4500.0,3,20.0,3,4540.0,4540.313225058005,0.31322505800471845,0.9006029652568763,0.3312227057632358,6.206896551724138
steady,4500.0,3,30.0,1,4500.0,4499.709976798144,0.2900232018555471,2.6414238468471014,1.0,6.206896551724138
steady,4500.0,3,30.0,2,4530.0,4530.162412993039,0.16241299303874257,1.308381186824921,0.4953317841764214,6.206896551724138
steady,4500.0,3,30.0,3,4560.0,4560.614849187935,0.6148491879348512,0.8818446285963395,0.3338519979097413,6.206896551724138
steady,4500.0,3,40.0,1,4500.0,4499.709976798144,0.2900232018555471,2.4526657764902438,1.0,6.206896551724138
steady,4500.0,3,40.0,2,4540.0,4540.313225058005,0.31322505800471845,1.121128680930606,0.457106178785981,6.206896551724138
steady,4500.0,3,40.0,3,4580.0,4579.4663573085845,0.5336426914154799,0.4814211795778557,0.196284868567281,6.206896551724138
steady,4500.0,3,50.0,1,4500.0,4499.709976798144,0.2900232018555471,2.421952336089767,1.0,6.206896551724138
steady,4500.0,3,50.0,2,4550.0,4550.46403712297,0.46403712296978483,1.1171576162295578,0.461263254269159,6.206896551724138
steady,4500.0,3,50.0,3,4600.0,4599.767981438515,0.23201856148534716,0.483580713073496,0.1996656605778771,6.206896551724138
steady,4500.0,3,60.0,1,4500.0,4499.709976798144,0.2900232018555471,2.423798547686224,1.0,6.206896551724138
steady,4500.0,3,60.0,2,4560.0,4560.614849187935,0.6148491879348512,1.1331251518176098,0.467499723893844,6.206896551724138
steady,4500.0,3,60.0,3,4620.0,4620.069605568445,0.0696055684447856,0.4797196621559433,0.1979205997189358,6.206896551724138
steady,4500.0,3,70.0,1,4500.0,4499.709976798144,0.2900232018555471,2.3647103392939064,1.0,6.206896551724138
steady,4500.0,3,70.0,2,4570.0,4569.315545243619,0.6844547563805463,1.0894903116958807,0.4607288654310187,6.206896551724138
steady,4500.0,3,70.0,3,4640.0,4640.371229698376,0.37122969837582787,0.4388690820225141,0.1855910530477736,6.206896551724138
steady,4500.0,3,80.0,1,4500.0,4499.709976798144,0.2900232018555471,2.368570295749118,1.0,6.206896551724138
steady,4500.0,3,80.0,2,4580.0,4579.4663573085845,0.5336426914154799,1.098302990749223,0.4636987100278811,6.206896551724138
steady,4500.0,3,80.0,3,4660.0,4660.672853828306,0.6728538283059606,0.4415203899644754,0.1864079739397533,6.206896551724138
steady,4500.0,3,90.0,1,4500.0,4499.709976798144,0.2900232018555471,2.5263803580741198,1.0,6.206896551724138
steady,4500.0,3,90.0,2,4590.0,4589.61716937355,0.38283062645041355,1.2817066572481903,0.5073292519679206,6.206896551724138
steady,4500.0,3,90.0,3,4680.0,4679.524361948956,0.4756380510443705,0.8385598373148918,0.3319214522211267,6.206896551724138
steady,4500.0,3,100.0,1,4500.0,4499.609592861127,0.3904071388733428,3.500720093149759,1.0,6.206896551724138
steady,4500.0,3,100.0,2,4600.0,4599.665365309537,0.3346346904627353,1.8072158829164733,0.5162411831933807,6.206896551724138
steady,4500.0,3,100.0,3,4700.0,4699.721137757948,0.27886224205212784,1.0678828569815848,0.3050466271414352,6.206896551724138
steady,4500.0,4,10.0,1,4500.0,4499.709976798144,0.2900232018555471,2.889492727319368,1.0,6.206896551724138
steady,4500.0,4,10.0,2,4510.0,4509.860788863109,0.1392111368913902,1.3602801739353247,0.4707678136976244,6.206896551724138
steady,4500.0,4,10.0,3,4520.0,4520.011600928074,0.011600928073676187,0.9432464225652084,0.3264401441980006,6.206896551724138
steady,4500.0,4,10.0,4,4530.0,4530.162412993039,0.16241299303874257,0.7047155263813484,0.2438890119772425,6.206896551724138
steady,4500.0,4,20.0,1,4500.0,4499.709976798144,0.2900232018555471,3.0426296613382,1.0,6.206896551724138
steady,4500.0,4,20.0,2,4520.0,4520.011600928074,0.011600928073676187,1.4293800798480152,0.4697844427176687,6.206896551724138
steady,4500.0,4,20.0,3,4540.0,4540.313225058005,0.31322505800471845,0.9099985143177944,0.2990829038055068,6.206896551724138
steady,4500.0,4,20.0,4,4560.0,4560.614849187935,0.6148491879348512,0.649492912448454,0.2134643334025726,6.206896551724138
steady,4500.0,4,30.0,1,4500.0,4499.709976798144,0.2900232018555471,2.941686164292264,1.0,6.206896551724138
steady,4500.0,4,30.0,2,4530.0,4530.162412993039,0.16241299303874257,1.3830119072306866,0.4701425746969251,6.206896551724138
steady,4500.0,4,30.0,3,4560.0,4560.614849187935,0.6148491879348512,0.8546030170096698,0.2905146807920203,6.206896551724138
steady,4500.0,4,30.0,4,4590.0,4589.61716937355,0.38283062645041355,0.5106343147452552,0.1735855853501993,6.206896551724138
steady,4500.0,4,40.0,1,4500.0,4499.709976798144,0.2900232018555471,2.853221125283879,1.0,6.206896551724138
steady,4500.0,4,40.0,2,4540.0,4540.313225058005,0.31322505800471845,1.2775632206453105,0.4477617277273595,6.206896551724138
steady,4500.0,4,40.0,3,4580.0,4579.4663573085845,0.5336426914154799,0.4594269269825992,0.1610204420931058,6.206896551724138
steady,4500.0,4,40.0,4,4620.0,4620.069605568445,0.0696055684447856,0.3558064417440115,0.1247034232962265,6.206896551724138
steady,4500.0,4,50.0,1,4500.0,4499.709976798144,0.2900232018555471,2.7958328290027508,1.0,6.206896551724138
steady,4500.0,4,50.0,2,4550.0,4550.46403712297,0.46403712296978483,1.2672883460393582,0.4532775825840019,6.206896551724138
steady,4500.0,4,50.0,3,4600.0,4599.767981438515,0.23201856148534716,0.474898079280601,0.1698592542280122,6.206896551724138
steady,4500.0,4,50.0,4,4650.0,4650.522041763341,0.5220417633408942,0.3653506603108909,0.1306768618355512,6.206896551724138
steady,4500.0,4,60.0,1,4500.0,4499.709976798144,0.2900232018555471,2.6715861709540154,1.0,6.206896551724138
steady,4500.0,4,60.0,2,4560.0,4560.614849187935,0.6148491879348512,1.2439616059805343,0.4656266077078545,6.206896551724138
steady,4500.0,4,60.0,3,4620.0,4620.069605568445,0.0696055684447856,0.5217644733938768,0.1953013827764935,6.206896551724138
steady,4500.0,4,60.0,4,4680.0,4679.524361948956,0.4756380510443705,0.2614311196372453,0.097856143469963,6.206896551724138
steady,4500.0,4,70.0,1,4500.0,4499.709976798144,0.2900232018555471,2.5494786071634032,1.0,6.206896551724138
steady,4500.0,4,70.0,2,4570.0,4569.315545243619,0.6844547563805463,1.169097446209202,0.4585633481780657,6.206896551724138
steady,4500.0,4,70.0,3,4640.0,4640.371229698376,0.37122969837582787,0.4897785352717505,0.192109293992738,6.206896551724138
steady,4500.0,4,70.0,4,4710.0,4709.976798143851,0.023201856149171363,0.3521434212187456,0.1381237011478778,6.206896551724138
steady,4500.0,4,80.0,1,4500.0,4499.709976798144,0.2900232018555471,2.5007071782072368,1.0,6.206896551724138
steady,4500.0,4,80.0,2,4580.0,4579.4663573085845,0.5336426914154799,1.1466203672303048,0.4585184451912997,6.206896551724138
steady,4500.0,4,80.0,3,4660.0,4660.672853828306,0.6728538283059606,0.4775746766471004,0.1909758490754103,6.206896551724138
steady,4500.0,4,80.0,4,4740.0,4740.429234338747,0.4292343387469373,0.3512466115877001,0.1404589128422103,6.206896551724138
steady,4500.0,4,90.0,1,4500.0,4499.709976798144,0.2900232018555471,2.630463854009256,1.0,6.206896551724138
steady,4500.0,4,90.0,2,4590.0,4589.61716937355,0.38283062645041355,1.3324196759598113,0.5065341133385985,6.206896551724138
steady,4500.0,4,90.0,3,4680.0,4679.524361948956,0.4756380510443705,0.9171725701828553,0.348673321925688,6.206896551724138
steady,4500.0,4,90.0,4,4770.0,4769.431554524362,0.5684454756383275,0.6870610642375896,0.261193881524126,6.206896551724138
steady,4500.0,4,100.0,1,4500.0,4499.562243502051,0.4377564979486124,3.5453017370400866,1.0,6.206896551724138
steady,4500.0,4,100.0,2,4600.0,4599.616963064295,0.38303693570469477,1.8654816294203755,0.5261841636581925,6.206896551724138
steady,4500.0,4,100.0,3,4700.0,4699.671682626538,0.32831737346168666,1.188312483222641,0.3351795055432273,6.206896551724138
steady,4500.0,4,100.0,4,4800.0,4799.726402188782,0.27359781121776905,0.7996277229310831,0.2255457453950531,6.206896551724138
steady,4500.0,5,10.0,1,4500.0,4499.709976798144,0.2900232018555471,3.0684746298036707,1.0,6.206896551724138
steady,4500.0,5,10.0,2,4510.0,4509.860788863109,0.1392111368913902,1.39359747641789,0.4541662045636845,6.206896551724138
steady,4500.0,5,10.0,3,4520.0,4520.011600928074,0.011600928073676187,0.9827946630014596,0.3202876939100981,6.206896551724138
steady,4500.0,5,10.0,4,4530.0,4530.162412993039,0.16241299303874257,0.738325795252972,0.24061655523618,6.206896551724138
steady,4500.0,5,10.0,5,4540.0,4540.313225058005,0.31322505800471845,0.5526267047765014,0.1800981827937942,6.206896551724138
steady,4500.0,5,20.0,1,4500.0,4499.709976798144,0.2900232018555471,3.067672095367665,1.0,6.206896551724138
steady,4500.0,5,20.0,2,4520.0,4520.011600928074,0.011600928073676187,1.396049694347196,0.4550843932946091,6.206896551724138
steady,4500.0,5,20.0,3,4540.0,4540.313225058005,0.31322505800471845,0.9792836041269736,0.3192269491924315,6.206896551724138
steady,4500.0,5,20.0,4,4560.0,4560.614849187935,0.6148491879348512,0.7215411159986731,0.23520803187806,6.206896551724138
steady,4500.0,5,20.0,5,4580.0,4579.4663573085845,0.5336426914154799,0.5107094358219487,0.1664811035681241,6.206896551724138
steady,4500.0,5,30.0,1,4500.0,4499.709976798144,0.2900232018555471,3.0187260799179625,1.0,6.206896551724138
steady,4500.0,5,30.0,2,4530.0,4530.162412993039,0.16241299303874257,1.379566446620682,0.4570028581918149,6.206896551724138
steady,4500.0,5,30.0,3,4560.0,4560.614849187935,0.6148491879348512,0.9294171196056116,0.3078838871100453,6.206896551724138
steady,4500.0,5,30.0,4,4590.0,4589.61716937355,0.38283062645041355,0.5879988855107118,0.1947837829415418,6.206896551724138
steady,4500.0,5,30.0,5,4620.0,4620.069605568445,0.0696055684447856,0.3382086442007849,0.1120368775592836,6.206896551724138
steady,4500.0,5,40.0,1,4500.0,4499.709976798144,0.2900232018555471,3.007286933448622,1.0,6.206896551724138
steady,4500.0,5,40.0,2,4540.0,4540.313225058005,0.31322505800471845,1.302518855695147,0.4331209108142789,6.206896551724138
steady,4500.0,5,40.0,3,4580.0,4579.4663573085845,0.5336426914154799,0.5105422972047109,0.1697684020524253,6.206896551724138
steady,4500.0,5,40.0,4,4620.0,4620.069605568445,0.0696055684447856,0.3737176243393689,0.124270690695552,6.206896551724138
steady,4500.0,5,40.0,5,4660.0,4660.672853828306,0.6728538283059606,0.2560140911370542,0.0851312484650304,6.206896551724138
steady,4500.0,5,50.0,1,4500.0,4499.709976798144,0.2900232018555471,3.008017793810464,1.0,6.206896551724138
steady,4500.0,5,50.0,2,4550.0,4550.46403712297,0.46403712296978483,1.2984347025464211,0.4316579194505377,6.206896551724138
steady,4500.0,5,50.0,3,4600.0,4599.767981438515,0.23201856148534716,0.4633901157283255,0.1540516537773925,6.206896551724138
steady,4500.0,5,50.0,4,4650.0,4650.522041763341,0.5220417633408942,0.3532240452165087,0.1174275118795276,6.206896551724138
steady,4500.0,5,50.0,5,4700.0,4699.825986078886,0.17401392111423775,0.2219118282222985,0.0737734426567961,6.206896551724138
steady,4500.0,5,60.0,1,4500.0,4499.709976798144,0.2900232018555471,2.827733864544729,1.0,6.206896551724138
steady,4500.0,5,60.0,2,4560.0,4560.614849187935,0.6148491879348512,1.2994582944219613,0.4595405213747641,6.206896551724138
steady,4500.0,5,60.0,3,4620.0,4620.069605568445,0.0696055684447856,0.514653703552608,0.1820021714226873,6.206896551724138
steady,4500.0,5,60.0,4,4680.0,4679.524361948956,0.4756380510443705,0.2730174331836429,0.0965499040085935,6.206896551724138
steady,4500.0,5,60.0,5,4740.0,4740.429234338747,0.4292343387469373,0.2090703873377782,0.073935666280051,6.206896551724138
steady,4500.0,5,70.0,1,4500.0,4499.709976798144,0.2900232018555471,2.6506448903959114,1.0,6.206896551724138
steady,4500.0,5,70.0,2,4570.0,4569.315545243619,0.6844547563805463,1.2284859227176634,0.463466806575577,6.206896551724138
steady,4500.0,5,70.0,3,4640.0,4640.371229698376,0.37122969837582787,0.5189898318490639,0.1957975712738892,6.206896551724138
steady,4500.0,5,70.0,4,4710.0,4709.976798143851,0.023201856149171363,0.3765883653610505,0.142074242659039,6.206896551724138
steady,4500.0,5,70.0,5,4780.0,4779.582366589327,0.4176334106732611,0.2656074520234276,0.1002048418427545,6.206896551724138
steady,4500.0,5,80.0,1,4500.0,4499.709976798144,0.2900232018555471,2.5532852422490766,1.0,6.206896551724138
steady,4500.0,5,80.0,2,4580.0,4579.4663573085845,0.5336426914154799,1.190836711240607,0.4663939193067404,6.206896551724138
steady,4500.0,5,80.0,3,4660.0,4660.672853828306,0.6728538283059606,0.5045928133117314,0.1976249284499282,6.206896551724138
steady,4500.0,5,80.0,4,4740.0,4740.429234338747,0.4292343387469373,0.3720747307931232,0.1457239185957065,6.206896551724138
steady,4500.0,5,80.0,5,4820.0,4820.185614849188,0.18561484918791393,0.2674568924721975,0.1047501031403003,6.206896551724138
steady,4500.0,5,90.0,1,4500.0,4499.709976798144,0.2900232018555471,2.6483724871618954,1.0,6.206896551724138
steady,4500.0,5,90.0,2,4590.0,4589.61716937355,0.38283062645041355,1.3544671066961842,0.5114337629098717,6.206896551724138
steady,4500.0,5,90.0,3,4680.0,4679.524361948956,0.4756380510443705,0.943008633302256,0.3560709975177332,6.206896551724138
steady,4500.0,5,90.0,4,4770.0,4769.431554524362,0.5684454756383275,0.7189466448929701,0.2714673439548614,6.206896551724138
steady,4500.0,5,90.0,5,4860.0,4859.338747099768,0.6612529002322844,0.5517629134563246,0.2083403736185223,6.206896551724138
steady,4500.0,5,100.0,1,4500.0,4499.516648764768,0.48335123523156653,3.6389433477933286,1.0,6.206896551724138
steady,4500.0,5,100.0,2,4600.0,4599.570354457573,0.42964554242735176,1.9098939037475515,0.5248484851806554,6.206896551724138
steady,4500.0,5,100.0,3,4700.0,4699.624060150376,0.3759398496240465,1.2552062447348216,0.3449370118652669,6.206896551724138
steady,4500.0,5,100.0,4,4800.0,4799.677765843179,0.3222341568207412,0.8679626764526217,0.2385205246404723,6.206896551724138
steady,4500.0,5,100.0,5,4900.0,4899.731471535983,0.2685284640174359,0.6170469381184145,0.1695676132173353,6.206896551724138
steady,4500.0,6,10.0,1,4500.0,4499.709976798144,0.2900232018555471,2.9321036241420457,1.0,6.206896551724138
steady,4500.0,6,10.0,2,4510.0,4509.860788863109,0.1392111368913902,1.440527223165756,0.4912947862090872,6.206896551724138
steady,4500.0,6,10.0,3,4520.0,4520.011600928074,0.011600928073676187,1.0108031927127044,0.3447365176285243,6.206896551724138
steady,4500.0,6,10.0,4,4530.0,4530.162412993039,0.16241299303874257,0.75675554253021,0.2580930415621453,6.206896551724138
steady,4500.0,6,10.0,5,4540.0,4540.313225058005,0.31322505800471845,0.5682644671404722,0.1938077707968968,6.206896551724138
steady,4500.0,6,10.0,6,4550.0,4550.46403712297,0.46403712296978483,0.4352420183824357,0.148440189766414,6.206896551724138
steady,4500.0,6,20.0,1,4500.0,4499.709976798144,0.2900232018555471,2.9742351251943906,1.0,6.206896551724138
steady,4500.0,6,20.0,2,4520.0,4520.011600928074,0.011600928073676187,1.440508015639865,0.4843288963395979,6.206896551724138
steady,4500.0,6,20.0,3,4540.0,4540.313225058005,0.31322505800471845,1.0077760320388358,0.3388353608973565,6.206896551724138
steady,4500.0,6,20.0,4,4560.0,4560.614849187935,0.6148491879348512,0.7509780985332579,0.2524945294915698,6.206896551724138
steady,4500.0,6,20.0,5,4580.0,4579.4663573085845,0.5336426914154799,0.542961495812516,0.1825550008515312,6.206896551724138
steady,4500.0,6,20.0,6,4600.0,4599.767981438515,0.23201856148534716,0.3825966375866982,0.1286369844622463,6.206896551724138
steady,4500.0,6,30.0,1,4500.0,4499.709976798144,0.2900232018555471,3.045219336125372,1.0,6.206896551724138
steady,4500.0,6,30.0,2,4530.0,4530.162412993039,0.16241299303874257,1.3938345619766144,0.4577123708107277,6.206896551724138
steady,4500.0,6,30.0,3,4560.0,4560.614849187935,0.6148491879348512,0.9449259086698012,0.3102981441961061,6.206896551724138
steady,4500.0,6,30.0,4,4590.0,4589.61716937355,0.38283062645041355,0.6069008664888139,0.199296273765624,6.206896551724138
steady,4500.0,6,30.0,5,4620.0,4620.069605568445,0.0696055684447856,0.3589447259830826,0.1178715509010891,6.206896551724138
steady,4500.0,6,30.0,6,4650.0,4650.522041763341,0.5220417633408942,0.1943000593181851,0.0638049473196257,6.206896551724138
steady,4500.0,6,40.0,1,4500.0,4499.709976798144,0.2900232018555471,2.943929756556833,1.0,6.206896551724138
steady,4500.0,6,40.0,2,4540.0,4540.313225058005,0.31322505800471845,1.2756273255463897,0.4333076639159829,6.206896551724138
steady,4500.0,6,40.0,3,4580.0,4579.4663573085845,0.5336426914154799,0.5616345264673718,0.190777149222558,6.206896551724138
steady,4500.0,6,40.0,4,4620.0,4620.069605568445,0.0696055684447856,0.3967838140917789,0.1347803266052958,6.206896551724138
steady,4500.0,6,40.0,5,4660.0,4660.672853828306,0.6728538283059606,0.2845082203195039,0.0966423263618421,6.206896551724138
steady,4500.0,6,40.0,6,4700.0,4699.825986078886,0.17401392111423775,0.1794906916003256,0.0609697603010252,6.206896551724138
steady,4500.0,6,50.0,1,4500.0,4499.709976798144,0.2900232018555471,3.008433842234695,1.0,6.206896551724138
steady,4500.0,6,50.0,2,4550.0,4550.46403712297,0.46403712296978483,1.3011154637123736,0.432489305713265,6.206896551724138
steady,4500.0,6,50.0,3,4600.0,4599.767981438515,0.23201856148534716,0.5172696429354049,0.1719398431414971,6.206896551724138
steady,4500.0,6,50.0,4,4650.0,4650.522041763341,0.5220417633408942,0.377171273368967,0.1253713038571592,6.206896551724138
steady,4500.0,6,50.0,5,4700.0,4699.825986078886,0.17401392111423775,0.2457324739132415,0.0816811958645927,6.206896551724138
steady,4500.0,6,50.0,6,4750.0,4750.580046403712,0.5800464037120037,0.1989425716903118,0.0661282853880327,6.206896551724138
steady,4500.0,6,60.0,1,4500.0,4499.709976798144,0.2900232018555471,2.898215254879577,1.0,6.206896551724138
steady,4500.0,6,60.0,2,4560.0,4560.614849187935,0.6148491879348512,1.3150186765936756,0.4537339572620238,6.206896551724138
steady,4500.0,6,60.0,3,4620.0,4620.069605568445,0.0696055684447856,0.4980164609753682,0.1718355667809295,6.206896551724138
steady,4500.0,6,60.0,4,4680.0,4679.524361948956,0.4756380510443705,0.2842048496186952,0.0980620225292769,6.206896551724138
steady,4500.0,6,60.0,5,4740.0,4740.429234338747,0.4292343387469373,0.218866020128693,0.0755175171203034,6.206896551724138
steady,4500.0,6,60.0,6,4800.0,4799.883990719257,0.11600928074312833,0.1531134900532113,0.0528302684886576,6.206896551724138
steady,4500.0,6,70.0,1,4500.0,4499.709976798144,0.2900232018555471,2.673861283472766,1.0,6.206896551724138
steady,4500.0,6,70.0,2,4570.0,4569.315545243619,0.6844547563805463,1.24485698592142,0.4655652832912186,6.206896551724138
steady,4500.0,6,70.0,3,4640.0,4640.371229698376,0.37122969837582787,0.52482060434108,0.1962781717903674,6.206896551724138
steady,4500.0,6,70.0,4,4710.0,4709.976798143851,0.023201856149171363,0.3823716445844834,0.1430035458263809,6.206896551724138
steady,4500.0,6,70.0,5,4780.0,4779.582366589327,0.4176334106732611,0.2706264505792199,0.101211851284871,6.206896551724138
steady,4500.0,6,70.0,6,4850.0,4850.638051044083,0.6380510440831131,0.1804901700928635,0.0675016954725661,6.206896551724138
steady,4500.0,6,80.0,1,4500.0,4499.709976798144,0.2900232018555471,2.5624328597692623,1.0,6.206896551724138
steady,4500.0,6,80.0,2,4580.0,4579.4663573085845,0.5336426914154799,1.2033634030663811,0.4696175349447944,6.206896551724138
steady,4500.0,6,80.0,3,4660.0,4660.672853828306,0.6728538283059606,0.5117870920564478,0.1997270250829254,6.206896551724138
steady,4500.0,6,80.0,4,4740.0,4740.429234338747,0.4292343387469373,0.3760818935983391,0.1467675112596721,6.206896551724138
steady,4500.0,6,80.0,5,4820.0,4820.185614849188,0.18561484918791393,0.2720349507078424,0.1061627623415421,6.206896551724138
steady,4500.0,6,80.0,6,4900.0,4899.941995359628,0.05800464037201891,0.1692890102397989,0.066065734988679,6.206896551724138
steady,4500.0,6,90.0,1,4500.0,4499.709976798144,0.2900232018555471,2.6485394909484627,1.0,6.206896551724138
steady,4500.0,6,90.0,2,4590.0,4589.61716937355,0.38283062645041355,1.359099189445816,0.5131504340753145,6.206896551724138
steady,4500.0,6,90.0,3,4680.0,4679.524361948956,0.4756380510443705,0.9476711924900671,0.3578089719744744,6.206896551724138
steady,4500.0,6,90.0,4,4770.0,4769.431554524362,0.5684454756383275,0.7230073077639247,0.2729833971646804,6.206896551724138
steady,4500.0,6,90.0,5,4860.0,4859.338747099768,0.6612529002322844,0.5548378864835629,0.209488243758401,6.206896551724138
steady,4500.0,6,90.0,6,4950.0,4950.696055684454,0.6960556844542225,0.4224602399655945,0.1595068683738252,6.206896551724138
steady,4500.0,6,100.0,1,4500.0,4499.4727128921695,0.5272871078304888,3.992289459174103,1.0,6.206896551724138
steady,4500.0,6,100.0,2,4600.0,4599.525441602953,0.47455839704707614,1.9171849258079636,0.4802219241398837,6.206896551724138
steady,4500.0,6,100.0,3,4700.0,4699.578170313736,0.42182968626366346,1.2449969382565584,0.3118503683132522,6.206896551724138
steady,4500.0,6,100.0,4,4800.0,4799.630899024519,0.3691009754811603,0.8298316020731388,0.2078585760274027,6.206896551724138
steady,4500.0,6,100.0,5,4900.0,4899.683627735302,0.3163722646977476,0.5754318646136266,0.1441358074102843,6.206896551724138
steady,4500.0,6,100.0,6,5000.0,4999.736356446085,0.2636435539152444,0.4163199101417713,0.1042809932493964,6.206896551724138
steady,4500.0,7,10.0,1,4500.0,4499.709976798144,0.2900232018555471,2.9079083504546523,1.0,6.206896551724138
steady,4500.0,7,10.0,2,4510.0,4509.860788863109,0.1392111368913902,1.4861135833749284,0.5110592922031308,6.206896551724138
steady,4500.0,7,10.0,3,4520.0,4520.011600928074,0.011600928073676187,1.0420573213202684,0.35835287627182,6.206896551724138
steady,4500.0,7,10.0,4,4530.0,4530.162412993039,0.16241299303874257,0.769451171849815,0.2646064040255984,6.206896551724138
steady,4500.0,7,10.0,5,4540.0,4540.313225058005,0.31322505800471845,0.5729815159777204,0.1970424947843127,6.206896551724138
steady,4500.0,7,10.0,6,4550.0,4550.46403712297,0.46403712296978483,0.4428622954665887,0.1522958230087778,6.206896551724138
steady,4500.0,7,10.0,7,4560.0,4560.614849187935,0.6148491879348512,0.362319541187685,0.124597991931567,6.206896551724138
steady,4500.0,7,20.0,1,4500.0,4499.709976798144,0.2900232018555471,3.053181433711046,1.0,6.206896551724138
steady,4500.0,7,20.0,2,4520.0,4520.011600928074,0.011600928073676187,1.4661942158484385,0.4802185024642723,6.206896551724138
steady,4500.0,7,20.0,3,4540.0,4540.313225058005,0.31322505800471845,1.016429334442977,0.3329082652017632,6.206896551724138
steady,4500.0,7,20.0,4,4560.0,4560.614849187935,0.6148491879348512,0.7507025884241458,0.2458755251605504,6.206896551724138
steady,4500.0,7,20.0,5,4580.0,4579.4663573085845,0.5336426914154799,0.5440648849242542,0.1781960544227993,6.206896551724138
steady,4500.0,7,20.0,6,4600.0,4599.767981438515,0.23201856148534716,0.387850059581152,0.1270314483439434,6.206896551724138
steady,4500.0,7,20.0,7,4620.0,4620.069605568445,0.0696055684447856,0.2735804823981778,0.0896050524143431,6.206896551724138
steady,4500.0,7,30.0,1,4500.0,4499.709976798144,0.2900232018555471,3.0872166543340507,1.0,6.206896551724138
steady,4500.0,7,30.0,2,4530.0,4530.162412993039,0.16241299303874257,1.4086687157617592,0.4562908514322024,6.206896551724138
steady,4500.0,7,30.0,3,4560.0,4560.614849187935,0.6148491879348512,0.9429427231972066,0.3054345803276999,6.206896551724138
steady,4500.0,7,30.0,4,4590.0,4589.61716937355,0.38283062645041355,0.612409837911127,0.1983695692530627,6.206896551724138
steady,4500.0,7,30.0,5,4620.0,4620.069605568445,0.0696055684447856,0.3750569791766248,0.1214870937710489,6.206896551724138
steady,4500.0,7,30.0,6,4650.0,4650.522041763341,0.5220417633408942,0.2120990413335705,0.0687023507196396,6.206896551724138
steady,4500.0,7,30.0,7,4680.0,4679.524361948956,0.4756380510443705,0.1597696754890503,0.0517520126955633,6.206896551724138
steady,4500.0,7,40.0,1,4500.0,4499.709976798144,0.2900232018555471,2.9149611702281626,1.0,6.206896551724138
steady,4500.0,7,40.0,2,4540.0,4540.313225058005,0.31322505800471845,1.2585733833947927,0.4317633443111286,6.206896551724138
steady,4500.0,7,40.0,3,4580.0,4579.4663573085845,0.5336426914154799,0.5640636132461808,0.1935063900703795,6.206896551724138
steady,4500.0,7,40.0,4,4620.0,4620.069605568445,0.0696055684447856,0.4038980577452349,0.1385603560933954,6.206896551724138
steady,4500.0,7,40.0,5,4660.0,4660.672853828306,0.6728538283059606,0.2951774361944032,0.1012629050462784,6.206896551724138
steady,4500.0,7,40.0,6,4700.0,4699.825986078886,0.17401392111423775,0.1849173430301583,0.0634373263420467,6.206896551724138
steady,4500.0,7,40.0,7,4740.0,4740.429234338747,0.4292343387469373,0.1598033888851872,0.0548217899151908,6.206896551724138
steady,4500.0,7,50.0,1,4500.0,4499.709976798144,0.2900232018555471,2.9805604428943937,1.0,6.206896551724138
steady,4500.0,7,50.0,2,4550.0,4550.46403712297,0.46403712296978483,1.2836838056550868,0.4306853795618765,6.206896551724138
steady,4500.0,7,50.0,3,4600.0,4599.767981438515,0.23201856148534716,0.5437609928535823,0.1824358214744141,6.206896551724138
steady,4500.0,7,50.0,4,4650.0,4650.522041763341,0.5220417633408942,0.3848070973954661,0.129105617808503,6.206896551724138
steady,4500.0,7,50.0,5,4700.0,4699.825986078886,0.17401392111423775,0.2543164861911103,0.0853250558288112,6.206896551724138
steady,4500.0,7,50.0,6,4750.0,4750.580046403712,0.5800464037120037,0.2057520748366193,0.0690313378234381,6.206896551724138
steady,4500.0,7,50.0,7,4800.0,4799.883990719257,0.11600928074312833,0.1479491384710134,0.0496380265744054,6.206896551724138
steady,4500.0,7,60.0,1,4500.0,4499.709976798144,0.2900232018555471,2.937343187430816,1.0,6.206896551724138
steady,4500.0,7,60.0,2,4560.0,4560.614849187935,0.6148491879348512,1.3157478625422898,0.4479380782512939,6.206896551724138
steady,4500.0,7,60.0,3,4620.0,4620.069605568445,0.0696055684447856,0.5051299473459745,0.1719683111961434,6.206896551724138
steady,4500.0,7,60.0,4,4680.0,4679.524361948956,0.4756380510443705,0.2841878631316399,0.0967499692741754,6.206896551724138
steady,4500.0,7,60.0,5,4740.0,4740.429234338747,0.4292343387469373,0.2221109430178481,0.0756162725446188,6.206896551724138
steady,4500.0,7,60.0,6,4800.0,4799.883990719257,0.11600928074312833,0.1559098383088189,0.0530785231279656,6.206896551724138
steady,4500.0,7,60.0,7,4860.0,4859.338747099768,0.6612529002322844,0.120071212164085,0.0408774884316826,6.206896551724138
steady,4500.0,7,70.0,1,4500.0,4499.709976798144,0.2900232018555471,2.678956330665972,1.0,6.206896551724138
steady,4500.0,7,70.0,2,4570.0,4569.315545243619,0.6844547563805463,1.2431304212093586,0.4640353435325779,6.206896551724138
steady,4500.0,7,70.0,3,4640.0,4640.371229698376,0.37122969837582787,0.5258165409745412,0.1962766376426249,6.206896551724138
steady,4500.0,7,70.0,4,4710.0,4709.976798143851,0.023201856149171363,0.3851491482297146,0.1437683562889466,6.206896551724138
steady,4500.0,7,70.0,5,4780.0,4779.582366589327,0.4176334106732611,0.2733166132101041,0.1020235418104629,6.206896551724138
steady,4500.0,7,70.0,6,4850.0,4850.638051044083,0.6380510440831131,0.1829116104351181,0.0682771900166239,6.206896551724138
steady,4500.0,7,70.0,7,4920.0,4920.243619489559,0.24361948955902335,0.1541366101805203,0.0575360667197598,6.206896551724138
steady,4500.0,7,80.0,1,4500.0,4499.709976798144,0.2900232018555471,2.5601894761071056,1.0,6.206896551724138
steady,4500.0,7,80.0,2,4580.0,4579.4663573085845,0.5336426914154799,1.2033459411046348,0.4700222199703678,6.206896551724138
steady,4500.0,7,80.0,3,4660.0,4660.672853828306,0.6728538283059606,0.5121468292746588,0.2000425492153039,6.206896551724138
steady,4500.0,7,80.0,4,4740.0,4740.429234338747,0.4292343387469373,0.3758649815772749,0.1468113923149142,6.206896551724138
steady,4500.0,7,80.0,5,4820.0,4820.185614849188,0.18561484918791393,0.2719933715663563,0.1062395475431512,6.206896551724138
steady,4500.0,7,80.0,6,4900.0,4899.941995359628,0.05800464037201891,0.1691174354389925,0.0660566090975984,6.206896551724138
steady,4500.0,7,80.0,7,4980.0,4979.698375870069,0.30162412993104226,0.138878933210489,0.0542455683481916,6.206896551724138
steady,4500.0,7,90.0,1,4500.0,4499.709976798144,0.2900232018555471,2.648165883349051,1.0,6.206896551724138
steady,4500.0,7,90.0,2,4590.0,4589.61716937355,0.38283062645041355,1.3586805378502314,0.5130647390306046,6.206896551724138
steady,4500.0,7,90.0,3,4680.0,4679.524361948956,0.4756380510443705,0.9470731508933644,0.357633619875667,6.206896551724138
steady,4500.0,7,90.0,4,4770.0,4769.431554524362,0.5684454756383275,0.7223751358591869,0.2727831894524757,6.206896551724138
steady,4500.0,7,90.0,5,4860.0,4859.338747099768,0.6612529002322844,0.5543022519675311,0.2093155324796053,6.206896551724138
steady,4500.0,7,90.0,6,4950.0,4950.696055684454,0.6960556844542225,0.422061432555863,0.1593787742715329,6.206896551724138
steady,4500.0,7,90.0,7,5040.0,4998.549883990719,41.45011600928137,0.0097913941640554,0.0036974247820429,6.206896551724138
steady,4500.0,7,100.0,1,4500.0,4499.430346970482,0.5696530295181219,4.244532119767221,1.0,6.206896551724138
steady,4500.0,7,100.0,2,4600.0,4599.482133609529,0.5178663904707719,1.845529437966824,0.4348016190929511,6.206896551724138
steady,4500.0,7,100.0,3,4700.0,4699.533920248576,0.46607975142433133,1.1399550774233018,0.2685702558626931,6.206896551724138
steady,4500.0,7,100.0,4,4800.0,4799.585706887623,0.4142931123769813,0.8103304536565215,0.1909116083449408,6.206896551724138
steady,4500.0,7,100.0,5,4900.0,4899.63749352667,0.36250647332963126,0.6095748858190599,0.1436141531313209,6.206896551724138
steady,4500.0,7,100.0,6,5000.0,4999.689280165718,0.3107198342822812,0.4602351641182269,0.1084301287236971,6.206896551724138
steady,4500.0,7,100.0,7,5100.0,5099.741066804764,0.2589331952358407,0.3407748058811357,0.0802855995114543,6.206896551724138
steady,4500.0,8,10.0,1,4500.0,4499.709976798144,0.2900232018555471,2.9781263573370778,1.0,6.206896551724138
steady,4500.0,8,10.0,2,4510.0,4509.860788863109,0.1392111368913902,1.5477180270138886,0.5196952181699223,6.206896551724138
steady,4500.0,8,10.0,3,4520.0,4520.011600928074,0.011600928073676187,1.0659224454293583,0.3579171322947035,6.206896551724138
steady,4500.0,8,10.0,4,4530.0,4530.162412993039,0.16241299303874257,0.7631701097478701,0.2562584719978995,6.206896551724138
steady,4500.0,8,10.0,5,4540.0,4540.313225058005,0.31322505800471845,0.5634527814193211,0.1891970701750674,6.206896551724138
steady,4500.0,8,10.0,6,4550.0,4550.46403712297,0.46403712296978483,0.444015136235092,0.1490921079091193,6.206896551724138
steady,4500.0,8,10.0,7,4560.0,4560.614849187935,0.6148491879348512,0.3693640285005043,0.1240256403461587,6.206896551724138
steady,4500.0,8,10.0,8,4570.0,4569.315545243619,0.6844547563805463,0.3163647203602757,0.106229448451998,6.206896551724138
steady,4500.0,8,20.0,1,4500.0,4499.709976798144,0.2900232018555471,3.1663581259896243,1.0,6.206896551724138
steady,4500.0,8,20.0,2,4520.0,4520.011600928074,0.011600928073676187,1.5100122418870106,0.476892436611246,6.206896551724138
steady,4500.0,8,20.0,3,4540.0,4540.313225058005,0.31322505800471845,1.038454822814718,0.3279650568553914,6.206896551724138
steady,4500.0,8,20.0,4,4560.0,4560.614849187935,0.6148491879348512,0.7566982343238848,0.238980621968459,6.206896551724138
steady,4500.0,8,20.0,5,4580.0,4579.4663573085845,0.5336426914154799,0.5419575926719157,0.1711611798499673,6.206896551724138
steady,4500.0,8,20.0,6,4600.0,4599.767981438515,0.23201856148534716,0.382732342829751,0.1208746223897622,6.206896551724138
steady,4500.0,8,20.0,7,4620.0,4620.069605568445,0.0696055684447856,0.2695582881304632,0.0851319646750995,6.206896551724138
steady,4500.0,8,20.0,8,4640.0,4640.371229698376,0.37122969837582787,0.1913648117527378,0.0604368817860513,6.206896551724138
steady,4500.0,8,30.0,1,4500.0,4499.709976798144,0.2900232018555471,3.1257514330943854,1.0,6.206896551724138
steady,4500.0,8,30.0,2,4530.0,4530.162412993039,0.16241299303874257,1.4338537181222697,0.458722885940679,6.206896551724138
steady,4500.0,8,30.0,3,4560.0,4560.614849187935,0.6148491879348512,0.975887697436558,0.3122089898461513,6.206896551724138
steady,4500.0,8,30.0,4,4590.0,4589.61716937355,0.38283062645041355,0.6298301778456817,0.2014972051767314,6.206896551724138
steady,4500.0,8,30.0,5,4620.0,4620.069605568445,0.0696055684447856,0.3752527717844798,0.1200520194316899,6.206896551724138
steady,4500.0,8,30.0,6,4650.0,4650.522041763341,0.5220417633408942,0.2061940189987203,0.0659662239343822,6.206896551724138
steady,4500.0,8,30.0,7,4680.0,4679.524361948956,0.4756380510443705,0.1658800499997248,0.0530688551378217,6.206896551724138
steady,4500.0,8,30.0,8,4710.0,4709.976798143851,0.023201856149171363,0.122820763684396,0.0392931959924937,6.206896551724138
steady,4500.0,8,40.0,1,4500.0,4499.709976798144,0.2900232018555471,2.955742227185461,1.0,6.206896551724138
steady,4500.0,8,40.0,2,4540.0,4540.313225058005,0.31322505800471845,1.2708067287960598,0.4299450463263696,6.206896551724138
steady,4500.0,8,40.0,3,4580.0,4579.4663573085845,0.5336426914154799,0.5676289093524909,0.1920427648026001,6.206896551724138
steady,4500.0,8,40.0,4,4620.0,4620.069605568445,0.0696055684447856,0.4049015392792409,0.1369881092996392,6.206896551724138
steady,4500.0,8,40.0,5,4660.0,4660.672853828306,0.6728538283059606,0.2960216911065028,0.1001513895169345,6.206896551724138
steady,4500.0,8,40.0,6,4700.0,4699.825986078886,0.17401392111423775,0.1880641663700013,0.0636267143461563,6.206896551724138
steady,4500.0,8,40.0,7,4740.0,4740.429234338747,0.4292343387469373,0.1631167797540734,0.0551864023370528,6.206896551724138
steady,4500.0,8,40.0,8,4780.0,4779.582366589327,0.4176334106732611,0.1200558824078118,0.0406178459351417,6.206896551724138
steady,4500.0,8,50.0,1,4500.0,4499.709976798144,0.2900232018555471,2.954421596927671,1.0,6.206896551724138
steady,4500.0,8,50.0,2,4550.0,4550.46403712297,0.46403712296978483,1.276271404589696,0.4319868924316359,6.206896551724138
steady,4500.0,8,50.0,3,4600.0,4599.767981438515,0.23201856148534716,0.5478696762924914,0.1854405873766377,6.206896551724138
steady,4500.0,8,50.0,4,4650.0,4650.522041763341,0.5220417633408942,0.3868723786525687,0.1309469098976533,6.206896551724138
steady,4500.0,8,50.0,5,4700.0,4699.825986078886,0.17401392111423775,0.2565354842208773,0.0868310347066413,6.206896551724138
steady,4500.0,8,50.0,6,4750.0,4750.580046403712,0.5800464037120037,0.207829412996006,0.070345211804615,6.206896551724138
steady,4500.0,8,50.0,7,4800.0,4799.883990719257,0.11600928074312833,0.1513936434992047,0.051243073654972,6.206896551724138
steady,4500.0,8,50.0,8,4850.0,4850.638051044083,0.6380510440831131,0.1206636116013908,0.0408417037456231,6.206896551724138
steady,4500.0,8,60.0,1,4500.0,4499.709976798144,0.2900232018555471,2.9707874188713506,1.0,6.206896551724138
steady,4500.0,8,60.0,2,4560.0,4560.614849187935,0.6148491879348512,1.313030889314261,0.4419807627343132,6.206896551724138
steady,4500.0,8,60.0,3,4620.0,4620.069605568445,0.0696055684447856,0.5021036347624649,0.1690136532735223,6.206896551724138
steady,4500.0,8,60.0,4,4680.0,4679.524361948956,0.4756380510443705,0.2837355270167965,0.0955085258589765,6.206896551724138
steady,4500.0,8,60.0,5,4740.0,4740.429234338747,0.4292343387469373,0.2224737559703199,0.07488713415073,6.206896551724138
steady,4500.0,8,60.0,6,4800.0,4799.883990719257,0.11600928074312833,0.1564888908059755,0.0526758965693439,6.206896551724138
steady,4500.0,8,60.0,7,4860.0,4859.338747099768,0.6612529002322844,0.1209394479255215,0.0407095597474518,6.206896551724138
steady,4500.0,8,60.0,8,4920.0,4920.243619489559,0.24361948955902335,0.0965273583210346,0.0324921795843968,6.206896551724138
steady,4500.0,8,70.0,1,4500.0,4499.709976798144,0.2900232018555471,2.6773503347880965,1.0,6.206896551724138
steady,4500.0,8,70.0,2,4570.0,4569.315545243619,0.6844547563805463,1.2421499098667543,0.4639474684081889,6.206896551724138
steady,4500.0,8,70.0,3,4640.0,4640.371229698376,0.37122969837582787,0.5252317079129354,0.1961759359947587,6.206896551724138
steady,4500.0,8,70.0,4,4710.0,4709.976798143851,0.023201856149171363,0.3848900245051715,0.1437578114093292,6.206896551724138
steady,4500.0,8,70.0,5,4780.0,4779.582366589327,0.4176334106732611,0.2731335422735213,0.1020163624926354,6.206896551724138
steady,4500.0,8,70.0,6,4850.0,4850.638051044083,0.6380510440831131,0.1826734644290558,0.0682291973730489,6.206896551724138
steady,4500.0,8,70.0,7,4920.0,4920.243619489559,0.24361948955902335,0.1540880639376195,0.0575524472593218,6.206896551724138
steady,4500.0,8,70.0,8,4990.0,4989.849187935034,0.15081206496597588,0.1154903646102123,0.043136067443095,6.206896551724138
steady,4500.0,8,80.0,1,4500.0,4499.709976798144,0.2900232018555471,2.5599746658160223,1.0,6.206896551724138
steady,4500.0,8,80.0,2,4580.0,4579.4663573085845,0.5336426914154799,1.2035938137090154,0.4701584862463299,6.206896551724138
steady,4500.0,8,80.0,3,4660.0,4660.672853828306,0.6728538283059606,0.5124653704126065,0.2001837663691301,6.206896551724138
steady,4500.0,8,80.0,4,4740.0,4740.429234338747,0.4292343387469373,0.3760298324645508,0.1468881069354984,6.206896551724138
steady,4500.0,8,80.0,5,4820.0,4820.185614849188,0.18561484918791393,0.2721549839008082,0.1063115926633811,6.206896551724138
steady,4500.0,8,80.0,6,4900.0,4899.941995359628,0.05800464037201891,0.1696108263683406,0.0662548847194451,6.206896551724138
steady,4500.0,8,80.0,7,4980.0,4979.698375870069,0.30162412993104226,0.1392593939386459,0.0543987390962149,6.206896551724138
steady,4500.0,8,80.0,8,5060.0,4998.549883990719,61.45011600928137,0.0124387909333209,0.0048589507933102,6.206896551724138
steady,4500.0,8,90.0,1,4500.0,4500.520216327582,0.5202163275816929,4.112152470101173,1.0,6.206896551724138
steady,4500.0,8,90.0,2,4590.0,4590.414627865053,0.4146278650532622,1.9664451507404228,0.4782033655216197,6.206896551724138
steady,4500.0,8,90.0,3,4680.0,4680.309039402524,0.30903940252392204,1.233612977385686,0.2999920324830112,6.206896551724138
steady,4500.0,8,90.0,4,4770.0,4770.203450939996,0.20345093999640085,0.863718561744008,0.2100405002061505,6.206896551724138
steady,4500.0,8,90.0,5,4860.0,4860.097862477466,0.09786247746615118,0.6513533963877676,0.1583971900661898,6.206896551724138
steady,4500.0,8,90.0,6,4950.0,4949.992274014937,0.007725985063189,0.4817578257758956,0.1171546603095781,6.206896551724138
steady,4500.0,8,90.0,7,5040.0,5039.886685552408,0.11331444759161968,0.3472971407109047,0.0844562897986027,6.206896551724138
steady,4500.0,8,90.0,8,5130.0,5129.781097089879,0.21890291012095986,0.2550828842292091,0.0620314752635942,6.206896551724138
steady,4500.0,8,100.0,1,4500.0,4499.38946832867,0.6105316713301363,3.9332123161631354,1.0,6.206896551724138
steady,4500.0,8,100.0,2,4600.0,4599.440345967947,0.5596540320530039,2.0131408141906117,0.5118312087851995,6.206896551724138
steady,4500.0,8,100.0,3,4700.0,4699.491223607224,0.5087763927758715,1.2989615205172484,0.3302546153380276,6.206896551724138
steady,4500.0,8,100.0,4,4800.0,4799.542101246502,0.4578987534978296,0.8522608257999332,0.2166831478427071,6.206896551724138
steady,4500.0,8,100.0,5,4900.0,4899.592978885779,0.4070211142206972,0.5873986687856282,0.1493432394614888,6.206896551724138
steady,4500.0,8,100.0,6,5000.0,4999.643856525057,0.3561434749426553,0.4222720036858028,0.1073605922442882,6.206896551724138
steady,4500.0,8,100.0,7,5100.0,5099.694734164335,0.3052658356646134,0.317529762633554,0.0807303895924198,6.206896551724138
steady,4500.0,8,100.0,8,5200.0,5199.7456118036125,0.254388196387481,0.245464492050538,0.0624081469087815,6.206896551724138
