sample_id,n_frac,fracture_positions_m,fracture_Cf_m2,fracture_kleak_m2p5_s,fracture_Kp_s2_m5,fracture_alpha_ss,fracture_Q_ss_m3_s,fracture_types,pump_closure_tc_s,ramp_type,wavespeed_m_s,H_ext_m,initial_velocity_m_s,H0_realized_m,perf_num_holes,perf_diameter_m,perf_cd,has_fault,fault_cluster_idx,steady_mass_residual,pre_shut_drift_m
0,1,4691.2905,0.012,0.0005,473897.47,1.0,0.01697128,Type V: 沟通天然断层/强微裂缝簇,0.009131998755037785,cosine,1465.221435546875,152.63583374023438,1.1072149276733398,1496.086669921875,8,0.008813210527883763,0.6719858733978168,1,0,2.1260769227505853e-14,4.5702108764089644e-11
1,6,4789.9487|4838.649|4861.682|4886.5005|4915.2827|4932.862,0.006497215|0.006779739|0.006262888|0.005155469|0.0060248184|0.006423748,0.00080650725|0.0007330914|0.0006379506|0.0007955471|0.0015|0.000761314,2755783.5|2755783.5|2755783.5|2755783.5|2755783.5|2755783.5,0.16768982|0.16080706|0.151049|0.16542469|0.19242766|0.16260175,0.0029121703|0.0027926418|0.0026231792|0.0028728333|0.0033417782|0.0028238092,Type V: 沟通天然断层/强微裂缝簇|Type V: 沟通天然断层/强微裂缝簇|Type V: 沟通天然断层/强微裂缝簇|Type V: 沟通天然断层/强微裂缝簇|Type V: 沟通天然断层/强微裂缝簇|Type V: 沟通天然断层/强微裂缝簇,0.0619472898542881,linear,1486.7772216796875,52.78348922729492,1.132993459701538,147.8145751953125,4,0.008420292940044606,0.6105534202319879,1,4,3.096576949935051e-14,9.57811607804615e-12
2,5,4663.7783|4696.1465|4718.3047|4729.537|4757.006,0.02724151|0.030794295|0.024706746|0.012|0.029295333,1.5273175e-05|1.8161396e-05|1.8230736e-05|0.0005|1.46549355e-05,343496.25|343496.25|343496.25|343496.25|343496.25,0.027974172|0.03325752|0.033380564|0.87855554|0.026832229,0.00046564802|0.00055359275|0.0005556409|0.014624121|0.00044663966,Type IV: 砂堵闭合/未起裂死簇|Type IV: 砂堵闭合/未起裂死簇|Type IV: 砂堵闭合/未起裂死簇|Type V: 沟通天然断层/强微裂缝簇|Type IV: 砂堵闭合/未起裂死簇,0.04794306308031082,cosine,1462.8106689453125,153.8043975830078,1.0859700441360474,1135.8941650390625,6,0.010497473342403512,0.7417862868389872,1,3,1.2193140919679324e-13,0.0
3,1,4770.489,0.0060891835,0.00062775577,181731.53,1.0,0.017527377,Type V: 沟通天然断层/强微裂缝簇,0.05372079461812973,linear,1435.103271484375,82.28828430175781,1.1434948444366455,977.1309814453125,8,0.01073182478493685,0.7318268565761898,1,0,6.868672162074416e-14,4.388311936054379e-11
4,5,4519.8696|4560.6157|4574.9253|4621.566|4640.7744,0.02961472|0.024249654|0.023975242|0.023609448|0.022653364,0.00024296549|0.0002554802|0.00021759878|0.00025402184|0.00017692243,1504515.9|1504515.9|1504515.9|1504515.9|1504515.9,0.2113701|0.22116555|0.19070677|0.21995223|0.15680535,0.002676736|0.0028007831|0.002415061|0.0027854177|0.0019857422,Type II: 均衡/正常发育簇|Type II: 均衡/正常发育簇|Type II: 均衡/正常发育簇|Type II: 均衡/正常发育簇|Type II: 均衡/正常发育簇,0.06985751539468765,cosine,1498.3330078125,77.26596069335938,0.8261888027191162,239.15931701660156,4,0.009555242114563663,0.6416805117741997,0,-1,3.054732167087973e-14,1.3955059330328368e-11
5,4,4827.234|4854.6377|4904.333|4950.0,0.017305197|0.012|0.017592443|0.013640831,2.680761e-05|0.0005|2.2133276e-05|3.0405814e-05,155996.78|155996.78|155996.78|155996.78,0.04704661|0.8607647|0.038837362|0.053351358,0.001026562|0.018781977|0.0008474354|0.0011641323,Type III: 受抑/欠发育弱进液簇|Type V: 沟通天然断层/强微裂缝簇|Type IV: 砂堵闭合/未起裂死簇|Type III: 受抑/欠发育弱进液簇,0.06627067178487778,linear,1476.47119140625,142.64187622070312,1.42355477809906,1701.8914794921875,12,0.009806750533434471,0.6306251610297907,1,1,1.955728263255789e-14,6.730260793119669e-11
6,4,4712.527|4738.43|4760.4683|4790.011,0.020243121|0.017684983|0.014575292|0.016743122,4.1603053e-05|5.4118027e-05|4.397572e-05|6.094462e-05,299645.0|299645.0|299645.0|299645.0,0.20738322|0.26971608|0.21919988|0.30370083,0.0046693804|0.006072849|0.004935441|0.00683804,Type II: 均衡/正常发育簇|Type II: 均衡/正常发育簇|Type II: 均衡/正常发育簇|Type II: 均衡/正常发育簇,0.07235921174287796,cosine,1496.02197265625,138.39422607421875,1.4689363241195679,12838.2255859375,12,0.008175970550920996,0.6546319613433746,0,-1,1.0493532719190249e-13,1.2769305612891912e-09
7,1,4863.0166,0.012,0.0010509653,173875.55,1.0,0.022273222,Type V: 沟通天然断层/强微裂缝簇,0.0707811564207077,cosine,1403.5235595703125,90.26521301269531,1.4531162977218628,722.8963623046875,12,0.009247541879705857,0.6717497395557315,1,0,1.048316097015771e-13,2.034994395216927e-11
8,5,4651.346|4682.5767|4716.8174|4761.527|4795.6514,0.012|0.023482189|0.02335295|0.021916546|0.02358097,0.0005|1.0471757e-05|9.69611e-06|9.420673e-06|9.411445e-06,693995.4|693995.4|693995.4|693995.4|693995.4,0.92208993|0.020919297|0.019369887|0.018819673|0.018801237,0.015008987|0.00034050632|0.00031528636|0.00030633045|0.00030603036,Type V: 沟通天然断层/强微裂缝簇|Type IV: 砂堵闭合/未起裂死簇|Type IV: 砂堵闭合/未起裂死簇|Type IV: 砂堵闭合/未起裂死簇|Type IV: 砂堵闭合/未起裂死簇,0.033614639192819595,linear,1461.4591064453125,81.31781005859375,1.0619288682937622,1188.8302001953125,8,0.00824678419960775,0.6341953773248148,1,0,6.351823499681566e-14,2.319211489520967e-11
9,5,4612.0586|4645.7046|4682.933|4708.678|4731.398,0.020417243|0.022348287|0.025690299|0.020474985|0.025215909,0.00013851316|0.00014282376|0.00015341939|0.00015071146|0.00013344463,641056.1|641056.1|641056.1|641056.1|641056.1,0.1928265|0.19870614|0.2132058|0.20948793|0.18577364,0.0041748313|0.0043021296|0.0046160575|0.0045355633|0.004022132,Type II: 均衡/正常发育簇|Type II: 均衡/正常发育簇|Type II: 均衡/正常发育簇|Type II: 均衡/正常发育簇|Type II: 均衡/正常发育簇,0.04683122783899307,cosine,1457.5216064453125,109.46644592285156,1.4125034809112549,1116.27734375,8,0.008486874464431911,0.623055960936335,0,-1,5.047758679143158e-14,2.955857780762017e-11
10,1,4524.1343,0.01182612,0.0015,600676.25,1.0,0.012819847,Type V: 沟通天然断层/强微裂缝簇,0.06972441077232361,cosine,1422.7537841796875,76.89164733886719,0.8363733291625977,279.1477966308594,8,0.008267332108320369,0.6782965931890299,1,0,5.466744204128855e-14,1.5916157281026244e-12
11,6,4626.3354|4668.4165|4709.5957|4745.295|4786.4546|4801.837,0.00844013|0.010716449|0.008555825|0.010467355|0.010305053|0.009674951,0.0003443117|0.00028967368|0.00029604|0.00030971886|0.0002957233|0.00026716743,161770.64|161770.64|161770.64|161770.64|161770.64|161770.64,0.19109134|0.16091822|0.16421825|0.171597|0.1639081|0.14826709,0.0033975448|0.0028610763|0.0029197498|0.0030509417|0.0029142355|0.002636143,Type II: 均衡/正常发育簇|Type II: 均衡/正常发育簇|Type II: 均衡/正常发育簇|Type II: 均衡/正常发育簇|Type II: 均衡/正常发育簇|Type III: 受抑/欠发育弱进液簇,0.042465921491384506,cosine,1422.8369140625,129.60476684570312,1.1599559783935547,288.135009765625,8,0.011309214718499688,0.6984830765586639,0,-1,1.693775192801103e-13,2.637534635141492e-11
12,2,4795.055|4813.1514,0.016049191|0.012,4.0913295e-05|0.0005,263038.88|263038.88,0.077884704|0.9221153,0.0015356666|0.018181512,Type III: 受抑/欠发育弱进液簇|Type V: 沟通天然断层/强微裂缝簇,0.054844316095113754,cosine,1432.203125,190.51011657714844,1.2863587141036987,1675.3507080078125,8,0.009740152409341802,0.7384637128963939,1,1,6.686503157800686e-14,1.7121237760875374e-10
13,5,4521.2886|4569.6436|4611.679|4645.4263|4686.7314,0.026608162|0.026876185|0.026350047|0.025333364|0.028394118,7.0056594e-05|7.260606e-05|8.6019805e-05|8.435458e-05|9.360427e-05,103366.71|103366.71|103366.71|103366.71|103366.71,0.17232266|0.17857079|0.21152522|0.2074288|0.23015255,0.0035831963|0.003713117|0.0043983557|0.004313177|0.004785684,Type II: 均衡/正常发育簇|Type II: 均衡/正常发育簇|Type II: 均衡/正常发育簇|Type II: 均衡/正常发育簇|Type II: 均衡/正常发育簇,0.07639351487159729,linear,1406.0797119140625,124.18163299560547,1.356580376625061,2820.477783203125,16,0.00915891103375262,0.666135541355677,0,-1,2.7530618911431222e-14,9.458744898438454e-11
14,6,4809.6074|4839.2935|4873.277|4920.5264|4935.316|4950.0,0.011128507|0.009360813|0.011081217|0.009483374|0.008654728|0.011777552,8.266707e-05|8.969627e-05|7.026665e-05|7.1625385e-05|6.646784e-05|7.544625e-05,1772133.1|1772133.1|1772133.1|1772133.1|1772133.1|1772133.1,0.18110588|0.19628075|0.15417382|0.1571215|0.1458979|0.16542016,0.0034991258|0.0037923178|0.0029787747|0.0030357265|0.0028188766|0.003196064,Type II: 均衡/正常发育簇|Type II: 均衡/正常发育簇|Type II: 均衡/正常发育簇|Type II: 均衡/正常发育簇|Type III: 受抑/欠发育弱进液簇|Type II: 均衡/正常发育簇,0.08414249867200851,cosine,1424.0372314453125,182.9851837158203,1.2605042457580566,2068.957763671875,4,0.009268573542863631,0.6283862220705247,0,-1,7.523973441893664e-14,3.2741809263825417e-11
15,5,4643.366|4682.5537|4714.6733|4762.119|4803.331,0.022041935|0.017181562|0.021387544|0.020991629|0.01632044,0.00036903695|0.00035644966|0.00026533916|0.0003358873|0.0003069042,563819.94|563819.94|563819.94|563819.94|563819.94,0.22469862|0.21729071|0.16413017|0.20534058|0.18853992,0.003911044|0.0037821038|0.0028568057|0.0035741031|0.0032816753,Type II: 均衡/正常发育簇|Type II: 均衡/正常发育簇|Type II: 均衡/正常发育簇|Type II: 均衡/正常发育簇|Type II: 均衡/正常发育簇,0.09325964003801346,linear,1460.7855224609375,195.75051879882812,1.1355587244033813,373.7712707519531,4,0.011406336770391318,0.7355937578739207,0,-1,2.710858643952766e-14,4.206412995699793e-12
16,3,4884.759|4927.7744|4949.589,0.016132945|0.011667187|0.01591602,7.2713185e-05|7.8353434e-05|5.9709706e-05,199728.31|199728.31|199728.31,0.34497604|0.37169743|0.28332654,0.005867402|0.0063218833|0.0048188586,Type II: 均衡/正常发育簇|Type I: 优势发育主进液簇|Type II: 均衡/正常发育簇,0.09107311069965363,cosine,1482.9976806640625,170.21136474609375,1.1096198558807373,6745.72021484375,8,0.011040299519526493,0.6596128408290449,0,-1,1.713494119813183e-14,2.710294211283326e-10
17,5,4783.6167|4797.8735|4847.8374|4884.465|4920.4697,0.013770955|0.01706456|0.017887257|0.012513189|0.012,0.0001276748|0.00013096239|0.00015825251|0.00011947748|0.0013984289,54506.227|54506.227|54506.227|54506.227|54506.227,0.068768375|0.07047995|0.08492276|0.06403131|0.7117976,0.0009099918|0.00093264057|0.001123758|0.00084730756|0.00941901,Type III: 受抑/欠发育弱进液簇|Type III: 受抑/欠发育弱进液簇|Type III: 受抑/欠发育弱进液簇|Type III: 受抑/欠发育弱进液簇|Type V: 沟通天然断层/强微裂缝簇,0.03844350948929787,cosine,1477.94287109375,63.959327697753906,0.8633084893226624,149.1129913330078,12,0.01176766908000031,0.7409270012503743,1,4,1.2191706045866675e-14,2.4726887204451486e-12
18,6,4696.611|4740.587|4752.8765|4794.9146|4842.0264|4882.911,0.009822191|0.011172758|0.011732531|0.009614444|0.009783198|0.012,1.7838573e-05|2.3045646e-05|2.3935028e-05|2.2956936e-05|1.9062847e-05|0.0005,102027.945|102027.945|102027.945|102027.945|102027.945|102027.945,0.02973045|0.038396824|0.039875355|0.038236547|0.031743024|0.8220178,0.0005872605|0.00075844594|0.00078765105|0.00075528|0.0006270145|0.016237177,Type IV: 砂堵闭合/未起裂死簇|Type IV: 砂堵闭合/未起裂死簇|Type IV: 砂堵闭合/未起裂死簇|Type IV: 砂堵闭合/未起裂死簇|Type IV: 砂堵闭合/未起裂死簇|Type V: 沟通天然断层/强微裂缝簇,0.07294017821550369,linear,1410.6103515625,68.92605590820312,1.288684606552124,1226.8280029296875,16,0.009489917310390113,0.6245341632809542,1,5,7.06085038527926e-14,1.2755663192365319e-10
19,4,4749.544|4784.1963|4795.89|4841.2563,0.005|0.0057552685|0.0053177075|0.0060900394,0.0005|1.3669538e-05|1.1122305e-05|1.1932252e-05,381613.44|381613.44|381613.44|381613.44,0.92861754|0.026570009|0.021619113|0.023193369,0.018456982|0.00052809925|0.00042969635|0.0004609859,Type V: 沟通天然断层/强微裂缝簇|Type IV: 砂堵闭合/未起裂死簇|Type IV: 砂堵闭合/未起裂死簇|Type IV: 砂堵闭合/未起裂死簇,0.005939250811934471,linear,1465.1231689453125,177.99095153808594,1.2967047691345215,1746.4727783203125,8,0.00937731103962784,0.6614578149324242,1,0,8.02960637162533e-15,7.66249286243692e-11
20,3,4865.957|4903.9478|4939.9175,0.006621023|0.005043596|0.0049641104,0.0005|2.2826107e-05|2.0755562e-05,517347.34|517347.34|517347.34,0.91523373|0.044396255|0.040370014,0.020459553|0.0009924542|0.0009024498,Type V: 沟通天然断层/强微裂缝簇|Type III: 受抑/欠发育弱进液簇|Type III: 受抑/欠发育弱进液簇,0.05344720929861069,cosine,1499.7191162109375,80.17552947998047,1.4584161043167114,2069.11572265625,4,0.011743850349775296,0.7244167721295913,1,0,4.935409923085242e-14,2.8194335754960775e-11
21,4,4585.073|4634.8916|4675.776|4698.2144,0.0082968045|0.0069401334|0.0067977956|0.008910736,6.9429036e-05|8.718956e-05|7.478727e-05|0.000103212704,1056609.2|1056609.2|1056609.2|1056609.2,0.20779546|0.26055196|0.22371961|0.30793297,0.0040812367|0.0051174085|0.004393997|0.006048002,Type II: 均衡/正常发育簇|Type II: 均衡/正常发育簇|Type II: 均衡/正常发育簇|Type II: 均衡/正常发育簇,0.006119199097156525,cosine,1476.3955078125,130.07530212402344,1.2813655138015747,3674.615478515625,4,0.010013939771483073,0.6971616052364148,0,-1,7.648784085484764e-14,5.047695594839752e-11
22,5,4710.626|4742.8647|4786.4277|4836.0405|4851.704,0.006289161|0.0055575827|0.0075122854|0.0057699434|0.006434953,0.00052826485|0.00046656714|0.0004374132|0.00049034186|0.0015,207194.81|207194.81|207194.81|207194.81|207194.81,0.16620606|0.14703146|0.1376372|0.15307803|0.39604726,0.002738152|0.002422261|0.002267496|0.0025218753|0.006524658,Type V: 沟通天然断层/强微裂缝簇|Type V: 沟通天然断层/强微裂缝簇|Type III: 受抑/欠发育弱进液簇|Type V: 沟通天然断层/强微裂缝簇|Type V: 沟通天然断层/强微裂缝簇,0.014672723598778248,cosine,1413.66845703125,78.8721694946289,1.0748008489608765,159.2484588623047,8,0.011325005567922174,0.6154663811263682,1,4,5.959858800051732e-13,1.7138290786533616e-11
23,5,4794.491|4807.856|4827.6025|4871.346|4906.8496,0.016454037|0.020302854|0.022740861|0.02213445|0.020025149,0.0006161145|0.0006087856|0.0006463042|0.00074248377|0.00075746264,125774.63|125774.63|125774.63|125774.63|125774.63,0.18435818|0.18191916|0.19226518|0.21871717|0.2227403,0.0035863726|0.0035389257|0.0037401898|0.004254768|0.0043330314,Type V: 沟通天然断层/强微裂缝簇|Type V: 沟通天然断层/强微裂缝簇|Type V: 沟通天然断层/强微裂缝簇|Type V: 沟通天然断层/强微裂缝簇|Type V: 沟通天然断层/强微裂缝簇,0.020169008523225784,cosine,1453.075927734375,168.80947875976562,1.2691422700881958,277.7019348144531,12,0.009907622133327755,0.6880879815582976,0,-1,3.049743820655003e-14,1.949729266925715e-11
24,2,4658.351|4702.362,0.008934648|0.007735014,0.00047105624|0.0006292191,300178.44|300178.44,0.43406835|0.5659316,0.006908936|0.009007764,Type V: 沟通天然断层/强微裂缝簇|Type V: 沟通天然断层/强微裂缝簇,0.03573382645845413,cosine,1416.968994140625,150.32054138183594,1.0384135246276855,427.78607177734375,8,0.01037928292676737,0.6087600925812718,0,-1,2.724690691981429e-14,1.7109869077103212e-11
25,3,4523.689|4551.617|4573.919,0.020616934|0.017932324|0.02187519,0.00025045435|0.00032751425|0.0003520656,720395.56|720395.56|720395.56,0.27290517|0.3514302|0.37566462,0.0033678687|0.0043369303|0.0046360027,Type II: 均衡/正常发育簇|Type I: 优势发育主进液簇|Type I: 优势发育主进液簇,0.06747842580080032,linear,1408.5322265625,70.0802230834961,0.8051201105117798,287.3680419921875,8,0.008335424409989795,0.6092979095568437,0,-1,3.022214911056059e-14,3.524291969370097e-12
26,6,4787.0615|4836.178|4862.6416|4904.3887|4917.7817|4950.0,0.016786937|0.017608456|0.015597105|0.016278705|0.015421139|0.012,1.5248339e-05|1.3201544e-05|1.4829783e-05|1.0857275e-05|1.0515435e-05|0.0005,991847.6|991847.6|991847.6|991847.6|991847.6|991847.6,0.029785912|0.025782285|0.028957857|0.02119801|0.020529432|0.8737465,0.0006215738|0.0005380259|0.0006042939|0.00044236105|0.00042840914|0.018233383,Type IV: 砂堵闭合/未起裂死簇|Type IV: 砂堵闭合/未起裂死簇|Type IV: 砂堵闭合/未起裂死簇|Type IV: 砂堵闭合/未起裂死簇|Type IV: 砂堵闭合/未起裂死簇|Type V: 沟通天然断层/强微裂缝簇,0.06736026704311371,linear,1416.4261474609375,78.24269104003906,1.3614418506622314,1824.44384765625,6,0.008009675533563116,0.749820033652251,1,5,8.129939457106675e-14,4.615685611497611e-11
27,6,4532.3477|4556.079|4582.8945|4631.2627|4671.3413|4702.9756,0.0055620614|0.0060504926|0.0061968854|0.0054999683|0.0055552437|0.0068751643,6.931643e-05|6.5343236e-05|6.322545e-05|5.3406828e-05|5.1359297e-05|5.440461e-05,334133.8|334133.8|334133.8|334133.8|334133.8|334133.8,0.1941092|0.182992|0.1770645|0.1495918|0.14386046|0.15238203,0.0029728427|0.0028025794|0.0027117978|0.002291045|0.0022032678|0.0023337782,Type II: 均衡/正常发育簇|Type II: 均衡/正常发育簇|Type II: 均衡/正常发育簇|Type III: 受抑/欠发育弱进液簇|Type III: 受抑/欠发育弱进液簇|Type II: 均衡/正常发育簇,0.00942217092961073,cosine,1455.50439453125,199.15057373046875,0.9991785883903503,2084.797119140625,6,0.0112384096872247,0.6562048576962328,0,-1,1.2232864732026477e-13,2.355591277591884e-10
28,6,4777.923|4810.3823|4852.0615|4893.414|4920.9497|4950.0,0.019810818|0.014914517|0.014346071|0.020171164|0.016605781|0.020201366,0.00053589174|0.0004925567|0.00051000295|0.00048305254|0.0003913744|0.00040428535,38928.484|38928.484|38928.484|38928.484|38928.484|38928.484,0.19099122|0.1751236|0.18076207|0.17106676|0.13876128|0.14329505,0.003724412|0.0034149867|0.003524939|0.0033358764|0.0027059054|0.002794316,Type V: 沟通天然断层/强微裂缝簇|Type V: 沟通天然断层/强微裂缝簇|Type V: 沟通天然断层/强微裂缝簇|Type V: 沟通天然断层/强微裂缝簇|Type III: 受抑/欠发育弱进液簇|Type III: 受抑/欠发育弱进液簇,0.07851453870534897,cosine,1429.3580322265625,138.178955078125,1.2722182273864746,260.5066833496094,16,0.011337779207830693,0.7083549037332478,0,-1,1.5585475347367622e-13,1.1993961379630491e-11
29,2,4634.8135|4654.6562,0.0063339155|0.005620135,0.0005|3.7127607e-05,50226.418|50226.418,0.93047726|0.06952276,0.012064039|0.0009013926,Type V: 沟通天然断层/强微裂缝簇|Type III: 受抑/欠发育弱进液簇,0.04694262892007828,linear,1493.6890869140625,83.59732818603516,0.8458713293075562,705.00927734375,16,0.011272782556337547,0.6308298927597666,1,0,3.2646235432857995e-14,1.3869794202037156e-11
30,1,4553.268,0.011058833,0.0005,345263.4,1.0,0.013464783,Type V: 沟通天然断层/强微裂缝簇,0.013153968378901482,linear,1411.2587890625,75.85953521728516,0.8784492611885071,897.4381103515625,8,0.009165876921637603,0.727859097626895,1,0,1.1118384180995242e-13,3.9335645851679146e-11
31,6,4664.6504|4691.9033|4733.1265|4776.775|4797.189|4820.0884,0.022096846|0.029059654|0.024402637|0.02132534|0.021203876|0.019925164,2.2441782e-05|1.9724906e-05|2.6108579e-05|1.9713398e-05|2.8104256e-05|2.1070533e-05,455727.47|455727.47|455727.47|455727.47|455727.47|455727.47,0.16361755|0.14381222|0.19034074|0.1437266|0.2048838|0.15361908,0.0028487502|0.002503919|0.0033140283|0.0025024281|0.0035672379|0.0026746665,Type II: 均衡/正常发育簇|Type III: 受抑/欠发育弱进液簇|Type II: 均衡/正常发育簇|Type III: 受抑/欠发育弱进液簇|Type II: 均衡/正常发育簇|Type II: 均衡/正常发育簇,0.007766458671540022,cosine,1442.725341796875,64.81449890136719,1.1359044313430786,16239.546875,6,0.01072053003747299,0.6174819154676885,0,-1,8.349295240643942e-14,3.765308065339923e-10
32,5,4730.073|4744.4985|4779.3047|4798.97|4831.739,0.014590069|0.011058707|0.01460092|0.014924601|0.012,0.00020070857|0.00021249599|0.00017274891|0.0001880902|0.0015,211386.05|211386.05|211386.05|211386.05|211386.05,0.099992156|0.10570946|0.085919976|0.09341734|0.6149611,0.0018593381|0.0019656506|0.0015976683|0.0017370805|0.011435103,Type III: 受抑/欠发育弱进液簇|Type III: 受抑/欠发育弱进液簇|Type III: 受抑/欠发育弱进液簇|Type III: 受抑/欠发育弱进液簇|Type V: 沟通天然断层/强微裂缝簇,0.028020409867167473,linear,1453.3856201171875,162.30345153808594,1.2131367921829224,315.07781982421875,12,0.009125622265344975,0.6256280740133711,1,4,2.0635876091679856e-13,9.094947017729282e-13
33,5,4832.612|4855.3477|4897.3164|4931.3457|4950.0,0.020761449|0.012|0.027698757|0.023700183|0.026530081,0.00021010399|0.0015|0.00024521284|0.0002587727|0.00019036466,250061.97|250061.97|250061.97|250061.97|250061.97,0.09974281|0.57183474|0.115938246|0.122227855|0.09025637,0.0016661664|0.009552286|0.0019367051|0.0020417708|0.001507699,Type III: 受抑/欠发育弱进液簇|Type V: 沟通天然断层/强微裂缝簇|Type III: 受抑/欠发育弱进液簇|Type III: 受抑/欠发育弱进液簇|Type III: 受抑/欠发育弱进液簇,0.06967781484127045,cosine,1431.7825927734375,199.99168395996094,1.0898182392120361,318.35504150390625,12,0.008395385546419233,0.6796326764904502,1,1,4.016797474064998e-13,2.2282620193436742e-11
34,5,4629.9785|4667.7026|4684.62|4714.912|4764.583,0.022603022|0.025337305|0.022179421|0.019879334|0.02268985,1.5303827e-05|2.0725298e-05|1.8864668e-05|1.4754173e-05|1.6511529e-05,104783.92|104783.92|104783.92|104783.92|104783.92,0.17762351|0.24054426|0.21894987|0.17124318|0.19163917,0.0021857142|0.0029599743|0.0026942485|0.002107202|0.0023581816,Type II: 均衡/正常发育簇|Type II: 均衡/正常发育簇|Type II: 均衡/正常发育簇|Type II: 均衡/正常发育簇|Type II: 均衡/正常发育簇,0.03815660998225212,linear,1408.21484375,57.96875,0.8028053045272827,20485.21875,16,0.009102425478172672,0.6698523013354571,0,-1,6.639849260692277e-14,2.6557245291769505e-10
35,1,4553.9824,0.010070743,0.0005,83586.72,1.0,0.02123484,Type V: 沟通天然断层/强微裂缝簇,0.009985562413930893,linear,1491.66259765625,175.24261474609375,1.3853715658187866,2099.468994140625,12,0.011503002449696672,0.6261643151022386,1,0,6.535386466076593e-15,0.0
36,6,4505.3906|4539.8213|4571.963|4597.8096|4634.9146|4673.9453,0.006501755|0.00540848|0.006773077|0.0056277844|0.006436543|0.005776408,0.00054995576|0.0006115097|0.0005266369|0.00063198677|0.0005866981|0.0006477103,983838.94|983838.94|983838.94|983838.94|983838.94|983838.94,0.15886068|0.17124833|0.15245302|0.17465352|0.16524751|0.17753695,0.0029143465|0.0031416016|0.002796796|0.0032040705|0.0030315148|0.0032569682,Type V: 沟通天然断层/强微裂缝簇|Type V: 沟通天然断层/强微裂缝簇|Type V: 沟通天然断层/强微裂缝簇|Type V: 沟通天然断层/强微裂缝簇|Type V: 沟通天然断层/强微裂缝簇|Type V: 沟通天然断层/强微裂缝簇,0.033389486372470856,linear,1499.6097412109375,161.1734619140625,1.1968564987182617,259.0335998535156,6,0.00821179215253414,0.7162612737196473,0,-1,1.8855178377831516e-13,2.8478552849264815e-11
37,5,4824.018|4841.156|4859.137|4903.4966|4950.0,0.015372939|0.013443041|0.014586606|0.013725649|0.015509706,5.4978762e-05|6.3359745e-05|6.4312866e-05|4.863664e-05|6.6222e-05,480440.06|480440.06|480440.06|480440.06|480440.06,0.18483059|0.21295108|0.21614568|0.16352771|0.22254494,0.0031981356|0.0036847063|0.0037399826|0.0028295305|0.0038507092,Type II: 均衡/正常发育簇|Type II: 均衡/正常发育簇|Type II: 均衡/正常发育簇|Type II: 均衡/正常发育簇|Type II: 均衡/正常发育簇,0.004189831670373678,linear,1467.8486328125,129.41958618164062,1.128860592842102,3576.735107421875,6,0.009997430066896018,0.6915331505468133,0,-1,7.579298923502883e-14,9.140421752817929e-11
38,6,4785.6567|4799.6514|4817.827|4857.5713|4868.497|4917.666,0.02068511|0.02253463|0.02081045|0.025356188|0.018975731|0.020680593,0.00014292428|0.00015906208|0.00016034306|0.00015207657|0.00014650325|0.00013133668,160228.61|160228.61|160228.61|160228.61|160228.61|160228.61,0.1602594|0.17825617|0.17966205|0.17040844|0.164182|0.14723194,0.0026136555|0.0029071632|0.0029300915|0.0027791755|0.002677629|0.002401192,Type II: 均衡/正常发育簇|Type II: 均衡/正常发育簇|Type II: 均衡/正常发育簇|Type II: 均衡/正常发育簇|Type II: 均衡/正常发育簇|Type III: 受抑/欠发育弱进液簇,0.08719087392091751,cosine,1422.058349609375,63.42831802368164,1.0640013217926025,450.68243408203125,16,0.008221441746915052,0.6640100305023748,0,-1,5.679978311149726e-14,9.208633855450898e-12
39,5,4824.3276|4840.8423|4878.225|4901.804|4950.0,0.025477584|0.01947351|0.022302665|0.019980684|0.02194433,0.00011974678|0.00011489264|0.00012974988|0.00010750251|0.00015555439,375827.12|375827.12|375827.12|375827.12|375827.12,0.19096026|0.18324319|0.20677313|0.17148241|0.24754101,0.002544304|0.0024414835|0.0027549902|0.002284786|0.0032981706,Type II: 均衡/正常发育簇|Type II: 均衡/正常发育簇|Type II: 均衡/正常发育簇|Type II: 均衡/正常发育簇|Type II: 均衡/正常发育簇,0.03729672729969025,cosine,1424.6051025390625,113.40547180175781,0.8692471385002136,602.3568725585938,6,0.01103469001774235,0.641793080388041,0,-1,4.5829693393149157e-14,1.8189894035458565e-12
40,2,4803.6333|4833.4536,0.019220678|0.02432751,0.00020103483|0.00024048369,1372976.2|1372976.2,0.4581137|0.5418863,0.006161627|0.007288368,Type I: 优势发育主进液簇|Type I: 优势发育主进液簇,0.029677491635084152,cosine,1409.646728515625,111.82933807373047,0.8774844408035278,1138.9195556640625,6,0.00808185826084068,0.6259727159266839,0,-1,1.6715260089689848e-13,8.481038094032556e-11
41,2,4686.947|4726.352,0.005|0.0051008007,0.0009831794|0.00011350058,330130.3|330130.3,0.8831533|0.11684666,0.014347433|0.0018982543,Type V: 沟通天然断层/强微裂缝簇|Type III: 受抑/欠发育弱进液簇,0.05577324703335762,cosine,1418.6385498046875,179.43019104003906,1.059876799583435,510.6314697265625,6,0.010831190381627498,0.7107457802806773,1,0,2.306459873351735e-14,1.6257217794191092e-11
42,6,4586.7617|4614.7563|4634.567|4672.9766|4717.03|4762.0127,0.016000357|0.02095573|0.019796329|0.017752439|0.018080031|0.015194623,0.0005258333|0.0007026479|0.0006125472|0.0006154873|0.00059232936|0.00051717414,295069.06|295069.06|295069.06|295069.06|295069.06|295069.06,0.1502068|0.19411638|0.17151234|0.17188534|0.16585985|0.14641927,0.0026974282|0.003485961|0.003080035|0.0030867336|0.0029785272|0.0026294114,Type V: 沟通天然断层/强微裂缝簇|Type V: 沟通天然断层/强微裂缝簇|Type V: 沟通天然断层/强微裂缝簇|Type V: 沟通天然断层/强微裂缝簇|Type V: 沟通天然断层/强微裂缝簇|Type V: 沟通天然断层/强微裂缝簇,0.029305635020136833,cosine,1459.0406494140625,51.679866790771484,1.1715953350067139,140.10682678222656,6,0.011936256240709198,0.6190293888104943,0,-1,3.9276912343171044e-13,6.0538241086760536e-12
43,2,4565.287|4594.5684,0.008078668|0.0087860515,0.00014432838|0.00010130861,475320.44|475320.44,0.58696496|0.413035,0.013200707|0.009289062,Type I: 优势发育主进液簇|Type I: 优势发育主进液簇,0.07030533999204636,cosine,1497.0828857421875,171.10757446289062,1.4672439098358154,8712.47265625,4,0.011866986466584644,0.7401614886156962,0,-1,4.057242755195305e-14,0.0
44,1,4798.574,0.0072432715,0.0006881649,377534.94,1.0,0.020786472,Type V: 沟通天然断层/强微裂缝簇,0.0894598662853241,cosine,1442.5400390625,97.32617950439453,1.3561198711395264,1256.5318603515625,6,0.010309909472897947,0.733535411491499,1,0,2.148117431545818e-13,1.020907802740112e-10
45,1,4695.6274,0.012,0.0005,213236.92,1.0,0.01568672,Type V: 沟通天然断层/强微裂缝簇,0.04058840498328209,cosine,1446.1329345703125,124.28385162353516,1.0234096050262451,1208.0899658203125,8,0.011167649163952357,0.6239013205072439,1,0,7.232290531429889e-14,1.000444171950221e-10
46,5,4810.5723|4860.2446|4891.501|4927.901|4950.0,0.019385668|0.019352382|0.016907904|0.020189887|0.012,2.567913e-05|1.953135e-05|2.1253049e-05|2.766259e-05|0.0005,88039.22|88039.22|88039.22|88039.22|88039.22,0.043650683|0.03319026|0.036109086|0.046988558|0.8400614,0.0007068324|0.0005374475|0.0005847119|0.0007608824|0.013603055,Type III: 受抑/欠发育弱进液簇|Type IV: 砂堵闭合/未起裂死簇|Type IV: 砂堵闭合/未起裂死簇|Type III: 受抑/欠发育弱进液簇|Type V: 沟通天然断层/强微裂缝簇,0.07507550716400146,linear,1489.6851806640625,189.32635498046875,1.0564348697662354,998.322509765625,16,0.00936691786023636,0.6900953711973342,1,4,4.306563853900998e-14,1.432454155292362e-11
47,1,4708.426,0.0068569863,0.00038030278,430703.44,1.0,0.013750019,Type I: 优势发育主进液簇,0.03957205265760422,cosine,1425.85205078125,107.93295288085938,0.8970581293106079,1532.978271484375,6,0.010173081257165291,0.705367051040212,0,-1,1.0408326625707329e-13,7.821654435247183e-11
48,5,4556.6494|4588.3325|4626.388|4674.5054|4708.9077,0.012520591|0.0112976115|0.010097073|0.010981243|0.012351507,0.00010927267|9.213055e-05|0.00013092213|0.00011128842|0.00012996024,866474.25|866474.25|866474.25|866474.25|866474.25,0.1907015|0.1610018|0.22791994|0.1941232|0.22625358,0.002860427|0.0024149462|0.0034186847|0.0029117505|0.0033936903,Type II: 均衡/正常发育簇|Type II: 均衡/正常发育簇|Type II: 均衡/正常发育簇|Type II: 均衡/正常发育簇|Type II: 均衡/正常发育簇,0.07349593937397003,linear,1488.1878662109375,87.70443725585938,0.9785748720169067,821.8208618164062,6,0.009176195221359984,0.6112322282134174,0,-1,1.0385558380085133e-13,2.376054908381775e-11
49,4,4569.7646|4592.6533|4624.435|4654.0283,0.0071111624|0.0069418503|0.006701778|0.0067447443,0.00011733511|0.000119515375|0.00011094612|9.954681e-05,90490.57|90490.57|90490.57|90490.57,0.26229447|0.26714796|0.24800843|0.22254913,0.004156627|0.0042335414|0.003930234|0.0035267759,Type II: 均衡/正常发育簇|Type II: 均衡/正常发育簇|Type II: 均衡/正常发育簇|Type II: 均衡/正常发育簇,0.07930777966976166,linear,1474.7557373046875,113.68122100830078,1.0338778495788574,1416.889404296875,12,0.010774182728152634,0.6859761900733206,0,-1,9.173231293492512e-14,3.4788172342814505e-11
50,4,4532.679|4552.288|4588.081|4609.654,0.007059336|0.00910096|0.0063869236|0.008900336,0.0010664559|0.0008209197|0.0008847052|0.0010752107,325618.34|325618.34|325618.34|325618.34,0.27187958|0.22133161|0.23463069|0.27215812,0.004085938|0.0033262786|0.0035261435|0.004090124,Type V: 沟通天然断层/强微裂缝簇|Type V: 沟通天然断层/强微裂缝簇|Type V: 沟通天然断层/强微裂缝簇|Type V: 沟通天然断层/强微裂缝簇,0.09041865170001984,linear,1473.516357421875,56.407413482666016,0.9804658889770508,118.25685119628906,8,0.009767557646356015,0.6600004448013244,0,-1,2.6040790617604115e-13,4.575895218295045e-12
51,4,4586.3574|4601.8906|4642.8643|4657.492,0.0065049483|0.007911372|0.009002049|0.006456731,0.00013200293|0.00015979505|0.0001127615|0.0001520495,933163.2|933163.2|933163.2|933163.2,0.23748973|0.2864106|0.20328905|0.27281064,0.0054567857|0.0065808366|0.004670959|0.0062683513,Type II: 均衡/正常发育簇|Type II: 均衡/正常发育簇|Type II: 均衡/正常发育簇|Type II: 均衡/正常发育簇,0.05003809556365013,linear,1431.1759033203125,115.99565124511719,1.4990266561508179,1950.1627197265625,6,0.008541399499937765,0.6797864338909524,0,-1,4.076917805900717e-15,9.458744898438454e-11
52,2,4705.943|4751.337,0.00988344|0.011175314,8.355171e-05|7.0271235e-05,356762.44|356762.44,0.543079|0.45692098,0.01052534|0.008855524,Type I: 优势发育主进液簇|Type I: 优势发育主进液簇,0.05651937797665596,linear,1402.894775390625,147.34918212890625,1.264417290687561,16127.80078125,8,0.009500357447091476,0.6665015596441008,0,-1,1.3784082246925608e-14,2.128217602148652e-10
53,1,4878.9575,0.008112267,0.00045248744,970379.44,1.0,0.020071737,Type V: 沟通天然断层/强微裂缝簇,0.07403838634490967,linear,1463.7227783203125,120.06082916259766,1.3094903230667114,2558.1171875,4,0.010284602364628309,0.689691415208977,0,-1,5.755983255133212e-14,8.36735125631094e-11
54,2,4614.5205|4626.5776,0.005|0.004365499,0.0005|3.3936467e-05,234529.66|234529.66,0.9347324|0.065267615,0.01820429|0.001271113,Type V: 沟通天然断层/强微裂缝簇|Type III: 受抑/欠发育弱进液簇,0.046536024659872055,linear,1421.8370361328125,147.98822021484375,1.270585060119629,1622.083984375,12,0.008755192871557124,0.6452812614481042,1,0,7.054544394393542e-14,1.318767317570746e-10
55,5,4830.0483|4846.7686|4862.643|4907.075|4950.0,0.011273974|0.010628795|0.011790462|0.011604488|0.010448642,0.00089958357|0.0009043583|0.00090368045|0.00077804434|0.0015,417837.12|417837.12|417837.12|417837.12|417837.12,0.19032843|0.19031474|0.18982944|0.16860034|0.26092705,0.0034344601|0.003434213|0.0034254557|0.0030423785|0.004708406,Type V: 沟通天然断层/强微裂缝簇|Type V: 沟通天然断层/强微裂缝簇|Type V: 沟通天然断层/强微裂缝簇|Type V: 沟通天然断层/强微裂缝簇|Type V: 沟通天然断层/强微裂缝簇,0.003996272571384907,cosine,1495.3388671875,54.20296859741211,1.1772592067718506,137.4447021484375,8,0.009427227834036525,0.6254593861873023,1,4,7.548414475942733e-13,1.2647660696529783e-11
56,6,4735.978|4749.4175|4766.469|4783.483|4826.407|4852.3477,0.028727952|0.03372985|0.033703744|0.02605391|0.026855022|0.03010868,0.00018562718|0.00023082756|0.00017006457|0.0002060411|0.00021214237|0.00019788308,67012.9|67012.9|67012.9|67012.9|67012.9|67012.9,0.15447092|0.19190735|0.14147465|0.17130294|0.17633413|0.16451001,0.0035356425|0.0043925145|0.0032381744|0.0039209058|0.0040360633|0.0037654242,Type II: 均衡/正常发育簇|Type II: 均衡/正常发育簇|Type III: 受抑/欠发育弱进液簇|Type II: 均衡/正常发育簇|Type II: 均衡/正常发育簇|Type II: 均衡/正常发育簇,0.08336380869150162,linear,1415.5816650390625,127.38623809814453,1.4932719469070435,590.9346923828125,16,0.009852463417154532,0.714943563257235,0,-1,2.197893627623078e-14,6.934897101018578e-12
57,1,4854.008,0.012,0.0005,88587.984,1.0,0.019886004,Type V: 沟通天然断层/强微裂缝簇,0.03893837705254555,linear,1469.2698974609375,81.50809478759766,1.2973729372024536,1775.9501953125,16,0.009517454366631569,0.6663641380275062,1,0,7.571857908467844e-14,1.268745108973235e-10
58,4,4662.9688|4689.715|4730.0312|4773.0957,0.0050646677|0.0051493696|0.004149224|0.0044428273,0.00015330182|0.00017727|0.0001325272|0.00019169843,2331689.5|2331689.5|2331689.5|2331689.5,0.23537843|0.26979098|0.20478633|0.29004428,0.0043036547|0.0049328534|0.0037443093|0.005303164,Type II: 均衡/正常发育簇|Type II: 均衡/正常发育簇|Type II: 均衡/正常发育簇|Type II: 均衡/正常发育簇,0.008360725827515125,linear,1433.5526123046875,113.53939819335938,1.1928561925888062,1007.9820556640625,4,0.008152237622361218,0.708127734151512,0,-1,7.950665950259839e-14,6.52562448522076e-11
59,3,4520.3525|4556.204|4573.0825,0.012192694|0.009200683|0.009118893,0.00017482237|0.00021949677|0.00022745536,161859.83|161859.83|161859.83,0.28151336|0.3529011|0.36558557,0.004871512|0.006106857|0.0063263583,Type II: 均衡/正常发育簇|Type I: 优势发育主进液簇|Type I: 优势发育主进液簇,0.08373647183179855,cosine,1401.7587890625,100.1548080444336,1.1289691925048828,935.4161376953125,16,0.008278781181584956,0.6515358145179477,0,-1,9.262696946260585e-14,6.798472895752639e-11
60,1,4523.4365,0.012,0.0005,304046.8,1.0,0.013326229,Type V: 沟通天然断层/强微裂缝簇,0.05865875631570816,linear,1442.4774169921875,175.4788818359375,0.8694098591804504,972.7208862304688,8,0.010018731836354731,0.6491945910248584,1,0,6.287385976438964e-14,5.127276381244883e-11
61,2,4861.771|4879.987,0.018236376|0.012,0.00026040987|0.0015,50194.758|50194.758,0.15466984|0.8453302,0.0034394253|0.018797783,Type II: 均衡/正常发育簇|Type V: 沟通天然断层/强微裂缝簇,0.08428850024938583,cosine,1480.2451171875,58.73188400268555,1.450766682624817,330.6820373535156,16,0.010589408206071196,0.7151021350415219,1,1,4.680597128617673e-16,1.5859313862165436e-11
62,1,4822.2275,0.0051549044,0.0006176284,35944.605,1.0,0.017906703,Type V: 沟通天然断层/强微裂缝簇,0.09392529726028442,linear,1446.349609375,150.9618377685547,1.168242335319519,1065.7449951171875,16,0.011329949043021573,0.7381894941467277,0,-1,5.870664062301509e-14,6.843947630841285e-11
63,1,4714.9917,0.012,0.0005,1136041.0,1.0,0.022440841,Type V: 沟通天然断层/强微裂缝簇,0.022847868502140045,linear,1440.5157470703125,97.08918762207031,1.4640518426895142,2779.234130859375,4,0.009528650470550619,0.7425758787530223,1,0,3.988786568837749e-14,1.5506884665228426e-10
64,4,4847.434|4892.08|4925.6533|4950.0,0.01066052|0.0093611665|0.010284316|0.008827653,1.4071726e-05|1.3957713e-05|1.3698178e-05|0.0005,140198.9|140198.9|140198.9|140198.9,0.026404671|0.026184341|0.025693104|0.9217179,0.0004460361|0.0004423142|0.00043401608|0.015569951,Type IV: 砂堵闭合/未起裂死簇|Type IV: 砂堵闭合/未起裂死簇|Type IV: 砂堵闭合/未起裂死簇|Type V: 沟通天然断层/强微裂缝簇,0.09561092406511307,cosine,1489.1173095703125,172.84779357910156,1.1020632982254028,1233.77734375,8,0.011727308022219234,0.6977529159945297,1,3,1.6410348557469034e-13,5.275069270282984e-11
65,4,4721.657|4740.2305|4755.8154|4773.3545,0.010479978|0.01540954|0.010503144|0.011848548,1.816518e-05|2.1204703e-05|1.9392124e-05|2.0805375e-05,684267.94|684267.94|684267.94|684267.94,0.22830513|0.2664954|0.24372137|0.2614781,0.0030366976|0.0035446684|0.0032417497|0.0034779327,Type II: 均衡/正常发育簇|Type II: 均衡/正常发育簇|Type II: 均衡/正常发育簇|Type II: 均衡/正常发育簇,0.044247791171073914,linear,1457.4005126953125,94.85623931884766,0.8677670955657959,28081.62890625,6,0.00963759663836822,0.6235320491166203,0,-1,5.712398327799295e-14,1.8699211068451405e-09
66,3,4574.891|4622.326|4665.825,0.012|0.012396625|0.011356755,0.0005|1.7246903e-05|1.6682141e-05,583444.0|583444.0|583444.0,0.93228585|0.03442055|0.0332936,0.012607384|0.00046547214|0.0004502323,Type V: 沟通天然断层/强微裂缝簇|Type IV: 砂堵闭合/未起裂死簇|Type IV: 砂堵闭合/未起裂死簇,0.09022992104291916,linear,1460.379150390625,61.998390197753906,0.8822530508041382,824.7550659179688,6,0.009709178374538064,0.6653418237457255,1,0,5.503154084773171e-14,0.0
67,1,4635.39,0.0067556463,0.00017246553,1321238.8,1.0,0.021168038,Type I: 优势发育主进液簇,0.017615575343370438,cosine,1415.0009765625,106.72413635253906,1.3810133934020996,15847.1279296875,4,0.0091686547828378,0.7437016300495974,0,-1,8.195013271499255e-15,9.094947017729282e-12
68,6,4570.3433|4612.175|4644.002|4675.7417|4721.6987|4770.571,0.010815059|0.0108384695|0.009415079|0.011085766|0.01183876|0.00977804,0.00074885646|0.00066265493|0.000881489|0.0009293119|0.0006453486|0.00069945934,155023.73|155023.73|155023.73|155023.73|155023.73|155023.73,0.1670775|0.14752534|0.19051628|0.19902594|0.14240237|0.15345258,0.002914504|0.0025734354|0.0033233704|0.0034718132|0.0024840704|0.0026768304,Type V: 沟通天然断层/强微裂缝簇|Type V: 沟通天然断层/强微裂缝簇|Type V: 沟通天然断层/强微裂缝簇|Type V: 沟通天然断层/强微裂缝簇|Type V: 沟通天然断层/强微裂缝簇|Type V: 沟通天然断层/强微裂缝簇,0.09253613650798798,linear,1473.9849853515625,188.67959594726562,1.1380568742752075,261.5751037597656,12,0.009599679802865416,0.6601867004740808,0,-1,4.1170290511179444e-14,1.91562321560923e-11
69,2,4573.528|4592.276,0.0104286|0.012160877,8.4838095e-05|0.00011227089,165809.44|165809.44,0.4305231|0.5694769,0.007661648|0.010134489,Type I: 优势发育主进液簇|Type I: 优势发育主进液簇,0.07950258255004883,cosine,1428.650634765625,127.76203155517578,1.1610289812088013,8351.9423828125,12,0.008903068590860225,0.7421561911004528,0,-1,1.0781014346235643e-13,3.583409124985337e-10
70,6,4808.366|4833.4985|4874.3296|4905.9487|4923.261|4946.0903,0.025378518|0.024697863|0.024914572|0.028441757|0.02856184|0.034103207,0.00035776087|0.0003859888|0.00027698005|0.00033116352|0.0003202697|0.00032679073,69745.875|69745.875|69745.875|69745.875|69745.875|69745.875,0.17929965|0.19305082|0.1386918|0.1655305|0.16010016|0.16332707,0.003493066|0.0037609623|0.0027019551|0.0032248194|0.0031190268|0.0031818927,Type II: 均衡/正常发育簇|Type II: 均衡/正常发育簇|Type III: 受抑/欠发育弱进液簇|Type II: 均衡/正常发育簇|Type II: 均衡/正常发育簇|Type II: 均衡/正常发育簇,0.05398048460483551,linear,1438.1942138671875,155.0355682373047,1.270997405052185,325.02838134765625,12,0.011045449645198087,0.7434526276424799,0,-1,1.9803305046153796e-13,0.0
71,4,4765.053|4791.924|4804.597|4838.3154,0.03529659|0.034294635|0.012|0.03293317,1.6182466e-05|1.6225436e-05|0.0005|1.5914822e-05,269389.2|269389.2|269389.2|269389.2,0.030406741|0.030483076|0.90921265|0.029897524,0.00044723172|0.0004483545|0.01337298|0.000439742,Type IV: 砂堵闭合/未起裂死簇|Type IV: 砂堵闭合/未起裂死簇|Type V: 沟通天然断层/强微裂缝簇|Type IV: 砂堵闭合/未起裂死簇,0.022449493408203125,linear,1474.8494873046875,111.67219543457031,0.9595774412155151,917.5770263671875,12,0.00803262208450685,0.7152776141237119,1,2,5.838116313083494e-14,1.1254996934439987e-11
72,3,4788.836|4833.0854|4868.328,0.016691698|0.013672536|0.014127411,5.3940214e-05|6.397812e-05|6.22593e-05,219433.12|219433.12|219433.12,0.29940045|0.35506573|0.34553382,0.0047882204|0.0056784586|0.0055260174,Type II: 均衡/正常发育簇|Type I: 优势发育主进液簇|Type II: 均衡/正常发育簇,0.08397682011127472,cosine,1432.16015625,145.5342559814453,1.043371558189392,8080.3388671875,8,0.010578637636817633,0.6854251774562202,0,-1,1.1931670319191394e-14,3.665263648144901e-10
73,4,4863.1836|4891.5723|4910.192|4950.0,0.018361762|0.01518915|0.019757152|0.014688415,0.0005515845|0.0004021998|0.00041052664|0.00043661424,517476.06|517476.06|517476.06|517476.06,0.3001686|0.22600788|0.23025313|0.24357037,0.004320336|0.0032529384|0.0033140404|0.0035057159,Type V: 沟通天然断层/强微裂缝簇|Type II: 均衡/正常发育簇|Type II: 均衡/正常发育簇|Type II: 均衡/正常发育簇,0.062461428344249725,linear,1489.755126953125,152.91087341308594,0.9390085935592651,265.0481262207031,4,0.011858644577457562,0.7103712595485506,0,-1,2.5973190612149644e-13,2.0747847884194925e-11
74,2,4594.277|4639.59,0.010304135|0.010010288,3.759064e-05|0.0005,716683.1|716683.1,0.075455725|0.9245443,0.0015410039|0.018881619,Type III: 受抑/欠发育弱进液簇|Type V: 沟通天然断层/强微裂缝簇,0.026739275082945824,cosine,1446.43798828125,95.45272827148438,1.3323822021484375,1855.0791015625,4,0.010646887911573597,0.7488445449801452,1,1,5.5381707656258425e-14,1.36196831590496e-10
75,1,4602.209,0.010271002,0.0005416531,144045.5,1.0,0.017604897,Type V: 沟通天然断层/强微裂缝簇,0.09139657020568848,cosine,1478.6885986328125,114.81997680664062,1.1485522985458374,1273.7076416015625,12,0.010113117216213127,0.6171055183164675,0,-1,1.018866591030905e-13,2.2737367544323206e-13
76,4,4698.507|4744.098|4790.4424|4832.1006,0.0069189537|0.0071238135|0.007868452|0.007747488,0.00016658362|0.00017660345|0.00089385256|0.00019706339,266030.22|266030.22|266030.22|266030.22,0.12320875|0.13038695|0.60120517|0.1451991,0.0016181085|0.0017123803|0.007895667|0.0019069094,Type III: 受抑/欠发育弱进液簇|Type III: 受抑/欠发育弱进液簇|Type V: 沟通天然断层/强微裂缝簇|Type III: 受抑/欠发育弱进液簇,0.039852242916822433,linear,1444.026611328125,80.85676574707031,0.8568078279495239,209.10122680664062,8,0.010041383590362071,0.6909045277324941,1,2,1.6048721054352788e-13,8.29913915367797e-12
77,3,4645.7|4695.493|4740.4097,0.008952324|0.0120276995|0.0115580065,0.00080262823|0.00093715754|0.001045757,134275.8|134275.8|134275.8,0.29329604|0.33641282|0.37029114,0.004585721|0.005259857|0.005789549,Type V: 沟通天然断层/强微裂缝簇|Type V: 沟通天然断层/强微裂缝簇|Type V: 沟通天然断层/强微裂缝簇,0.002967736916616559,linear,1463.4534912109375,154.5521697998047,1.0200436115264893,236.25479125976562,16,0.008411836212158857,0.6928833985308707,0,-1,3.9254249807260666e-13,6.707523425575346e-12
78,5,4589.209|4606.2275|4648.707|4669.2954|4715.8267,0.012883214|0.012642445|0.013133476|0.011492802|0.010690527,1.1644371e-05|1.1873047e-05|1.1907145e-05|0.0005|1.1136273e-05,616024.3|616024.3|616024.3|616024.3|616024.3,0.022750271|0.023195133|0.02325683|0.9090485|0.02174925,0.0003131586|0.00031928215|0.00032013142|0.012513098|0.00029937952,Type IV: 砂堵闭合/未起裂死簇|Type IV: 砂堵闭合/未起裂死簇|Type IV: 砂堵闭合/未起裂死簇|Type V: 沟通天然断层/强微裂缝簇|Type IV: 砂堵闭合/未起裂死簇,0.0941794291138649,linear,1439.6177978515625,197.01129150390625,0.8980388045310974,955.8975830078125,6,0.009111660722910753,0.7352166807434793,1,3,6.42721214249263e-14,5.7980287238024175e-11
79,1,4677.185,0.016194746,0.00039470103,59700.957,1.0,0.020809162,Type I: 优势发育主进液簇,0.017528178170323372,linear,1436.2135009765625,140.93394470214844,1.357600212097168,3028.0849609375,12,0.01197156287083554,0.6840487041556998,0,-1,1.0003613267069687e-14,2.41016095969826e-10
80,2,4840.9043|4864.1123,0.023240754|0.012,0.00010281002|0.00087388157,127874.26|127874.26,0.10969699|0.890303,0.0023531315|0.019098064,Type III: 受抑/欠发育弱进液簇|Type V: 沟通天然断层/强微裂缝簇,0.012875152751803398,cosine,1468.74853515625,94.84932708740234,1.399486780166626,709.2969970703125,12,0.009887061859398236,0.6852567153339937,1,1,1.6011940850903933e-13,1.3301360013429075e-11
81,5,4505.729|4538.4824|4560.0757|4592.247|4627.1216,0.02913542|0.012|0.022730052|0.026588827|0.024367787,0.00013308793|0.00085522793|0.0001102556|0.00013608042|0.00014038889,75227.99|75227.99|75227.99|75227.99|75227.99,0.09845615|0.6157618|0.08149569|0.10055452|0.10373185,0.001866008|0.011670337|0.0015445618|0.0019057777|0.0019659966,Type III: 受抑/欠发育弱进液簇|Type V: 沟通天然断层/强微裂缝簇|Type III: 受抑/欠发育弱进液簇|Type III: 受抑/欠发育弱进液簇|Type III: 受抑/欠发育弱进液簇,0.041847266256809235,linear,1498.9652099609375,105.52207946777344,1.2364825010299683,367.8692626953125,12,0.011884417460474465,0.6183492580786716,1,1,1.6877982572747335e-13,1.290345608140342e-11
82,5,4818.8813|4850.713|4891.13|4920.032|4950.0,0.011352573|0.009477881|0.010749972|0.009110268|0.012721556,0.0005|2.3787876e-05|2.2293792e-05|2.5578294e-05|1.8352808e-05,108729.52|108729.52|108729.52|108729.52|108729.52,0.84570247|0.040776614|0.038215477|0.043845255|0.03146016,0.018790672|0.000906016|0.00084911|0.00097419816|0.0006990136,Type V: 沟通天然断层/强微裂缝簇|Type III: 受抑/欠发育弱进液簇|Type IV: 砂堵闭合/未起裂死簇|Type III: 受抑/欠发育弱进液簇|Type IV: 砂堵闭合/未起裂死簇,0.013415558263659477,linear,1452.6915283203125,171.02186584472656,1.4495794773101807,1717.6519775390625,12,0.010502412239729008,0.6586087762423867,1,0,1.5770915931696827e-13,7.79891706770286e-11
83,1,4641.4634,0.010025501,0.0005,1826172.5,1.0,0.02196079,Type V: 沟通天然断层/强微裂缝簇,0.03665906563401222,cosine,1473.6424560546875,63.92947769165039,1.4327329397201538,2964.01416015625,4,0.008488005026519732,0.7381055456914483,1,0,9.684401447006968e-14,7.912603905424476e-11
84,2,4790.801|4826.5615,0.0079764165|0.0072802184,9.814397e-05|0.00012150889,354588.97|354588.97,0.44704062|0.5529594,0.008409581|0.01040209,Type I: 优势发育主进液簇|Type I: 优势发育主进液簇,0.035096075385808945,linear,1486.4635009765625,197.27984619140625,1.2272828817367554,7633.10205078125,12,0.008046430523628313,0.6213127051859572,0,-1,9.627275512165065e-14,7.821654435247183e-11
85,5,4668.373|4688.196|4699.898|4718.8413|4747.037,0.032318927|0.032361858|0.032310925|0.022226358|0.032810666,0.00022390416|0.00020524125|0.00030024743|0.000281033|0.00029556596,488502.72|488502.72|488502.72|488502.72|488502.72,0.17245592|0.15831299|0.22893745|0.21482037|0.22547325,0.0024416093|0.0022413756|0.0032412678|0.0030413999|0.0031922222,Type II: 均衡/正常发育簇|Type II: 均衡/正常发育簇|Type II: 均衡/正常发育簇|Type II: 均衡/正常发育簇|Type II: 均衡/正常发育簇,0.05039925128221512,linear,1487.904052734375,109.18694305419922,0.9236668944358826,269.236328125,8,0.008518186880333999,0.7085048189602572,0,-1,9.312059993547492e-15,1.5802470443304628e-11
86,2,4575.699|4607.712,0.030346176|0.027922522,0.00078906515|0.0010439748,1222056.5|1222056.5,0.46526042|0.53473955,0.00609533|0.0070055695,Type V: 沟通天然断层/强微裂缝簇|Type V: 沟通天然断层/强微裂缝簇,0.07957783341407776,cosine,1429.947021484375,176.16363525390625,0.8547093272209167,313.4111328125,4,0.009388412012804909,0.7375147354324679,0,-1,2.9038070233945723e-13,2.8535396268125623e-11
87,6,4638.103|4654.127|4667.663|4704.631|4728.22|4741.0703,0.024166223|0.026081111|0.025318546|0.027434006|0.029858842|0.022164576,6.42102e-05|6.414324e-05|6.663077e-05|4.7743022e-05|5.616764e-05|4.857318e-05,152772.88|152772.88|152772.88|152772.88|152772.88|152772.88,0.18479331|0.18459606|0.1917474|0.13741322|0.16164915|0.13980086,0.0037605301|0.0037565164|0.0039020455|0.0027963489|0.0032895484|0.0028449371,Type II: 均衡/正常发育簇|Type II: 均衡/正常发育簇|Type II: 均衡/正常发育簇|Type III: 受抑/欠发育弱进液簇|Type II: 均衡/正常发育簇|Type III: 受抑/欠发育弱进液簇,0.01687430962920189,linear,1411.7125244140625,54.4766845703125,1.3276394605636597,3564.203857421875,8,0.01185080246683394,0.6545637941907559,0,-1,2.932417898999021e-14,1.6507328837178648e-10
88,2,4785.087|4796.9814,0.005032704|0.0052830637,0.0005|4.8176094e-05,373132.7|373132.7,0.9085108|0.09148918,0.013934137|0.0014032004,Type V: 沟通天然断层/强微裂缝簇|Type III: 受抑/欠发育弱进液簇,0.02388959378004074,cosine,1423.5325927734375,150.35079956054688,1.0006155967712402,1045.2926025390625,8,0.009644864703562498,0.6323342420612124,1,0,4.286664339464563e-14,5.275069270282984e-11
89,4,4700.874|4730.066|4779.188|4808.183,0.017124943|0.013651224|0.014312391|0.017825603,0.00014883751|0.00017359396|0.00015385119|0.00013292368,510407.1|510407.1|510407.1|510407.1,0.24445032|0.28450242|0.25253487|0.2185124,0.0033409137|0.0038883074|0.0034514053|0.002986419,Type II: 均衡/正常发育簇|Type II: 均衡/正常发育簇|Type II: 均衡/正常发育簇|Type II: 均衡/正常发育簇,0.056560028344392776,linear,1431.6044921875,186.70205688476562,0.8916448950767517,732.170166015625,6,0.009951259282620186,0.6771656743899394,0,-1,1.4787049894011278e-13,4.615685611497611e-11
90,1,4565.795,0.0053705047,0.0005,565639.44,1.0,0.012595683,Type V: 沟通天然断层/强微裂缝簇,0.07524645328521729,cosine,1450.3934326171875,199.81309509277344,0.8217487335205078,953.883544921875,6,0.009868160901910682,0.6541345495973805,1,0,9.916102905157057e-14,6.002665031701326e-11
91,2,4519.018|4566.494,0.020999229|0.012,3.1068343e-05|0.0005,536769.75|536769.75,0.062064853|0.9379352,0.0011649651|0.017605161,Type III: 受抑/欠发育弱进液簇|Type V: 沟通天然断层/强微裂缝簇,0.06710105389356613,cosine,1423.8302001953125,94.54092407226562,1.2245724201202393,1565.73681640625,4,0.0114797961580697,0.7442832599447626,1,1,1.719000511596694e-14,3.183231456205249e-12
92,3,4547.117|4560.7065|4571.715,0.026133666|0.022593563|0.024754161,7.916045e-05|7.316584e-05|8.739624e-05,259601.95|259601.95|259601.95,0.3302282|0.3052549|0.36451688,0.0047654943|0.004405107|0.0052603115,Type II: 均衡/正常发育簇|Type II: 均衡/正常发育簇|Type I: 优势发育主进液簇,0.03877898305654526,linear,1460.2999267578125,183.07058715820312,0.9414799809455872,3851.71923828125,6,0.011386333561467723,0.7252497508938488,0,-1,5.601732456800984e-14,1.255102688446641e-10
93,5,4612.5967|4656.3677|4702.188|4729.562|4770.237,0.010934166|0.014462126|0.013867679|0.014462628|0.013586698,0.00036700198|0.0002565683|0.0002493256|0.00034309554|0.00035016006,127586.5|127586.5|127586.5|127586.5|127586.5,0.23428287|0.1642868|0.15955408|0.21873252|0.22314373,0.0036482406|0.0025582658|0.0024845677|0.0034060914|0.0034747825,Type II: 均衡/正常发育簇|Type II: 均衡/正常发育簇|Type II: 均衡/正常发育簇|Type II: 均衡/正常发育簇|Type II: 均衡/正常发育簇,0.09056202322244644,cosine,1465.8677978515625,184.5109405517578,1.015921711921692,330.5706787109375,16,0.009022274691919414,0.617882912829371,0,-1,6.037909701297334e-14,2.7284841053187847e-12
94,3,4762.703|4783.7397|4810.307,0.011675132|0.011827058|0.014084487,3.6200257e-05|4.038083e-05|3.2431723e-05,363553.22|363553.22|363553.22,0.33207652|0.37040386|0.29751962,0.0042233076|0.0047107497|0.0037838174,Type II: 均衡/正常发育簇|Type I: 优势发育主进液簇|Type II: 均衡/正常发育簇,0.04370035603642464,linear,1402.3538818359375,145.84271240234375,0.8297205567359924,13794.677734375,12,0.008091086988498147,0.6068503896386918,0,-1,2.0596463309830934e-14,5.038600647822022e-10
95,3,4804.515|4851.699|4866.3066,0.02709998|0.012|0.020389961,0.00013106682|0.0011904608|0.00018618857,153835.03|153835.03|153835.03,0.09394227|0.7729887|0.13306902,0.0018787278|0.015458806|0.0026612137,Type III: 受抑/欠发育弱进液簇|Type V: 沟通天然断层/强微裂缝簇|Type III: 受抑/欠发育弱进液簇,0.08346231281757355,linear,1417.6968994140625,144.1717529296875,1.304728388786316,427.83837890625,8,0.011931447178513447,0.6435121765209704,1,1,2.2361985581396265e-13,2.2396307031158358e-11
96,4,4826.356|4872.145|4889.584|4912.5146,0.007767238|0.01080554|0.0103472285|0.010526707,5.338732e-05|6.229812e-05|6.2983774e-05|5.2971413e-05,431994.53|431994.53|431994.53|431994.53,0.23050906|0.26891515|0.27186853|0.22870725,0.004602527|0.0053693727|0.005428343|0.0045665507,Type II: 均衡/正常发育簇|Type II: 均衡/正常发育簇|Type II: 均衡/正常发育簇|Type II: 均衡/正常发育簇,0.03255707770586014,linear,1400.7147216796875,63.79928970336914,1.3026436567306519,7582.89892578125,8,0.009333723151798277,0.6275114706925851,0,-1,4.2223887689214756e-14,5.802576197311282e-10
97,6,4610.1523|4657.3374|4705.2373|4727.826|4752.0327|4780.131,0.015036714|0.012|0.016840601|0.015332694|0.01668268|0.011952033,9.460211e-06|0.0005|1.1695112e-05|1.2253954e-05|1.2763245e-05|1.1371443e-05,666610.5|666610.5|666610.5|666610.5|666610.5|666610.5,0.018180698|0.8894364|0.022469794|0.023543373|0.024521751|0.021847954,0.00030411838|0.014878084|0.0003758644|0.00039382273|0.00041018857|0.00036546253,Type IV: 砂堵闭合/未起裂死簇|Type V: 沟通天然断层/强微裂缝簇|Type IV: 砂堵闭合/未起裂死簇|Type IV: 砂堵闭合/未起裂死簇|Type IV: 砂堵闭合/未起裂死簇|Type IV: 砂堵闭合/未起裂死簇,0.05072047933936119,linear,1498.5396728515625,136.1818389892578,1.091313123703003,1222.0849609375,6,0.009588578033832838,0.6382118604774368,1,1,1.6634222753560135e-13,4.5702108764089644e-11
98,5,4705.206|4749.62|4785.5557|4812.3647|4829.889,0.008630022|0.0113944365|0.009449208|0.011163491|0.009512346,7.9700316e-05|6.0707272e-05|8.2019586e-05|7.204202e-05|6.344847e-05,169959.53|169959.53|169959.53|169959.53|169959.53,0.22267629|0.16963801|0.22912501|0.20127638|0.17728432,0.0035405275|0.002697225|0.0036430615|0.0032002714|0.0028188003,Type II: 均衡/正常发育簇|Type II: 均衡/正常发育簇|Type II: 均衡/正常发育簇|Type II: 均衡/正常发育簇|Type II: 均衡/正常发育簇,0.056062497198581696,linear,1442.358642578125,69.91754913330078,1.0373165607452393,2093.856689453125,12,0.008974726403528687,0.7213801179716638,0,-1,1.3354194052656032e-13,1.2232703738845885e-10
99,5,4574.673|4586.254|4625.393|4637.12|4647.3145,0.01404807|0.013846276|0.014332675|0.014767216|0.017022744,0.00014765156|0.00013806557|0.00014439128|0.00017212557|0.00012346102,124332.625|124332.625|124332.625|124332.625|124332.625,0.20349647|0.19030218|0.19896819|0.23705146|0.17018172,0.0045671305|0.004271007|0.004465501|0.0053202147|0.0038194377,Type II: 均衡/正常发育簇|Type II: 均衡/正常发育簇|Type II: 均衡/正常发育簇|Type II: 均衡/正常发育簇|Type II: 均衡/正常发育簇,0.09712604433298111,cosine,1458.8292236328125,112.89122009277344,1.4642115831375122,1165.1031494140625,12,0.009718614085378371,0.7192471448778274,0,-1,3.091745166954469e-16,1.1823431123048067e-11
100,3,4689.7046|4706.9326|4731.0176,0.0055560623|0.004524|0.005349036,4.4570057e-05|3.1557924e-05|3.1760974e-05,494997.72|494997.72|494997.72,0.4130519|0.2925335|0.2944146,0.006339013|0.0044894447|0.004518314,Type I: 优势发育主进液簇|Type II: 均衡/正常发育簇|Type II: 均衡/正常发育簇,0.040412887930870056,linear,1494.78271484375,167.34603881835938,1.001231074333191,20460.41015625,6,0.009549624677807886,0.746681096048738,0,-1,1.0037514574937415e-13,1.800799509510398e-09
101,2,4776.597|4797.1064,0.009291835|0.011686642,0.00032524424|0.00038415426,76713.266|76713.266,0.458888|0.541112,0.0066558765|0.007848483,Type I: 优势发育主进液簇|Type I: 优势发育主进液簇,0.03267960250377655,linear,1402.01025390625,97.83096313476562,0.9462717175483704,561.033447265625,16,0.00979193368079241,0.6765010373127104,0,-1,5.071045986555431e-14,2.262368070660159e-11
102,5,4639.248|4671.9575|4684.723|4701.536|4714.302,0.019311456|0.026499351|0.018912949|0.026668504|0.023814803,0.00038161338|0.0002784803|0.00027412898|0.0002979139|0.00032344868,81008.71|81008.71|81008.71|81008.71|81008.71,0.24509738|0.1791851|0.1763655|0.19153683|0.20781519,0.004919629|0.0035966288|0.0035400332|0.0038445543|0.004171296,Type II: 均衡/正常发育簇|Type II: 均衡/正常发育簇|Type II: 均衡/正常发育簇|Type II: 均衡/正常发育簇|Type II: 均衡/正常发育簇,0.06231844425201416,linear,1417.93359375,142.0557861328125,1.3095166683197021,385.75225830078125,16,0.009374907251233997,0.7181924220455442,0,-1,2.506308657520325e-14,6.707523425575346e-12
103,2,4597.6655|4639.4863,0.012|0.017240506,0.0005|2.3159204e-05,454041.9|454041.9,0.95340645|0.04659354,0.016812539|0.00082163874,Type V: 沟通天然断层/强微裂缝簇|Type III: 受抑/欠发育弱进液簇,0.06925102323293686,cosine,1485.044677734375,108.40838623046875,1.1504626274108887,1425.3785400390625,8,0.008603074877841253,0.7204689167253144,1,0,8.086244754302793e-14,1.887201506178826e-11
104,5,4774.2417|4814.7314|4864.219|4876.014|4915.937,0.010030682|0.009906099|0.010147151|0.010003633|0.008546753,1.7449142e-05|2.2198199e-05|2.3856292e-05|2.1814802e-05|2.2751927e-05,1192617.4|1192617.4|1192617.4|1192617.4|1192617.4,0.16147935|0.20540409|0.22073564|0.20185742|0.2105235,0.0030060397|0.0038237262|0.0041091326|0.0037577027|0.0039190273,Type II: 均衡/正常发育簇|Type II: 均衡/正常发育簇|Type II: 均衡/正常发育簇|Type II: 均衡/正常发育簇|Type II: 均衡/正常发育簇,0.036271147429943085,linear,1416.74853515625,183.287109375,1.2144930362701416,29939.5234375,4,0.009461732248818723,0.7350362366644223,0,-1,1.7239485392613746e-13,1.0368239600211382e-09
105,2,4740.395|4773.896,0.015391457|0.011308201,0.00012966199|0.00015241168,276946.75|276946.75,0.4598976|0.54010236,0.008917612|0.010472817,Type I: 优势发育主进液簇|Type I: 优势发育主进液簇,0.04332049563527107,cosine,1430.6317138671875,172.3407440185547,1.2650413513183594,4996.58251953125,8,0.010118368154278558,0.6668858892055366,0,-1,5.367772300593748e-15,1.546140993013978e-10
106,3,4861.14|4890.3955|4923.2583,0.007885332|0.0068776836|0.008692537,0.0007289552|0.00087681663|0.0009294283,968395.4|968395.4|968395.4,0.30527228|0.34176418|0.3529635,0.0050675254|0.0056732916|0.0058592004,Type V: 沟通天然断层/强微裂缝簇|Type V: 沟通天然断层/强微裂缝簇|Type V: 沟通天然断层/强微裂缝簇,0.010387334041297436,linear,1400.552978515625,91.21817779541016,1.082993507385254,218.84446716308594,4,0.010147201832028403,0.7092211525709163,0,-1,1.29372613967213e-13,5.144329406903125e-12
107,2,4818.9067|4852.5977,0.017149054|0.014913025,0.0004073388|0.00033146067,2508271.0|2508271.0,0.5384026|0.46159735,0.007883004|0.0067584617,Type I: 优势发育主进液簇|Type I: 优势发育主进液簇,0.06937147676944733,linear,1428.343017578125,74.03255462646484,0.9552165865898132,646.56591796875,4,0.008581931922052602,0.616088742538422,0,-1,6.362385661720649e-14,1.830358087318018e-11
108,5,4697.558|4713.2783|4730.9995|4755.9346|4803.7007,0.03191143|0.012|0.029564638|0.027224073|0.03313057,0.0007706154|0.0015|0.00095677597|0.0006631397|0.00093238696,423620.8|423620.8|423620.8|423620.8|423620.8,0.1738313|0.26991862|0.20385861|0.15266547|0.19972602,0.002569582|0.0039899494|0.0030134474|0.002256708|0.0029523592,Type V: 沟通天然断层/强微裂缝簇|Type V: 沟通天然断层/强微裂缝簇|Type V: 沟通天然断层/强微裂缝簇|Type V: 沟通天然断层/强微裂缝簇|Type V: 沟通天然断层/强微裂缝簇,0.03794030845165253,linear,1428.9976806640625,157.13845825195312,0.9643881320953369,212.91729736328125,8,0.009224807610256727,0.6487350206284259,1,1,1.119668919212502e-12,6.764366844436154e-12
109,3,4761.6084|4792.494|4824.584,0.007987749|0.01158763|0.008943353,0.00020139321|0.00021236247|0.00015412725,393165.16|393165.16|393165.16,0.35446152|0.37340835|0.2721301,0.0074630613|0.007861979|0.005729602,Type I: 优势发育主进液簇|Type I: 优势发育主进液簇|Type II: 均衡/正常发育簇,0.06636779010295868,cosine,1428.5418701171875,161.80868530273438,1.3736155033111572,1642.1307373046875,6,0.010204449715646048,0.7337408055167775,0,-1,1.613225476598465e-13,1.5120349416974932e-10
110,4,4681.036|4728.519|4759.8154|4795.5083,0.007634659|0.010328725|0.009279968|0.007876629,0.00018371399|0.0010829521|0.00018226574|0.00021091514,227454.3|227454.3|227454.3|227454.3,0.11929169|0.6260516|0.11813322|0.13652347,0.0020548953|0.010784241|0.0020349396|0.0023517262,Type III: 受抑/欠发育弱进液簇|Type V: 沟通天然断层/强微裂缝簇|Type III: 受抑/欠发育弱进液簇|Type III: 受抑/欠发育弱进液簇,0.02021239697933197,cosine,1419.8868408203125,143.84088134765625,1.1238200664520264,326.27947998046875,12,0.008930129438973493,0.6298204886728874,1,1,4.652568342524907e-14,1.1993961379630491e-11
111,5,4579.135|4614.181|4660.6694|4676.709|4723.2466,0.018625192|0.016498076|0.018298537|0.022036584|0.012,1.6983604e-05|1.7832877e-05|2.0136085e-05|1.9298723e-05|0.0005,141556.75|141556.75|141556.75|141556.75|141556.75,0.030047271|0.03154296|0.035607502|0.03412378|0.8686785,0.0006594059|0.0006922297|0.00078142853|0.00074886734|0.019063683,Type IV: 砂堵闭合/未起裂死簇|Type IV: 砂堵闭合/未起裂死簇|Type IV: 砂堵闭合/未起裂死簇|Type IV: 砂堵闭合/未起裂死簇|Type V: 沟通天然断层/强微裂缝簇,0.08085939288139343,linear,1416.3118896484375,72.08697509765625,1.4317430257797241,1668.530517578125,16,0.008000180406432578,0.7460634604881962,1,4,1.3912179039538876e-14,9.367795428261161e-11
112,3,4628.689|4654.963|4702.663,0.02104223|0.017400661|0.02239083,8.117456e-05|6.321174e-05|6.581771e-05,304808.28|304808.28|304808.28,0.38608566|0.30076617|0.31314817,0.0086724525|0.0067559625|0.0070340936,Type I: 优势发育主进液簇|Type II: 均衡/正常发育簇|Type II: 均衡/正常发育簇,0.01018860936164856,linear,1443.7518310546875,141.79322814941406,1.4654654264450073,11672.994140625,8,0.009769911950794534,0.6818297375038129,0,-1,7.120375795054146e-14,1.3351382222026587e-09
113,3,4563.2163|4599.8584|4623.907,0.016823232|0.015132745|0.017357077,0.00065420516|0.00063298846|0.0008131894,149549.17|149549.17|149549.17,0.3135673|0.30355436|0.38287833,0.006601404|0.006390605|0.008060581,Type V: 沟通天然断层/强微裂缝簇|Type V: 沟通天然断层/强微裂缝簇|Type V: 沟通天然断层/强微裂缝簇,0.09787194430828094,linear,1488.412353515625,119.7852783203125,1.3734815120697021,309.764892578125,16,0.008331557231703882,0.6692621345564176,0,-1,1.4156239386015762e-13,1.0743406164692715e-11
114,6,4590.8394|4635.9385|4684.3223|4703.4556|4750.7285|4783.577,0.011873519|0.010804096|0.0149823455|0.013079379|0.01278586|0.014646015,0.00040577675|0.00045198837|0.00047617353|0.00043968245|0.00039997665|0.00039800428,159046.97|159046.97|159046.97|159046.97|159046.97|159046.97,0.15898061|0.17583065|0.18438247|0.17059264|0.1554902|0.15472342,0.0026701582|0.0029531629|0.0030967947|0.0028651878|0.002611535|0.0025986566,Type II: 均衡/正常发育簇|Type V: 沟通天然断层/强微裂缝簇|Type V: 沟通天然断层/强微裂缝簇|Type II: 均衡/正常发育簇|Type II: 均衡/正常发育簇|Type II: 均衡/正常发育簇,0.06178774684667587,cosine,1419.044677734375,101.40432739257812,1.0957465171813965,198.44503784179688,12,0.009756188003468929,0.6310392266789245,0,-1,3.724458621286869e-13,1.3386625141720288e-11
115,4,4742.3613|4781.026|4821.4253|4854.4204,0.016943784|0.016541325|0.018580724|0.017468382,4.814127e-05|4.8959922e-05|4.1629202e-05|4.7209494e-05,49766.695|49766.695|49766.695|49766.695,0.25891078|0.26330897|0.2238862|0.25389406,0.003983382|0.0040510492|0.0034445238|0.0039061992,Type II: 均衡/正常发育簇|Type II: 均衡/正常发育簇|Type II: 均衡/正常发育簇|Type II: 均衡/正常发育簇,0.07202094048261642,linear,1418.5147705078125,132.1759490966797,1.0037353038787842,7025.18798828125,16,0.010733830542390792,0.6989752033014949,0,-1,1.578542967184144e-14,1.4551915228366852e-11
116,1,4722.1665,0.0073056314,0.0007517112,841589.94,1.0,0.022208048,Type V: 沟通天然断层/强微裂缝簇,0.07601269334554672,linear,1463.1793212890625,59.63414764404297,1.4488643407821655,1441.3829345703125,6,0.008562514989451648,0.712289271755336,1,0,2.2355762260926199e-13,0.0
117,3,4614.0234|4651.9604|4688.927,0.009939892|0.009442323|0.009582747,0.0005|2.622916e-05|2.797663e-05,306196.72|306196.72|306196.72,0.8988995|0.048921023|0.0521795,0.017318577|0.000942533|0.0010053122,Type V: 沟通天然断层/强微裂缝簇|Type III: 受抑/欠发育弱进液簇|Type III: 受抑/欠发育弱进液簇,0.0918922871351242,cosine,1457.15869140625,164.42308044433594,1.256951093673706,1525.2784423828125,8,0.0094555984174174,0.7262603190283273,1,0,1.3595842388112317e-13,1.318767317570746e-10
118,6,4695.02|4741.9526|4763.465|4800.631|4812.793|4861.0273,0.009503972|0.011714553|0.010493851|0.012100092|0.011315614|0.009720066,4.813671e-05|3.802913e-05|4.2151234e-05|4.593447e-05|4.535226e-05|4.0592255e-05,49163.777|49163.777|49163.777|49163.777|49163.777|49163.777,0.18500932|0.14615867|0.1619978|0.1765339|0.17429627|0.15600406,0.0037357535|0.0029512716|0.0032710992|0.0035646157|0.003519433|0.0031500722,Type II: 均衡/正常发育簇|Type III: 受抑/欠发育弱进液簇|Type II: 均衡/正常发育簇|Type II: 均衡/正常发育簇|Type II: 均衡/正常发育簇|Type II: 均衡/正常发育簇,0.05745868757367134,cosine,1443.4752197265625,135.12037658691406,1.317352294921875,6236.02978515625,16,0.011548594661402392,0.6075188137290216,0,-1,7.783480620009858e-14,1.8917489796876907e-10
119,4,4645.102|4686.5796|4713.8994|4741.429,0.009153665|0.009692236|0.007718443|0.009316217,0.0005|1.4190499e-05|1.2693098e-05|9.782102e-06,205381.27|205381.27|205381.27|205381.27,0.93006897|0.027064865|0.024209034|0.018657131,0.013853264|0.0004031279|0.0003605906|0.0002778957,Type V: 沟通天然断层/强微裂缝簇|Type IV: 砂堵闭合/未起裂死簇|Type IV: 砂堵闭合/未起裂死簇|Type IV: 砂堵闭合/未起裂死簇,0.019122937694191933,linear,1461.64697265625,176.37640380859375,0.9717493653297424,1025.464599609375,12,0.008452448044685578,0.7398333961930008,1,0,3.2610040020955924e-15,3.2514435588382185e-11
120,3,4692.1855|4706.925|4725.5967,0.0070754667|0.006941072|0.007025425,2.054265e-05|0.0005|1.9870691e-05,657870.0|657870.0|657870.0,0.04077617|0.9197839|0.039439913,0.0006201375|0.013988378|0.0005998153,Type III: 受抑/欠发育弱进液簇|Type V: 沟通天然断层/强微裂缝簇|Type IV: 砂堵闭合/未起裂死簇,0.05167495459318161,linear,1488.68359375,105.05702209472656,0.992199182510376,1060.8341064453125,4,0.011747497344588527,0.6420071625426231,1,1,2.8287878224737828e-14,4.092726157978177e-12
121,2,4883.7783|4919.8105,0.01601227|0.012862659,0.00044037373|0.0005037818,275408.8|275408.8,0.46839815|0.53160185,0.006387852|0.0072498024,Type I: 优势发育主进液簇|Type V: 沟通天然断层/强微裂缝簇,0.06116693466901779,linear,1482.0391845703125,156.15176391601562,0.8897274732589722,414.9611511230469,6,0.011083879781684954,0.743082157003389,0,-1,1.6332609906449108e-13,3.012701199622825e-11
122,6,4689.014|4701.668|4721.32|4733.748|4765.7036|4782.117,0.006522705|0.007238557|0.0074986783|0.008414097|0.007990399|0.006340008,0.00038974942|0.00037811827|0.00033793467|0.00032080815|0.0003966518|0.00041982907,289049.97|289049.97|289049.97|289049.97|289049.97|289049.97,0.1738175|0.16869661|0.15124735|0.1437627|0.1763351|0.18614073,0.003606354|0.003500106|0.00313807|0.0029827787|0.0036585887|0.0038620355,Type II: 均衡/正常发育簇|Type II: 均衡/正常发育簇|Type II: 均衡/正常发育簇|Type III: 受抑/欠发育弱进液簇|Type II: 均衡/正常发育簇|Type II: 均衡/正常发育簇,0.041141342371702194,linear,1406.153076171875,186.23875427246094,1.3536056280136108,357.11920166015625,12,0.00850325104422154,0.616201709415222,0,-1,2.2407335047765903e-13,1.028865881380625e-11
123,1,4801.939,0.012,0.0005476244,178418.92,1.0,0.020571461,Type V: 沟通天然断层/强微裂缝簇,0.06492020189762115,linear,1441.2249755859375,175.60659790039062,1.342092514038086,1744.3089599609375,12,0.009319799573241212,0.6528986394484784,1,0,1.092874095799494e-13,1.0618350643198937e-10
124,4,4656.4824|4702.0547|4742.5376|4780.4653,0.008980007|0.0074673924|0.007077699|0.009374682,5.1219136e-05|0.0005|4.389149e-05|5.3259733e-05,426855.1|426855.1|426855.1|426855.1,0.08211527|0.76217324|0.07035574|0.085355744,0.0016315453|0.015143592|0.0013978956|0.0016959301,Type III: 受抑/欠发育弱进液簇|Type V: 沟通天然断层/强微裂缝簇|Type III: 受抑/欠发育弱进液簇|Type III: 受抑/欠发育弱进液簇,0.020609544590115547,cosine,1402.171875,163.25099182128906,1.296261191368103,1253.38330078125,6,0.01014224804158832,0.7128541479526104,1,1,4.295563606421596e-14,2.2737367544323206e-13
125,2,4542.375|4577.0864,0.016939804|0.019680424,0.00040298895|0.00033726887,530064.56|530064.56,0.54142743|0.45857254,0.0077098627|0.0065300185,Type I: 优势发育主进液簇|Type I: 优势发育主进液簇,0.02237122692167759,cosine,1406.4681396484375,174.51171875,0.9290170073509216,609.6649169921875,4,0.01181939069315937,0.7065551575780454,0,-1,1.008681934635755e-13,3.7971403799019754e-11
126,3,4850.51|4899.526|4927.965,0.006681283|0.0061301496|0.0060518184,0.00045485303|0.0006034591|0.00054115726,249772.27|249772.27|249772.27,0.2875894|0.37416014|0.33825046,0.0055091553|0.007167532|0.006479635,Type V: 沟通天然断层/强微裂缝簇|Type V: 沟通天然断层/强微裂缝簇|Type V: 沟通天然断层/强微裂缝簇,0.006775664631277323,cosine,1449.38232421875,71.69859313964844,1.2497681379318237,298.00189208984375,12,0.008261601218573136,0.7022290824040861,0,-1,6.827936653575062e-14,2.0406787371030077e-11
127,6,4825.9097|4860.6035|4876.67|4895.293|4916.089|4950.0,0.018837122|0.01912103|0.02167552|0.015999045|0.022343146|0.022766307,2.4267378e-05|2.164732e-05|2.429145e-05|2.940634e-05|2.7020762e-05|2.8838787e-05,262796.16|262796.16|262796.16|262796.16|262796.16|262796.16,0.15609287|0.13924067|0.15624522|0.18913735|0.1737965|0.18548737,0.00232351|0.0020726575|0.0023257777|0.0028153914|0.002587036|0.0027610597,Type II: 均衡/正常发育簇|Type III: 受抑/欠发育弱进液簇|Type II: 均衡/正常发育簇|Type II: 均衡/正常发育簇|Type II: 均衡/正常发育簇|Type II: 均衡/正常发育簇,0.004461015108972788,cosine,1457.9468994140625,65.75122833251953,0.9711331129074097,9278.1201171875,8,0.009778201469246309,0.7330661268465469,0,-1,7.108838528686184e-14,0.0
128,4,4542.536|4576.974|4611.3267|4632.0186,0.03177782|0.026468296|0.028037678|0.03335668,0.00070520065|0.00056326593|0.0006505053|0.00073428534,340416.44|340416.44|340416.44|340416.44,0.2646251|0.21661566|0.2459075|0.27285174,0.0038751077|0.0031720686|0.0036010116|0.0039955764,Type V: 沟通天然断层/强微裂缝簇|Type V: 沟通天然断层/强微裂缝簇|Type V: 沟通天然断层/强微裂缝簇|Type V: 沟通天然断层/强微裂缝簇,0.0741661936044693,linear,1457.22802734375,134.8157196044922,0.9553665518760681,209.86705017089844,6,0.010610534658045774,0.729339223393097,0,-1,5.873325372059146e-13,1.3159251466277055e-11
129,1,4772.1963,0.0072068754,0.0005,118702.36,1.0,0.021385238,Type V: 沟通天然断层/强微裂缝簇,0.05154749006032944,linear,1480.387451171875,148.33399963378906,1.3951836824417114,2119.98046875,16,0.009305411712807427,0.602198645635005,1,0,9.150088320494451e-14,2.523847797419876e-10
130,6,4711.5635|4729.38|4777.7554|4818.189|4853.8267|4890.867,0.029540053|0.022676993|0.02671188|0.026470523|0.026881613|0.022854468,0.00045864139|0.0005402098|0.00048843096|0.00043028747|0.0004524281|0.00043082284,208512.1|208512.1|208512.1|208512.1|208512.1|208512.1,0.16468927|0.19203356|0.17400786|0.1538952|0.16140606|0.15396805,0.0026052007|0.0030377568|0.0027526105|0.0024344504|0.0025532637|0.002435603,Type V: 沟通天然断层/强微裂缝簇|Type V: 沟通天然断层/强微裂缝簇|Type V: 沟通天然断层/强微裂缝簇|Type II: 均衡/正常发育簇|Type V: 沟通天然断层/强微裂缝簇|Type II: 均衡/正常发育簇,0.08449110388755798,cosine,1451.8221435546875,126.17032623291016,1.0320320129394531,207.82608032226562,12,0.00924134836114316,0.6142470350331986,0,-1,2.8248814420463175e-13,9.634959496906959e-12
131,4,4851.656|4874.9507|4898.2007|4926.368,0.023854494|0.032987513|0.03250746|0.022891745,0.0006446988|0.00058185647|0.0005030993|0.00065248436,2224454.0|2224454.0|2224454.0|2224454.0,0.26215118|0.24769202|0.22672895|0.26342785,0.0037574656|0.0035502196|0.0032497516|0.0037757643,Type V: 沟通天然断层/强微裂缝簇|Type V: 沟通天然断层/强微裂缝簇|Type V: 沟通天然断层/强微裂缝簇|Type V: 沟通天然断层/强微裂缝簇,0.06419488042593002,linear,1468.532470703125,135.6074676513672,0.9351052641868591,241.68148803710938,4,0.008591482548786167,0.6527587271211597,0,-1,2.715875755624625e-13,2.276578925375361e-11
132,4,4637.6357|4681.3584|4693.631|4734.707,0.00745334|0.0070328913|0.006804198|0.0071110725,0.00014238976|0.00018212125|0.00018710451|0.00015067845,2014300.5|2014300.5|2014300.5|2014300.5,0.2167377|0.2737564|0.28075227|0.2287536,0.0035333459|0.004462888|0.0045769373|0.0037292338,Type II: 均衡/正常发育簇|Type II: 均衡/正常发育簇|Type II: 均衡/正常发育簇|Type II: 均衡/正常发育簇,0.05203033238649368,cosine,1475.0374755859375,99.31173706054688,1.0635770559310913,790.32861328125,4,0.008969194435595027,0.6294070616297271,0,-1,8.938360068647209e-15,5.5365489970427006e-11
133,2,4680.672|4690.7046,0.012|0.01696751,0.0005|4.1235096e-05,150004.28|150004.28,0.9225164|0.0774836,0.014814745|0.0012443137,Type V: 沟通天然断层/强微裂缝簇|Type III: 受抑/欠发育弱进液簇,0.0474904328584671,linear,1401.1390380859375,180.21873474121094,1.0477010011672974,1140.1466064453125,8,0.011125258289116955,0.749546515862648,1,0,2.0783335718654178e-13,1.4165379980113357e-10
134,2,4761.0225|4810.3115,0.011382554|0.009174086,0.0004235816|0.00034453935,191895.5|191895.5,0.55008036|0.4499196,0.007586733|0.006205311,Type I: 优势发育主进液簇|Type I: 优势发育主进液簇,0.08041245490312576,linear,1482.1666259765625,66.10517120361328,0.8997998833656311,434.9853515625,16,0.008194711137304708,0.6107183177396938,0,-1,1.9533185561648042e-13,7.275957614183426e-12
135,4,4738.3022|4772.468|4821.931|4858.8105,0.018121269|0.021003509|0.022269716|0.020050028,0.0007144939|0.0004995127|0.00073194114|0.0006209165,170661.02|170661.02|170661.02|170661.02,0.27741086|0.19761102|0.28251955|0.24245855,0.0055172746|0.0039301785|0.0056188786|0.004822127,Type V: 沟通天然断层/强微裂缝簇|Type V: 沟通天然断层/强微裂缝簇|Type V: 沟通天然断层/强微裂缝簇|Type V: 沟通天然断层/强微裂缝簇,0.027539536356925964,linear,1450.7237548828125,83.935302734375,1.2975330352783203,224.52560424804688,8,0.011048626708456952,0.7125032693353853,0,-1,1.9154087495774907e-13,1.759303813742008e-11
136,6,4821.4077|4838.359|4850.6665|4863.888|4902.9688|4947.5317,0.016562449|0.02206241|0.019513976|0.01711193|0.023957154|0.023883156,0.0002835754|0.00029406426|0.00028375076|0.00023924965|0.00030668365|0.0003239166,842660.06|842660.06|842660.06|842660.06|842660.06|842660.06,0.16426769|0.1698267|0.16419895|0.1397119|0.17644209|0.18555267,0.002522469|0.0026078324|0.0025214134|0.0021453942|0.0027094171|0.0028493179,Type II: 均衡/正常发育簇|Type II: 均衡/正常发育簇|Type II: 均衡/正常发育簇|Type III: 受抑/欠发育弱进液簇|Type II: 均衡/正常发育簇|Type II: 均衡/正常发育簇,0.09334322065114975,linear,1486.8590087890625,100.61210632324219,1.0018229484558105,231.4126739501953,4,0.010425420723222563,0.7202566019795846,0,-1,3.5923917513685025e-14,2.3248958314070478e-11
137,5,4603.1123|4650.242|4676.91|4687.0547|4699.5576,0.02860368|0.027427696|0.029097453|0.02131553|0.024678664,0.00029586453|0.00022756512|0.00024965606|0.00024178797|0.00024111547,80796.734|80796.734|80796.734|80796.734|80796.734,0.2355544|0.18127625|0.19873051|0.19248737|0.19195148,0.0031651605|0.0024358213|0.0026703556|0.002586466|0.0025792653,Type II: 均衡/正常发育簇|Type II: 均衡/正常发育簇|Type II: 均衡/正常发育簇|Type II: 均衡/正常发育簇|Type II: 均衡/正常发育簇,0.08417380601167679,cosine,1467.6160888671875,53.18037414550781,0.8766411542892456,202.459228515625,16,0.00918732920192129,0.7487988739450799,0,-1,6.661552277680005e-14,5.5138116294983774e-12
138,1,4874.3447,0.012,0.0005,31607.424,1.0,0.020415975,Type V: 沟通天然断层/强微裂缝簇,0.0989985466003418,cosine,1405.957763671875,164.576904296875,1.3319485187530518,1927.0728759765625,16,0.011806439749639373,0.7249502085727482,1,0,8.258979844423184e-14,2.523847797419876e-11
139,5,4802.788|4848.718|4881.237|4928.003|4950.0,0.012642023|0.011156092|0.01151903|0.011230097|0.012651472,0.00013482923|0.00013913412|0.000106336025|9.539721e-05|9.839986e-05,184076.25|184076.25|184076.25|184076.25|184076.25,0.23481277|0.24224032|0.18526196|0.1662314|0.17145357,0.0031686674|0.0032688982|0.002500007|0.0022432|0.0023136705,Type II: 均衡/正常发育簇|Type II: 均衡/正常发育簇|Type II: 均衡/正常发育簇|Type II: 均衡/正常发育簇|Type II: 均衡/正常发育簇,0.05683789774775505,linear,1407.3115234375,169.0594024658203,0.8803842663764954,759.0130004882812,16,0.008207721437453635,0.6215793003723978,0,-1,7.43024484170865e-14,7.310063665499911e-11
140,4,4562.135|4584.4844|4617.097|4628.8164,0.012|0.024624456|0.019070907|0.023121644,0.0005|4.1400406e-05|4.151457e-05|3.705379e-05,2103552.2|2103552.2|2103552.2|2103552.2,0.7716746|0.078785375|0.07900148|0.07053857,0.01522616|0.0015545397|0.0015588037|0.0013918194,Type V: 沟通天然断层/强微裂缝簇|Type III: 受抑/欠发育弱进液簇|Type III: 受抑/欠发育弱进液簇|Type III: 受抑/欠发育弱进液簇,0.016559580340981483,linear,1487.3314208984375,127.62488555908203,1.2872813940048218,1614.465576171875,4,0.008387294574479967,0.704336475690798,1,0,3.18260398775045e-14,1.1937117960769683e-10
141,3,4624.539|4662.936|4701.1006,0.0044148914|0.0045152926|0.0064014383,2.2259428e-05|2.5117353e-05|0.0005,121721.88|121721.88|121721.88,0.041239977|0.046525013|0.912235,0.00071962574|0.0008118481|0.015918238,Type III: 受抑/欠发育弱进液簇|Type III: 受抑/欠发育弱进液簇|Type V: 沟通天然断层/强微裂缝簇,0.06881505995988846,cosine,1493.568115234375,165.20350646972656,1.1384280920028687,1267.56884765625,16,0.008993934162389458,0.6365857201369558,1,2,2.9088163084819985e-13,1.3528733688872308e-10
142,1,4543.4155,0.0069681494,0.0005,1192377.1,1.0,0.012948716,Type V: 沟通天然断层/强微裂缝簇,0.03287290781736374,linear,1420.31787109375,104.17517852783203,0.8447808027267456,1006.0057373046875,6,0.008121310942275107,0.6651969993457397,1,0,5.291766170764135e-14,5.638867150992155e-11
143,1,4773.8335,0.0056239557,0.00095964066,1130843.9,1.0,0.020565366,Type V: 沟通天然断层/强微裂缝簇,0.014389866963028908,cosine,1484.8121337890625,189.62841796875,1.3416948318481445,1208.7032470703125,6,0.008568794442264629,0.6135763113830413,1,0,1.8169355451604086e-13,4.5929482439532876e-11
144,3,4611.5615|4641.3813|4665.634,0.007123722|0.005645603|0.007649031,0.0004686842|0.00043214968|0.00036049722,207150.45|207150.45|207150.45,0.37030467|0.34242955|0.28726575,0.006450349|0.0059647914|0.0050038914,Type V: 沟通天然断层/强微裂缝簇|Type II: 均衡/正常发育簇|Type II: 均衡/正常发育簇,0.06509914994239807,cosine,1420.4224853515625,82.48455047607422,1.1364264488220215,337.2938537597656,8,0.01058772992607925,0.70424207893479,0,-1,1.451990518921628e-13,1.1198153515579179e-11
145,6,4599.586|4616.1133|4646.4033|4673.3765|4683.7817|4730.3975,0.009942853|0.008869422|0.009314882|0.010214308|0.00786927|0.009361316,0.00010816244|8.1524726e-05|9.434187e-05|9.028147e-05|7.914152e-05|0.00011007669,710349.44|710349.44|710349.44|710349.44|710349.44|710349.44,0.1917993|0.14481111|0.1674305|0.16025993|0.1405777|0.19512145,0.0032881028|0.0024825628|0.0028703373|0.002747409|0.0024099876|0.0033450557,Type II: 均衡/正常发育簇|Type III: 受抑/欠发育弱进液簇|Type II: 均衡/正常发育簇|Type II: 均衡/正常发育簇|Type III: 受抑/欠发育弱进液簇|Type II: 均衡/正常发育簇,0.06794150918722153,cosine,1474.546142578125,88.42652893066406,1.1184476613998413,1075.1114501953125,6,0.00954332799660569,0.6241279704397767,0,-1,9.390308897214844e-14,3.61524143954739e-11
146,6,4647.6724|4658.806|4698.424|4745.501|4758.492|4772.899,0.0112202745|0.012796839|0.011186815|0.011142692|0.00948862|0.009134704,3.5320743e-05|3.417032e-05|2.7356966e-05|0.0005|3.050928e-05|2.793773e-05,195595.98|195595.98|195595.98|195595.98|195595.98|195595.98,0.054913692|0.053121008|0.042519443|0.75863177|0.047404528|0.043409545,0.0010551481|0.0010207023|0.00081699685|0.014576855|0.00091086206|0.0008340998,Type III: 受抑/欠发育弱进液簇|Type III: 受抑/欠发育弱进液簇|Type III: 受抑/欠发育弱进液簇|Type V: 沟通天然断层/强微裂缝簇|Type III: 受抑/欠发育弱进液簇|Type III: 受抑/欠发育弱进液簇,0.07085494697093964,linear,1420.2249755859375,56.074371337890625,1.2535743713378906,1018.1336059570312,12,0.008837048809775575,0.6935613822061014,1,3,6.265516940993573e-14,1.1027623258996755e-11
147,6,4798.1406|4817.424|4852.225|4893.697|4905.989|4950.0,0.010173559|0.010707299|0.012188524|0.011947761|0.010829826|0.009518454,2.541595e-05|2.4615652e-05|3.4501863e-05|3.0233667e-05|3.5213514e-05|2.4492816e-05,42128.574|42128.574|42128.574|42128.574|42128.574|42128.574,0.1456759|0.14108777|0.19774726|0.17328387|0.20182423|0.14038096,0.002321303|0.0022481924|0.0031510447|0.002761228|0.00321601|0.0022369297,Type III: 受抑/欠发育弱进液簇|Type III: 受抑/欠发育弱进液簇|Type II: 均衡/正常发育簇|Type II: 均衡/正常发育簇|Type II: 均衡/正常发育簇|Type III: 受抑/欠发育弱进液簇,0.08186130225658417,linear,1437.88232421875,158.58709716796875,1.0395883321762085,8550.0166015625,16,0.01148316648263426,0.6637872763784143,0,-1,5.094857099142286e-14,6.548361852765083e-11
148,1,4539.13,0.012,0.0005,633713.2,1.0,0.015790036,Type V: 沟通天然断层/强微裂缝簇,0.03066054731607437,cosine,1490.960693359375,99.1326904296875,1.0301499366760254,1300.4949951171875,8,0.008252038446170559,0.6628294183113314,1,0,8.01991936402735e-14,0.0
149,2,4632.85|4644.4673,0.009329128|0.0074184546,6.8547764e-05|0.00010245774,557631.56|557631.56,0.40123853|0.59876144,0.008704166|0.012989079,Type I: 优势发育主进液簇|Type I: 优势发育主进液簇,0.036454588174819946,cosine,1439.5264892578125,65.70663452148438,1.4152781963348389,16319.6943359375,6,0.010107230797283859,0.6280168803118187,0,-1,3.2306290617938743e-14,4.2018655221909285e-10
150,4,4528.9736|4576.476|4622.5684|4633.3857,0.011436829|0.015680557|0.01493048|0.013167397,0.00022462336|0.00027417968|0.00022590511|0.00029123534,325743.0|325743.0|325743.0|325743.0,0.22181745|0.26952836|0.22287408|0.2857801,0.004604591|0.0055949967|0.004626525|0.005932358,Type II: 均衡/正常发育簇|Type II: 均衡/正常发育簇|Type II: 均衡/正常发育簇|Type II: 均衡/正常发育簇,0.04784397408366203,cosine,1406.5513916015625,128.9597625732422,1.3542931079864502,634.8756103515625,6,0.01118515786891303,0.6709460133352504,0,-1,1.5760739339055335e-13,2.546585164964199e-11
151,3,4717.496|4745.0645|4772.949,0.0066512637|0.007954851|0.0070121125,0.00079537375|0.0008250296|0.0006871655,157069.11|157069.11|157069.11,0.34419122|0.3553993|0.30040947,0.0057328795|0.0059195627|0.005003647,Type V: 沟通天然断层/强微裂缝簇|Type V: 沟通天然断层/强微裂缝簇|Type V: 沟通天然断层/强微裂缝簇,0.0724029690027237,cosine,1468.8477783203125,94.20939636230469,1.0866516828536987,204.50137329101562,8,0.011592693554061367,0.6746158165398165,0,-1,3.697307488382401e-13,3.0240698833949864e-11
152,3,4597.474|4641.007|4673.5264,0.014207282|0.012925487|0.010359936,0.00035955175|0.00042135172|0.0004649304,574823.4|574823.4|574823.4,0.2924506|0.33816296|0.36938643,0.0057825646|0.006686425|0.0073038,Type II: 均衡/正常发育簇|Type II: 均衡/正常发育簇|Type V: 沟通天然断层/强微裂缝簇,0.009249011054635048,cosine,1412.4354248046875,87.9658203125,1.2899867296218872,438.5045471191406,4,0.011455735683156323,0.7222498398802466,0,-1,1.3686327190922526e-13,2.467004378559068e-11
153,5,4819.097|4853.498|4868.6636|4911.318|4950.0,0.0074502393|0.006174438|0.0083889095|0.0077049495|0.008275327,2.1084348e-05|2.1694312e-05|2.1056461e-05|2.3048227e-05|1.8685678e-05,91992.58|91992.58|91992.58|91992.58|91992.58,0.19972213|0.20549873|0.19945672|0.21832244|0.17699999,0.0032891743|0.0033843077|0.0032848036|0.0035954984|0.0029149689,Type II: 均衡/正常发育簇|Type II: 均衡/正常发育簇|Type II: 均衡/正常发育簇|Type II: 均衡/正常发育簇|Type II: 均衡/正常发育簇,0.019070474430918694,cosine,1459.3414306640625,123.7677230834961,1.0744297504425049,24514.12109375,12,0.011430095632973286,0.6045096687084236,0,-1,6.952059506412991e-14,2.9103830456733704e-10
154,4,4508.322|4546.6123|4596.13|4644.9805,0.0044413107|0.0056542037|0.005864521|0.00486817,0.00043114257|0.0004273294|0.0003576236|0.0004248048,51399.945|51399.945|51399.945|51399.945,0.26295513|0.26035732|0.21806008|0.25862744,0.005817039|0.0057595703|0.0048238793|0.0057213027,Type II: 均衡/正常发育簇|Type II: 均衡/正常发育簇|Type II: 均衡/正常发育簇|Type II: 均衡/正常发育簇,0.015630804002285004,cosine,1419.2864990234375,66.7735824584961,1.4432368278503418,339.4999084472656,16,0.011011603372117604,0.6535189522260538,0,-1,1.5291305548170708e-13,1.7621459846850485e-11
155,5,4822.856|4850.149|4864.492|4880.6333|4924.138,0.005951478|0.006127236|0.005924162|0.007943436|0.007935443,0.0005|3.5415633e-05|3.147271e-05|3.4758756e-05|3.0402462e-05,504415.62|504415.62|504415.62|504415.62|504415.62,0.78114325|0.05869524|0.05216385|0.057606976|0.050390672,0.009986986|0.00075042393|0.0006669195|0.0007365104|0.00064424926,Type V: 沟通天然断层/强微裂缝簇|Type III: 受抑/欠发育弱进液簇|Type III: 受抑/欠发育弱进液簇|Type III: 受抑/欠发育弱进液簇|Type III: 受抑/欠发育弱进液簇,0.08551028370857239,cosine,1495.7794189453125,90.10842895507812,0.8341056704521179,571.7113037109375,8,0.008947778918361996,0.6318963945564746,1,0,6.797734846807763e-14,1.2391865311656147e-11
156,3,4571.6445|4594.8457|4623.6836,0.012|0.027594175|0.030659836,0.0005|1.710504e-05|1.8640683e-05,242158.78|242158.78|242158.78,0.9314276|0.032813378|0.035759024,0.02139174|0.0007536122|0.00082126376,Type V: 沟通天然断层/强微裂缝簇|Type IV: 砂堵闭合/未起裂死簇|Type IV: 砂堵闭合/未起裂死簇,0.05464811623096466,linear,1444.8148193359375,148.68170166015625,1.4983536005020142,2187.025390625,8,0.009987570388174846,0.7319827010342834,1,0,8.308563120276377e-15,1.07775122160092e-10
157,6,4554.8984|4601.932|4636.84|4667.4126|4705.855|4736.0127,0.01803073|0.01591949|0.014790185|0.013723777|0.015681136|0.015304673,0.0005750887|0.0005703581|0.0005552301|0.000463783|0.00046685227|0.0005669212,46001.29|46001.29|46001.29|46001.29|46001.29|46001.29,0.18114282|0.17850184|0.17332397|0.14487232|0.1456921|0.17646691,0.0025797165|0.0025421055|0.0024683657|0.0020631761|0.0020748505|0.0025131253,Type V: 沟通天然断层/强微裂缝簇|Type V: 沟通天然断层/强微裂缝簇|Type V: 沟通天然断层/强微裂缝簇|Type V: 沟通天然断层/强微裂缝簇|Type V: 沟通天然断层/强微裂缝簇|Type V: 沟通天然断层/强微裂缝簇,0.08301892131567001,linear,1484.30517578125,176.10140991210938,0.9291121959686279,234.25881958007812,16,0.010812013291153923,0.7165433737345583,0,-1,3.0695869565784684e-13,2.5011104298755527e-12
158,3,4586.969|4626.7803|4639.729,0.022879383|0.023536863|0.020877037,0.00012933969|0.00010606001|0.00012331533,114021.28|114021.28|114021.28,0.36053017|0.29571855|0.34375125,0.00738306|0.006055826|0.007039456,Type I: 优势发育主进液簇|Type II: 均衡/正常发育簇|Type II: 均衡/正常发育簇,0.02375313639640808,linear,1453.761962890625,160.4043731689453,1.336017370223999,3502.75048828125,12,0.0105320854634244,0.6395252040679685,0,-1,9.572246830900563e-14,2.5556801119819283e-10
159,5,4537.841|4559.545|4601.7|4624.8228|4667.0625,0.006676019|0.006866386|0.005320504|0.005819261|0.0068297912,4.5674635e-05|3.8631668e-05|3.374723e-05|3.517352e-05|3.175059e-05,1951573.1|1951573.1|1951573.1|1951573.1|1951573.1,0.24676836|0.20883572|0.1824925|0.19018671|0.17171672,0.0031435038|0.0026602922|0.002324714|0.0024227283|0.0021874448,Type II: 均衡/正常发育簇|Type II: 均衡/正常发育簇|Type II: 均衡/正常发育簇|Type II: 均衡/正常发育簇|Type II: 均衡/正常发育簇,0.07018832117319107,linear,1444.2410888671875,177.22007751464844,0.8310781121253967,4963.427734375,4,0.009214715657494352,0.6058210187516332,0,-1,9.437108483990181e-14,7.330527296289802e-10
160,4,4560.2563|4580.1157|4598.0737|4617.105,0.015530595|0.014478879|0.0116052|0.015928362,5.0535276e-05|4.593228e-05|4.5060056e-05|5.0909155e-05,653050.9|653050.9|653050.9|653050.9,0.26259056|0.2387052|0.23417756|0.2645267,0.0050683664|0.0046073454|0.0045199557|0.0051057367,Type II: 均衡/正常发育簇|Type II: 均衡/正常发育簇|Type II: 均衡/正常发育簇|Type II: 均衡/正常发育簇,0.05441727861762047,linear,1485.8670654296875,125.39127349853516,1.2592333555221558,10269.7041015625,6,0.009581467403271421,0.6457609845912766,0,-1,7.190040760954905e-16,8.11269273981452e-10
161,2,4795.82|4816.92,0.011458114|0.014136999,0.00015397991|0.0001254465,197746.05|197746.05,0.5508646|0.4491354,0.011693194|0.00953379,Type I: 优势发育主进液簇|Type I: 优势发育主进液簇,0.04194027930498123,cosine,1462.962158203125,59.99814224243164,1.3848590850830078,5941.06640625,8,0.010905364986360733,0.6794168401464931,0,-1,1.0656621798107307e-13,4.31100488640368e-10
162,3,4736.762|4749.235|4792.1196,0.0056133983|0.006943068|0.0050591854,0.00015793399|0.00016931107|0.0002143851,312113.0|312113.0|312113.0,0.2920291|0.31287462|0.3950963,0.0042597777|0.0045638476|0.005763201,Type II: 均衡/正常发育簇|Type II: 均衡/正常发育簇|Type I: 优势发育主进液簇,0.05755641311407089,cosine,1466.7742919921875,74.9366683959961,0.9516518712043762,849.2174072265625,6,0.011418443613153912,0.657717819154116,0,-1,2.2833404478696077e-14,2.9558577807620168e-12
163,5,4658.869|4682.871|4708.4443|4728.327|4772.6943,0.010229667|0.009671492|0.011222863|0.0095524145|0.013504034,0.00032750488|0.00030501912|0.00040689376|0.00031267022|0.00040838425,314554.75|314554.75|314554.75|314554.75|314554.75,0.18692979|0.17430153|0.22983234|0.17839004|0.23054631,0.00271377|0.002530438|0.0033366112|0.0025897932|0.0033469764,Type II: 均衡/正常发育簇|Type II: 均衡/正常发育簇|Type II: 均衡/正常发育簇|Type II: 均衡/正常发育簇|Type II: 均衡/正常发育簇,0.010048857890069485,cosine,1435.607666015625,184.94113159179688,0.947134792804718,295.98992919921875,6,0.011669324209364035,0.6272921136014515,0,-1,1.6250797365766068e-13,1.7053025658242404e-12
164,2,4824.5684|4844.1875,0.007570843|0.008305107,0.0015|0.0006776836,558890.5|558890.5,0.6228818|0.37711817,0.010443667|0.006323024,Type V: 沟通天然断层/强微裂缝簇|Type V: 沟通天然断层/强微裂缝簇,0.03109218366444111,cosine,1415.3148193359375,92.78848266601562,1.0938674211502075,257.3140563964844,6,0.010261278324777322,0.6086155997979252,1,0,1.6822999970075164e-13,6.30961949354969e-12
165,1,4508.6016,0.013377949,0.00021472723,149046.6,1.0,0.020745877,Type I: 优势发育主进液簇,0.0798034593462944,linear,1487.6434326171875,59.244041442871094,1.3534715175628662,9536.2119140625,12,0.009680853401150026,0.6620503925899881,0,-1,1.155597156594218e-13,3.4560798667371273e-10
166,6,4751.892|4764.0254|4803.5396|4820.38|4847.408|4876.89,0.011516323|0.009289443|0.010143187|0.009917996|0.00945396|0.007986469,0.000958569|0.00074735575|0.00076690986|0.001008718|0.0008428414|0.0007421754,621428.0|621428.0|621428.0|621428.0|621428.0|621428.0,0.18364318|0.15418392|0.1561443|0.18752305|0.1665614|0.15194412,0.0024382041|0.0020470778|0.0020731054|0.0024897165|0.0022114117|0.0020173402,Type V: 沟通天然断层/强微裂缝簇|Type V: 沟通天然断层/强微裂缝簇|Type V: 沟通天然断层/强微裂缝簇|Type V: 沟通天然断层/强微裂缝簇|Type V: 沟通天然断层/强微裂缝簇|Type V: 沟通天然断层/强微裂缝簇,0.09665628522634506,linear,1478.2144775390625,159.0554656982422,0.8661887645721436,203.51768493652344,4,0.011618013638084615,0.6753695268114371,0,-1,5.61828144771126e-15,2.9558577807620168e-12
167,1,4799.925,0.021044033,0.0003009402,909914.8,1.0,0.021740202,Type I: 优势发育主进液簇,0.09427006542682648,linear,1433.343505859375,86.37773895263672,1.4183416366577148,5826.6669921875,4,0.010250502144254204,0.7169848340751097,0,-1,6.57497195794346e-14,6.912159733474255e-11
168,2,4561.207|4577.331,0.0077049313|0.0073489547,1.9012472e-05|0.0005,382625.3|382625.3,0.038278762|0.96172124,0.0007446026|0.018707504,Type IV: 砂堵闭合/未起裂死簇|Type V: 沟通天然断层/强微裂缝簇,0.08104892820119858,cosine,1494.6162109375,91.4307861328125,1.269065260887146,1695.246826171875,6,0.011294520062528611,0.6071373571061018,1,1,5.725305077036377e-14,6.889422365929931e-11
169,3,4679.886|4720.627|4755.737,0.018024087|0.01648625|0.018586267,0.00010310987|0.00013330011|0.0001124263,404334.25|404334.25|404334.25,0.2957945|0.3818345|0.32237098,0.00372578|0.0048095263|0.0040605334,Type II: 均衡/正常发育簇|Type I: 优势发育主进液簇|Type II: 均衡/正常发育簇,0.028435440734028816,linear,1401.8836669921875,169.29647827148438,0.8217589259147644,1511.0504150390625,8,0.008959904118577888,0.703871931383435,0,-1,1.4088953799191312e-13,0.0
170,3,4875.733|4902.282|4931.09,0.005918743|0.007132582|0.0072790287,1.2507815e-05|0.0005|9.386436e-06,1435925.9|1435925.9|1435925.9,0.02774554|0.9514341|0.020820381,0.0004266488|0.014630395|0.00032015925,Type IV: 砂堵闭合/未起裂死簇|Type V: 沟通天然断层/强微裂缝簇|Type IV: 砂堵闭合/未起裂死簇,0.037172745913267136,cosine,1470.986083984375,146.8678436279297,1.0032165050506592,1357.62939453125,4,0.009991839619960509,0.6006807409204223,1,1,1.2905621666822742e-13,9.549694368615746e-12
171,4,4811.925|4855.9004|4903.0576|4923.2485,0.006434828|0.0066819848|0.006120883|0.005591052,7.7003664e-05|6.0849077e-05|5.6173805e-05|5.6433262e-05,35761.758|35761.758|35761.758|35761.758,0.3074471|0.24295081|0.2242833|0.22531877,0.004239951|0.003350493|0.0030930527|0.0031073329,Type II: 均衡/正常发育簇|Type II: 均衡/正常发育簇|Type II: 均衡/正常发育簇|Type II: 均衡/正常发育簇,0.0016834158450365067,cosine,1424.19189453125,91.85383605957031,0.8997206687927246,3161.706787109375,16,0.011852210720817082,0.6762892508907756,0,-1,6.930929083697607e-14,1.014086592476815e-10
172,4,4621.3394|4663.751|4701.946|4733.1597,0.021395143|0.02093959|0.018375091|0.017720472,4.3054635e-05|4.245099e-05|4.8437116e-05|4.050039e-05,255148.3|255148.3|255148.3|255148.3,0.24681789|0.24335529|0.2776505|0.23217633,0.0047968933|0.004729598|0.005396124|0.0045123356,Type II: 均衡/正常发育簇|Type II: 均衡/正常发育簇|Type II: 均衡/正常发育簇|Type II: 均衡/正常发育簇,0.00133321073371917,linear,1493.1005859375,145.16981506347656,1.2679460048675537,12634.7353515625,6,0.011950283895514571,0.6641353385463543,0,-1,4.891334394268275e-14,1.6370904631912708e-11
173,2,4718.8164|4749.5645,0.013771075|0.012,1.7764456e-05|0.0005,1276771.0|1276771.0,0.03920402|0.960796,0.0007099184|0.017398387,Type IV: 砂堵闭合/未起裂死簇|Type V: 沟通天然断层/强微裂缝簇,0.029145125299692154,linear,1450.8162841796875,99.359619140625,1.1813950538635254,1759.73681640625,6,0.008074792940533213,0.650264551626989,1,1,4.21507311476263e-15,3.3651303965598345e-11
174,2,4723.553|4741.9434,0.005298839|0.006021283,5.078854e-05|0.0005,153158.52|153158.52,0.0937859|0.9062141,0.0012417363|0.011998382,Type III: 受抑/欠发育弱进液簇|Type V: 沟通天然断层/强微裂缝簇,0.029330363497138023,cosine,1453.4603271484375,134.2148895263672,0.8637920022010803,766.1243896484375,16,0.008495376969316102,0.6360697652770536,1,1,9.040396198572304e-15,5.820766091346741e-11
175,3,4783.422|4798.6113|4836.403,0.0074756974|0.0072785458|0.006419315,1.1791611e-05|0.0005|1.3778868e-05,63374.426|63374.426|63374.426,0.022605933|0.95098054|0.026413497,0.00034362343|0.014455462|0.0004015006,Type IV: 砂堵闭合/未起裂死簇|Type V: 沟通天然断层/强微裂缝簇|Type IV: 砂堵闭合/未起裂死簇,0.024367094039916992,linear,1429.090576171875,66.50534057617188,0.9916938543319702,960.7632446289062,16,0.010842757383259675,0.607021595476249,1,1,8.045611567383468e-14,0.0
176,5,4627.6533|4640.7075|4658.8|4670.9907|4686.567,0.028838743|0.026395645|0.024477122|0.012|0.03520192,0.00048753162|0.000448025|0.00041932604|0.0015|0.00045765913,146669.12|146669.12|146669.12|146669.12|146669.12,0.15577284|0.14327401|0.1340971|0.42096686|0.14588918,0.002734931|0.002515487|0.002354366|0.007390989|0.0025614018,Type V: 沟通天然断层/强微裂缝簇|Type III: 受抑/欠发育弱进液簇|Type III: 受抑/欠发育弱进液簇|Type V: 沟通天然断层/强微裂缝簇|Type V: 沟通天然断层/强微裂缝簇,0.0789298266172409,linear,1418.8204345703125,85.68096160888672,1.1454389095306396,176.1175994873047,16,0.008184096409838528,0.7003736768016724,1,3,8.362791795862856e-13,1.057287590811029e-11
177,5,4587.7817|4610.7246|4630.2334|4640.7983|4654.6074,0.0061300937|0.0064365147|0.0057290196|0.005631761|0.0048785685,0.00090255775|0.00085808744|0.0008363238|0.00082419603|0.0010002404,104337.13|104337.13|104337.13|104337.13|104337.13,0.20516664|0.19477873|0.18968004|0.18698603|0.22338857,0.0035134496|0.0033355579|0.0032482438|0.0032021091|0.0038254973,Type V: 沟通天然断层/强微裂缝簇|Type V: 沟通天然断层/强微裂缝簇|Type V: 沟通天然断层/强微裂缝簇|Type V: 沟通天然断层/强微裂缝簇|Type V: 沟通天然断层/强微裂缝簇,0.09812900424003601,linear,1499.361328125,107.38153839111328,1.1172343492507935,178.43722534179688,12,0.010160112784725414,0.7183942742515435,0,-1,1.017847915327219e-12,3.069544618483633e-12
178,3,4887.055|4907.607|4924.5015,0.006896073|0.005590232|0.0060437997,4.623739e-05|4.862207e-05|3.9113474e-05,129289.84|129289.84|129289.84,0.34512353|0.36291668|0.2919598,0.004391257|0.0046176524|0.0037148164,Type II: 均衡/正常发育簇|Type I: 优势发育主进液簇|Type II: 均衡/正常发育簇,0.008812114596366882,linear,1450.1387939453125,133.7104034423828,0.830102264881134,9188.3330078125,16,0.008983690255658958,0.6190830195234192,0,-1,2.8767254827170505e-14,8.74933903105557e-10
179,1,4702.786,0.02319302,0.0001395865,63464.848,1.0,0.015624155,Type I: 优势发育主进液簇,0.07305162400007248,linear,1427.4022216796875,183.8095703125,1.0193277597427368,12774.7509765625,16,0.01030409705590244,0.6716671943660772,0,-1,1.776452765881527e-15,1.4006218407303095e-10
180,6,4638.7056|4678.8457|4694.257|4741.2427|4770.4653|4790.857,0.008566726|0.00841389|0.007718975|0.008983278|0.009310381|0.008826984,0.0011341916|0.0009794452|0.0010875071|0.0008817268|0.0009209781|0.0011408118,566112.25|566112.25|566112.25|566112.25|566112.25|566112.25,0.18069236|0.16308282|0.1735213|0.1506401|0.15494187|0.17712156,0.0027296247|0.0024636067|0.0026212954|0.002275641|0.0023406255|0.0026756825,Type V: 沟通天然断层/强微裂缝簇|Type V: 沟通天然断层/强微裂缝簇|Type V: 沟通天然断层/强微裂缝簇|Type V: 沟通天然断层/强微裂缝簇|Type V: 沟通天然断层/强微裂缝簇|Type V: 沟通天然断层/强微裂缝簇,0.08869879692792892,cosine,1404.646240234375,52.26313400268555,0.9855540990829468,105.42190551757812,6,0.01002374668608519,0.6337207313638361,0,-1,9.703397346695272e-14,2.8137492336099967e-12
181,5,4587.3496|4603.8115|4637.2573|4652.0083|4693.5737,0.018882446|0.022917861|0.018828848|0.020835513|0.022284687,5.9303347e-05|5.9967562e-05|5.0287457e-05|6.565662e-05|5.3439162e-05,103344.664|103344.664|103344.664|103344.664|103344.664,0.20545252|0.20774914|0.17421986|0.22744405|0.18513443,0.0031394584|0.0031745527|0.0026622014|0.0034755045|0.0028289836,Type II: 均衡/正常发育簇|Type II: 均衡/正常发育簇|Type II: 均衡/正常发育簇|Type II: 均衡/正常发育簇|Type II: 均衡/正常发育簇,0.047549743205308914,cosine,1478.990966796875,130.19781494140625,0.996920645236969,2977.392822265625,12,0.010313528844365979,0.7005203794756211,0,-1,7.515276785217614e-14,2.85126589005813e-10
182,5,4759.11|4787.137|4811.916|4832.8843|4872.055,0.012|0.023191115|0.02203823|0.025860861|0.025398469,0.0005|1.3803378e-05|1.8419461e-05|1.3954981e-05|1.4463583e-05,236011.55|236011.55|236011.55|236011.55|236011.55,0.88904256|0.025256647|0.033702258|0.025533982|0.026464539,0.016054144|0.00045607923|0.0006085883|0.0004610873|0.0004778911,Type V: 沟通天然断层/强微裂缝簇|Type IV: 砂堵闭合/未起裂死簇|Type IV: 砂堵闭合/未起裂死簇|Type IV: 砂堵闭合/未起裂死簇|Type IV: 砂堵闭合/未起裂死簇,0.03496237471699715,linear,1464.867919921875,100.97257995605469,1.1780993938446045,1255.6478271484375,6,0.011722486760710506,0.7176343840179502,1,0,4.822467905151069e-14,7.958078640513122e-11
183,6,4670.5386|4719.587|4730.897|4770.19|4811.11|4823.7964,0.006872466|0.0075388886|0.0067079943|0.007362792|0.007732512|0.005948114,0.0005569766|0.00059322646|0.00052624394|0.0004747582|0.00042387983|0.0005873694,822953.3|822953.3|822953.3|822953.3|822953.3|822953.3,0.17581919|0.18374497|0.16690736|0.15302175|0.13873999|0.18176675,0.0028809295|0.0030107992|0.0027349023|0.0025073763|0.0022733589|0.0029783847,Type V: 沟通天然断层/强微裂缝簇|Type V: 沟通天然断层/强微裂缝簇|Type V: 沟通天然断层/强微裂缝簇|Type V: 沟通天然断层/强微裂缝簇|Type III: 受抑/欠发育弱进液簇|Type V: 沟通天然断层/强微裂缝簇,0.0811469554901123,cosine,1485.481201171875,72.95950317382812,1.0690146684646606,157.51486206054688,4,0.010719085417589352,0.6894417139830731,0,-1,1.4186285338720767e-13,5.7696070143720135e-12
184,2,4849.157|4865.1504,0.004308783|0.005,2.2657325e-05|0.0005,571755.9|571755.9,0.046203345|0.9537966,0.0006591421|0.01360697,Type III: 受抑/欠发育弱进液簇|Type V: 沟通天然断层/强微裂缝簇,0.09123656153678894,linear,1459.6522216796875,187.92706298828125,0.9307283163070679,1074.816650390625,8,0.008549967228340886,0.6500344998765991,1,1,7.551204534708353e-14,4.5929482439532876e-11
185,1,4663.431,0.012,0.0005,539014.9,1.0,0.020824911,Type V: 沟通天然断层/强微裂缝簇,0.07548829913139343,cosine,1483.5531005859375,83.60279083251953,1.3586276769638062,2133.713623046875,6,0.010031088128911108,0.6485043586529656,1,0,1.3994468290364631e-14,8.36735125631094e-11
186,2,4629.241|4644.2256,0.005388169|0.0046321237,9.5640615e-05|8.054253e-05,503593.0|503593.0,0.54268265|0.45731735,0.008018789|0.006757414,Type I: 优势发育主进液簇|Type I: 优势发育主进液簇,0.002875027246773243,cosine,1490.7362060546875,150.13577270507812,0.9640069007873535,7253.3759765625,8,0.008428711145815625,0.7127027724405499,0,-1,1.3230959567973183e-13,1.6643753042444587e-10
187,4,4596.4575|4616.1685|4647.843|4684.221,0.012420595|0.010771209|0.011460561|0.010866596,0.00046262852|0.0004346066|0.0015|0.00046294424,128556.07|128556.07|128556.07|128556.07,0.17185311|0.1613903|0.4954925|0.1712641,0.003912146|0.003673966|0.011279629|0.003898738,Type V: 沟通天然断层/强微裂缝簇|Type II: 均衡/正常发育簇|Type V: 沟通天然断层/强微裂缝簇|Type V: 沟通天然断层/强微裂缝簇,0.004133580252528191,cosine,1495.2574462890625,101.2443618774414,1.485166072845459,270.6732482910156,16,0.008597349881622536,0.6778992218717079,1,2,1.0272175905018388e-13,2.2566837287740782e-11
188,2,4649.2754|4688.2188,0.008688385|0.00766548,0.00016752405|0.0015,104747.016|104747.016,0.110433996|0.889566,0.0015855199|0.012771652,Type III: 受抑/欠发育弱进液簇|Type V: 沟通天然断层/强微裂缝簇,0.05329807847738266,linear,1425.0802001953125,107.28032684326172,0.936669111251831,236.25045776367188,12,0.009970161162142187,0.7445676757287281,1,1,1.1345586200129515e-13,4.405364961712621e-12
189,4,4644.5493|4666.679|4682.849|4721.655,0.012|0.023346461|0.02315542|0.019533558,0.0005|1.1172443e-05|1.1928639e-05|1.0719558e-05,197481.16|197481.16|197481.16|197481.16,0.93520004|0.021406291|0.022855109|0.020538578,0.017307648|0.00039616396|0.0004229771|0.0003801053,Type V: 沟通天然断层/强微裂缝簇|Type IV: 砂堵闭合/未起裂死簇|Type IV: 砂堵闭合/未起裂死簇|Type IV: 砂堵闭合/未起裂死簇,0.03684842586517334,cosine,1425.68017578125,96.77684020996094,1.2073991298675537,1418.5858154296875,8,0.010402909654010337,0.7471333913612099,1,0,6.898815692974944e-14,0.0
190,1,4744.2837,0.005582341,0.000703465,55714.594,1.0,0.0125824055,Type V: 沟通天然断层/强微裂缝簇,0.09011159837245941,linear,1447.3521728515625,182.24635314941406,0.8208824992179871,541.8058471679688,16,0.011152957815909081,0.6118937763669235,1,0,2.0928511744802702e-13,2.1032064978498966e-11
191,2,4782.341|4796.7266,0.010476087|0.011655126,0.00024550306|0.00036136145,135523.11|135523.11,0.4056864|0.59431356,0.0066346023|0.009719414,Type I: 优势发育主进液簇|Type I: 优势发育主进液簇,0.04690547659993172,cosine,1469.7518310546875,161.73951721191406,1.0669442415237427,950.0266723632812,8,0.011659490895206685,0.7179674640462137,0,-1,4.794510396880815e-14,1.0231815394945443e-12
192,4,4715.287|4751.705|4782.824|4806.1953,0.014818814|0.01266906|0.012|0.011361508,4.0509552e-05|3.894097e-05|0.0005|4.448562e-05,136923.23|136923.23|136923.23|136923.23,0.06582561|0.063261904|0.7986587|0.07225373,0.00091239455|0.0008768596|0.011070035|0.0010014933,Type III: 受抑/欠发育弱进液簇|Type III: 受抑/欠发育弱进液簇|Type V: 沟通天然断层/强微裂缝簇|Type III: 受抑/欠发育弱进液簇,0.09437530487775803,cosine,1496.482421875,93.74588012695312,0.9042844772338867,638.181640625,12,0.009882207037467318,0.662876916437604,1,2,6.295213916124309e-14,2.3419488570652902e-11
193,6,4518.213|4537.632|4583.857|4605.0015|4640.9175|4652.537,0.016572256|0.0219953|0.019520259|0.016599312|0.016885992|0.015641117,5.3097014e-05|4.6164438e-05|5.23821e-05|5.377194e-05|5.2108357e-05|4.2957974e-05,907286.75|907286.75|907286.75|907286.75|907286.75|907286.75,0.17669451|0.15366864|0.17431046|0.17892171|0.1733989|0.14300577,0.00310637|0.002701565|0.0030644573|0.0031455252|0.0030484316|0.0025141065,Type II: 均衡/正常发育簇|Type II: 均衡/正常发育簇|Type II: 均衡/正常发育簇|Type II: 均衡/正常发育簇|Type II: 均衡/正常发育簇|Type III: 受抑/欠发育弱进液簇,0.043546147644519806,cosine,1495.8560791015625,186.48036193847656,1.1469577550888062,3674.558837890625,4,0.010044992877163077,0.7477029229841833,0,-1,7.953076944840903e-14,6.821210263296962e-11
194,4,4640.279|4671.6235|4702.6206|4746.6377,0.023561224|0.012|0.025981307|0.024136668,1.5652344e-05|0.0005|1.5596786e-05|1.6637441e-05,43066.793|43066.793|43066.793|43066.793,0.0287134|0.9121654|0.028606286|0.030514933,0.00038512258|0.012234549|0.00038368593|0.0004092859,Type IV: 砂堵闭合/未起裂死簇|Type V: 沟通天然断层/强微裂缝簇|Type IV: 砂堵闭合/未起裂死簇|Type IV: 砂堵闭合/未起裂死簇,0.061465635895729065,linear,1497.7132568359375,79.45355224609375,0.8750475645065308,719.0269165039062,16,0.01153694737804072,0.6504104994978968,1,1,1.1342675117296391e-13,7.014477887423709e-11
195,3,4880.6963|4903.3545|4950.0,0.02471106|0.018443994|0.023742715,3.958808e-05|3.1460335e-05|3.2615117e-05,291904.62|291904.62|291904.62,0.38187215|0.30349573|0.3146321,0.005652373|0.0044922656|0.004657103,Type I: 优势发育主进液簇|Type II: 均衡/正常发育簇|Type II: 均衡/正常发育簇,0.08575490862131119,linear,1461.9984130859375,144.33782958984375,0.9656731486320496,20583.306640625,6,0.011828365567013778,0.6337812822768288,0,-1,5.391073329939766e-14,1.873559085652232e-09
196,1,4778.209,0.012,0.0005,1082023.1,1.0,0.020622112,Type V: 沟通天然断层/强微裂缝簇,0.0262046717107296,linear,1475.37744140625,106.68370056152344,1.3453969955444336,2349.9892578125,6,0.008693727330594835,0.6093671755945043,1,0,4.037739990991364e-15,1.227817847393453e-10
197,2,4752.083|4796.8384,0.011659539|0.008606249,1.7383541e-05|0.0005,1846286.8|1846286.8,0.040331587|0.9596684,0.00057966687|0.013792861,Type III: 受抑/欠发育弱进液簇|Type V: 沟通天然断层/强微裂缝簇,0.0968325138092041,cosine,1421.0732421875,194.5397491455078,0.9376710057258606,1347.1820068359375,4,0.008476508351934451,0.7360665151489392,1,1,1.1273115416415153e-13,0.0
198,2,4612.9575|4656.6636,0.020400798|0.019752577,0.00023450816|0.00016076551,119200.09|119200.09,0.592869|0.40713102,0.010048855|0.0069006826,Type I: 优势发育主进液簇|Type I: 优势发育主进液簇,0.018785880878567696,cosine,1454.59423828125,122.87071990966797,1.105796456336975,2024.909912109375,12,0.009817771992872475,0.719805555055432,0,-1,9.456803694079738e-14,3.956301952712238e-11
199,2,4799.22|4829.2446,0.0056625684|0.0060308403,1.484372e-05|0.0005,61521.383|61521.383,0.029049972|0.97095,0.0005247123|0.01753769,Type IV: 砂堵闭合/未起裂死簇|Type V: 沟通天然断层/强微裂缝簇,0.09952142089605331,linear,1419.673583984375,89.1781997680664,1.1784002780914307,1402.220947265625,16,0.010397274682109242,0.6700212118257883,1,1,1.092941655147367e-13,0.0
200,4,4848.0137|4885.8486|4919.2275|4950.0,0.007391514|0.006655408|0.008057645|0.00885387,0.000365643|0.0004017467|0.0003620589|0.00044020984,80272.11|80272.11|80272.11|80272.11,0.23341978|0.25590155|0.23079635|0.27988234,0.004250804|0.0046602185|0.0042030285|0.0050969324,Type II: 均衡/正常发育簇|Type II: 均衡/正常发育簇|Type II: 均衡/正常发育簇|Type II: 均衡/正常发育簇,0.028553906828165054,linear,1463.9735107421875,149.60531616210938,1.188093662261963,351.3523254394531,12,0.011736742104495877,0.6137647115417376,0,-1,1.1735661812999065e-13,2.5579538487363607e-12
201,2,4750.228|4764.5903,0.012|0.0153629305,0.0005|2.1996273e-05,204417.12|204417.12,0.9568459|0.043154135,0.01577646|0.0007115246,Type V: 沟通天然断层/强微裂缝簇|Type III: 受抑/欠发育弱进液簇,0.01334994938224554,linear,1496.378662109375,93.3747329711914,1.0756843090057373,1192.3209228515625,12,0.008424896835654252,0.7464342225985157,1,0,2.1463122349286295e-13,9.708855941426009e-11
202,1,4601.598,0.0066932137,0.0005,2073604.6,1.0,0.01731753,Type V: 沟通天然断层/强微裂缝簇,0.05931158736348152,cosine,1434.2911376953125,98.17851257324219,1.1298043727874756,1975.6292724609375,4,0.008643845422760692,0.6679188002889437,1,0,8.434443058260091e-14,1.3665157894138247e-10
203,6,4744.642|4770.7554|4790.1533|4821.4243|4839.599|4878.6484,0.009569233|0.009379653|0.010928493|0.010118775|0.010040589|0.008935813,7.522377e-05|8.4439256e-05|8.327194e-05|7.621173e-05|7.042359e-05|7.49679e-05,2373486.2|2373486.2|2373486.2|2373486.2|2373486.2|2373486.2,0.16202705|0.18155|0.17907454|0.16410236|0.15178865|0.1614574,0.0023292487|0.0026099044|0.002574318|0.0023590827|0.0021820648|0.0023210598,Type II: 均衡/正常发育簇|Type II: 均衡/正常发育簇|Type II: 均衡/正常发育簇|Type II: 均衡/正常发育簇|Type II: 均衡/正常发育簇|Type II: 均衡/正常发育簇,0.011556217446923256,cosine,1480.413818359375,131.97808837890625,0.9378765225410461,1143.6802978515625,4,0.008323244654318098,0.6733206756258905,0,-1,6.81789558620513e-14,2.4783730623312294e-11
204,2,4650.543|4661.5645,0.0067975223|0.007527299,9.823694e-06|0.0005,1210961.6|1210961.6,0.021932945|0.97806704,0.00046936586|0.020930672,Type IV: 砂堵闭合/未起裂死簇|Type V: 沟通天然断层/强微裂缝簇,0.020900683477520943,linear,1481.427001953125,189.91311645507812,1.3961492776870728,2558.92919921875,4,0.009602352626238797,0.7082394968395126,1,1,1.162424784250174e-13,1.9235812942497432e-10
205,4,4661.698|4702.218|4721.8477|4737.8774,0.0106918635|0.011984223|0.009661545|0.010820493,1.4640239e-05|1.4946742e-05|0.0005|1.2318058e-05,834951.44|834951.44|834951.44|834951.44,0.029481232|0.03009254|0.9156275|0.024798738,0.000487388|0.0004974942|0.015137285|0.00040997632,Type IV: 砂堵闭合/未起裂死簇|Type IV: 砂堵闭合/未起裂死簇|Type V: 沟通天然断层/强微裂缝簇|Type IV: 砂堵闭合/未起裂死簇,0.05896764621138573,linear,1404.2203369140625,162.90658569335938,1.0785653591156006,1323.1700439453125,6,0.008415197750114714,0.7403721937090796,1,2,4.4700324035784264e-14,1.0322764865122736e-10
206,5,4772.437|4819.314|4849.832|4884.775|4909.0747,0.0128810955|0.01377196|0.012219777|0.0118141|0.014934824,0.0006418645|0.00078097015|0.00065108266|0.00061497523|0.0005690387,465430.12|465430.12|465430.12|465430.12|465430.12,0.1991089|0.23216118|0.20006213|0.19049862|0.17816918,0.003516497|0.0041002394|0.0035333324|0.0033644296|0.0031466773,Type V: 沟通天然断层/强微裂缝簇|Type V: 沟通天然断层/强微裂缝簇|Type V: 沟通天然断层/强微裂缝簇|Type V: 沟通天然断层/强微裂缝簇|Type V: 沟通天然断层/强微裂缝簇,0.0280996635556221,linear,1456.059814453125,75.35842895507812,1.152224063873291,171.50527954101562,6,0.010654903462425246,0.6185617907474824,0,-1,7.195774466735305e-13,2.4073187887552194e-11
207,3,4810.31|4836.978|4849.0415,0.016288802|0.015440471|0.018597998,7.09151e-05|5.823718e-05|5.6581892e-05,697980.25|697980.25|697980.25,0.38166928|0.31361234|0.30471838,0.008501218|0.0069853324|0.0067872303,Type I: 优势发育主进液簇|Type II: 均衡/正常发育簇|Type II: 均衡/正常发育簇,0.09006047993898392,cosine,1492.078857421875,106.13256072998047,1.4531526565551758,14623.697265625,4,0.011031859532755562,0.7067757087644626,0,-1,7.83491517107257e-14,3.8198777474462986e-11
208,3,4620.433|4645.0073|4694.8003,0.027521545|0.012|0.021427037,2.6262825e-05|0.0005|2.7772996e-05,505268.62|505268.62|505268.62,0.050006982|0.89711833|0.052874677,0.0009830898|0.017636495|0.0010394659,Type III: 受抑/欠发育弱进液簇|Type V: 沟通天然断层/强微裂缝簇|Type III: 受抑/欠发育弱进液簇,0.05784101039171219,linear,1472.9381103515625,131.70413208007812,1.2825663089752197,1605.597900390625,8,0.008327089355412803,0.7289924196017025,1,1,9.441728540497685e-14,5.206857167650014e-11
209,4,4660.096|4678.649|4725.3164|4774.38,0.01584923|0.015991773|0.013048367|0.018184118,8.7446155e-05|6.2527666e-05|6.776009e-05|7.97488e-05,937726.25|937726.25|937726.25|937726.25,0.29371047|0.2103783|0.22790557|0.26800564,0.004153647|0.0029751654|0.0032230355|0.0037901301,Type II: 均衡/正常发育簇|Type II: 均衡/正常发育簇|Type II: 均衡/正常发育簇|Type II: 均衡/正常发育簇,0.02874169684946537,linear,1450.5472412109375,173.9185028076172,0.9226297736167908,2484.376220703125,6,0.008224245954164155,0.731440743755138,0,-1,6.525769508103352e-14,1.177795638795942e-10
210,1,4814.902,0.010868838,0.00029064805,161084.03,1.0,0.015684715,Type I: 优势发育主进液簇,0.04300081357359886,cosine,1471.24951171875,179.2245635986328,1.0232787132263184,3179.249267578125,12,0.009322848580495808,0.6866823234148641,0,-1,3.893106404742261e-14,1.7553247744217515e-10
211,6,4626.967|4656.3003|4702.072|4723.144|4759.4814|4773.0,0.0058543775|0.006182958|0.00753268|0.0060819173|0.0068836957|0.0069159074,0.00046111367|0.00040987245|0.0015|0.00047167603|0.0004213762|0.00037824406,132249.31|132249.31|132249.31|132249.31|132249.31|132249.31,0.13373403|0.11859325|0.3828592|0.13506253|0.1209467|0.108804286,0.0019517398|0.0017307723|0.0055875196|0.0019711282|0.001765119|0.0015879103,Type V: 沟通天然断层/强微裂缝簇|Type III: 受抑/欠发育弱进液簇|Type V: 沟通天然断层/强微裂缝簇|Type V: 沟通天然断层/强微裂缝簇|Type III: 受抑/欠发育弱进液簇|Type III: 受抑/欠发育弱进液簇,0.02557309716939926,cosine,1462.34765625,179.94830322265625,0.9521322846412659,238.58352661132812,8,0.011612347384998611,0.7327129912419781,1,2,3.197441294480914e-14,2.1231016944511794e-11
212,1,4845.925,0.029990476,0.00013714473,281414.06,1.0,0.019949313,Type I: 优势发育主进液簇,0.05040489882230759,cosine,1464.7362060546875,119.2471923828125,1.3015031814575195,21468.31640625,6,0.011845112654671065,0.6436623210005061,0,-1,1.0000003890274847e-13,2.8339854907244444e-09
213,5,4544.2104|4556.1504|4573.835|4584.006|4614.1743,0.022740234|0.02332013|0.022960987|0.03286285|0.029610513,2.4023464e-05|2.5750987e-05|2.2734948e-05|2.3112425e-05|2.409282e-05,253325.2|253325.2|253325.2|253325.2|253325.2,0.20067331|0.2151009|0.18991077|0.19306341|0.20125161,0.0035982502|0.00385695|0.0034052685|0.003461798|0.0036086198,Type II: 均衡/正常发育簇|Type II: 均衡/正常发育簇|Type II: 均衡/正常发育簇|Type II: 均衡/正常发育簇|Type II: 均衡/正常发育簇,0.05514371395111084,linear,1422.461669921875,144.8318328857422,1.1698200702667236,22641.59375,8,0.010318350500342811,0.6705186691433209,0,-1,7.875042171102617e-14,4.2928149923682213e-10
214,4,4579.608|4594.5044|4631.5015|4676.716,0.015966052|0.013089789|0.012584858|0.012584243,0.0008713089|0.00074428396|0.0008426303|0.00069205114,55306.438|55306.438|55306.438|55306.438,0.2762578|0.23689252|0.26662078|0.22022885,0.00470082|0.004030978|0.004536836|0.0037474276,Type V: 沟通天然断层/强微裂缝簇|Type V: 沟通天然断层/强微裂缝簇|Type V: 沟通天然断层/强微裂缝簇|Type V: 沟通天然断层/强微裂缝簇,0.04957916960120201,linear,1441.1170654296875,135.40122985839844,1.1101363897323608,219.56417846679688,16,0.010328919227545849,0.716049471518425,0,-1,8.059870045679096e-13,2.3845814212108962e-11
215,6,4787.99|4835.1855|4848.104|4861.0312|4889.0786|4908.883,0.013021782|0.0108368965|0.011287882|0.013618064|0.011182898|0.012987487,0.00020306448|0.00019603093|0.00017974581|0.00017943756|0.00021207584|0.0001827608,201228.02|201228.02|201228.02|201228.02|201228.02|201228.02,0.17618982|0.16998817|0.15593784|0.15565807|0.18372051|0.1585056,0.0039804056|0.0038403003|0.003522881|0.003516561|0.0041505354|0.003580891,Type II: 均衡/正常发育簇|Type II: 均衡/正常发育簇|Type II: 均衡/正常发育簇|Type II: 均衡/正常发育簇|Type II: 均衡/正常发育簇|Type II: 均衡/正常发育簇,0.030134519562125206,linear,1487.2135009765625,104.69776153564453,1.4738856554031372,590.556884765625,12,0.008441745907052121,0.7493256592382698,0,-1,1.2623668115604308e-13,4.581579560181126e-11
216,6,4581.988|4592.1655|4609.885|4629.3203|4671.33|4717.9478,0.012791158|0.01026288|0.012488808|0.011166537|0.0110108415|0.012918448,2.0175545e-05|2.2516937e-05|1.9755871e-05|2.1300673e-05|2.2730776e-05|2.3179971e-05,609087.25|609087.25|609087.25|609087.25|609087.25|609087.25,0.1556077|0.17366041|0.15237087|0.16428196|0.17530796|0.17877111,0.0025843433|0.002884164|0.0025305857|0.0027284059|0.0029115265|0.0029690426,Type II: 均衡/正常发育簇|Type II: 均衡/正常发育簇|Type II: 均衡/正常发育簇|Type II: 均衡/正常发育簇|Type II: 均衡/正常发育簇|Type II: 均衡/正常发育簇,0.0717904269695282,linear,1457.825439453125,104.47000885009766,1.0835187435150146,16567.666015625,8,0.00873979647706182,0.6027375441373433,0,-1,1.3641255551359588e-13,1.6661942936480045e-09
217,3,4802.8457|4816.9634|4859.838,0.02250126|0.018291527|0.020104699,0.0005598486|0.0006249483|0.00044391214,202192.02|202192.02|202192.02,0.3437283|0.38079393|0.27547777,0.005982603|0.006627732|0.0047947005,Type V: 沟通天然断层/强微裂缝簇|Type V: 沟通天然断层/强微裂缝簇|Type II: 均衡/正常发育簇,0.08806740492582321,linear,1427.9041748046875,128.7459259033203,1.1355133056640625,309.20947265625,12,0.0088408829202257,0.6815631450385508,0,-1,3.153492549555492e-13,1.887201506178826e-11
218,1,4674.916,0.029584536,0.0001729479,366122.8,1.0,0.021595476,Type I: 优势发育主进液簇,0.02181534469127655,cosine,1440.079833984375,57.403934478759766,1.4088996648788452,15907.8359375,6,0.010761873548325218,0.6836285799268365,0,-1,6.426247859009652e-16,6.257323548197746e-10
219,4,4616.8447|4659.854|4704.242|4729.5176,0.0045403484|0.0061661243|0.006225686|0.0045860843,0.0008482027|0.00071506534|0.00073857704|0.000655946,49178.355|49178.355|49178.355|49178.355,0.28671634|0.24199528|0.24931012|0.22197825,0.0058429576|0.004931592|0.005080661|0.0045236675,Type V: 沟通天然断层/强微裂缝簇|Type V: 沟通天然断层/强微裂缝簇|Type V: 沟通天然断层/强微裂缝簇|Type V: 沟通天然断层/强微裂缝簇,0.07788839191198349,cosine,1436.807861328125,85.86456298828125,1.3295282125473022,212.44003295898438,16,0.01075768556281275,0.7000288459050075,0,-1,7.031209653136222e-14,1.7905676941154525e-12
220,4,4754.667|4796.0654|4828.259|4850.544,0.0079161525|0.0076388963|0.008272142|0.0062559354,0.00022291038|0.00021583644|0.00018725728|0.0001748216,77637.79|77637.79|77637.79|77637.79,0.27832857|0.269452|0.23385757|0.21836184,0.0044047195|0.004264243|0.003700939|0.0034557097,Type II: 均衡/正常发育簇|Type II: 均衡/正常发育簇|Type II: 均衡/正常发育簇|Type II: 均衡/正常发育簇,0.06810103356838226,cosine,1423.0926513671875,76.25152587890625,1.0324708223342896,516.68212890625,12,0.01102763999443582,0.7069319834054848,0,-1,8.528042909437122e-14,1.0118128557223827e-11
221,5,4737.947|4772.4814|4811.52|4834.9375|4845.4277,0.00521432|0.0058997544|0.004571551|0.0048072482|0.0065426514,0.00060215837|0.00082649855|0.0006191247|0.0007510153|0.0007035388,2687639.5|2687639.5|2687639.5|2687639.5|2687639.5,0.18784748|0.21462727|0.18972696|0.20665587|0.20114242,0.0035777146|0.0040877583|0.0036135106|0.0039359364|0.0038309277,Type V: 沟通天然断层/强微裂缝簇|Type V: 沟通天然断层/强微裂缝簇|Type V: 沟通天然断层/强微裂缝簇|Type V: 沟通天然断层/强微裂缝簇|Type V: 沟通天然断层/强微裂缝簇,0.024603556841611862,cosine,1479.8477783203125,114.25422668457031,1.242560625076294,253.51025390625,4,0.008256902331181723,0.6429553631988341,0,-1,1.185880549574997e-13,1.8474111129762605e-11
222,6,4659.315|4683.0674|4723.7007|4763.4033|4783.274|4799.707,0.014819806|0.012658846|0.011353615|0.014356042|0.01150414|0.015280568,0.00020997402|0.0001736297|0.00021289178|0.00017054539|0.00020210627|0.00019785913,435370.25|435370.25|435370.25|435370.25|435370.25|435370.25,0.1798683|0.14911373|0.18214916|0.1463874|0.17302923|0.16945219,0.0037024415|0.0030693843|0.0037493915|0.0030132649|0.0035616648|0.0034880345,Type II: 均衡/正常发育簇|Type III: 受抑/欠发育弱进液簇|Type II: 均衡/正常发育簇|Type III: 受抑/欠发育弱进液簇|Type II: 均衡/正常发育簇|Type II: 均衡/正常发育簇,0.04561473801732063,linear,1426.8846435546875,95.26089477539062,1.342922329902649,491.8660888671875,6,0.009982129390190199,0.7286745428842352,0,-1,4.264294199327577e-14,6.480149750132114e-12
223,5,4545.5015|4592.0303|4632.1562|4668.467|4704.5044,0.006832086|0.007969724|0.00587257|0.008199019|0.008345027,0.000100346704|0.00011227043|9.094141e-05|0.0001224545|0.00010306863,601413.6|601413.6|601413.6|601413.6|601413.6,0.18978468|0.21213882|0.17204542|0.23118922|0.19484188,0.0041687447|0.004659768|0.0037790902|0.0050782226|0.004279829,Type II: 均衡/正常发育簇|Type II: 均衡/正常发育簇|Type II: 均衡/正常发育簇|Type II: 均衡/正常发育簇|Type II: 均衡/正常发育簇,0.07125730812549591,linear,1447.5692138671875,120.38524627685547,1.4330503940582275,1945.1153564453125,6,0.009801255800521977,0.6430715385554017,0,-1,1.7374358872321522e-15,7.617018127348274e-11
224,6,4613.513|4654.876|4698.005|4720.633|4736.4463|4786.327,0.019601988|0.019892823|0.020678272|0.019711018|0.015999649|0.020313287,4.9288745e-05|4.843155e-05|4.8490925e-05|6.082163e-05|4.8903257e-05|4.558211e-05,560601.5|560601.5|560601.5|560601.5|560601.5|560601.5,0.16348897|0.1606407|0.1608316|0.20165089|0.162195|0.15119284,0.003052577|0.0029993956|0.00300296|0.0037651155|0.0030284168|0.0028229903,Type II: 均衡/正常发育簇|Type II: 均衡/正常发育簇|Type II: 均衡/正常发育簇|Type II: 均衡/正常发育簇|Type II: 均衡/正常发育簇|Type II: 均衡/正常发育簇,0.03120392933487892,cosine,1454.037841796875,64.91685485839844,1.218135118484497,3970.900146484375,4,0.011554819923165151,0.7188646749291924,0,-1,6.373473661813386e-14,6.45741238258779e-11
225,2,4535.356|4563.577,0.01014539|0.010862582,0.0007628402|0.00096996065,330926.4|330926.4,0.452068|0.547932,0.010055229|0.012187507,Type V: 沟通天然断层/强微裂缝簇|Type V: 沟通天然断层/强微裂缝簇,0.011975627392530441,linear,1498.455322265625,162.1888885498047,1.451127290725708,459.837158203125,6,0.011505225838121653,0.6291487874465429,0,-1,9.015708915104809e-14,4.388311936054379e-11
226,4,4846.2363|4870.423|4886.9595|4906.0195,0.008435484|0.009868812|0.0073502106|0.007771682,0.00039790425|0.0004487732|0.0005381076|0.0004278415,38198.484|38198.484|38198.484|38198.484,0.21996415|0.24762757|0.29633778|0.2360705,0.003328952|0.0037476122|0.0044847955|0.0035727066,Type II: 均衡/正常发育簇|Type II: 均衡/正常发育簇|Type V: 沟通天然断层/强微裂缝簇|Type II: 均衡/正常发育簇,0.008699985221028328,cosine,1401.4454345703125,116.47554016113281,0.9873540997505188,232.12661743164062,16,0.011982236149472808,0.6402385640535213,0,-1,9.594008123755063e-14,1.801936377887614e-11
227,6,4562.4956|4592.073|4633.4907|4643.7344|4691.033|4726.873,0.025196582|0.026339067|0.029459745|0.026842557|0.012|0.030003846,9.78582e-06|9.628549e-06|1.0304394e-05|9.9336185e-06|0.0005|9.455837e-06,750636.1|750636.1|750636.1|750636.1|750636.1|750636.1,0.01927721|0.018964682|0.020291649|0.01956065|0.90328974|0.018616084,0.0004330112|0.00042599108|0.00045579788|0.00043937794|0.020289999|0.00041816075,Type IV: 砂堵闭合/未起裂死簇|Type IV: 砂堵闭合/未起裂死簇|Type IV: 砂堵闭合/未起裂死簇|Type IV: 砂堵闭合/未起裂死簇|Type V: 沟通天然断层/强微裂缝簇|Type IV: 砂堵闭合/未起裂死簇,0.09163457900285721,linear,1446.539794921875,158.07069396972656,1.4654542207717896,2208.94970703125,6,0.00909752112244248,0.6681108044087751,1,4,1.651136638438494e-13,2.7966962079517543e-10
228,1,4812.105,0.015381912,0.00093873846,40241.938,1.0,0.016021596,Type V: 沟通天然断层/强微裂缝簇,0.024015946313738823,linear,1449.40380859375,112.32975006103516,1.0452569723129272,464.18902587890625,16,0.011242073633643176,0.7086117472523643,0,-1,1.500678650356163e-13,5.2523319027386606e-11
229,3,4832.2197|4847.947|4874.431,0.008393628|0.008167516|0.009133225,0.00016304987|0.0015|0.00014104383,86246.12|86246.12|86246.12,0.09721409|0.81873536|0.08405053,0.001518143|0.012785774|0.0013125743,Type III: 受抑/欠发育弱进液簇|Type V: 沟通天然断层/强微裂缝簇|Type III: 受抑/欠发育弱进液簇,0.024342525750398636,cosine,1402.626708984375,53.93461227416992,1.0188277959823608,188.79922485351562,12,0.010879619249846652,0.6890999147806112,1,1,1.9672763038828395e-13,1.6768808563938364e-11
230,2,4745.9873|4771.9883,0.008875243|0.0075881444,0.0008009844|0.0015,280677.88|280677.88,0.38588238|0.6141176,0.007180772|0.011427934,Type V: 沟通天然断层/强微裂缝簇|Type V: 沟通天然断层/强微裂缝簇,0.023160725831985474,cosine,1403.435791015625,76.80106353759766,1.2140413522720337,238.19476318359375,12,0.00823223569486094,0.6671748952500534,1,1,8.557693805975528e-14,9.038103598868474e-12
231,4,4513.035|4530.7446|4546.5684|4579.376,0.019178193|0.021957418|0.015558623|0.012,1.7757575e-05|2.0881402e-05|1.9239777e-05|0.0005,126916.18|126916.18|126916.18|126916.18,0.032288752|0.037964508|0.03497711|0.8947696,0.0004823924|0.00056718796|0.0005225563|0.013367816,Type IV: 砂堵闭合/未起裂死簇|Type IV: 砂堵闭合/未起裂死簇|Type IV: 砂堵闭合/未起裂死簇|Type V: 沟通天然断层/强微裂缝簇,0.07829616218805313,cosine,1413.10009765625,162.9725341796875,0.9746900200843811,942.0299072265625,8,0.011908376832588344,0.711224968552603,1,3,6.931948911366101e-14,1.7848833522293717e-11
232,5,4555.9106|4593.3525|4607.518|4625.45|4668.5,0.009094016|0.012725985|0.012694032|0.010231375|0.010024215,0.00035135093|0.0004756645|0.00045019737|0.0015|0.00049026345,47356.34|47356.34|47356.34|47356.34|47356.34,0.11082758|0.14874496|0.1406442|0.44700295|0.15278031,0.0014759414|0.0019809043|0.0018730226|0.0059529417|0.002034645,Type III: 受抑/欠发育弱进液簇|Type V: 沟通天然断层/强微裂缝簇|Type V: 沟通天然断层/强微裂缝簇|Type V: 沟通天然断层/强微裂缝簇|Type V: 沟通天然断层/强微裂缝簇,0.03394220769405365,linear,1471.54736328125,125.15145874023438,0.8688374757766724,175.98187255859375,16,0.01158694851467136,0.6149126332887691,1,3,8.55152862584696e-13,2.2311041902867146e-11
233,5,4734.5444|4771.7773|4817.604|4833.8403|4881.932,0.0155951455|0.017295577|0.018976452|0.013544093|0.019350063,0.0006712671|0.0006880953|0.0006615139|0.00053886004|0.00073274586,85533.64|85533.64|85533.64|85533.64|85533.64,0.20511071|0.20902091|0.20056202|0.16428797|0.22101839,0.003985306|0.004061281|0.0038969247|0.0031921193|0.0042943927,Type V: 沟通天然断层/强微裂缝簇|Type V: 沟通天然断层/强微裂缝簇|Type V: 沟通天然断层/强微裂缝簇|Type V: 沟通天然断层/强微裂缝簇|Type V: 沟通天然断层/强微裂缝簇,0.002590639516711235,cosine,1479.9560546875,168.3045196533203,1.2676244974136353,277.2118835449219,12,0.010859184557490683,0.6945707187406587,0,-1,1.0999365209884288e-13,2.523847797419876e-11
234,1,4574.006,0.009856642,0.00061194674,61403.69,1.0,0.012657161,Type V: 沟通天然断层/强微裂缝簇,0.009622295387089252,cosine,1481.9439697265625,198.71791076660156,0.8257595896720886,666.4259033203125,12,0.011964806206620687,0.6752596304248916,0,-1,1.5624235913847158e-14,1.6484591469634324e-11
235,3,4760.1978|4794.577|4810.292,0.006405912|0.006451974|0.005310858,2.1972777e-05|1.9773968e-05|0.0005,274264.97|274264.97|274264.97,0.041825555|0.037633672|0.92054075,0.0006204418|0.00055825926|0.013655335,Type III: 受抑/欠发育弱进液簇|Type IV: 砂堵闭合/未起裂死簇|Type V: 沟通天然断层/强微裂缝簇,0.0672895759344101,cosine,1413.5811767578125,126.63091278076172,0.9677799940109253,966.7706298828125,8,0.010157003303370738,0.6650499675110282,1,2,3.4380979237625536e-14,2.6261659513693303e-11
236,1,4718.0596,0.012,0.0005,427984.2,1.0,0.020269483,Type V: 沟通天然断层/强微裂缝簇,0.052358441054821014,cosine,1401.582275390625,184.80255126953125,1.3223912715911865,2082.364013671875,6,0.01040496263559991,0.6764169028311274,1,0,1.0355544953445303e-13,0.0
237,1,4630.1377,0.012,0.00061199086,695154.94,1.0,0.014875697,Type V: 沟通天然断层/强微裂缝簇,0.0898955687880516,cosine,1407.1844482421875,141.22268676757812,0.9704979658126831,927.6639404296875,4,0.01125578026004321,0.6803127409053061,1,0,7.696563181160306e-15,3.637978807091713e-12
238,5,4550.5576|4581.3325|4627.623|4664.0063|4689.8525,0.00670478|0.007129777|0.0074002487|0.0072031207|0.00542451,0.00045891595|0.00049486145|0.000377293|0.0004598305|0.00049005885,386072.84|386072.84|386072.84|386072.84|386072.84,0.2018299|0.21590383|0.16740476|0.2013713|0.21349022,0.003785584|0.004049559|0.0031398952|0.0037769822|0.0040042885,Type V: 沟通天然断层/强微裂缝簇|Type V: 沟通天然断层/强微裂缝簇|Type II: 均衡/正常发育簇|Type V: 沟通天然断层/强微裂缝簇|Type V: 沟通天然断层/强微裂缝簇,0.056792158633470535,cosine,1469.482177734375,160.99835205078125,1.2236710786819458,299.38641357421875,8,0.00938371281143056,0.6567295871624681,0,-1,2.872660605484495e-13,1.6427748050773516e-11
239,4,4515.2383|4546.1836|4587.9355|4609.9453,0.01633004|0.016481377|0.014332852|0.016274255,0.00082560437|0.00063076476|0.0006262461|0.0006522887,253886.19|253886.19|253886.19|253886.19,0.29604593|0.23298265|0.23116311|0.23980829,0.004271555|0.0033616347|0.0033353812|0.0034601197,Type V: 沟通天然断层/强微裂缝簇|Type V: 沟通天然断层/强微裂缝簇|Type V: 沟通天然断层/强微裂缝簇|Type V: 沟通天然断层/强微裂缝簇,0.06602814793586731,cosine,1437.4046630859375,133.31008911132812,0.9413350820541382,203.0880889892578,6,0.011335188838189562,0.7400010020633645,0,-1,6.598077661491841e-13,1.2363443602225743e-11
240,3,4679.4023|4710.418|4752.091,0.0060994267|0.004819089|0.005775875,0.0007251329|0.0008174356|0.0007034862,78828.59|78828.59|78828.59,0.32371792|0.3624471|0.313835,0.0050058877|0.005604786|0.0048530605,Type V: 沟通天然断层/强微裂缝簇|Type V: 沟通天然断层/强微裂缝簇|Type V: 沟通天然断层/强微裂缝簇,0.0064967540092766285,linear,1445.62890625,122.6971664428711,1.008861780166626,217.89767456054688,12,0.011394561334825333,0.6571163376160988,0,-1,1.1341409988886372e-13,2.603428583825007e-11
241,1,4777.1924,0.012,0.0005,62688.195,1.0,0.016307287,Type V: 沟通天然断层/强微裂缝簇,0.06766224652528763,linear,1481.0897216796875,133.59324645996094,1.0638957023620605,1265.62939453125,16,0.010781558383563303,0.6172835027346166,1,0,2.3509360148714353e-13,1.3233147910796106e-10
242,2,4798.21|4809.1577,0.009341864|0.007034824,0.00055591326|0.0004493795,302859.78|302859.78,0.54927284|0.45072716,0.006990795|0.005736568,Type V: 沟通天然断层/强微裂缝簇|Type I: 优势发育主进液簇,0.06334568560123444,cosine,1496.182373046875,140.38790893554688,0.8303396105766296,345.2060241699219,6,0.011307829792729414,0.6808164614518686,0,-1,8.845788007248376e-14,1.0800249583553523e-12
243,4,4826.87|4848.447|4863.224|4879.423,0.01111572|0.012|0.012728295|0.014001053,1.3190815e-05|0.0005|1.5389372e-05|1.2393133e-05,828727.7|828727.7|828727.7|828727.7,0.026592612|0.91740423|0.031020962|0.024982184,0.00037334207|0.012879727|0.00043551307|0.00035073276,Type IV: 砂堵闭合/未起裂死簇|Type V: 沟通天然断层/强微裂缝簇|Type IV: 砂堵闭合/未起裂死簇|Type IV: 砂堵闭合/未起裂死簇,0.07631906867027283,cosine,1402.798828125,189.95721435546875,0.9159319996833801,1030.0244140625,4,0.010360281708337731,0.7354473208561237,1,1,8.278642528447566e-15,3.5697667044587433e-11
244,5,4713.695|4728.359|4771.99|4803.157|4815.6025,0.012|0.017014354|0.01479869|0.019117355|0.016327314,0.0005|1.5804819e-05|1.2853845e-05|1.2679848e-05|1.3690543e-05,322271.1|322271.1|322271.1|322271.1|322271.1,0.8973423|0.029483953|0.023979187|0.023654593|0.02553996,0.019026034|0.0006251379|0.0005084223|0.00050154|0.00054151483,Type V: 沟通天然断层/强微裂缝簇|Type IV: 砂堵闭合/未起裂死簇|Type IV: 砂堵闭合/未起裂死簇|Type IV: 砂堵闭合/未起裂死簇|Type IV: 砂堵闭合/未起裂死簇,0.0014053157065063715,cosine,1499.838623046875,52.42253112792969,1.38327157497406,1702.5499267578125,8,0.009508117159355215,0.7001174514741453,1,0,7.608920682107903e-14,4.0245140553452075e-11
245,4,4833.212|4866.9956|4908.9126|4950.0,0.009965672|0.0076910197|0.008501031|0.007971886,1.6969288e-05|0.0005|1.6909129e-05|2.0048123e-05,826289.3|826289.3|826289.3|826289.3,0.033332538|0.89408654|0.03320898|0.039371956,0.0007194547|0.019298103|0.00071678776|0.00084981037,Type IV: 砂堵闭合/未起裂死簇|Type V: 沟通天然断层/强微裂缝簇|Type IV: 砂堵闭合/未起裂死簇|Type IV: 砂堵闭合/未起裂死簇,0.05093838647007942,linear,1437.51513671875,76.59053039550781,1.4081611633300781,1965.3856201171875,6,0.009183385680883656,0.6249390344960151,1,1,4.0667335899626997e-14,5.9117155615240335e-12
246,6,4623.811|4661.5205|4695.2935|4711.2026|4753.847|4765.3384,0.015776137|0.015633987|0.016372912|0.016188167|0.016959703|0.017772391,0.00019449278|0.00018009619|0.00015001636|0.00019368723|0.0001521947|0.00016932463,3189940.8|3189940.8|3189940.8|3189940.8|3189940.8|3189940.8,0.1853157|0.17284545|0.14604701|0.18447134|0.14799738|0.16332313,0.0027977063|0.0026094434|0.0022048678|0.0027849588|0.0022343125|0.002465685,Type II: 均衡/正常发育簇|Type II: 均衡/正常发育簇|Type III: 受抑/欠发育弱进液簇|Type II: 均衡/正常发育簇|Type III: 受抑/欠发育弱进液簇|Type II: 均衡/正常发育簇,0.06690309196710587,cosine,1473.778076171875,81.0237808227539,0.9849341511726379,355.8671569824219,4,0.008096122165665097,0.613840031328816,0,-1,1.9878629992087227e-14,9.379164112033322e-12
247,1,4793.8145,0.012160848,0.00065127277,2619008.2,1.0,0.0139317885,Type V: 沟通天然断层/强微裂缝簇,0.0868593230843544,cosine,1452.17578125,122.3222427368164,0.9089168906211853,1126.291748046875,4,0.008167139025007283,0.6657210658299871,0,-1,1.6535657934059478e-13,5.093170329928398e-11
248,2,4890.5527|4931.4644,0.005969605|0.0063446877,0.00038267954|0.0005600347,494163.2|494163.2,0.41496885|0.58503115,0.0063639986|0.008972088,Type I: 优势发育主进液簇|Type V: 沟通天然断层/强微裂缝簇,0.057008467614650726,linear,1492.9326171875,118.5367431640625,1.0005340576171875,461.9725036621094,6,0.009813228293637656,0.7077019031070064,0,-1,1.4354144229570404e-13,5.5706550483591855e-12
249,4,4716.264|4765.024|4783.8647|4824.0923,0.01994539|0.021588437|0.023356413|0.01908612,0.00074012997|0.0010403445|0.00090293033|0.00090599054,437540.72|437540.72|437540.72|437540.72,0.21737759|0.2786029|0.25176364|0.25225586,0.0030393668|0.0038954173|0.0035201516|0.0035270338,Type V: 沟通天然断层/强微裂缝簇|Type V: 沟通天然断层/强微裂缝簇|Type V: 沟通天然断层/强微裂缝簇|Type V: 沟通天然断层/强微裂缝簇,0.0526309460401535,linear,1421.5479736328125,75.22314453125,0.9121907353401184,133.8057861328125,6,0.010120984917281424,0.7070572316399377,0,-1,1.1548305714481621e-12,1.247713043994736e-11
250,6,4698.863|4743.3125|4786.066|4814.285|4829.0396|4861.8066,0.008701176|0.009118847|0.009044244|0.0065868557|0.006948434|0.007066171,0.00015840401|0.00015857568|0.00015002869|0.00014574762|0.00011425519|0.00015669157,177248.95|177248.95|177248.95|177248.95|177248.95|177248.95,0.17932121|0.17942898|0.169749|0.16490632|0.12936477|0.1772297,0.0024998686|0.0025013706|0.002366425|0.0022989144|0.0018034392|0.0024707112,Type II: 均衡/正常发育簇|Type II: 均衡/正常发育簇|Type II: 均衡/正常发育簇|Type II: 均衡/正常发育簇|Type III: 受抑/欠发育弱进液簇|Type II: 均衡/正常发育簇,0.09624265879392624,cosine,1428.8858642578125,104.97660827636719,0.9095001816749573,392.4659118652344,8,0.011197396821641128,0.6806826151702021,0,-1,5.2138530309570746e-14,1.1368683772161603e-13
251,1,4819.939,0.021933557,0.00015603572,179769.66,1.0,0.022442203,Type I: 优势发育主进液簇,0.07989831268787384,cosine,1469.1478271484375,93.58784484863281,1.4641406536102295,20968.248046875,12,0.009282853624940345,0.6556290318614295,0,-1,1.4222716564595353e-14,1.7535057850182056e-09
252,5,4555.4883|4570.1597|4617.1123|4634.0654|4658.81,0.012|0.014253918|0.015135543|0.012513399|0.0186969,0.0015|0.0003803781|0.00042033615|0.00047617956|0.00043324984,568646.1|568646.1|568646.1|568646.1|568646.1,0.37974045|0.13964267|0.15279053|0.1708463|0.15698005,0.0065143807|0.0023955454|0.0026210947|0.0029308384|0.0026929653,Type V: 沟通天然断层/强微裂缝簇|Type III: 受抑/欠发育弱进液簇|Type II: 均衡/正常发育簇|Type V: 沟通天然断层/强微裂缝簇|Type II: 均衡/正常发育簇,0.03113417513668537,linear,1434.8751220703125,192.34793090820312,1.1191893815994263,289.75518798828125,6,0.01019450512798847,0.611302299750189,1,0,2.4127615595552487e-13,2.9388047551037744e-11
253,3,4751.0176|4776.7275|4790.5703,0.006478396|0.005664363|0.005188311,0.00020681185|0.00014718685|0.00015491794,249039.14|249039.14|249039.14,0.40579665|0.2895426|0.3046608,0.0061348793|0.004377337|0.004605896,Type I: 优势发育主进液簇|Type II: 均衡/正常发育簇|Type II: 均衡/正常发育簇,0.03764877840876579,linear,1483.74853515625,126.4967269897461,0.9863132834434509,1060.080810546875,8,0.010170488649423229,0.6960704338230596,0,-1,1.2117042124445282e-13,1.0527401173021644e-10
254,4,4733.8623|4766.681|4809.009|4854.481,0.008303941|0.009924355|0.0076980344|0.007387769,4.6325626e-05|4.9390364e-05|4.545938e-05|5.796794e-05,70830.945|70830.945|70830.945|70830.945,0.23263204|0.24801579|0.22827698|0.2910752,0.0038588673|0.004114051|0.0037866265|0.0048283143,Type II: 均衡/正常发育簇|Type II: 均衡/正常发育簇|Type II: 均衡/正常发育簇|Type II: 均衡/正常发育簇,0.05771706998348236,cosine,1443.2236328125,50.20979309082031,1.082200288772583,7042.8818359375,12,0.011344868717737405,0.6993086393623787,0,-1,2.8236033032102287e-14,5.184119800105691e-10
255,1,4535.086,0.005662322,0.00039741487,2681238.8,1.0,0.012400155,Type I: 优势发育主进液簇,0.055288396775722504,linear,1497.8453369140625,178.93325805664062,0.8089923858642578,1593.413330078125,4,0.008216283349470915,0.6501028492782969,0,-1,6.840880672261823e-14,1.425632945029065e-10
256,2,4831.141|4855.4507,0.00775609|0.0070395162,0.000625878|5.0270253e-05,1391323.9|1391323.9,0.90937126|0.09062874,0.019504646|0.0019438503,Type V: 沟通天然断层/强微裂缝簇|Type III: 受抑/欠发育弱进液簇,0.07554822415113449,cosine,1482.85205078125,60.15141296386719,1.3993107080459595,1650.2845458984375,4,0.009055935078174631,0.7428821238102714,1,0,1.082155131021216e-13,5.843503458891064e-11
257,1,4530.8086,0.008334916,0.0005,309455.34,1.0,0.019111482,Type V: 沟通天然断层/强微裂缝簇,0.06761404126882553,linear,1401.990966796875,154.02438354492188,1.2468427419662476,1795.0029296875,8,0.009451793114033335,0.723008187514134,1,0,3.1405952193247835e-14,5.4797055781818926e-11
258,2,4881.4307|4908.6157,0.0088350745|0.007779529,1.2476074e-05|0.0005,287999.88|287999.88,0.025186898|0.9748131,0.00057010597|0.022064917,Type IV: 砂堵闭合/未起裂死簇|Type V: 沟通天然断层/强微裂缝簇,0.08272425830364227,cosine,1488.355224609375,190.7210693359375,1.4767202138900757,2379.685302734375,6,0.01110411545939279,0.7240111746544143,1,1,1.7780227160382744e-13,3.028617356903851e-10
259,2,4509.0884|4535.552,0.012|0.015967071,0.0015|0.0005187263,689775.2|689775.2,0.66344094|0.3365591,0.013564329|0.006881092,Type V: 沟通天然断层/强微裂缝簇|Type V: 沟通天然断层/强微裂缝簇,0.006406400818377733,cosine,1467.596923828125,81.15479278564453,1.3338695764541626,365.9604797363281,8,0.008189877106835759,0.6450035209400378,1,0,1.1030051519497416e-13,5.684341886080802e-14
260,2,4669.4434|4682.0957,0.012|0.016123602,0.0015|0.00079600903,147860.27|147860.27,0.63063604|0.369364,0.009883704|0.005788892,Type V: 沟通天然断层/强微裂缝簇|Type V: 沟通天然断层/强微裂缝簇,0.07369767874479294,linear,1400.1651611328125,167.69671630859375,1.022487998008728,272.2486877441406,8,0.011467274714164937,0.7105987780871391,1,0,2.220343998720828e-13,1.6370904631912708e-11
261,2,4652.913|4676.081,0.013832035|0.013870846,0.00022694335|0.00020018143,911722.56|911722.56,0.53008693|0.46991304,0.007904413|0.0070071276,Type I: 优势发育主进液簇|Type I: 优势发育主进液簇,0.05848323181271553,linear,1459.4656982421875,87.36498260498047,0.9728364944458008,1399.6353759765625,6,0.008308589509123842,0.7268142074061539,0,-1,7.247625893533338e-14,9.049472282640636e-11
262,6,4757.9844|4771.82|4807.4263|4841.9097|4877.916|4918.848,0.02106622|0.017714407|0.018195573|0.018411616|0.015051678|0.020199662,0.00024017124|0.00020151648|0.00018509863|0.00018034197|0.00025875468|0.0002261266,576954.44|576954.44|576954.44|576954.44|576954.44|576954.44,0.18558046|0.1564084|0.1438522|0.14018174|0.19916454|0.17481266,0.0041044047|0.0034592184|0.0031815185|0.00310034|0.0044048377|0.0038662576,Type II: 均衡/正常发育簇|Type II: 均衡/正常发育簇|Type III: 受抑/欠发育弱进液簇|Type III: 受抑/欠发育弱进液簇|Type II: 均衡/正常发育簇|Type II: 均衡/正常发育簇,0.06504072993993759,cosine,1498.206298828125,66.97895812988281,1.4428966045379639,462.55328369140625,6,0.009615046134225137,0.6822379333690969,0,-1,3.7178400413622956e-14,2.1316282072803006e-11
263,6,4610.9575|4643.779|4689.442|4725.537|4759.636|4788.0444,0.0154110165|0.015432345|0.019007495|0.014994253|0.0154494|0.016066026,0.00028610977|0.00029009712|0.000323733|0.0002836337|0.00024359251|0.00033624357,1362952.6|1362952.6|1362952.6|1362952.6|1362952.6|1362952.6,0.1632959|0.16512741|0.18177286|0.16153947|0.14053838|0.187726,0.0026080783|0.0026373304|0.002903183|0.0025800255|0.002244607|0.0029982636,Type II: 均衡/正常发育簇|Type II: 均衡/正常发育簇|Type II: 均衡/正常发育簇|Type II: 均衡/正常发育簇|Type III: 受抑/欠发育弱进液簇|Type II: 均衡/正常发育簇,0.03429235517978668,linear,1404.546630859375,120.87212371826172,1.0419878959655762,261.08905029296875,4,0.009672028768170918,0.6579987692606697,0,-1,1.6769966220808036e-13,6.423306331271306e-12
264,5,4688.729|4725.1514|4743.0884|4782.21|4820.9883,0.006884606|0.0053210314|0.0049556997|0.0067595863|0.0059637483,4.6301688e-05|5.3886088e-05|5.236063e-05|4.657572e-05|6.4806496e-05,685395.9|685395.9|685395.9|685395.9|685395.9,0.17548522|0.20417038|0.19839942|0.17651266|0.24543232,0.0033246507|0.0038681047|0.003758771|0.0033441158|0.0046498314,Type II: 均衡/正常发育簇|Type II: 均衡/正常发育簇|Type II: 均衡/正常发育簇|Type II: 均衡/正常发育簇|Type II: 均衡/正常发育簇,0.04990460351109505,linear,1473.176025390625,156.33375549316406,1.2360122203826904,5387.8583984375,6,0.009532289326390183,0.6368603138583268,0,-1,3.6991856653583247e-14,2.7284841053187847e-10
265,1,4517.8906,0.0113810925,0.00014421006,358903.5,1.0,0.017609103,Type I: 优势发育主进液簇,0.08145934343338013,cosine,1401.2672119140625,79.94915008544922,1.1488267183303833,15158.2529296875,6,0.010527228233054027,0.7215932068608848,0,-1,4.866536657704458e-14,1.1732481652870774e-09
266,4,4891.3174|4917.148|4938.744|4950.0,0.006671792|0.0062955967|0.0070958515|0.006149431,0.0005092805|0.00042240665|0.00052827643|0.00047746793,61990.574|61990.574|61990.574|61990.574,0.26298112|0.2184232|0.27220315|0.24639253,0.0033159798|0.0027541406|0.0034322625|0.0031068115,Type V: 沟通天然断层/强微裂缝簇|Type II: 均衡/正常发育簇|Type V: 沟通天然断层/强微裂缝簇|Type V: 沟通天然断层/强微裂缝簇,0.026323990896344185,linear,1453.546875,142.1743621826172,0.8226302266120911,217.1573486328125,16,0.010252973402290333,0.6864013785351674,0,-1,1.7816102055017574e-13,8.895995051716454e-12
267,3,4512.274|4530.9136|4563.515,0.015542872|0.012|0.015570344,2.8780862e-05|0.0005|3.5092085e-05,180347.1|180347.1|180347.1,0.052049715|0.8844958|0.063454494,0.0007197509|0.012230934|0.0008774578,Type III: 受抑/欠发育弱进液簇|Type V: 沟通天然断层/强微裂缝簇|Type III: 受抑/欠发育弱进液簇,0.02300128899514675,linear,1417.8193359375,81.83496856689453,0.9021549820899963,742.6047973632812,8,0.01165262291056967,0.6231156743134204,1,1,2.759872883071994e-14,5.707079253625125e-11
268,5,4558.277|4582.36|4595.3633|4622.1934|4658.9414,0.025620544|0.03285062|0.024607409|0.03487263|0.027990127,0.0008070648|0.00085849944|0.0011637523|0.0010364632|0.0011224234,135858.33|135858.33|135858.33|135858.33|135858.33,0.16720726|0.17566603|0.22895719|0.20681556|0.22135396,0.0035540673|0.0037338622|0.0048665907|0.00439596|0.00470498,Type V: 沟通天然断层/强微裂缝簇|Type V: 沟通天然断层/强微裂缝簇|Type V: 沟通天然断层/强微裂缝簇|Type V: 沟通天然断层/强微裂缝簇|Type V: 沟通天然断层/强微裂缝簇,0.026829659938812256,linear,1466.5965576171875,157.6015625,1.3867169618606567,261.81353759765625,8,0.011688022923283347,0.7135844863922762,0,-1,8.286991969377877e-13,2.6147972675971687e-12
269,4,4681.692|4699.881|4727.0566|4751.337,0.010639104|0.012|0.010919533|0.010044485,2.4992196e-05|0.0005|2.2481408e-05|2.6706497e-05,34740.004|34740.004|34740.004|34740.004,0.043695178|0.8703168|0.039301053|0.04668698,0.00096702244|0.01926107|0.00086977554|0.0010332343,Type III: 受抑/欠发育弱进液簇|Type V: 沟通天然断层/强微裂缝簇|Type IV: 砂堵闭合/未起裂死簇|Type III: 受抑/欠发育弱进液簇,0.0805363580584526,linear,1428.2957763671875,99.88787078857422,1.443844199180603,1689.4970703125,16,0.011368572558432334,0.7457853175079677,1,1,2.6493781127290283e-14,1.3324097380973399e-10
270,5,4815.2617|4847.691|4877.8774|4926.6196|4950.0,0.0136391865|0.009998733|0.013154617|0.010689108|0.010339948,0.00014633226|0.00013679147|0.00012937254|0.00014506603|0.00012228847,50467.7|50467.7|50467.7|50467.7|50467.7,0.21527748|0.20121737|0.19029556|0.21334054|0.17986906,0.004302155|0.004021175|0.0038029111|0.004263447|0.0035945454,Type II: 均衡/正常发育簇|Type II: 均衡/正常发育簇|Type II: 均衡/正常发育簇|Type II: 均衡/正常发育簇|Type II: 均衡/正常发育簇,0.011257119476795197,linear,1477.2574462890625,169.56593322753906,1.303781509399414,1112.5777587890625,16,0.01069029958947203,0.6997680882399768,0,-1,1.2517223856815113e-13,3.319655661471188e-11
271,6,4799.4023|4815.8755|4854.777|4868.3315|4906.055|4950.0,0.0127588725|0.009650891|0.011234066|0.012133652|0.011657705|0.010663249,0.00010811287|9.858453e-05|9.271163e-05|9.114566e-05|8.1702754e-05|0.0001049343,1204398.2|1204398.2|1204398.2|1204398.2|1204398.2|1204398.2,0.18709168|0.17078999|0.16070554|0.1580148|0.14177817|0.18161982,0.0029955585|0.0027345493|0.0025730855|0.0025300034|0.002270036|0.0029079479,Type II: 均衡/正常发育簇|Type II: 均衡/正常发育簇|Type II: 均衡/正常发育簇|Type II: 均衡/正常发育簇|Type III: 受抑/欠发育弱进液簇|Type II: 均衡/正常发育簇,0.09550364315509796,cosine,1499.9434814453125,64.49720764160156,1.0445774793624878,893.0670776367188,4,0.009478970510747779,0.7287745981012805,0,-1,6.30565003966084e-14,6.548361852765083e-11
272,5,4746.235|4760.631|4794.5337|4811.9053|4855.7666,0.0070643495|0.0072741327|0.007961377|0.007037039|0.0062354608,0.0009751379|0.00081420166|0.0007843824|0.0007705021|0.00089475495,518100.5|518100.5|518100.5|518100.5|518100.5,0.22200862|0.19493258|0.18895948|0.1862668|0.20783255,0.0036824227|0.0032333166|0.0031342416|0.0030895784|0.003447286,Type V: 沟通天然断层/强微裂缝簇|Type V: 沟通天然断层/强微裂缝簇|Type V: 沟通天然断层/强微裂缝簇|Type V: 沟通天然断层/强微裂缝簇|Type V: 沟通天然断层/强微裂缝簇,0.043247584253549576,cosine,1459.8857421875,96.07427978515625,1.0821341276168823,170.41677856445312,8,0.008880120913684677,0.6330322916968723,0,-1,1.4790310903095572e-12,2.9672264645341784e-11
273,4,4533.7896|4580.013|4625.245|4653.3164,0.009283288|0.009153107|0.009937629|0.008282945,0.0008457558|0.0009398927|0.0009367325|0.00077075453,150355.4|150355.4|150355.4|150355.4,0.2445193|0.26709843|0.2656465|0.22273582,0.0037436436|0.004089335|0.0040671052|0.003410134,Type V: 沟通天然断层/强微裂缝簇|Type V: 沟通天然断层/强微裂缝簇|Type V: 沟通天然断层/强微裂缝簇|Type V: 沟通天然断层/强微裂缝簇,0.01675899513065815,cosine,1451.24365234375,124.53272247314453,0.9988463521003723,189.53106689453125,16,0.008557663351403268,0.6326604826028465,0,-1,2.450786156047574e-13,3.723243935382925e-12
274,4,4758.112|4788.107|4811.234|4858.9443,0.023766806|0.02834802|0.023029605|0.012,8.8872885e-06|9.645187e-06|1.08192235e-05|0.0005,321901.3|321901.3|321901.3|321901.3,0.017421398|0.018904168|0.021202676|0.94247174,0.00030186516|0.0003275575|0.00036738437|0.016330456,Type IV: 砂堵闭合/未起裂死簇|Type IV: 砂堵闭合/未起裂死簇|Type IV: 砂堵闭合/未起裂死簇|Type V: 沟通天然断层/强微裂缝簇,0.06618180871009827,linear,1484.4337158203125,188.86122131347656,1.1304394006729126,1400.5435791015625,8,0.009964736395138148,0.6377898709028372,1,3,1.8140884302554616e-13,1.723492459859699e-10
275,6,4651.1523|4683.4272|4725.974|4742.418|4760.725|4770.822,0.013778235|0.013544464|0.014781039|0.013376097|0.01590872|0.012,1.4253846e-05|9.629617e-06|9.9014815e-06|1.4220076e-05|9.744954e-06|0.0005,196749.31|196749.31|196749.31|196749.31|196749.31|196749.31,0.026126932|0.017647836|0.018141683|0.02605173|0.017851695|0.8941801,0.00037495192|0.000253267|0.00026035428|0.00037387264|0.0002561926|0.012832526,Type IV: 砂堵闭合/未起裂死簇|Type IV: 砂堵闭合/未起裂死簇|Type IV: 砂堵闭合/未起裂死簇|Type IV: 砂堵闭合/未起裂死簇|Type IV: 砂堵闭合/未起裂死簇|Type V: 沟通天然断层/强微裂缝簇,0.09595142304897308,linear,1494.9556884765625,85.14228820800781,0.9362772107124329,816.2576904296875,8,0.010891256102320498,0.6829015101173452,1,5,7.615241580773494e-14,4.8203219193965197e-11
276,2,4706.7373|4740.22,0.005964556|0.0071735466,1.1156331e-05|0.0005,427135.56|427135.56,0.022938296|0.9770617,0.00046410898|0.019768821,Type IV: 砂堵闭合/未起裂死簇|Type V: 沟通天然断层/强微裂缝簇,0.0075340233743190765,linear,1489.5911865234375,134.3116455078125,1.3200066089630127,1942.849609375,8,0.008966178591514226,0.6838691202376277,1,1,1.594719771817396e-14,1.6825651982799172e-11
277,1,4613.9546,0.012,0.0014805245,718725.4,1.0,0.0134274475,Type V: 沟通天然断层/强微裂缝簇,0.021201198920607567,linear,1454.48095703125,74.23757934570312,0.876013457775116,320.12921142578125,6,0.008706741130210138,0.7454467252669509,1,0,8.371664364341391e-14,5.684341886080802e-14
278,1,4738.841,0.03311872,0.00021475684,246551.22,1.0,0.022834085,Type I: 优势发育主进液簇,0.09715817868709564,linear,1490.83447265625,139.9491424560547,1.489707112312317,11673.099609375,12,0.00885573137728906,0.6151441873002708,0,-1,1.0787852273812237e-14,0.0
279,1,4649.9624,0.012,0.0005,384669.28,1.0,0.020937141,Type V: 沟通天然断层/强微裂缝簇,0.06834489852190018,linear,1454.146240234375,62.994747161865234,1.3659496307373047,2067.34912109375,6,0.010288494931067897,0.7297295294168933,1,0,2.933027423907865e-14,9.185896487906575e-11
280,3,4737.4814|4775.479|4812.5693,0.015649814|0.012988685|0.011661085,1.9288127e-05|2.297892e-05|0.0005,82994.875|82994.875|82994.875,0.03592078|0.042784814|0.9212944,0.0004637756|0.00055239757|0.011894894,Type IV: 砂堵闭合/未起裂死簇|Type III: 受抑/欠发育弱进液簇|Type V: 沟通天然断层/强微裂缝簇,0.013041481375694275,linear,1494.3372802734375,181.51071166992188,0.8423244953155518,792.0413818359375,12,0.010766981802741491,0.7172421118062805,1,2,1.2791017431432877e-13,1.4438228390645236e-11
281,6,4543.8447|4566.3|4602.7266|4652.296|4689.0737|4720.0776,0.017453356|0.014300059|0.017009411|0.01680917|0.016018987|0.014611338,2.7051079e-05|2.2630613e-05|2.0722524e-05|2.1879949e-05|2.7227437e-05|2.1270698e-05,158210.08|158210.08|158210.08|158210.08|158210.08|158210.08,0.19214818|0.16075075|0.14719717|0.15541723|0.19339705|0.15108961,0.0034301425|0.0028696496|0.0026276973|0.0027744384|0.0034524365|0.0026971835,Type II: 均衡/正常发育簇|Type II: 均衡/正常发育簇|Type III: 受抑/欠发育弱进液簇|Type II: 均衡/正常发育簇|Type II: 均衡/正常发育簇|Type II: 均衡/正常发育簇,0.05628814175724983,cosine,1404.0478515625,73.70507049560547,1.1646440029144287,16213.1279296875,16,0.008356912557836625,0.6467431698065478,0,-1,5.3251880579837166e-14,3.9108272176235914e-10
282,3,4871.636|4915.427|4940.127,0.0069981953|0.0063530006|0.005310655,0.00014585834|0.00019735134|0.00016770713,1117101.5|1117101.5|1117101.5,0.28691205|0.38446715|0.3286208,0.0050882576|0.006818354|0.005827944,Type II: 均衡/正常发育簇|Type I: 优势发育主进液簇|Type II: 均衡/正常发育簇,0.039109185338020325,linear,1477.790771484375,169.93124389648438,1.1570112705230713,1477.9405517578125,6,0.008546283604514123,0.6205952522388197,0,-1,9.566405691696298e-14,2.0168045011814684e-10
283,4,4608.575|4654.0835|4687.835|4730.8145,0.006890664|0.0059105703|0.0049156444|0.006728721,0.00067021453|0.0006422092|0.00075783767|0.0006435674,773359.1|773359.1|773359.1|773359.1,0.248774|0.24024606|0.27066255|0.24031739,0.00364496|0.003520011|0.003965664|0.0035210561,Type V: 沟通天然断层/强微裂缝簇|Type V: 沟通天然断层/强微裂缝簇|Type V: 沟通天然断层/强微裂缝簇|Type V: 沟通天然断层/强微裂缝簇,0.02339859865605831,cosine,1466.0386962890625,165.70565795898438,0.9558837413787842,245.92376708984375,6,0.008809969292010153,0.7018914852947434,0,-1,8.536459028801041e-14,2.034994395216927e-11
284,3,4670.898|4692.0757|4715.7925,0.021256784|0.012|0.024921797,1.3554151e-05|0.0005|1.0755344e-05,1018953.4|1018953.4|1018953.4,0.028797004|0.9483535|0.022849439,0.0005761355|0.018973507|0.00045714382,Type IV: 砂堵闭合/未起裂死簇|Type V: 沟通天然断层/强微裂缝簇|Type IV: 砂堵闭合/未起裂死簇,0.07684696465730667,linear,1409.03515625,178.720947265625,1.3052527904510498,2061.386474609375,4,0.010039854279217268,0.7062665714554803,1,1,1.5433802578513657e-14,1.4142642612569034e-10
285,6,4706.232|4716.5703|4730.3647|4744.3013|4778.737|4809.7715,0.031348374|0.027521456|0.012|0.025320705|0.029245498|0.030225268,0.00033710283|0.00024112703|0.0015|0.00023678146|0.00033709037|0.0002684389,314174.28|314174.28|314174.28|314174.28|314174.28|314174.28,0.13015768|0.093801185|0.45018163|0.09201627|0.12981428|0.10402895,0.002562325|0.0018465996|0.008862417|0.0018114612|0.0025555645|0.0020479464,Type III: 受抑/欠发育弱进液簇|Type III: 受抑/欠发育弱进液簇|Type V: 沟通天然断层/强微裂缝簇|Type III: 受抑/欠发育弱进液簇|Type III: 受抑/欠发育弱进液簇|Type III: 受抑/欠发育弱进液簇,0.004827436525374651,cosine,1426.3236083984375,99.51679229736328,1.284345030784607,233.09786987304688,8,0.009557184889221838,0.7018193460682183,1,2,1.344684454930578e-13,5.144329406903125e-12
286,2,4507.12|4542.8354,0.026031824|0.012,0.00062394585|0.0015,133950.06|133950.06,0.3165742|0.68342584,0.0054981825|0.011869572,Type V: 沟通天然断层/强微裂缝簇|Type V: 沟通天然断层/强微裂缝簇,0.060105763375759125,linear,1405.39599609375,66.00513458251953,1.133081078529358,202.8644256591797,16,0.008457167262052964,0.6863084216993679,1,1,1.6340670949601538e-13,2.674482857401017e-11
287,4,4507.7085|4532.7007|4555.782|4594.356,0.00818007|0.007539927|0.0071019363|0.0073551238,9.057309e-05|8.925219e-05|0.000110174275|9.84123e-05,263054.0|263054.0|263054.0|263054.0,0.23324338|0.22983864|0.28355512|0.25336286,0.0044412464|0.004376416|0.0053992453|0.004824347,Type II: 均衡/正常发育簇|Type II: 均衡/正常发育簇|Type II: 均衡/正常发育簇|Type II: 均衡/正常发育簇,0.005751518998295069,cosine,1463.5513916015625,148.7792510986328,1.2422610521316528,2624.540283203125,8,0.010097082019648556,0.6871576689364276,0,-1,1.3847720171066003e-13,4.411049303598702e-11
288,1,4569.426,0.008784593,0.00017847109,99303.055,1.0,0.020554379,Type I: 优势发育主进液簇,0.03134135156869888,cosine,1464.5921630859375,81.35074615478516,1.3409780263900757,13465.220703125,12,0.010702275396171437,0.6636602748179938,0,-1,1.026264915605403e-13,6.639311322942376e-10
289,4,4668.646|4685.364|4706.7954|4730.319,0.009310819|0.007505766|0.009395842|0.008800781,0.00017258151|0.00023396706|0.00023139533|0.0001602342,616023.06|616023.06|616023.06|616023.06,0.2171159|0.2921093|0.28898227|0.20179252,0.003831325|0.005154693|0.0050995117|0.0035609219,Type II: 均衡/正常发育簇|Type II: 均衡/正常发育簇|Type II: 均衡/正常发育簇|Type II: 均衡/正常发育簇,0.08739213645458221,linear,1426.1080322265625,177.87554931640625,1.1512633562088013,738.7298583984375,4,0.011066850107925807,0.7475738194302559,0,-1,1.5964631689107528e-13,3.7061909097246826e-11
290,5,4627.587|4659.92|4670.519|4714.9688|4749.7676,0.007270898|0.007732281|0.006621728|0.009608922|0.008702986,3.8141126e-05|2.773379e-05|3.3811284e-05|3.7141177e-05|3.8357117e-05,82692.85|82692.85|82692.85|82692.85|82692.85,0.21772112|0.15831544|0.1930047|0.21200949|0.21894926,0.004409399|0.0032062845|0.0039088293|0.004293724|0.0044342717,Type II: 均衡/正常发育簇|Type II: 均衡/正常发育簇|Type II: 均衡/正常发育簇|Type II: 均衡/正常发育簇|Type II: 均衡/正常发育簇,0.05719207599759102,cosine,1458.980224609375,105.7686538696289,1.3212838172912598,13549.150390625,12,0.011611678890718385,0.6178105905605378,0,-1,7.726058562449595e-14,1.4370016288012266e-10
291,3,4887.5166|4926.43|4950.0,0.013705668|0.01674417|0.0134414565,0.00016617449|0.00022608216|0.0002044695,178621.88|178621.88|178621.88,0.27884883|0.37853134|0.34261984,0.0036579892|0.004965642|0.0044945483,Type II: 均衡/正常发育簇|Type I: 优势发育主进液簇|Type II: 均衡/正常发育簇,0.0071795363910496235,linear,1425.2310791015625,197.6857452392578,0.8558366298675537,719.1012573242188,12,0.009562493058887166,0.6198259856460158,0,-1,2.1250666157324183e-13,1.0436451702844352e-10
292,3,4529.253|4544.833|4568.31,0.005|0.0058775116|0.006203114,0.0005|1.4718776e-05|1.2154571e-05,1296198.6|1296198.6|1296198.6,0.94176376|0.031895887|0.026340375,0.013906356|0.0004709839|0.00038894961,Type V: 沟通天然断层/强微裂缝簇|Type IV: 砂堵闭合/未起裂死簇|Type IV: 砂堵闭合/未起裂死簇,0.05945279449224472,linear,1442.97119140625,65.3408203125,0.9633601903915405,1129.8414306640625,4,0.010223723440219972,0.6038744521367833,1,0,2.4200596970727455e-14,1.7962520360015333e-11
293,5,4578.1104|4612.455|4647.583|4682.4766|4705.3477,0.005657397|0.005364252|0.007851136|0.006731388|0.0061722053,2.0717094e-05|1.842027e-05|1.6708376e-05|1.9085235e-05|1.7540937e-05,190092.52|190092.52|190092.52|190092.52|190092.52,0.22403587|0.19919887|0.1806869|0.20638874|0.1896896,0.0029004463|0.0025788979|0.0023392355|0.0026719803|0.0024557875,Type II: 均衡/正常发育簇|Type II: 均衡/正常发育簇|Type II: 均衡/正常发育簇|Type II: 均衡/正常发育簇|Type II: 均衡/正常发育簇,0.03041660785675049,linear,1469.0146484375,156.6415557861328,0.8446261882781982,19790.41015625,12,0.009116657879207556,0.6610366606885425,0,-1,4.595969262176196e-14,0.0
294,2,4581.5063|4624.1904,0.0052494714|0.005646904,0.00077727897|0.0006837485,105298.98|105298.98,0.5304076|0.46959242,0.011104934|0.009831671,Type V: 沟通天然断层/强微裂缝簇|Type V: 沟通天然断层/强微裂缝簇,0.019272802397608757,linear,1476.0849609375,129.20162963867188,1.3659145832061768,427.382568359375,12,0.010076817897895086,0.7269766652547793,0,-1,4.0268020851368796e-14,2.0691004465334117e-11
295,3,4620.8677|4644.2217|4660.9834,0.03021515|0.027658708|0.02739258,6.042603e-05|6.9387585e-05|7.127613e-05,328134.2|328134.2|328134.2,0.30053967|0.34504265|0.35441768,0.0045253914|0.005195497|0.0053366623,Type II: 均衡/正常发育簇|Type II: 均衡/正常发育簇|Type I: 优势发育主进液簇,0.018079712986946106,cosine,1407.858154296875,58.96050262451172,0.9823622107505798,5717.115234375,8,0.009908454660704268,0.6389002179051594,0,-1,6.693481354033345e-14,3.1741365091875196e-10
296,6,4799.4224|4837.6924|4883.914|4916.453|4929.167|4950.0,0.014484606|0.01547373|0.015141282|0.016123397|0.016551334|0.0146819595,2.6706364e-05|3.05275e-05|3.043531e-05|2.9091183e-05|2.375356e-05|3.0453428e-05,77929.27|77929.27|77929.27|77929.27|77929.27|77929.27,0.15621193|0.17855828|0.17801689|0.17015477|0.13893636|0.17812178,0.0027436297|0.0031361103|0.0031266015|0.0029885147|0.0024402102|0.0031284436,Type II: 均衡/正常发育簇|Type II: 均衡/正常发育簇|Type II: 均衡/正常发育簇|Type II: 均衡/正常发育簇|Type III: 受抑/欠发育弱进液簇|Type II: 均衡/正常发育簇,0.0963902398943901,linear,1455.18505859375,78.59524536132812,1.1458522081375122,10693.3388671875,12,0.011914692406592493,0.6044541779081443,0,-1,9.244741880657867e-14,2.7466739993542433e-10
297,1,4888.0513,0.006792394,0.00015413677,145015.14,1.0,0.015354662,Type I: 优势发育主进液簇,0.07493975758552551,linear,1408.1990966796875,199.6774139404297,1.0017458200454712,10204.376953125,16,0.008461224562663164,0.6589728500298003,0,-1,1.5138916528256545e-14,2.5283952709287405e-10
298,4,4874.0767|4891.1045|4924.16|4950.0,0.02553451|0.030165812|0.027747843|0.034676082,0.00012545701|0.00013395597|0.00010860737|0.00012369802,1112672.6|1112672.6|1112672.6|1112672.6,0.25510016|0.2720414|0.22129786|0.2515606,0.0046741525|0.004984564|0.0040547997|0.004609298,Type II: 均衡/正常发育簇|Type II: 均衡/正常发育簇|Type II: 均衡/正常发育簇|Type II: 均衡/正常发育簇,0.07901326566934586,cosine,1419.3243408203125,181.1611785888672,1.1953896284103394,1659.842041015625,4,0.010603820478710096,0.605887789356138,0,-1,8.899506836763244e-14,1.8167156667914242e-10
299,5,4805.8564|4848.6846|4866.555|4907.9966|4946.203,0.007009067|0.0066613266|0.0052053845|0.005213544|0.0057199807,3.585749e-05|4.020478e-05|3.1033785e-05|3.293372e-05|4.499035e-05,1972589.5|1972589.5|1972589.5|1972589.5|1972589.5,0.19383797|0.21726358|0.16781135|0.17806277|0.24302433,0.004391833|0.0049225925|0.0038021416|0.0040344107|0.00550626,Type II: 均衡/正常发育簇|Type II: 均衡/正常发育簇|Type II: 均衡/正常发育簇|Type II: 均衡/正常发育簇|Type II: 均衡/正常发育簇,0.09736707806587219,linear,1408.344482421875,144.48141479492188,1.478169560432434,15283.322265625,4,0.00865203502148744,0.6835113573865742,0,-1,1.960032376473967e-14,2.1827872842550278e-10
300,6,4685.3613|4716.107|4757.9824|4801.5146|4840.9126|4866.568,0.014042806|0.012237592|0.011878907|0.00994004|0.012236227|0.014405633,0.00036670387|0.00040783803|0.00039674775|0.000282407|0.00029261253|0.00028300125,58420.062|58420.062|58420.062|58420.062|58420.062|58420.062,0.18111767|0.20089832|0.1952241|0.13918266|0.14414822|0.13942902,0.0036629539|0.004063001|0.0039482447|0.0028148533|0.0029152776|0.002819836,Type II: 均衡/正常发育簇|Type II: 均衡/正常发育簇|Type II: 均衡/正常发育簇|Type III: 受抑/欠发育弱进液簇|Type III: 受抑/欠发育弱进液簇|Type III: 受抑/欠发育弱进液簇,0.05725644528865814,cosine,1493.3702392578125,197.81661987304688,1.3194348812103271,375.79693603515625,16,0.01046442983402082,0.6787791340952487,0,-1,2.9129116111380193e-13,1.7848833522293717e-11
301,3,4769.868|4789.6035|4838.3057,0.0089007|0.0081474045|0.0073218932,0.0005125827|4.304374e-05|4.3728105e-05,347480.8|347480.8|347480.8,0.8497738|0.07452117|0.07570503,0.0138989715|0.0012188745|0.0012382378,Type V: 沟通天然断层/强微裂缝簇|Type III: 受抑/欠发育弱进液簇|Type III: 受抑/欠发育弱进液簇,0.07092548906803131,cosine,1424.8892822265625,93.27693176269531,1.0670791864395142,947.5230712890625,8,0.009592101638346996,0.6624874631194921,1,0,5.790866782406576e-14,1.2050804798491299e-11
302,2,4520.705|4540.7476,0.00842827|0.0080310535,1.0865269e-05|0.0005,87458.664|87458.664,0.021496618|0.9785034,0.00040478178|0.01842524,Type IV: 砂堵闭合/未起裂死簇|Type V: 沟通天然断层/强微裂缝簇,0.06029433012008667,cosine,1422.6903076171875,174.23519897460938,1.2284801006317139,1627.0421142578125,16,0.009136274152282764,0.7277814234477085,1,1,1.89778341696048e-14,1.348325895378366e-10
303,2,4868.84|4908.3813,0.031599157|0.012,4.468609e-05|0.0005,1135800.8|1135800.8,0.09187476|0.9081252,0.0020010008|0.019778656,Type III: 受抑/欠发育弱进液簇|Type V: 沟通天然断层/强微裂缝簇,0.04386020824313164,linear,1485.128173828125,112.12577056884766,1.4209158420562744,2214.982666015625,6,0.008125232611754858,0.6809052557186743,1,1,6.738288041690382e-14,6.048139766789973e-11
304,4,4677.3657|4714.5303|4745.784|4788.0454,0.004820606|0.0055759945|0.005769324|0.0045868824,2.1557044e-05|0.0005|2.3133998e-05|2.2111934e-05,602702.7|602702.7|602702.7|602702.7,0.0404536|0.87465656|0.043403424|0.04148641,0.0008851272|0.019137537|0.00094966945|0.000907725,Type III: 受抑/欠发育弱进液簇|Type V: 沟通天然断层/强微裂缝簇|Type III: 受抑/欠发育弱进液簇|Type III: 受抑/欠发育弱进液簇,0.09804996848106384,cosine,1423.724365234375,112.78443145751953,1.4274660348892212,1889.44091796875,8,0.008520172113661477,0.6375618717329207,1,1,5.2485552931797255e-14,1.3460521586239338e-10
305,6,4691.601|4712.6074|4730.4336|4748.988|4766.913|4797.8643,0.0057680774|0.0062375455|0.0065538157|0.0062515186|0.007916798|0.00747293,8.675049e-05|0.00011178761|8.311385e-05|0.00071292743|8.8444365e-05|9.2838716e-05,202180.98|202180.98|202180.98|202180.98|202180.98|202180.98,0.07601548|0.09785832|0.07277419|0.59468955|0.077411704|0.08125079,0.0010427445|0.0013423742|0.0009982819|0.0081576705|0.0010618971|0.0011145598,Type III: 受抑/欠发育弱进液簇|Type III: 受抑/欠发育弱进液簇|Type III: 受抑/欠发育弱进液簇|Type V: 沟通天然断层/强微裂缝簇|Type III: 受抑/欠发育弱进液簇|Type III: 受抑/欠发育弱进液簇,0.030085962265729904,cosine,1402.9595947265625,172.09263610839844,0.8949384093284607,352.8977355957031,8,0.011389842248965342,0.6159777936904107,1,3,2.6114063710926116e-13,3.427658157306723e-11
306,3,4549.3667|4582.1284|4603.724,0.032706678|0.02908797|0.028063202,0.0008815871|0.00069181784|0.000981929,101223.73|101223.73|101223.73,0.34526065|0.2743342|0.38040516,0.006840125|0.0054349666|0.0075363903,Type V: 沟通天然断层/强微裂缝簇|Type V: 沟通天然断层/强微裂缝簇|Type V: 沟通天然断层/强微裂缝簇,0.06568092107772827,cosine,1439.84619140625,175.00628662109375,1.2925111055374146,312.1248779296875,12,0.01071311913588399,0.6560037679194989,0,-1,2.8772714462735327e-13,5.5138116294983774e-12
307,5,4736.9575|4775.427|4787.4653|4832.8247|4875.8916,0.0061154133|0.007824859|0.007017897|0.0086864|0.0066655795,0.00074517936|0.00093546906|0.0009184839|0.00064904924|0.0008702602,592644.94|592644.94|592644.94|592644.94|592644.94,0.18806802|0.21949998|0.21662477|0.16742681|0.20838043,0.002351362|0.0027443469|0.0027083992|0.0020932907|0.0026053223,Type V: 沟通天然断层/强微裂缝簇|Type V: 沟通天然断层/强微裂缝簇|Type V: 沟通天然断层/强微裂缝簇|Type V: 沟通天然断层/强微裂缝簇|Type V: 沟通天然断层/强微裂缝簇,0.06433295458555222,cosine,1474.1407470703125,115.38643646240234,0.8156838417053223,159.01673889160156,8,0.008037890400877368,0.7224190519176897,0,-1,1.7805489071001657e-12,2.2538415578310378e-11
308,2,4815.511|4841.208,0.006926574|0.009471843,0.00080014556|0.00068559527,383140.0|383140.0,0.53191245|0.46808755,0.010270692|0.009038297,Type V: 沟通天然断层/强微裂缝簇|Type V: 沟通天然断层/强微裂缝簇,0.023787083104252815,cosine,1483.6136474609375,54.88306427001953,1.259728193283081,332.6995849609375,8,0.00884962617490964,0.7412112956085373,0,-1,4.1685852361118825e-14,9.72022462519817e-12
309,4,4678.111|4701.1914|4713.091|4724.565,0.005585204|0.005774182|0.005768465|0.00686038,0.00041509225|0.00031841788|0.0003092925|0.0003302188,348708.7|348708.7|348708.7|348708.7,0.2999687|0.23273943|0.22626613|0.24102576,0.006672318|0.005176912|0.005032924|0.005361228,Type II: 均衡/正常发育簇|Type II: 均衡/正常发育簇|Type II: 均衡/正常发育簇|Type II: 均衡/正常发育簇,0.01116054505109787,linear,1468.3055419921875,87.29399108886719,1.4511693716049194,454.4988708496094,6,0.011603798481046847,0.602528548889801,0,-1,1.4178273084666099e-13,6.0254023992456496e-12
310,2,4571.398|4596.96,0.010264196|0.011179329,4.4005337e-05|0.0005,2011436.5|2011436.5,0.097223006|0.902777,0.0021328274|0.019804649,Type III: 受抑/欠发育弱进液簇|Type V: 沟通天然断层/强微裂缝簇,0.06860653311014175,cosine,1454.919677734375,183.984130859375,1.4312119483947754,2630.921630859375,4,0.009006646777901589,0.6246276404046673,1,1,1.1165502929785104e-13,0.0
311,3,4769.5557|4786.924|4800.583,0.0066783135|0.007791515|0.007568287,0.00016714635|0.00013285487|0.0013076296,116000.85|116000.85|116000.85,0.11178834|0.08884952|0.7993621,0.0015740177|0.0012510314|0.01125529,Type III: 受抑/欠发育弱进液簇|Type III: 受抑/欠发育弱进液簇|Type V: 沟通天然断层/强微裂缝簇,0.026942050084471703,cosine,1490.44775390625,133.11744689941406,0.9186084270477295,260.71624755859375,16,0.009262391447700385,0.6148423583866496,1,2,3.89317755550983e-14,1.4438228390645236e-11
312,2,4564.179|4578.9414,0.019402705|0.012,7.077413e-05|0.0005,196384.64|196384.64,0.12657663|0.8734234,0.0026245553|0.018110355,Type III: 受抑/欠发育弱进液簇|Type V: 沟通天然断层/强微裂缝簇,0.060318876057863235,linear,1433.717041015625,143.9074249267578,1.3527560234069824,1599.6785888671875,8,0.01070600559984643,0.7073949183307287,1,1,9.487267064621149e-14,1.1368683772161603e-10
313,2,4601.0894|4645.3066,0.012|0.017688017,0.0005|1.20174145e-05,242166.66|242166.66,0.9758466|0.024153426,0.02137101|0.0005289593,Type V: 沟通天然断层/强微裂缝簇|Type IV: 砂堵闭合/未起裂死簇,0.051099903881549835,cosine,1481.5579833984375,106.03060913085938,1.428765058517456,2132.49853515625,8,0.010528251749100482,0.6587201377020431,1,0,1.0218248366585317e-13,1.0413714335300028e-10
314,5,4530.352|4544.2134|4558.438|4576.35|4597.66,0.007210056|0.0062625594|0.0068242275|0.00654231|0.0048417873,2.2717799e-05|3.0783438e-05|2.7829565e-05|2.2430702e-05|2.5583133e-05,1065824.5|1065824.5|1065824.5|1065824.5|1065824.5,0.17565557|0.23796424|0.21514946|0.17343594|0.19779478,0.003089522|0.0041854396|0.003784161|0.003050482|0.0034789178,Type II: 均衡/正常发育簇|Type II: 均衡/正常发育簇|Type II: 均衡/正常发育簇|Type II: 均衡/正常发育簇|Type II: 均衡/正常发育簇,0.002461959607899189,linear,1471.0784912109375,86.21770477294922,1.1474840641021729,18648.0625,4,0.010536653437014374,0.6269781251548896,0,-1,2.3276243467915993e-14,1.8917489796876907e-10
315,5,4754.335|4767.9155|4792.2256|4811.1753|4857.829,0.012884881|0.0158746|0.014173041|0.014889194|0.01384251,3.1417083e-05|4.0525952e-05|3.7925132e-05|3.435517e-05|3.7092344e-05,86395.29|86395.29|86395.29|86395.29|86395.29,0.17327715|0.22350842|0.20916499|0.18947762|0.20457181,0.0036473444|0.004704672|0.0044027544|0.003988351|0.004306072,Type II: 均衡/正常发育簇|Type II: 均衡/正常发育簇|Type II: 均衡/正常发育簇|Type II: 均衡/正常发育簇|Type II: 均衡/正常发育簇,0.022941559553146362,linear,1416.6097412109375,91.26298522949219,1.3732600212097168,13655.3310546875,16,0.009993495362856639,0.6120131691989387,0,-1,1.5988087386669715e-14,1.000444171950221e-09
316,1,4675.2686,0.0116902385,0.0002426783,678368.1,1.0,0.022517813,Type I: 优势发育主进液簇,0.0541016049683094,cosine,1421.1414794921875,103.70628356933594,1.4690734148025513,9152.958984375,6,0.009369443149360255,0.6625964256673174,0,-1,3.173958830677594e-14,4.838511813431978e-10
317,4,4576.887|4613.012|4642.297|4675.194,0.014212641|0.015466232|0.018430702|0.019962225,0.00044271734|0.00055646076|0.0004356232|0.0004708641,901295.7|901295.7|901295.7|901295.7,0.23585238|0.28396162|0.23223044|0.24795558,0.0051853536|0.006243064|0.0051057236|0.0054514497,Type II: 均衡/正常发育簇|Type V: 沟通天然断层/强微裂缝簇|Type II: 均衡/正常发育簇|Type V: 沟通天然断层/强微裂缝簇,0.007433772552758455,cosine,1458.375,102.74903869628906,1.4343509674072266,353.3639221191406,4,0.011117961061360494,0.6123739214821026,0,-1,1.0415162859218029e-14,1.1937117960769683e-12
318,5,4788.589|4814.081|4844.9365|4874.142|4895.1255,0.010815466|0.010268203|0.010348293|0.007489533|0.007497332,2.7291908e-05|2.4546416e-05|2.4233168e-05|2.3124501e-05|3.153998e-05,502205.1|502205.1|502205.1|502205.1|502205.1,0.20875579|0.18776119|0.18536507|0.17688662|0.24123134,0.003510773|0.0031576941|0.0031173972|0.0029748098|0.004056934,Type II: 均衡/正常发育簇|Type II: 均衡/正常发育簇|Type II: 均衡/正常发育簇|Type II: 均衡/正常发育簇|Type II: 均衡/正常发育簇,0.024069976061582565,linear,1497.35009765625,155.5185089111328,1.09718918800354,16764.423828125,6,0.009863308290768933,0.694902050164856,0,-1,9.799177799491715e-14,1.0550138540565968e-10
319,6,4662.5425|4712.5415|4753.031|4767.356|4813.314|4853.065,0.004372711|0.0059030023|0.005279507|0.005909851|0.006153347|0.005581636,5.078586e-05|4.442498e-05|5.1414998e-05|6.018384e-05|5.3221625e-05|5.2849457e-05,830241.94|830241.94|830241.94|830241.94|830241.94|830241.94,0.16234596|0.14203812|0.1643349|0.19228272|0.17009269|0.1689056,0.0028656542|0.0025071898|0.002900762|0.0033940838|0.0030023956|0.0029814418,Type II: 均衡/正常发育簇|Type III: 受抑/欠发育弱进液簇|Type II: 均衡/正常发育簇|Type II: 均衡/正常发育簇|Type II: 均衡/正常发育簇|Type II: 均衡/正常发育簇,0.06205476447939873,cosine,1452.9969482421875,113.23043823242188,1.1515945196151733,3362.888916015625,6,0.008713228913722981,0.6925462439695492,0,-1,1.084968296845637e-13,2.2509993868879974e-10
320,5,4704.153|4716.5273|4754.4595|4793.113|4823.612,0.011970867|0.013939271|0.012843194|0.013218616|0.016425613,2.6727497e-05|3.1957625e-05|2.8417035e-05|3.6090496e-05|3.0930063e-05,196970.58|196970.58|196970.58|196970.58|196970.58,0.17342316|0.20735212|0.18438214|0.23415864|0.20068395,0.0037461433|0.004479049|0.0039828704|0.005058101|0.0043350086,Type II: 均衡/正常发育簇|Type II: 均衡/正常发育簇|Type II: 均衡/正常发育簇|Type II: 均衡/正常发育簇|Type II: 均衡/正常发育簇,0.08626407384872437,cosine,1447.8900146484375,96.64381408691406,1.4092713594436646,19832.95703125,8,0.010665933701980629,0.7116594083002532,0,-1,4.143836966272185e-14,8.803908713161945e-10
321,5,4541.738|4558.633|4573.069|4586.554|4612.205,0.020360548|0.017289309|0.0239255|0.021504646|0.020712001,0.0004335734|0.00034838912|0.00036612642|0.0004571491|0.00035411355,842366.9|842366.9|842366.9|842366.9|842366.9,0.21911342|0.1803678|0.18856989|0.22900762|0.18294127,0.00347121|0.002857399|0.002987337|0.0036279543|0.0028981683,Type II: 均衡/正常发育簇|Type II: 均衡/正常发育簇|Type II: 均衡/正常发育簇|Type V: 沟通天然断层/强微裂缝簇|Type II: 均衡/正常发育簇,0.018323436379432678,cosine,1452.738037109375,123.11821746826172,1.0335445404052734,243.7559814453125,4,0.010897769666012695,0.6592873486870676,0,-1,2.4484440083044623e-13,7.048583938740194e-12
322,3,4644.121|4656.3066|4670.802,0.016173882|0.018881435|0.016179577,6.5609645e-05|8.623843e-05|6.857524e-05,428211.94|428211.94|428211.94,0.29774007|0.3910906|0.31116933,0.003673893|0.00482577|0.0038396004,Type II: 均衡/正常发育簇|Type I: 优势发育主进液簇|Type II: 均衡/正常发育簇,0.02474789321422577,cosine,1421.9805908203125,139.38848876953125,0.8050197958946228,3309.786865234375,6,0.0105682952712149,0.6554960973894672,0,-1,1.0965680911857647e-14,1.2460077414289117e-10
323,6,4617.9985|4662.168|4707.9033|4754.4644|4776.191|4791.0034,0.010149715|0.014483161|0.013207114|0.010344196|0.010010572|0.014465944,0.0005150523|0.00058208447|0.00057685404|0.00046135415|0.000582967|0.00039658332,151880.25|151880.25|151880.25|151880.25|151880.25|151880.25,0.1669389|0.18657964|0.18430723|0.14841391|0.18572313|0.12803718,0.0025768254|0.0028799947|0.0028449183|0.0022908784|0.0028667739|0.0019763487,Type V: 沟通天然断层/强微裂缝簇|Type V: 沟通天然断层/强微裂缝簇|Type V: 沟通天然断层/强微裂缝簇|Type V: 沟通天然断层/强微裂缝簇|Type V: 沟通天然断层/强微裂缝簇|Type III: 受抑/欠发育弱进液簇,0.08660189807415009,linear,1423.3106689453125,69.38484954833984,1.0070353746414185,140.2422637939453,8,0.011207336028354052,0.7340323364758794,0,-1,1.1878943195851172e-13,2.7569058147491887e-12
324,5,4545.739|4570.418|4590.7593|4634.6367|4651.056,0.019640684|0.023963537|0.021703936|0.025823565|0.023947176,8.512031e-05|6.9266964e-05|8.250899e-05|7.982443e-05|8.200436e-05,184958.25|184958.25|184958.25|184958.25|184958.25,0.21347897|0.17375034|0.20692319|0.20019381|0.20565371,0.004428753|0.0036045583|0.0042927493|0.004153144|0.0042664134,Type II: 均衡/正常发育簇|Type II: 均衡/正常发育簇|Type II: 均衡/正常发育簇|Type II: 均衡/正常发育簇|Type II: 均衡/正常发育簇,0.06066775694489479,linear,1482.4049072265625,164.60862731933594,1.35345458984375,2954.291015625,8,0.011528346726812671,0.6286366898260488,0,-1,8.111022162075876e-14,2.0872903405688703e-10
325,4,4818.6357|4840.6064|4878.755|4904.9326,0.02896007|0.012|0.023115873|0.034043144,2.9474813e-05|0.0005|2.7238086e-05|2.8063874e-05,206018.97|206018.97|206018.97|206018.97,0.051497966|0.8518914|0.04758412|0.049026493,0.0011830131|0.019569678|0.001093104|0.0011262383,Type III: 受抑/欠发育弱进液簇|Type V: 沟通天然断层/强微裂缝簇|Type III: 受抑/欠发育弱进液簇|Type III: 受抑/欠发育弱进液簇,0.06362178176641464,linear,1405.4766845703125,163.75787353515625,1.4987070560455322,1877.39306640625,8,0.011132986157842254,0.638695262800396,1,1,8.45763278747684e-14,3.3651303965598345e-11
326,6,4526.134|4551.0513|4562.288|4608.887|4631.9736|4670.1646,0.015219476|0.018521013|0.012|0.018139917|0.018236095|0.016755812,0.00013611914|0.00011203283|0.00062453107|0.0001408144|0.000107997155|0.00012212803,88965.695|88965.695|88965.695|88965.695|88965.695|88965.695,0.11042324|0.09085208|0.49806917|0.1141158|0.087549984|0.098989725,0.0016548433|0.0013615427|0.0074642478|0.0017101814|0.0013120563|0.0014834965,Type III: 受抑/欠发育弱进液簇|Type III: 受抑/欠发育弱进液簇|Type V: 沟通天然断层/强微裂缝簇|Type III: 受抑/欠发育弱进液簇|Type III: 受抑/欠发育弱进液簇|Type III: 受抑/欠发育弱进液簇,0.012000221759080887,cosine,1470.550537109375,184.20933532714844,0.9777182340621948,373.69940185546875,12,0.01149272296245776,0.6080260743299897,1,2,1.0302055161639373e-14,3.979039320256561e-12
327,3,4653.521|4703.1807|4739.3433,0.020729523|0.019689167|0.022377362,3.407975e-05|3.6150053e-05|3.128779e-05,36930.977|36930.977|36930.977,0.335704|0.356095|0.30820101,0.004640054|0.0049218955|0.004259912,Type II: 均衡/正常发育簇|Type I: 优势发育主进液簇|Type II: 均衡/正常发育簇,0.06437751650810242,cosine,1444.3067626953125,180.7657470703125,0.9017452001571655,18755.5,16,0.011976391401326364,0.6517683784528163,0,-1,1.1948150531026352e-13,2.193701220676303e-09
328,5,4777.7715|4803.8345|4832.554|4863.698|4884.313,0.02341798|0.019157512|0.015814045|0.019513834|0.018550836,4.266346e-05|4.555479e-05|4.5293837e-05|4.2718115e-05|3.785065e-05,300591.28|300591.28|300591.28|300591.28|300591.28,0.19929163|0.21278632|0.2115662|0.199541|0.17681485,0.0045043724|0.0048093777|0.004781801|0.0045100087|0.003996354,Type II: 均衡/正常发育簇|Type II: 均衡/正常发育簇|Type II: 均衡/正常发育簇|Type II: 均衡/正常发育簇|Type II: 均衡/正常发育簇,0.03965352475643158,cosine,1434.4503173828125,62.88763427734375,1.474560260772705,11314.279296875,6,0.010974629590573399,0.7255067170489559,0,-1,1.5810742404437188e-14,3.7471181713044643e-10
329,6,4763.645|4774.9136|4801.865|4828.199|4847.191|4867.084,0.010813191|0.008698397|0.007957301|0.011013706|0.009484362|0.011140552,5.5530403e-05|5.204421e-05|5.8138157e-05|6.338433e-05|5.026869e-05|4.7079247e-05,355752.2|355752.2|355752.2|355752.2|355752.2|355752.2,0.17011216|0.15944041|0.17808375|0.1941285|0.15399915|0.14423601,0.002665974|0.0024987278|0.0027909034|0.0030423547|0.0024134528|0.0022604465,Type II: 均衡/正常发育簇|Type II: 均衡/正常发育簇|Type II: 均衡/正常发育簇|Type II: 均衡/正常发育簇|Type II: 均衡/正常发育簇|Type III: 受抑/欠发育弱进液簇,0.088860422372818,linear,1440.380126953125,65.4765625,1.022439956665039,2420.5234375,8,0.009418285628326997,0.6791303397560524,0,-1,1.6382171159445673e-14,3.788045432884246e-10
330,4,4522.1133|4566.378|4592.105|4606.82,0.007399932|0.0074524977|0.008826081|0.0077060075,0.00047815667|0.0005369906|0.0015|0.00050426566,122496.69|122496.69|122496.69|122496.69,0.16786864|0.18693762|0.4696152|0.17557856,0.0025374745|0.002825718|0.0070986254|0.0026540165,Type V: 沟通天然断层/强微裂缝簇|Type V: 沟通天然断层/强微裂缝簇|Type V: 沟通天然断层/强微裂缝簇|Type V: 沟通天然断层/强微裂缝簇,0.09073609113693237,linear,1403.7200927734375,55.890586853027344,0.9861646294593811,126.9594497680664,16,0.008372548294500182,0.7322563424471324,1,2,3.8835463165610984e-13,4.973799150320701e-13
331,1,4682.1343,0.009746645,0.00022553946,603486.25,1.0,0.020973057,Type I: 优势发育主进液簇,0.0070396834053099155,linear,1410.9073486328125,52.18206787109375,1.3682928085327148,9048.0341796875,8,0.008306319348581902,0.6703779126474435,0,-1,5.326652747356109e-14,4.5838532969355583e-10
332,6,4543.042|4570.0215|4616.382|4631.199|4642.319|4666.2334,0.010308289|0.012046144|0.012470094|0.013613938|0.009382503|0.009546877,0.00081928086|0.0007196728|0.0008538505|0.00096660265|0.0007515517|0.0010604124,177747.56|177747.56|177747.56|177747.56|177747.56|177747.56,0.16241877|0.14319377|0.16523635|0.18373331|0.14695257|0.19846521,0.0026040822|0.0022958452|0.002649257|0.002945821|0.0023561104|0.0031820196,Type V: 沟通天然断层/强微裂缝簇|Type V: 沟通天然断层/强微裂缝簇|Type V: 沟通天然断层/强微裂缝簇|Type V: 沟通天然断层/强微裂缝簇|Type V: 沟通天然断层/强微裂缝簇|Type V: 沟通天然断层/强微裂缝簇,0.015146511606872082,linear,1463.275390625,58.49088668823242,1.0460097789764404,117.30824279785156,8,0.010695096899223735,0.7450738955744199,0,-1,9.82421067240169e-13,1.6768808563938364e-12
333,2,4719.803|4746.9077,0.016504137|0.012,8.71403e-06|0.0005,254009.94|254009.94,0.017657712|0.9823423,0.0002545078|0.014158898,Type IV: 砂堵闭合/未起裂死簇|Type V: 沟通天然断层/强微裂缝簇,0.0193253792822361,cosine,1452.355224609375,164.20785522460938,0.9403378963470459,1057.28271484375,8,0.009931719542271823,0.722763776890314,1,1,6.114026792443036e-14,4.5702108764089644e-11
334,4,4680.2407|4701.1753|4712.3516|4735.528,0.022302253|0.026262797|0.024606781|0.020410806,0.00014343306|0.00017185355|0.0001881191|0.00013893127,1663539.1|1663539.1|1663539.1|1663539.1,0.22446647|0.26700044|0.29091713|0.21761595,0.0044587976|0.0053036916|0.0057787723|0.004322719,Type II: 均衡/正常发育簇|Type II: 均衡/正常发育簇|Type II: 均衡/正常发育簇|Type II: 均衡/正常发育簇,0.03618638217449188,cosine,1405.6658935546875,62.48815155029297,1.295936107635498,1136.5745849609375,4,0.009505996067155874,0.6165791783323469,0,-1,1.5125574404084574e-13,8.571987564209849e-11
335,1,4699.6797,0.0066230656,0.00080842956,966941.06,1.0,0.019299628,Type V: 沟通天然断层/强微裂缝簇,0.01722080446779728,cosine,1441.3328857421875,165.01417541503906,1.2591174840927124,1165.91748046875,6,0.008229669270153077,0.7193572032009601,0,-1,7.298563066849423e-14,7.548806024715304e-11
336,6,4758.191|4782.55|4817.495|4865.302|4901.809|4950.0,0.009798638|0.01165655|0.009415542|0.011327415|0.011266362|0.011441786,0.00013848346|0.00012551632|0.0001684528|0.00017472621|0.000120238255|0.00014235236,920058.56|920058.56|920058.56|920058.56|920058.56|920058.56,0.15952225|0.14477|0.19314104|0.20010315|0.13869488|0.16376868,0.0022771938|0.002066604|0.002757105|0.0028564895|0.0019798812|0.002337812,Type II: 均衡/正常发育簇|Type III: 受抑/欠发育弱进液簇|Type II: 均衡/正常发育簇|Type II: 均衡/正常发育簇|Type III: 受抑/欠发育弱进液簇|Type II: 均衡/正常发育簇,0.03525908291339874,linear,1486.6834716796875,180.0687713623047,0.9313138127326965,494.8316650390625,6,0.008178474769846174,0.7467186392271055,0,-1,1.7195229615185603e-13,3.228706191293895e-11
337,4,4832.472|4868.537|4894.308|4936.8545,0.011664871|0.010702677|0.012257839|0.0110510355,3.7021277e-05|4.085142e-05|3.8795028e-05|3.292935e-05,143167.23|143167.23|143167.23|143167.23,0.24747626|0.27307135|0.25932774|0.22012465,0.0052798116|0.005825873|0.005532658|0.0046962756,Type II: 均衡/正常发育簇|Type II: 均衡/正常发育簇|Type II: 均衡/正常发育簇|Type II: 均衡/正常发育簇,0.08471506088972092,cosine,1452.21875,114.1418228149414,1.3918812274932861,20546.099609375,8,0.011396517066506729,0.7311466871680861,0,-1,9.448252727070616e-14,1.9063008949160576e-09
338,2,4879.3164|4901.5425,0.008246363|0.00655701,0.0005|3.3883356e-05,65088.79|65088.79,0.93605506|0.06394496,0.0136347525|0.00093143416,Type V: 沟通天然断层/强微裂缝簇|Type III: 受抑/欠发育弱进液簇,0.030809644609689713,cosine,1440.7752685546875,116.30419921875,0.9503053426742554,914.2760009765625,12,0.011575080207928726,0.7007744412736262,1,0,3.370317669696907e-14,1.1368683772161603e-13
339,2,4678.7|4694.3765,0.0050917407|0.0053589204,0.00034929052|0.0015,351969.03|351969.03,0.23391858|0.76608145,0.003519533|0.011526442,Type II: 均衡/正常发育簇|Type V: 沟通天然断层/强微裂缝簇,0.0032908041030168533,cosine,1458.0443115234375,58.698177337646484,0.9816069602966309,207.768798828125,6,0.010547094409838354,0.7259245232209912,1,1,2.6517816957718045e-15,1.7053025658242404e-13
340,2,4871.395|4917.3765,0.010304039|0.009449606,1.8210607e-05|0.0005,797736.06|797736.06,0.038360227|0.96163976,0.00081565883|0.020447481,Type IV: 砂堵闭合/未起裂死簇|Type V: 沟通天然断层/强微裂缝簇,0.05293982848525047,cosine,1429.5863037109375,165.53228759765625,1.3872178792953491,2261.10546875,8,0.008182358634564403,0.6008748093029102,1,1,1.7801541219841094e-13,3.001332515850663e-10
341,1,4616.2427,0.014790037,0.0002448567,181502.42,1.0,0.022626273,Type I: 优势发育主进液簇,0.0342637337744236,cosine,1415.4539794921875,137.25918579101562,1.4761494398117065,8864.30078125,8,0.01114280496371751,0.6792667436572422,0,-1,1.6376402187448513e-13,9.313225746154785e-10
342,5,4731.9272|4751.565|4792.122|4830.5166|4853.758,0.022335859|0.017012822|0.01808913|0.02244732|0.019636067,0.00093102426|0.00095954613|0.001053074|0.0009999129|0.00091237173,94198.17|94198.17|94198.17|94198.17|94198.17,0.19433285|0.19867088|0.21483243|0.20439076|0.1877731,0.0027901658|0.0028524497|0.0030844917|0.002934574|0.002695983,Type V: 沟通天然断层/强微裂缝簇|Type V: 沟通天然断层/强微裂缝簇|Type V: 沟通天然断层/强微裂缝簇|Type V: 沟通天然断层/强微裂缝簇|Type V: 沟通天然断层/强微裂缝簇,0.010236036963760853,cosine,1441.4234619140625,84.92375183105469,0.936701238155365,134.46621704101562,12,0.010565698820189486,0.6991360336003712,0,-1,3.020553100176182e-13,1.8047785488306545e-11
343,1,4636.656,0.012,0.0005,306702.38,1.0,0.01568857,Type V: 沟通天然断层/强微裂缝簇,0.05562758073210716,cosine,1472.027587890625,191.1162109375,1.0235302448272705,1297.5831298828125,8,0.010259253351585219,0.6164254461230674,1,0,1.5612828412926716e-13,1.5620571502950042e-10
344,1,4694.465,0.00504438,0.0006287387,113762.8,1.0,0.017174117,Type V: 沟通天然断层/强微裂缝簇,0.06278767436742783,cosine,1472.1474609375,102.2488784790039,1.120448112487793,938.1163330078125,16,0.008480809931183787,0.740569547355644,0,-1,1.1131082898940478e-13,3.9108272176235914e-11
345,2,4531.339|4563.323,0.017615197|0.020351904,0.00086784014|0.00067910855,121465.12|121465.12,0.5569999|0.44300008,0.010966844|0.008722286,Type V: 沟通天然断层/强微裂缝簇|Type V: 沟通天然断层/强微裂缝簇,0.015939047560095787,cosine,1414.33251953125,136.93321228027344,1.2845287322998047,382.2645568847656,16,0.008574736942088615,0.7010891317539606,0,-1,2.377090223878303e-13,1.921307557495311e-11
346,3,4842.4634|4857.5635|4884.081,0.014103236|0.010466872|0.009834337,4.9147107e-05|4.3000924e-05|4.2379037e-05,864209.75|864209.75|864209.75,0.36527386|0.31967118|0.31505495,0.008321619|0.0072827055|0.0071775387,Type I: 优势发育主进液簇|Type II: 均衡/正常发育簇|Type II: 均衡/正常发育簇,0.09156898409128189,cosine,1406.66455078125,69.08688354492188,1.4863002300262451,28899.650390625,4,0.010336801949577128,0.7234668865652795,0,-1,1.0081589426128024e-13,0.0
347,5,4814.2427|4856.9893|4904.5723|4921.4917|4950.0,0.007594461|0.0068568517|0.008481331|0.009831362|0.0073098564,0.00012988441|0.0006690073|0.000106511136|9.5518706e-05|0.00011939411,1451263.4|1451263.4|1451263.4|1451263.4|1451263.4,0.13264981|0.5381291|0.10912902|0.098020166|0.12207191,0.0017718293|0.007187895|0.0014576575|0.0013092745|0.0016305381,Type III: 受抑/欠发育弱进液簇|Type V: 沟通天然断层/强微裂缝簇|Type III: 受抑/欠发育弱进液簇|Type III: 受抑/欠发育弱进液簇|Type III: 受抑/欠发育弱进液簇,0.09066828340291977,linear,1447.96484375,137.3543243408203,0.8714300990104675,363.1700744628906,4,0.009735459114551984,0.6293824579150366,1,1,1.5974236703916213e-14,5.7411853049416095e-12
348,1,4665.513,0.012,0.0005,359369.66,1.0,0.019764213,Type V: 沟通天然断层/强微裂缝簇,0.08607200533151627,cosine,1437.6925048828125,134.02462768554688,1.2894272804260254,1910.569091796875,8,0.009145843326830572,0.7165597563274702,1,0,1.2990098126124897e-14,4.069988790433854e-11
349,1,4820.504,0.011213224,0.00011887796,1147473.2,1.0,0.012896869,Type I: 优势发育主进液簇,0.020815186202526093,cosine,1462.222900390625,94.29808044433594,0.8413982391357422,12087.736328125,6,0.00850968134112276,0.6176059850903509,0,-1,1.819884304019026e-13,9.422365110367537e-10
350,1,4843.6006,0.00614068,0.0015,253019.3,1.0,0.0140619455,Type V: 沟通天然断层/强微裂缝簇,0.07484792917966843,cosine,1445.7269287109375,142.95068359375,0.9174084067344666,320.0030822753906,8,0.009877616568197077,0.7321321463775027,1,0,2.807741289901494e-13,1.5290879673557356e-11
351,1,4632.3267,0.02382013,0.0007387548,2221537.8,1.0,0.020100541,Type V: 沟通天然断层/强微裂缝簇,0.07415654510259628,linear,1405.544189453125,123.49575805664062,1.3113694190979004,1836.99951171875,4,0.008620507040254584,0.6487959741863466,0,-1,8.336804553990551e-14,1.0322764865122736e-10
352,4,4538.687|4558.667|4599.0464|4631.7427,0.015153178|0.015281472|0.011312659|0.012110081,0.000265796|0.00029253532|0.00027230597|0.00024800922,1377231.6|1377231.6|1377231.6|1377231.6,0.24691519|0.2691804|0.25229418|0.23161025,0.003999279|0.0043599075|0.0040864022|0.0037513855,Type II: 均衡/正常发育簇|Type II: 均衡/正常发育簇|Type II: 均衡/正常发育簇|Type II: 均衡/正常发育簇,0.06293097138404846,cosine,1482.50439453125,50.89189147949219,1.0566987991333008,347.7359924316406,4,0.00956430674975076,0.6694068286477558,0,-1,1.657934315009435e-13,1.8189894035458565e-12
353,1,4667.2075,0.022068588,0.0006570603,1213898.4,1.0,0.022721248,Type V: 沟通天然断层/强微裂缝簇,0.01451694406569004,linear,1457.6549072265625,77.11670684814453,1.4823455810546875,1996.6605224609375,4,0.00935912002624269,0.7446281225489628,0,-1,3.8021340497676123e-14,1.0686562745831907e-10
354,6,4563.815|4603.7163|4650.744|4673.6016|4702.502|4736.23,0.010248769|0.013781838|0.010637025|0.012|0.012709576|0.012641002,9.2881564e-05|9.0879985e-05|0.00010610187|0.0005|9.3421564e-05|8.810869e-05,892664.0|892664.0|892664.0|892664.0|892664.0|892664.0,0.10050387|0.098299064|0.11455085|0.49044347|0.1009519|0.09525085,0.0016565769|0.0016202356|0.0018881094|0.008083841|0.0016639618|0.0015699929,Type III: 受抑/欠发育弱进液簇|Type III: 受抑/欠发育弱进液簇|Type III: 受抑/欠发育弱进液簇|Type V: 沟通天然断层/强微裂缝簇|Type III: 受抑/欠发育弱进液簇|Type III: 受抑/欠发育弱进液簇,0.019445300102233887,linear,1480.6954345703125,126.89424133300781,1.075340747833252,497.8290710449219,4,0.01027342732982584,0.7206525258866155,1,3,8.987922168676721e-14,3.871036824421026e-11
355,6,4716.8853|4740.665|4778.857|4804.581|4823.348|4851.9087,0.023416664|0.026076637|0.020333625|0.020264652|0.022362374|0.025198748,0.0002604761|0.0003180451|0.00022315865|0.0002422357|0.00032068632|0.0002533445,98563.72|98563.72|98563.72|98563.72|98563.72|98563.72,0.16130313|0.19646358|0.13808204|0.14976723|0.19781747|0.15656653,0.0032800457|0.003995022|0.0028078523|0.0030454672|0.0040225526|0.0031837285,Type II: 均衡/正常发育簇|Type II: 均衡/正常发育簇|Type III: 受抑/欠发育弱进液簇|Type III: 受抑/欠发育弱进液簇|Type II: 均衡/正常发育簇|Type II: 均衡/正常发育簇,0.012242614291608334,linear,1456.2935791015625,123.31511688232422,1.326643943786621,361.746826171875,16,0.008871018574940265,0.7271685859077811,0,-1,1.2335633545450947e-13,1.1368683772161603e-11
356,1,4534.093,0.013723131,7.543271e-05,266933.66,1.0,0.012654401,Type I: 优势发育主进液簇,0.08976535499095917,cosine,1473.3060302734375,174.38629150390625,0.8255795240402222,28389.49609375,8,0.010358274726873937,0.6481777432764888,0,-1,4.085120981181696e-14,1.1896190699189901e-09
357,3,4502.9355|4521.503|4559.478,0.017207883|0.02229797|0.02093573,0.0007538228|0.0006795276|0.00083911157,77810.89|77810.89|77810.89,0.3321881|0.30039626|0.36741564,0.006097948|0.005514348|0.006744617,Type V: 沟通天然断层/强微裂缝簇|Type V: 沟通天然断层/强微裂缝簇|Type V: 沟通天然断层/强微裂缝簇,0.039337970316410065,cosine,1400.089599609375,66.3023452758789,1.197614312171936,196.10284423828125,12,0.010866168410520995,0.7272878359093338,0,-1,3.1392813695796384e-13,6.650680006714538e-12
358,5,4641.034|4665.2256|4708.505|4738.9316|4774.011,0.016324138|0.0124562|0.015834153|0.011980002|0.012298679,0.000520381|0.0004680883|0.00049574417|0.0015|0.0005376957,770088.6|770088.6|770088.6|770088.6|770088.6,0.17268544|0.1575432|0.16489741|0.32873574|0.1761382,0.0021604365|0.0019709943|0.0020630017|0.004112753|0.002203633,Type V: 沟通天然断层/强微裂缝簇|Type V: 沟通天然断层/强微裂缝簇|Type V: 沟通天然断层/强微裂缝簇|Type V: 沟通天然断层/强微裂缝簇|Type V: 沟通天然断层/强微裂缝簇,0.04709336534142494,cosine,1440.854248046875,63.55678176879883,0.8162121176719666,114.20343780517578,4,0.010845772265115147,0.6961603933228191,1,3,4.4661700011015826e-13,7.105427357601002e-13
359,6,4741.592|4770.9766|4795.892|4828.0386|4877.2944|4892.0796,0.013577265|0.012|0.014506338|0.012833545|0.0132999355|0.0112310825,1.4284181e-05|0.0005|1.8366463e-05|1.568935e-05|1.6617812e-05|1.4974921e-05,183592.92|183592.92|183592.92|183592.92|183592.92|183592.92,0.025115289|0.8594802|0.032286543|0.027580602|0.029212642|0.02632471,0.0003980643|0.013622315|0.0005117249|0.00043713822|0.0004630052|0.00041723298,Type IV: 砂堵闭合/未起裂死簇|Type V: 沟通天然断层/强微裂缝簇|Type IV: 砂堵闭合/未起裂死簇|Type IV: 砂堵闭合/未起裂死簇|Type IV: 砂堵闭合/未起裂死簇|Type IV: 砂堵闭合/未起裂死簇,0.04831026867032051,linear,1407.599853515625,167.52064514160156,1.0340280532836914,992.6104125976562,12,0.009211132823417074,0.6589088144634808,1,1,1.0879316246709472e-13,1.035687091643922e-10
360,3,4813.935|4830.811|4856.245,0.02532421|0.024031486|0.02666116,5.7013458e-05|5.22849e-05|4.4021555e-05,53426.293|53426.293|53426.293,0.3718548|0.3410177|0.2871275,0.0068847993|0.006313857|0.005316094,Type I: 优势发育主进液簇|Type II: 均衡/正常发育簇|Type II: 均衡/正常发育簇,0.0563855841755867,linear,1415.9058837890625,65.2963638305664,1.2079116106033325,14717.0302734375,16,0.010966683700518395,0.6462677403395948,0,-1,4.197497181107103e-14,6.566551746800542e-10
361,1,4732.757,0.0073168543,0.0005,88113.336,1.0,0.018134892,Type V: 沟通天然断层/强微裂缝簇,0.004945491906255484,cosine,1410.2911376953125,180.802001953125,1.1831294298171997,1588.361572265625,12,0.011012074893904027,0.6654573509639745,1,0,1.6012927474880895e-13,1.432454155292362e-10
362,5,4608.0103|4656.6777|4680.3853|4712.4443|4754.0454,0.007859945|0.0112824775|0.010816089|0.009474926|0.011499015,0.0005065886|0.0006617126|0.00069641677|0.0007000678|0.00054336485,422962.78|422962.78|422962.78|422962.78|422962.78,0.16849959|0.21166089|0.22056992|0.22133741|0.17793219,0.0038091952|0.0047849235|0.0049863257|0.0050036763|0.0040224334,Type V: 沟通天然断层/强微裂缝簇|Type V: 沟通天然断层/强微裂缝簇|Type V: 沟通天然断层/强微裂缝簇|Type V: 沟通天然断层/强微裂缝簇|Type V: 沟通天然断层/强微裂缝簇,0.04776531457901001,cosine,1491.7003173828125,88.97761535644531,1.4748629331588745,246.5300750732422,6,0.01035431966573879,0.6870924072279784,0,-1,3.516016958918927e-13,2.3305801732931286e-11
363,5,4548.6484|4570.96|4593.82|4620.33|4664.879,0.017227931|0.020210387|0.012|0.022180064|0.017487625,1.1382646e-05|1.1168015e-05|0.0005|1.0906763e-05|1.1804408e-05,562305.4|562305.4|562305.4|562305.4|562305.4,0.02217365|0.02175306|0.91184145|0.021241866|0.022989972,0.00027714786|0.00027189087|0.011397081|0.0002655015|0.00028735102,Type IV: 砂堵闭合/未起裂死簇|Type IV: 砂堵闭合/未起裂死簇|Type V: 沟通天然断层/强微裂缝簇|Type IV: 砂堵闭合/未起裂死簇|Type IV: 砂堵闭合/未起裂死簇,0.02327817678451538,cosine,1489.2850341796875,150.54434204101562,0.8154392242431641,772.5938720703125,4,0.011447769595798485,0.7312615703455612,1,2,1.4281417303092792e-13,5.2295945351943374e-11
364,6,4654.5864|4700.0913|4734.2954|4765.3657|4781.7466|4828.32,0.009862051|0.0095192455|0.00912241|0.0104609635|0.008123751|0.008878557,0.0005|5.5997058e-05|5.503632e-05|7.0265654e-05|6.2125255e-05|7.2718736e-05,770231.94|770231.94|770231.94|770231.94|770231.94|770231.94,0.5919713|0.07230519|0.07106405|0.09065955|0.08018911|0.0938108,0.010794622|0.0013184882|0.0012958559|0.0016531808|0.0014622518|0.0017106439,Type V: 沟通天然断层/强微裂缝簇|Type III: 受抑/欠发育弱进液簇|Type III: 受抑/欠发育弱进液簇|Type III: 受抑/欠发育弱进液簇|Type III: 受抑/欠发育弱进液簇|Type III: 受抑/欠发育弱进液簇,0.06094883009791374,linear,1497.4290771484375,119.74482727050781,1.189663290977478,738.29443359375,6,0.009235380059287576,0.6400133821387372,1,0,1.1986544840459495e-13,4.092726157978177e-12
365,4,4784.0|4816.4893|4863.6377|4880.15,0.014866865|0.015179362|0.017809948|0.016935537,0.00010216239|7.3539355e-05|9.710978e-05|9.462926e-05,1122406.4|1122406.4|1122406.4|1122406.4,0.27779683|0.20051663|0.2641838|0.25750276,0.0050472273|0.0036431411|0.0047998955|0.004678509,Type II: 均衡/正常发育簇|Type II: 均衡/正常发育簇|Type II: 均衡/正常发育簇|Type II: 均衡/正常发育簇,0.015537056140601635,linear,1441.6412353515625,105.39739990234375,1.1853399276733398,2638.731689453125,4,0.010349303422796427,0.6332910013748122,0,-1,4.372905846022207e-14,1.5006662579253316e-11
366,1,4842.254,0.0063020564,0.0015,677977.0,1.0,0.019151254,Type V: 沟通天然断层/强微裂缝簇,0.06816216558218002,cosine,1415.65283203125,159.99996948242188,1.2494374513626099,643.5401611328125,6,0.009059169451311624,0.7089655296684623,1,0,3.061609058180141e-14,0.0
367,4,4585.471|4599.927|4647.8833|4662.371,0.0071779243|0.007767789|0.007912875|0.008255795,0.0005|2.9127646e-05|2.910278e-05|2.767046e-05,749479.94|749479.94|749479.94|749479.94,0.8423551|0.05345453|0.053408716|0.050781686,0.012652647|0.0008029171|0.0008022289|0.0007627695,Type V: 沟通天然断层/强微裂缝簇|Type III: 受抑/欠发育弱进液簇|Type III: 受抑/欠发育弱进液簇|Type III: 受抑/欠发育弱进液簇,0.003153781872242689,linear,1418.7830810546875,82.72776794433594,0.9799490571022034,885.2463989257812,4,0.011291955252987653,0.6510020061123712,1,0,1.1190972871695862e-13,8.753886504564434e-11
368,3,4714.6865|4756.6533|4795.0605,0.0059268223|0.005723138|0.005468459,0.0005|1.4696579e-05|1.3407994e-05,68967.234|68967.234|68967.234,0.9463503|0.028054764|0.02559497,0.01964405|0.0005823522|0.0005312926,Type V: 沟通天然断层/强微裂缝簇|Type IV: 砂堵闭合/未起裂死簇|Type IV: 砂堵闭合/未起裂死簇,0.0717528834939003,cosine,1486.122314453125,73.37696075439453,1.3542424440383911,1725.5654296875,16,0.01062480659674896,0.6060063459887977,1,0,6.936321634253007e-14,7.275957614183426e-11
369,1,4558.7407,0.007118973,0.0005,93341.91,1.0,0.018016983,Type V: 沟通天然断层/强微裂缝簇,0.02490673027932644,linear,1432.008544921875,170.56280517578125,1.175437092781067,1559.2926025390625,12,0.010226654475647773,0.7496764461753999,1,0,4.8141341173896235e-14,9.640643838793039e-11
370,1,4618.881,0.015659045,0.00015297912,1524054.6,1.0,0.020058269,Type I: 优势发育主进液簇,0.02722502499818802,cosine,1441.7716064453125,146.25193786621094,1.308611512184143,18026.384765625,4,0.009313631285025978,0.6710614274288954,0,-1,5.500395806683732e-14,3.637978807091713e-12
371,4,4722.9707|4746.694|4758.665|4780.759,0.019075774|0.028309843|0.021963274|0.022531366,3.16961e-05|2.8544166e-05|3.2207186e-05|3.7248403e-05,386625.84|386625.84|386625.84|386625.84,0.2443926|0.22009666|0.24833028|0.28718045,0.005371462|0.004837466|0.0054580076|0.006311889,Type II: 均衡/正常发育簇|Type II: 均衡/正常发育簇|Type II: 均衡/正常发育簇|Type II: 均衡/正常发育簇,0.06649155914783478,cosine,1416.1180419921875,117.57414245605469,1.43390953540802,28939.970703125,6,0.010605396750939824,0.6850307726890226,0,-1,7.419141256209683e-14,1.0841176845133305e-09
372,3,4710.9385|4730.848|4759.259,0.0064515322|0.0050747953|0.0047347965,0.00045266043|0.00047151675|0.00053195364,99410.914|99410.914|99410.914,0.31148538|0.3240563|0.36445832,0.0048967637|0.005094387|0.0057295347,Type V: 沟通天然断层/强微裂缝簇|Type V: 沟通天然断层/强微裂缝簇|Type V: 沟通天然断层/强微裂缝簇,0.05300310254096985,linear,1407.2393798828125,158.88507080078125,1.025625467300415,325.68768310546875,12,0.010908499600411755,0.6384579591847429,0,-1,3.608332437097378e-13,3.1889157980913296e-11
373,1,4640.7734,0.0061336155,0.0006898722,1127601.2,1.0,0.016829368,Type V: 沟通天然断层/强微裂缝簇,0.06168099120259285,cosine,1405.2177734375,182.7813720703125,1.0979564189910889,1150.638916015625,6,0.008401804449643974,0.6391259492812585,0,-1,8.82340533102377e-14,4.229150363244116e-11
374,2,4790.2764|4803.312,0.0100509245|0.007999792,0.000100560006|8.177741e-05,92807.695|92807.695,0.5514662|0.44853377,0.009465589|0.0076988144,Type I: 优势发育主进液簇|Type I: 优势发育主进液簇,0.07568926364183426,linear,1486.39013671875,59.4531135559082,1.1198142766952515,8985.279296875,12,0.010886108451271383,0.6635017329162862,0,-1,1.5968297308890066e-14,2.3646862246096134e-11
375,4,4583.6685|4600.96|4616.053|4655.212,0.014626109|0.014161871|0.015558905|0.011551318,6.5473534e-05|8.512708e-05|6.88599e-05|8.525626e-05,415302.47|415302.47|415302.47|415302.47,0.21495|0.27929565|0.22603986|0.2797145,0.0044287946|0.0057545616|0.004657288|0.0057631913,Type II: 均衡/正常发育簇|Type II: 均衡/正常发育簇|Type II: 均衡/正常发育簇|Type II: 均衡/正常发育簇,0.05314875766634941,cosine,1481.18896484375,154.31150817871094,1.3442046642303467,4816.548828125,6,0.011109017299997359,0.6023873278656484,0,-1,1.5340184092611786e-13,6.066329660825431e-10
376,5,4831.9683|4852.23|4863.5073|4906.5156|4936.7554,0.012|0.013516649|0.014209569|0.0137956925|0.015468176,0.0005|1.14693485e-05|1.383949e-05|1.2722143e-05|1.31366405e-05,433316.88|433316.88|433316.88|433316.88|433316.88,0.9027458|0.021799957|0.026304564|0.02418097|0.024968741,0.011180461|0.00026999137|0.0003257807|0.0002994801|0.0003092366,Type V: 沟通天然断层/强微裂缝簇|Type IV: 砂堵闭合/未起裂死簇|Type IV: 砂堵闭合/未起裂死簇|Type IV: 砂堵闭合/未起裂死簇|Type IV: 砂堵闭合/未起裂死簇,0.002356999320909381,cosine,1420.7291259765625,196.2082061767578,0.808000385761261,780.8197631835938,6,0.010368442792596931,0.6769856890468454,1,0,1.9021106033561413e-13,2.523847797419876e-11
377,5,4701.6206|4716.7656|4728.3203|4739.739|4763.746,0.029052667|0.021682434|0.021996671|0.02182022|0.02667006,6.799246e-05|7.447601e-05|8.5886786e-05|9.5091906e-05|9.2557675e-05,89823.62|89823.62|89823.62|89823.62|89823.62,0.16346882|0.17904225|0.20645341|0.2285615|0.22247401,0.0022347216|0.0024476203|0.002822348|0.0031245793|0.0030413596,Type II: 均衡/正常发育簇|Type II: 均衡/正常发育簇|Type II: 均衡/正常发育簇|Type II: 均衡/正常发育簇|Type II: 均衡/正常发育簇,0.08234570920467377,cosine,1427.04296875,189.42886352539062,0.8918787240982056,1306.0714111328125,12,0.010575061310938154,0.7146910124798399,0,-1,4.8092901053708656e-14,7.594280759803951e-11
378,2,4514.2744|4544.545,0.012328351|0.012,2.9624436e-05|0.0005,46596.668|46596.668,0.056248214|0.9437518,0.0012482059|0.020942824,Type III: 受抑/欠发育弱进液簇|Type V: 沟通天然断层/强微裂缝簇,0.06007657200098038,cosine,1495.593505859375,74.33151245117188,1.4477540254592896,1939.3046875,16,0.010984561278795033,0.689759637455677,1,1,2.8142020845286532e-14,7.639755494892597e-11
379,2,4797.0986|4842.3154,0.021954663|0.012,2.633103e-05|0.0005,713342.75|713342.75,0.054071352|0.94592863,0.001140522|0.019952385,Type III: 受抑/欠发育弱进液簇|Type V: 沟通天然断层/强微裂缝簇,0.02189044840633869,cosine,1452.5364990234375,65.12235260009766,1.3761118650436401,2028.345947265625,6,0.00968517560567043,0.6047073321095418,1,1,3.996962808471005e-14,5.434230843093246e-11
380,6,4829.707|4867.4844|4884.6465|4900.142|4916.0366|4950.0,0.0058868784|0.006761559|0.0048838737|0.0059005087|0.004961775|0.0067166393,3.988885e-05|3.4094275e-05|3.0450034e-05|3.6320824e-05|4.109784e-05|3.213009e-05,1402725.4|1402725.4|1402725.4|1402725.4|1402725.4|1402725.4,0.18638141|0.15935023|0.14234018|0.1697362|0.19201033|0.15018164,0.0038428828|0.003285544|0.0029348242|0.0034996858|0.003958942|0.0030965023,Type II: 均衡/正常发育簇|Type II: 均衡/正常发育簇|Type III: 受抑/欠发育弱进液簇|Type II: 均衡/正常发育簇|Type II: 均衡/正常发育簇|Type II: 均衡/正常发育簇,0.0018152922857552767,linear,1461.0357666015625,61.63085174560547,1.345153570175171,9446.5986328125,4,0.009218210463708784,0.7140375727533692,0,-1,6.798091955898325e-14,4.474713932722807e-10
381,4,4827.6323|4845.9077|4864.465|4889.9614,0.007936515|0.00912562|0.009679698|0.010532244,9.768516e-06|1.0751526e-05|0.0005|8.211393e-06,64085.023|64085.023|64085.023|64085.023,0.018618193|0.020489778|0.94524467|0.015647376,0.00034735398|0.00038227162|0.017635144|0.00029192836,Type IV: 砂堵闭合/未起裂死簇|Type IV: 砂堵闭合/未起裂死簇|Type V: 沟通天然断层/强微裂缝簇|Type IV: 砂堵闭合/未起裂死簇,0.08743823319673538,cosine,1482.3504638671875,195.5578155517578,1.217172384262085,1528.020263671875,16,0.010519609821172908,0.6413027327744119,1,2,1.8280117545545205e-13,3.342393029015511e-11
382,3,4775.353|4797.5244|4842.711,0.0074067353|0.007168408|0.006802087,0.00027998252|0.00019298858|0.0002052166,172188.38|172188.38|172188.38,0.41206473|0.2850078|0.30292743,0.0058133123|0.004020823|0.004273629,Type I: 优势发育主进液簇|Type II: 均衡/正常发育簇|Type II: 均衡/正常发育簇,0.09661266207695007,linear,1426.211669921875,136.663330078125,0.9203976988792419,612.415283203125,12,0.009546920402624174,0.6333603330989055,0,-1,1.0796091532696769e-13,0.0
383,5,4527.0503|4560.9907|4602.068|4613.5103|4654.8535,0.012100854|0.011318743|0.011725943|0.011065062|0.014074012,2.9339175e-05|3.187259e-05|3.0104422e-05|4.0158844e-05|3.244959e-05,69607.65|69607.65|69607.65|69607.65|69607.65,0.1789843|0.19443594|0.18364844|0.24497794|0.1979534,0.0035513225|0.003857907|0.0036438662|0.0048607374|0.003927699,Type II: 均衡/正常发育簇|Type II: 均衡/正常发育簇|Type II: 均衡/正常发育簇|Type II: 均衡/正常发育簇|Type II: 均衡/正常发育簇,0.0946134403347969,linear,1494.0035400390625,79.24755859375,1.2944715023040771,14803.7392578125,12,0.011839272228178894,0.6477402559476855,0,-1,5.2632204828153076e-14,2.0554580260068178e-10
384,5,4813.7236|4861.6294|4881.186|4907.459|4950.0,0.011511997|0.011074141|0.010422|0.010217203|0.012647426,0.0002699269|0.00025042484|0.00026114128|0.00029535577|0.00024825922,140543.12|140543.12|140543.12|140543.12|140543.12,0.20390101|0.18909912|0.19706286|0.222551|0.187386,0.003013604|0.002794836|0.0029125381|0.003289246|0.0027695165,Type II: 均衡/正常发育簇|Type II: 均衡/正常发育簇|Type II: 均衡/正常发育簇|Type II: 均衡/正常发育簇|Type II: 均衡/正常发育簇,0.03655396029353142,cosine,1441.5732421875,122.50868225097656,0.9642377495765686,291.323974609375,8,0.011716372770985578,0.6981993765440423,0,-1,1.3239528830893965e-13,1.1482370609883219e-11
385,4,4786.311|4796.591|4820.3706|4847.983,0.005039862|0.005528005|0.0045345053|0.005949437,0.00040794926|0.00039591413|0.00051397877|0.00051345094,295065.6|295065.6|295065.6|295065.6,0.22453122|0.21811569|0.27882934|0.27852374,0.0038850724|0.0037740641|0.004824595|0.004819307,Type II: 均衡/正常发育簇|Type II: 均衡/正常发育簇|Type V: 沟通天然断层/强微裂缝簇|Type V: 沟通天然断层/强微裂缝簇,0.013507727533578873,cosine,1497.254638671875,173.1192169189453,1.1288589239120483,326.4148864746094,6,0.011408876324035876,0.6775858570530724,0,-1,9.945338416738128e-14,1.2050804798491299e-11
386,5,4510.181|4528.8945|4539.607|4567.0977|4614.442,0.008002933|0.0058983453|0.0061988295|0.0071848664|0.008530987,0.000856545|0.0015|0.0007293523|0.0007403239|0.00078643113,2713814.2|2713814.2|2713814.2|2713814.2|2713814.2,0.20048317|0.22745706|0.18850763|0.18955535|0.19399679,0.0027104658|0.0030751438|0.0025485603|0.002562725|0.0026227718,Type V: 沟通天然断层/强微裂缝簇|Type V: 沟通天然断层/强微裂缝簇|Type V: 沟通天然断层/强微裂缝簇|Type V: 沟通天然断层/强微裂缝簇|Type V: 沟通天然断层/强微裂缝簇,0.06169939413666725,cosine,1464.6953125,140.08016967773438,0.8820298910140991,203.769775390625,4,0.008396335766674793,0.6187724606422296,1,1,6.899288540647419e-13,2.5266899683629163e-11
387,5,4501.1665|4526.0527|4562.979|4599.001|4609.0986,0.009443278|0.010570834|0.011785141|0.01241728|0.009942143,1.1815562e-05|1.5918922e-05|1.3686455e-05|1.4346999e-05|0.0005,244430.14|244430.14|244430.14|244430.14|244430.14,0.021845382|0.029427418|0.025295625|0.026511524|0.89692,0.00032501228|0.00043781663|0.00037634445|0.0003944344|0.01334424,Type IV: 砂堵闭合/未起裂死簇|Type IV: 砂堵闭合/未起裂死簇|Type IV: 砂堵闭合/未起裂死簇|Type IV: 砂堵闭合/未起裂死簇|Type V: 沟通天然断层/强微裂缝簇,0.01523048896342516,cosine,1440.4239501953125,70.55609130859375,0.9706382751464844,867.8580932617188,12,0.008735320237634556,0.6349570194338237,1,4,6.529473752588284e-15,1.9099388737231493e-11
388,2,4778.5435|4812.5415,0.015056059|0.0149502065,0.00091415644|0.0007651016,255767.45|255767.45,0.5377407|0.46225932,0.008830201|0.0075907265,Type V: 沟通天然断层/强微裂缝簇|Type V: 沟通天然断层/强微裂缝簇,0.021757183596491814,cosine,1424.37451171875,67.35472869873047,1.0713095664978027,232.98233032226562,8,0.010437414291847767,0.6521719961822579,0,-1,6.232820113976842e-14,1.5717205315013416e-11
389,5,4593.3154|4620.662|4664.4873|4680.698|4713.405,0.007111537|0.0056429175|0.0071078306|0.006271104|0.006365664,0.00039712124|0.00039542594|0.00031209213|0.0003154944|0.00028947825,39981.004|39981.004|39981.004|39981.004|39981.004,0.23240136|0.2311984|0.1825517|0.1845105|0.16933805,0.004392299|0.0043695634|0.0034501588|0.0034871795|0.0032004255,Type II: 均衡/正常发育簇|Type II: 均衡/正常发育簇|Type II: 均衡/正常发育簇|Type II: 均衡/正常发育簇|Type II: 均衡/正常发育簇,0.014320321381092072,linear,1492.3726806640625,72.60940551757812,1.2330211400985718,262.1329040527344,16,0.011901470215061237,0.6343260760392359,0,-1,1.1161193226149474e-13,1.0402345651527867e-11
390,6,4559.1353|4598.5024|4625.2954|4658.7876|4669.8223|4707.6396,0.013844446|0.018994024|0.017264033|0.017536692|0.015816748|0.013631667,0.00031206815|0.00028546248|0.00026266044|0.00028682625|0.00030339637|0.00030055543,263770.9|263770.9|263770.9|263770.9|263770.9|263770.9,0.17833662|0.16320698|0.15030587|0.16376275|0.17299151|0.17139629,0.0033832188|0.0030961947|0.0028514483|0.0031067384|0.0032818168|0.003251554,Type II: 均衡/正常发育簇|Type II: 均衡/正常发育簇|Type II: 均衡/正常发育簇|Type II: 均衡/正常发育簇|Type II: 均衡/正常发育簇|Type II: 均衡/正常发育簇,0.003244206076487899,linear,1488.8870849609375,75.71874237060547,1.237675666809082,262.6811828613281,8,0.00970218328395319,0.7432214370743,0,-1,1.680684535770513e-13,1.0913936421275139e-11
391,3,4572.9243|4603.8086|4652.7026,0.006218834|0.0071039833|0.008456347,0.00031355137|0.00032693837|0.00037660782,708250.94|708250.94|708250.94,0.31025943|0.32249826|0.3672423,0.0053691603|0.0055809575|0.0063552707,Type II: 均衡/正常发育簇|Type II: 均衡/正常发育簇|Type I: 优势发育主进液簇,0.008085747249424458,linear,1405.8238525390625,162.69178771972656,1.1290122270584106,531.9014892578125,4,0.011216395578747398,0.6787352525113312,0,-1,9.222246549051277e-15,5.95719029661268e-11
392,6,4502.063|4535.1953|4564.844|4590.7354|4625.2227|4640.207,0.0073912414|0.005964066|0.0082759615|0.0068895044|0.005621746|0.005797446,0.00044677543|0.00064047525|0.00054889946|0.00061196455|0.00053553464|0.0005297766,619583.25|619583.25|619583.25|619583.25|619583.25|619583.25,0.1399514|0.18904254|0.16614859|0.18156508|0.16239639|0.16089602,0.0021712924|0.0029329227|0.0025777319|0.0028169125|0.002519518|0.00249624,Type III: 受抑/欠发育弱进液簇|Type V: 沟通天然断层/强微裂缝簇|Type V: 沟通天然断层/强微裂缝簇|Type V: 沟通天然断层/强微裂缝簇|Type V: 沟通天然断层/强微裂缝簇|Type V: 沟通天然断层/强微裂缝簇,0.007259086240082979,cosine,1432.99365234375,137.60060119628906,1.0121814012527466,208.27511596679688,4,0.011170493845068814,0.7316544993550976,0,-1,5.48997913102367e-13,8.498091119690798e-12
393,5,4511.269|4551.4146|4600.8164|4640.658|4674.983,0.011019061|0.010855387|0.010315341|0.010791895|0.01201151,6.685342e-05|6.596471e-05|6.8052905e-05|6.084314e-05|5.7365898e-05,187323.34|187323.34|187323.34|187323.34|187323.34,0.20952623|0.20673263|0.21326385|0.1906843|0.17979297,0.0042648553|0.0042079925|0.004340934|0.0038813327|0.0036596423,Type II: 均衡/正常发育簇|Type II: 均衡/正常发育簇|Type II: 均衡/正常发育簇|Type II: 均衡/正常发育簇|Type II: 均衡/正常发育簇,0.041220225393772125,cosine,1463.340087890625,123.04987335205078,1.3279545307159424,4271.650390625,8,0.010621153131520313,0.735921234827239,0,-1,8.999704735786207e-14,1.609805622138083e-10
394,4,4713.4585|4761.9536|4789.8315|4813.9224,0.005017006|0.0056995284|0.0049431017|0.004379167,0.00021640414|0.0002838582|0.00020574004|0.00019335502,1648854.6|1648854.6|1648854.6|1648854.6,0.24203551|0.3094541|0.23078811|0.21772225,0.005157788|0.006594481|0.004918105|0.004639671,Type II: 均衡/正常发育簇|Type II: 均衡/正常发育簇|Type II: 均衡/正常发育簇|Type II: 均衡/正常发育簇,0.08265656977891922,linear,1470.06884765625,51.36259460449219,1.3902781009674072,749.6504516601562,4,0.008682673002750163,0.742339464994367,0,-1,4.705152825516812e-14,9.43600753089413e-12
395,5,4752.807|4802.063|4851.7754|4893.1436|4909.631,0.015086724|0.015863888|0.015579257|0.013419234|0.01567805,4.701442e-05|6.87715e-05|6.382419e-05|4.7401543e-05|5.9590508e-05,74214.95|74214.95|74214.95|74214.95|74214.95,0.16405997|0.23994675|0.22268412|0.16539472|0.20791444,0.0037328047|0.005459433|0.0050666616|0.0037631742|0.004730612,Type II: 均衡/正常发育簇|Type II: 均衡/正常发育簇|Type II: 均衡/正常发育簇|Type II: 均衡/正常发育簇|Type II: 均衡/正常发育簇,0.021676884964108467,cosine,1433.981201171875,154.8355712890625,1.4843965768814087,6558.884765625,16,0.009609140302788415,0.7142098792666309,0,-1,7.060062983451493e-14,3.865352482534945e-10
396,2,4698.369|4744.7427,0.021224916|0.023421863,0.00010077293|8.297563e-05,2437954.8|2437954.8,0.5474627|0.4525373,0.008505462|0.0070306864,Type I: 优势发育主进液簇|Type I: 优势发育主进液簇,0.03327532857656479,cosine,1436.095947265625,53.64830017089844,1.013586163520813,7399.93505859375,4,0.00801331206184937,0.7167433857697467,0,-1,7.045571943789866e-14,4.993125912733376e-10
397,6,4831.176|4842.3345|4862.4536|4887.414|4921.166|4950.0,0.020583857|0.024837503|0.025943728|0.023316389|0.02196368|0.027407631,2.8138089e-05|3.3363245e-05|2.653421e-05|3.4829318e-05|2.9183051e-05|2.5377898e-05,729612.6|729612.6|729612.6|729612.6|729612.6|729612.6,0.15859933|0.18802771|0.14956227|0.1962811|0.16448279|0.14304678,0.0025650219|0.003040966|0.0024188657|0.003174448|0.0026601749|0.002313491,Type II: 均衡/正常发育簇|Type II: 均衡/正常发育簇|Type III: 受抑/欠发育弱进液簇|Type II: 均衡/正常发育簇|Type II: 均衡/正常发育簇|Type III: 受抑/欠发育弱进液簇,0.09118856489658356,linear,1448.382568359375,193.17626953125,1.055132508277893,8559.203125,6,0.008825971063289757,0.7200094477498685,0,-1,5.105608318935195e-14,0.0
398,4,4851.737|4889.961|4933.9683|4950.0,0.0072605694|0.005155239|0.0072957184|0.006494979,0.0002176412|0.00020888023|0.0001986132|0.00015494508,62086.723|62086.723|62086.723|62086.723,0.27899817|0.2677307|0.254575|0.19869612,0.0048273355|0.0046323817|0.0044047567|0.0034379181,Type II: 均衡/正常发育簇|Type II: 均衡/正常发育簇|Type II: 均衡/正常发育簇|Type II: 均衡/正常发育簇,0.05023002624511719,linear,1498.8973388671875,158.270751953125,1.1288167238235474,710.6219482421875,12,0.011376543702117032,0.7427785051741121,0,-1,1.0206383806686536e-13,1.4097167877480388e-11
399,5,4615.3784|4627.235|4649.7754|4696.8096|4744.7993,0.008241581|0.010541582|0.009555566|0.011362819|0.010237825,2.3498498e-05|1.8493822e-05|0.0005|2.1868478e-05|2.329427e-05,443803.53|443803.53|443803.53|443803.53|443803.53,0.041850206|0.03293628|0.8447946|0.038940363|0.041478593,0.0009585768|0.00075440377|0.019349976|0.000891927|0.00095006503,Type III: 受抑/欠发育弱进液簇|Type IV: 砂堵闭合/未起裂死簇|Type V: 沟通天然断层/强微裂缝簇|Type IV: 砂堵闭合/未起裂死簇|Type III: 受抑/欠发育弱进液簇,0.014201859943568707,cosine,1474.0068359375,147.92684936523438,1.4943304061889648,1909.9388427734375,8,0.00863044778581079,0.724116748463109,1,2,6.376950562655276e-14,1.3574208423960954e-10
400,4,4610.4956|4622.6484|4632.8174|4676.2627,0.016420886|0.019066785|0.012|0.018650053,1.1661747e-05|1.0827571e-05|0.0005|1.1084482e-05,161266.47|161266.47|161266.47|161266.47,0.022266442|0.020672437|0.9358993|0.021161813,0.00032087532|0.00029790457|0.013486978|0.00030495686,Type IV: 砂堵闭合/未起裂死簇|Type IV: 砂堵闭合/未起裂死簇|Type V: 沟通天然断层/强微裂缝簇|Type IV: 砂堵闭合/未起裂死簇,0.09535524994134903,linear,1462.6937255859375,170.1494598388672,0.9401623010635376,966.3438110351562,12,0.009421402429531569,0.6720107642027832,1,2,7.981017512452213e-14,0.0
401,6,4551.556|4591.732|4622.442|4639.5435|4672.0664|4719.9995,0.007130935|0.007893166|0.007334856|0.0070309415|0.008332951|0.006677665,3.7859318e-05|3.3462486e-05|4.3807555e-05|4.170584e-05|3.7709535e-05|3.2824915e-05,571930.5|571930.5|571930.5|571930.5|571930.5|571930.5,0.16651872|0.14718883|0.1926459|0.18341212|0.1658518|0.14438261,0.003302429|0.0029190753|0.0038205883|0.003637462|0.0032892027|0.0028634218,Type II: 均衡/正常发育簇|Type III: 受抑/欠发育弱进液簇|Type II: 均衡/正常发育簇|Type II: 均衡/正常发育簇|Type II: 均衡/正常发育簇|Type III: 受抑/欠发育弱进液簇,0.028685182332992554,linear,1412.5252685546875,121.52803802490234,1.2938613891601562,7809.03564453125,6,0.009493194916771563,0.7029314026790099,0,-1,5.755535344110704e-14,0.0
402,2,4581.058|4598.2173,0.0084893685|0.0090427045,0.00051900855|0.0006792383,176198.36|176198.36,0.4370814|0.5629186,0.009924486|0.012781779,Type V: 沟通天然断层/强微裂缝簇|Type V: 沟通天然断层/强微裂缝簇,0.09244821965694427,cosine,1488.5303955078125,59.33600997924805,1.4813681840896606,537.506591796875,8,0.010934677597783436,0.7159088631697172,0,-1,3.1170565125337654e-14,7.503331289626658e-12
403,2,4763.5444|4781.597,0.015813828|0.019034693,0.0001739618|0.00015291746,178619.23|178619.23,0.5320398|0.4679602,0.010068333|0.008855689,Type I: 优势发育主进液簇|Type I: 优势发育主进液簇,0.08636996150016785,linear,1434.0887451171875,109.03409576416016,1.2346127033233643,3545.89697265625,16,0.008171220649254074,0.6366527859104577,0,-1,7.315090373716249e-14,2.1782398107461631e-10
404,4,4564.593|4577.8774|4594.309|4607.384,0.0043018437|0.005619825|0.0056942496|0.004380191,1.44218475e-05|1.5387102e-05|0.0005|1.6020602e-05,664943.2|664943.2|664943.2|664943.2,0.028345488|0.030240469|0.90993124|0.03148281,0.00064470567|0.0006878062|0.020695986|0.00071606267,Type IV: 砂堵闭合/未起裂死簇|Type IV: 砂堵闭合/未起裂死簇|Type V: 沟通天然断层/强微裂缝簇|Type IV: 砂堵闭合/未起裂死簇,0.07751073688268661,cosine,1413.4677734375,153.44671630859375,1.4838666915893555,2247.242919921875,4,0.011223469814742901,0.6996068837581395,1,2,2.333856306997728e-14,5.1386450650170445e-11
405,1,4727.6406,0.006380399,0.0005,100001.8,1.0,0.018235492,Type V: 沟通天然断层/强微裂缝簇,0.04506300389766693,cosine,1487.81982421875,177.7481689453125,1.1896926164627075,1604.8341064453125,12,0.010854800300376688,0.6428827747988352,1,0,1.9025794869144234e-14,1.2505552149377763e-11
406,6,4766.292|4809.2817|4851.669|4895.834|4918.878|4950.0,0.008400093|0.010562|0.009950938|0.009395019|0.010176067|0.008791604,3.2319145e-05|2.7660339e-05|2.419969e-05|3.0254283e-05|2.8059727e-05|2.9846458e-05,136483.05|136483.05|136483.05|136483.05|136483.05|136483.05,0.18753392|0.1605012|0.14042068|0.17554775|0.16281518|0.17318128,0.0038556927|0.0032999006|0.0028870455|0.0036092573|0.0033474762|0.003560603,Type II: 均衡/正常发育簇|Type II: 均衡/正常发育簇|Type III: 受抑/欠发育弱进液簇|Type II: 均衡/正常发育簇|Type II: 均衡/正常发育簇|Type II: 均衡/正常发育簇,0.0660458356142044,linear,1437.2196044921875,192.79440307617188,1.3413431644439697,14508.8076171875,16,0.008361787947974623,0.695509361940992,0,-1,5.956791050004684e-14,6.548361852765083e-11
407,1,4561.1597,0.012744594,0.00021156856,668173.9,1.0,0.014223179,Type I: 优势发育主进液簇,0.01361603382974863,cosine,1494.2523193359375,166.8392333984375,0.9279273152351379,4859.20068359375,6,0.009671828099497412,0.6265381024651228,0,-1,8.439946061911813e-14,1.382431946694851e-10
408,4,4779.8647|4804.521|4852.2417|4890.0386,0.012|0.030035356|0.025089364|0.03413677,0.0007687287|0.00019456376|0.00019513711|0.0001958995,173468.39|173468.39|173468.39|173468.39,0.55648077|0.14737768|0.14778647|0.14835508,0.010603819|0.0028083024|0.002816092|0.002826927,Type V: 沟通天然断层/强微裂缝簇|Type III: 受抑/欠发育弱进液簇|Type III: 受抑/欠发育弱进液簇|Type III: 受抑/欠发育弱进液簇,0.09522931277751923,cosine,1469.54052734375,98.75605010986328,1.2431669235229492,378.7634582519531,8,0.01111294635482507,0.6985572686710274,1,0,1.9445510197717286e-13,6.423306331271306e-12
409,5,4538.1436|4576.172|4595.161|4619.597|4667.5674,0.012048587|0.01428054|0.013883232|0.014095023|0.014708731,0.0004313173|0.00037608022|0.0005217913|0.00042643258|0.00039868453,31712.45|31712.45|31712.45|31712.45|31712.45,0.20071255|0.1747401|0.24177635|0.19780365|0.18496735,0.0038851527|0.0033824092|0.0046800165|0.0038288457|0.003580376,Type II: 均衡/正常发育簇|Type II: 均衡/正常发育簇|Type V: 沟通天然断层/强微裂缝簇|Type II: 均衡/正常发育簇|Type II: 均衡/正常发育簇,0.05567729100584984,cosine,1436.5894775390625,185.2514190673828,1.2628474235534668,335.65777587890625,16,0.011748720755567257,0.7308774797022979,0,-1,3.159941113026893e-13,2.1600499167107046e-11
410,5,4751.334|4797.125|4811.1616|4855.701|4885.614,0.009692805|0.011046618|0.010543639|0.011120811|0.008077422,0.0001894893|0.00014382978|0.00018996256|0.00016129002|0.00019490521,206991.97|206991.97|206991.97|206991.97|206991.97,0.21546961|0.16373515|0.21589041|0.18347241|0.22143242,0.0037996315|0.002887336|0.0038070518|0.003235387|0.0039047806,Type II: 均衡/正常发育簇|Type II: 均衡/正常发育簇|Type II: 均衡/正常发育簇|Type II: 均衡/正常发育簇|Type II: 均衡/正常发育簇,0.04027571156620979,cosine,1495.6578369140625,142.30572509765625,1.1504632234573364,607.3035888671875,8,0.010951623080542216,0.6584713909264016,0,-1,4.879288569318782e-14,3.058175934711471e-11
411,4,4684.364|4708.803|4749.1836|4769.7427,0.014701301|0.014493182|0.011296319|0.014513467,0.0011209472|0.0010741727|0.001110051|0.0009483034,196610.83|196610.83|196610.83|196610.83,0.2623255|0.25242013|0.25846753|0.22678687,0.005566226|0.0053560454|0.005484364|0.0048121396,Type V: 沟通天然断层/强微裂缝簇|Type V: 沟通天然断层/强微裂缝簇|Type V: 沟通天然断层/强微裂缝簇|Type V: 沟通天然断层/强微裂缝簇,0.042941078543663025,linear,1455.00341796875,113.82695007324219,1.3843235969543457,229.68031311035156,8,0.011365118163388577,0.6273631460087701,0,-1,4.226690883141898e-13,2.560796019679401e-11
412,1,4780.8975,0.0056132474,0.0004856859,200094.98,1.0,0.013434707,Type V: 沟通天然断层/强微裂缝簇,0.061243556439876556,linear,1404.4000244140625,142.81161499023438,0.8764870762825012,979.3939819335938,8,0.010771894083594781,0.692258623610502,0,-1,2.4920649514792968e-14,4.354205884737894e-11
413,1,4844.5127,0.012,0.0005,619625.7,1.0,0.018413683,Type V: 沟通天然断层/强微裂缝簇,0.0491078719496727,linear,1478.40625,67.85999298095703,1.2013180255889893,1700.746826171875,6,0.009699897993744159,0.6468600571650731,1,0,8.101921640090576e-14,3.501554601825774e-11
414,1,4744.9814,0.012,0.0005,622307.06,1.0,0.017068101,Type V: 沟通天然断层/强微裂缝簇,0.003941102419048548,linear,1403.9688720703125,196.98716735839844,1.1135315895080566,1599.670166015625,4,0.011211744109830366,0.7246893809332212,1,0,3.780837269781387e-14,9.276845958083868e-11
415,4,4792.795|4807.8794|4848.086|4895.052,0.021718785|0.01974477|0.012|0.017904606,1.8525705e-05|1.47008295e-05|0.0005|1.6163556e-05,528703.7|528703.7|528703.7|528703.7,0.035680503|0.028312523|0.9048836|0.031123359,0.00073986995|0.0005870877|0.018763643|0.00064537313,Type IV: 砂堵闭合/未起裂死簇|Type IV: 砂堵闭合/未起裂死簇|Type V: 沟通天然断层/强微裂缝簇|Type IV: 砂堵闭合/未起裂死簇,0.02835294045507908,linear,1408.9151611328125,63.13902282714844,1.352825403213501,1741.6402587890625,8,0.008292794604274312,0.7185593539044302,1,2,6.040084881905883e-14,5.161382432561368e-11
416,5,4661.3975|4683.335|4708.4053|4758.1387|4775.1875,0.010851211|0.013235412|0.011863034|0.013951895|0.01326173,2.1789234e-05|2.0860367e-05|0.0005|2.320635e-05|2.4049612e-05,64969.56|64969.56|64969.56|64969.56|64969.56,0.037199702|0.035608616|0.8465383|0.03960711|0.041046273,0.0004868754|0.00046605102|0.011079623|0.000518384|0.0005372199,Type IV: 砂堵闭合/未起裂死簇|Type IV: 砂堵闭合/未起裂死簇|Type V: 沟通天然断层/强微裂缝簇|Type IV: 砂堵闭合/未起裂死簇|Type III: 受抑/欠发育弱进液簇,0.07149352878332138,cosine,1430.5648193359375,84.1449966430664,0.8538777232170105,616.1610107421875,12,0.011638900116504652,0.6937460697773719,1,2,7.448832132703198e-14,2.1714186004828662e-11
417,3,4846.99|4862.32|4910.587,0.012|0.02266753|0.020154292,0.0007860045|7.651497e-05|0.000106215855,375058.1|375058.1|375058.1,0.7951822|0.08581465|0.119003125,0.017359065|0.0018733593|0.0025978736,Type V: 沟通天然断层/强微裂缝簇|Type III: 受抑/欠发育弱进液簇|Type III: 受抑/欠发育弱进液簇,0.06581605970859528,cosine,1407.7896728515625,193.07635498046875,1.4242196083068848,886.9876708984375,6,0.010549916917568163,0.7028489791569468,1,0,7.78747522738911e-14,1.0800249583553523e-11
418,3,4601.799|4641.2656|4662.9434,0.0072971326|0.008388964|0.0061543183,1.0243032e-05|0.0005|1.4442585e-05,1681338.2|1681338.2|1681338.2,0.023059582|0.9444342|0.032506168,0.00039475545|0.016167708|0.00055647094,Type IV: 砂堵闭合/未起裂死簇|Type V: 沟通天然断层/强微裂缝簇|Type IV: 砂堵闭合/未起裂死簇,0.016662243753671646,linear,1484.58837890625,198.04507446289062,1.1168478727340698,1738.30419921875,4,0.009345641500588378,0.6345339225358021,1,1,3.627743518455108e-14,2.2737367544323206e-13
419,3,4775.1846|4795.174|4813.2705,0.005895224|0.005705497|0.0059962873,0.00039825914|0.00029550015|0.0003731057,815714.25|815714.25|815714.25,0.36968502|0.2816002|0.34871477,0.005951943|0.0045337738|0.0056143207,Type I: 优势发育主进液簇|Type II: 均衡/正常发育簇|Type II: 均衡/正常发育簇,0.03490794450044632,cosine,1466.2332763671875,127.44831085205078,1.0503745079040527,430.0435791015625,4,0.010618574730065371,0.70566591007874,0,-1,3.3401429679839195e-14,1.1368683772161603e-13
420,5,4631.0728|4661.225|4671.6484|4717.5547|4749.3105,0.0075926078|0.006274659|0.007647897|0.0073282258|0.0071823667,8.2589635e-05|6.226391e-05|7.0726404e-05|7.658346e-05|7.882144e-05,73367.45|73367.45|73367.45|73367.45|73367.45,0.2226258|0.16784601|0.19064863|0.20642544|0.21245413,0.0042957086|0.003238697|0.0036786883|0.003983112|0.0040994394,Type II: 均衡/正常发育簇|Type II: 均衡/正常发育簇|Type II: 均衡/正常发育簇|Type II: 均衡/正常发育簇|Type II: 均衡/正常发育簇,0.09756606817245483,cosine,1438.935302734375,106.8958969116211,1.2588577270507812,2883.329833984375,16,0.009833614270128436,0.6859027950129544,0,-1,1.0662416181092885e-13,1.0459189070388675e-10
421,4,4804.346|4848.7056|4863.0127|4898.373,0.019283408|0.020181986|0.024183596|0.021195808,0.0002598342|0.00021359735|0.00022339761|0.00026292892,1363514.4|1363514.4|1363514.4|1363514.4,0.26936102|0.22442454|0.23406416|0.2721503,0.0058755786|0.0048953784|0.0051056473|0.0059364215,Type II: 均衡/正常发育簇|Type II: 均衡/正常发育簇|Type II: 均衡/正常发育簇|Type II: 均衡/正常发育簇,0.0334826223552227,linear,1410.5576171875,64.62390899658203,1.4230927228927612,715.2076416015625,6,0.008139854777295582,0.6192217254080273,0,-1,1.304242104534269e-14,9.890754881780595e-12
422,2,4517.196|4528.826,0.013830288|0.017060613,0.0003456088|0.00025667722,1030849.6|1030849.6,0.56765676|0.43234324,0.012879051|0.009809045,Type I: 优势发育主进液簇|Type I: 优势发育主进液簇,0.09213396161794662,linear,1402.5443115234375,79.26164245605469,1.4801827669143677,1732.5986328125,4,0.010860182926892958,0.6001069884148531,0,-1,4.0370684632707807e-14,1.7053025658242404e-11
423,5,4509.519|4539.493|4557.69|4602.798|4624.453,0.02592543|0.02135774|0.02465055|0.019500261|0.021470137,0.00012775908|0.00012261988|0.00010159834|0.00012405377|0.000115815434,1676533.4|1676533.4|1676533.4|1676533.4|1676533.4,0.2155331|0.20705387|0.17221493|0.20939437|0.19580376,0.0033009928|0.0031711294|0.0026375542|0.0032069753|0.0029988287,Type II: 均衡/正常发育簇|Type II: 均衡/正常发育簇|Type II: 均衡/正常发育簇|Type II: 均衡/正常发育簇|Type II: 均衡/正常发育簇,0.09855964779853821,cosine,1494.130126953125,57.779258728027344,0.9991896152496338,786.7269287109375,4,0.00908022188133659,0.6731341091907285,0,-1,6.965860044816016e-14,1.1368683772161603e-13
424,2,4749.6104|4781.565,0.012|0.01790663,0.0005|3.797903e-05,2402240.8|2402240.8,0.91246635|0.08753367,0.020923913|0.0020072486,Type V: 沟通天然断层/强微裂缝簇|Type III: 受抑/欠发育弱进液簇,0.012509696185588837,cosine,1460.03515625,61.74620819091797,1.4960405826568604,2965.28955078125,4,0.008048292278549762,0.7157887827698659,1,0,5.5526496080130286e-14,1.4142642612569034e-10
425,3,4773.5723|4784.1924|4794.595,0.014401491|0.0107784085|0.015139677,2.1268943e-05|0.0005|2.6250545e-05,578467.2|578467.2|578467.2,0.041306835|0.9077175|0.050975617,0.0007814703|0.017172808|0.00096439075,Type III: 受抑/欠发育弱进液簇|Type V: 沟通天然断层/强微裂缝簇|Type III: 受抑/欠发育弱进液簇,0.06995118409395218,linear,1469.974853515625,124.92261505126953,1.2342634201049805,1544.4283447265625,6,0.009468371210506654,0.7026183013678511,1,1,5.978431725367495e-14,3.2741809263825417e-11
426,5,4704.9976|4739.3013|4787.6597|4830.941|4873.5107,0.007450259|0.0067940555|0.0077679004|0.006874515|0.007876353,3.860198e-05|3.8381055e-05|3.7621878e-05|3.8665537e-05|4.432374e-05,383729.62|383729.62|383729.62|383729.62|383729.62,0.1953684|0.19424742|0.19040458|0.19568232|0.22429727,0.0030976145|0.0030798411|0.003018912|0.0031025917|0.003556289,Type II: 均衡/正常发育簇|Type II: 均衡/正常发育簇|Type II: 均衡/正常发育簇|Type II: 均衡/正常发育簇|Type II: 均衡/正常发育簇,0.09924177080392838,cosine,1449.2767333984375,71.40507507324219,1.0344043970108032,6562.4658203125,6,0.010455464091123084,0.7074733240556249,0,-1,1.3785666198536974e-14,3.4287950256839395e-10
427,2,4805.352|4823.46,0.012|0.014951129,0.0005|2.8827979e-05,297913.84|297913.84,0.9436125|0.056387495,0.011941997|0.0007136185,Type V: 沟通天然断层/强微裂缝簇|Type III: 受抑/欠发育弱进液簇,0.003073327010497451,cosine,1484.6597900390625,165.8511505126953,0.8256587982177734,810.358154296875,12,0.008068598865259378,0.6741208848457568,1,0,1.2267893948966768e-13,2.5920599000528455e-11
428,6,4657.138|4679.6113|4729.4688|4748.0513|4763.2197|4810.2476,0.02442998|0.025843881|0.028436491|0.027461192|0.023917368|0.019102646,1.7863264e-05|1.3702743e-05|1.9100431e-05|1.70254e-05|1.6466971e-05|1.6227985e-05,44201.87|44201.87|44201.87|44201.87|44201.87|44201.87,0.1779454|0.13650022|0.19026776|0.1695976|0.16403484|0.16165417,0.0024911931|0.0019109707|0.0026637032|0.0023743259|0.0022964487|0.00226312,Type II: 均衡/正常发育簇|Type III: 受抑/欠发育弱进液簇|Type II: 均衡/正常发育簇|Type II: 均衡/正常发育簇|Type II: 均衡/正常发育簇|Type II: 均衡/正常发育簇,0.041383448988199234,linear,1456.144287109375,100.01561737060547,0.9133514761924744,19586.4140625,16,0.010880486111378415,0.7218113565360885,0,-1,6.269893052012268e-14,7.057678885757923e-10
429,6,4791.112|4826.0625|4862.4106|4885.6963|4914.5474|4950.0,0.008509477|0.0066864183|0.006432296|0.006149536|0.006656518|0.008530597,0.0005|9.642858e-06|9.719789e-06|1.005948e-05|9.350417e-06|9.874903e-06,296630.94|296630.94|296630.94|296630.94|296630.94|296630.94,0.90840036|0.01815684|0.018301666|0.01894125|0.017606169|0.018593708,0.02051675|0.00041008275|0.00041335373|0.00042779912|0.00039764552|0.00041994968,Type V: 沟通天然断层/强微裂缝簇|Type IV: 砂堵闭合/未起裂死簇|Type IV: 砂堵闭合/未起裂死簇|Type IV: 砂堵闭合/未起裂死簇|Type IV: 砂堵闭合/未起裂死簇|Type IV: 砂堵闭合/未起裂死簇,0.06544148176908493,linear,1475.7403564453125,154.99893188476562,1.4734946489334106,2062.067138671875,8,0.009865752236305595,0.6778006821603285,1,0,6.590013230207623e-14,4.229150363244116e-11
430,3,4551.8945|4577.22|4622.4014,0.024082914|0.02576457|0.022248397,7.8676756e-05|9.544182e-05|7.283748e-05,881667.3|881667.3|881667.3,0.3187104|0.38612452|0.29516506,0.0055618687|0.0067383237|0.005150975,Type II: 均衡/正常发育簇|Type I: 优势发育主进液簇|Type II: 均衡/正常发育簇,0.005153997335582972,cosine,1491.224365234375,99.69813537597656,1.138522982597351,5180.6728515625,4,0.011090542553694098,0.622218154669142,0,-1,9.085565416330765e-14,3.67435859516263e-10
431,6,4749.069|4792.0845|4814.947|4830.4575|4861.1997|4908.0327,0.011904326|0.01289006|0.010410372|0.010410312|0.012414186|0.012209133,3.8526367e-05|3.1804506e-05|3.658531e-05|3.870663e-05|3.606461e-05|3.3397482e-05,883244.4|883244.4|883244.4|883244.4|883244.4|883244.4,0.17911334|0.14788932|0.17009361|0.17994274|0.16767436|0.15528663,0.0022126439|0.0018269236|0.0021012204|0.0022228898|0.0020713345|0.001918305,Type II: 均衡/正常发育簇|Type III: 受抑/欠发育弱进液簇|Type II: 均衡/正常发育簇|Type II: 均衡/正常发育簇|Type II: 均衡/正常发育簇|Type II: 均衡/正常发育簇,0.08151750266551971,linear,1462.7218017578125,147.3513641357422,0.8059366345405579,3479.859130859375,4,0.010837763031085197,0.6509998511303924,0,-1,6.796605243669304e-14,2.6830093702301383e-10
432,1,4595.225,0.0055361018,0.0009835861,345333.7,1.0,0.016286839,Type V: 沟通天然断层/强微裂缝簇,0.03683597594499588,linear,1480.0711669921875,129.19898986816406,1.0625616312026978,544.5564575195312,8,0.009112832610840836,0.7362823281383983,0,-1,5.240328909195992e-14,1.8758328224066645e-11
433,6,4655.6997|4698.7554|4744.467|4760.334|4790.483|4813.199,0.015554507|0.01581881|0.015405262|0.015108125|0.011863471|0.012093001,0.00056239835|0.00061065215|0.00077351334|0.00059572497|0.00055047526|0.0006945692,173960.53|173960.53|173960.53|173960.53|173960.53|173960.53,0.15152636|0.16238615|0.20083366|0.1575608|0.14608431|0.18160874,0.003300783|0.0035373478|0.004374871|0.0034322343|0.0031822356|0.003956084,Type V: 沟通天然断层/强微裂缝簇|Type V: 沟通天然断层/强微裂缝簇|Type V: 沟通天然断层/强微裂缝簇|Type V: 沟通天然断层/强微裂缝簇|Type V: 沟通天然断层/强微裂缝簇|Type V: 沟通天然断层/强微裂缝簇,0.03776664659380913,cosine,1467.955322265625,70.48411560058594,1.4211701154708862,195.90354919433594,16,0.008338794975242215,0.6194534456113068,0,-1,4.830631337646163e-13,2.7341684472048655e-11
434,2,4775.7793|4799.708,0.008510279|0.010887229,0.0015|0.000821414,812342.9|812342.9,0.5747297|0.42527035,0.008399891|0.0062154867,Type V: 沟通天然断层/强微裂缝簇|Type V: 沟通天然断层/强微裂缝簇,0.03213028609752655,linear,1414.7435302734375,55.11018371582031,0.953514575958252,185.41957092285156,6,0.00925827065830893,0.6201259927620597,1,0,1.4587205683820603e-13,2.1231016944511794e-11
435,3,4616.623|4626.6235|4639.0015,0.010193499|0.010486623|0.01048057,0.00024496845|0.00024650618|0.00018766073,165910.64|165910.64|165910.64,0.36052066|0.36274737|0.27673197,0.0075266124|0.0075731|0.0057773506,Type I: 优势发育主进液簇|Type I: 优势发育主进液簇|Type II: 均衡/正常发育簇,0.09991700947284698,linear,1423.6253662109375,114.39854431152344,1.3620301485061646,1149.0487060546875,12,0.009085748071031734,0.7123950028467266,0,-1,1.1283936431722916e-13,1.0982148523908108e-10
436,3,4648.3164|4672.761|4703.865,0.032900706|0.012|0.034099728,2.6630802e-05|0.0005|2.6297063e-05,544969.1|544969.1|544969.1,0.05101437|0.89861643|0.050369196,0.001042982|0.018372092|0.0010297914,Type III: 受抑/欠发育弱进液簇|Type V: 沟通天然断层/强微裂缝簇|Type III: 受抑/欠发育弱进液簇,0.03885876014828682,linear,1429.2183837890625,178.68063354492188,1.3338333368301392,1791.6103515625,8,0.008251990088276573,0.7147716056236779,1,1,3.767289147196644e-14,9.026734915096313e-11
437,5,4735.313|4753.294|4770.6997|4816.313|4861.982,0.010466083|0.008921348|0.010130056|0.009211523|0.011352342,0.0007964392|0.00057682785|0.00076663704|0.0007228693|0.0006282537,765796.44|765796.44|765796.44|765796.44|765796.44,0.22088641|0.17373104|0.21454597|0.20560627|0.1852303,0.0038912601|0.0030605444|0.0037795631|0.0036220765|0.003263122,Type V: 沟通天然断层/强微裂缝簇|Type V: 沟通天然断层/强微裂缝簇|Type V: 沟通天然断层/强微裂缝簇|Type V: 沟通天然断层/强微裂缝簇|Type V: 沟通天然断层/强微裂缝簇,0.09946618974208832,cosine,1417.7354736328125,192.1999053955078,1.1493136882781982,287.2656555175781,8,0.008140583189973221,0.6195878958626801,0,-1,9.79984864958594e-13,2.2168933355715126e-11
438,1,4723.713,0.022134254,0.00029738073,255374.77,1.0,0.018817639,Type I: 优势发育主进液簇,0.007979840971529484,linear,1487.1292724609375,188.15614318847656,1.2276723384857178,4350.390625,8,0.010804760254105154,0.6090477940924252,0,-1,1.176293762915337e-13,5.247784429229796e-10
439,1,4757.2046,0.0050799684,0.0005,418551.75,1.0,0.013582215,Type V: 沟通天然断层/强微裂缝簇,0.0024930278304964304,cosine,1434.323486328125,82.01849365234375,0.8861105442047119,933.0458374023438,6,0.0106489785138351,0.6530085855947254,1,0,9.630104602208894e-14,0.0
440,5,4592.592|4642.5537|4681.047|4724.9907|4748.846,0.027176466|0.021529451|0.021472337|0.021644982|0.022952117,9.8543234e-05|0.00010066663|7.814157e-05|8.5558364e-05|0.000112689195,634206.94|634206.94|634206.94|634206.94|634206.94,0.20721744|0.21162397|0.1644703|0.18000548|0.23668282,0.0047071036|0.0048072017|0.0037360694|0.004088963|0.0053764326,Type II: 均衡/正常发育簇|Type II: 均衡/正常发育簇|Type II: 均衡/正常发育簇|Type II: 均衡/正常发育簇|Type II: 均衡/正常发育簇,0.07731814682483673,linear,1472.3846435546875,188.1337127685547,1.4819883108139038,2579.322021484375,8,0.008530476238607806,0.620024105337211,0,-1,1.4754004767046636e-13,1.9053914002142847e-10
441,5,4671.665|4715.4727|4747.697|4758.0015|4775.5513,0.0059964983|0.007195489|0.0052386853|0.0062079746|0.006605443,6.603146e-05|7.233031e-05|7.176001e-05|6.898306e-05|6.233892e-05,265383.56|265383.56|265383.56|265383.56|265383.56,0.19341171|0.211823|0.21014932|0.20202672|0.18258923,0.0043042805|0.0047140145|0.0046767676|0.004496003|0.0040634316,Type II: 均衡/正常发育簇|Type II: 均衡/正常发育簇|Type II: 均衡/正常发育簇|Type II: 均衡/正常发育簇|Type II: 均衡/正常发育簇,0.0928671732544899,linear,1493.42041015625,120.99423217773438,1.4518946409225464,4468.2841796875,8,0.01043593403496409,0.6404289786897008,0,-1,1.8551944309659445e-14,2.937667886726558e-10
442,4,4598.7085|4623.084|4666.2227|4686.783,0.02848793|0.023590265|0.025887838|0.03175976,4.6177774e-05|6.207428e-05|5.5535656e-05|4.9691585e-05,760571.9|760571.9|760571.9|760571.9,0.21638158|0.29067624|0.26013097|0.23281121,0.0039538825|0.0053114486|0.0047533032|0.0042540967,Type II: 均衡/正常发育簇|Type II: 均衡/正常发育簇|Type II: 均衡/正常发育簇|Type II: 均衡/正常发育簇,0.0578107088804245,linear,1494.5775146484375,137.4671173095703,1.1921221017837524,7542.8857421875,8,0.008198785669393622,0.6129166806758728,0,-1,3.4176635927232225e-15,3.4924596548080444e-10
443,5,4502.668|4517.123|4536.903|4575.94|4616.9727,0.019519141|0.012|0.019094089|0.024974667|0.020049436,1.9206802e-05|0.0005|1.5390166e-05|1.656217e-05|1.8486477e-05,424078.03|424078.03|424078.03|424078.03|424078.03,0.035237115|0.87223315|0.028233515|0.030383296|0.033912934,0.0006458876|0.015987817|0.0005175133|0.00055691827|0.00062161573,Type IV: 砂堵闭合/未起裂死簇|Type V: 沟通天然断层/强微裂缝簇|Type IV: 砂堵闭合/未起裂死簇|Type IV: 砂堵闭合/未起裂死簇|Type IV: 砂堵闭合/未起裂死簇,0.058867473155260086,linear,1448.544677734375,182.32044982910156,1.1958422660827637,1374.6375732421875,6,0.010940009408131265,0.6146828332021543,1,1,1.2378881014858678e-13,7.275957614183426e-12
444,4,4817.0625|4851.7256|4881.1533|4895.6113,0.015708312|0.012|0.016864464|0.021335356,1.6794327e-05|0.0005|1.7512073e-05|1.8656468e-05,345054.34|345054.34|345054.34|345054.34,0.03153107|0.9005761|0.032872457|0.03502038,0.0006521326|0.018625915|0.00067987543|0.00072429935,Type IV: 砂堵闭合/未起裂死簇|Type V: 沟通天然断层/强微裂缝簇|Type IV: 砂堵闭合/未起裂死簇|Type IV: 砂堵闭合/未起裂死簇,0.08541804552078247,linear,1413.24853515625,131.2065887451172,1.3493186235427856,1722.375732421875,8,0.00972080357020624,0.6473252581261935,1,1,1.5063968681391232e-13,1.5779733075760305e-10
445,3,4766.9155|4792.758|4827.7954,0.008958702|0.009479169|0.008173581,0.00011449461|0.0007273337|0.00011471502,209436.92|209436.92|209436.92,0.124451585|0.7509008|0.124647625,0.0028256204|0.017048884|0.0028300714,Type III: 受抑/欠发育弱进液簇|Type V: 沟通天然断层/强微裂缝簇|Type III: 受抑/欠发育弱进液簇,0.010612454265356064,linear,1417.0517578125,183.52088928222656,1.4812579154968262,893.2598266601562,12,0.009027262216156453,0.6423039976974381,1,1,9.718605992669813e-14,3.6493474908638746e-11
446,5,4730.4653|4763.3955|4804.0894|4847.488|4873.3945,0.0049516885|0.0067033214|0.006301228|0.0050969664|0.004797669,0.000413989|0.0002932867|0.00037819156|0.000376682|0.000295811,579943.4|579943.4|579943.4|579943.4|579943.4,0.23328792|0.16892543|0.21428937|0.21341388|0.17008339,0.0030278657|0.002192499|0.002781282|0.0027699189|0.0022075283,Type II: 均衡/正常发育簇|Type II: 均衡/正常发育簇|Type II: 均衡/正常发育簇|Type II: 均衡/正常发育簇|Type II: 均衡/正常发育簇,0.02478356659412384,linear,1451.561279296875,175.95164489746094,0.8467626571655273,267.4179992675781,8,0.008111438199366444,0.7171039422126056,0,-1,5.733808610200453e-14,6.991740519879386e-12
447,3,4606.072|4655.8115|4691.266,0.0060255076|0.005654005|0.005694304,0.0005|1.0625501e-05|9.876902e-06,850505.0|850505.0|850505.0,0.9567985|0.022389391|0.020812124,0.016352618|0.0003826565|0.00035569948,Type V: 沟通天然断层/强微裂缝簇|Type IV: 砂堵闭合/未起裂死簇|Type IV: 砂堵闭合/未起裂死簇,0.035576216876506805,cosine,1499.227783203125,187.1897430419922,1.1150237321853638,1538.8690185546875,6,0.008595705151723554,0.7030851391338727,1,0,1.948788352912345e-14,1.36196831590496e-10
448,5,4774.434|4820.3486|4859.587|4899.9995|4944.979,0.007833215|0.007389469|0.00585859|0.006898951|0.006145749,0.00015458341|0.00011555034|0.00086186046|0.00012466157|0.00014034119,132999.06|132999.06|132999.06|132999.06|132999.06,0.11398733|0.08514839|0.6058414|0.09175635|0.103266515,0.001925918|0.0014386583|0.010236234|0.0015503059|0.0017447803,Type III: 受抑/欠发育弱进液簇|Type III: 受抑/欠发育弱进液簇|Type V: 沟通天然断层/强微裂缝簇|Type III: 受抑/欠发育弱进液簇|Type III: 受抑/欠发育弱进液簇,0.031849347054958344,linear,1450.4671630859375,190.2794189453125,1.1022968292236328,401.3353271484375,12,0.00948606314594288,0.7299330963682821,1,2,2.895330391996902e-14,5.684341886080802e-14
449,3,4823.278|4871.66|4912.7656,0.008378039|0.008718375|0.006706493,0.0003545276|0.00031768018|0.00040543138,147034.9|147034.9|147034.9,0.32928595|0.29544017|0.3752739,0.0055948803|0.0050198087|0.0063762595,Type II: 均衡/正常发育簇|Type II: 均衡/正常发育簇|Type I: 优势发育主进液簇,0.05495060607790947,cosine,1422.1561279296875,74.75730895996094,1.1084980964660645,384.9490661621094,8,0.01127600929821052,0.7369695814315148,0,-1,1.5784183855782619e-13,3.399236447876319e-11
450,4,4837.0854|4853.68|4875.602|4925.1997,0.009028699|0.0077478024|0.008204782|0.009053197,0.00045432625|0.00036270125|0.0015|0.00041413153,777550.44|777550.44|777550.44|777550.44,0.20490548|0.16768475|0.43876362|0.18864615,0.0039074225|0.0031976458|0.0083669545|0.0035973669,Type V: 沟通天然断层/强微裂缝簇|Type II: 均衡/正常发育簇|Type V: 沟通天然断层/强微裂缝簇|Type II: 均衡/正常发育簇,0.05738038197159767,cosine,1459.275390625,144.62852478027344,1.2440965175628662,301.63970947265625,4,0.010487119806718095,0.7410096673714891,1,2,1.9321817637616562e-13,2.944489096989855e-11
451,2,4622.72|4652.6377,0.012|0.023360776,0.0005|1.7295535e-05,716818.3|716818.3,0.9638008|0.03619922,0.020260077|0.0007609445,Type V: 沟通天然断层/强微裂缝簇|Type IV: 砂堵闭合/未起裂死簇,0.06380005180835724,linear,1462.4305419921875,177.5596160888672,1.3714220523834229,2196.123046875,6,0.009618689951686748,0.6116077463427145,1,0,6.436815124422242e-15,5.3660187404602766e-11
452,2,4740.654|4770.0703,0.010363883|0.0121783875,0.0005|2.7719963e-05,156607.55|156607.55,0.9465113|0.053488646,0.019224435|0.001086399,Type V: 沟通天然断层/强微裂缝簇|Type III: 受抑/欠发育弱进液簇,0.08066326379776001,cosine,1427.5164794921875,134.53236389160156,1.3250889778137207,1749.724365234375,12,0.009204142869405183,0.7145067282923321,1,0,5.397834685737929e-14,8.162714948412031e-11
453,6,4780.4224|4815.2993|4835.6743|4855.666|4905.24|4950.0,0.012|0.025741965|0.021900743|0.022274567|0.029997056|0.021443836,0.00095906405|0.00010672313|9.199755e-05|8.2912586e-05|0.00010311024|8.086766e-05,2166931.5|2166931.5|2166931.5|2166931.5|2166931.5|2166931.5,0.54595053|0.10381654|0.08976547|0.081035465|0.10037036|0.07906164,0.011016237|0.002094819|0.0018112952|0.0016351404|0.0020252815|0.0015953125,Type V: 沟通天然断层/强微裂缝簇|Type III: 受抑/欠发育弱进液簇|Type III: 受抑/欠发育弱进液簇|Type III: 受抑/欠发育弱进液簇|Type III: 受抑/欠发育弱进液簇|Type III: 受抑/欠发育弱进液簇,0.006555368658155203,linear,1409.7034912109375,160.23403930664062,1.3164284229278564,633.7833862304688,4,0.008685310241711134,0.6471535905403814,1,0,1.2723658830368374e-14,1.1368683772161603e-13
454,1,4596.1606,0.024759615,0.00014323661,213443.92,1.0,0.012920608,Type I: 优势发育主进液簇,0.07192468643188477,cosine,1412.8465576171875,178.4293212890625,0.8429469466209412,8382.390625,8,0.011147752752155713,0.6258266809089144,0,-1,6.686158245984564e-14,5.693436833098531e-10
455,4,4810.6895|4829.8525|4877.28|4902.8345,0.009423193|0.008231734|0.0074488334|0.009742721,0.0005|1.4512993e-05|1.45833055e-05|1.4105173e-05,572137.25|572137.25|572137.25|572137.25,0.9154406|0.028406665|0.02854424|0.027608484,0.014187567|0.0004402486|0.00044238075|0.00042787835,Type V: 沟通天然断层/强微裂缝簇|Type IV: 砂堵闭合/未起裂死簇|Type IV: 砂堵闭合/未起裂死簇|Type IV: 砂堵闭合/未起裂死簇,0.012403232045471668,linear,1493.2611083984375,71.54749298095703,1.0111021995544434,1038.9105224609375,8,0.008271294159434122,0.694342229232654,1,0,6.021917041626815e-14,1.4551915228366852e-10
456,2,4633.9014|4653.6704,0.0057034465|0.0058986605,5.47528e-05|6.678976e-05,63455.316|63455.316,0.4504945|0.54950553,0.006560636|0.008002552,Type I: 优势发育主进液簇|Type I: 优势发育主进液簇,0.03175956383347511,cosine,1461.191650390625,147.75234985351562,0.9501097798347473,14548.099609375,16,0.009959159229720996,0.7190536125410496,0,-1,1.0005828766446526e-13,3.965396899729967e-10
457,2,4685.9365|4712.757,0.008771673|0.008437784,6.630199e-05|5.2997188e-05,272333.38|272333.38,0.5557094|0.4442906,0.0104313195|0.008339858,Type I: 优势发育主进液簇|Type I: 优势发育主进液簇,0.07140093296766281,linear,1495.9320068359375,86.46649932861328,1.2246410846710205,24935.8046875,6,0.011591770837013111,0.683218098793986,0,-1,5.544852373272021e-16,2.1573214326053858e-09
458,5,4642.7036|4674.537|4695.241|4706.571|4718.634,0.021754684|0.022913564|0.02597178|0.025290288|0.028162464,0.00031685617|0.00033681854|0.00025103|0.00026258273|0.00023677113,192075.45|192075.45|192075.45|192075.45|192075.45,0.2254743|0.23920596|0.17908926|0.18721464|0.16901585,0.0051191053|0.0054308646|0.0040659923|0.0042504687|0.0038372884,Type II: 均衡/正常发育簇|Type II: 均衡/正常发育簇|Type II: 均衡/正常发育簇|Type II: 均衡/正常发育簇|Type II: 均衡/正常发育簇,0.02503608912229538,linear,1444.638916015625,135.7460174560547,1.4812021255493164,498.2128601074219,12,0.0087754856459635,0.7097430002408229,0,-1,5.0275816767132026e-14,6.0822458181064576e-12
459,2,4710.2817|4750.975,0.0053266897|0.0050232364,0.0003370932|0.00024370817,600807.5|600807.5,0.57662815|0.42337185,0.012400013|0.009104337,Type I: 优势发育主进液簇|Type I: 优势发育主进液簇,0.00626772316172719,cosine,1498.794677734375,148.20828247070312,1.4029546976089478,1681.609375,6,0.009512486741076425,0.6830516948877703,0,-1,3.678483163687893e-14,8.412825991399586e-12
460,6,4628.905|4650.5703|4670.247|4715.0493|4743.6035|4780.9453,0.008019976|0.0057272282|0.0071525434|0.007791592|0.007707564|0.008037409,1.4858093e-05|1.5211479e-05|1.2672691e-05|1.3901261e-05|0.0005|1.393073e-05,103975.375|103975.375|103975.375|103975.375|103975.375|103975.375,0.026350386|0.026973447|0.022469183|0.024641229|0.8748759|0.024689838,0.00040770546|0.00041734573|0.0003476537|0.0003812606|0.013536488|0.0003820127,Type IV: 砂堵闭合/未起裂死簇|Type IV: 砂堵闭合/未起裂死簇|Type IV: 砂堵闭合/未起裂死簇|Type IV: 砂堵闭合/未起裂死簇|Type V: 沟通天然断层/强微裂缝簇|Type IV: 砂堵闭合/未起裂死簇,0.02204485423862934,cosine,1466.104736328125,170.6977996826172,1.0094314813613892,968.7970581054688,16,0.009362051818026483,0.6356723292623732,1,4,8.902074363032961e-14,3.61524143954739e-11
461,6,4813.055|4843.7256|4869.8657|4885.3193|4922.768|4950.0,0.0074720453|0.006213985|0.007007305|0.0067546633|0.0072070416|0.006935647,2.1801323e-05|2.128629e-05|1.846455e-05|1.81371e-05|1.6017628e-05|0.0005,79538.83|79538.83|79538.83|79538.83|79538.83|79538.83,0.036926065|0.036046788|0.031263445|0.030706333|0.027112862|0.8379445,0.0008351701|0.0008152832|0.0007070966|0.0006944962|0.0006132214|0.018952094,Type IV: 砂堵闭合/未起裂死簇|Type IV: 砂堵闭合/未起裂死簇|Type IV: 砂堵闭合/未起裂死簇|Type IV: 砂堵闭合/未起裂死簇|Type IV: 砂堵闭合/未起裂死簇|Type V: 沟通天然断层/强微裂缝簇,0.0559411495923996,linear,1411.9576416015625,86.63720703125,1.4755680561065674,1653.4222412109375,16,0.009585598906874436,0.6932861613538597,1,5,6.289298238020685e-14,9.754330676514655e-11
462,5,4844.371|4861.0044|4885.5264|4913.245|4950.0,0.018215625|0.0203029|0.01949291|0.024466924|0.020017711,2.679483e-05|2.1351685e-05|1.8906416e-05|2.0319587e-05|1.9787278e-05,66175.46|66175.46|66175.46|66175.46|66175.46,0.25004438|0.19925123|0.17643256|0.1896196|0.18465222,0.004542704|0.003619915|0.0032053548|0.0034449315|0.0033546863,Type II: 均衡/正常发育簇|Type II: 均衡/正常发育簇|Type II: 均衡/正常发育簇|Type II: 均衡/正常发育簇|Type II: 均衡/正常发育簇,0.07227754592895508,cosine,1412.0316162109375,185.0638885498047,1.1852627992630005,28993.8828125,16,0.010410279893721418,0.6444174982093945,0,-1,1.4322674922700833e-14,0.0
463,2,4797.9756|4839.2173,0.0054293904|0.005506898,0.00013628646|0.0006687503,241256.22|241256.22,0.17634284|0.82365716,0.0039218133|0.018317895,Type II: 均衡/正常发育簇|Type V: 沟通天然断层/强微裂缝簇,0.059080202132463455,cosine,1448.9241943359375,132.36985778808594,1.4509297609329224,1059.816162109375,12,0.008237319627303405,0.7187341447331658,1,1,6.754902084731007e-14,1.3938006304670125e-10
464,5,4829.2837|4847.298|4858.713|4904.9473|4950.0,0.009585428|0.010332357|0.009123228|0.010163947|0.009826419,0.000677081|0.0008509042|0.00060453714|0.0008208481|0.0006234613,763254.3|763254.3|763254.3|763254.3|763254.3,0.1938622|0.22665565|0.1772953|0.22091673|0.18127011,0.0027616334|0.0032287873|0.0025256323|0.0031470344|0.0025822548,Type V: 沟通天然断层/强微裂缝簇|Type V: 沟通天然断层/强微裂缝簇|Type V: 沟通天然断层/强微裂缝簇|Type V: 沟通天然断层/强微裂缝簇|Type V: 沟通天然断层/强微裂缝簇,0.008835634216666222,cosine,1439.1524658203125,74.45980072021484,0.9293733239173889,136.9375,6,0.00894867053456614,0.684790460135658,0,-1,1.0393477528278239e-12,3.268496584496461e-12
465,2,4760.545|4798.887,0.0052787424|0.005685472,0.00015461231|0.00018619426,76286.62|76286.62,0.4537743|0.5462257,0.010221978|0.012304591,Type I: 优势发育主进液簇|Type I: 优势发育主进液簇,0.06457274407148361,cosine,1446.0750732421875,126.20571899414062,1.4696447849273682,4602.5126953125,16,0.009694274561588515,0.6921270409843283,0,-1,7.007717702563893e-14,3.0740920919924974e-10
466,6,4724.916|4744.0073|4754.7104|4789.475|4834.059|4846.6978,0.021463268|0.023275325|0.025717283|0.025590964|0.019491686|0.020930843,2.4811028e-05|2.231937e-05|2.7325255e-05|2.7521613e-05|2.2922062e-05|2.2115519e-05,1207576.0|1207576.0|1207576.0|1207576.0|1207576.0|1207576.0,0.16876696|0.15182835|0.18585275|0.18718638|0.15592435|0.15044121,0.0027893928|0.00250943|0.003071788|0.00309383|0.002577129|0.0024865037,Type II: 均衡/正常发育簇|Type II: 均衡/正常发育簇|Type II: 均衡/正常发育簇|Type II: 均衡/正常发育簇|Type II: 均衡/正常发育簇|Type II: 均衡/正常发育簇,0.062089309096336365,cosine,1464.9024658203125,156.4748992919922,1.078299880027771,12857.818359375,6,0.008052372390327777,0.6723639711207438,0,-1,1.0915442540723047e-13,1.0713847586885095e-09
467,6,4827.1797|4866.5986|4881.4043|4918.132|4935.2676|4950.0,0.009287138|0.009763046|0.010199556|0.008331534|0.007022018|0.008549211,1.2595405e-05|0.0005|1.486793e-05|1.2977522e-05|1.38293735e-05|1.5450929e-05,1059096.8|1059096.8|1059096.8|1059096.8|1059096.8|1059096.8,0.0244929|0.864447|0.028905071|0.025230547|0.02688636|0.030038146,0.0004339469|0.015315625|0.0005121184|0.00044701598|0.0004763524|0.0005321934,Type IV: 砂堵闭合/未起裂死簇|Type V: 沟通天然断层/强微裂缝簇|Type IV: 砂堵闭合/未起裂死簇|Type IV: 砂堵闭合/未起裂死簇|Type IV: 砂堵闭合/未起裂死簇|Type IV: 砂堵闭合/未起裂死簇,0.005178216379135847,linear,1445.14892578125,179.0215301513672,1.155882477760315,1427.655029296875,4,0.009750235137981554,0.7345183209419957,1,1,1.3120147329681586e-13,2.2964741219766438e-11
468,3,4662.364|4681.067|4715.579,0.010138792|0.010287067|0.009118765,0.00036180028|0.00029576456|0.00042655098,1296982.9|1296982.9|1296982.9,0.3350771|0.28071183|0.38421106,0.005281624|0.004424696|0.0060560936,Type II: 均衡/正常发育簇|Type II: 均衡/正常发育簇|Type I: 优势发育主进液簇,0.02117123268544674,linear,1474.6488037109375,62.137271881103516,1.0283478498458862,358.57000732421875,4,0.009760494420996997,0.6623535642320955,0,-1,1.298642318897994e-13,0.0
469,1,4717.82,0.005070547,0.0011064074,89375.75,1.0,0.016751328,Type V: 沟通天然断层/强微裂缝簇,0.0846090018749237,linear,1448.283447265625,181.7108154296875,1.0928651094436646,489.79180908203125,16,0.008986624736124302,0.7441107517626551,1,0,3.0238750956326776e-14,1.978150976356119e-11
470,1,4839.2046,0.012,0.0005,43021.88,1.0,0.0144126,Type V: 沟通天然断层/强微裂缝簇,0.06662824749946594,linear,1458.666259765625,72.87311553955078,0.9402852654457092,953.7425537109375,16,0.011439005238476848,0.6619412378430668,1,0,9.785397589879424e-14,8.401457307627425e-11
471,1,4527.335,0.009338381,0.0005,98263.84,1.0,0.018995445,Type V: 沟通天然断层/强微裂缝簇,0.044070951640605927,linear,1480.850830078125,198.23114013671875,1.2392723560333252,1743.1109619140625,12,0.010656154957933007,0.6729478974336501,1,0,3.068457150152103e-14,4.388311936054379e-11
472,6,4696.118|4742.0444|4764.0747|4797.9556|4819.4546|4855.4053,0.008429337|0.007730627|0.00783204|0.008441133|0.009761931|0.01037066,0.00012673554|0.00015231362|0.00012901088|0.00013814247|0.00013665535|0.00015083003,1574695.6|1574695.6|1574695.6|1574695.6|1574695.6|1574695.6,0.1525128|0.18221408|0.1550906|0.16573814|0.16399911|0.18044527,0.0026210507|0.0031314902|0.002665352|0.002848338|0.002818452|0.0031010918,Type II: 均衡/正常发育簇|Type II: 均衡/正常发育簇|Type II: 均衡/正常发育簇|Type II: 均衡/正常发育簇|Type II: 均衡/正常发育簇|Type II: 均衡/正常发育簇,0.015774955973029137,linear,1437.37744140625,131.0100555419922,1.121208667755127,625.8472290039062,4,0.009220152667971231,0.6736372537870311,0,-1,2.907057393745048e-14,1.3642420526593924e-12
473,6,4771.911|4810.5654|4826.5107|4875.6274|4917.0913|4950.0,0.02347188|0.02304669|0.021254677|0.020163624|0.02482402|0.026709583,1.8626319e-05|1.7491595e-05|1.5002081e-05|1.962715e-05|2.0514673e-05|1.9273008e-05,453190.22|453190.22|453190.22|453190.22|453190.22|453190.22,0.1685125|0.15824707|0.13572657|0.17756332|0.18559083|0.17435971,0.0023651016|0.0022210248|0.0019049457|0.0024921317|0.002604799|0.0024471686,Type II: 均衡/正常发育簇|Type II: 均衡/正常发育簇|Type III: 受抑/欠发育弱进液簇|Type II: 均衡/正常发育簇|Type II: 均衡/正常发育簇|Type II: 均衡/正常发育簇,0.08168894052505493,cosine,1406.8675537109375,174.7667694091797,0.915661633014679,16338.7060546875,6,0.010583488470462591,0.6353476493661667,0,-1,6.847346582967984e-14,1.1386873666197062e-09
474,2,4848.3906|4878.753,0.030377949|0.02222686,5.764001e-05|7.706874e-05,98483.74|98483.74,0.42791855|0.57208145,0.009572633|0.012797588,Type I: 优势发育主进液簇|Type I: 优势发育主进液簇,0.026585329324007034,cosine,1415.8726806640625,159.73770141601562,1.4594444036483765,27847.841796875,16,0.009301387639734784,0.6617026632253356,0,-1,5.4747551029308075e-14,8.185452315956354e-10
475,4,4855.8457|4867.249|4906.0913|4950.0,0.00869988|0.011073862|0.008837293|0.007969724,0.0003646727|0.0003072317|0.00030015685|0.000301915,195887.55|195887.55|195887.55|195887.55,0.28552356|0.24139918|0.23587029|0.23720695,0.005077288|0.0042926515|0.0041943346|0.004218104,Type II: 均衡/正常发育簇|Type II: 均衡/正常发育簇|Type II: 均衡/正常发育簇|Type II: 均衡/正常发育簇,0.040668074041604996,linear,1478.8370361328125,145.90008544921875,1.1601313352584839,407.06494140625,12,0.009435287172574079,0.6079469783292755,0,-1,2.2046966574422455e-13,1.318767317570746e-11
476,4,4712.8257|4723.8516|4765.388|4785.625,0.014072828|0.009927399|0.009608717|0.00976059,0.0008359659|0.0009709873|0.000784999|0.0010234283,72347.91|72347.91|72347.91|72347.91,0.23302104|0.26794314|0.21847586|0.28055996,0.0042154617|0.004847219|0.003952333|0.0050754636,Type V: 沟通天然断层/强微裂缝簇|Type V: 沟通天然断层/强微裂缝簇|Type V: 沟通天然断层/强微裂缝簇|Type V: 沟通天然断层/强微裂缝簇,0.06321479380130768,linear,1480.9609375,143.53536987304688,1.1802319288253784,232.75387573242188,12,0.011683449774610027,0.6524153892271612,0,-1,1.1698766413069384e-13,1.4438228390645236e-11
477,5,4809.029|4838.739|4865.6987|4901.808|4923.398,0.0057098283|0.006676067|0.0056695007|0.0050407373|0.004902009,6.58294e-05|5.6083452e-05|4.766481e-05|4.8016187e-05|5.032952e-05,1569444.4|1569444.4|1569444.4|1569444.4|1569444.4,0.24545664|0.20930594|0.17800654|0.1793128|0.1879181,0.0053108623|0.0045286817|0.0038514675|0.0038797306|0.00406592,Type II: 均衡/正常发育簇|Type II: 均衡/正常发育簇|Type II: 均衡/正常发育簇|Type II: 均衡/正常发育簇|Type II: 均衡/正常发育簇,0.046670101583004,linear,1410.4969482421875,179.81924438476562,1.4115867614746094,6823.5400390625,4,0.008888636222130805,0.7260347224511101,0,-1,8.931515873026805e-14,9.094947017729282e-13
478,5,4608.9106|4653.1963|4695.123|4738.946|4773.898,0.0071598357|0.0074688015|0.007823279|0.0089187|0.007675616,1.0715664e-05|1.3059519e-05|1.1694458e-05|1.3225368e-05|0.0005,85101.54|85101.54|85101.54|85101.54|85101.54,0.019734092|0.024044389|0.021526102|0.024338556|0.9103569,0.00026822678|0.00032681253|0.00029258386|0.0003308109|0.012373616,Type IV: 砂堵闭合/未起裂死簇|Type IV: 砂堵闭合/未起裂死簇|Type IV: 砂堵闭合/未起裂死簇|Type IV: 砂堵闭合/未起裂死簇|Type V: 沟通天然断层/强微裂缝簇,0.08700419962406158,linear,1414.9378662109375,50.678611755371094,0.8867522478103638,712.089599609375,12,0.010490688631844587,0.7461096589820295,1,4,2.948202188564515e-14,2.7625901566352695e-11
479,3,4815.8345|4838.6406|4875.483,0.010806318|0.012670766|0.013674483,4.381862e-05|4.8863818e-05|5.130712e-05,293055.62|293055.62|293055.62,0.30433768|0.33935368|0.35630864,0.0054103984|0.0060328995|0.006334318,Type II: 均衡/正常发育簇|Type II: 均衡/正常发育簇|Type I: 优势发育主进液簇,0.01077225897461176,cosine,1465.5716552734375,193.58074951171875,1.159820556640625,15509.3447265625,12,0.008514240586797634,0.6103971611651343,0,-1,4.4691220125667175e-14,0.0
480,2,4739.727|4778.841,0.012|0.011002023,0.0005|4.81994e-05,2240478.5|2240478.5,0.89278203|0.107218,0.011680491|0.0014027599,Type V: 沟通天然断层/强微裂缝簇|Type III: 受抑/欠发育弱进液簇,0.06479039043188095,cosine,1419.7294921875,191.34014892578125,0.8535578846931458,1075.99658203125,4,0.008729567484334977,0.6300061347242896,1,0,2.0419039722940902e-13,1.0300027497578412e-10
481,2,4719.5054|4755.7217,0.00978362|0.011204269,7.994498e-05|0.00010627266,88839.8|88839.8,0.42936474|0.57063526,0.008499466|0.011295978,Type I: 优势发育主进液簇|Type I: 优势发育主进液簇,0.024223022162914276,cosine,1445.47802734375,61.45941925048828,1.2914648056030273,11445.828125,12,0.011250889208278148,0.6348949885351605,0,-1,6.625013986840886e-14,1.014996087178588e-09
482,6,4792.078|4822.3604|4846.934|4873.107|4901.1797|4945.8926,0.016548159|0.019535942|0.016575929|0.016555296|0.017359234|0.020559639,0.0007443487|0.0008714733|0.0009010495|0.00074248924|0.00093376404|0.0008303128,66120.914|66120.914|66120.914|66120.914|66120.914|66120.914,0.1512002|0.17399414|0.17864017|0.14795725|0.18387446|0.16433378,0.0032235598|0.0037095223|0.0038085748|0.0031544205|0.003920169|0.003503565,Type V: 沟通天然断层/强微裂缝簇|Type V: 沟通天然断层/强微裂缝簇|Type V: 沟通天然断层/强微裂缝簇|Type V: 沟通天然断层/强微裂缝簇|Type V: 沟通天然断层/强微裂缝簇|Type V: 沟通天然断层/强微裂缝簇,0.0434010811150074,cosine,1416.265625,196.7486114501953,1.3909152746200562,304.0696716308594,16,0.009919674230075037,0.7100295051908814,0,-1,2.7778604069772506e-13,1.0516032489249483e-11
483,3,4838.0205|4880.5376|4906.131,0.0052402657|0.00623507|0.0060921963,0.000120825585|0.00010355527|0.00013202174,115690.266|115690.266|115690.266,0.3390249|0.290617|0.3703581,0.0069997716|0.006000304|0.007646701,Type II: 均衡/正常发育簇|Type II: 均衡/正常发育簇|Type I: 优势发育主进液簇,0.062225181609392166,cosine,1478.379638671875,115.6444091796875,1.34700608253479,3560.798828125,12,0.010390970449697222,0.6522569831056579,0,-1,5.4612412004771335e-14,2.2282620193436742e-10
484,2,4565.1553|4599.7188,0.022504093|0.019218784,0.00022556118|0.00027917672,774715.94|774715.94,0.44936994|0.5506301,0.005970001|0.0073152697,Type I: 优势发育主进液簇|Type I: 优势发育主进液簇,0.012286094948649406,cosine,1400.858154296875,132.3470001220703,0.8667377829551697,893.47509765625,4,0.01105835075709257,0.667649710543819,0,-1,6.502631956116153e-14,7.844391802791506e-12
485,2,4858.913|4870.791,0.010783852|0.013350756,0.00018229808|0.00013969399,171590.84|171590.84,0.56587046|0.43412954,0.007255239|0.0055661392,Type I: 优势发育主进液簇|Type I: 优势发育主进液簇,0.0816144272685051,linear,1483.0150146484375,130.55197143554688,0.8364731669425964,1756.279296875,12,0.008898145496980401,0.7303538336941524,0,-1,1.137867062942291e-13,1.6825651982799172e-10
486,3,4500.428|4535.297|4567.9883,0.008512134|0.008279902|0.009782932,0.0005|2.5462668e-05|2.871682e-05,106510.945|106510.945|106510.945,0.9010734|0.046492673|0.05243395,0.017537087|0.0009048609|0.0010204926,Type V: 沟通天然断层/强微裂缝簇|Type III: 受抑/欠发育弱进液簇|Type III: 受抑/欠发育弱进液簇,0.048604898154735565,linear,1433.8380126953125,108.51130676269531,1.2697395086288452,1440.420166015625,12,0.01066934673888251,0.6447726210843021,1,0,2.870045780895003e-14,7.73070496506989e-12
487,6,4741.0757|4764.7393|4800.699|4819.7554|4830.7744|4840.8374,0.0075691906|0.009542325|0.009767838|0.009742381|0.010264364|0.010054613,0.00022676242|0.00024192822|0.00017998375|0.00020814892|0.00019613687|0.00023531557,274279.72|274279.72|274279.72|274279.72|274279.72|274279.72,0.1760773|0.18757199|0.13997176|0.16160923|0.15237613|0.18239358,0.0028423795|0.0030279357|0.0022595352|0.0026088245|0.0024597764|0.0029443419,Type II: 均衡/正常发育簇|Type II: 均衡/正常发育簇|Type III: 受抑/欠发育弱进液簇|Type II: 均衡/正常发育簇|Type II: 均衡/正常发育簇|Type II: 均衡/正常发育簇,0.03197378292679787,cosine,1479.346923828125,132.84426879882812,1.053164005279541,342.4222412109375,6,0.011139230743838897,0.7372284974894685,0,-1,1.336816941865937e-13,1.864464138634503e-11
488,6,4673.0503|4690.0884|4726.855|4766.3345|4795.9106|4819.5254,0.0128944265|0.014664188|0.014308016|0.013477877|0.015213874|0.01319992,8.6740154e-05|8.5824104e-05|8.3790575e-05|7.053614e-05|9.51343e-05|9.413858e-05,484377.72|484377.72|484377.72|484377.72|484377.72|484377.72,0.1680755|0.16629678|0.16235507|0.13673279|0.18423037|0.18230948,0.002361356|0.002336366|0.0022809873|0.0019210104|0.0025883217|0.0025613345,Type II: 均衡/正常发育簇|Type II: 均衡/正常发育簇|Type II: 均衡/正常发育簇|Type III: 受抑/欠发育弱进液簇|Type II: 均衡/正常发育簇|Type II: 均衡/正常发育簇,0.012898522429168224,cosine,1451.4525146484375,96.42330169677734,0.9165883660316467,877.9280395507812,8,0.008976475067137314,0.640717947565769,0,-1,7.865251825485073e-14,2.7284841053187847e-12
489,2,4808.4536|4858.3735,0.024757242|0.012,2.2805823e-05|0.0005,213695.77|213695.77,0.044728484|0.95527154,0.00089610455|0.01913821,Type III: 受抑/欠发育弱进液簇|Type V: 沟通天然断层/强微裂缝簇,0.061350803822278976,linear,1427.156982421875,67.6009292602539,1.3070487976074219,1689.6964111328125,8,0.01115878035461886,0.6242221947407558,1,1,9.576590415854083e-14,7.275957614183426e-11
490,3,4605.913|4655.601|4699.4004,0.0060431|0.0075377217|0.0061675324,0.0005|3.1647312e-05|2.9720919e-05,167271.83|167271.83|167271.83,0.8886788|0.05740758|0.053913623,0.018108891|0.0011698126|0.001098615,Type V: 沟通天然断层/强微裂缝簇|Type III: 受抑/欠发育弱进液簇|Type III: 受抑/欠发育弱进液簇,0.029081745073199272,cosine,1437.9171142578125,176.96951293945312,1.3294265270233154,1620.80810546875,12,0.00949630822632064,0.6494688970000461,1,0,5.397249216564787e-14,0.0
491,5,4557.1445|4595.9688|4617.8027|4648.5337|4671.823,0.00996165|0.009613902|0.010594187|0.012384993|0.009584134,0.00020370564|0.00020080953|0.00021788079|0.00024372122|0.00023734449,239823.95|239823.95|239823.95|239823.95|239823.95,0.18491742|0.1821984|0.19747749|0.22055274|0.21485394,0.0027168777|0.002676929|0.0029014153|0.0032404456|0.0031567167,Type II: 均衡/正常发育簇|Type II: 均衡/正常发育簇|Type II: 均衡/正常发育簇|Type II: 均衡/正常发育簇|Type II: 均衡/正常发育簇,0.02787538804113865,cosine,1427.773681640625,194.67543029785156,0.9585385322570801,414.4642333984375,12,0.008677655562464342,0.6495734750560054,0,-1,7.273085671048729e-14,3.6266101233195513e-11
492,1,4633.463,0.0067454875,0.0006202997,425636.5,1.0,0.014180004,Type V: 沟通天然断层/强微裂缝簇,0.03411572799086571,linear,1446.2391357421875,83.87136840820312,0.9251105785369873,730.0933227539062,8,0.00915162712714933,0.6575890438087857,1,0,1.896206411019282e-14,3.0468072509393096e-11
493,2,4766.729|4813.5728,0.0045750914|0.004394697,0.00037788256|0.00032400957,683920.9|683920.9,0.5354367|0.46456328,0.011489226|0.009968447,Type I: 优势发育主进液簇|Type I: 优势发育主进液簇,0.052756235003471375,cosine,1426.504150390625,151.78619384765625,1.3999093770980835,1255.0087890625,6,0.009399635474218295,0.655668638097546,0,-1,1.8173724786359202e-13,1.532498572487384e-10
494,3,4619.622|4654.3096|4685.032,0.008831524|0.009079815|0.011223043,0.00024852616|0.00032044377|0.00027078812,44876.66|44876.66|44876.66,0.29613343|0.38138458|0.322482,0.00475491|0.006123758|0.0051779794,Type II: 均衡/正常发育簇|Type I: 优势发育主进液簇|Type II: 均衡/正常发育簇,0.061086174100637436,cosine,1488.7603759765625,172.98410034179688,1.0475437641143799,588.5009155273438,16,0.011093626639498356,0.6891016383097437,0,-1,5.250632895592751e-14,2.5579538487363607e-11
495,1,4885.874,0.012,0.0005,67447.6,1.0,0.012828662,Type V: 沟通天然断层/强微裂缝簇,0.031423214823007584,cosine,1476.8841552734375,100.47530364990234,0.8369483947753906,802.8466796875,16,0.01015090460654256,0.6713482701295312,1,0,5.990355916385762e-14,7.764811016386375e-11
496,6,4501.4272|4522.498|4550.48|4573.391|4584.2437|4620.494,0.026043428|0.024377175|0.030767636|0.025751019|0.027829738|0.030238653,0.00022677866|0.00023707443|0.00019444787|0.00025894947|0.00022861341|0.00023277209,169667.3|169667.3|169667.3|169667.3|169667.3|169667.3,0.16468172|0.17199194|0.14122154|0.18755725|0.16578329|0.16876426,0.0031032811|0.0032410359|0.002661195|0.0035343503|0.0031240392|0.003180213,Type II: 均衡/正常发育簇|Type II: 均衡/正常发育簇|Type III: 受抑/欠发育弱进液簇|Type II: 均衡/正常发育簇|Type II: 均衡/正常发育簇|Type II: 均衡/正常发育簇,0.0939655676484108,linear,1410.77978515625,176.8885498046875,1.229399561882019,430.4929504394531,12,0.009431420069867212,0.6537717169269224,0,-1,4.0504864815948255e-14,1.0118128557223827e-11
497,6,4770.378|4783.161|4825.32|4872.2334|4884.3643|4899.2144,0.007823684|0.007058064|0.008589166|0.007675081|0.006251687|0.0059196237,0.0005|1.3973516e-05|1.3443377e-05|1.7433578e-05|1.5242929e-05|1.6475635e-05,57708.31|57708.31|57708.31|57708.31|57708.31|57708.31,0.8663735|0.024386419|0.023461143|0.03042458|0.026601568|0.028752817,0.016242808|0.00045719763|0.00043985053|0.0005704013|0.0004987274|0.00053905905,Type V: 沟通天然断层/强微裂缝簇|Type IV: 砂堵闭合/未起裂死簇|Type IV: 砂堵闭合/未起裂死簇|Type IV: 砂堵闭合/未起裂死簇|Type IV: 砂堵闭合/未起裂死簇|Type IV: 砂堵闭合/未起裂死簇,0.0020401449874043465,linear,1409.8765869140625,173.8128204345703,1.223131775856018,1312.2340087890625,12,0.01175739273791577,0.7213368990277392,1,0,2.6278022184460237e-13,8.321876521222293e-11
498,5,4697.851|4747.649|4774.844|4824.4443|4839.4937,0.0050639003|0.0062899296|0.005728348|0.0045177815|0.0054489556,0.000108137676|0.00011170108|8.690122e-05|0.00010555441|9.035135e-05,212384.19|212384.19|212384.19|212384.19|212384.19,0.21514322|0.22217876|0.17293328|0.20996493|0.17977981,0.004720238|0.0048745982|0.003794153|0.004606627|0.003944366,Type II: 均衡/正常发育簇|Type II: 均衡/正常发育簇|Type II: 均衡/正常发育簇|Type II: 均衡/正常发育簇|Type II: 均衡/正常发育簇,0.019887207075953484,cosine,1492.15771484375,62.603057861328125,1.431375503540039,2063.843017578125,6,0.011786132988296324,0.7483514336731611,0,-1,9.962412568075701e-14,1.6189005691558123e-10
499,4,4661.168|4686.851|4716.672|4742.282,0.012|0.013728097|0.012245831|0.013034548,0.0005|1.7298325e-05|1.664777e-05|1.5068851e-05,101004.65|101004.65|101004.65|101004.65,0.9097043|0.031867076|0.030668627|0.027759997,0.014935324|0.0005231866|0.00050351076|0.0004557575,Type V: 沟通天然断层/强微裂缝簇|Type IV: 砂堵闭合/未起裂死簇|Type IV: 砂堵闭合/未起裂死簇|Type IV: 砂堵闭合/未起裂死簇,0.08770046383142471,linear,1423.281982421875,91.0490493774414,1.0711041688919067,1056.904052734375,12,0.010823943493700361,0.6433357149584568,1,0,4.057392849433558e-14,5.3660187404602766e-11
500,2,4560.5137|4573.3755,0.0066438685|0.008111154,0.0005|1.065035e-05,61581.133|61581.133,0.97898704|0.021012943,0.01560527|0.00033495095,Type V: 沟通天然断层/强微裂缝簇|Type IV: 砂堵闭合/未起裂死簇,0.011013665236532688,cosine,1417.384765625,143.6757049560547,1.0399479866027832,1179.916748046875,12,0.011875036091358948,0.684519240976487,1,0,1.5997542646053325e-13,1.3960743672214448e-10
501,4,4726.7354|4752.0386|4771.9995|4787.834,0.011182339|0.011155264|0.011788584|0.010676602,0.00026256798|0.00024189928|0.00023191517|0.00022196422,136938.0|136938.0|136938.0|136938.0,0.27384207|0.25239933|0.24203843|0.23172018,0.0037872917|0.0034907344|0.0033474409|0.0032047376,Type II: 均衡/正常发育簇|Type II: 均衡/正常发育簇|Type II: 均衡/正常发育簇|Type II: 均衡/正常发育簇,0.0626508817076683,linear,1440.9451904296875,169.46522521972656,0.9022895097732544,416.44342041015625,12,0.009415310531093743,0.7302105347624797,0,-1,1.4048167468715123e-13,9.947598300641403e-12
502,2,4890.3|4913.395,0.013622917|0.012,0.00059251045|0.0015,1208942.4|1208942.4,0.38970137|0.61029863,0.0053988043|0.008454892,Type V: 沟通天然断层/强微裂缝簇|Type V: 沟通天然断层/强微裂缝簇,0.029998313635587692,linear,1429.809814453125,54.152767181396484,0.903822124004364,210.78248596191406,6,0.008105114919416305,0.6632667454277434,1,1,1.0530781840078704e-13,6.707523425575346e-12
503,3,4845.2812|4883.658|4922.561,0.01144564|0.009950788|0.008645397,3.0117297e-05|3.376905e-05|0.0005,2233194.0|2233194.0|2233194.0,0.064809136|0.07263774|0.8625531,0.0009495047|0.0010641998|0.01263708,Type III: 受抑/欠发育弱进液簇|Type III: 受抑/欠发育弱进液簇|Type V: 沟通天然断层/强微裂缝簇,0.04528745636343956,cosine,1413.864501953125,118.32337188720703,0.9558245539665222,1156.7205810546875,4,0.008017348313955872,0.7481279953500861,1,2,2.285212898902808e-14,5.4569682106375694e-11
504,4,4589.7437|4635.855|4673.174|4693.013,0.008968831|0.00896288|0.010084236|0.010004152,1.2688139e-05|0.0005|1.593151e-05|1.367484e-05,60524.047|60524.047|60524.047|60524.047,0.023565367|0.9214616|0.029581588|0.025391458,0.00048248033|0.018866124|0.00060565723|0.000519868,Type IV: 砂堵闭合/未起裂死簇|Type V: 沟通天然断层/强微裂缝簇|Type IV: 砂堵闭合/未起裂死簇|Type IV: 砂堵闭合/未起裂死簇,0.0536557212471962,cosine,1418.4178466796875,125.69317626953125,1.335742473602295,1649.405029296875,16,0.011002429098344351,0.6032530011883358,1,1,2.6604462922508003e-14,1.4620127330999821e-10
505,1,4825.423,0.0049877996,0.00017972905,140339.31,1.0,0.020055523,Type I: 优势发育主进液簇,0.03484460711479187,cosine,1442.6734619140625,110.26377868652344,1.3084324598312378,12696.927734375,16,0.008284301399121367,0.6987779160163802,0,-1,3.702031018434741e-14,2.9103830456733704e-10
506,4,4824.82|4862.153|4903.398|4950.0,0.031959407|0.028953783|0.0251949|0.02725793,8.565646e-05|9.317819e-05|9.826941e-05|8.600941e-05,1156654.6|1156654.6|1156654.6|1156654.6,0.23604213|0.25655702|0.27041653|0.23698431,0.005298025|0.0057584876|0.0060695675|0.005319173,Type II: 均衡/正常发育簇|Type II: 均衡/正常发育簇|Type II: 均衡/正常发育簇|Type II: 均衡/正常发育簇,0.028130989521741867,cosine,1487.0150146484375,80.62577056884766,1.4643396139144897,4036.708251953125,4,0.009577323850279505,0.7284679250593584,0,-1,8.16149380608415e-14,2.455635694786906e-10
507,4,4690.6826|4710.1147|4721.2793|4757.302,0.011213069|0.010483855|0.013468919|0.010401955,5.0578998e-05|5.272645e-05|4.438903e-05|3.5777994e-05,60072.535|60072.535|60072.535|60072.535,0.27567515|0.28737563|0.24193965|0.19500957,0.0063317413|0.0066004796|0.0055569|0.004479004,Type II: 均衡/正常发育簇|Type II: 均衡/正常发育簇|Type II: 均衡/正常发育簇|Type II: 均衡/正常发育簇,0.04818388447165489,linear,1432.8414306640625,96.02576446533203,1.498452067375183,15869.4248046875,16,0.011004799687723235,0.6052549770182877,0,-1,1.208438930079016e-15,8.822098607197404e-10
508,5,4693.5522|4720.1064|4763.813|4799.5054|4826.7812,0.012123065|0.012773347|0.010357733|0.012232088|0.0114915585,0.0006189096|0.0005818092|0.0006736972|0.0006428943|0.000683099,552654.3|552654.3|552654.3|552654.3|552654.3,0.19562542|0.18524061|0.20834357|0.20040713|0.21038327,0.0028732037|0.002720679|0.0030599984|0.0029434338|0.003089956,Type V: 沟通天然断层/强微裂缝簇|Type V: 沟通天然断层/强微裂缝簇|Type V: 沟通天然断层/强微裂缝簇|Type V: 沟通天然断层/强微裂缝簇|Type V: 沟通天然断层/强微裂缝簇,0.06344114989042282,cosine,1428.435302734375,77.84107208251953,0.9582049250602722,145.25534057617188,4,0.01150921914070776,0.7297634865488805,0,-1,3.5350525675117983e-13,3.296918293926865e-12
509,3,4895.432|4914.5435|4940.6113,0.026223352|0.023175372|0.030972015,0.0001192268|0.00015947524|0.0001283441,96754.266|96754.266|96754.266,0.29298759|0.39166826|0.31534418,0.004010686|0.005361519|0.004316724,Type II: 均衡/正常发育簇|Type I: 优势发育主进液簇|Type II: 均衡/正常发育簇,0.07504912465810776,linear,1436.7548828125,78.77656555175781,0.8930726051330566,1249.442138671875,12,0.010230373607425193,0.7358026186460127,0,-1,1.424384021104716e-13,1.3233147910796106e-10
510,2,4768.6523|4788.5415,0.0048192427|0.005647266,4.8550595e-05|6.4239335e-05,854751.2|854751.2,0.43063682|0.5693632,0.006264723|0.008282856,Type I: 优势发育主进液簇|Type I: 优势发育主进液簇,0.0848798006772995,linear,1494.4383544921875,92.36911010742188,0.9490913152694702,16817.11328125,4,0.01123476139187989,0.6158189787071501,0,-1,5.318319298407842e-14,0.0
511,5,4793.171|4829.3105|4862.054|4910.6973|4939.607,0.021204712|0.0178886|0.02363496|0.012|0.023148373,1.1574717e-05|1.0632367e-05|9.663742e-06|0.0005|1.1530073e-05,36495.05|36495.05|36495.05|36495.05|36495.05,0.021402799|0.019656356|0.017862333|0.91977197|0.02130656,0.00041079897|0.00037727828|0.00034284435|0.01765383|0.00040895178,Type IV: 砂堵闭合/未起裂死簇|Type IV: 砂堵闭合/未起裂死簇|Type IV: 砂堵闭合/未起裂死簇|Type V: 沟通天然断层/强微裂缝簇|Type IV: 砂堵闭合/未起裂死簇,0.09484200924634933,linear,1476.567626953125,71.86711120605469,1.2522069215774536,1402.9329833984375,16,0.011952940748206577,0.6582246118378625,1,3,2.0281230850554416e-13,1.5302248357329518e-10
512,5,4830.1255|4876.888|4905.111|4930.743|4950.0,0.0102290455|0.009585222|0.010117842|0.007104754|0.008003345,0.0005|4.0164447e-05|4.2980504e-05|3.5342448e-05|4.3297732e-05,610017.0|610017.0|610017.0|610017.0|610017.0,0.74229175|0.06397972|0.068460025|0.056304064|0.06896442,0.014964925|0.0012898591|0.0013801839|0.0011351145|0.0013903527,Type V: 沟通天然断层/强微裂缝簇|Type III: 受抑/欠发育弱进液簇|Type III: 受抑/欠发育弱进液簇|Type III: 受抑/欠发育弱进液簇|Type III: 受抑/欠发育弱进液簇,0.022514011710882187,cosine,1494.869384765625,170.3660430908203,1.3152769804000854,1282.0894775390625,6,0.009624379228975147,0.6622057439789255,1,0,1.674453896935782e-13,6.684786058031023e-11
513,2,4600.437|4630.8096,0.016822657|0.012,2.2158683e-05|0.0005,252953.64|252953.64,0.04370376|0.95629627,0.00077640364|0.016988741,Type III: 受抑/欠发育弱进液簇|Type V: 沟通天然断层/强微裂缝簇,0.047162510454654694,linear,1471.417236328125,180.6017608642578,1.1590070724487305,1467.3040771484375,12,0.00827308850514791,0.6958627010208465,1,1,1.5525964845372608e-13,1.3005774235352874e-10
514,4,4857.8794|4880.235|4928.3735|4950.0,0.011000503|0.011410331|0.012|0.009992478,1.6455937e-05|1.7348033e-05|0.0005|1.804207e-05,774196.1|774196.1|774196.1|774196.1,0.032304544|0.03405169|0.89823806|0.035405695,0.00069225905|0.0007296989|0.019248484|0.00075871416,Type IV: 砂堵闭合/未起裂死簇|Type IV: 砂堵闭合/未起裂死簇|Type V: 沟通天然断层/强微裂缝簇|Type IV: 砂堵闭合/未起裂死簇,0.013793982565402985,linear,1486.5516357421875,121.20230102539062,1.3980488777160645,1981.2269287109375,8,0.008006928497591692,0.6369615740504395,1,2,4.3713838972225805e-14,1.7212187231052667e-10
515,3,4702.82|4723.0605|4743.8203,0.010851221|0.010285827|0.012398445,0.00014396753|0.00012703436|0.0001604161,316676.1|316676.1|316676.1,0.333743|0.29469204|0.37156495,0.006764327|0.00597284|0.0075309053,Type II: 均衡/正常发育簇|Type II: 均衡/正常发育簇|Type I: 优势发育主进液簇,0.03863118216395378,linear,1492.4520263671875,90.87218475341797,1.3222992420196533,2391.01220703125,6,0.011598459011756438,0.6328505242110548,0,-1,9.705789367738318e-14,6.45741238258779e-11
516,3,4575.281|4598.452|4610.837,0.006478313|0.00682843|0.006458516,0.00041410612|0.00034121776|0.0003962263,439432.47|439432.47|439432.47,0.35808662|0.29836363|0.34354973,0.006197775|0.0051640873|0.0059461696,Type I: 优势发育主进液簇|Type II: 均衡/正常发育簇|Type II: 均衡/正常发育簇,0.07339561730623245,cosine,1498.697998046875,102.12360382080078,1.1291847229003906,398.6297607421875,8,0.00948149273505548,0.6029358856213727,0,-1,9.922423803822647e-14,1.1254996934439987e-11
517,4,4666.1987|4714.474|4741.368|4777.2993,0.025334693|0.019128397|0.022833392|0.02008047,3.379635e-05|4.316309e-05|4.5516015e-05|4.4621607e-05,481787.78|481787.78|481787.78|481787.78,0.2022916|0.2583079|0.272374|0.2670265,0.004082016|0.0052123615|0.0054961997|0.0053882934,Type II: 均衡/正常发育簇|Type II: 均衡/正常发育簇|Type II: 均衡/正常发育簇|Type II: 均衡/正常发育簇,0.03468878194689751,cosine,1455.8616943359375,129.94497680664062,1.3164796829223633,14803.220703125,6,0.0099448171655115,0.6978914272515347,0,-1,8.029347857169827e-14,6.784830475226045e-10
518,4,4795.41|4813.2285|4828.288|4866.397,0.013341173|0.013943839|0.012456542|0.012,1.2656733e-05|1.5907515e-05|1.6183314e-05|0.0005,79541.03|79541.03|79541.03|79541.03,0.023453137|0.029473772|0.029982366|0.9170907,0.00032746536|0.0004115287|0.00041862993|0.012804914,Type IV: 砂堵闭合/未起裂死簇|Type IV: 砂堵闭合/未起裂死簇|Type IV: 砂堵闭合/未起裂死簇|Type V: 沟通天然断层/强微裂缝簇,0.0036699071060866117,cosine,1498.0462646484375,181.0625,0.9109230637550354,888.6785278320312,16,0.010281238367564885,0.6026347368373727,1,3,2.559370020061534e-14,2.773958840407431e-11
519,3,4765.425|4811.221|4826.6357,0.011579316|0.009422778|0.009861859,6.3311985e-05|6.341672e-05|5.4927827e-05,2218109.8|2218109.8|2218109.8,0.34841567|0.34898236|0.30260196,0.005486464|0.0054953876|0.0047650407,Type II: 均衡/正常发育簇|Type II: 均衡/正常发育簇|Type II: 均衡/正常发育簇,0.04806649312376976,linear,1432.5792236328125,157.48236083984375,1.0273351669311523,7781.87939453125,4,0.008435974701411041,0.6780138456144692,0,-1,1.2999223212065668e-14,4.82032191939652e-10
520,2,4733.3906|4771.454,0.0051526786|0.005,1.4611915e-05|0.0005,850547.1|850547.1,0.031179909|0.9688201,0.0005311319|0.016503297,Type IV: 砂堵闭合/未起裂死簇|Type V: 沟通天然断层/强微裂缝簇,0.07585786283016205,linear,1451.0595703125,97.24708557128906,1.1113348007202148,1474.5135498046875,4,0.01038641456066415,0.7223041866666348,1,1,1.2424030242639585e-14,1.4665602066088468e-10
521,5,4540.5854|4574.8643|4597.1763|4614.4478|4628.205,0.021284796|0.014537524|0.015140315|0.019607626|0.015329777,0.00016375752|0.00015151517|0.00017417438|0.00016237749|0.0001867239,59120.906|59120.906|59120.906|59120.906|59120.906,0.19536604|0.18072413|0.20768028|0.19362783|0.2226017,0.0028844043|0.0026682299|0.0030662133|0.0028587414|0.0032865147,Type II: 均衡/正常发育簇|Type II: 均衡/正常发育簇|Type II: 均衡/正常发育簇|Type II: 均衡/正常发育簇|Type II: 均衡/正常发育簇,0.027436761185526848,linear,1470.244384765625,117.681640625,0.963217556476593,468.8006591796875,12,0.011729172643304616,0.7161006495299062,0,-1,3.125394366053358e-14,3.410605131648481e-13
522,2,4779.3555|4812.3623,0.008351028|0.009574018,0.0005|2.1129586e-05,1454552.8|1454552.8,0.95298713|0.04701284,0.0212339|0.0010475125,Type V: 沟通天然断层/强微裂缝簇|Type III: 受抑/欠发育弱进液簇,0.01855725608766079,linear,1447.2515869140625,139.44508361816406,1.4536505937576294,2694.431640625,4,0.009016404732430653,0.7329411374647921,1,0,1.2332261676694517e-13,1.141415850725025e-10
523,2,4720.8325|4734.8076,0.0066922596|0.0051203687,0.00053172826|0.0006322001,131174.72|131174.72,0.45869082|0.5413092,0.006824047|0.008053179,Type V: 沟通天然断层/强微裂缝簇|Type V: 沟通天然断层/强微裂缝簇,0.07108169049024582,cosine,1477.82763671875,103.98788452148438,0.9705977439880371,317.4081726074219,12,0.010483464337425386,0.6017895583497301,0,-1,2.6002383433270174e-14,0.0
524,6,4566.579|4610.332|4623.49|4667.5254|4691.25|4717.499,0.02098349|0.027331194|0.02244552|0.012|0.023717077|0.024009304,0.00023385682|0.00017837698|0.00019017093|0.0015|0.00021715558|0.00016994617,485903.44|485903.44|485903.44|485903.44|485903.44|485903.44,0.11495211|0.08791092|0.09356347|0.51361436|0.10635976|0.08359942,0.0025337827|0.001937739|0.0020623328|0.011321125|0.0023443894|0.0018427045,Type III: 受抑/欠发育弱进液簇|Type III: 受抑/欠发育弱进液簇|Type III: 受抑/欠发育弱进液簇|Type V: 沟通天然断层/强微裂缝簇|Type III: 受抑/欠发育弱进液簇|Type III: 受抑/欠发育弱进液簇,0.019584299996495247,linear,1422.289794921875,143.4237518310547,1.4380359649658203,353.37261962890625,6,0.010101923436863357,0.6734823780471134,1,3,2.2917602602971765e-13,9.890754881780595e-12
525,4,4814.318|4828.6177|4851.656|4885.7705,0.008834324|0.008886588|0.009502559|0.00775837,1.4233022e-05|0.0005|1.5787926e-05|1.5081465e-05,680000.25|680000.25|680000.25|680000.25,0.028053707|0.9111069|0.031115752|0.029723631,0.0005095957|0.01655026|0.0005652177|0.00053992984,Type IV: 砂堵闭合/未起裂死簇|Type V: 沟通天然断层/强微裂缝簇|Type IV: 砂堵闭合/未起裂死簇|Type IV: 砂堵闭合/未起裂死簇,0.05860752612352371,linear,1436.69384765625,175.37149047851562,1.185093879699707,1521.833984375,4,0.011821542290020647,0.6235880728049077,1,1,1.45921116986511e-13,2.5920599000528455e-11
526,5,4735.0205|4750.9443|4780.761|4790.866|4808.61,0.011806293|0.01188854|0.009612156|0.013111636|0.013202756,0.00011669571|8.3691055e-05|0.0006375398|0.00011622995|9.1249e-05,191713.6|191713.6|191713.6|191713.6|191713.6,0.11415529|0.0818996|0.6010752|0.11362338|0.08924658,0.0024707555|0.0017726193|0.013009557|0.002459243|0.0019316359,Type III: 受抑/欠发育弱进液簇|Type III: 受抑/欠发育弱进液簇|Type V: 沟通天然断层/强微裂缝簇|Type III: 受抑/欠发育弱进液簇|Type III: 受抑/欠发育弱进液簇,0.0893377736210823,linear,1432.3814697265625,87.56486511230469,1.412053108215332,626.4796142578125,12,0.009122573228801379,0.657382596908845,1,2,1.1525384867403649e-13,0.0
527,4,4781.3286|4820.0063|4856.527|4867.951,0.024584103|0.019092705|0.018250564|0.017191103,0.0005810398|0.000516604|0.0004650264|0.0005395905,283919.53|283919.53|283919.53|283919.53,0.2748001|0.24616958|0.22292839|0.25610194,0.0039793337|0.00356474|0.0032281885|0.0037085686,Type V: 沟通天然断层/强微裂缝簇|Type V: 沟通天然断层/强微裂缝簇|Type V: 沟通天然断层/强微裂缝簇|Type V: 沟通天然断层/强微裂缝簇,0.045156385749578476,cosine,1495.084716796875,78.4498291015625,0.9447367191314697,170.777587890625,6,0.011673261892085656,0.6598227405648281,0,-1,3.707638850884015e-13,7.332801033044234e-12
528,4,4683.9126|4727.4526|4772.315|4788.7173,0.008754037|0.007505512|0.0074038217|0.007963323,0.0002183685|0.00024198463|0.00031262435|0.00026649676,209109.83|209109.83|209109.83|209109.83,0.2107195|0.23311223|0.29985794|0.2563103,0.004263867|0.00471698|0.0060675666|0.0051863883,Type II: 均衡/正常发育簇|Type II: 均衡/正常发育簇|Type II: 均衡/正常发育簇|Type II: 均衡/正常发育簇,0.08964428305625916,cosine,1467.4967041015625,179.4535675048828,1.3201286792755127,642.0133666992188,8,0.011183294169387886,0.6282665010898969,0,-1,2.640474780013849e-14,1.864464138634503e-11
529,1,4520.907,0.012,0.0005,73623.83,1.0,0.018342132,Type V: 沟通天然断层/强微裂缝簇,0.008616350591182709,linear,1435.034423828125,119.36945343017578,1.1966499090194702,1551.4874267578125,16,0.010139312522543074,0.6440423540011344,1,0,1.1027549722984406e-13,5.184119800105691e-11
530,2,4655.2866|4700.4814,0.0059522605|0.0041528144,0.0007824419|0.0010251489,1135634.4|1135634.4,0.46483544|0.5351646,0.006902429|0.007946759,Type V: 沟通天然断层/强微裂缝簇|Type V: 沟通天然断层/强微裂缝簇,0.06520384550094604,cosine,1416.89794921875,136.72183227539062,0.9687685370445251,310.5148620605469,4,0.009753964827444906,0.7087922991214368,0,-1,1.6752385882581183e-13,7.844391802791506e-12
531,1,4625.922,0.012,0.0005,410919.9,1.0,0.016518282,Type V: 沟通天然断层/强微裂缝簇,0.09412531554698944,linear,1497.992919921875,193.42306518554688,1.0776610374450684,1448.248291015625,6,0.010447400668669232,0.6847219867866433,1,0,7.099244017086045e-14,0.0
532,6,4572.7876|4588.9067|4636.276|4666.428|4709.9595|4731.3027,0.005361055|0.007254427|0.006481296|0.005109379|0.006276343|0.0060851625,0.0004961449|0.00047215304|0.00046373595|0.0005844959|0.00057906704|0.00061717595,48974.758|48974.758|48974.758|48974.758|48974.758|48974.758,0.15567675|0.14789882|0.14459431|0.18134768|0.1794588|0.1910236,0.0029678205|0.002819542|0.0027565449|0.003457211|0.0034212014|0.0036416727,Type V: 沟通天然断层/强微裂缝簇|Type V: 沟通天然断层/强微裂缝簇|Type V: 沟通天然断层/强微裂缝簇|Type V: 沟通天然断层/强微裂缝簇|Type V: 沟通天然断层/强微裂缝簇|Type V: 沟通天然断层/强微裂缝簇,0.07644233852624893,cosine,1403.1182861328125,184.35752868652344,1.2437444925308228,287.83184814453125,16,0.011434883960786343,0.62085612441914,0,-1,5.264956764831907e-13,2.5011104298755527e-12
533,4,4594.526|4644.2134|4665.2446|4688.182,0.029236462|0.028483553|0.02745962|0.024760861,5.7674337e-05|6.670854e-05|5.8364894e-05|5.9325346e-05,541134.2|541134.2|541134.2|541134.2,0.238283|0.27551493|0.24112105|0.24508102,0.004873325|0.005634787|0.004931369|0.0050123576,Type II: 均衡/正常发育簇|Type II: 均衡/正常发育簇|Type II: 均衡/正常发育簇|Type II: 均衡/正常发育簇,0.0050171311013400555,linear,1424.4521484375,80.30026245117188,1.334288239479065,7310.55810546875,6,0.009664737988976298,0.6972310380850958,0,-1,1.475866819164104e-14,3.155946615152061e-10
534,2,4840.477|4884.22,0.0062544635|0.005769616,0.0005|1.07334845e-05,389177.06|389177.06,0.978008|0.021992007,0.01607322|0.00036143092,Type V: 沟通天然断层/强微裂缝簇|Type IV: 砂堵闭合/未起裂死簇,0.007711051497608423,linear,1451.9300537109375,91.80663299560547,1.072204828262329,1278.881103515625,6,0.011299831734231788,0.6014392877396717,1,0,6.45983239773093e-14,0.0
535,1,4643.1973,0.005,0.0005,347015.1,1.0,0.020874377,Type V: 沟通天然断层/强微裂缝簇,0.05974506214261055,linear,1411.87841796875,72.21353149414062,1.361854910850525,2048.049072265625,8,0.00929548097123971,0.7059155089631779,1,0,4.437700139542193e-14,6.775735528208315e-11
536,3,4684.4023|4713.318|4733.101,0.010049168|0.0071187112|0.009384245,1.3039671e-05|0.0005|1.3863651e-05,240481.47|240481.47|240481.47,0.025445592|0.94750506|0.027049338,0.0003137311|0.011682252|0.0003335045,Type IV: 砂堵闭合/未起裂死簇|Type V: 沟通天然断层/强微裂缝簇|Type IV: 砂堵闭合/未起裂死簇,0.03791864961385727,cosine,1474.3597412109375,100.72856140136719,0.8043820261955261,708.86865234375,6,0.011463738891062086,0.743388761745561,1,1,9.356358461436176e-14,7.048583938740194e-12
537,6,4724.622|4759.055|4808.172|4821.0967|4837.079|4880.3115,0.007603988|0.008698117|0.008648424|0.009969861|0.01003679|0.006786611,0.00015603144|0.00018495572|0.00017750497|0.00019959877|0.00018100944|0.00021422726,480428.75|480428.75|480428.75|480428.75|480428.75|480428.75,0.14066222|0.16624147|0.15955219|0.17904241|0.16263005|0.19187166,0.0023033316|0.0027221895|0.0026126532|0.002931804|0.0026630529|0.0031418814,Type III: 受抑/欠发育弱进液簇|Type II: 均衡/正常发育簇|Type II: 均衡/正常发育簇|Type II: 均衡/正常发育簇|Type II: 均衡/正常发育簇|Type II: 均衡/正常发育簇,0.00540222879499197,linear,1400.2650146484375,84.65040588378906,1.0683075189590454,356.60748291015625,4,0.011921247753067596,0.7295292321419755,0,-1,9.38609609414838e-14,8.01492205937393e-12
538,5,4541.1953|4553.5435|4588.558|4624.9985|4640.828,0.005825723|0.0056525674|0.004954057|0.004636654|0.005051919,0.0005933351|0.0015|0.00057806063|0.0006251133|0.0006497864,92510.48|92510.48|92510.48|92510.48|92510.48,0.1554664|0.36247832|0.15085578|0.1625233|0.16867621,0.0028280348|0.0065937163|0.0027441648|0.0029564046|0.0030683298,Type V: 沟通天然断层/强微裂缝簇|Type V: 沟通天然断层/强微裂缝簇|Type V: 沟通天然断层/强微裂缝簇|Type V: 沟通天然断层/强微裂缝簇|Type V: 沟通天然断层/强微裂缝簇,0.06311719864606857,cosine,1464.1202392578125,198.1219482421875,1.1867672204971313,282.47650146484375,16,0.009570622968851422,0.6448590026109442,1,1,3.484581059028796e-13,9.72022462519817e-12
539,3,4631.4966|4646.7305|4691.2275,0.006429753|0.008831569|0.007904334,1.7127155e-05|0.0005|2.1390806e-05,209481.77|209481.77|209481.77,0.032567896|0.9267608|0.040671304,0.00068870926|0.019598097|0.000860071,Type IV: 砂堵闭合/未起裂死簇|Type V: 沟通天然断层/强微裂缝簇|Type III: 受抑/欠发育弱进液簇,0.06901269406080246,linear,1435.9603271484375,54.971954345703125,1.379632830619812,1755.6136474609375,8,0.010553521290551458,0.7048597864273431,1,1,8.810251925792448e-14,4.843059286940843e-11
540,5,4664.0703|4695.6934|4721.1055|4768.3633|4815.7197,0.02578836|0.025173612|0.030736925|0.012|0.03498486,1.1438771e-05|9.244796e-06|8.836067e-06|0.0005|8.751936e-06,32977.043|32977.043|32977.043|32977.043|32977.043,0.021343682|0.017246876|0.016482046|0.92860633|0.016321048,0.0003071808|0.0002482191|0.00023721156|0.013364612|0.00023489444,Type IV: 砂堵闭合/未起裂死簇|Type IV: 砂堵闭合/未起裂死簇|Type IV: 砂堵闭合/未起裂死簇|Type V: 沟通天然断层/强微裂缝簇|Type IV: 砂堵闭合/未起裂死簇,0.09825576096773148,linear,1437.725830078125,53.44118118286133,0.9389490485191345,814.0387573242188,16,0.011843764338642657,0.7052697672454238,1,3,8.533728194579093e-14,3.353761712787673e-11
541,2,4811.264|4840.068,0.012|0.019938914,0.0005|1.4515382e-05,1700168.1|1700168.1,0.9665111|0.03348893,0.013190709|0.0004570488,Type V: 沟通天然断层/强微裂缝簇|Type IV: 砂堵闭合/未起裂死簇,0.06870592385530472,cosine,1401.3929443359375,129.67396545410156,0.8903865814208984,1158.1280517578125,4,0.008988241119007909,0.6821898569988556,1,0,2.059130996137984e-14,1.014086592476815e-10
542,4,4525.593|4557.0513|4603.201|4642.271,0.014966295|0.015536877|0.013819096|0.01351612,0.00011422949|0.00013474167|0.00013141947|0.00013929764,131149.45|131149.45|131149.45|131149.45,0.21988991|0.25926167|0.25286585|0.26798257,0.0035247637|0.0041558803|0.004053357|0.0042956737,Type II: 均衡/正常发育簇|Type II: 均衡/正常发育簇|Type II: 均衡/正常发育簇|Type II: 均衡/正常发育簇,0.00817638449370861,cosine,1416.5765380859375,64.3147201538086,1.0457839965820312,1065.391357421875,12,0.010416753613021613,0.6095808859993391,0,-1,4.0906975072932394e-14,6.002665031701326e-11
543,3,4856.108|4892.309|4910.875,0.008507298|0.009131361|0.008519342,0.00018062926|0.00020361178|0.0002214809,501751.53|501751.53|501751.53,0.29889283|0.33614725|0.3649599,0.0048024|0.0054009776|0.005863919,Type II: 均衡/正常发育簇|Type II: 均衡/正常发育簇|Type I: 优势发育主进液簇,0.07616416364908218,cosine,1479.0931396484375,172.6725616455078,1.0482385158538818,942.1116943359375,8,0.008744491298534485,0.6633720620913642,0,-1,9.177119513533588e-14,8.526512829121202e-12
544,3,4813.3374|4853.295|4871.565,0.016387064|0.017922971|0.01671762,0.00022185237|0.00031143177|0.00023926745,700188.4|700188.4|700188.4,0.28930172|0.39961138|0.31108692,0.0038901728|0.005373481|0.004183113,Type II: 均衡/正常发育簇|Type I: 优势发育主进液簇|Type II: 均衡/正常发育簇,0.07328064739704132,cosine,1454.725830078125,160.3270721435547,0.8772738575935364,514.0228881835938,6,0.00965323378341157,0.6144071698911886,0,-1,8.682152761486928e-14,3.228706191293895e-11
545,5,4790.2666|4837.0957|4885.628|4904.7817|4950.0,0.0095986985|0.008610872|0.011518125|0.01008502|0.009505285,0.0002465084|0.00022471049|0.0015|0.00019739446|0.0002132242,1778653.0|1778653.0|1778653.0|1778653.0|1778653.0,0.15479097|0.14205876|0.4421323|0.12583101|0.13518697,0.0031628825|0.002902722|0.0090342|0.0025711365|0.002762309,Type II: 均衡/正常发育簇|Type III: 受抑/欠发育弱进液簇|Type V: 沟通天然断层/强微裂缝簇|Type III: 受抑/欠发育弱进液簇|Type III: 受抑/欠发育弱进液簇,0.025684712454676628,cosine,1471.14111328125,131.52870178222656,1.3330755233764648,394.7232360839844,4,0.008828084765382212,0.6913882945058636,1,2,2.8185834471516208e-14,5.7411853049416095e-12
546,3,4703.9414|4721.8765|4752.2993,0.028489053|0.02686135|0.02275186,8.2347135e-05|0.000103529805|9.3759125e-05,98582.25|98582.25|98582.25,0.2945141|0.37019673|0.33528918,0.0049810647|0.0062610717|0.0056706863,Type II: 均衡/正常发育簇|Type I: 优势发育主进液簇|Type II: 均衡/正常发育簇,0.04938288405537605,cosine,1487.5830078125,66.41142272949219,1.1034010648727417,3782.37158203125,12,0.010923524689830953,0.6393731937099805,0,-1,5.4976734427912566e-14,1.787157088983804e-10
547,6,4747.7104|4778.9023|4827.9785|4850.38|4882.9517|4905.393,0.00969445|0.009468911|0.008372969|0.009023485|0.008657023|0.006557412,0.00010943655|0.00012239594|0.00012373608|0.00010410635|9.0512825e-05|9.3091665e-05,198157.8|198157.8|198157.8|198157.8|198157.8|198157.8,0.17017266|0.19023292|0.19227567|0.16183768|0.14073932|0.14474176,0.002093503|0.0023402888|0.0023654194|0.0019909642|0.0017314072|0.0017806462,Type II: 均衡/正常发育簇|Type II: 均衡/正常发育簇|Type II: 均衡/正常发育簇|Type II: 均衡/正常发育簇|Type III: 受抑/欠发育弱进液簇|Type III: 受抑/欠发育弱进液簇,0.046352267265319824,cosine,1419.452880859375,167.86624145507812,0.8026036024093628,564.1945190429688,8,0.011231895162573804,0.6398217003919431,0,-1,1.5073849828940722e-13,4.433786671143025e-11
548,6,4800.368|4827.767|4846.889|4877.4507|4913.768|4950.0,0.0177243|0.019911116|0.014553433|0.017409278|0.013619015|0.014713024,0.00017801438|0.00017552031|0.00018703751|0.00021640603|0.000224198|0.00018533591,73368.67|73368.67|73368.67|73368.67|73368.67|73368.67,0.15276901|0.15055314|0.1603646|0.18541998|0.19204715|0.15884613,0.003457235|0.0034070883|0.0036291266|0.0041961414|0.0043461174|0.0035947626,Type II: 均衡/正常发育簇|Type II: 均衡/正常发育簇|Type II: 均衡/正常发育簇|Type II: 均衡/正常发育簇|Type II: 均衡/正常发育簇|Type II: 均衡/正常发育簇,0.09868297725915909,linear,1427.2239990234375,148.9698486328125,1.4764233827590942,626.0711669921875,16,0.01017938302551162,0.6400919789328651,0,-1,4.783229612089282e-14,8.86757334228605e-12
549,5,4506.5923|4529.89|4570.305|4581.943|4599.803,0.008109106|0.008866854|0.006300757|0.006891927|0.007489393,2.2901824e-05|1.993814e-05|2.2192973e-05|2.1672286e-05|2.0502943e-05,2339071.8|2339071.8|2339071.8|2339071.8|2339071.8,0.21360594|0.18599053|0.20700075|0.20214945|0.19125333,0.0026704578|0.0023252156|0.0025878812|0.0025272311|0.00239101,Type II: 均衡/正常发育簇|Type II: 均衡/正常发育簇|Type II: 均衡/正常发育簇|Type II: 均衡/正常发育簇|Type II: 均衡/正常发育簇,0.017794424667954445,linear,1449.922119140625,132.7764434814453,0.8156234622001648,13775.0009765625,4,0.008346243609754792,0.6745229486852438,0,-1,8.89438398149825e-14,6.402842700481415e-10
550,5,4836.1494|4865.6025|4890.8086|4905.331|4950.0,0.0061186426|0.0064016692|0.0082595525|0.00808252|0.008574623,8.720416e-06|0.0005|1.1073677e-05|1.1597882e-05|1.1571886e-05,95858.08|95858.08|95858.08|95858.08|95858.08,0.016239341|0.9200025|0.020618184|0.021594187|0.02154578,0.0002063297|0.011689134|0.00026196527|0.0002743659|0.0002737509,Type IV: 砂堵闭合/未起裂死簇|Type V: 沟通天然断层/强微裂缝簇|Type IV: 砂堵闭合/未起裂死簇|Type IV: 砂堵闭合/未起裂死簇|Type IV: 砂堵闭合/未起裂死簇,0.005552077200263739,linear,1433.6624755859375,186.51211547851562,0.8289161920547485,778.36328125,12,0.010790907467149573,0.6644297493385812,1,1,1.0581290753536657e-13,6.139089236967266e-12
551,1,4631.65,0.005,0.0005,170492.8,1.0,0.020889735,Type V: 沟通天然断层/强微裂缝簇,0.025119243189692497,cosine,1447.0224609375,102.6114501953125,1.3628568649291992,2004.114990234375,12,0.009011790871956714,0.7143386266063416,1,0,7.839156434446062e-14,0.0
552,6,4539.386|4565.524|4587.5776|4624.5327|4659.911|4671.005,0.016187524|0.012161904|0.015400468|0.012459025|0.01224898|0.014661322,3.9556446e-05|3.731376e-05|3.8969793e-05|3.3343673e-05|2.7540782e-05|3.3080127e-05,70833.86|70833.86|70833.86|70833.86|70833.86|70833.86,0.18854164|0.1778504|0.18574132|0.15892678|0.1312696|0.15767026,0.003346346|0.0031565917|0.0032966444|0.0028207246|0.002329849|0.002798423,Type II: 均衡/正常发育簇|Type II: 均衡/正常发育簇|Type II: 均衡/正常发育簇|Type II: 均衡/正常发育簇|Type III: 受抑/欠发育弱进液簇|Type II: 均衡/正常发育簇,0.020403778180480003,linear,1473.277099609375,191.2079620361328,1.1579262018203735,7406.58642578125,12,0.01141395735747304,0.6908542566729376,0,-1,6.411660617581041e-14,9.822542779147625e-11
553,1,4734.163,0.0076094684,0.00023666112,612284.75,1.0,0.021351349,Type I: 优势发育主进液簇,0.028899511322379112,cosine,1446.7098388671875,50.55377960205078,1.392972707748413,8556.234375,6,0.009387447581048525,0.6947644709095309,0,-1,1.9499172784244456e-15,0.0
554,2,4672.0674|4713.001,0.013221596|0.012868618,0.00033549237|0.000282841,922009.06|922009.06,0.5391683|0.4608317,0.007224233|0.006174613,Type I: 优势发育主进液簇|Type I: 优势发育主进液簇,0.05915499106049538,cosine,1491.1697998046875,108.1555404663086,0.8741474151611328,654.2880859375,4,0.010801730557763943,0.6414256893691209,0,-1,7.535045178953814e-14,1.921307557495311e-11
555,1,4697.1836,0.022867981,9.736173e-05,101776.01,1.0,0.014785552,Type I: 优势发育主进液簇,0.018436087295413017,cosine,1472.551025390625,117.29280090332031,0.9646168947219849,23243.5078125,16,0.009152352049409715,0.6722835546981347,0,-1,7.813883681805425e-14,1.1641532182693481e-10
556,1,4628.178,0.015625982,8.249431e-05,819069.2,1.0,0.014172144,Type I: 优势发育主进液簇,0.033982619643211365,linear,1451.7666015625,136.32080078125,0.9245977997779846,29852.462890625,6,0.009276105343707307,0.6152019892781995,0,-1,1.3831622818123203e-14,1.4115357771515846e-09
557,6,4825.7817|4849.014|4871.07|4894.134|4908.855|4950.0,0.020949297|0.02569098|0.025138518|0.021031411|0.020652432|0.019205594,2.2385566e-05|2.0744588e-05|2.0115707e-05|2.5672629e-05|2.4725268e-05|2.5061117e-05,1233625.8|1233625.8|1233625.8|1233625.8|1233625.8|1233625.8,0.16139622|0.14957061|0.14503802|0.18507494|0.17825048|0.18066972,0.0026688557|0.0024733068|0.0023983559|0.0030604082|0.0029475586|0.0029875634,Type II: 均衡/正常发育簇|Type III: 受抑/欠发育弱进液簇|Type III: 受抑/欠发育弱进液簇|Type II: 均衡/正常发育簇|Type II: 均衡/正常发育簇|Type II: 均衡/正常发育簇,0.0820765495300293,linear,1437.0030517578125,120.75092315673828,1.0788201093673706,14397.08984375,4,0.010212701989729232,0.6203368632450794,0,-1,6.609050465103752e-14,1.4370016288012266e-10
558,3,4771.13|4812.974|4846.3257,0.012|0.012390842|0.01477437,0.0005|2.6994338e-05|3.2912223e-05,329901.34|329901.34|329901.34,0.88917613|0.049939677|0.060884174,0.01550121|0.0008706097|0.0010614076,Type V: 沟通天然断层/强微裂缝簇|Type III: 受抑/欠发育弱进液簇|Type III: 受抑/欠发育弱进液簇,0.07879761606454849,linear,1489.3721923828125,146.61415100097656,1.137352466583252,1245.85888671875,6,0.011349365890068597,0.6475512157021905,1,0,2.810070156167993e-13,1.77351466845721e-11
559,1,4588.541,0.012,0.0005,281404.9,1.0,0.019205078,Type V: 沟通天然断层/强微裂缝簇,0.006197930313646793,linear,1421.60302734375,171.375732421875,1.2529489994049072,1818.9896240234375,8,0.010197381720134884,0.6513695520334166,1,0,1.9871784271807517e-14,6.59383658785373e-11
560,5,4699.4165|4724.1567|4748.91|4788.933|4819.3438,0.012|0.012330173|0.014397367|0.015379339|0.012666555,0.0005|1.5679321e-05|1.324423e-05|1.5641426e-05|1.5635742e-05,684787.3|684787.3|684787.3|684787.3|684787.3,0.8847287|0.030022364|0.025360296|0.02994975|0.029938862,0.01892152|0.0006420825|0.0005423757|0.0006405295|0.0006402966,Type V: 沟通天然断层/强微裂缝簇|Type IV: 砂堵闭合/未起裂死簇|Type IV: 砂堵闭合/未起裂死簇|Type IV: 砂堵闭合/未起裂死簇|Type IV: 砂堵闭合/未起裂死簇,0.049728747457265854,cosine,1438.0887451171875,140.78363037109375,1.395285964012146,1904.7711181640625,6,0.008791034043757513,0.7491203324427107,1,0,2.7578030733620834e-14,4.888534022029489e-11
561,4,4800.6846|4815.032|4864.1396|4880.734,0.017724063|0.013812362|0.012798036|0.012239105,0.00013091884|0.0001298931|0.0001588736|0.00016915172,405849.97|405849.97|405849.97|405849.97,0.22260167|0.22085622|0.26964745|0.28689465,0.0029603192|0.002937107|0.0035859682|0.0038153343,Type II: 均衡/正常发育簇|Type II: 均衡/正常发育簇|Type II: 均衡/正常发育簇|Type II: 均衡/正常发育簇,0.09509703516960144,linear,1401.064208984375,50.4092903137207,0.8676157593727112,600.029541015625,6,0.010872598275262055,0.6361505809113542,0,-1,1.4844390636408605e-13,2.660272002685815e-11
562,6,4692.6084|4707.346|4738.527|4788.241|4832.3457|4870.951,0.011715522|0.01350376|0.010566555|0.014153844|0.010168557|0.013215341,0.00014302306|0.00012982464|0.00012792245|0.00012494193|0.00015860403|0.00013618526,137350.22|137350.22|137350.22|137350.22|137350.22|137350.22,0.17436008|0.15828654|0.15594353|0.15228917|0.19317706|0.16594362,0.0021800792|0.0019791068|0.0019498112|0.0019041196|0.002415354|0.0020748456,Type II: 均衡/正常发育簇|Type II: 均衡/正常发育簇|Type II: 均衡/正常发育簇|Type II: 均衡/正常发育簇|Type II: 均衡/正常发育簇|Type II: 均衡/正常发育簇,0.0554642379283905,cosine,1489.4539794921875,167.20729064941406,0.815722644329071,430.3191833496094,12,0.010128917762788861,0.6299971722631443,0,-1,4.8559372262156966e-14,1.1482370609883219e-11
563,1,4802.7476,0.0067938333,0.0005,132109.47,1.0,0.016673882,Type V: 沟通天然断层/强微裂缝簇,0.06055724620819092,cosine,1468.6484375,124.76165008544922,1.0878124237060547,1327.815673828125,16,0.008535249136310201,0.6784865539328293,1,0,8.427107752936869e-14,5.1159076974727213e-11
564,5,4843.0127|4853.469|4902.2324|4928.048|4950.0,0.005906315|0.0046660323|0.0065588937|0.0059333593|0.005592361,0.00014844252|0.00010761462|0.00010385268|0.0001349835|0.00014401814,357104.03|357104.03|357104.03|357104.03|357104.03,0.23217826|0.16862258|0.1627276|0.21121864|0.22525293,0.0051388512|0.0037321597|0.003601685|0.0046749474|0.0049855714,Type II: 均衡/正常发育簇|Type II: 均衡/正常发育簇|Type II: 均衡/正常发育簇|Type II: 均衡/正常发育簇|Type II: 均衡/正常发育簇,0.09474168717861176,cosine,1459.9754638671875,151.5855255126953,1.4439821243286133,1455.0770263671875,6,0.010738798721323509,0.6951853177547811,0,-1,7.837648038173592e-14,7.844391802791506e-11
565,3,4573.9663|4623.665|4635.5405,0.017684875|0.013232065|0.017990932,0.00015043473|0.00017476732|0.00012854737,189656.14|189656.14|189656.14,0.33159915|0.38491145|0.2834894,0.006616401|0.007680142|0.0056564664,Type II: 均衡/正常发育簇|Type I: 优势发育主进液簇|Type II: 均衡/正常发育簇,0.07655943185091019,linear,1420.1318359375,110.94136810302734,1.3017443418502808,2127.248291015625,12,0.008804597752225652,0.7095399982727455,0,-1,7.30299694551512e-15,1.2187229003757238e-10
566,3,4852.706|4871.3066|4881.5757,0.0082167275|0.009279904|0.008599791,0.00015300183|0.000120013356|0.0012670023,713855.4|713855.4|713855.4,0.13362768|0.10510983|0.7612625,0.0020122437|0.0015828053|0.011463536,Type III: 受抑/欠发育弱进液簇|Type III: 受抑/欠发育弱进液簇|Type V: 沟通天然断层/强微裂缝簇,0.08774670958518982,cosine,1460.1910400390625,192.57452392578125,0.9824296832084656,413.2872314453125,6,0.0090747315173525,0.6885519040279925,1,2,3.110354313516639e-13,1.3869794202037156e-11
567,5,4702.1333|4716.0444|4744.3687|4786.253|4806.885,0.008959563|0.011513355|0.009480162|0.009868872|0.009058304,1.5319516e-05|0.0005|1.3129812e-05|1.2157901e-05|1.4195849e-05,782984.4|782984.4|782984.4|782984.4|782984.4,0.029917676|0.8929784|0.025640067|0.023742314|0.027721493,0.00042117026|0.012571028|0.0003609516|0.00033423575|0.00039025318,Type IV: 砂堵闭合/未起裂死簇|Type V: 沟通天然断层/强微裂缝簇|Type IV: 砂堵闭合/未起裂死簇|Type IV: 砂堵闭合/未起裂死簇|Type IV: 砂堵闭合/未起裂死簇,0.08671999722719193,cosine,1470.45068359375,128.75155639648438,0.9184322953224182,922.79248046875,4,0.011086535577351134,0.6607426998817738,1,1,1.0116809733701215e-13,2.5579538487363607e-11
568,3,4861.458|4897.942|4923.033,0.0069170925|0.008864118|0.009183772,1.290546e-05|0.0005|1.50550795e-05,240244.69|240244.69|240244.69,0.025131945|0.9455555|0.029312551,0.0003989029|0.015008183|0.00046525893,Type IV: 砂堵闭合/未起裂死簇|Type V: 沟通天然断层/强微裂缝簇|Type IV: 砂堵闭合/未起裂死簇,0.011594979092478752,cosine,1481.8316650390625,188.43942260742188,1.0355198383331299,1193.72607421875,12,0.008158990996857914,0.7341411437406393,1,1,2.0175339534873188e-13,7.79891706770286e-11
569,3,4783.199|4813.845|4862.518,0.01179159|0.012227643|0.0119590275,0.0006656297|0.00051180884|0.00046542435,489396.3|489396.3|489396.3,0.39509895|0.3153393|0.28956175,0.006971969|0.0055645187|0.005109645,Type V: 沟通天然断层/强微裂缝簇|Type V: 沟通天然断层/强微裂缝簇|Type V: 沟通天然断层/强微裂缝簇,0.02047821320593357,cosine,1404.7296142578125,119.59632873535156,1.1512426137924194,313.5066223144531,8,0.008717015583071714,0.6759345374748974,0,-1,6.822447202450496e-14,1.5802470443304628e-11
570,6,4726.8037|4763.912|4787.598|4823.945|4850.435|4860.7964,0.0063107554|0.006197078|0.005270548|0.005573882|0.0057731792|0.005801678,1.2947077e-05|1.3274315e-05|1.1850164e-05|9.992662e-06|1.2862827e-05|1.2984761e-05,321462.78|321462.78|321462.78|321462.78|321462.78|321462.78,0.17516959|0.17959623|0.16032878|0.13519813|0.17402883|0.17567845,0.00222765|0.0022839443|0.002038918|0.0017193289|0.002213143|0.0022341213,Type II: 均衡/正常发育簇|Type II: 均衡/正常发育簇|Type II: 均衡/正常发育簇|Type III: 受抑/欠发育弱进液簇|Type II: 均衡/正常发育簇|Type II: 均衡/正常发育簇,0.00978385005146265,cosine,1447.1962890625,168.5367431640625,0.8296703696250916,29805.48828125,6,0.011560745893801678,0.6322259404792415,0,-1,6.424848581756612e-14,2.4156179279088974e-09
571,3,4684.9785|4725.435|4743.7603,0.016011681|0.0152034145|0.016544925,0.0008262994|0.00079597905|0.0010609045,356340.7|356340.7|356340.7,0.31500578|0.30494386|0.38005036,0.006826258|0.006608213|0.008235791,Type V: 沟通天然断层/强微裂缝簇|Type V: 沟通天然断层/强微裂缝簇|Type V: 沟通天然断层/强微裂缝簇,0.0872979611158371,linear,1465.7808837890625,166.12269592285156,1.4137787818908691,339.7049865722656,6,0.01067649462132241,0.704075587542105,0,-1,2.148565613618869e-13,9.890754881780595e-12
572,2,4528.4717|4551.1357,0.033607066|0.028965684,7.7447e-05|6.8293164e-05,288047.53|288047.53,0.5313574|0.4686426,0.011429442|0.010080453,Type I: 优势发育主进液簇|Type I: 优势发育主进液簇,0.08510156720876694,linear,1496.6019287109375,161.92251586914062,1.4033163785934448,22063.21875,8,0.009831698677350217,0.6925983144622407,0,-1,7.645401374706609e-14,4.802132025361061e-10
573,4,4602.5312|4636.991|4680.0845|4695.5005,0.030324107|0.026452003|0.022754598|0.029131595,8.435987e-05|6.63149e-05|6.616388e-05|6.770791e-05,1042235.1|1042235.1|1042235.1|1042235.1,0.2961918|0.23315667|0.2326244|0.23802713,0.006524277|0.005135789|0.0051240646|0.005243072,Type II: 均衡/正常发育簇|Type II: 均衡/正常发育簇|Type II: 均衡/正常发育簇|Type II: 均衡/正常发育簇,0.06470593065023422,linear,1489.850341796875,161.11468505859375,1.4370657205581665,6276.76611328125,6,0.008444349052395276,0.6581034362426701,0,-1,6.835820158621747e-14,7.030394044704735e-10
574,3,4833.708|4871.4907|4889.2983,0.012404253|0.010938084|0.012007713,2.929903e-05|3.501218e-05|2.9379844e-05,229057.33|229057.33|229057.33,0.3127253|0.3736881|0.3135866,0.0050161937|0.0059940526|0.0050300094,Type II: 均衡/正常发育簇|Type I: 优势发育主进液簇|Type II: 均衡/正常发育簇,0.08829707652330399,linear,1409.460205078125,97.50028228759766,1.0464743375778198,29465.62890625,8,0.010492087829038379,0.6819848084458894,0,-1,1.3583403878688477e-13,2.1827872842550278e-11
575,6,4779.215|4802.1978|4840.4146|4873.93|4917.8574|4950.0,0.013729914|0.0132299075|0.016447358|0.01331839|0.012547333|0.015869794,0.00020823641|0.00019660394|0.00020218591|0.00019760527|0.00015027839|0.00020502879,62897.97|62897.97|62897.97|62897.97|62897.97|62897.97,0.17963779|0.16955276|0.17427942|0.17030393|0.12956733|0.17665878,0.0033251788|0.0031385003|0.003225993|0.0031524047|0.0023983512|0.0032700358,Type II: 均衡/正常发育簇|Type II: 均衡/正常发育簇|Type II: 均衡/正常发育簇|Type II: 均衡/正常发育簇|Type III: 受抑/欠发育弱进液簇|Type II: 均衡/正常发育簇,0.09495232999324799,linear,1418.378173828125,117.97142791748047,1.2076319456100464,439.9671325683594,16,0.009977393204964356,0.7195950116458804,0,-1,1.1264643054063536e-13,5.434230843093246e-11
576,3,4855.5576|4866.4746|4914.3867,0.010461234|0.014191084|0.014023044,0.0005|1.3066126e-05|1.1429702e-05,165593.6|165593.6|165593.6,0.95238566|0.025397556|0.022216791,0.020929119|0.0005581231|0.00048822435,Type V: 沟通天然断层/强微裂缝簇|Type IV: 砂堵闭合/未起裂死簇|Type IV: 砂堵闭合/未起裂死簇,0.02140744961798191,cosine,1416.0712890625,161.4015350341797,1.4336905479431152,2080.58740234375,8,0.011714785419461847,0.6433987243925429,1,0,9.472691321664797e-16,2.091837814077735e-10
577,3,4583.5454|4604.2427|4646.533,0.0054302947|0.0074863257|0.007189233,0.0006325143|0.00046862673|0.00042204873,64073.836|64073.836|64073.836,0.41382495|0.30824605|0.277929,0.009413226|0.0070116357|0.006322018,Type V: 沟通天然断层/强微裂缝簇|Type V: 沟通天然断层/强微裂缝簇|Type II: 均衡/正常发育簇,0.008974786847829819,linear,1414.81005859375,113.05421447753906,1.4840178489685059,435.7622375488281,12,0.011781951254318801,0.6817176964248781,0,-1,1.8363900623676738e-13,5.667288860422559e-11
578,1,4887.556,0.012,0.0005,40178.195,1.0,0.016155405,Type V: 沟通天然断层/强微裂缝簇,0.09367890655994415,cosine,1421.355224609375,181.6590576171875,1.0539867877960205,1288.0126953125,16,0.011882676316880742,0.6347707285246296,1,0,2.5856449143227267e-13,7.571543392259628e-11
579,3,4566.2695|4614.658|4650.0107,0.017279778|0.014124928|0.013398602,0.00036079533|0.00030679506|0.00030541501,129909.984|129909.984|129909.984,0.37035248|0.31553602|0.3141115,0.0063216356|0.005385961|0.0053616446,Type I: 优势发育主进液簇|Type II: 均衡/正常发育簇|Type II: 均衡/正常发育簇,0.08954079449176788,linear,1424.577880859375,62.423622131347656,1.1136058568954468,428.6341247558594,16,0.008639787870513312,0.667748945433279,0,-1,1.245966898448872e-13,1.6541434888495132e-11
580,2,4676.7197|4714.78,0.008350475|0.008746894,1.4625875e-05|0.0005,543648.9|543648.9,0.030237019|0.969763,0.00045184407|0.014491564,Type IV: 砂堵闭合/未起裂死簇|Type V: 沟通天然断层/强微裂缝簇,0.010556097142398357,cosine,1466.8785400390625,125.46224212646484,0.9749154448509216,1122.56640625,6,0.010055844164842336,0.6425590590282337,1,1,1.0610279609123488e-13,1.070930011337623e-10
581,4,4615.076|4649.011|4697.4165|4737.6753,0.02460445|0.023097662|0.012|0.021920653,8.277111e-06|9.299356e-06|0.0005|1.0803437e-05,257705.14|257705.14|257705.14|257705.14,0.016140785|0.01813091|0.94467|0.021058299,0.00030974997|0.00034794147|0.018128704|0.00040411958,Type IV: 砂堵闭合/未起裂死簇|Type IV: 砂堵闭合/未起裂死簇|Type V: 沟通天然断层/强微裂缝簇|Type IV: 砂堵闭合/未起裂死簇,0.07734440267086029,linear,1455.31298828125,78.13748931884766,1.251998782157898,1547.359130859375,8,0.009960789416234428,0.713381063784515,1,2,8.641746579397466e-14,6.639311322942376e-11
582,3,4839.647|4862.935|4896.3296,0.017726824|0.01973575|0.02081696,0.0008917182|0.0006951208|0.00089167984,504299.38|504299.38|504299.38,0.353937|0.29258442|0.35347858,0.007764449|0.006418535|0.007754393,Type V: 沟通天然断层/强微裂缝簇|Type V: 沟通天然断层/强微裂缝簇|Type V: 沟通天然断层/强微裂缝簇,0.04569114372134209,cosine,1481.691650390625,157.93177795410156,1.4312055110931396,358.06494140625,8,0.0087593772992115,0.6594470806034995,0,-1,1.3695990142784803e-13,2.8421709430404007e-13
583,2,4504.1685|4536.9185,0.0053403946|0.0045835236,0.00054595945|0.00047642202,97454.22|97454.22,0.53320414|0.4667959,0.008631465|0.0075564543,Type V: 沟通天然断层/强微裂缝簇|Type V: 沟通天然断层/强微裂缝簇,0.07774372398853302,cosine,1453.2694091796875,120.02637481689453,1.056107997894287,425.2349548339844,16,0.008934638622144294,0.7209187654199292,0,-1,4.650813629071375e-14,3.410605131648481e-12
584,2,4665.186|4677.2217,0.008925288|0.0065882723,0.0002319695|0.00020323234,81372.82|81372.82,0.5328923|0.4671077,0.0088443365|0.007752519,Type I: 优势发育主进液簇|Type I: 优势发育主进液簇,0.06775964796543121,cosine,1486.2125244140625,192.48837280273438,1.0827871561050415,1704.752685546875,12,0.010779430868085773,0.722683295254082,0,-1,9.23967526838057e-14,2.0190782379359007e-10
585,5,4668.8223|4700.926|4741.1147|4772.8574|4813.9595,0.016956117|0.016510302|0.018681692|0.013798488|0.018818364,1.9193154e-05|2.1961425e-05|2.1206744e-05|2.1433432e-05|2.2156924e-05,37345.816|37345.816|37345.816|37345.816|37345.816,0.18115157|0.20727803|0.20015454|0.2022938|0.20912206,0.002736661|0.003131354|0.0030237394|0.003056057|0.0031592117,Type II: 均衡/正常发育簇|Type II: 均衡/正常发育簇|Type II: 均衡/正常发育簇|Type II: 均衡/正常发育簇|Type II: 均衡/正常发育簇,0.03022875264286995,linear,1496.854736328125,55.357173919677734,0.9855898022651672,20429.62890625,16,0.011281051393013131,0.7305004635863085,0,-1,8.864794071332047e-14,1.939042704179883e-09
586,5,4814.4575|4861.2964|4877.5225|4900.597|4928.0825,0.02284489|0.023684515|0.022726163|0.018932471|0.012,2.9444502e-05|3.139173e-05|2.3704742e-05|3.178003e-05|0.0005,38383.047|38383.047|38383.047|38383.047|38383.047,0.04798934|0.051146224|0.03861845|0.05176709|0.8104789,0.00096844777|0.0010321552|0.00077933876|0.0010446846|0.016355852,Type III: 受抑/欠发育弱进液簇|Type III: 受抑/欠发育弱进液簇|Type IV: 砂堵闭合/未起裂死簇|Type III: 受抑/欠发育弱进液簇|Type V: 沟通天然断层/强微裂缝簇,0.03372230753302574,linear,1427.6331787109375,68.09000396728516,1.3165844678878784,1229.1390380859375,16,0.011735021748626857,0.6658909476388097,1,4,2.1318198061329695e-14,1.978150976356119e-11
587,6,4580.2397|4619.34|4664.63|4679.183|4719.485|4768.111,0.012072693|0.010865019|0.011119425|0.012752915|0.009646332|0.011103894,2.8616352e-05|3.1872674e-05|3.946505e-05|3.750727e-05|3.3291446e-05|3.9111947e-05,113774.08|113774.08|113774.08|113774.08|113774.08|113774.08,0.13636543|0.15187697|0.18804576|0.17871808|0.15863208|0.18636169,0.0017438163|0.0019421752|0.0024046951|0.0022854144|0.0020285584|0.0023831595,Type III: 受抑/欠发育弱进液簇|Type II: 均衡/正常发育簇|Type II: 均衡/正常发育簇|Type II: 均衡/正常发育簇|Type II: 均衡/正常发育簇|Type II: 均衡/正常发育簇,0.05322003364562988,cosine,1419.962646484375,185.6986541748047,0.8342837691307068,3930.166015625,16,0.008784897096743911,0.6901533741023806,0,-1,3.825453205618702e-14,2.3646862246096134e-11
588,2,4786.7466|4834.9014,0.009965672|0.010490118,5.8384492e-05|0.0005,367997.34|367997.34,0.108712666|0.8912873,0.0024680824|0.020234723,Type III: 受抑/欠发育弱进液簇|Type V: 沟通天然断层/强微裂缝簇,0.005842441692948341,linear,1493.075439453125,118.88096618652344,1.4811424016952515,2007.5096435546875,8,0.009130288422947283,0.7105248964096034,1,1,2.0936365773102823e-14,1.3415046851150692e-11
589,2,4872.1553|4890.223,0.007321587|0.005691235,0.00030596045|0.00023879888,2374923.5|2374923.5,0.55255085|0.44744915,0.0094182305|0.007626772,Type I: 优势发育主进液簇|Type I: 优势发育主进液簇,0.05281987413764,linear,1461.3851318359375,110.52400970458984,1.1120245456695557,1326.2269287109375,4,0.00857922482954891,0.6335482850709051,0,-1,2.236973627167682e-13,1.9167600839864463e-10
590,2,4604.221|4647.007,0.010796112|0.013013929,0.00044867984|0.0005187917,284374.25|284374.25,0.46606916|0.53393084,0.006899517|0.007904116,Type I: 优势发育主进液簇|Type V: 沟通天然断层/强微裂缝簇,0.017407534644007683,linear,1448.47412109375,195.37936401367188,0.9657964706420898,486.5368957519531,12,0.00806155021793864,0.6911894759850772,0,-1,2.9319005990374736e-13,6.394884621840902e-11
591,2,4780.558|4812.187,0.012|0.021195285,0.0005|2.1684034e-05,164599.3|164599.3,0.95762545|0.042374577,0.013823434|0.0006116819,Type V: 沟通天然断层/强微裂缝簇|Type III: 受抑/欠发育弱进液簇,0.03809367120265961,linear,1409.325439453125,127.86360168457031,0.9417542219161987,964.3270874023438,12,0.00913233547324836,0.7079485107422879,1,0,2.4875988855616038e-14,7.617018127348274e-12
592,5,4715.727|4762.2876|4804.3384|4849.6353|4899.4688,0.007425222|0.007560447|0.008997746|0.006686892|0.006556269,0.00013351112|0.000120316836|0.0010578863|0.000109499226|0.00011857861,477205.4|477205.4|477205.4|477205.4|477205.4,0.09983737|0.089922555|0.63990533|0.0817986|0.08853611,0.0019922242|0.0017943771|0.012769115|0.001632266|0.001766711,Type III: 受抑/欠发育弱进液簇|Type III: 受抑/欠发育弱进液簇|Type V: 沟通天然断层/强微裂缝簇|Type III: 受抑/欠发育弱进液簇|Type III: 受抑/欠发育弱进液簇,0.08998800814151764,linear,1471.7713623046875,58.28313064575195,1.3018542528152466,358.7328186035156,8,0.008721446640144761,0.6838185850745211,1,2,2.0377120401194465e-13,1.318767317570746e-11
593,3,4506.3716|4554.6626|4590.941,0.014535013|0.017570563|0.0139467055,0.00047784857|0.0005107566|0.00042893802,232018.94|232018.94|232018.94,0.3372304|0.35886574|0.30390388,0.0051416955|0.0054715658|0.0046335715,Type V: 沟通天然断层/强微裂缝簇|Type V: 沟通天然断层/强微裂缝簇|Type II: 均衡/正常发育簇,0.05877212435007095,linear,1432.64697265625,110.72049713134766,0.9947110414505005,275.31170654296875,12,0.008465531485689261,0.6939196672149912,0,-1,1.067218755317241e-13,2.4272139853565022e-11
594,5,4653.8545|4696.222|4725.53|4773.7246|4787.08,0.011840658|0.012587976|0.01093486|0.012336923|0.01019742,5.693958e-05|6.32328e-05|5.4319422e-05|5.110754e-05|6.550538e-05,496071.94|496071.94|496071.94|496071.94|496071.94,0.19562042|0.21719015|0.1866198|0.1755974|0.22497225,0.0036915734|0.004098618|0.0035217218|0.003313717|0.004245475,Type II: 均衡/正常发育簇|Type II: 均衡/正常发育簇|Type II: 均衡/正常发育簇|Type II: 均衡/正常发育簇|Type II: 均衡/正常发育簇,0.0767425149679184,linear,1488.0068359375,150.04022216796875,1.2311604022979736,4427.21728515625,6,0.010345820433384542,0.6354877319084081,0,-1,1.268562874510255e-14,2.1373125491663814e-10
595,5,4743.3994|4761.1885|4780.498|4815.245|4828.34,0.0065952605|0.0056587937|0.0053665056|0.005459141|0.0046880958,1.1457681e-05|1.2721265e-05|0.0005|1.1684788e-05|1.41205155e-05,1200229.9|1200229.9|1200229.9|1200229.9|1200229.9,0.023456775|0.02604105|0.89768225|0.02391767|0.028902285,0.00030374544|0.00033720964|0.011624228|0.00030971365|0.0003742602,Type IV: 砂堵闭合/未起裂死簇|Type IV: 砂堵闭合/未起裂死簇|Type V: 沟通天然断层/强微裂缝簇|Type IV: 砂堵闭合/未起裂死簇|Type IV: 砂堵闭合/未起裂死簇,0.054170724004507065,cosine,1458.2430419921875,92.65117645263672,0.8448095321655273,828.1535034179688,4,0.010341970704081629,0.6132842389364205,1,2,1.291414891690934e-13,4.172306944383308e-11
596,3,4572.3145|4621.408|4665.908,0.01932111|0.025613714|0.027346604,0.00030935564|0.00022628413|0.00022426974,1260768.5|1260768.5|1260768.5,0.40089953|0.30081567|0.2982848,0.008145866|0.006112265|0.00606084,Type I: 优势发育主进液簇|Type II: 均衡/正常发育簇|Type II: 均衡/正常发育簇,0.04499123618006706,linear,1477.6925048828125,141.1990966796875,1.3256199359893799,994.48779296875,4,0.009266410664463175,0.7453493398617145,0,-1,5.071249613275951e-14,2.205524651799351e-11
597,3,4855.028|4871.3867|4887.3945,0.026589748|0.019711675|0.020755654,8.2207545e-05|9.426587e-05|0.00010131134,471860.25|471860.25|471860.25,0.29608178|0.33933765|0.36458057,0.006705193|0.007684784|0.008256446,Type II: 均衡/正常发育簇|Type II: 均衡/正常发育簇|Type I: 优势发育主进液簇,0.04552270844578743,linear,1405.04150390625,198.81256103515625,1.477463960647583,6973.06884765625,6,0.009745378034525765,0.7343537076986086,0,-1,9.927403002299787e-14,5.566107574850321e-10
598,4,4836.413|4882.6255|4912.2666|4944.4214,0.008344212|0.007605048|0.0064818333|0.007649621,3.301019e-05|3.0394176e-05|3.490726e-05|0.0005,367745.84|367745.84|367745.84|367745.84,0.057250127|0.052700553|0.06051253|0.8295368,0.0011366558|0.0010463276|0.0012014282|0.016469795,Type III: 受抑/欠发育弱进液簇|Type III: 受抑/欠发育弱进液簇|Type III: 受抑/欠发育弱进液簇|Type V: 沟通天然断层/强微裂缝簇,0.049280427396297455,cosine,1405.79833984375,134.97633361816406,1.295298457145691,1398.18798828125,8,0.009705001615016058,0.6290794752323994,1,3,2.4377093225946833e-13,1.6302692529279739e-10
599,1,4765.89,0.012,0.0005,83075.59,1.0,0.014616843,Type V: 沟通天然断层/强微裂缝簇,0.031658731400966644,cosine,1469.6241455078125,152.47360229492188,0.9536101818084717,1066.3837890625,12,0.011375274182178794,0.6422718702830141,1,0,4.0944518961286494e-14,4.160938260611147e-11
600,6,4758.6255|4802.9365|4842.5806|4869.118|4887.4624|4934.364,0.01241058|0.0124544175|0.012|0.012025142|0.012435949|0.01205813,1.366638e-05|1.2756859e-05|0.0005|1.3465326e-05|1.5472864e-05|1.5734366e-05,130487.875|130487.875|130487.875|130487.875|130487.875|130487.875,0.024279851|0.022657836|0.87373644|0.0239107|0.027475415|0.027939744,0.0004452809|0.00041553393|0.01602391|0.00043851085|0.000503886|0.0005124016,Type IV: 砂堵闭合/未起裂死簇|Type IV: 砂堵闭合/未起裂死簇|Type V: 沟通天然断层/强微裂缝簇|Type IV: 砂堵闭合/未起裂死簇|Type IV: 砂堵闭合/未起裂死簇|Type IV: 砂堵闭合/未起裂死簇,0.08851143717765808,cosine,1487.740478515625,79.03871154785156,1.1964797973632812,1205.508544921875,12,0.00947414947872207,0.7387777836977223,1,2,1.7801713336935976e-13,7.071321306284517e-11
601,5,4652.6255|4699.0825|4712.303|4745.165|4785.116,0.007236582|0.0075003565|0.0074750856|0.0077852714|0.0059940224,0.00032227367|0.000355516|0.00030676683|0.00036284304|0.00029966468,92559.4|92559.4|92559.4|92559.4|92559.4,0.19604382|0.21568486|0.18633415|0.2199506|0.18198657,0.0028602795|0.0031468424|0.0027186156|0.0032090794|0.0026551844,Type II: 均衡/正常发育簇|Type II: 均衡/正常发育簇|Type II: 均衡/正常发育簇|Type II: 均衡/正常发育簇|Type II: 均衡/正常发育簇,0.013224766589701176,cosine,1408.4984130859375,154.185791015625,0.9518589973449707,274.1249694824219,12,0.0105572761335995,0.70642384367347,0,-1,1.184225108382883e-13,1.722355591482483e-11
602,2,4501.9053|4523.944,0.0045459475|0.0062572034,0.00010238478|0.00096007326,48970.14|48970.14,0.098315716|0.9016843,0.0015498393|0.014214063,Type III: 受抑/欠发育弱进液簇|Type V: 沟通天然断层/强微裂缝簇,0.06697948276996613,cosine,1480.529541015625,90.55026245117188,1.0284448862075806,365.3470153808594,16,0.010697790460842752,0.7093928171852595,1,1,2.9271713769237276e-14,9.663381206337363e-12
603,1,4881.8354,0.012,0.0007627624,687375.0,1.0,0.017302226,Type V: 沟通天然断层/强微裂缝簇,0.032761286944150925,cosine,1448.1700439453125,137.96095275878906,1.1288059949874878,917.5859375,4,0.011194344050494978,0.6916819775562439,1,0,7.419249676426931e-14,7.571543392259628e-11
604,2,4874.9272|4896.0684,0.015657173|0.012,8.590264e-05|0.00071763754,662907.5|662907.5,0.12151375|0.8784863,0.00232624|0.016817603,Type III: 受抑/欠发育弱进液簇|Type V: 沟通天然断层/强微裂缝簇,0.07115811109542847,cosine,1468.0843505859375,89.58155059814453,1.248953938484192,898.7869262695312,6,0.009336693808554042,0.6749889456251792,1,1,5.726881913570986e-14,3.785771696129814e-11
605,5,4822.448|4854.547|4888.849|4923.334|4935.0303,0.004932239|0.006003039|0.00563161|0.0061805197|0.004615272,0.00068011595|0.00091914367|0.0009132807|0.0006877084|0.0006857425,594922.9|594922.9|594922.9|594922.9|594922.9,0.18293148|0.22662723|0.2250404|0.18291287|0.182488,0.0024175984|0.0029950757|0.0029741044|0.0024173523|0.0024117373,Type V: 沟通天然断层/强微裂缝簇|Type V: 沟通天然断层/强微裂缝簇|Type V: 沟通天然断层/强微裂缝簇|Type V: 沟通天然断层/强微裂缝簇|Type V: 沟通天然断层/强微裂缝簇,0.08136077970266342,cosine,1492.234375,92.57931518554688,0.8622099161148071,143.18856811523438,6,0.009842283699536053,0.6411907738660949,0,-1,2.5989608482359684e-14,4.348521542851813e-12
606,4,4791.5454|4805.3936|4838.709|4860.015,0.008715387|0.008113777|0.0086938655|0.008409887,9.956378e-05|9.411862e-05|8.767159e-05|6.961345e-05,89706.6|89706.6|89706.6|89706.6,0.28366643|0.26816028|0.24980056|0.19837272,0.005345382|0.0050531854|0.0047072163|0.0037381155,Type II: 均衡/正常发育簇|Type II: 均衡/正常发育簇|Type II: 均衡/正常发育簇|Type II: 均衡/正常发育簇,0.010979033075273037,cosine,1458.705078125,156.93698120117188,1.229385495185852,3110.775390625,16,0.009457074514771468,0.6706791620841457,0,-1,3.792771625195021e-14,2.0872903405688703e-10
607,6,4776.215|4806.3154|4817.824|4831.3022|4842.1763|4863.9365,0.018237548|0.014174488|0.014974674|0.017560497|0.020919072|0.01904332,0.00023627341|0.00025091894|0.00020347715|0.0002589132|0.00024589393|0.0002233624,2574740.2|2574740.2|2574740.2|2574740.2|2574740.2|2574740.2,0.16685082|0.175655|0.14594448|0.18038064|0.17255232|0.15861672,0.0021417758|0.0022547906|0.0018734122|0.002315451|0.0022149628|0.002036079,Type II: 均衡/正常发育簇|Type II: 均衡/正常发育簇|Type III: 受抑/欠发育弱进液簇|Type II: 均衡/正常发育簇|Type II: 均衡/正常发育簇|Type II: 均衡/正常发育簇,0.04435969889163971,cosine,1492.7225341796875,128.5592803955078,0.8374578356742859,254.80905151367188,4,0.008438885159277775,0.628874190351816,0,-1,3.270393192909317e-14,1.3727685654885136e-11
608,3,4867.335|4903.9604|4919.7373,0.018757034|0.01800243|0.017955989,0.00012859989|0.00014259097|0.00015198081,787867.1|787867.1|787867.1,0.3043383|0.33693075|0.3587309,0.006947154|0.0076911445|0.008188779,Type II: 均衡/正常发育簇|Type II: 均衡/正常发育簇|Type I: 优势发育主进液簇,0.07710195332765579,linear,1462.5755615234375,108.7349853515625,1.4892500638961792,3167.232421875,6,0.009395048543854246,0.611483620861864,0,-1,2.1278352784457905e-15,0.0
609,6,4821.9136|4836.0605|4857.138|4898.236|4921.1675|4950.0,0.0072493833|0.0058256374|0.0082426695|0.0077985027|0.0061969524|0.006048989,1.7486125e-05|1.4884618e-05|1.41945875e-05|1.6661417e-05|0.0005|1.8811725e-05,582113.94|582113.94|582113.94|582113.94|582113.94|582113.94,0.03185193|0.027111614|0.02585194|0.030337617|0.8505984|0.034248475,0.00061498326|0.00052345934|0.0004991381|0.00058574555|0.016422987|0.00066125474,Type IV: 砂堵闭合/未起裂死簇|Type IV: 砂堵闭合/未起裂死簇|Type IV: 砂堵闭合/未起裂死簇|Type IV: 砂堵闭合/未起裂死簇|Type V: 沟通天然断层/强微裂缝簇|Type IV: 砂堵闭合/未起裂死簇,0.06450659036636353,linear,1414.263671875,125.99187469482422,1.2596354484558105,1435.838623046875,8,0.008417782321610216,0.664616714903056,1,4,7.241653294815659e-14,2.2737367544323206e-13
610,1,4674.3403,0.012,0.0010707253,63485.68,1.0,0.020256689,Type V: 沟通天然断层/强微裂缝簇,0.0875653326511383,linear,1433.030517578125,59.88364028930664,1.321556568145752,521.345703125,12,0.011634638797425333,0.7023210224914702,1,0,5.669173897687729e-14,1.432454155292362e-11
611,2,4893.4424|4933.294,0.008108574|0.0070924717,0.0002570993|0.00032242062,163772.84|163772.84,0.4444176|0.5555824,0.00711184|0.008890767,Type I: 优势发育主进液簇|Type I: 优势发育主进液簇,0.033053722232580185,cosine,1477.3519287109375,149.19619750976562,1.044018030166626,973.635986328125,8,0.011630877903178342,0.6563336840558166,0,-1,3.7290479813203645e-14,1.944044925039634e-11
612,6,4599.9116|4617.559|4638.5312|4663.108|4708.3022|4755.399,0.016709656|0.012|0.013997428|0.016801892|0.013449572|0.014752862,9.931e-06|0.0005|1.2082948e-05|1.1042622e-05|8.955332e-06|1.0424806e-05,854493.8|854493.8|854493.8|854493.8|854493.8|854493.8,0.01961566|0.89643526|0.02386362|0.021809204|0.01768711|0.020589119,0.00040939954|0.01870955|0.0004980589|0.00045518109|0.00036914865|0.00042971663,Type IV: 砂堵闭合/未起裂死簇|Type V: 沟通天然断层/强微裂缝簇|Type IV: 砂堵闭合/未起裂死簇|Type IV: 砂堵闭合/未起裂死簇|Type IV: 砂堵闭合/未起裂死簇|Type IV: 砂堵闭合/未起裂死簇,0.03536400943994522,cosine,1439.712158203125,93.02301788330078,1.3616381883621216,1873.504638671875,4,0.0109448304174126,0.648975175661336,1,1,8.577595014477857e-14,8.049028110690415e-11
613,3,4620.1157|4649.3184|4689.936,0.0103638|0.009081503|0.010420648,0.0005|3.9368442e-05|3.6061425e-05,826862.6|826862.6|826862.6,0.8579113|0.07415549|0.06793321,0.01832775|0.0015842002|0.0014512723,Type V: 沟通天然断层/强微裂缝簇|Type III: 受抑/欠发育弱进液簇|Type III: 受抑/欠发育弱进液簇,0.033186934888362885,cosine,1485.9534912109375,118.68191528320312,1.393747329711914,1825.118408203125,4,0.010663513238850503,0.6949976266070996,1,0,6.008903396831789e-15,1.3869794202037156e-11
614,1,4858.645,0.016241902,0.00029927076,308651.22,1.0,0.014861152,Type I: 优势发育主进液簇,0.07670292258262634,linear,1493.7591552734375,79.56194305419922,0.9695490002632141,2657.388916015625,12,0.008368740390963792,0.6156376759499297,0,-1,1.1194285786959163e-13,3.2514435588382185e-10
615,3,4716.644|4732.7207|4748.785,0.008420292|0.010754517|0.008859084,0.00011758162|0.0010417409|0.00012430185,906307.06|906307.06|906307.06,0.11926631|0.75477344|0.12596025,0.0020252175|0.012816531|0.0021388847,Type III: 受抑/欠发育弱进液簇|Type V: 沟通天然断层/强微裂缝簇|Type III: 受抑/欠发育弱进液簇,0.0038436995819211006,cosine,1437.1514892578125,109.36758422851562,1.1078250408172607,464.97271728515625,4,0.011036480894175757,0.6197288426800632,1,1,1.4404410552792263e-13,1.5120349416974932e-11
616,4,4524.9136|4571.839|4601.421|4615.393,0.012702982|0.016948385|0.015609166|0.01737282,0.00016948984|0.00021638803|0.00022693287|0.00019772149,216859.34|216859.34|216859.34|216859.34,0.20949784|0.2668389|0.27967072|0.24399254,0.002592485|0.0033020668|0.003460857|0.0030193485,Type II: 均衡/正常发育簇|Type II: 均衡/正常发育簇|Type II: 均衡/正常发育簇|Type II: 均衡/正常发育簇,0.09220298379659653,cosine,1402.28466796875,60.8553466796875,0.8073354363441467,324.72601318359375,12,0.008765480848901101,0.6694818656156191,0,-1,8.817474067513917e-14,7.44648787076585e-12
617,6,4593.8545|4618.1577|4635.018|4678.857|4705.48|4750.46,0.005735533|0.0046084556|0.005175726|0.0058460566|0.0053347214|0.0049791383,0.0005|4.9128874e-05|5.471772e-05|4.3530883e-05|5.4697903e-05|4.9824605e-05,1152888.2|1152888.2|1152888.2|1152888.2|1152888.2|1152888.2,0.6365675|0.07089063|0.07892752|0.06282937|0.07889673|0.07188826,0.008223565|0.0009158082|0.0010196336|0.00081166794|0.0010192358|0.0009286962,Type V: 沟通天然断层/强微裂缝簇|Type III: 受抑/欠发育弱进液簇|Type III: 受抑/欠发育弱进液簇|Type III: 受抑/欠发育弱进液簇|Type III: 受抑/欠发育弱进液簇|Type III: 受抑/欠发育弱进液簇,0.09934346377849579,cosine,1414.0015869140625,189.1107177734375,0.8428164124488831,569.0145874023438,4,0.01024724855709865,0.6373712485991861,1,0,1.55900235754812e-13,4.7407411329913884e-11
618,1,4796.5874,0.012,0.0005595911,429355.22,1.0,0.016584935,Type V: 沟通天然断层/强微裂缝簇,0.08033907413482666,cosine,1459.1258544921875,193.96583557128906,1.0820094347000122,1244.068115234375,8,0.008724867646740308,0.7203516608796967,1,0,1.6442545296233707e-13,4.5929482439532876e-11
619,1,4743.905,0.009365436,0.0005,451934.22,1.0,0.016713046,Type V: 沟通天然断层/强微裂缝簇,0.009590448811650276,cosine,1454.6285400390625,141.89585876464844,1.0903674364089966,1439.267333984375,8,0.00941105326398561,0.6034711990319274,1,0,4.0272296673686536e-14,3.342393029015511e-11
620,6,4775.091|4816.275|4834.735|4867.3716|4914.03|4950.0,0.0071672546|0.010012927|0.009820477|0.008747029|0.00970695|0.0077258823,4.48411e-05|4.3816755e-05|4.8785776e-05|4.1893203e-05|4.2716103e-05|4.1849573e-05,538838.9|538838.9|538838.9|538838.9|538838.9|538838.9,0.1699212|0.16603681|0.18484098|0.15875115|0.16186526|0.1585846,0.0024087369|0.002353673|0.0026202337|0.0022503943|0.002294539|0.0022480334,Type II: 均衡/正常发育簇|Type II: 均衡/正常发育簇|Type II: 均衡/正常发育簇|Type II: 均衡/正常发育簇|Type II: 均衡/正常发育簇|Type II: 均衡/正常发育簇,0.054708849638700485,linear,1483.168212890625,152.0944366455078,0.9248239994049072,3079.947021484375,6,0.00963102521298307,0.7036146513066647,0,-1,1.1148253950847217e-13,1.2823875294998288e-10
621,5,4549.9873|4595.061|4616.3965|4635.795|4651.132,0.018808544|0.01620858|0.02040603|0.018685127|0.019578042,0.00049120194|0.0004957956|0.00048567317|0.00043084365|0.00037001472,883299.56|883299.56|883299.56|883299.56|883299.56,0.21430059|0.21541455|0.2116501|0.19126105|0.1673737,0.004873575|0.0048989085|0.0048132986|0.0043496154|0.0038063743,Type V: 沟通天然断层/强微裂缝簇|Type V: 沟通天然断层/强微裂缝簇|Type V: 沟通天然断层/强微裂缝簇|Type II: 均衡/正常发育簇|Type II: 均衡/正常发育簇,0.022222960367798805,cosine,1423.9588623046875,195.8626708984375,1.4836846590042114,410.0810852050781,4,0.010463716798112905,0.6983524437655636,0,-1,8.25340636763025e-14,1.4267698134062812e-11
622,3,4866.614|4891.0938|4923.7324,0.007596065|0.007371211|0.007983003,0.00012255616|0.00109269|9.808178e-05,630386.9|630386.9|630386.9,0.11675602|0.7896863|0.09355764,0.0025503489|0.017249437|0.0020436172,Type III: 受抑/欠发育弱进液簇|Type V: 沟通天然断层/强微裂缝簇|Type III: 受抑/欠发育弱进液簇,0.047647625207901,cosine,1443.1839599609375,95.85338592529297,1.4250746965408325,626.6393432617188,8,0.008472343981178196,0.6304634003936624,1,1,1.4850857902367481e-13,0.0
623,6,4802.655|4846.5757|4892.9917|4908.8657|4926.127|4950.0,0.0053358944|0.006975561|0.0060358313|0.005898932|0.0050347745|0.0070756394,5.3757707e-05|6.49929e-05|6.749944e-05|6.681543e-05|5.47532e-05|6.7678055e-05,1154320.6|1154320.6|1154320.6|1154320.6|1154320.6|1154320.6,0.14327574|0.17307137|0.17970063|0.177887|0.14589505|0.18017021,0.0029410578|0.0035526801|0.0036887608|0.0036515316|0.0029948251|0.0036983998,Type III: 受抑/欠发育弱进液簇|Type II: 均衡/正常发育簇|Type II: 均衡/正常发育簇|Type II: 均衡/正常发育簇|Type III: 受抑/欠发育弱进液簇|Type II: 均衡/正常发育簇,0.08073132485151291,linear,1406.7144775390625,73.99897003173828,1.3392084836959839,3158.850830078125,4,0.010011241414473807,0.6673620904613449,0,-1,9.955077940378837e-14,2.637534635141492e-10
624,6,4771.857|4812.114|4848.9087|4891.529|4929.831|4950.0,0.0069726524|0.005263721|0.0068782987|0.006934063|0.0057801176|0.005818682,0.00021601809|0.00019337906|0.00017540311|0.00017949559|0.00024451362|0.0002464497,161895.06|161895.06|161895.06|161895.06|161895.06|161895.06,0.17232278|0.15424092|0.13990334|0.14309502|0.19445933|0.1959786,0.003334683|0.002984774|0.0027073221|0.0027690856|0.0037630557|0.0037924554,Type II: 均衡/正常发育簇|Type II: 均衡/正常发育簇|Type III: 受抑/欠发育弱进液簇|Type III: 受抑/欠发育弱进液簇|Type II: 均衡/正常发育簇|Type II: 均衡/正常发育簇,0.0969710424542427,cosine,1409.238525390625,161.54702758789062,1.2624934911727905,473.9299621582031,8,0.011123105823596643,0.7217747415527032,0,-1,1.796454152970528e-13,1.2562395568238571e-11
625,1,4849.9126,0.01737971,0.00011069726,849162.3,1.0,0.017750928,Type I: 优势发育主进液簇,0.08190608024597168,linear,1480.1348876953125,58.13389587402344,1.1580795049667358,26101.603515625,4,0.010675333455427887,0.6842934212574873,0,-1,1.4815228308474176e-13,7.312337402254343e-10
626,4,4625.3193|4661.6934|4710.89|4754.8213,0.028913042|0.02834354|0.029125948|0.023188846,0.0007218264|0.0007089842|0.0005317013|0.0007486124,63694.87|63694.87|63694.87|63694.87,0.26671082|0.26136163|0.19703387|0.27489364,0.004750506|0.004655229|0.0035094584|0.004896254,Type V: 沟通天然断层/强微裂缝簇|Type V: 沟通天然断层/强微裂缝簇|Type V: 沟通天然断层/强微裂缝簇|Type V: 沟通天然断层/强微裂缝簇,0.06354474276304245,linear,1468.2708740234375,130.5204620361328,1.1620277166366577,234.76882934570312,16,0.010741872884626861,0.6169193451459376,0,-1,4.3262301293450767e-13,2.4698465495021082e-11
627,5,4709.3975|4726.456|4756.578|4792.4097|4835.5386,0.012870304|0.0138470065|0.016373923|0.01632805|0.016727384,0.0007673629|0.00069741084|0.0006975848|0.00072151294|0.00055537815,557110.56|557110.56|557110.56|557110.56|557110.56,0.21889019|0.20294651|0.20258974|0.20779586|0.16777772,0.004591571|0.004257127|0.004249643|0.00435885|0.0035194054,Type V: 沟通天然断层/强微裂缝簇|Type V: 沟通天然断层/强微裂缝簇|Type V: 沟通天然断层/强微裂缝簇|Type V: 沟通天然断层/强微裂缝簇|Type V: 沟通天然断层/强微裂缝簇,0.0453915148973465,cosine,1456.43701171875,117.81813049316406,1.3685237169265747,248.99813842773438,8,0.008366250221598,0.6877620790037234,0,-1,1.1263473470969967e-13,1.0913936421275139e-11
628,1,4700.146,0.028413549,0.00088532595,743980.56,1.0,0.018127013,Type V: 沟通天然断层/强微裂缝簇,0.06154494732618332,cosine,1444.71484375,123.64888000488281,1.1826153993606567,849.914794921875,6,0.009066711575995732,0.6756611995668826,0,-1,2.3350374097393795e-14,4.1950443119276315e-11
629,3,4533.5815|4549.4507|4590.2266,0.012188818|0.012919386|0.013667461,0.00032554442|0.0003786327|0.00039896308,2752495.2|2752495.2|2752495.2,0.3048409|0.34117773|0.35398138,0.004338136|0.0048552384|0.0050374446,Type II: 均衡/正常发育簇|Type II: 均衡/正常发育簇|Type I: 优势发育主进液簇,0.09489011764526367,cosine,1478.523681640625,151.41732788085938,0.9284257888793945,418.2994384765625,4,0.008067207315081511,0.6655656403742602,0,-1,5.2172797874484866e-14,1.1937117960769683e-12
630,4,4682.7036|4716.9995|4760.166|4778.953,0.020075338|0.013654856|0.013865957|0.016391084,0.00024009075|0.00020856418|0.00024100467|0.00019934116,112236.86|112236.86|112236.86|112236.86,0.27004188|0.23469898|0.27093542|0.22432373,0.004442505|0.0038610732|0.004457205|0.003690388,Type II: 均衡/正常发育簇|Type II: 均衡/正常发育簇|Type II: 均衡/正常发育簇|Type II: 均衡/正常发育簇,0.012155693024396896,linear,1477.0169677734375,159.0155487060547,1.0732827186584473,555.1142578125,12,0.00987440819773492,0.7333131322985251,0,-1,1.3455012657422744e-13,1.4779288903810084e-11
631,2,4511.9365|4544.689,0.01107152|0.00942656,0.00010746346|8.228397e-05,613345.75|613345.75,0.5659933|0.4340067,0.007820946|0.005997143,Type I: 优势发育主进液簇|Type I: 优势发育主进液簇,0.02325267344713211,linear,1435.7725830078125,163.42747497558594,0.9014990925788879,5532.7646484375,6,0.010050313245780866,0.6056162153899848,0,-1,3.1259469703481466e-14,7.639755494892597e-11
632,5,4576.58|4603.4126|4644.8574|4657.199|4699.0063,0.009991341|0.013388558|0.012442079|0.009943256|0.011473917,5.0335675e-05|5.3971336e-05|6.588758e-05|5.4808388e-05|4.7129044e-05,350866.78|350866.78|350866.78|350866.78|350866.78,0.1849929|0.19833604|0.24205987|0.20140347|0.17320772,0.0033834793|0.0036275224|0.0044272216|0.003683625|0.003167931,Type II: 均衡/正常发育簇|Type II: 均衡/正常发育簇|Type II: 均衡/正常发育簇|Type II: 均衡/正常发育簇|Type II: 均衡/正常发育簇,0.04202533885836601,cosine,1435.885498046875,153.75469970703125,1.1932344436645508,4738.09619140625,8,0.009943778056053903,0.6134747071857253,0,-1,1.390451203611351e-13,2.3646862246096134e-10
633,1,4782.431,0.021873401,0.00016496828,909643.5,1.0,0.02257833,Type I: 优势发育主进液簇,0.06677326560020447,cosine,1448.8656005859375,154.50584411621094,1.4730217456817627,19448.400390625,6,0.009094570047298408,0.6073085630788448,0,-1,1.052589344353351e-13,2.735760062932968e-09
634,2,4507.419|4550.856,0.019372392|0.012,0.000546872|0.0015,295248.9|295248.9,0.31101033|0.68898964,0.0058143944|0.012880786,Type V: 沟通天然断层/强微裂缝簇|Type V: 沟通天然断层/强微裂缝簇,0.04169055446982384,cosine,1408.6282958984375,84.59750366210938,1.219683051109314,271.4009704589844,6,0.010903106709647352,0.7416768035752677,1,1,5.122001116969997e-14,1.2789769243681803e-11
635,2,4707.93|4743.948,0.019953307|0.021258852,0.00022290778|0.00019238098,1769716.6|1769716.6,0.5341686|0.46583137,0.010377795|0.009050143,Type I: 优势发育主进液簇|Type I: 优势发育主进液簇,0.01570974662899971,linear,1452.8583984375,107.48241424560547,1.2674884796142578,2537.45361328125,4,0.008711793681822382,0.7117600387137782,0,-1,1.4929312126821248e-13,1.5825207810848951e-10
636,6,4837.7134|4858.46|4870.1616|4902.6577|4921.632|4950.0,0.013165306|0.009016229|0.009820441|0.009151608|0.010284054|0.011464624,0.0006806567|0.0007789182|0.0006012261|0.00064312527|0.0006361831|0.0007601643,153113.95|153113.95|153113.95|153113.95|153113.95|153113.95,0.16726078|0.18861127|0.14791682|0.15721679|0.15551272|0.1834816,0.0034908622|0.0039364635|0.003087139|0.0032812364|0.0032456713|0.0038294035,Type V: 沟通天然断层/强微裂缝簇|Type V: 沟通天然断层/强微裂缝簇|Type V: 沟通天然断层/强微裂缝簇|Type V: 沟通天然断层/强微裂缝簇|Type V: 沟通天然断层/强微裂缝簇|Type V: 沟通天然断层/强微裂缝簇,0.018680188804864883,cosine,1491.9444580078125,121.55077362060547,1.3616199493408203,234.78274536132812,12,0.010084964543038963,0.6018984499027078,0,-1,5.400965048460438e-13,2.8393287720973603e-11
637,5,4657.724|4705.235|4718.997|4735.012|4768.606,0.015443777|0.016203625|0.017474355|0.015252091|0.016619626,0.00084308215|0.0011428708|0.0008785126|0.00078448746|0.0008199096,2260658.0|2260658.0|2260658.0|2260658.0|2260658.0,0.19776782|0.2167664|0.19982645|0.1911045|0.19453482,0.003211838|0.0035203835|0.003245271|0.0031036225|0.0031593326,Type V: 沟通天然断层/强微裂缝簇|Type V: 沟通天然断层/强微裂缝簇|Type V: 沟通天然断层/强微裂缝簇|Type V: 沟通天然断层/强微裂缝簇|Type V: 沟通天然断层/强微裂缝簇,0.059625037014484406,linear,1479.4385986328125,151.99658203125,1.059535026550293,239.7876434326172,4,0.008504552699602232,0.6608155115801294,0,-1,4.629362214750299e-13,3.3651303965598345e-11
638,6,4603.67|4617.789|4640.53|4680.5645|4693.2437|4730.3906,0.009288431|0.009894137|0.0070596226|0.009357321|0.007197337|0.0071657626,0.00017680349|0.00017332798|0.00018188034|0.00013653236|0.00018121909|0.00017138732,91400.125|91400.125|91400.125|91400.125|91400.125|91400.125,0.17319931|0.16977216|0.1780865|0.13374558|0.17739925|0.1677972,0.0032770091|0.003212166|0.0033694769|0.0025305266|0.0033564738|0.0031747986,Type II: 均衡/正常发育簇|Type II: 均衡/正常发育簇|Type II: 均衡/正常发育簇|Type III: 受抑/欠发育弱进液簇|Type II: 均衡/正常发育簇|Type II: 均衡/正常发育簇,0.08651969581842422,linear,1444.1387939453125,116.12423706054688,1.234379768371582,527.356689453125,16,0.009826847671708258,0.6153735016605733,0,-1,9.113499207678497e-14,1.3642420526593924e-11
639,6,4537.299|4563.509|4602.4614|4616.1353|4655.1377|4685.6143,0.010882101|0.01111393|0.014709731|0.011634517|0.012|0.0119796395,1.8567986e-05|1.3712518e-05|1.3998522e-05|1.6649967e-05|0.0005|1.61865e-05,31381.783|31381.783|31381.783|31381.783|31381.783|31381.783,0.03219149|0.023769686|0.024259564|0.028852366|0.8628835|0.028043367,0.0004598151|0.0003395202|0.00034651748|0.0004121199|0.0123252105|0.00040056437,Type IV: 砂堵闭合/未起裂死簇|Type IV: 砂堵闭合/未起裂死簇|Type IV: 砂堵闭合/未起裂死簇|Type IV: 砂堵闭合/未起裂死簇|Type V: 沟通天然断层/强微裂缝簇|Type IV: 砂堵闭合/未起裂死簇,0.019699446856975555,linear,1427.849365234375,145.6919403076172,0.9318788647651672,796.7531127929688,16,0.011800294433463341,0.7283097798697238,1,4,9.594341346516513e-15,3.285549610154703e-11
640,2,4692.951|4737.6094,0.006348384|0.0050544525,6.120114e-05|0.0005059624,668308.4|668308.4,0.115640126|0.8843599,0.0023318029|0.017832503,Type III: 受抑/欠发育弱进液簇|Type V: 沟通天然断层/强微裂缝簇,0.02956826612353325,cosine,1455.6785888671875,72.43407440185547,1.315529465675354,1604.8255615234375,6,0.008865782807458882,0.7455671178090341,1,1,5.196176808600593e-14,7.480593922082335e-11
641,5,4725.2334|4746.2485|4760.2886|4793.383|4814.009,0.005746846|0.00674472|0.0066263075|0.007671082|0.0055759666,0.0002288014|0.0015|0.00025080523|0.0002890934|0.00028577846,33584.57|33584.57|33584.57|33584.57|33584.57,0.09165682|0.57859004|0.1002061|0.115435794|0.11411127,0.0017953819|0.011333472|0.001962846|0.0022611665|0.0022352217,Type III: 受抑/欠发育弱进液簇|Type V: 沟通天然断层/强微裂缝簇|Type III: 受抑/欠发育弱进液簇|Type III: 受抑/欠发育弱进液簇|Type III: 受抑/欠发育弱进液簇,0.042352333664894104,linear,1456.3499755859375,123.8188247680664,1.2779366970062256,258.80682373046875,16,0.011543299258410996,0.7357170743773578,1,1,1.6560742306572646e-13,1.6484591469634324e-12
642,4,4847.644|4896.0176|4922.9863|4950.0,0.005952374|0.006314286|0.005541354|0.0053269137,0.0002821387|0.00020434508|0.0001954846|0.00026022195,222194.25|222194.25|222194.25|222194.25,0.2989008|0.21729253|0.20792761|0.27587903,0.004563528|0.0033175573|0.0031745767|0.0042120386,Type II: 均衡/正常发育簇|Type II: 均衡/正常发育簇|Type II: 均衡/正常发育簇|Type II: 均衡/正常发育簇,0.08364249020814896,linear,1413.007080078125,157.05215454101562,0.9960724711418152,469.34039306640625,8,0.011224628914889562,0.6050067779163697,0,-1,1.0850755650980773e-13,2.034994395216927e-11
643,5,4513.4673|4557.09|4586.185|4622.952|4668.3066,0.029516904|0.026424756|0.0236162|0.026757257|0.026791407,0.00039510403|0.0004945318|0.00050590147|0.00047106188|0.00050794205,1039213.25|1039213.25|1039213.25|1039213.25|1039213.25,0.17234047|0.2070788|0.21063714|0.19880845|0.21113516,0.0033759007|0.0040563745|0.004126077|0.0038943703|0.0041358327,Type II: 均衡/正常发育簇|Type V: 沟通天然断层/强微裂缝簇|Type V: 沟通天然断层/强微裂缝簇|Type V: 沟通天然断层/强微裂缝簇|Type V: 沟通天然断层/强微裂缝簇,0.09981230646371841,linear,1464.3912353515625,151.30123901367188,1.2779672145843506,306.1864929199219,6,0.008646066659947136,0.6286658566095779,0,-1,2.568182212031589e-13,2.3362645151792094e-11
644,6,4598.2104|4609.6694|4633.8022|4678.5005|4699.463|4720.488,0.019737829|0.023217823|0.021925062|0.025335232|0.012|0.020109763,9.9605146e-05|9.550103e-05|0.0001014345|0.00011486451|0.0011993789|0.0001331456,136732.08|136732.08|136732.08|136732.08|136732.08|136732.08,0.06087114|0.058334086|0.061893262|0.069959596|0.6679277|0.081014216,0.0012888903|0.0012351705|0.0013105328|0.00148133|0.014142754|0.0017154014,Type III: 受抑/欠发育弱进液簇|Type III: 受抑/欠发育弱进液簇|Type III: 受抑/欠发育弱进液簇|Type III: 受抑/欠发育弱进液簇|Type V: 沟通天然断层/强微裂缝簇|Type III: 受抑/欠发育弱进液簇,0.05435478687286377,linear,1442.869873046875,118.7817153930664,1.381407618522644,369.65814208984375,16,0.00831598509796769,0.7025512871825339,1,4,2.5659457740002944e-13,2.142996891052462e-11
645,4,4516.4033|4537.1133|4558.819|4584.2573,0.00935814|0.007016613|0.0069386233|0.008785826,2.7606458e-05|2.9057057e-05|3.6295103e-05|3.4447676e-05,1133044.6|1133044.6|1133044.6|1133044.6,0.2167173|0.22809322|0.28483388|0.2703556,0.0042549586|0.00447831|0.0055923373|0.005308076,Type II: 均衡/正常发育簇|Type II: 均衡/正常发育簇|Type II: 均衡/正常发育簇|Type II: 均衡/正常发育簇,0.03761756047606468,linear,1463.025390625,101.09504699707031,1.2809113264083862,23947.775390625,4,0.009714339570293325,0.715402672959901,0,-1,2.9863810128158766e-14,5.493347998708487e-10
646,3,4825.95|4845.663|4861.2896,0.021722892|0.0273005|0.012,3.0303921e-05|2.4116107e-05|0.0005,228210.36|228210.36|228210.36,0.05604559|0.04459856|0.8993558,0.0009454859|0.00075237517|0.015172081,Type III: 受抑/欠发育弱进液簇|Type III: 受抑/欠发育弱进液簇|Type V: 沟通天然断层/强微裂缝簇,0.06557607650756836,cosine,1417.295166015625,189.02383422851562,1.100603461265564,1218.4503173828125,12,0.008625497268838959,0.6739744184677707,1,2,1.14757446709364e-13,2.9558577807620168e-12
647,2,4837.9233|4878.968,0.010278005|0.007591139,8.622091e-05|0.0005625976,491577.38|491577.38,0.14125045|0.85874957,0.001814151|0.011029354,Type III: 受抑/欠发育弱进液簇|Type V: 沟通天然断层/强微裂缝簇,0.09262408316135406,cosine,1432.4326171875,55.699520111083984,0.8379167318344116,532.7518920898438,4,0.011985886742417727,0.7134513162327891,1,1,1.6356516564352414e-13,4.581579560181126e-11
648,4,4743.178|4779.3975|4825.1016|4856.082,0.009254371|0.009195153|0.011342095|0.009211099,0.00028369462|0.00027297827|0.0002621019|0.00034839625,876712.8|876712.8|876712.8|876712.8,0.24399085|0.23522247|0.22632039|0.2944663,0.004385903|0.0042282855|0.0040682643|0.005293234,Type II: 均衡/正常发育簇|Type II: 均衡/正常发育簇|Type II: 均衡/正常发育簇|Type II: 均衡/正常发育簇,0.0408947579562664,linear,1409.5318603515625,111.25873565673828,1.1727428436279297,429.2616882324219,4,0.010381878099506973,0.7120657623176422,0,-1,7.913318065329734e-15,6.139089236967266e-12
649,2,4718.751|4733.483,0.028431753|0.012,1.1283414e-05|0.0005,154261.78|154261.78,0.022482177|0.97751784,0.00036059693|0.015678639,Type IV: 砂堵闭合/未起裂死簇|Type V: 沟通天然断层/强微裂缝簇,0.07209384441375732,linear,1431.845703125,111.98700714111328,1.0464078187942505,1182.7152099609375,12,0.010080103116668659,0.6002335422000962,1,1,1.3303064433454331e-13,8.799361239653081e-11
650,2,4865.097|4914.7407,0.023814803|0.023908295,5.723539e-05|7.095172e-05,729067.2|729067.2,0.44665802|0.553342,0.008266628|0.010241107,Type I: 优势发育主进液簇|Type I: 优势发育主进液簇,0.012665146961808205,linear,1484.20703125,181.9921875,1.207453966140747,21159.94140625,4,0.011078163291853575,0.6857744813391576,0,-1,6.1861564759895394e-15,8.731149137020111e-10
651,5,4592.3706|4603.7646|4615.1816|4639.1562|4676.6978,0.008058503|0.0076790466|0.0067248764|0.0066590444|0.006454231,0.0007500944|0.00089699146|0.00093258824|0.0009488783|0.00089018076,332929.72|332929.72|332929.72|332929.72|332929.72,0.17575768|0.20290342|0.20888509|0.21141721|0.20103659,0.0034121906|0.003939203|0.004055332|0.0041044913|0.0039029599,Type V: 沟通天然断层/强微裂缝簇|Type V: 沟通天然断层/强微裂缝簇|Type V: 沟通天然断层/强微裂缝簇|Type V: 沟通天然断层/强微裂缝簇|Type V: 沟通天然断层/强微裂缝簇,0.025309331715106964,cosine,1413.3551025390625,147.58929443359375,1.2665907144546509,242.17820739746094,6,0.01059501959887066,0.7396555959221741,0,-1,6.856982971877035e-13,3.154809746774845e-12
652,2,4767.85|4798.267,0.014739437|0.016826265,0.00047876913|0.00061800965,1037950.06|1037950.06,0.45143622|0.5485638,0.008493787|0.010321244,Type V: 沟通天然断层/强微裂缝簇|Type V: 沟通天然断层/强微裂缝簇,0.01186100859194994,cosine,1450.0897216796875,163.6851806640625,1.2275021076202393,621.6351318359375,4,0.009915509306121553,0.7174346444504978,0,-1,2.8028438809257414e-14,5.866240826435387e-11
653,5,4797.4077|4836.224|4856.016|4883.2373|4908.712,0.017064415|0.018256165|0.023712926|0.018473113|0.023482319,5.152221e-05|4.5257817e-05|4.7131303e-05|4.7379763e-05|5.166049e-05,192359.38|192359.38|192359.38|192359.38|192359.38,0.21206897|0.18628949|0.1939962|0.19501732|0.212628,0.002681967|0.0023559423|0.0024534066|0.0024663205|0.002689037,Type II: 均衡/正常发育簇|Type II: 均衡/正常发育簇|Type II: 均衡/正常发育簇|Type II: 均衡/正常发育簇|Type II: 均衡/正常发育簇,0.08216637372970581,cosine,1483.408447265625,123.97996520996094,0.8250753283500671,2866.51806640625,8,0.010479982203900765,0.7459210538337349,0,-1,3.8544308803706295e-14,1.07775122160092e-10
654,3,4721.4375|4744.1836|4755.5405,0.0064887227|0.005540922|0.0051578735,1.1536352e-05|1.4947945e-05|0.0005,296180.97|296180.97|296180.97,0.022670655|0.029371163|0.9479582,0.00033291202|0.00043130707|0.0139204925,Type IV: 砂堵闭合/未起裂死簇|Type IV: 砂堵闭合/未起裂死簇|Type V: 沟通天然断层/强微裂缝簇,0.05211246386170387,linear,1426.9434814453125,157.78436279296875,0.9580379724502563,1032.12158203125,12,0.008025492311937181,0.683372378971996,1,2,7.914794443756798e-15,3.842615114990622e-11
655,4,4674.7446|4710.732|4737.1123|4748.245,0.03024141|0.023143403|0.021406913|0.025023274,0.00016100262|0.00020797105|0.00015112851|0.00019498254,43476.887|43476.887|43476.887|43476.887,0.2252372|0.29076836|0.21137534|0.2726191,0.0030657263|0.003957677|0.002877051|0.003710646,Type II: 均衡/正常发育簇|Type II: 均衡/正常发育簇|Type II: 均衡/正常发育簇|Type II: 均衡/正常发育簇,0.0034447116777300835,linear,1447.7799072265625,90.42359161376953,0.8879950642585754,488.8364562988281,16,0.011934954807195903,0.6048808858100562,0,-1,1.8862477768957775e-13,1.7053025658242404e-12
656,5,4815.2734|4855.499|4904.546|4915.2197|4950.0,0.016799374|0.019186469|0.018985817|0.016836325|0.021714121,0.0006574861|0.0004883962|0.0006919794|0.00046529627|0.00056128856,606864.8|606864.8|606864.8|606864.8|606864.8,0.2258184|0.175541|0.2336637|0.16777642|0.19720048,0.0030509557|0.002371675|0.0031569512|0.0022667705|0.002664309,Type V: 沟通天然断层/强微裂缝簇|Type V: 沟通天然断层/强微裂缝簇|Type V: 沟通天然断层/强微裂缝簇|Type V: 沟通天然断层/强微裂缝簇|Type V: 沟通天然断层/强微裂缝簇,0.06401555240154266,cosine,1424.21240234375,97.88723754882812,0.8814423680305481,161.0344696044922,6,0.009939751443263464,0.6224612817750526,0,-1,4.3243989118757487e-13,8.412825991399586e-12
657,6,4529.7593|4556.9966|4595.501|4629.6763|4651.756|4665.755,0.026978796|0.026968237|0.027792893|0.021903882|0.02759456|0.022793416,7.0428956e-05|9.60519e-05|7.796389e-05|9.289939e-05|0.00010445966|8.863226e-05,40980.113|40980.113|40980.113|40980.113|40980.113|40980.113,0.13281308|0.18109423|0.14698544|0.175124|0.19690374|0.16707952,0.0023174197|0.0031598646|0.0025647094|0.0030556917|0.0034357202|0.0029153256,Type III: 受抑/欠发育弱进液簇|Type II: 均衡/正常发育簇|Type III: 受抑/欠发育弱进液簇|Type II: 均衡/正常发育簇|Type II: 均衡/正常发育簇|Type II: 均衡/正常发育簇,0.02550976350903511,linear,1490.511474609375,82.67677307128906,1.1383640766143799,1221.5364990234375,16,0.01162322399982203,0.6569023801557723,0,-1,1.5906930407136202e-15,4.388311936054379e-11
658,1,4886.653,0.009337604,0.0005,38827.875,1.0,0.01970835,Type V: 沟通天然断层/强微裂缝簇,0.056209538131952286,linear,1465.012451171875,142.40655517578125,1.285782814025879,1787.912353515625,16,0.011624520573141154,0.6747124565121208,1,0,2.5173639621412988e-14,7.526068657170981e-11
659,6,4669.67|4709.9854|4744.3696|4757.455|4774.649|4805.9385,0.014152586|0.017230347|0.01703552|0.015706709|0.018682115|0.015859803,2.0681555e-05|1.8847219e-05|1.6817254e-05|1.5318818e-05|1.6865712e-05|2.2222857e-05,94813.62|94813.62|94813.62|94813.62|94813.62|94813.62,0.1867361|0.17017312|0.15184437|0.13831508|0.15228167|0.20064966,0.0033200134|0.0030255371|0.0026996671|0.0024591277|0.0027074423|0.003567385,Type II: 均衡/正常发育簇|Type II: 均衡/正常发育簇|Type II: 均衡/正常发育簇|Type III: 受抑/欠发育弱进液簇|Type II: 均衡/正常发育簇|Type II: 均衡/正常发育簇,0.09233919531106949,linear,1445.326904296875,120.32333374023438,1.1599221229553223,25951.146484375,12,0.010816974124236978,0.6648633991495385,0,-1,8.800862734978723e-14,4.547473508864641e-10
660,4,4568.017|4598.445|4623.904|4645.511,0.01780254|0.013109163|0.013867172|0.018633088,6.179168e-05|5.5868324e-05|5.133471e-05|4.3263284e-05,391986.0|391986.0|391986.0|391986.0,0.29107022|0.2632003|0.24186388|0.20386557,0.0035874688|0.0032439693|0.0029809957|0.002512663,Type II: 均衡/正常发育簇|Type II: 均衡/正常发育簇|Type II: 均衡/正常发育簇|Type II: 均衡/正常发育簇,0.07604336738586426,linear,1457.0445556640625,177.08226013183594,0.8040955066680908,3581.291259765625,8,0.00963448649594078,0.6182700414754468,0,-1,8.444835474896543e-15,1.9599610823206604e-10
661,6,4797.129|4846.7134|4879.947|4905.7466|4916.527|4950.0,0.004733328|0.0054842616|0.006548757|0.006792811|0.005148128|0.0063183894,0.00010611317|8.7743356e-05|9.597054e-05|0.000104055915|8.456569e-05|7.234727e-05,348734.1|348734.1|348734.1|348734.1|348734.1|348734.1,0.19261897|0.15934038|0.17421946|0.18883722|0.15356417|0.13141981,0.0028069536|0.002321999|0.0025388256|0.0027518438|0.0022378247|0.0019151245,Type II: 均衡/正常发育簇|Type II: 均衡/正常发育簇|Type II: 均衡/正常发育簇|Type II: 均衡/正常发育簇|Type II: 均衡/正常发育簇|Type III: 受抑/欠发育弱进液簇,0.039181120693683624,linear,1409.941650390625,191.93563842773438,0.9507219195365906,935.9867553710938,8,0.010066206568970686,0.600470600381137,0,-1,4.8568449067219743e-14,0.0
662,1,4778.803,0.014447259,0.000108203945,314982.22,1.0,0.012314718,Type I: 优势发育主进液簇,0.04453403502702713,cosine,1462.06640625,193.29110717773438,0.8034183979034424,13223.599609375,6,0.011315629764245046,0.6666668970746894,0,-1,1.0677632958583719e-13,1.002263161353767e-09
663,6,4563.1953|4612.7163|4652.177|4694.4683|4737.484|4748.359,0.0077054137|0.008730423|0.0081540365|0.007103079|0.008010378|0.006809784,0.00011322699|0.000101926664|0.00012080967|9.863763e-05|0.00013496562|0.00012256691,1004934.75|1004934.75|1004934.75|1004934.75|1004934.75|1004934.75,0.1637484|0.14753357|0.17446993|0.14277801|0.19453125|0.17693886,0.0023564515|0.002123109|0.0025107416|0.0020546732|0.0027994376|0.0025462713,Type II: 均衡/正常发育簇|Type III: 受抑/欠发育弱进液簇|Type II: 均衡/正常发育簇|Type III: 受抑/欠发育弱进液簇|Type II: 均衡/正常发育簇|Type II: 均衡/正常发育簇,0.040699128061532974,linear,1481.27490234375,140.68618774414062,0.9388554692268372,617.9747924804688,4,0.01036682180258484,0.6670224098321296,0,-1,1.0897258437411392e-13,4.4565240386873484e-11
664,2,4539.8613|4564.567,0.012|0.016099827,0.0005|4.5488978e-05,217408.5|217408.5,0.9145813|0.08541872,0.017255612|0.0016116145,Type V: 沟通天然断层/强微裂缝簇|Type III: 受抑/欠发育弱进液簇,0.09877784550189972,cosine,1446.8671875,155.2389678955078,1.2309074401855469,1476.4154052734375,8,0.011214415764220866,0.6127439953105801,1,0,8.238159096953315e-14,1.5688783605583012e-11
665,6,4755.5654|4791.709|4805.569|4834.731|4846.72|4872.523,0.020241132|0.012|0.020419778|0.024324998|0.022615897|0.021891825,1.5990616e-05|0.0005|1.8666564e-05|1.6951999e-05|1.7720826e-05|1.712849e-05,675200.06|675200.06|675200.06|675200.06|675200.06|675200.06,0.029133284|0.8425098|0.034000684|0.030878225|0.032278348|0.031199625,0.0006433774|0.01860593|0.00075086876|0.00068191264|0.0007128329|0.00068901037,Type IV: 砂堵闭合/未起裂死簇|Type V: 沟通天然断层/强微裂缝簇|Type IV: 砂堵闭合/未起裂死簇|Type IV: 砂堵闭合/未起裂死簇|Type IV: 砂堵闭合/未起裂死簇|Type IV: 砂堵闭合/未起裂死簇,0.02586248144507408,cosine,1451.307861328125,166.90965270996094,1.4407668113708496,1879.5284423828125,6,0.009575835387199791,0.6358282091298951,1,1,1.0997193925627296e-15,2.5011104298755527e-11
666,5,4832.67|4846.0146|4860.0845|4908.462|4950.0,0.009327432|0.010819224|0.00957709|0.011388353|0.010046986,1.7563014e-05|1.5469966e-05|1.8207018e-05|1.7061047e-05|1.8712148e-05,63983.066|63983.066|63983.066|63983.066|63983.066,0.20184356|0.17778929|0.20924416|0.1960741|0.2150489,0.0030055756|0.0026473925|0.003115775|0.0029196646|0.003202211,Type II: 均衡/正常发育簇|Type II: 均衡/正常发育簇|Type II: 均衡/正常发育簇|Type II: 均衡/正常发育簇|Type II: 均衡/正常发育簇,0.07448118180036545,linear,1422.5224609375,139.04632568359375,0.9714714884757996,29469.123046875,16,0.010833029723752979,0.6052129865791084,0,-1,4.158969379281473e-14,2.040906110778451e-09
667,4,4836.23|4874.633|4901.578|4950.0,0.008038862|0.007269081|0.007860709|0.0097788945,0.000561294|0.00058100384|0.0005254961|0.0004846071,105591.9|105591.9|105591.9|105591.9,0.26093778|0.26927492|0.2441817|0.22560559,0.005271413|0.0054398384|0.0049329097|0.0045576394,Type V: 沟通天然断层/强微裂缝簇|Type V: 沟通天然断层/强微裂缝簇|Type V: 沟通天然断层/强微裂缝簇|Type V: 沟通天然断层/强微裂缝簇,0.002105886582285166,linear,1472.24169921875,75.06968688964844,1.317975640296936,245.9562530517578,16,0.009274891478750635,0.6426990474411796,0,-1,2.388896372385041e-13,2.3419488570652902e-11
668,2,4547.481|4568.7393,0.012|0.014564115,0.0012524093|0.00030276715,506446.28|506446.28,0.75955886|0.24044114,0.00954749|0.0030222929,Type V: 沟通天然断层/强微裂缝簇|Type II: 均衡/正常发育簇,0.07913838326931,cosine,1464.2247314453125,130.86302185058594,0.8200589418411255,264.6277160644531,8,0.008689005049921804,0.6687500732021827,1,0,6.47254873396147e-14,3.865352482534945e-12
669,3,4785.337|4829.7925|4870.0493,0.012|0.028247274|0.01929886,0.0005|3.455685e-05|4.6876903e-05,1100248.6|1100248.6|1100248.6,0.84478915|0.06588554|0.08932533,0.01521291|0.0011864627|0.0016085651,Type V: 沟通天然断层/强微裂缝簇|Type III: 受抑/欠发育弱进液簇|Type III: 受抑/欠发育弱进液簇,0.053776469081640244,cosine,1480.7181396484375,120.5954360961914,1.1748470067977905,1363.858154296875,6,0.008056286771467611,0.7037106543872984,1,0,2.1192829392432944e-13,1.609805622138083e-10
670,4,4667.742|4693.479|4706.7163|4732.879,0.023997173|0.023034828|0.012|0.026790513,9.416791e-06|9.340998e-06|0.0005|1.1852815e-05,57998.465|57998.465|57998.465|57998.465,0.017871346|0.017725118|0.94191366|0.022489859,0.00040556875|0.00040225027|0.0213756|0.00051038037,Type IV: 砂堵闭合/未起裂死簇|Type IV: 砂堵闭合/未起裂死簇|Type V: 沟通天然断层/强微裂缝簇|Type IV: 砂堵闭合/未起裂死簇,0.09206592291593552,linear,1468.921630859375,143.23582458496094,1.4805549383163452,2095.0087890625,16,0.010504399256419581,0.6760673252777843,1,2,4.83103445756642e-14,3.5925040720030665e-11
671,4,4647.2686|4692.7524|4739.077|4787.469,0.008515087|0.008247831|0.011155202|0.011667707,0.00015563268|0.0001944754|0.00016856196|0.00020833906,1826162.1|1826162.1|1826162.1|1826162.1,0.21600756|0.26668966|0.23300353|0.28429928,0.0030682115|0.0037881094|0.0033096254|0.00403824,Type II: 均衡/正常发育簇|Type II: 均衡/正常发育簇|Type II: 均衡/正常发育簇|Type II: 均衡/正常发育簇,0.09355061501264572,linear,1402.4317626953125,113.95246887207031,0.9266882538795471,558.1072387695312,4,0.008872011894553444,0.6755954671194373,0,-1,5.129360054512448e-15,2.2396307031158358e-11
672,2,4753.898|4766.996,0.026846219|0.026257966,0.00040724964|0.00034640764,269697.66|269697.66,0.53889346|0.4611065,0.007001352|0.0059907367,Type I: 优势发育主进液簇|Type I: 优势发育主进液簇,0.042261578142642975,cosine,1459.7811279296875,168.08248901367188,0.8476104140281677,509.7420654296875,8,0.009640683846976993,0.7444171324988873,0,-1,1.1055582447780377e-13,2.4101609596982598e-11
673,1,4584.7046,0.0066920277,0.00014973877,520976.97,1.0,0.022163281,Type I: 优势发育主进液簇,0.011386485770344734,cosine,1466.961181640625,55.46571731567383,1.4459437131881714,22310.0,4,0.011607236956190134,0.7389816703640715,0,-1,2.3324505711184648e-14,0.0
674,5,4665.609|4681.134|4714.965|4756.8887|4804.827,0.020702362|0.019173648|0.016782459|0.017099703|0.012,0.000113758884|0.000117494434|0.000100216144|0.00010304842|0.0009150265,806539.8|806539.8|806539.8|806539.8|806539.8,0.09947089|0.102668844|0.08765125|0.09005665|0.62015235,0.0015138083|0.0015624767|0.00133393|0.0013705366|0.009437854,Type III: 受抑/欠发育弱进液簇|Type III: 受抑/欠发育弱进液簇|Type III: 受抑/欠发育弱进液簇|Type III: 受抑/欠发育弱进液簇|Type V: 沟通天然断层/强微裂缝簇,0.07936505973339081,linear,1497.1959228515625,98.6468276977539,0.99286949634552,321.6123352050781,4,0.011258353422732448,0.631303172989109,1,4,3.4424079662113624e-14,2.722799763432704e-11
675,6,4657.327|4690.045|4721.3354|4769.387|4792.2837|4827.6943,0.01618482|0.019838661|0.019534245|0.019342892|0.016408423|0.018428957,3.697934e-05|4.9195303e-05|4.5033725e-05|4.7507252e-05|4.6536043e-05|5.2168456e-05,1010550.06|1010550.06|1010550.06|1010550.06|1010550.06|1010550.06,0.13336173|0.1773163|0.16234475|0.1712384|0.16774462|0.18799423,0.0026897946|0.0035763218|0.003274358|0.0034537357|0.003383269|0.0037916866,Type III: 受抑/欠发育弱进液簇|Type II: 均衡/正常发育簇|Type II: 均衡/正常发育簇|Type II: 均衡/正常发育簇|Type II: 均衡/正常发育簇|Type II: 均衡/正常发育簇,0.065311960875988,linear,1471.983642578125,176.5467987060547,1.315846562385559,5551.1875,4,0.010211413844109759,0.6855670873433891,0,-1,7.603167634330152e-14,6.821210263296962e-10
676,4,4605.5093|4632.9526|4682.329|4728.1074,0.020776859|0.017661938|0.015269582|0.012,7.705496e-05|0.00010531008|0.00010022324|0.00072732434,746687.9|746687.9|746687.9|746687.9,0.08576003|0.11693821|0.111275256|0.6860265,0.00127456|0.0017379281|0.0016537658|0.010195682,Type III: 受抑/欠发育弱进液簇|Type III: 受抑/欠发育弱进液簇|Type III: 受抑/欠发育弱进液簇|Type V: 沟通天然断层/强微裂缝簇,0.01414050254970789,linear,1403.8531494140625,194.04090881347656,0.9696002006530762,510.3408203125,6,0.008740901189627955,0.725650320088979,1,3,7.061715714138175e-14,1.1937117960769683e-12
677,1,4726.3877,0.0064475485,0.0009880187,245360.14,1.0,0.021711186,Type V: 沟通天然断层/强微裂缝簇,0.08929337561130524,cosine,1491.099365234375,173.33218383789062,1.416448712348938,861.7305297851562,8,0.010938586372094187,0.6062422808047506,1,0,5.001739040305653e-14,1.375610736431554e-11
678,6,4802.027|4814.902|4840.4604|4883.046|4899.9736|4938.0244,0.02557085|0.024929423|0.033520613|0.03449444|0.024405636|0.02722417,7.3639785e-05|7.9355326e-05|5.847016e-05|8.318146e-05|8.293322e-05|7.490597e-05,241261.38|241261.38|241261.38|241261.38|241261.38|241261.38,0.1627697|0.17537801|0.12925944|0.18380144|0.18325214|0.16553926,0.0021194168|0.002283589|0.0016830812|0.0023932701|0.0023861176|0.002155479,Type II: 均衡/正常发育簇|Type II: 均衡/正常发育簇|Type III: 受抑/欠发育弱进液簇|Type II: 均衡/正常发育簇|Type II: 均衡/正常发育簇|Type II: 均衡/正常发育簇,0.08614488691091537,cosine,1406.355712890625,116.69640350341797,0.8494935631752014,979.479736328125,8,0.010428730441850335,0.6726108242672875,0,-1,4.449732750777709e-14,7.651124178664759e-11
679,6,4745.337|4788.035|4831.7114|4880.845|4930.5464|4943.581,0.0109613985|0.012|0.014323164|0.012604343|0.013650929|0.01281616,6.38958e-05|0.0005|5.02469e-05|5.93293e-05|5.359574e-05|4.4459455e-05,2745998.8|2745998.8|2745998.8|2745998.8|2745998.8|2745998.8,0.09697844|0.58744586|0.07639806|0.09008289|0.08144819|0.06764655,0.0018738138|0.011350607|0.0014761604|0.0017405781|0.0015737388|0.001307064,Type III: 受抑/欠发育弱进液簇|Type V: 沟通天然断层/强微裂缝簇|Type III: 受抑/欠发育弱进液簇|Type III: 受抑/欠发育弱进液簇|Type III: 受抑/欠发育弱进液簇|Type III: 受抑/欠发育弱进液簇,0.07131656259298325,linear,1483.9844970703125,190.10841369628906,1.2605745792388916,1131.4254150390625,4,0.00811963260793568,0.6577755020026522,1,1,9.139591888212076e-14,7.503331289626658e-11
680,3,4831.5483|4855.158|4876.56,0.025833169|0.012|0.0266512,2.7018728e-05|0.0005|2.1885307e-05,64422.29|64422.29|64422.29,0.049587563|0.91025126|0.040161185,0.00075151154|0.013795079|0.00060865254,Type III: 受抑/欠发育弱进液簇|Type V: 沟通天然断层/强微裂缝簇|Type III: 受抑/欠发育弱进液簇,0.06368494778871536,cosine,1418.96484375,73.57600402832031,0.9887356758117676,892.4781494140625,16,0.010005044962320474,0.7071059204304143,1,1,6.467192775229391e-14,5.445599526865408e-11
681,2,4882.985|4913.019,0.01572284|0.012,3.5613026e-05|0.0005,424140.88|424140.88,0.06967878|0.9303212,0.00092956756|0.012411187,Type III: 受抑/欠发育弱进液簇|Type V: 沟通天然断层/强微裂缝簇,0.007929421029984951,cosine,1442.2469482421875,51.510250091552734,0.8703575730323792,768.7670288085938,6,0.010033702151225843,0.7306878741168354,1,1,6.423574644203942e-14,8.344613888766617e-11
682,3,4731.129|4780.5635|4800.6924,0.0055606165|0.0046506124|0.0051930505,0.0005|4.0444367e-05|3.8655628e-05,76875.88|76875.88|76875.88,0.8622903|0.07041173|0.06729792,0.018358655|0.0014991058|0.0014328113,Type V: 沟通天然断层/强微裂缝簇|Type III: 受抑/欠发育弱进液簇|Type III: 受抑/欠发育弱进液簇,0.08839800208806992,cosine,1485.5260009765625,138.63406372070312,1.3890076875686646,1599.2369384765625,12,0.011063745866606819,0.7057972027136371,1,0,6.404208760524277e-14,9.936229616869241e-11
683,6,4711.978|4728.6274|4751.429|4792.0493|4806.879|4841.3535,0.017326588|0.014062567|0.013408487|0.016335363|0.013591891|0.013250811,2.2541739e-05|2.2243908e-05|1.9619607e-05|1.737051e-05|1.6400845e-05|2.0342608e-05,711358.25|711358.25|711358.25|711358.25|711358.25|711358.25,0.1901889|0.18767636|0.16554064|0.14656785|0.1383876|0.17163865,0.0035254532|0.003478879|0.0030685584|0.0027168675|0.0025652337|0.0031815947,Type II: 均衡/正常发育簇|Type II: 均衡/正常发育簇|Type II: 均衡/正常发育簇|Type III: 受抑/欠发育弱进液簇|Type III: 受抑/欠发育弱进液簇|Type II: 均衡/正常发育簇,0.04992618039250374,linear,1497.6937255859375,187.45510864257812,1.209336280822754,24721.79296875,6,0.00903543442628769,0.6957722429029084,0,-1,3.2754316836927644e-14,0.0
684,4,4845.4746|4861.694|4904.042|4950.0,0.006369041|0.004659987|0.005524951|0.0063956757,0.00014905159|0.00018537627|0.00014548354|0.00018181959,316569.84|316569.84|316569.84|316569.84,0.22549015|0.27988547|0.2200884|0.27453598,0.0031629433|0.0039259447|0.0030871732|0.0038509076,Type II: 均衡/正常发育簇|Type II: 均衡/正常发育簇|Type II: 均衡/正常发育簇|Type II: 均衡/正常发育簇,0.05191739276051521,linear,1444.900146484375,102.8640365600586,0.9151265025138855,595.2974853515625,6,0.011775486834302492,0.6140685605327509,0,-1,2.893891791239285e-14,1.921307557495311e-11
685,1,4579.59,0.012,0.0005,53296.47,1.0,0.015553244,Type V: 沟通天然断层/强微裂缝簇,0.07432431727647781,linear,1433.28564453125,140.46792602539062,1.01470148563385,1166.086181640625,16,0.010562535374528791,0.6975174244145852,1,0,1.0595778405066494e-13,5.820766091346741e-11
686,3,4757.035|4773.042|4819.333,0.012|0.0207568|0.030734643,0.0015|0.0011069336|0.0007998121,667976.5|667976.5|667976.5,0.38904718|0.33657894|0.27437392,0.0049866075|0.0043140966|0.0035167844,Type V: 沟通天然断层/强微裂缝簇|Type V: 沟通天然断层/强微裂缝簇|Type V: 沟通天然断层/强微裂缝簇,0.02076905220746994,linear,1429.1749267578125,144.67092895507812,0.8362194299697876,204.37884521484375,6,0.008913347047885958,0.7378144285705213,1,0,2.4049981298991663e-13,8.810729923425242e-13
687,3,4738.414|4777.413|4827.377,0.00959705|0.007863466|0.0071781348,0.00028003735|0.00023165507|0.00021869846,188261.48|188261.48|188261.48,0.38284537|0.31737894|0.29977572,0.0067704534|0.005612708|0.005301403,Type I: 优势发育主进液簇|Type II: 均衡/正常发育簇|Type II: 均衡/正常发育簇,0.06673367321491241,linear,1404.9373779296875,109.98309326171875,1.153749942779541,763.2396240234375,12,0.00914298039638479,0.6604243192586635,0,-1,6.317158168095416e-14,3.001332515850663e-11
688,6,4582.85|4597.2026|4645.6113|4666.777|4677.8086|4722.022,0.02399516|0.02546145|0.012|0.024320912|0.024249973|0.018099073,7.203887e-05|8.034056e-05|0.00071255193|7.5208955e-05|8.134836e-05|8.2417915e-05,815858.9|815858.9|815858.9|815858.9|815858.9|815858.9,0.072706394|0.08102196|0.6054346|0.075817585|0.08197412|0.083045356,0.0011783061|0.0013130711|0.009811891|0.0012287272|0.0013285022|0.0013458631,Type III: 受抑/欠发育弱进液簇|Type III: 受抑/欠发育弱进液簇|Type V: 沟通天然断层/强微裂缝簇|Type III: 受抑/欠发育弱进液簇|Type III: 受抑/欠发育弱进液簇|Type III: 受抑/欠发育弱进液簇,0.08899431675672531,cosine,1401.646240234375,157.38482666015625,1.0573111772537231,474.9928283691406,4,0.010458399900016863,0.7273821049767824,1,2,1.4878513189282155e-13,4.922640073345974e-11
689,4,4654.213|4685.8857|4700.339|4711.26,0.006635092|0.00927479|0.006679831|0.0075641223,0.0009839135|0.0001542336|0.00013271296|0.00012971072,1541446.4|1541446.4|1541446.4|1541446.4,0.60293853|0.14652832|0.12666294|0.12387023,0.007491239|0.0018205481|0.0015737298|0.0015390317,Type V: 沟通天然断层/强微裂缝簇|Type III: 受抑/欠发育弱进液簇|Type III: 受抑/欠发育弱进液簇|Type III: 受抑/欠发育弱进液簇,0.001979093998670578,linear,1423.4429931640625,89.87816619873047,0.810583770275116,263.8472595214844,4,0.00887607555225752,0.734673593502016,1,0,7.120652944234487e-14,1.8133050616597757e-11
690,2,4524.6226|4561.4175,0.016989492|0.021997597,0.00031978215|0.00025879886,960147.7|960147.7,0.5488363|0.4511637,0.010504049|0.008634717,Type I: 优势发育主进液簇|Type I: 优势发育主进液簇,0.05798148736357689,linear,1470.68017578125,82.95404815673828,1.2486227750778198,1334.9168701171875,6,0.008349305912595754,0.7013577449202753,0,-1,8.70136821211516e-14,2.2737367544323206e-13
691,3,4866.075|4907.463|4950.0,0.012|0.012350986|0.013134625,0.0005|1.0024249e-05|1.1144891e-05,115576.04|115576.04|115576.04,0.9588231|0.019498574|0.021678345,0.012660116|0.00025745545|0.00028623673,Type V: 沟通天然断层/强微裂缝簇|Type IV: 砂堵闭合/未起裂死簇|Type IV: 砂堵闭合/未起裂死簇,0.007500029169023037,cosine,1455.2247314453125,70.27405548095703,0.861423134803772,764.6590576171875,8,0.011972634272595425,0.7373221778626269,1,0,9.328018094273763e-14,0.0
692,6,4796.3696|4826.3423|4846.4517|4877.4814|4905.949|4950.0,0.0056416313|0.008282183|0.0074340478|0.0059473147|0.008119465|0.0059345146,0.0011671764|0.0008486575|0.0009676064|0.0011962089|0.0011900276|0.0009942501,50754.434|50754.434|50754.434|50754.434|50754.434|50754.434,0.18664172|0.13573511|0.15283185|0.18546675|0.1840892|0.15523537,0.0038091163|0.0027701783|0.0031191008|0.0037851369|0.0037570228|0.003168153,Type V: 沟通天然断层/强微裂缝簇|Type V: 沟通天然断层/强微裂缝簇|Type V: 沟通天然断层/强微裂缝簇|Type V: 沟通天然断层/强微裂缝簇|Type V: 沟通天然断层/强微裂缝簇|Type V: 沟通天然断层/强微裂缝簇,0.06917443126440048,cosine,1457.3399658203125,126.71023559570312,1.3314744234085083,218.7860565185547,16,0.010395995792109758,0.7378557276387899,0,-1,9.276811090142e-13,9.322320693172514e-12
693,1,4806.98,0.0070890067,0.00013367287,119283.52,1.0,0.019506454,Type I: 优势发育主进液簇,0.09525081515312195,cosine,1440.193603515625,94.65682220458984,1.2726109027862549,21508.64453125,16,0.00881751332634994,0.6690493617959169,0,-1,1.0760619825744833e-13,7.34871719032526e-10
694,3,4648.6597|4693.0483|4703.16,0.009474232|0.011092443|0.010692092,0.00062581815|0.000692164|0.0007897496,1522001.9|1522001.9|1522001.9,0.31230044|0.33149102|0.35620856,0.005565229|0.005907207|0.0063476763,Type V: 沟通天然断层/强微裂缝簇|Type V: 沟通天然断层/强微裂缝簇|Type V: 沟通天然断层/强微裂缝簇,0.029743453487753868,linear,1476.18505859375,128.0494384765625,1.162593126296997,314.12200927734375,4,0.00916048398446079,0.6941545867712632,0,-1,1.771704256827572e-13,4.661160346586257e-12
695,1,4557.228,0.027991898,0.00033132706,34214.965,1.0,0.01859585,Type I: 优势发育主进液簇,0.0083159813657403,linear,1403.0843505859375,155.8006591796875,1.2132025957107544,3381.497802734375,16,0.011995301263980317,0.6750100880885989,0,-1,3.7873919495404196e-14,2.5283952709287405e-10
696,5,4646.722|4673.924|4703.5625|4731.6455|4759.2065,0.018240761|0.018478096|0.020359723|0.019777121|0.012,4.4040826e-05|5.076041e-05|6.311052e-05|5.519554e-05|0.00053401093,767760.25|767760.25|767760.25|767760.25|767760.25,0.0632197|0.07283141|0.09048251|0.079150215|0.69431615,0.0012668906|0.0014595045|0.0018132236|0.0015861301|0.013913743,Type III: 受抑/欠发育弱进液簇|Type III: 受抑/欠发育弱进液簇|Type III: 受抑/欠发育弱进液簇|Type III: 受抑/欠发育弱进液簇|Type V: 沟通天然断层/强微裂缝簇,0.00910334475338459,cosine,1445.9871826171875,149.85110473632812,1.3073865175247192,1054.00048828125,6,0.009447924997653056,0.6125248150215711,1,4,1.2465395096618748e-14,7.707967597525567e-11
697,6,4759.607|4776.0093|4822.1763|4858.64|4880.771|4930.6836,0.021224117|0.021615548|0.012|0.02209658|0.019447526|0.01879479,7.749855e-05|0.00010204084|0.0005851502|0.000110306515|9.649877e-05|9.026005e-05,134372.62|134372.62|134372.62|134372.62|134372.62|134372.62,0.0739546|0.09731543|0.54563713|0.10510455|0.091964|0.086024314,0.0016276814|0.0021418347|0.012009036|0.002313267|0.0020240538|0.0018933262,Type III: 受抑/欠发育弱进液簇|Type III: 受抑/欠发育弱进液簇|Type V: 沟通天然断层/强微裂缝簇|Type III: 受抑/欠发育弱进液簇|Type III: 受抑/欠发育弱进液簇|Type III: 受抑/欠发育弱进液簇,0.07962077856063843,cosine,1491.5283203125,182.10134887695312,1.4358912706375122,716.5289306640625,12,0.009400991446910685,0.7393952636589016,1,2,2.411834160121959e-14,6.752998160663992e-11
698,4,4646.913|4691.829|4714.0244|4740.138,0.0151467975|0.0147253|0.01684422|0.017787153,3.1472377e-05|3.0152498e-05|3.874652e-05|2.8660248e-05,532705.44|532705.44|532705.44|532705.44,0.24392027|0.23369384|0.30025294|0.22213294,0.0047097444|0.004512287|0.0057974467|0.004289063,Type II: 均衡/正常发育簇|Type II: 均衡/正常发育簇|Type II: 均衡/正常发育簇|Type II: 均衡/正常发育簇,0.013714702799916267,cosine,1453.9208984375,87.88599395751953,1.2596989870071411,22563.986328125,6,0.00952282151557685,0.7238265706801004,0,-1,1.2164645376080974e-13,2.7175701688975096e-09
699,1,4522.566,0.012,0.0005,151447.31,1.0,0.020795561,Type V: 沟通天然断层/强微裂缝簇,0.03747458755970001,cosine,1496.75244140625,62.213829040527344,1.3567129373550415,1936.4925537109375,16,0.008609465584856233,0.6228127108122684,1,0,7.674453249544716e-14,1.77351466845721e-11
700,3,4686.1875|4711.881|4744.8125,0.0052495142|0.004090519|0.005,9.827462e-06|1.1612048e-05|0.0005,1676687.2|1676687.2|1676687.2,0.022279704|0.026322048|0.95139825,0.00042708172|0.0005045698|0.018237442,Type IV: 砂堵闭合/未起裂死簇|Type IV: 砂堵闭合/未起裂死簇|Type V: 沟通天然断层/强微裂缝簇,0.014771169051527977,linear,1469.8402099609375,132.64137268066406,1.2506012916564941,2091.205078125,4,0.008664358350640673,0.7392677910585236,1,2,1.42983447483239e-14,1.1868905858136714e-10
701,2,4595.828|4633.2856,0.012|0.025146535,0.0015|0.00025341156,47380.6|47380.6,0.8493017|0.15069832,0.011203241|0.0019878799,Type V: 沟通天然断层/强微裂缝簇|Type II: 均衡/正常发育簇,0.08821433782577515,linear,1415.1773681640625,83.0559310913086,0.8605953454971313,177.53660583496094,16,0.011649156449269083,0.6082069659264251,1,0,1.1059730876342849e-13,1.1652900866465643e-11
702,5,4651.8237|4662.252|4693.5127|4737.935|4758.6514,0.02813961|0.028264169|0.028016089|0.03161428|0.026027063,3.407519e-05|2.9697963e-05|3.464698e-05|3.0433846e-05|2.677152e-05,568031.7|568031.7|568031.7|568031.7|568031.7,0.21894747|0.19083647|0.22261705|0.19556105|0.17203794,0.003715995|0.0032388929|0.0037782756|0.0033190788|0.0029198425,Type II: 均衡/正常发育簇|Type II: 均衡/正常发育簇|Type II: 均衡/正常发育簇|Type II: 均衡/正常发育簇|Type II: 均衡/正常发育簇,0.09776204824447632,linear,1443.6385498046875,111.55375671386719,1.1072673797607422,12066.322265625,4,0.011643725046792086,0.7032835636753019,0,-1,9.035398704183503e-14,1.1186784831807017e-09
703,4,4829.9956|4844.5264|4861.1123|4898.71,0.016345503|0.012385262|0.0117545|0.011476365,0.00032443326|0.00023490938|0.0003170971|0.00025626854,436518.16|436518.16|436518.16|436518.16,0.28523687|0.2086785|0.27897492|0.22710975,0.006000863|0.0043902146|0.0058691227|0.0047779744,Type II: 均衡/正常发育簇|Type II: 均衡/正常发育簇|Type II: 均衡/正常发育簇|Type II: 均衡/正常发育簇,0.02607324905693531,linear,1446.6820068359375,187.33680725097656,1.372541069984436,631.445556640625,6,0.010236925079870394,0.6919411536344415,0,-1,1.4809095789936055e-13,4.388311936054379e-11
704,5,4714.232|4745.446|4779.9834|4813.813|4855.269,0.0056243185|0.0064663147|0.0061796326|0.0048377872|0.0062405104,1.7280785e-05|2.2853108e-05|0.0005|1.6969607e-05|2.197386e-05,481733.2|481733.2|481733.2|481733.2|481733.2,0.03134648|0.041444626|0.8565949|0.030770857|0.03984314,0.0006706157|0.0008866518|0.018325692|0.000658301|0.0008523902,Type IV: 砂堵闭合/未起裂死簇|Type III: 受抑/欠发育弱进液簇|Type V: 沟通天然断层/强微裂缝簇|Type IV: 砂堵闭合/未起裂死簇|Type IV: 砂堵闭合/未起裂死簇,0.05088479071855545,linear,1436.34375,127.24278259277344,1.3957325220108032,1720.49169921875,8,0.008377325220948627,0.737660614130826,1,2,1.2487229064900122e-14,1.0163603292312473e-10
705,6,4531.8433|4581.081|4625.011|4660.3057|4675.997|4692.591,0.010002929|0.007933364|0.008915712|0.008184278|0.0069051445|0.009472093,0.00060863025|0.00065443275|0.0006198259|0.00054280955|0.0005755456|0.00067327026,184654.45|184654.45|184654.45|184654.45|184654.45|184654.45,0.16772161|0.17790286|0.16831781|0.14822873|0.15659188|0.1812371,0.0034383612|0.0036470809|0.0034505837|0.0030387493|0.0032101972|0.0037154343,Type V: 沟通天然断层/强微裂缝簇|Type V: 沟通天然断层/强微裂缝簇|Type V: 沟通天然断层/强微裂缝簇|Type V: 沟通天然断层/强微裂缝簇|Type V: 沟通天然断层/强微裂缝簇|Type V: 沟通天然断层/强微裂缝簇,0.039928387850522995,cosine,1414.19189453125,127.012939453125,1.3374568223953247,238.03562927246094,8,0.01087049776143017,0.7076065928978869,0,-1,5.163449962736211e-13,1.6200374375330284e-12
706,2,4632.626|4646.106,0.00854037|0.00877663,0.0015|0.0004536588,60579.527|60579.527,0.7573557|0.2426443,0.017254716|0.005528127,Type V: 沟通天然断层/强微裂缝簇|Type V: 沟通天然断层/强微裂缝簇,0.025761544704437256,cosine,1438.2796630859375,138.3066864013672,1.4863641262054443,385.5413513183594,12,0.011942220396728133,0.6824113839377044,1,0,1.9416124253084782e-13,3.2741809263825417e-11
707,2,4509.6353|4521.994,0.012|0.023041287,0.0005|3.8655264e-05,131999.02|131999.02,0.92715526|0.072844744,0.01715847|0.0013481068,Type V: 沟通天然断层/强微裂缝簇|Type III: 受抑/欠发育弱进液簇,0.08483980596065521,linear,1428.18701171875,56.820743560791016,1.2073783874511719,1335.8963623046875,8,0.011545013100494833,0.7419872203834446,1,0,8.811138261068455e-15,7.912603905424476e-11
708,5,4833.1934|4870.5625|4891.3794|4902.1724|4950.0,0.009583471|0.008094068|0.009262403|0.010331799|0.009743991,0.00027036868|0.0003760137|0.0002786926|0.00031419058|0.0002921805,185728.39|185728.39|185728.39|185728.39|185728.39,0.17716412|0.24457367|0.1822685|0.20507202|0.1909217,0.0036081583|0.004981034|0.0037121146|0.0041765356|0.0038883477,Type II: 均衡/正常发育簇|Type II: 均衡/正常发育簇|Type II: 均衡/正常发育簇|Type II: 均衡/正常发育簇|Type II: 均衡/正常发育簇,0.04740554466843605,cosine,1436.4130859375,104.05772399902344,1.3287005424499512,365.5574035644531,12,0.008996432447192632,0.6867514245362364,0,-1,1.6660549892813514e-13,1.8246737454319373e-11
709,2,4829.4556|4841.7715,0.02356196|0.012,2.1944197e-05|0.0005,1818714.9|1818714.9,0.05025377|0.94974625,0.0011408888|0.021561662,Type III: 受抑/欠发育弱进液簇|Type V: 沟通天然断层/强微裂缝簇,0.005304927006363869,cosine,1490.262939453125,107.63683319091797,1.481125831604004,2913.302734375,4,0.009068384837167688,0.6479752626887086,1,1,5.1959447215730453e-14,1.4870238373987377e-10
710,5,4816.4346|4866.223|4880.015|4924.5884|4950.0,0.023437068|0.0215949|0.024609169|0.020913001|0.025954287,0.00033841803|0.00032550964|0.00043273252|0.0003622406|0.0003168637,620904.56|620904.56|620904.56|620904.56|620904.56,0.19185543|0.18464626|0.23977341|0.20383482|0.17989007,0.0034024825|0.0032746305|0.0042522894|0.0036149323|0.003190281,Type II: 均衡/正常发育簇|Type II: 均衡/正常发育簇|Type II: 均衡/正常发育簇|Type II: 均衡/正常发育簇|Type II: 均衡/正常发育簇,0.05355184152722359,cosine,1440.680419921875,89.1395263671875,1.1570152044296265,258.8483581542969,4,0.01187766380657838,0.6464369147984944,0,-1,2.167595394625063e-13,2.467004378559068e-11
711,1,4683.2925,0.023329152,0.00059555913,287480.44,1.0,0.018348955,Type V: 沟通天然断层/强微裂缝簇,0.03074498102068901,cosine,1438.6708984375,105.23757934570312,1.1970950365066528,1215.1396484375,6,0.011535577738149944,0.6714698371571637,0,-1,7.46871707817294e-14,3.751665644813329e-11
712,6,4825.1504|4835.816|4852.6113|4902.395|4922.353|4933.1494,0.0051951953|0.007096235|0.007028216|0.0060856314|0.007263006|0.0062488792,0.00043605024|0.0003458426|0.00036901166|0.0004588588|0.00037114997|0.0003573068,311390.4|311390.4|311390.4|311390.4|311390.4|311390.4,0.18594374|0.14891112|0.15836579|0.1945027|0.15899034|0.15328631,0.0030948767|0.0024785|0.0026358648|0.0032373334|0.00264626|0.0025513212,Type II: 均衡/正常发育簇|Type III: 受抑/欠发育弱进液簇|Type II: 均衡/正常发育簇|Type V: 沟通天然断层/强微裂缝簇|Type II: 均衡/正常发育簇|Type II: 均衡/正常发育簇,0.09090644866228104,linear,1415.22412109375,158.74050903320312,1.0858731269836426,266.3996887207031,6,0.01071178513853942,0.7482264488265263,0,-1,3.199682272608806e-13,1.750777300912887e-11
713,6,4510.9854|4548.2617|4561.9683|4608.762|4647.517|4661.387,0.0070070415|0.008248396|0.007365879|0.008304091|0.0069575445|0.00556676,3.4931214e-05|2.7859149e-05|3.4932636e-05|2.5290003e-05|3.509652e-05|2.9766328e-05,1753374.1|1753374.1|1753374.1|1753374.1|1753374.1|1753374.1,0.18589951|0.14831792|0.18590303|0.13465464|0.18677121|0.1584537,0.0040128576|0.003201615|0.0040129335|0.002906677|0.004031674|0.0034204077,Type II: 均衡/正常发育簇|Type III: 受抑/欠发育弱进液簇|Type II: 均衡/正常发育簇|Type III: 受抑/欠发育弱进液簇|Type II: 均衡/正常发育簇|Type II: 均衡/正常发育簇,0.0827835202217102,cosine,1470.844970703125,107.0341567993164,1.408292293548584,13417.212890625,4,0.00877664278571173,0.704541356479268,0,-1,3.953847137389867e-14,9.76797309704125e-10
714,5,4567.207|4600.5747|4631.6343|4670.9453|4683.566,0.006334618|0.0077600176|0.0061469693|0.006778334|0.0059960345,9.6898606e-05|0.0001318855|0.00010767071|0.00014169174|0.0001398408,91775.41|91775.41|91775.41|91775.41|91775.41,0.1568857|0.21341346|0.17425908|0.22921595|0.22622581,0.0024004465|0.003265356|0.00266627|0.0035071434|0.0034613924,Type II: 均衡/正常发育簇|Type II: 均衡/正常发育簇|Type II: 均衡/正常发育簇|Type II: 均衡/正常发育簇|Type II: 均衡/正常发育簇,0.09840568900108337,cosine,1411.5899658203125,80.13524627685547,0.99821937084198,737.908935546875,12,0.011151206807952,0.6358760631568201,0,-1,1.0430602236967401e-13,4.8203219193965197e-11
715,5,4638.8945|4677.0586|4702.328|4715.73|4763.1777,0.004809505|0.0056403005|0.005499327|0.006098352|0.0053671193,3.3099164e-05|2.4810672e-05|2.470764e-05|2.3228138e-05|0.0005,48616.926|48616.926|48616.926|48616.926|48616.926,0.05493965|0.04117214|0.040994998|0.038537156|0.8243561,0.00077031937|0.00057728245|0.00057479873|0.0005403368|0.0115584545,Type III: 受抑/欠发育弱进液簇|Type III: 受抑/欠发育弱进液簇|Type III: 受抑/欠发育弱进液簇|Type IV: 砂堵闭合/未起裂死簇|Type V: 沟通天然断层/强微裂缝簇,0.07761920988559723,linear,1454.2677001953125,81.70242309570312,0.9147496223449707,660.6389770507812,16,0.010540444734067962,0.7333799325281523,1,4,1.5143516594786494e-13,2.9558577807620168e-12
716,6,4546.4375|4589.68|4614.5493|4634.0254|4648.8667|4693.8115,0.03510286|0.029865311|0.03479655|0.032764103|0.028442925|0.031845007,0.00031458552|0.00036587892|0.00032396647|0.00033037778|0.00025797018|0.00033859044,339903.94|339903.94|339903.94|339903.94|339903.94|339903.94,0.1635176|0.18866529|0.16771568|0.17085692|0.13433754|0.17490698,0.0021474084|0.0024776626|0.0022025402|0.0022437929|0.001764199|0.0022969807,Type II: 均衡/正常发育簇|Type II: 均衡/正常发育簇|Type II: 均衡/正常发育簇|Type II: 均衡/正常发育簇|Type III: 受抑/欠发育弱进液簇|Type II: 均衡/正常发育簇,0.051264725625514984,cosine,1423.104736328125,54.776615142822266,0.8567764163017273,135.05824279785156,8,0.009352454398323228,0.704597876611126,0,-1,9.021957307750114e-14,8.100187187665142e-12
717,4,4700.5547|4715.223|4734.426|4773.711,0.013481819|0.013594651|0.014935075|0.016394388,0.00021406134|0.00022363689|0.00026009942|0.00019243041,1224441.8|1224441.8|1224441.8|1224441.8,0.24124569|0.25139442|0.2894299|0.21792999,0.0047466853|0.0049463687|0.0056947446|0.0042879316,Type II: 均衡/正常发育簇|Type II: 均衡/正常发育簇|Type II: 均衡/正常发育簇|Type II: 均衡/正常发育簇,0.015264508314430714,cosine,1488.2103271484375,101.6318359375,1.2836545705795288,694.5057983398438,4,0.009662476988101222,0.6955920637507956,0,-1,7.247216607213225e-14,5.070432962384075e-11
718,5,4666.9277|4689.4956|4733.041|4746.07|4778.1167,0.011348637|0.014242922|0.012197224|0.011618494|0.013840342,5.9129903e-05|6.9589245e-05|6.3776235e-05|7.9372236e-05|6.213117e-05,153641.36|153641.36|153641.36|153641.36|153641.36,0.17706122|0.20835239|0.19095221|0.23760606|0.18602811,0.0032135427|0.0037814565|0.003465655|0.0043123914|0.0033762858,Type II: 均衡/正常发育簇|Type II: 均衡/正常发育簇|Type II: 均衡/正常发育簇|Type II: 均衡/正常发育簇|Type II: 均衡/正常发育簇,0.03295886889100075,cosine,1498.1617431640625,196.69447326660156,1.1840715408325195,3214.197021484375,16,0.008468184087270932,0.6391547024289934,0,-1,4.606983739809112e-14,4.320099833421409e-11
719,2,4742.496|4768.233,0.005|0.006567045,0.00053592457|5.4162487e-05,186862.98|186862.98,0.90603375|0.09396623,0.01973134|0.0020463692,Type V: 沟通天然断层/强微裂缝簇|Type III: 受抑/欠发育弱进液簇,0.07365749776363373,linear,1445.5947265625,67.51404571533203,1.4207887649536133,1586.49169921875,16,0.008145562044451642,0.6263785695572188,1,0,2.963200092741779e-14,8.117240213323385e-11
720,4,4756.768|4801.725|4840.8647|4881.893,0.016783092|0.017684601|0.015885657|0.021154512,0.0009162945|0.0010324209|0.0008902185|0.00084583426,214503.16|214503.16|214503.16|214503.16,0.2505111|0.27504194|0.24251142|0.23193553,0.004435223|0.004869534|0.0042935912|0.004106348,Type V: 沟通天然断层/强微裂缝簇|Type V: 沟通天然断层/强微裂缝簇|Type V: 沟通天然断层/强微裂缝簇|Type V: 沟通天然断层/强微裂缝簇,0.0824032798409462,cosine,1461.2384033203125,71.09623718261719,1.155063271522522,159.2195587158203,12,0.009048272704072909,0.63172950151015,0,-1,3.639013732275459e-13,2.1572077457676642e-11
721,3,4576.2593|4596.761|4635.305,0.022276295|0.02710355|0.021631872,0.00014461602|0.00012319004|0.00011899126,580461.94|580461.94|580461.94,0.37346837|0.31865302|0.3078786,0.0057287677|0.004887935|0.0047226623,Type I: 优势发育主进液簇|Type II: 均衡/正常发育簇|Type II: 均衡/正常发育簇,0.078041672706604,linear,1465.9962158203125,64.21648406982422,1.0007479190826416,1696.3729248046875,8,0.008296496621626282,0.6851635798604632,0,-1,9.567384861783323e-14,1.787157088983804e-10
722,3,4727.317|4761.5444|4776.0366,0.004766724|0.005398453|0.006031204,0.0003753392|0.0004935238|0.0005030758,125937.516|125937.516|125937.516,0.27504432|0.35912144|0.36583424,0.005791613|0.007562027|0.007703378,Type II: 均衡/正常发育簇|Type V: 沟通天然断层/强微裂缝簇|Type V: 沟通天然断层/强微裂缝簇,0.04102333262562752,linear,1486.013427734375,68.5302505493164,1.3737704753875732,395.4360656738281,12,0.009859649508354374,0.6943506710731407,0,-1,8.056979427161978e-14,4.547473508864641e-13
723,1,4895.9023,0.0066101225,8.824e-05,1767633.5,1.0,0.014435762,Type I: 优势发育主进液簇,0.09179496020078659,cosine,1403.23095703125,190.8769989013672,0.9417963624000549,27364.728515625,4,0.008616741334935677,0.7279782338882639,0,-1,2.884043508568149e-14,9.822542779147625e-11
724,5,4781.947|4805.6475|4842.6987|4877.531|4900.271,0.023170145|0.020667994|0.02483573|0.022370294|0.024018299,4.074436e-05|5.650258e-05|4.0881812e-05|4.9563012e-05|4.3211596e-05,1229903.8|1229903.8|1229903.8|1229903.8|1229903.8,0.17652407|0.24456234|0.17711306|0.214618|0.18718253,0.0032597957|0.0045162295|0.0032706722|0.00396326|0.003456621,Type II: 均衡/正常发育簇|Type II: 均衡/正常发育簇|Type II: 均衡/正常发育簇|Type II: 均衡/正常发育簇|Type II: 均衡/正常发育簇,0.0996265783905983,linear,1489.0604248046875,51.1010627746582,1.2047688961029053,6531.19921875,4,0.010125498143644909,0.6320220935824212,0,-1,4.13329589535349e-15,7.457856554538012e-11
725,3,4590.2344|4638.1113|4662.981,0.012|0.01988048|0.017554864,0.0015|0.00038006488|0.00046820883,152829.5|152829.5|152829.5,0.6075421|0.17639013|0.21606778,0.0096489815|0.0028014274|0.003431588,Type V: 沟通天然断层/强微裂缝簇|Type II: 均衡/正常发育簇|Type V: 沟通天然断层/强微裂缝簇,0.03220873326063156,cosine,1472.7169189453125,186.84420776367188,1.036149501800537,289.5677185058594,8,0.011441742586772205,0.702073685867667,1,0,7.300650969183087e-13,2.5863755581667647e-11
726,2,4619.575|4650.7344,0.005351177|0.007148926,0.0007583961|0.0009163835,130759.95|130759.95,0.45688218|0.5431178,0.008678731|0.010316824,Type V: 沟通天然断层/强微裂缝簇|Type V: 沟通天然断层/强微裂缝簇,0.0936131402850151,linear,1431.0206298828125,155.6714630126953,1.2392795085906982,363.9319152832031,12,0.010471701227519867,0.6040981484957746,0,-1,1.698600400688432e-14,0.0
727,2,4858.28|4884.2246,0.008016368|0.008231888,0.00028961845|0.00033083852,563112.4|563112.4,0.46849662|0.5315034,0.005874707|0.0066647786,Type I: 优势发育主进液簇|Type I: 优势发育主进液簇,0.027398277074098587,linear,1426.4825439453125,166.44186401367188,0.818082332611084,628.6829223632812,6,0.009954359797946816,0.6442956099596396,0,-1,2.046061616575029e-13,1.4438228390645236e-11
728,6,4512.6533|4535.34|4583.7217|4628.3193|4675.425|4713.6777,0.010375245|0.011258811|0.009869173|0.008357912|0.012327486|0.009402495,5.6943532e-05|4.3587508e-05|5.8467518e-05|5.3478547e-05|4.145266e-05|5.0177325e-05,83273.2|83273.2|83273.2|83273.2|83273.2|83273.2,0.18725578|0.14333929|0.19225247|0.17584844|0.13631013|0.16499388,0.0026945518|0.002062607|0.0027664525|0.0025304037|0.0019614599|0.00237421,Type II: 均衡/正常发育簇|Type III: 受抑/欠发育弱进液簇|Type II: 均衡/正常发育簇|Type II: 均衡/正常发育簇|Type III: 受抑/欠发育弱进液簇|Type II: 均衡/正常发育簇,0.04092801362276077,cosine,1454.3701171875,152.349365234375,0.9387902617454529,2430.259765625,12,0.010643007312487133,0.7328211919600722,0,-1,1.1898606557501912e-13,2.1827872842550278e-11
729,2,4876.267|4920.0176,0.009398889|0.008202412,0.0005001993|6.9297974e-05,474682.28|474682.28,0.87231916|0.12768084,0.011254451|0.0016473073,Type V: 沟通天然断层/强微裂缝簇|Type III: 受抑/欠发育弱进液簇,0.0960846021771431,cosine,1435.380126953125,169.77899169921875,0.8417172431945801,769.4263305664062,8,0.00892361442605012,0.654918901261609,1,0,6.131210041624216e-14,4.9112713895738125e-11
730,3,4606.6494|4653.5166|4688.7207,0.017941333|0.019513674|0.01719532,0.0006674233|0.0005991975|0.0007952736,117136.6|117136.6|117136.6,0.32495636|0.29264382|0.38239983,0.0045042885|0.004056398|0.0053005246,Type V: 沟通天然断层/强微裂缝簇|Type V: 沟通天然断层/强微裂缝簇|Type V: 沟通天然断层/强微裂缝簇,0.07284719496965408,linear,1470.778076171875,159.8087921142578,0.9043123722076416,243.92141723632812,12,0.010441730373701413,0.6419306586959579,0,-1,1.0162138193653761e-13,1.7337242752546445e-12
731,3,4595.16|4610.9854|4621.038,0.012652307|0.01426346|0.010416697,4.43065e-05|3.251236e-05|4.144228e-05,314455.97|314455.97|314455.97,0.37463042|0.2749446|0.350425,0.0056808987|0.004169262|0.0053138477,Type I: 优势发育主进液簇|Type II: 均衡/正常发育簇|Type I: 优势发育主进液簇,0.06247950717806816,linear,1475.91796875,57.19350051879883,0.9893075227737427,16550.306640625,12,0.008352545599720583,0.6122964453896822,0,-1,1.1622778748558021e-13,6.803020369261503e-10
732,4,4532.9673|4570.401|4604.4844|4653.534,0.005947175|0.008509742|0.008342251|0.0061749616,0.0003832609|0.00029782963|0.00041634732|0.00042301937,183257.03|183257.03|183257.03|183257.03,0.25243586|0.197001|0.27318755|0.2773756,0.0040377425|0.0031510552|0.0043696687|0.004436657,Type II: 均衡/正常发育簇|Type II: 均衡/正常发育簇|Type II: 均衡/正常发育簇|Type II: 均衡/正常发育簇,0.0446041077375412,linear,1449.7265625,134.65309143066406,1.0435298681259155,295.81292724609375,8,0.011402990194965214,0.6455097542446292,0,-1,3.318670005144665e-14,2.5579538487363607e-12
733,3,4673.3306|4702.9727|4722.7812,0.009231938|0.010835758|0.011735418,4.5778503e-05|4.2736363e-05|3.1329684e-05,647387.06|647387.06|647387.06,0.3819354|0.35658425|0.2614804,0.005864046|0.0054748175|0.00401464,Type I: 优势发育主进液簇|Type I: 优势发育主进液簇|Type II: 均衡/正常发育簇,0.03457820042967796,cosine,1460.6710205078125,103.00443267822266,1.001670241355896,16578.740234375,4,0.01199713782401153,0.6205307554015613,0,-1,1.57953755327081e-13,1.0186340659856796e-09
734,4,4548.352|4568.132|4604.4507|4631.9814,0.0108157415|0.009773879|0.012|0.008528791,7.882177e-05|6.0510683e-05|0.00064904056|7.7174445e-05,847573.3|847573.3|847573.3|847573.3,0.101721056|0.07815993|0.7205614|0.0995576,0.0020999897|0.0016135798|0.014875696|0.002055326,Type III: 受抑/欠发育弱进液簇|Type III: 受抑/欠发育弱进液簇|Type V: 沟通天然断层/强微裂缝簇|Type III: 受抑/欠发育弱进液簇,0.06879860162734985,linear,1454.8719482421875,194.19313049316406,1.3468636274337769,986.0306396484375,4,0.011286088836372726,0.6128088921819855,1,2,5.730708469613502e-14,3.694822225952521e-11
735,4,4615.8755|4638.5127|4655.812|4672.5703,0.022939574|0.019633587|0.023258753|0.0181122,6.872287e-05|5.909789e-05|5.6591365e-05|7.219734e-05,713567.2|713567.2|713567.2|713567.2,0.26776943|0.23036402|0.22061506|0.2812515,0.004233994|0.0036425367|0.0034883851|0.004447174,Type II: 均衡/正常发育簇|Type II: 均衡/正常发育簇|Type II: 均衡/正常发育簇|Type II: 均衡/正常发育簇,0.04873926565051079,cosine,1411.3841552734375,104.86091613769531,1.0315886735916138,3960.375,4,0.010976160744668253,0.7061261250226982,0,-1,7.679607275622169e-15,6.639311322942376e-11
736,6,4803.4067|4845.453|4871.8647|4895.7344|4917.2764|4950.0,0.017029565|0.012|0.014891415|0.012112684|0.012996686|0.012888488,9.690759e-06|0.0005|1.2513528e-05|1.3208773e-05|1.3902764e-05|1.23468135e-05,245443.81|245443.81|245443.81|245443.81|245443.81|245443.81,0.017720576|0.88726825|0.022876373|0.024147296|0.025415927|0.022571571,0.0002835827|0.014198969|0.000366091|0.0003864296|0.00040673153|0.00036121326,Type IV: 砂堵闭合/未起裂死簇|Type V: 沟通天然断层/强微裂缝簇|Type IV: 砂堵闭合/未起裂死簇|Type IV: 砂堵闭合/未起裂死簇|Type IV: 砂堵闭合/未起裂死簇|Type IV: 砂堵闭合/未起裂死簇,0.032287318259477615,cosine,1467.7222900390625,130.8458709716797,1.0440449714660645,1037.2421875,12,0.008613645944893502,0.6516723390319389,1,1,5.203189140261027e-15,6.889422365929931e-11
737,6,4773.1533|4788.8774|4813.3945|4854.6465|4873.15|4921.664,0.009024985|0.010021434|0.009350864|0.008773598|0.007888706|0.010692056,0.00013308492|0.0001312627|0.00013064245|0.0001037908|0.0001306463|0.000101528785,1068555.2|1068555.2|1068555.2|1068555.2|1068555.2|1068555.2,0.18188496|0.17942071|0.17856811|0.14232308|0.1785522|0.13925095,0.00280698|0.00276895|0.002755792|0.0021964326|0.0027555462|0.002149021,Type II: 均衡/正常发育簇|Type II: 均衡/正常发育簇|Type II: 均衡/正常发育簇|Type III: 受抑/欠发育弱进液簇|Type II: 均衡/正常发育簇|Type III: 受抑/欠发育弱进液簇,0.03589460998773575,cosine,1481.3201904296875,135.9292449951172,1.0068385601043701,635.5087280273438,4,0.01075575548239056,0.6009250132441798,0,-1,7.205195641513118e-14,1.602984411874786e-11
738,4,4764.214|4795.9756|4816.058|4848.5273,0.019104915|0.017253181|0.020083541|0.014489231,0.0003453905|0.00037691437|0.00046375327|0.00037382604,134509.39|134509.39|134509.39|134509.39,0.22219077|0.24187486|0.29609507|0.23983932,0.0044778967|0.004874598|0.005967319|0.004833575,Type II: 均衡/正常发育簇|Type II: 均衡/正常发育簇|Type V: 沟通天然断层/强微裂缝簇|Type II: 均衡/正常发育簇,0.022123092785477638,cosine,1413.989501953125,57.805824279785156,1.314817190170288,306.7686462402344,12,0.009729505884982519,0.6899561647340802,0,-1,1.6561026909642923e-13,2.6943780540023e-11
739,6,4547.7886|4596.3047|4610.692|4643.4106|4667.062|4702.9155,0.0043563615|0.004607804|0.00488974|0.004723315|0.0041833282|0.005887723,0.00047475332|0.0004362494|0.00043965245|0.00043277643|0.00040000875|0.00041492653,2393231.0|2393231.0|2393231.0|2393231.0|2393231.0|2393231.0,0.17802246|0.1677133|0.16850702|0.1665678|0.15751159|0.16167784,0.0034220614|0.0032238923|0.0032391497|0.0032018728|0.0030277886|0.003107875,Type V: 沟通天然断层/强微裂缝簇|Type II: 均衡/正常发育簇|Type II: 均衡/正常发育簇|Type II: 均衡/正常发育簇|Type II: 均衡/正常发育簇|Type II: 均衡/正常发育簇,0.006022850051522255,linear,1479.170654296875,56.169681549072266,1.2540947198867798,204.1325225830078,4,0.00858562165512279,0.6301803098824231,0,-1,6.732185338712005e-14,2.361844053666573e-11
740,2,4695.4136|4725.3843,0.011096327|0.011300059,0.0005|1.9820096e-05,77919.71|77919.71,0.96151644|0.038483538,0.016269999|0.00065118715,Type V: 沟通天然断层/强微裂缝簇|Type IV: 砂堵闭合/未起裂死簇,0.09764906018972397,cosine,1443.3182373046875,98.47708892822266,1.1039466857910156,1232.5498046875,12,0.011894790627551432,0.6065157759700095,1,0,1.9416879128847375e-13,1.0550138540565968e-10
741,5,4851.7534|4868.894|4891.0674|4915.001|4950.0,0.005814874|0.0054634707|0.005404585|0.0048313914|0.006591581,1.5779482e-05|1.5590365e-05|1.7531078e-05|1.5045042e-05|2.109141e-05,1542873.1|1542873.1|1542873.1|1542873.1|1542873.1,0.1855678|0.1833443|0.20615678|0.17693317|0.24799795,0.0026606198|0.0026287402|0.002955819|0.0025368189|0.0035557263,Type II: 均衡/正常发育簇|Type II: 均衡/正常发育簇|Type II: 均衡/正常发育簇|Type II: 均衡/正常发育簇|Type II: 均衡/正常发育簇,0.029413746669888496,linear,1429.644775390625,128.4098663330078,0.9354003667831421,28610.271484375,4,0.008799008882342241,0.7472535849470929,0,-1,1.9600405079902607e-14,1.1677911970764399e-09
742,5,4813.0166|4848.6646|4862.4116|4904.8174|4950.0,0.0076134247|0.007221658|0.008360116|0.008760261|0.008761903,4.3720454e-05|4.674599e-05|3.80934e-05|4.8899463e-05|4.4252087e-05,643556.94|643556.94|643556.94|643556.94|643556.94,0.19720618|0.21082984|0.17184539|0.22052489|0.19959371,0.00372292|0.0039801113|0.003244151|0.0041631376|0.0037679924,Type II: 均衡/正常发育簇|Type II: 均衡/正常发育簇|Type II: 均衡/正常发育簇|Type II: 均衡/正常发育簇|Type II: 均衡/正常发育簇,0.09726209193468094,linear,1482.2183837890625,196.52784729003906,1.231630563735962,7525.8857421875,4,0.01195665589518569,0.62659608877496,0,-1,4.3555741966686684e-14,0.0
743,4,4550.3853|4594.294|4604.724|4639.394,0.012048052|0.010871194|0.0143146925|0.012859705,8.493597e-05|0.000109031906|7.528708e-05|7.810325e-05,371843.8|371843.8|371843.8|371843.8,0.24457198|0.31366473|0.21683575|0.22492753,0.0035069655|0.0044976994|0.00310925|0.0032252797,Type II: 均衡/正常发育簇|Type II: 均衡/正常发育簇|Type II: 均衡/正常发育簇|Type II: 均衡/正常发育簇,0.039307352155447006,linear,1458.4544677734375,133.49794006347656,0.9354963302612305,1881.1019287109375,8,0.009437330284097663,0.661594744337611,0,-1,6.968317795615769e-14,0.0
744,4,4816.217|4845.58|4859.9956|4892.2773,0.027846301|0.012|0.02058702|0.019570982,1.272589e-05|0.0005|1.25556e-05|1.4902491e-05,560390.0|560390.0|560390.0|560390.0,0.025031045|0.92096907|0.024692452|0.029307425,0.00055152015|0.02029212|0.00054405973|0.0006457435,Type IV: 砂堵闭合/未起裂死簇|Type V: 沟通天然断层/强微裂缝簇|Type IV: 砂堵闭合/未起裂死簇|Type IV: 砂堵闭合/未起裂死簇,0.09886840730905533,cosine,1426.6690673828125,153.09979248046875,1.437472939491272,2125.747802734375,4,0.01178943574254754,0.6906680921630887,1,1,1.5447097268840582e-13,1.2187229003757238e-10
745,1,4796.394,0.0154106915,8.29439e-05,1269837.1,1.0,0.013622384,Type I: 优势发育主进液簇,0.09747574478387833,cosine,1408.871337890625,147.08407592773438,0.8887311220169067,27392.62890625,4,0.00962275839336388,0.6886958425479369,0,-1,9.678114599065857e-15,3.41970007866621e-10
746,5,4787.0977|4831.952|4871.899|4919.864|4950.0,0.007481949|0.007244228|0.006115204|0.006218906|0.0065574255,0.0005726544|0.0006869853|0.0006679944|0.00069908996|0.0006714548,94900.76|94900.76|94900.76|94900.76|94900.76,0.17597248|0.20836242|0.20216033|0.2107747|0.20273007,0.0024652523|0.002919013|0.0028321259|0.0029528076|0.0028401078,Type V: 沟通天然断层/强微裂缝簇|Type V: 沟通天然断层/强微裂缝簇|Type V: 沟通天然断层/强微裂缝簇|Type V: 沟通天然断层/强微裂缝簇|Type V: 沟通天然断层/强微裂缝簇,0.003733829827979207,linear,1449.8779296875,68.60465240478516,0.9139742255210876,126.10726928710938,16,0.008823812780232738,0.7490196831718412,0,-1,5.227955113089322e-13,2.4442670110147446e-12
747,5,4500.0977|4525.5225|4546.224|4558.5225|4582.6577,0.0047338833|0.0050076796|0.005378324|0.0055383854|0.0051220595,4.2850104e-05|4.7466234e-05|5.135761e-05|4.783304e-05|4.3671735e-05,358947.1|358947.1|358947.1|358947.1|358947.1,0.18378119|0.20356041|0.22023155|0.20512992|0.18729694,0.0026490039|0.0029340994|0.0031743955|0.0029567222|0.0026996795,Type II: 均衡/正常发育簇|Type II: 均衡/正常发育簇|Type II: 均衡/正常发育簇|Type II: 均衡/正常发育簇|Type II: 均衡/正常发育簇,0.017913132905960083,cosine,1490.6663818359375,141.52589416503906,0.9403701424598694,4003.960205078125,8,0.00910533634119759,0.723374869690571,0,-1,6.739640838010442e-15,0.0
748,1,4690.1333,0.017637396,0.00034332075,134059.36,1.0,0.01566896,Type I: 优势发育主进液簇,0.025250770151615143,cosine,1439.03125,51.03376388549805,1.0222508907318115,2213.78515625,12,0.010266487939570655,0.6207074948305193,0,-1,5.867673019558164e-14,1.7689671949483454e-10
749,1,4624.8145,0.012,0.0005,1157185.6,1.0,0.022225292,Type V: 沟通天然断层/强微裂缝簇,0.014902375638484955,cosine,1484.1181640625,52.87081527709961,1.4499891996383667,2692.4072265625,6,0.008086494877022605,0.6810628983497236,1,0,9.787692710353305e-14,2.6193447411060333e-10
750,3,4528.218|4574.9326|4599.0005,0.00866591|0.009004619|0.009725591,2.3201004e-05|0.0005|2.011445e-05,98024.266|98024.266|98024.266,0.043189872|0.919375|0.037435133,0.0008640999|0.018393937|0.0007489648,Type III: 受抑/欠发育弱进液簇|Type V: 沟通天然断层/强微裂缝簇|Type IV: 砂堵闭合/未起裂死簇,0.05450265109539032,linear,1481.714599609375,115.15169525146484,1.3052668571472168,1575.60693359375,12,0.010683374284687866,0.6703408562499154,1,1,5.670560660028974e-14,1.8894752429332584e-10
751,1,4728.087,0.025580289,0.00048565347,1679426.0,1.0,0.016341144,Type V: 沟通天然断层/强微裂缝簇,0.051315754652023315,linear,1412.994140625,110.43193054199219,1.066104531288147,1742.3983154296875,4,0.009189187042412375,0.6566984793646289,0,-1,2.208061241715329e-14,2.9558577807620168e-12
752,4,4847.5376|4872.5894|4888.2256|4914.268,0.012|0.027150778|0.028347192|0.027021006,0.0005|1.3332432e-05|1.5916614e-05|1.8111132e-05,726519.5|726519.5|726519.5|726519.5,0.9066563|0.026278112|0.031370636|0.03569492,0.020486353|0.00059376704|0.0007088352|0.0008065445,Type V: 沟通天然断层/强微裂缝簇|Type IV: 砂堵闭合/未起裂死簇|Type IV: 砂堵闭合/未起裂死簇|Type IV: 砂堵闭合/未起裂死簇,0.08557135611772537,cosine,1444.412109375,115.08006286621094,1.4741417169570923,2198.46044921875,4,0.01176020491037918,0.6096031535612024,1,0,1.6275868524565258e-14,1.1186784831807017e-10
753,2,4687.6646|4718.2803,0.020718621|0.018875761,0.00016953386|0.00020377133,203007.44|203007.44,0.45446858|0.54553145,0.010089115|0.012110693,Type I: 优势发育主进液簇|Type I: 优势发育主进液簇,0.018210982903838158,linear,1464.054443359375,105.89470672607422,1.4483267068862915,3761.23779296875,8,0.010635532832688907,0.7050114286680624,0,-1,6.45447711662521e-14,0.0
754,2,4689.5503|4735.2446,0.008487762|0.010605467,1.4245645e-05|0.0005,251371.77|251371.77,0.02854009|0.9714599,0.0006441122|0.021924568,Type IV: 砂堵闭合/未起裂死簇|Type V: 沟通天然断层/强微裂缝簇,0.044857583940029144,cosine,1439.9573974609375,146.4169921875,1.4723920822143555,2287.11669921875,12,0.00860449337102066,0.6453131493105974,1,1,8.33207878777123e-14,1.0413714335300028e-10
755,5,4609.4185|4648.1436|4663.84|4675.916|4699.547,0.015755355|0.013892624|0.015863903|0.016051497|0.011662807,2.9670253e-05|2.7811353e-05|2.9838226e-05|2.27981e-05|2.963273e-05,253254.75|253254.75|253254.75|253254.75|253254.75,0.21230836|0.1990076|0.21350749|0.1631394|0.21203715,0.0032927543|0.003086469|0.0033113519|0.002530178|0.003288548,Type II: 均衡/正常发育簇|Type II: 均衡/正常发育簇|Type II: 均衡/正常发育簇|Type II: 均衡/正常发育簇|Type II: 均衡/正常发育簇,0.0890328511595726,cosine,1485.390380859375,57.29108810424805,1.0118346214294434,12421.369140625,8,0.010184013331847432,0.6884206963694847,0,-1,5.816227118253959e-15,3.1104718800634146e-10
756,6,4569.0938|4611.5977|4653.3276|4692.758|4732.817|4779.995,0.009783734|0.013605207|0.011538784|0.013593514|0.010269034|0.012263616,0.00057567755|0.0006700238|0.0015|0.0006203498|0.00055581774|0.0005972361,2794913.0|2794913.0|2794913.0|2794913.0|2794913.0|2794913.0,0.15592837|0.16702732|0.20739709|0.16051888|0.1516976|0.15743072,0.003441387|0.003686344|0.0045773173|0.003542701|0.0033480127|0.0034745443,Type V: 沟通天然断层/强微裂缝簇|Type V: 沟通天然断层/强微裂缝簇|Type V: 沟通天然断层/强微裂缝簇|Type V: 沟通天然断层/强微裂缝簇|Type V: 沟通天然断层/强微裂缝簇|Type V: 沟通天然断层/强微裂缝簇,0.09134424477815628,cosine,1490.09619140625,137.14584350585938,1.4398778676986694,295.70831298828125,4,0.008041819861017027,0.6646726401527043,1,2,2.2243766887013877e-13,5.229594535194337e-12
757,2,4708.346|4755.6333,0.026181605|0.023266591,7.708371e-05|6.612822e-05,611342.1|611342.1,0.5381315|0.4618685,0.007178805|0.006161438,Type I: 优势发育主进液簇|Type I: 优势发育主进液簇,0.07526899129152298,cosine,1495.159912109375,122.12682342529297,0.8703241944313049,8861.1337890625,8,0.008672452776242878,0.6110047330197037,0,-1,3.667039748570487e-14,5.384208634495735e-10
758,2,4649.067|4692.6016,0.007962628|0.008218211,5.1774266e-05|0.0005,1988138.6|1988138.6,0.11219793|0.88780206,0.0023678544|0.018736405,Type III: 受抑/欠发育弱进液簇|Type V: 沟通天然断层/强微裂缝簇,0.023523814976215363,cosine,1430.39501953125,190.5622100830078,1.3768526315689087,2376.902587890625,4,0.008499095216400182,0.7055566798399776,1,1,2.6303291887782264e-14,2.5693225325085223e-10
759,3,4870.395|4910.3535|4945.9653,0.017282542|0.017960493|0.018159393,9.737511e-05|9.820542e-05|0.00011830393,204058.78|204058.78|204058.78,0.31029066|0.31291938|0.37678996,0.005973011|0.006023613|0.007253104,Type II: 均衡/正常发育簇|Type II: 均衡/正常发育簇|Type I: 优势发育主进液簇,0.0658637210726738,cosine,1473.014404296875,70.8396987915039,1.2558618783950806,3913.754638671875,12,0.008633906132853477,0.7113561235068935,0,-1,2.8837368826412427e-14,1.1823431123048067e-10
760,4,4525.9233|4567.294|4605.462|4637.8438,0.017696233|0.0178739|0.018675888|0.020501088,0.00028317273|0.00031928165|0.00027721768|0.00025681983,2048225.4|2048225.4|2048225.4|2048225.4,0.24969196|0.2761508|0.24498653|0.2291707,0.005542384|0.006129688|0.005437938|0.005086876,Type II: 均衡/正常发育簇|Type II: 均衡/正常发育簇|Type II: 均衡/正常发育簇|Type II: 均衡/正常发育簇,0.021040301769971848,linear,1466.475830078125,138.87625122070312,1.4481359720230103,674.7677001953125,4,0.008303666843118462,0.728235635722221,0,-1,1.0534843532467378e-13,3.9335645851679146e-11
761,2,4771.8604|4811.3975,0.012|0.015655003,0.0005|9.877669e-06,184375.17|184375.17,0.98019487|0.019805154,0.020020938|0.0004045295,Type V: 沟通天然断层/强微裂缝簇|Type IV: 砂堵闭合/未起裂死簇,0.04663243144750595,cosine,1469.362548828125,55.704132080078125,1.3325676918029785,1813.3802490234375,12,0.009079534077536268,0.6767075606947514,1,0,6.590524838107764e-14,6.59383658785373e-11
762,3,4807.974|4828.5283|4842.5767,0.011658009|0.012|0.009060664,1.6822529e-05|0.0005|1.5838365e-05,242536.56|242536.56|242536.56,0.03246834|0.936966|0.030565655,0.0007260377|0.020951875|0.00068349094,Type IV: 砂堵闭合/未起裂死簇|Type V: 沟通天然断层/强微裂缝簇|Type IV: 砂堵闭合/未起裂死簇,0.046278804540634155,linear,1427.3165283203125,174.0732879638672,1.458869218826294,2133.74609375,6,0.011571441588856856,0.7265170707039696,1,1,1.303288260732366e-14,6.320988177321851e-11
763,4,4505.0283|4539.3535|4573.4175|4594.283,0.020249374|0.015963318|0.020876246|0.020281488,2.1915675e-05|2.313506e-05|2.4554514e-05|2.5879972e-05,36035.695|36035.695|36035.695|36035.695,0.22952034|0.24228963|0.25715458|0.27103543,0.0035713012|0.0037699894|0.004001286|0.00421727,Type II: 均衡/正常发育簇|Type II: 均衡/正常发育簇|Type II: 均衡/正常发育簇|Type II: 均衡/正常发育簇,0.02981100231409073,cosine,1499.4617919921875,178.38726806640625,1.015132188796997,26778.0703125,16,0.01151948299564421,0.7131948429292752,0,-1,1.0702770355359385e-14,1.2332748156040907e-09
764,6,4795.3833|4841.52|4869.1562|4908.95|4935.9253|4950.0,0.023925547|0.012|0.0245728|0.024146842|0.024927849|0.021751601,1.2011824e-05|0.0005|8.742976e-06|1.1001135e-05|9.562963e-06|1.2220632e-05,141991.39|141991.39|141991.39|141991.39|141991.39|141991.39,0.022049915|0.9017389|0.016045075|0.020189151|0.017549863|0.0224271,0.0002829446|0.011571117|0.00020589045|0.00025906725|0.00022519991|0.00028778464,Type IV: 砂堵闭合/未起裂死簇|Type V: 沟通天然断层/强微裂缝簇|Type IV: 砂堵闭合/未起裂死簇|Type IV: 砂堵闭合/未起裂死簇|Type IV: 砂堵闭合/未起裂死簇|Type IV: 砂堵闭合/未起裂死簇,0.056003253906965256,linear,1445.2999267578125,188.47052001953125,0.8371663689613342,775.7153930664062,16,0.00802894931656581,0.7395919941954732,1,1,1.7385082902356824e-13,1.0334133548894897e-10
765,3,4693.9775|4724.318|4773.792,0.016226957|0.011404874|0.011311336,1.2279546e-05|0.0005|9.734303e-06,399654.5|399654.5|399654.5,0.02462279|0.9558608|0.019516435,0.00036257962|0.0140754|0.00028738668,Type IV: 砂堵闭合/未起裂死簇|Type V: 沟通天然断层/强微裂缝簇|Type IV: 砂堵闭合/未起裂死簇,0.058351997286081314,cosine,1455.7994384765625,93.91325378417969,0.9606903195381165,1007.3407592773438,8,0.008794633182818838,0.7348400530773569,1,1,8.046089293965719e-14,2.1032064978498966e-11
766,5,4809.386|4846.0195|4865.5615|4904.3286|4942.6416,0.023876494|0.025403202|0.024452059|0.021115392|0.024360972,0.0002494443|0.00027272556|0.00031396284|0.00025370278|0.00033437138,113628.67|113628.67|113628.67|113628.67|113628.67,0.17556943|0.19163598|0.22023994|0.17826082|0.23429383,0.0035522743|0.0038773466|0.004456087|0.0036067287|0.004740438,Type II: 均衡/正常发育簇|Type II: 均衡/正常发育簇|Type II: 均衡/正常发育簇|Type II: 均衡/正常发育簇|Type II: 均衡/正常发育簇,0.05066953971982002,cosine,1418.17529296875,185.40061950683594,1.3200029134750366,469.18743896484375,16,0.00889343524067911,0.6738412326466765,0,-1,2.932234939882414e-14,1.5688783605583012e-11
767,4,4835.2173|4878.7466|4913.8066|4932.903,0.02075698|0.015240677|0.019757446|0.017229911,0.00028790894|0.0003245656|0.00032756565|0.0003504438,290785.5|290785.5|290785.5|290785.5,0.22400622|0.25151038|0.25368515|0.27079827,0.0045605698|0.0051205307|0.0051648067|0.0055132145,Type II: 均衡/正常发育簇|Type II: 均衡/正常发育簇|Type II: 均衡/正常发育簇|Type II: 均衡/正常发育簇,0.02266286499798298,linear,1491.8359375,117.4856185913086,1.3282393217086792,455.4203796386719,6,0.011662219858816674,0.65322160404612,0,-1,6.560877329701148e-14,2.6830093702301383e-11
768,4,4798.955|4839.4507|4873.8945|4900.537,0.02190826|0.024072986|0.01840213|0.018456135,3.8895127e-05|4.354073e-05|5.1683855e-05|5.5860135e-05,739952.2|739952.2|739952.2|739952.2,0.20480323|0.22922805|0.27201885|0.29394987,0.004004804|0.0044824164|0.0053191646|0.005748013,Type II: 均衡/正常发育簇|Type II: 均衡/正常发育簇|Type II: 均衡/正常发育簇|Type II: 均衡/正常发育簇,0.06903544068336487,linear,1496.2279052734375,53.029293060302734,1.2757388353347778,10740.728515625,4,0.01149069456794883,0.6327122364399582,0,-1,4.967911254897747e-14,2.128217602148652e-10
769,4,4709.8564|4736.6763|4758.5415|4771.024,0.010701881|0.010342759|0.010107566|0.009949365,2.2366416e-05|0.0005|2.1321748e-05|2.17684e-05,674166.4|674166.4|674166.4|674166.4,0.04236031|0.8760405|0.040376816|0.04122236,0.0005626777|0.0116365645|0.0005363307|0.00054756214,Type III: 受抑/欠发育弱进液簇|Type V: 沟通天然断层/强微裂缝簇|Type III: 受抑/欠发育弱进液簇|Type III: 受抑/欠发育弱进液簇,0.0799601674079895,cosine,1456.806884765625,109.84941101074219,0.86659836769104,776.9803466796875,4,0.011271611878557866,0.6888823079247651,1,1,7.065240726451469e-14,6.662048690486699e-11
770,2,4767.324|4814.213,0.029382832|0.032885425,6.193369e-05|8.214477e-05,765459.9|765459.9,0.43013453|0.56986547,0.0060516344|0.0080175325,Type I: 优势发育主进液簇|Type I: 优势发育主进液簇,0.08501723408699036,linear,1471.35400390625,136.45962524414062,0.9178795218467712,9750.5908203125,6,0.00870171784794126,0.7231662636335493,0,-1,3.205791218220005e-15,9.149516699835658e-10
771,1,4559.862,0.012,0.0005,131016.64,1.0,0.022329912,Type V: 沟通天然断层/强微裂缝簇,0.03307788446545601,cosine,1414.5009765625,71.23616790771484,1.4568146467208862,2222.702392578125,16,0.008526300969225917,0.6827411692193979,1,0,9.741835701841672e-14,1.1959855328314006e-10
772,4,4855.261|4880.929|4904.27|4950.0,0.016443072|0.0131844105|0.015420474|0.012223403,0.00020851173|0.00021218536|0.00020784943|0.00017351797,535335.2|535335.2|535335.2|535335.2,0.25984064|0.2642622|0.2589671|0.21693005,0.0037131354|0.0037763198|0.0037006524|0.0030999407,Type II: 均衡/正常发育簇|Type II: 均衡/正常发育簇|Type II: 均衡/正常发育簇|Type II: 均衡/正常发育簇,0.015417221002280712,linear,1461.833984375,89.32829284667969,0.9322899580001831,454.31585693359375,4,0.011906276812301024,0.6928444931718629,0,-1,7.162235316274506e-15,1.801936377887614e-11
773,2,4672.7207|4705.799,0.010774488|0.010459553,0.00047087594|0.0005405,376025.2|376025.2,0.46862942|0.5313706,0.0062446333|0.007080679,Type V: 沟通天然断层/强微裂缝簇|Type V: 沟通天然断层/强微裂缝簇,0.004492773674428463,cosine,1465.3863525390625,159.22402954101562,0.8693500757217407,383.73504638671875,6,0.010810949843137404,0.6684565688014714,0,-1,1.8837419146246204e-13,3.1661784305470064e-11
774,4,4641.922|4675.89|4707.9414|4755.716,0.008904308|0.007897012|0.008467863|0.008830245,6.107708e-05|6.5099775e-05|7.970381e-05|8.05759e-05,87969.29|87969.29|87969.29|87969.29,0.2132394|0.22727077|0.27822462|0.2812652,0.0032550346|0.0034692192|0.004247014|0.0042934273,Type II: 均衡/正常发育簇|Type II: 均衡/正常发育簇|Type II: 均衡/正常发育簇|Type II: 均衡/正常发育簇,0.07257262617349625,linear,1413.7010498046875,135.281005859375,0.9958764314651489,3020.5234375,12,0.011342337623209593,0.6277817671437,0,-1,6.989035543879252e-14,1.5916157281026244e-11
775,6,4741.798|4772.212|4818.3584|4837.6504|4850.9663|4889.762,0.013969362|0.014839023|0.01685032|0.016045624|0.014519439|0.016184157,0.0004353801|0.00040589555|0.00037182495|0.00038637212|0.000417109|0.0004806394,624605.7|624605.7|624605.7|624605.7|624605.7|624605.7,0.17440084|0.16333388|0.15040967|0.15570909|0.16688883|0.18925768,0.0030788728|0.0028834967|0.0026553327|0.0027488887|0.002946256|0.0033411556,Type II: 均衡/正常发育簇|Type II: 均衡/正常发育簇|Type II: 均衡/正常发育簇|Type II: 均衡/正常发育簇|Type II: 均衡/正常发育簇|Type V: 沟通天然断层/强微裂缝簇,0.04886068031191826,linear,1478.1710205078125,106.49063873291016,1.1517560482025146,222.35057067871094,4,0.011055255982518669,0.7439779254175971,0,-1,7.173150691052593e-14,1.6200374375330284e-12
776,1,4752.7876,0.0214776,0.00033479463,380292.6,1.0,0.013375458,Type I: 优势发育主进液簇,0.036438800394535065,linear,1447.6844482421875,133.06285095214844,0.8726216554641724,1832.0050048828125,6,0.010449000067503668,0.7115427017161502,0,-1,3.138607063590988e-14,4.6838977141305804e-11
777,3,4656.1865|4698.1406|4727.887,0.030230958|0.029128643|0.025389688,7.460553e-05|5.5661403e-05|5.5725646e-05,1964463.0|1964463.0|1964463.0,0.40054736|0.2995548|0.29989785,0.0068458733|0.0051197796|0.0051256428,Type I: 优势发育主进液簇|Type II: 均衡/正常发育簇|Type II: 均衡/正常发育簇,0.044441647827625275,cosine,1412.785400390625,119.06523895263672,1.1150447130203247,8686.4228515625,4,0.00904225456421027,0.6270833017544563,0,-1,9.256570526359684e-14,7.803464541211724e-10
778,1,4552.1963,0.00828927,0.000121480916,44633.37,1.0,0.020775016,Type I: 优势发育主进液簇,0.051738932728767395,linear,1431.9510498046875,199.26380920410156,1.355372428894043,29543.853515625,16,0.011862753603780498,0.6042821630561878,0,-1,1.4612581435667626e-13,3.637978807091713e-12
779,2,4761.2725|4799.4463,0.008141456|0.008127003,0.00018496631|0.00025613236,184607.62|184607.62,0.42004266|0.57995737,0.006163938|0.008510615,Type I: 优势发育主进液簇|Type I: 优势发育主进液簇,0.08323414623737335,cosine,1404.1434326171875,107.77427673339844,0.957375168800354,1267.15234375,8,0.010795699642477468,0.7175368878307767,0,-1,3.309965216952322e-14,6.139089236967266e-12
780,3,4660.544|4707.4883|4717.6816,0.016552966|0.014480438|0.016058112,0.00063144084|0.0006345096|0.0007659434,641297.94|641297.94|641297.94,0.3165135|0.3172949|0.3661916,0.0062286877|0.006244065|0.007206306,Type V: 沟通天然断层/强微裂缝簇|Type V: 沟通天然断层/强微裂缝簇|Type V: 沟通天然断层/强微裂缝簇,0.006738316733390093,linear,1479.503662109375,103.10936737060547,1.2838716506958008,298.27789306640625,6,0.00979283324741929,0.6238249442688838,0,-1,7.704374518999885e-14,3.865352482534945e-12
781,3,4834.9536|4845.8306|4859.7607,0.005554633|0.007079305|0.005499958,3.8823386e-05|0.0005|3.244557e-05,568058.75|568058.75|568058.75,0.0719848|0.86785126|0.06016397,0.0013795067|0.01663138|0.001152974,Type III: 受抑/欠发育弱进液簇|Type V: 沟通天然断层/强微裂缝簇|Type III: 受抑/欠发育弱进液簇,0.08249350637197495,cosine,1433.4080810546875,85.26309204101562,1.2502598762512207,1420.77734375,6,0.010063181120162659,0.6276855911508855,1,1,1.068142681915447e-14,1.020907802740112e-10
782,3,4801.34|4811.57|4860.804,0.015537586|0.012|0.014245872,2.4742494e-05|0.0005|1.8260109e-05,1161272.8|1161272.8|1161272.8,0.051193535|0.91102093|0.03778556,0.0010977545|0.019535225|0.0008102442,Type III: 受抑/欠发育弱进液簇|Type V: 沟通天然断层/强微裂缝簇|Type IV: 砂堵闭合/未起裂死簇,0.0015462628798559308,cosine,1489.9295654296875,164.14186096191406,1.398966670036316,2223.06005859375,4,0.009783018686535104,0.6967672626505224,1,1,1.3849814036511615e-13,1.1050360626541078e-10
783,3,4534.6187|4560.63|4570.845,0.007780786|0.006334232|0.0071549546,0.0001732299|0.0015|0.00022110506,196739.48|196739.48|196739.48,0.10532311|0.76065016|0.13402672,0.002106831|0.015215665|0.0026810034,Type III: 受抑/欠发育弱进液簇|Type V: 沟通天然断层/强微裂缝簇|Type III: 受抑/欠发育弱进液簇,0.08385561406612396,linear,1472.4779052734375,166.63079833984375,1.305038332939148,388.75244140625,12,0.009200795695469569,0.6379443997870734,1,1,4.0411985959215926e-14,2.5579538487363607e-11
784,2,4748.5625|4782.041,0.0054043233|0.0069652717,0.0004324109|0.00033254543,35694.637|35694.637,0.5649611|0.4350389,0.009048049|0.0069673,Type I: 优势发育主进液簇|Type I: 优势发育主进液簇,0.04010149464011192,linear,1453.194091796875,60.237510681152344,1.0448495149612427,550.5470581054688,16,0.011645091406015313,0.7012184752256261,0,-1,8.686967974385479e-14,3.808509063674137e-11
785,5,4590.492|4624.8906|4666.508|4681.0938|4727.16,0.015642524|0.014149433|0.011982091|0.012548207|0.010729232,0.0004238561|0.00036935927|0.00046762812|0.0004629801|0.00036387288,392271.16|392271.16|392271.16|392271.16|392271.16,0.20351218|0.178445|0.22224307|0.22016382|0.17563593,0.0041066715|0.003600841|0.0044846423|0.004442685|0.0035441567,Type II: 均衡/正常发育簇|Type II: 均衡/正常发育簇|Type V: 沟通天然断层/强微裂缝簇|Type V: 沟通天然断层/强微裂缝簇|Type II: 均衡/正常发育簇,0.020563434809446335,linear,1436.1031494140625,88.77429962158203,1.3164879083633423,264.7928466796875,8,0.009775653443230819,0.6003242055024952,0,-1,1.2327637554428866e-13,6.30961949354969e-12
786,3,4844.266|4875.349|4888.5703,0.008736226|0.0074829333|0.0063976776,0.00035115523|0.0004408674|0.00040030802,117345.87|117345.87|117345.87,0.2952644|0.36902127|0.33571434,0.0047100247|0.0058865864|0.005355278,Type II: 均衡/正常发育簇|Type I: 优势发育主进液簇|Type II: 均衡/正常发育簇,0.043894749134778976,linear,1467.3204345703125,103.3802490234375,1.0407092571258545,336.04351806640625,12,0.010188285887456591,0.6736638296920856,0,-1,2.1096958815330913e-13,0.0
787,6,4621.678|4668.822|4682.115|4728.3657|4746.1465|4763.711,0.029309452|0.021186514|0.024679959|0.022726104|0.023045124|0.012,0.0008745767|0.0009690232|0.0007760065|0.0009986414|0.0008958383|0.0015,1062027.4|1062027.4|1062027.4|1062027.4|1062027.4|1062027.4,0.16021317|0.1672149|0.1474678|0.16859595|0.15933661|0.19717157,0.0035654258|0.0037212442|0.003281787|0.0037519783|0.0035459187|0.0043879077,Type V: 沟通天然断层/强微裂缝簇|Type V: 沟通天然断层/强微裂缝簇|Type V: 沟通天然断层/强微裂缝簇|Type V: 沟通天然断层/强微裂缝簇|Type V: 沟通天然断层/强微裂缝簇|Type V: 沟通天然断层/强微裂缝簇,0.04403739422559738,linear,1428.7838134765625,83.37178039550781,1.4518792629241943,205.74017333984375,4,0.009656139406913487,0.7478693366793164,1,5,2.447635193483788e-13,2.2453150450019166e-11
788,5,4554.111|4585.242|4601.935|4629.792|4645.588,0.008981926|0.011740021|0.011078745|0.01056054|0.008189465,8.7286564e-05|8.6176566e-05|9.8156226e-05|8.217001e-05|0.00011441061,1102515.9|1102515.9|1102515.9|1102515.9|1102515.9,0.18660921|0.18423852|0.209591|0.17572843|0.24383284,0.0025067797|0.0024749336|0.0028155013|0.002360615|0.0032754827,Type II: 均衡/正常发育簇|Type II: 均衡/正常发育簇|Type II: 均衡/正常发育簇|Type II: 均衡/正常发育簇|Type II: 均衡/正常发育簇,0.07884438335895538,linear,1484.9154052734375,84.47648620605469,0.8763960599899292,949.8232421875,4,0.009688605538014837,0.7290975905362376,0,-1,3.564152011720223e-14,7.196376827778295e-11
789,6,4804.8193|4817.6714|4841.4097|4871.664|4887.0835|4918.937,0.017308146|0.01775215|0.019050645|0.014429092|0.021109506|0.018354079,0.00015252057|0.00012974137|0.00013820929|0.00015747709|0.00012045553|0.00014628602,837623.7|837623.7|837623.7|837623.7|837623.7|837623.7,0.18039201|0.15383965|0.16370077|0.18606558|0.1429243|0.17307769,0.0032354333|0.0027592015|0.0029360664|0.003337192|0.0025634284|0.0031042467,Type II: 均衡/正常发育簇|Type II: 均衡/正常发育簇|Type II: 均衡/正常发育簇|Type II: 均衡/正常发育簇|Type III: 受抑/欠发育弱进液簇|Type II: 均衡/正常发育簇,0.01706850528717041,linear,1476.239990234375,143.07669067382812,1.1701254844665527,664.5003662109375,6,0.009173976675613774,0.6219702751002252,0,-1,1.1741776713251884e-13,2.7057467377744615e-11
790,4,4756.3076|4803.1265|4836.5625|4847.3203,0.006119978|0.005178197|0.0061921882|0.0051601394,0.0009024133|0.0008521576|0.0007860941|0.0007595712,101895.516|101895.516|101895.516|101895.516,0.2730765|0.25760138|0.23847124|0.23085088,0.0036212688|0.0034160535|0.0031623682|0.0030613146,Type V: 沟通天然断层/强微裂缝簇|Type V: 沟通天然断层/强微裂缝簇|Type V: 沟通天然断层/强微裂缝簇|Type V: 沟通天然断层/强微裂缝簇,0.004676341079175472,cosine,1417.5421142578125,185.7730255126953,0.8651546239852905,237.462890625,12,0.010091560389953408,0.73686036371086,0,-1,1.1964237109710063e-12,1.5376144801848568e-11
791,2,4636.239|4664.8203,0.005303804|0.005,2.4449088e-05|0.0005,165086.61|165086.61,0.047529764|0.95247024,0.00091995415|0.018435374,Type III: 受抑/欠发育弱进液簇|Type V: 沟通天然断层/强微裂缝簇,0.0870867520570755,cosine,1444.5621337890625,101.78805541992188,1.2627513408660889,1587.99658203125,8,0.011264169550696312,0.6969736186065385,1,1,1.0271038170363636e-13,5.3432813729159534e-11
792,3,4750.629|4793.1064|4821.8677,0.029387573|0.033300575|0.028759386,0.0002776629|0.00025247227|0.0002957996,263918.66|263918.66|263918.66,0.33622682|0.3061744|0.35759878,0.007707565|0.007018652|0.008197489,Type II: 均衡/正常发育簇|Type II: 均衡/正常发育簇|Type I: 优势发育主进液簇,0.03840705752372742,linear,1415.7547607421875,130.26788330078125,1.4955540895462036,1017.0464477539062,6,0.011945144763143189,0.6535690453629175,0,-1,9.065719095563418e-14,5.684341886080801e-13
793,3,4516.286|4563.633|4613.5127,0.027585192|0.023954667|0.02232929,9.273667e-05|0.00011549088|0.00012218747,2234848.0|2234848.0|2234848.0,0.2819037|0.3492441|0.36885217,0.0034675882|0.004295916|0.0045371074,Type II: 均衡/正常发育簇|Type II: 均衡/正常发育簇|Type I: 优势发育主进液簇,0.013874484226107597,cosine,1485.6080322265625,191.63412475585938,0.8024981021881104,1644.71337890625,4,0.008769091797407326,0.6251257727157614,0,-1,1.508993261291683e-14,1.0436451702844352e-10
794,2,4732.8945|4776.5215,0.008922241|0.0081758145,6.2390616e-05|0.00052450004,594960.44|594960.44,0.11363021|0.88636976,0.0018179846|0.0141811455,Type III: 受抑/欠发育弱进液簇|Type V: 沟通天然断层/强微裂缝簇,0.009387913160026073,linear,1460.4527587890625,63.2738037109375,1.0437912940979004,963.5894165039062,6,0.009926000473341082,0.6304007733083091,1,1,2.016725646886413e-14,1.0459189070388675e-11
795,6,4819.4604|4840.356|4852.3853|4878.9834|4913.837|4950.0,0.016887004|0.0147117665|0.015758416|0.01658531|0.013818776|0.0153243905,2.7903052e-05|2.088084e-05|2.5969473e-05|2.0666657e-05|2.6369558e-05|2.6288695e-05,56873.47|56873.47|56873.47|56873.47|56873.47|56873.47,0.1884354|0.14101338|0.1753765|0.1395662|0.17807733|0.17753117,0.0024411601|0.001826813|0.0022719835|0.0018080649|0.0023069724|0.002299897,Type II: 均衡/正常发育簇|Type III: 受抑/欠发育弱进液簇|Type II: 均衡/正常发育簇|Type III: 受抑/欠发育弱进液簇|Type II: 均衡/正常发育簇|Type II: 均衡/正常发育簇,0.07311951369047165,linear,1456.9794921875,185.5351104736328,0.8451836109161377,7873.037109375,12,0.011711483804308406,0.7323196188283754,0,-1,1.5399064063280864e-14,5.44787326361984e-10
796,1,4544.5786,0.008935184,0.00017912575,962541.94,1.0,0.015639916,Type I: 优势发育主进液簇,0.006951764691621065,cosine,1463.8795166015625,103.65735626220703,1.0203559398651123,8007.830078125,6,0.008663793569340111,0.650554000213545,0,-1,4.0151746944633304e-14,2.53749021794647e-10
797,5,4687.4814|4730.933|4746.4595|4767.6875|4788.1987,0.012780921|0.010462545|0.013332472|0.00954449|0.012578613,0.0003416847|0.00037696114|0.00038288248|0.00036420953|0.00039729895,63578.53|63578.53|63578.53|63578.53|63578.53,0.18390983|0.20232017|0.20538875|0.19540612|0.21297511,0.0036304994|0.0039939317|0.0040545072|0.0038574438|0.004204267,Type II: 均衡/正常发育簇|Type II: 均衡/正常发育簇|Type II: 均衡/正常发育簇|Type II: 均衡/正常发育簇|Type II: 均衡/正常发育簇,0.03740315139293671,linear,1468.4246826171875,111.10121154785156,1.2878899574279785,298.6817932128906,12,0.011834148715461772,0.6783441392918637,0,-1,1.9315079321114564e-13,1.1652900866465643e-11
798,3,4888.007|4908.546|4950.0,0.012936734|0.011566775|0.009164779,0.000877622|0.0008465842|0.00075751997,192083.05|192083.05|192083.05,0.35155025|0.34032673|0.30812302,0.007625353|0.0073819077|0.0066833883,Type V: 沟通天然断层/强微裂缝簇|Type V: 沟通天然断层/强微裂缝簇|Type V: 沟通天然断层/强微裂缝簇,0.027702704071998596,cosine,1434.7374267578125,156.7794952392578,1.4151089191436768,336.1921691894531,12,0.008887486487343775,0.6919535633564489,0,-1,2.4152641692198884e-13,1.2107648217352107e-11
799,2,4526.6724|4567.9805,0.0074646454|0.0060788128,0.0007285122|0.00061836914,309317.0|309317.0,0.53596556|0.46403444,0.00819728|0.0070971353,Type V: 沟通天然断层/强微裂缝簇|Type V: 沟通天然断层/强微裂缝簇,0.05390549078583717,cosine,1429.4185791015625,165.11647033691406,0.9978153705596924,355.6519470214844,12,0.00828096405909111,0.6280810202438689,0,-1,1.6446193297730942e-14,0.0
800,1,4642.3354,0.024167735,0.0008605143,58221.17,1.0,0.014740919,Type V: 沟通天然断层/强微裂缝簇,0.05931076034903526,cosine,1474.2791748046875,168.3556671142578,0.9617049694061279,515.5999755859375,16,0.01096990146337442,0.6187207977454707,0,-1,1.416877140787698e-13,3.512923285597935e-11
801,3,4596.9404|4630.703|4663.273,0.0069489256|0.0072185965|0.0066447696,0.000118092685|0.000104312996|0.000115913426,598879.6|598879.6|598879.6,0.3489498|0.30850285|0.34254736,0.0050409054|0.004456612|0.0049484163,Type II: 均衡/正常发育簇|Type II: 均衡/正常发育簇|Type II: 均衡/正常发育簇,0.009908217005431652,linear,1477.4842529296875,112.46985626220703,0.9424600005149841,1988.941162109375,6,0.009192965783223142,0.7325348992985024,0,-1,4.935446853721742e-14,1.7212187231052667e-10
802,3,4521.8203|4552.9004|4579.0073,0.0059596314|0.0063161505|0.006387209,9.3586015e-05|7.846982e-05|9.035912e-05,39718.664|39718.664|39718.664,0.35663134|0.29903772|0.34433094,0.007970961|0.006683703|0.0076960386,Type I: 优势发育主进液簇|Type II: 均衡/正常发育簇|Type II: 均衡/正常发育簇,0.052195075899362564,linear,1439.2216796875,102.39957427978516,1.4581711292266846,7450.33154296875,16,0.01176923638727645,0.6507988141793017,0,-1,4.4239880313788615e-14,0.0
803,4,4510.768|4551.135|4570.7764|4619.928,0.029750703|0.030362828|0.022756822|0.023919044,8.8033725e-05|7.602079e-05|6.624057e-05|8.495717e-05,306374.9|306374.9|306374.9|306374.9,0.27920228|0.2411653|0.21018165|0.26945078,0.004920266|0.004249956|0.0037039442|0.00474842,Type II: 均衡/正常发育簇|Type II: 均衡/正常发育簇|Type II: 均衡/正常发育簇|Type II: 均衡/正常发育簇,0.03157966956496239,cosine,1421.255859375,172.4883270263672,1.1497063636779785,3360.494873046875,8,0.00960642001475931,0.7034299940084877,0,-1,8.012813096413066e-14,3.2378011383116245e-10
804,4,4875.556|4897.7715|4930.9565|4942.8916,0.011399813|0.011906317|0.008393895|0.00922928,0.000681013|0.0007832942|0.00071026065|0.0015,1047277.7|1047277.7|1047277.7|1047277.7,0.2184633|0.23853022|0.22393242|0.31907406,0.004432197|0.004839316|0.004543155|0.0064733946,Type V: 沟通天然断层/强微裂缝簇|Type V: 沟通天然断层/强微裂缝簇|Type V: 沟通天然断层/强微裂缝簇|Type V: 沟通天然断层/强微裂缝簇,0.03440268337726593,linear,1432.7425537109375,77.9218521118164,1.3236033916473389,221.92210388183594,6,0.008670445857878175,0.6227239639224792,1,3,1.5749954237944536e-13,1.057287590811029e-11
805,5,4582.602|4621.093|4664.7007|4702.916|4744.012,0.005461226|0.0045374|0.0048075416|0.0040310356|0.005060255,0.0008014839|0.00013651971|0.0001170755|0.00012346024|0.00015577728,145149.64|145149.64|145149.64|145149.64|145149.64,0.590349|0.104973406|0.090040654|0.094934|0.11970292,0.007980521|0.0014190631|0.0012171975|0.0012833473|0.0016181811,Type V: 沟通天然断层/强微裂缝簇|Type III: 受抑/欠发育弱进液簇|Type III: 受抑/欠发育弱进液簇|Type III: 受抑/欠发育弱进液簇|Type III: 受抑/欠发育弱进液簇,0.0011150400387123227,linear,1474.953125,70.896484375,0.8819413781166077,213.5550079345703,8,0.011812748792434297,0.6758661586193652,1,0,7.378629364408404e-14,9.947598300641403e-13
806,4,4670.1265|4689.2256|4719.716|4752.3755,0.020708546|0.018098336|0.012|0.015620254,1.8732157e-05|1.5588366e-05|0.0005|1.6782415e-05,73370.13|73370.13|73370.13|73370.13,0.034280244|0.02852387|0.9064922|0.030703709,0.0005412057|0.00045032584|0.014311411|0.00048474045,Type IV: 砂堵闭合/未起裂死簇|Type IV: 砂堵闭合/未起裂死簇|Type V: 沟通天然断层/强微裂缝簇|Type IV: 砂堵闭合/未起裂死簇,0.028294764459133148,cosine,1449.5252685546875,174.8498992919922,1.029996395111084,1056.9744873046875,12,0.011130861398267508,0.7137763752650612,1,2,6.109231908335219e-14,9.981704351957887e-11
807,6,4731.411|4741.7446|4752.6606|4778.876|4810.543|4843.7056,0.0048604654|0.0060593663|0.0052580717|0.004535691|0.006055208|0.004343035,0.00057861226|0.0006953696|0.0005883571|0.00052682107|0.00067057816|0.0005581513,522344.06|522344.06|522344.06|522344.06|522344.06|522344.06,0.16176087|0.1879728|0.16364524|0.14859137|0.18197106|0.15605868,0.0027811867|0.0032318535|0.0028135849|0.0025547608|0.0031286643|0.002683148,Type V: 沟通天然断层/强微裂缝簇|Type V: 沟通天然断层/强微裂缝簇|Type V: 沟通天然断层/强微裂缝簇|Type V: 沟通天然断层/强微裂缝簇|Type V: 沟通天然断层/强微裂缝簇|Type V: 沟通天然断层/强微裂缝簇,0.07579346746206284,cosine,1473.873291015625,192.8427276611328,1.1216928958892822,276.759033203125,8,0.009061148513112132,0.6055162547628307,0,-1,4.439420294051477e-14,5.4001247917767614e-12
808,6,4607.778|4628.3003|4660.2363|4686.214|4731.5024|4770.279,0.012339283|0.009149587|0.010882081|0.0086450735|0.011523796|0.010085099,0.00034534908|0.00032345657|0.00040051513|0.0004214457|0.00039267313|0.0003217393,122873.41|122873.41|122873.41|122873.41|122873.41|122873.41,0.15723504|0.14718483|0.18137063|0.19051817|0.17767674|0.14601459,0.0034645256|0.0032430785|0.0039963303|0.0041978876|0.003914939|0.0032172934,Type II: 均衡/正常发育簇|Type III: 受抑/欠发育弱进液簇|Type II: 均衡/正常发育簇|Type II: 均衡/正常发育簇|Type II: 均衡/正常发育簇|Type III: 受抑/欠发育弱进液簇,0.09571829438209534,linear,1410.8392333984375,139.6397705078125,1.437512755393982,331.9427795410156,8,0.01189705608086394,0.724206904992428,0,-1,1.4438935615722348e-13,1.3528733688872308e-11
809,6,4754.803|4785.027|4801.3936|4835.593|4857.9917|4877.884,0.009102571|0.008946718|0.0068085277|0.008379218|0.008373068|0.0085515715,5.0063532e-05|4.9933413e-05|7.478344e-05|6.600184e-05|6.0106664e-05|5.378156e-05,197337.94|197337.94|197337.94|197337.94|197337.94|197337.94,0.14118344|0.14080843|0.21081486|0.18607792|0.16946912|0.15164623,0.002610919|0.002603984|0.0038986197|0.003441157|0.0031340087|0.0028044085,Type III: 受抑/欠发育弱进液簇|Type III: 受抑/欠发育弱进液簇|Type II: 均衡/正常发育簇|Type II: 均衡/正常发育簇|Type II: 均衡/正常发育簇|Type II: 均衡/正常发育簇,0.04286561161279678,cosine,1410.065185546875,121.96297454833984,1.2064989805221558,2909.009033203125,8,0.010931818276980886,0.6768314528235384,0,-1,2.6077467821846584e-14,2.3237589630298316e-10
810,3,4788.097|4835.678|4879.9854,0.009749547|0.012|0.012953736,1.1229282e-05|0.0005|1.4352997e-05,274190.03|274190.03|274190.03,0.022054046|0.9497639|0.028182063,0.00044545945|0.01918384|0.0005692364,Type IV: 砂堵闭合/未起裂死簇|Type V: 沟通天然断层/强微裂缝簇|Type IV: 砂堵闭合/未起裂死簇,0.0397220179438591,cosine,1499.5340576171875,171.76181030273438,1.3177626132965088,1824.4156494140625,6,0.011321060297644889,0.7138538978774331,1,1,1.2487478770212973e-13,1.7780621419660747e-10
811,5,4691.192|4704.898|4749.5483|4769.3525|4815.0933,0.02121195|0.01928871|0.017856166|0.021179562|0.019986581,0.00019770637|0.00017473106|0.00017137239|0.00018924895|0.0001461412,53517.54|53517.54|53517.54|53517.54|53517.54,0.22488567|0.19877015|0.1949108|0.21519539|0.166238,0.004876856|0.0043105166|0.004226823|0.004666713|0.0036050263,Type II: 均衡/正常发育簇|Type II: 均衡/正常发育簇|Type II: 均衡/正常发育簇|Type II: 均衡/正常发育簇|Type II: 均衡/正常发育簇,0.04473216086626053,linear,1451.69873046875,183.37281799316406,1.4148013591766357,882.08349609375,16,0.011317340819625505,0.60632262695682,0,-1,2.255803237347781e-14,0.0
812,4,4839.711|4883.808|4910.5137|4950.0,0.007985961|0.00941247|0.00876307|0.009133124,0.00015043373|0.00017463682|0.00021098825|0.00018282447,1002241.8|1002241.8|1002241.8|1002241.8,0.21044658|0.24329984|0.2919364|0.25431716,0.004598923|0.0053168708|0.006379733|0.0055576344,Type II: 均衡/正常发育簇|Type II: 均衡/正常发育簇|Type II: 均衡/正常发育簇|Type II: 均衡/正常发育簇,0.08095496147871017,linear,1490.312255859375,153.2631072998047,1.4257112741470337,1202.236572265625,4,0.010613654461014798,0.6372127736476946,0,-1,1.143084921422649e-13,7.66249286243692e-11
813,1,4636.8906,0.008659246,0.0004170061,75171.33,1.0,0.02137739,Type I: 优势发育主进液簇,0.08218566328287125,cosine,1417.1851806640625,168.68203735351562,1.3946716785430908,2916.5283203125,12,0.011175813412382966,0.6995116862288439,0,-1,1.269148089573513e-13,3.5925040720030665e-11
814,5,4834.722|4876.8545|4891.843|4919.2705|4950.0,0.004962563|0.0042459825|0.0045283847|0.0054129786|0.005,1.2396315e-05|1.7744731e-05|1.7742515e-05|1.3758721e-05|0.0005,517237.2|517237.2|517237.2|517237.2|517237.2,0.023306664|0.033353478|0.033346657|0.025856726|0.8841365,0.00045571593|0.00065216154|0.0006520282|0.00050557737|0.017287547,Type IV: 砂堵闭合/未起裂死簇|Type IV: 砂堵闭合/未起裂死簇|Type IV: 砂堵闭合/未起裂死簇|Type IV: 砂堵闭合/未起裂死簇|Type V: 沟通天然断层/强微裂缝簇,0.01652819849550724,linear,1420.9696044921875,180.46841430664062,1.2756495475769043,1606.790771484375,6,0.009838122219491739,0.6882402527864684,1,4,5.961910517137889e-14,2.000888343900442e-11
815,5,4536.4126|4549.4023|4568.595|4613.009|4650.856,0.031015214|0.033305265|0.025778448|0.029823754|0.023796037,1.608594e-05|2.2099934e-05|2.2183505e-05|2.0605297e-05|2.245644e-05,549072.7|549072.7|549072.7|549072.7|549072.7,0.1555317|0.21366589|0.21447328|0.19921829|0.21711083,0.0023168586|0.003182847|0.0031948744|0.00296763|0.0032341643,Type II: 均衡/正常发育簇|Type II: 均衡/正常发育簇|Type II: 均衡/正常发育簇|Type II: 均衡/正常发育簇|Type II: 均衡/正常发育簇,0.015053599141538143,linear,1497.597412109375,149.10459899902344,0.9718469977378845,20937.748046875,8,0.008763121660402134,0.6314486347365507,0,-1,7.953721367507174e-14,1.4406396076083183e-09
816,5,4814.9824|4857.1113|4879.0923|4901.4126|4950.0,0.0060505364|0.007922857|0.0070154774|0.007962193|0.00728188,7.2637886e-05|5.230087e-05|7.523102e-05|6.371796e-05|6.571179e-05,499870.56|499870.56|499870.56|499870.56|499870.56,0.2203549|0.15875173|0.22818215|0.19333757|0.19937365,0.003876318|0.0027926413|0.004014009|0.0034010494|0.0035072316,Type II: 均衡/正常发育簇|Type II: 均衡/正常发育簇|Type II: 均衡/正常发育簇|Type II: 均衡/正常发育簇|Type II: 均衡/正常发育簇,0.09343886375427246,linear,1439.3828125,73.48269653320312,1.1476619243621826,2989.240234375,6,0.009888030467295625,0.6930443042221605,0,-1,5.522320661600346e-15,1.3596945791505277e-10
817,1,4630.751,0.012291762,0.00030717076,615815.6,1.0,0.019268679,Type I: 优势发育主进液簇,0.08876293897628784,cosine,1407.4482421875,194.9115447998047,1.2570983171463013,4428.1103515625,6,0.009237028533662739,0.7155161540657652,0,-1,1.5376808441998346e-13,3.610693966038525e-10
818,3,4846.6963|4866.2305|4886.262,0.026903182|0.032781653|0.027459143,3.689497e-05|3.407054e-05|4.7138015e-05,77327.63|77327.63|77327.63,0.31239933|0.2884856|0.3991151,0.0038553432|0.0035602222|0.0049255094,Type II: 均衡/正常发育簇|Type II: 均衡/正常发育簇|Type I: 优势发育主进液簇,0.04950648173689842,cosine,1433.176025390625,74.62047576904297,0.8051379323005676,11025.30859375,12,0.011469761962490109,0.6547917567697454,0,-1,2.112692345287298e-13,1.3860699255019426e-09
819,1,4759.264,0.012,0.0005,87315.21,1.0,0.0142925335,Type V: 沟通天然断层/强微裂缝簇,0.02652616798877716,linear,1425.47705078125,77.46868133544922,0.9324520826339722,952.1119384765625,12,0.010990476061664393,0.6711218916730802,1,0,6.56626310399297e-14,6.468781066359952e-11
820,3,4519.419|4529.991|4575.6646,0.012|0.021163894|0.030112771,0.0015|0.0004132879|0.00034637254,422859.94|422859.94|422859.94,0.5930227|0.22040235|0.18657494,0.012389068|0.004604511|0.0038978092,Type V: 沟通天然断层/强微裂缝簇|Type II: 均衡/正常发育簇|Type II: 均衡/正常发育簇,0.09592930227518082,linear,1452.4498291015625,131.36370849609375,1.3629647493362427,344.1081237792969,8,0.009284222761041924,0.6410342732563872,1,0,1.8981878243708172e-13,1.949729266925715e-11
821,1,4852.1533,0.012,0.0005,79877.92,1.0,0.0215485,Type V: 沟通天然断层/强微裂缝簇,0.03944176807999611,cosine,1434.6375732421875,139.7850341796875,1.4058350324630737,2125.109130859375,12,0.011869870079682179,0.6015532221059001,1,0,8.646045441011371e-14,1.9372237147763371e-10
822,6,4762.2227|4773.746|4823.7144|4845.7305|4867.224|4899.419,0.0103445435|0.009768831|0.012078426|0.008337332|0.011903141|0.008931979,2.5575442e-05|3.0735355e-05|2.638919e-05|2.6440423e-05|3.0135969e-05|2.255923e-05,72842.9|72842.9|72842.9|72842.9|72842.9|72842.9,0.15803607|0.18991745|0.16306156|0.16337766|0.1862111|0.13939616,0.002712479|0.0032596805|0.0027987352|0.0028041604|0.003196066|0.00239255,Type II: 均衡/正常发育簇|Type II: 均衡/正常发育簇|Type II: 均衡/正常发育簇|Type II: 均衡/正常发育簇|Type II: 均衡/正常发育簇|Type III: 受抑/欠发育弱进液簇,0.016150077804923058,cosine,1430.7822265625,61.287601470947266,1.1197665929794312,11367.0625,16,0.009524160538570012,0.7338268896320362,0,-1,1.7586091274630206e-14,1.027729013003409e-09
823,6,4634.2085|4677.0|4706.602|4730.124|4753.116|4774.133,0.02593989|0.025987366|0.020109827|0.019624915|0.028084556|0.026617378,2.9640678e-05|3.173824e-05|2.2516155e-05|3.0443016e-05|2.6217695e-05|3.069485e-05,568641.75|568641.75|568641.75|568641.75|568641.75|568641.75,0.17308564|0.18532425|0.1314929|0.17776342|0.15310101|0.17923278,0.0037615695|0.004027544|0.0028576585|0.0038632287|0.0033272551|0.0038951612,Type II: 均衡/正常发育簇|Type II: 均衡/正常发育簇|Type III: 受抑/欠发育弱进液簇|Type II: 均衡/正常发育簇|Type II: 均衡/正常发育簇|Type II: 均衡/正常发育簇,0.027828654274344444,linear,1438.730712890625,117.16188049316406,1.4178338050842285,16318.5263671875,4,0.011496133049701311,0.7210704227157222,0,-1,3.591986869619715e-14,1.255102688446641e-10
824,3,4769.026|4818.1484|4846.9805,0.026117777|0.022875195|0.021839727,0.00029266725|0.00027499726|0.000250069,1171478.6|1171478.6|1171478.6,0.35595426|0.3361776|0.30786815,0.0072874143|0.0068825283|0.0063029523,Type I: 优势发育主进液簇|Type II: 均衡/正常发育簇|Type II: 均衡/正常发育簇,0.0489160493016243,linear,1400.360595703125,77.43599700927734,1.3356620073318481,840.3922729492188,4,0.01032660366957004,0.6226133395434783,0,-1,4.77892363539862e-14,4.18367562815547e-11
825,1,4768.393,0.025759218,9.2531765e-05,436343.75,1.0,0.013920395,Type I: 优势发育主进液簇,0.03601910173892975,linear,1477.1778564453125,194.32009887695312,0.9081735610961914,22948.560546875,6,0.010203360548896362,0.6966401761350749,0,-1,6.430258072970957e-14,2.86672729998827e-09
826,1,4623.5566,0.025527723,0.00040038614,250156.84,1.0,0.012300378,Type I: 优势发育主进液簇,0.09032619744539261,linear,1483.2874755859375,191.75221252441406,0.8024828433990479,1202.1280517578125,8,0.010422973533016246,0.6612735752092294,0,-1,7.897685055848619e-14,2.523847797419876e-11
827,2,4724.2354|4754.4814,0.005061292|0.0052644196,9.559666e-05|0.000130618,46335.785|46335.785,0.42264006|0.5773599,0.008245906|0.011264564,Type I: 优势发育主进液簇|Type I: 优势发育主进液簇,0.018894756212830544,cosine,1400.9571533203125,199.54957580566406,1.272872805595398,7715.73828125,16,0.011582932112858615,0.6220787250726164,0,-1,1.3514691041347903e-14,4.05634636990726e-10
828,5,4771.595|4800.8325|4829.0786|4847.4517|4869.8604,0.024291065|0.027494792|0.026398245|0.02578248|0.030770056,0.00046633263|0.00063572725|0.00059745414|0.000572497|0.0005744922,170231.73|170231.73|170231.73|170231.73|170231.73,0.16601345|0.2222248|0.20929104|0.2009194|0.2015513,0.0025754196|0.0034474442|0.0032467986|0.0031169266|0.0031267295,Type V: 沟通天然断层/强微裂缝簇|Type V: 沟通天然断层/强微裂缝簇|Type V: 沟通天然断层/强微裂缝簇|Type V: 沟通天然断层/强微裂缝簇|Type V: 沟通天然断层/强微裂缝簇,0.04845646023750305,linear,1450.993896484375,56.4984130859375,1.0120967626571655,134.8961639404297,16,0.008341667942935116,0.6257697615733706,0,-1,9.035181863749006e-14,3.609557097661309e-12
829,1,4650.048,0.00772958,0.00022043048,50676.543,1.0,0.01400161,Type I: 优势发育主进液簇,0.04309554398059845,linear,1499.0614013671875,88.13092041015625,0.9134721159934998,4170.03955078125,16,0.011458948343711485,0.6077816928300369,0,-1,4.646046527644228e-14,2.4556356947869062e-11
830,6,4838.2617|4850.9453|4879.9604|4906.916|4922.225|4950.0,0.0078083263|0.010164281|0.008103969|0.010024119|0.007860713|0.009415723,1.8111534e-05|1.5331832e-05|0.0005|1.8454388e-05|1.9670244e-05|2.0571397e-05,88964.555|88964.555|88964.555|88964.555|88964.555|88964.555,0.030878948|0.026137851|0.84293675|0.031455293|0.033527616|0.03506355,0.0006862719|0.00058090297|0.018733922|0.00069908093|0.0007451375|0.00077927293,Type IV: 砂堵闭合/未起裂死簇|Type IV: 砂堵闭合/未起裂死簇|Type V: 沟通天然断层/强微裂缝簇|Type IV: 砂堵闭合/未起裂死簇|Type IV: 砂堵闭合/未起裂死簇|Type IV: 砂堵闭合/未起裂死簇,0.01840359717607498,linear,1467.097412109375,153.6392059326172,1.4499433040618896,1685.7723388671875,12,0.01052264387223241,0.7253057653488334,1,2,4.964250039686535e-14,2.2737367544323206e-13
831,5,4584.033|4613.08|4643.1934|4666.1465|4686.897,0.011278993|0.01087788|0.010370519|0.010060451|0.009129855,0.0006211747|0.00069465424|0.00071662455|0.0007519852|0.0007511576,32516.857|32516.857|32516.857|32516.857|32516.857,0.17715797|0.19683704|0.20237537|0.21195559|0.21167403,0.0040299566|0.004477612|0.0046035973|0.0048215264|0.0048151216,Type V: 沟通天然断层/强微裂缝簇|Type V: 沟通天然断层/强微裂缝簇|Type V: 沟通天然断层/强微裂缝簇|Type V: 沟通天然断层/强微裂缝簇|Type V: 沟通天然断层/强微裂缝簇,0.017665594816207886,cosine,1470.3623046875,193.77186584472656,1.4840788841247559,331.9448547363281,16,0.01196004305900393,0.6964995823809657,0,-1,3.719909580021663e-13,4.263256414560601e-12
832,4,4729.7603|4747.7583|4786.452|4826.4575,0.012395512|0.012|0.0141549315|0.0144406,0.00058207934|0.0015|0.00044819276|0.0005196282,49629.66|49629.66|49629.66|49629.66,0.19527113|0.4802324|0.15042856|0.1740679,0.0042849495|0.010538022|0.0033009425|0.0038196743,Type V: 沟通天然断层/强微裂缝簇|Type V: 沟通天然断层/强微裂缝簇|Type II: 均衡/正常发育簇|Type V: 沟通天然断层/强微裂缝簇,0.04576898366212845,linear,1431.5150146484375,68.27963256835938,1.4316107034683228,215.2020263671875,16,0.011102303093531867,0.6542501332756451,1,1,1.1288879038376734e-13,2.9189095585024916e-11
833,2,4816.6978|4849.9634,0.009668566|0.00757951,0.0005|1.0581103e-05,246717.94|246717.94,0.9786605|0.021339472,0.020233182|0.00044117996,Type V: 沟通天然断层/强微裂缝簇|Type IV: 砂堵闭合/未起裂死簇,0.058241184800863266,linear,1425.9678955078125,61.04487228393555,1.3488057851791382,1882.694580078125,6,0.011698092013930947,0.7048211574035786,1,0,3.389842456757476e-14,1.2823875294998288e-10
834,5,4550.996|4573.137|4584.401|4613.901|4636.755,0.0056821015|0.0063168555|0.0070251543|0.006729594|0.0066348133,0.00016800158|0.0002158334|0.0001937948|0.0002221127|0.00019812006,76342.25|76342.25|76342.25|76342.25|76342.25,0.16850418|0.21626075|0.19422735|0.22248416|0.19852358,0.0022425689|0.0028781462|0.0025849107|0.0029609716|0.0026420879,Type II: 均衡/正常发育簇|Type II: 均衡/正常发育簇|Type II: 均衡/正常发育簇|Type II: 均衡/正常发育簇|Type II: 均衡/正常发育簇,0.047264378517866135,linear,1461.5543212890625,97.69458770751953,0.8682653307914734,309.26776123046875,16,0.00931145120876651,0.7499346465518928,0,-1,8.824371626209998e-14,1.887201506178826e-11
835,2,4618.1357|4630.533,0.010720009|0.009232966,5.936433e-05|8.039008e-05,959161.75|959161.75,0.4251192|0.5748808,0.0066717304|0.009022057,Type I: 优势发育主进液簇|Type I: 优势发育主进液簇,0.08677421510219574,cosine,1466.3114013671875,115.40868377685547,1.023870587348938,12835.0625,6,0.008952702062915043,0.6103165963471561,0,-1,7.737497572995675e-14,0.0
836,3,4850.977|4869.333|4917.7407,0.012|0.023469448|0.016876675,0.0005|1.4671165e-05|1.4822258e-05,763243.4|763243.4|763243.4,0.9395286|0.030080853|0.030390581,0.0149108665|0.0004774007|0.00048231627,Type V: 沟通天然断层/强微裂缝簇|Type IV: 砂堵闭合/未起裂死簇|Type IV: 砂堵闭合/未起裂死簇,0.08530334383249283,cosine,1443.572021484375,139.1815643310547,1.035404920578003,1247.9337158203125,4,0.010639764841353733,0.7266161434344065,1,0,1.1848589600779724e-13,2.2737367544323206e-13
837,3,4646.2627|4678.551|4713.8115,0.009271476|0.01023488|0.007655358,3.7566642e-05|5.0990424e-05|4.5663535e-05,153167.45|153167.45|153167.45,0.2799033|0.3798849|0.3402118,0.0063397144|0.008604263|0.0077056815,Type II: 均衡/正常发育簇|Type I: 优势发育主进液簇|Type II: 均衡/正常发育簇,0.006868542637676001,cosine,1420.0877685546875,191.45310974121094,1.477675199508667,28773.2890625,12,0.009725773320573781,0.6470648844865763,0,-1,8.409514539809218e-14,5.347828846424818e-10
838,6,4800.6577|4837.382|4847.5425|4885.0938|4903.9473|4950.0,0.01433963|0.013178404|0.0110985255|0.011928622|0.015218294|0.015406537,0.00031078223|0.00030608912|0.00032190126|0.0003452502|0.00030515084|0.0003223942,52941.918|52941.918|52941.918|52941.918|52941.918|52941.918,0.16296767|0.16021945|0.168394|0.18040226|0.1595339|0.1684827,0.003581328|0.003520934|0.0037005756|0.0039644656|0.0035058686|0.003702525,Type II: 均衡/正常发育簇|Type II: 均衡/正常发育簇|Type II: 均衡/正常发育簇|Type II: 均衡/正常发育簇|Type II: 均衡/正常发育簇|Type II: 均衡/正常发育簇,0.042761486023664474,cosine,1452.014404296875,108.32678985595703,1.4337055683135986,335.2786560058594,16,0.01109787367915601,0.6339591034112178,0,-1,1.2630123184288744e-13,0.0
839,1,4704.6753,0.0068329116,0.0007993938,529238.7,1.0,0.020210465,Type V: 沟通天然断层/强微裂缝簇,0.0781579464673996,linear,1414.455078125,175.75621032714844,1.3185409307479858,1108.7596435546875,6,0.009848643316497669,0.6789390158053152,1,0,6.677801757740132e-14,4.092726157978177e-12
840,6,4793.4424|4828.945|4862.401|4903.9204|4916.757|4944.3813,0.012492835|0.015224753|0.016775867|0.017799404|0.01385016|0.017639892,0.0002694324|0.00029060667|0.00031639842|0.00034582178|0.00024441312|0.0002821455,39441.64|39441.64|39441.64|39441.64|39441.64|39441.64,0.15447655|0.16631256|0.1808442|0.19745556|0.13970716|0.16120398,0.0024955047|0.0026867106|0.0029214632|0.0031898126|0.0022569112|0.0026041837,Type II: 均衡/正常发育簇|Type II: 均衡/正常发育簇|Type II: 均衡/正常发育簇|Type II: 均衡/正常发育簇|Type III: 受抑/欠发育弱进液簇|Type II: 均衡/正常发育簇,0.09797857701778412,cosine,1434.572509765625,173.59481811523438,1.0539333820343018,310.4991149902344,16,0.011799482762991385,0.6497364062443495,0,-1,4.761350276723253e-13,1.5802470443304628e-11
841,2,4606.8994|4623.235,0.012|0.021545207,0.0005|3.4121145e-05,161046.56|161046.56,0.9349325|0.065067515,0.018416267|0.0012816975,Type V: 沟通天然断层/强微裂缝簇|Type III: 受抑/欠发育弱进液簇,0.06824018806219101,linear,1426.7022705078125,145.0852508544922,1.2851051092147827,1628.602294921875,12,0.009465829247822476,0.6661718874351787,1,0,3.6459377861621303e-14,5.7980287238024175e-11
842,1,4655.1943,0.008197891,8.17696e-05,53093.19,1.0,0.012303211,Type I: 优势发育主进液簇,0.09269454330205917,linear,1449.09912109375,88.39090728759766,0.8026676774024963,22764.15625,16,0.010786672423440597,0.6701102145311554,0,-1,1.1138812582803942e-13,2.3646862246096134e-09
843,1,4552.762,0.0055139824,0.0005,279434.72,1.0,0.019202467,Type V: 沟通天然断层/强微裂缝簇,0.07390252500772476,linear,1435.27294921875,197.44747924804688,1.2527786493301392,1843.3365478515625,6,0.011777896539076151,0.653331680504974,1,0,3.4509335222320664e-14,2.2737367544323206e-13
844,1,4817.289,0.012,0.0005176771,2224750.0,1.0,0.014740525,Type V: 沟通天然断层/强微裂缝簇,0.0436256043612957,cosine,1455.4757080078125,176.68795776367188,0.9616792798042297,1513.5697021484375,4,0.008803674064079446,0.6216301906891157,1,0,3.6599714280322396e-14,9.731593308970332e-11
845,6,4624.3823|4661.6914|4694.336|4723.356|4760.851|4798.302,0.008282056|0.009450523|0.008354408|0.008505074|0.010049896|0.01042041,0.000114862014|0.00011340283|9.8485274e-05|0.00010259054|0.000111421796|0.00012812745,2210583.8|2210583.8|2210583.8|2210583.8|2210583.8|2210583.8,0.1716836|0.16952486|0.1477087|0.1537183|0.16660368|0.19076087,0.0037774537|0.0037299565|0.003249948|0.0033821736|0.0036656833|0.0041972,Type II: 均衡/正常发育簇|Type II: 均衡/正常发育簇|Type III: 受抑/欠发育弱进液簇|Type II: 均衡/正常发育簇|Type II: 均衡/正常发育簇|Type II: 均衡/正常发育簇,0.07436792552471161,cosine,1496.952392578125,90.67518615722656,1.4354486465454102,1294.019287109375,4,0.008781288447897918,0.6268024127103158,0,-1,3.3429181867323035e-14,1.5938894648570567e-10
846,6,4824.1816|4872.092|4891.649|4924.341|4935.9697|4950.0,0.009086551|0.008957231|0.008273131|0.010056025|0.008080378|0.011346516,9.02179e-05|6.5833774e-05|8.485162e-05|7.450973e-05|8.4275736e-05|6.788452e-05,57139.965|57139.965|57139.965|57139.965|57139.965|57139.965,0.1929698|0.14080945|0.181464|0.1593487|0.18022545|0.1451826,0.0031252669|0.0022804972|0.0029389232|0.0025807521|0.0029188641|0.0023513231,Type II: 均衡/正常发育簇|Type III: 受抑/欠发育弱进液簇|Type II: 均衡/正常发育簇|Type II: 均衡/正常发育簇|Type II: 均衡/正常发育簇|Type III: 受抑/欠发育弱进液簇,0.07323549687862396,cosine,1411.6614990234375,141.42254638671875,1.0566108226776123,1393.4501953125,16,0.010797668045496487,0.6446302970373459,0,-1,1.120376984546298e-13,1.4301804185379297e-10
847,5,4834.0513|4873.5103|4908.892|4938.0664|4950.0,0.01604755|0.015294857|0.011913529|0.013055937|0.013292586,0.00017842768|0.00017741074|0.00017311904|0.00017980192|0.00012881203,36357.2|36357.2|36357.2|36357.2|36357.2,0.21310404|0.21181561|0.20666319|0.21461873|0.15379843,0.0037048222|0.0036824225|0.0035928474|0.003731155|0.0026737917,Type II: 均衡/正常发育簇|Type II: 均衡/正常发育簇|Type II: 均衡/正常发育簇|Type II: 均衡/正常发育簇|Type II: 均衡/正常发育簇,0.058186862617731094,cosine,1430.2939453125,69.55745697021484,1.1342086791992188,560.4705200195312,16,0.01170510837359214,0.6876929005608448,0,-1,7.80299558148824e-14,2.580691216280684e-11
848,1,4607.338,0.010511871,0.000597391,176403.7,1.0,0.020382183,Type V: 沟通天然断层/强微裂缝簇,0.02897215075790882,linear,1411.0672607421875,116.24378204345703,1.3297439813613892,1430.9332275390625,8,0.011577122988037168,0.6382862616326993,0,-1,4.970412034971221e-14,5.866240826435387e-11
849,4,4854.836|4887.3804|4912.793|4950.0,0.008100734|0.007904235|0.0069224914|0.006938837,0.0006270709|0.0006250997|0.00079473644|0.00069323264,80638.4|80638.4|80638.4|80638.4,0.23031627|0.22895342|0.28807473|0.25265557,0.004454853|0.004428493|0.005572037|0.0048869476,Type V: 沟通天然断层/强微裂缝簇|Type V: 沟通天然断层/强微裂缝簇|Type V: 沟通天然断层/强微裂缝簇|Type V: 沟通天然断层/强微裂缝簇,0.0997394546866417,cosine,1440.2841796875,108.86664581298828,1.2619034051895142,234.4041748046875,16,0.010001777908371577,0.6324340960465195,0,-1,1.1766716073724481e-13,1.7337242752546445e-11
850,5,4725.837|4762.2725|4795.588|4826.725|4864.9546,0.017187262|0.013509914|0.018072635|0.017585801|0.016214155,9.551762e-05|0.00012097121|0.00010878174|0.00012333776|9.3233575e-05,1412619.5|1412619.5|1412619.5|1412619.5|1412619.5,0.17669235|0.22289039|0.20080583|0.22713636|0.17247507,0.0029307466|0.0036970205|0.00333071|0.003767447|0.0028607955,Type II: 均衡/正常发育簇|Type II: 均衡/正常发育簇|Type II: 均衡/正常发育簇|Type II: 均衡/正常发育簇|Type II: 均衡/正常发育簇,0.03035418502986431,cosine,1499.10498046875,52.02105712890625,1.0821259021759033,1058.415771484375,4,0.00965048163385331,0.6492172544997876,0,-1,8.241304638506239e-14,4.501998773775995e-11
851,1,4755.83,0.012,0.0005,152267.16,1.0,0.022075482,Type V: 沟通天然断层/强微裂缝簇,0.02731737494468689,cosine,1419.1807861328125,85.4747314453125,1.4402155876159668,2202.419189453125,12,0.009786856830091558,0.6408992871627999,1,0,3.91335625200568e-14,1.318767317570746e-11
852,5,4503.346|4546.491|4587.659|4629.43|4651.2925,0.012|0.010214709|0.009573567|0.011519374|0.010747094,0.0005|1.5651409e-05|1.4953029e-05|1.8023495e-05|1.3377663e-05,39613.36|39613.36|39613.36|39613.36|39613.36,0.8891874|0.027971307|0.026723154|0.032210406|0.023907745,0.01478201|0.000465|0.00044425044|0.0005354715|0.00039744662,Type V: 沟通天然断层/强微裂缝簇|Type IV: 砂堵闭合/未起裂死簇|Type IV: 砂堵闭合/未起裂死簇|Type IV: 砂堵闭合/未起裂死簇|Type IV: 砂堵闭合/未起裂死簇,0.042171772569417953,cosine,1431.3966064453125,166.02651977539062,1.0845696926116943,1099.2801513671875,16,0.011520123653089605,0.6801512639541283,1,0,1.4379351930080692e-13,9.617906471248716e-11
853,4,4618.5703|4633.4346|4673.469|4701.266,0.032110568|0.028708054|0.023291895|0.012,1.1932202e-05|1.5586687e-05|1.52437515e-05|0.0005,447732.2|447732.2|447732.2|447732.2,0.023090966|0.030160055|0.029490784|0.9172582,0.00033238402|0.00043414035|0.0004245065|0.013203517,Type IV: 砂堵闭合/未起裂死簇|Type IV: 砂堵闭合/未起裂死簇|Type IV: 砂堵闭合/未起裂死簇|Type V: 沟通天然断层/强微裂缝簇,0.07059551775455475,linear,1478.0382080078125,69.27590942382812,0.9391075372695923,884.3560791015625,6,0.010508555031822393,0.6483570043979076,1,3,7.459726331657604e-14,0.0
854,6,4807.578|4833.5244|4876.427|4911.626|4936.7734|4950.0,0.015243486|0.011161997|0.014092811|0.015384898|0.013505022|0.011686701,0.0005622118|0.0005514977|0.00046825863|0.00050856726|0.00041408255|0.0005456381,621499.1|621499.1|621499.1|621499.1|621499.1|621499.1,0.18280636|0.17935553|0.15532497|0.16668156|0.13893522|0.17689636,0.0023726905|0.0023279015|0.0020160025|0.0021634027|0.0018032759|0.0022959833,Type V: 沟通天然断层/强微裂缝簇|Type V: 沟通天然断层/强微裂缝簇|Type V: 沟通天然断层/强微裂缝簇|Type V: 沟通天然断层/强微裂缝簇|Type III: 受抑/欠发育弱进液簇|Type V: 沟通天然断层/强微裂缝簇,0.059865329414606094,cosine,1485.21044921875,75.9524917602539,0.8467732667922974,130.45046997070312,4,0.01168735069351465,0.6673416126872438,0,-1,1.756207348600422e-13,7.190692485892214e-12
855,2,4658.519|4677.1206,0.023401601|0.021055134,0.0004970425|0.00065971055,1532498.9|1532498.9,0.45312467|0.54687536,0.0068507073|0.008268106,Type V: 沟通天然断层/强微裂缝簇|Type V: 沟通天然断层/强微裂缝簇,0.07715844362974167,cosine,1467.25830078125,68.416748046875,0.9863589406013489,373.70574951171875,4,0.009538642995506394,0.6380098172800409,0,-1,1.542097477274726e-13,7.73070496506989e-12
856,4,4832.975|4860.872|4907.233|4950.0,0.007244593|0.005738756|0.0058084587|0.00678143,0.00013985221|0.00016136482|0.00014102896|0.00016767981,256690.52|256690.52|256690.52|256690.52,0.22944967|0.26449287|0.23131979|0.2747377,0.0030895246|0.0035613787|0.0031147057|0.0036993246,Type II: 均衡/正常发育簇|Type II: 均衡/正常发育簇|Type II: 均衡/正常发育簇|Type II: 均衡/正常发育簇,0.02683943510055542,cosine,1438.5662841796875,147.02906799316406,0.8784590363502502,673.3698120117188,8,0.010134516256319514,0.6904936156520884,0,-1,4.6766264499191815e-14,2.376054908381775e-11
857,4,4645.507|4661.706|4695.1616|4707.642,0.007779091|0.010019108|0.010332388|0.0071683996,0.0008175982|0.00074536656|0.0006422324|0.0008130046,537997.56|537997.56|537997.56|537997.56,0.26655135|0.24831656|0.22034512|0.26478696,0.005535117|0.005156459|0.0045756134|0.0054984777,Type V: 沟通天然断层/强微裂缝簇|Type V: 沟通天然断层/强微裂缝簇|Type V: 沟通天然断层/强微裂缝簇|Type V: 沟通天然断层/强微裂缝簇,0.09384071081876755,cosine,1458.16748046875,72.78721618652344,1.3547625541687012,215.98435974121094,6,0.010279550619523768,0.6181173857355956,0,-1,2.758426625136534e-13,1.043076736095827e-11
858,6,4577.7886|4601.647|4613.856|4626.441|4640.07|4657.4155,0.00907748|0.009325945|0.008231705|0.0092445025|0.009575068|0.007206382,1.0385186e-05|0.0005|1.3479135e-05|1.2520317e-05|1.1059782e-05|9.740962e-06,1067596.9|1067596.9|1067596.9|1067596.9|1067596.9|1067596.9,0.020713355|0.8859554|0.026880203|0.024968442|0.022056194|0.019426394,0.00046966018|0.02008839|0.0006094889|0.0005661411|0.00050010806|0.00044047929,Type IV: 砂堵闭合/未起裂死簇|Type V: 沟通天然断层/强微裂缝簇|Type IV: 砂堵闭合/未起裂死簇|Type IV: 砂堵闭合/未起裂死簇|Type IV: 砂堵闭合/未起裂死簇|Type IV: 砂堵闭合/未起裂死簇,0.004314756952226162,linear,1430.0433349609375,171.2478485107422,1.4792805910110474,2311.5224609375,4,0.010323826319759062,0.6525527145549953,1,1,5.845078246283567e-14,2.4101609596982598e-11
859,4,4556.2246|4603.8765|4623.827|4661.76,0.01697713|0.014904082|0.01703946|0.015466976,0.00043285065|0.00061164197|0.0006142|0.00053230923,748683.4|748683.4|748683.4|748683.4,0.20600872|0.27411065|0.27488357|0.24499707,0.0043532336|0.005792316|0.0058086487|0.005177108,Type II: 均衡/正常发育簇|Type V: 沟通天然断层/强微裂缝簇|Type V: 沟通天然断层/强微裂缝簇|Type V: 沟通天然断层/强微裂缝簇,0.08027658611536026,linear,1453.6890869140625,69.69831848144531,1.3786170482635498,267.14654541015625,4,0.010629999729092773,0.7349960921321433,0,-1,9.539157658222663e-14,1.2164491636212915e-11
860,6,4593.175|4637.6787|4678.1597|4703.26|4714.165|4759.3784,0.010004349|0.00981774|0.01291835|0.012774723|0.009398299|0.009795401,4.4110442e-05|4.0425006e-05|4.3202876e-05|4.5240566e-05|4.318559e-05|4.9257822e-05,160942.31|160942.31|160942.31|160942.31|160942.31|160942.31,0.16620037|0.15231141|0.16277018|0.17044319|0.16270317|0.18557167,0.0028389692|0.0026017234|0.0027803762|0.0029114434|0.0027792316|0.003169862,Type II: 均衡/正常发育簇|Type II: 均衡/正常发育簇|Type II: 均衡/正常发育簇|Type II: 均衡/正常发育簇|Type II: 均衡/正常发育簇|Type II: 均衡/正常发育簇,0.05501462146639824,cosine,1466.673583984375,89.68616485595703,1.114412546157837,4287.66845703125,12,0.009328792699853802,0.6861094033044043,0,-1,1.155696496618272e-13,4.81122697237879e-10
861,6,4514.5566|4555.0796|4596.2173|4640.692|4681.7583|4714.5015,0.015528611|0.012763003|0.01178034|0.01325331|0.016222263|0.016953217,4.8136444e-05|5.2244657e-05|0.0005|5.151109e-05|4.853348e-05|4.6940775e-05,247120.31|247120.31|247120.31|247120.31|247120.31|247120.31,0.065736786|0.07131554|0.66237074|0.07029062|0.06622932|0.06405698,0.0013098824|0.0014210456|0.013198513|0.0014006228|0.0013196968|0.0012764103,Type III: 受抑/欠发育弱进液簇|Type III: 受抑/欠发育弱进液簇|Type V: 沟通天然断层/强微裂缝簇|Type III: 受抑/欠发育弱进液簇|Type III: 受抑/欠发育弱进液簇|Type III: 受抑/欠发育弱进液簇,0.06301138550043106,cosine,1475.587646484375,116.87683868408203,1.2999933958053589,930.2353515625,8,0.010154712885545125,0.7009404372395374,1,2,8.14858637922071e-14,2.0804691303055733e-11
862,3,4694.0293|4731.0566|4757.53,0.031479817|0.033410884|0.02887712,0.00067012425|0.00050201284|0.00058601564,103636.484|103636.484|103636.484,0.3796375|0.28697127|0.33339122,0.0059786104|0.0045192833|0.0052503143,Type V: 沟通天然断层/强微裂缝簇|Type V: 沟通天然断层/强微裂缝簇|Type V: 沟通天然断层/强微裂缝簇,0.01173141598701477,linear,1488.96826171875,68.7956314086914,1.027420997619629,199.4853515625,12,0.01002421010481704,0.7404959920308759,0,-1,4.978947416574113e-14,2.3391066861222498e-11
863,1,4722.609,0.026755482,0.0008404363,567676.25,1.0,0.018502919,Type V: 沟通天然断层/强微裂缝簇,0.07468120753765106,linear,1448.0396728515625,53.487937927246094,1.2071397304534912,798.0079956054688,4,0.01130076620235403,0.7468518989754558,0,-1,3.825164875603457e-14,7.389644451905042e-12
864,1,4790.533,0.012,0.0007200995,639484.75,1.0,0.02188516,Type V: 沟通天然断层/强微裂缝簇,0.07834377884864807,cosine,1479.7406005859375,150.907958984375,1.4277989864349365,1473.3653564453125,8,0.008128457019402822,0.6800476017487146,1,0,1.062148653264202e-14,6.230038707144558e-11
865,5,4609.6997|4649.5547|4665.9634|4695.5205|4739.1514,0.010826413|0.010777835|0.013972832|0.012672877|0.010203504,5.403128e-05|4.059556e-05|5.5938905e-05|5.525228e-05|0.0005,493482.28|493482.28|493482.28|493482.28|493482.28,0.079755455|0.059922565|0.0825314|0.081505775|0.69628483,0.0011429435|0.00085872633|0.0011827246|0.0011680267|0.009978179,Type III: 受抑/欠发育弱进液簇|Type III: 受抑/欠发育弱进液簇|Type III: 受抑/欠发育弱进液簇|Type III: 受抑/欠发育弱进液簇|Type V: 沟通天然断层/强微裂缝簇,0.08916740864515305,linear,1441.9088134765625,178.21092224121094,0.9349355697631836,664.9727172851562,6,0.010269965119107195,0.6465999225223245,1,4,1.226239568869955e-13,5.525180313270539e-11
866,4,4703.4766|4732.628|4774.275|4818.072,0.0062131984|0.0072645308|0.008550339|0.0076434733,8.2671715e-05|0.00011609226|8.49142e-05|0.00010481059,1756086.0|1756086.0|1756086.0|1756086.0,0.21340209|0.29794264|0.21910052|0.26955473,0.0035086526|0.004898627|0.0036023434|0.004431887,Type II: 均衡/正常发育簇|Type II: 均衡/正常发育簇|Type II: 均衡/正常发育簇|Type II: 均衡/正常发育簇,0.01978609338402748,linear,1443.9293212890625,87.10340881347656,1.0726523399353027,1961.6263427734375,4,0.008857107715650077,0.6912639145059642,0,-1,1.624835011817486e-14,3.9108272176235914e-11
867,1,4536.0376,0.006424339,0.0015,320544.06,1.0,0.019746883,Type V: 沟通天然断层/强微裂缝簇,0.07702527940273285,linear,1450.640380859375,54.567718505859375,1.2882966995239258,424.37200927734375,8,0.009678916698262213,0.6774437671529386,1,0,9.874111077390335e-14,2.0747847884194925e-11
868,6,4577.447|4594.1255|4629.66|4641.4336|4681.0786|4717.605,0.018726403|0.02086894|0.019106345|0.019562678|0.018376112|0.01828246,0.0007178349|0.00051319494|0.00061950285|0.00070589216|0.00049864966|0.00066917547,1241732.5|1241732.5|1241732.5|1241732.5|1241732.5|1241732.5,0.18499583|0.14671443|0.16740327|0.18207973|0.14293411|0.17587264,0.0042315414|0.0033559038|0.0038291342|0.004164839|0.0032694337|0.0040228604,Type V: 沟通天然断层/强微裂缝簇|Type V: 沟通天然断层/强微裂缝簇|Type V: 沟通天然断层/强微裂缝簇|Type V: 沟通天然断层/强微裂缝簇|Type V: 沟通天然断层/强微裂缝簇|Type V: 沟通天然断层/强微裂缝簇,0.04914136976003647,cosine,1407.603271484375,95.0606918334961,1.4922925233840942,248.51649475097656,6,0.008101142802351228,0.6550927034738947,0,-1,7.946428346068679e-13,2.6204816094832495e-11
869,5,4623.1523|4634.2363|4656.366|4693.6523|4707.093,0.010435739|0.014820061|0.012742523|0.01462245|0.01354108,0.0005|9.684734e-06|9.611987e-06|9.470335e-06|9.003892e-06,151770.28|151770.28|151770.28|151770.28|151770.28,0.9285387|0.01832319|0.018185547|0.017917542|0.01703506,0.015131695|0.00029859922|0.00029635616|0.0002919887|0.00027760753,Type V: 沟通天然断层/强微裂缝簇|Type IV: 砂堵闭合/未起裂死簇|Type IV: 砂堵闭合/未起裂死簇|Type IV: 砂堵闭合/未起裂死簇|Type IV: 砂堵闭合/未起裂死簇,0.06547702103853226,linear,1455.9090576171875,194.8452911376953,1.0631753206253052,1195.3818359375,8,0.011558091118356182,0.6904067687420314,1,0,6.961782089394755e-14,1.6370904631912708e-11
870,2,4801.057|4817.2827,0.03483787|0.012,2.0244566e-05|0.0005,1628648.0|1628648.0,0.04581676|0.9541832,0.00082209596|0.017121032,Type III: 受抑/欠发育弱进液簇|Type V: 沟通天然断层/强微裂缝簇,0.0607389360666275,linear,1434.1827392578125,160.61932373046875,1.1706186532974243,1873.4014892578125,4,0.008846416029634478,0.7195356152782799,1,1,2.997048884566776e-14,9.777068044058979e-11
871,6,4789.8584|4823.737|4845.7515|4879.388|4919.3765|4950.0,0.012|0.024469687|0.02374388|0.020832565|0.02574018|0.024104465,0.0005|1.7544357e-05|1.4196304e-05|1.5643867e-05|1.7646249e-05|1.7579898e-05,244978.81|244978.81|244978.81|244978.81|244978.81|244978.81,0.854556|0.030888518|0.024994222|0.02754262|0.031067723|0.030950906,0.017627304|0.0006371511|0.00051556685|0.00056813384|0.00064084766|0.000638438,Type V: 沟通天然断层/强微裂缝簇|Type IV: 砂堵闭合/未起裂死簇|Type IV: 砂堵闭合/未起裂死簇|Type IV: 砂堵闭合/未起裂死簇|Type IV: 砂堵闭合/未起裂死簇|Type IV: 砂堵闭合/未起裂死簇,0.0785394087433815,cosine,1477.5972900390625,195.2658233642578,1.3457447290420532,1596.5789794921875,12,0.008078553720280629,0.7415626860714505,1,0,1.174005960806121e-13,5.32054400537163e-11
872,1,4706.8716,0.007936172,0.0010636306,596703.8,1.0,0.012687551,Type V: 沟通天然断层/强微裂缝簇,0.06952918320894241,cosine,1430.8233642578125,57.60883712768555,0.8277422189712524,327.03179931640625,6,0.010069179350291377,0.6117046779413605,1,0,1.3672642357220096e-14,1.2448708730516955e-11
873,2,4830.2734|4844.8784,0.01754411|0.01813599,0.00065462943|0.00097393274,968687.06|968687.06,0.43908402|0.560916,0.0059696175|0.007625998,Type V: 沟通天然断层/强微裂缝簇|Type V: 沟通天然断层/强微裂缝簇,0.0851898267865181,cosine,1482.7742919921875,102.03080749511719,0.8869848251342773,256.2413330078125,4,0.010999781825937516,0.6034492227375247,0,-1,6.826296797789178e-14,2.0179413695586845e-11
874,4,4513.637|4532.0874|4561.916|4581.091,0.012970437|0.012|0.012866835|0.010670517,2.2468756e-05|0.0005|2.3265082e-05|2.6385524e-05,401559.0|401559.0|401559.0|401559.0,0.040944744|0.8685889|0.04239105|0.048075262,0.0007479398|0.015866559|0.0007743595|0.0008781933,Type III: 受抑/欠发育弱进液簇|Type V: 沟通天然断层/强微裂缝簇|Type III: 受抑/欠发育弱进液簇|Type III: 受抑/欠发育弱进液簇,0.008445107378065586,linear,1438.3258056640625,195.07041931152344,1.1917515993118286,1364.4100341796875,6,0.010916646752991572,0.6343897585352114,1,1,2.438691338712412e-13,1.653006620472297e-10
875,3,4676.1025|4718.5615|4766.4653,0.0066901715|0.0050829323|0.005812961,0.00024258505|0.00026371927|0.00027728427,635848.06|635848.06|635848.06,0.31058678|0.33646062|0.3529526,0.005368197|0.0058154017|0.0061004492,Type II: 均衡/正常发育簇|Type II: 均衡/正常发育簇|Type I: 优势发育主进液簇,0.04865873232483864,cosine,1429.7945556640625,186.978271484375,1.127619981765747,751.6824340820312,6,0.009809885702280152,0.6243164756163604,0,-1,1.2284747871738055e-13,6.843947630841285e-11
876,4,4832.244|4873.0435|4918.134|4950.0,0.025222385|0.012|0.024527855|0.02072292,1.9744914e-05|0.0005|1.4146917e-05|1.5851821e-05,331529.38|331529.38|331529.38|331529.38,0.03724384|0.9061815|0.026679812|0.029894846,0.00075933035|0.0184753|0.0005439501|0.0006094985,Type IV: 砂堵闭合/未起裂死簇|Type V: 沟通天然断层/强微裂缝簇|Type IV: 砂堵闭合/未起裂死簇|Type IV: 砂堵闭合/未起裂死簇,0.016139712184667587,cosine,1428.0032958984375,182.56349182128906,1.33012855052948,1742.8443603515625,8,0.010164093827946188,0.604049174823894,1,1,9.971984040379675e-14,1.589341991348192e-10
877,1,4671.4473,0.012,0.0005,116909.664,1.0,0.017821034,Type V: 沟通天然断层/强微裂缝簇,0.03554833307862282,cosine,1439.4517822265625,146.54940795898438,1.1626533269882202,1514.1934814453125,16,0.009349786506513101,0.6010519932031453,1,0,1.1057976501702496e-13,1.737134880386293e-10
878,6,4774.85|4814.6226|4859.219|4889.3247|4914.269|4950.0,0.01237589|0.016872799|0.016459972|0.015594469|0.016281694|0.013238647,0.00032953345|0.00031888467|0.00035276407|0.00043271534|0.0004201687|0.0003511403,115062.85|115062.85|115062.85|115062.85|115062.85|115062.85,0.15038428|0.1451739|0.16004309|0.19544908|0.18983702|0.15911262,0.0030532863|0.0029474993|0.0032493914|0.0039682477|0.0038543046|0.0032305,Type II: 均衡/正常发育簇|Type III: 受抑/欠发育弱进液簇|Type II: 均衡/正常发育簇|Type II: 均衡/正常发育簇|Type II: 均衡/正常发育簇|Type II: 均衡/正常发育簇,0.004603629466146231,cosine,1491.47705078125,196.099853515625,1.3245929479599,362.5360412597656,16,0.008554995753337555,0.7236581828346127,0,-1,5.013664180000821e-13,7.787548383930698e-12
879,2,4634.716|4674.028,0.0060305805|0.0066560665,0.00023803172|0.00018405833,55916.336|55916.336,0.5637863|0.43621364,0.011692484|0.009046727,Type I: 优势发育主进液簇|Type I: 优势发育主进液簇,0.0567205548286438,cosine,1435.50732421875,60.366947174072266,1.353036642074585,2561.4365234375,12,0.011693496349818538,0.7408345958414774,0,-1,4.132044234767332e-14,6.093614501878619e-11
880,4,4678.936|4700.9375|4728.5767|4772.626,0.022991337|0.020702565|0.018476432|0.019581813,0.0003554106|0.0004214372|0.00045861228|0.00046660964,349224.6|349224.6|349224.6|349224.6,0.21109116|0.24799661|0.26830748|0.27260473,0.0033223412|0.0039031922|0.004222863|0.004290497,Type II: 均衡/正常发育簇|Type II: 均衡/正常发育簇|Type V: 沟通天然断层/强微裂缝簇|Type V: 沟通天然断层/强微裂缝簇,0.05247155576944351,cosine,1472.66748046875,111.44271087646484,1.0268133878707886,249.85560607910156,6,0.010687071900184773,0.7098057064221323,0,-1,1.432845676959879e-14,1.332978172285948e-11
881,2,4860.196|4899.95,0.012|0.029896168,0.0015|0.00021730502,119512.59|119512.59,0.8600492|0.13995081,0.018028809|0.0029337232,Type V: 沟通天然断层/强微裂缝簇|Type III: 受抑/欠发育弱进液簇,0.05010601505637169,cosine,1476.961669921875,170.88124084472656,1.3676060438156128,440.3872985839844,16,0.009255115114439902,0.6066946285976725,1,0,2.052287647550527e-14,3.501554601825774e-11
882,5,4626.4575|4653.854|4685.553|4712.079|4757.1196,0.009561435|0.00879044|0.010283134|0.010788966|0.011441616,0.0010828272|0.0011667614|0.0009919908|0.0009409759|0.0008020854,897316.8|897316.8|897316.8|897316.8|897316.8,0.21097511|0.21752112|0.20032579|0.19445243|0.17672555,0.004333587|0.004468047|0.004114842|0.003994199|0.0036300754,Type V: 沟通天然断层/强微裂缝簇|Type V: 沟通天然断层/强微裂缝簇|Type V: 沟通天然断层/强微裂缝簇|Type V: 沟通天然断层/强微裂缝簇|Type V: 沟通天然断层/强微裂缝簇,0.05806518346071243,linear,1430.19384765625,128.25900268554688,1.3400888442993164,239.96578979492188,4,0.01101837345144776,0.6248744194910824,0,-1,9.539786495482705e-13,1.7990942069445737e-11
883,5,4578.6494|4596.202|4631.6157|4677.2397|4689.785,0.0250004|0.024667267|0.029209549|0.031786058|0.012,0.00025102712|0.00029463458|0.00025751302|0.00024492247|0.0015,280458.88|280458.88|280458.88|280458.88|280458.88,0.11293104|0.13193578|0.115406774|0.10965442|0.530072,0.0024177183|0.0028245868|0.0024707208|0.0023475697|0.011348207,Type III: 受抑/欠发育弱进液簇|Type III: 受抑/欠发育弱进液簇|Type III: 受抑/欠发育弱进液簇|Type III: 受抑/欠发育弱进液簇|Type V: 沟通天然断层/强微裂缝簇,0.06270474940538406,linear,1473.478271484375,159.55020141601562,1.3967210054397583,338.6134033203125,6,0.011512210465153192,0.6825859476873994,1,4,2.272039571456566e-13,6.139089236967266e-12
884,6,4635.8784|4656.2563|4705.656|4733.08|4778.9507|4828.072,0.016223708|0.019055445|0.020598792|0.018748406|0.016831|0.0157463,6.226599e-05|6.1035294e-05|4.4398115e-05|4.6310062e-05|5.7260757e-05|6.2555395e-05,62498.04|62498.04|62498.04|62498.04|62498.04|62498.04,0.18653154|0.1828398|0.13300209|0.13872676|0.17152223|0.18737759,0.0033596426|0.0032931499|0.002395517|0.0024986246|0.003089308|0.0033748806,Type II: 均衡/正常发育簇|Type II: 均衡/正常发育簇|Type III: 受抑/欠发育弱进液簇|Type III: 受抑/欠发育弱进液簇|Type II: 均衡/正常发育簇|Type II: 均衡/正常发育簇,0.08437813073396683,cosine,1407.9044189453125,183.7826690673828,1.175054669380188,3156.718994140625,12,0.011810152749062148,0.6869658387695736,0,-1,4.719386705975652e-14,1.0095391189679503e-10
885,5,4841.6763|4869.6733|4899.2637|4921.2407|4934.6655,0.011784078|0.01135013|0.010326861|0.009276447|0.011670264,0.0007912154|0.0008237476|0.0009885074|0.0008097642|0.0008837364,383444.1|383444.1|383444.1|383444.1|383444.1,0.18896629|0.19407034|0.22224337|0.19061244|0.20410757,0.0030161617|0.0030976294|0.0035473097|0.0030424367|0.0032578374,Type V: 沟通天然断层/强微裂缝簇|Type V: 沟通天然断层/强微裂缝簇|Type V: 沟通天然断层/强微裂缝簇|Type V: 沟通天然断层/强微裂缝簇|Type V: 沟通天然断层/强微裂缝簇,0.017949303612113,cosine,1456.7728271484375,61.138145446777344,1.0413281917572021,129.33592224121094,8,0.008863167316234781,0.7386551126433907,0,-1,5.58411118994212e-13,2.2737367544323206e-12
886,6,4515.1274|4558.874|4598.938|4629.501|4656.657|4668.12,0.005811952|0.005625589|0.006514327|0.0066211848|0.006570017|0.005365198,4.994679e-05|3.8983082e-05|3.831691e-05|4.4294768e-05|5.2857704e-05|5.077897e-05,357692.6|357692.6|357692.6|357692.6|357692.6|357692.6,0.18150942|0.1416851|0.1392612|0.16097099|0.19205973|0.18451357,0.0038259346|0.0029865|0.0029354081|0.0033930168|0.0040483186|0.0038892576,Type II: 均衡/正常发育簇|Type III: 受抑/欠发育弱进液簇|Type III: 受抑/欠发育弱进液簇|Type II: 均衡/正常发育簇|Type II: 均衡/正常发育簇|Type II: 均衡/正常发育簇,0.016396494582295418,cosine,1486.9736328125,101.49858093261719,1.375167727470398,6055.29345703125,6,0.010981704877011746,0.6642244574456521,0,-1,3.90094857458112e-14,0.0
887,3,4591.8086|4605.3994|4618.7085,0.027669681|0.012|0.021045402,0.0001385727|0.00071781926|0.00014170223,1179505.4|1179505.4|1179505.4,0.16252978|0.6713768|0.16609342,0.0030563772|0.01262526|0.0031233917,Type II: 均衡/正常发育簇|Type V: 沟通天然断层/强微裂缝簇|Type II: 均衡/正常发育簇,0.09621474146842957,cosine,1441.893798828125,114.56421661376953,1.2268495559692383,677.7929077148438,6,0.008115959018558466,0.6696990807044144,1,1,6.586496349410623e-14,6.536993168992922e-11
888,4,4637.4917|4687.403|4707.1055|4725.588,0.02688986|0.031548597|0.028126452|0.012,0.00022035584|0.0002712328|0.00023979563|0.0015,356864.97|356864.97|356864.97|356864.97,0.11906297|0.14553405|0.12892936|0.6064736,0.0020295654|0.0024807956|0.0021977494|0.010338041,Type III: 受抑/欠发育弱进液簇|Type III: 受抑/欠发育弱进液簇|Type III: 受抑/欠发育弱进液簇|Type V: 沟通天然断层/强微裂缝簇,0.07865150272846222,linear,1436.9415283203125,173.15631103515625,1.112099528312683,314.1710510253906,6,0.011525727241765725,0.6036993779965388,1,3,4.86035799281137e-13,1.0402345651527867e-11
889,1,4823.7285,0.0074441805,0.00061869435,689762.9,1.0,0.02216991,Type V: 沟通天然断层/强微裂缝簇,0.010424152947962284,cosine,1457.73486328125,158.41551208496094,1.446376085281372,1877.03466796875,4,0.011988414479801809,0.6020425934184603,1,0,4.475714300588608e-14,3.228706191293895e-11
890,2,4800.24|4811.0015,0.00647909|0.0073984554,6.659675e-05|7.739114e-05,116439.59|116439.59,0.46253914|0.53746086,0.009514073|0.011055156,Type I: 优势发育主进液簇|Type I: 优势发育主进液簇,0.07159139961004257,cosine,1487.4541015625,91.65242767333984,1.3419468402862549,20593.4609375,12,0.010512526233817845,0.6352063745174481,0,-1,2.260200863003336e-14,1.2369127944111824e-10
891,1,4883.2593,0.012,0.0015,292571.62,1.0,0.013445394,Type V: 沟通天然断层/强微裂缝簇,0.07045339792966843,cosine,1471.832275390625,199.0535888671875,0.8771843314170837,368.4252624511719,12,0.008241337651331507,0.6520304298667842,1,0,2.90165759258762e-13,6.0822458181064576e-12
892,4,4855.4346|4874.0215|4911.9604|4950.0,0.006733006|0.007846507|0.0066612447|0.00824866,0.0004925302|0.0006623262|0.0006770698|0.000584264,72800.9|72800.9|72800.9|72800.9,0.205217|0.27367103|0.27922833|0.24188365,0.0026607318|0.0035482694|0.0036203223|0.0031361314,Type V: 沟通天然断层/强微裂缝簇|Type V: 沟通天然断层/强微裂缝簇|Type V: 沟通天然断层/强微裂缝簇|Type V: 沟通天然断层/强微裂缝簇,0.045974574983119965,cosine,1430.990478515625,53.785179138183594,0.8458728194236755,116.93751525878906,16,0.009799375102521104,0.693386697110664,0,-1,4.0299296018286856e-13,1.7905676941154525e-12
893,5,4673.659|4686.388|4707.5957|4724.213|4772.5654,0.004743821|0.004859786|0.004651421|0.0050409874|0.005273915,1.6780587e-05|1.7568926e-05|1.9211833e-05|2.0383615e-05|1.9570714e-05,56042.96|56042.96|56042.96|56042.96|56042.96,0.17944226|0.18787189|0.20543952|0.21796943|0.2092769,0.0023512791|0.002461735|0.0026919283|0.002856111|0.0027422104,Type II: 均衡/正常发育簇|Type II: 均衡/正常发育簇|Type II: 均衡/正常发育簇|Type II: 均衡/正常发育簇|Type II: 均衡/正常发育簇,0.010866410098969936,linear,1407.0264892578125,52.61622619628906,0.8548635244369507,19719.140625,16,0.01007294478859068,0.7479407551701989,0,-1,1.0948541877796314e-13,4.5838532969355583e-10
894,1,4857.2,0.012,0.0006147927,161054.23,1.0,0.016745746,Type V: 沟通天然断层/强微裂缝簇,0.09081193804740906,linear,1422.3834228515625,138.7710418701172,1.092500925064087,981.179443359375,12,0.008937022905130737,0.7473216287396949,1,0,4.22654905594521e-14,7.014477887423709e-11
895,6,4778.6157|4810.474|4850.8667|4899.976|4929.7207|4950.0,0.0067203497|0.0060363635|0.0048536086|0.0051438096|0.0059129135|0.0049512754,0.00013871494|0.00012231193|0.00017232807|0.00013477649|0.00013702258|0.00012677634,132310.6|132310.6|132310.6|132310.6|132310.6|132310.6,0.16683829|0.14710486|0.2070011|0.16199106|0.1646764|0.15238829,0.0024424607|0.0021535694|0.003030432|0.0023714986|0.0024108114|0.002230917,Type II: 均衡/正常发育簇|Type III: 受抑/欠发育弱进液簇|Type II: 均衡/正常发育簇|Type II: 均衡/正常发育簇|Type II: 均衡/正常发育簇|Type II: 均衡/正常发育簇,0.05539349839091301,linear,1458.580322265625,95.3423080444336,0.9551007151603699,447.95025634765625,12,0.010412807829062058,0.6073602428279926,0,-1,1.9788590389794095e-14,4.263256414560601e-12
896,6,4570.9863|4598.538|4640.466|4662.9375|4710.5503|4731.8623,0.016358804|0.020067597|0.016201414|0.019973297|0.017578924|0.01494278,3.1341384e-05|2.7295682e-05|3.312444e-05|3.3557026e-05|3.8758175e-05|3.63761e-05,300980.8|300980.8|300980.8|300980.8|300980.8|300980.8,0.15636186|0.13618058|0.16524917|0.16740555|0.19334039|0.18146247,0.0024731758|0.0021539682|0.002613746|0.0026478535|0.003058065|0.0028701918,Type II: 均衡/正常发育簇|Type III: 受抑/欠发育弱进液簇|Type II: 均衡/正常发育簇|Type II: 均衡/正常发育簇|Type II: 均衡/正常发育簇|Type II: 均衡/正常发育簇,0.05252913013100624,linear,1441.0994873046875,159.4462432861328,1.0319091081619263,6434.74560546875,12,0.008317818654163499,0.6310896831996332,0,-1,9.146863496657665e-14,4.1745806811377406e-10
897,6,4811.5625|4826.644|4865.957|4897.6807|4918.2666|4950.0,0.0061980304|0.0056545106|0.0063942135|0.005672958|0.0069819945|0.005199059,0.00018835912|0.00015775165|0.00087032|0.00017859676|0.00018233049|0.00019920952,145369.05|145369.05|145369.05|145369.05|145369.05|145369.05,0.1088108|0.09113069|0.47730356|0.10293827|0.10507332|0.11474335,0.0018855421|0.0015791701|0.008271017|0.0017837792|0.0018207767|0.001988345,Type III: 受抑/欠发育弱进液簇|Type III: 受抑/欠发育弱进液簇|Type V: 沟通天然断层/强微裂缝簇|Type III: 受抑/欠发育弱进液簇|Type III: 受抑/欠发育弱进液簇|Type III: 受抑/欠发育弱进液簇,0.0990176871418953,linear,1420.8642578125,92.1965103149414,1.1305285692214966,251.543212890625,16,0.008202699627347676,0.7003111720590114,1,2,4.164466284295974e-14,1.2818190953112207e-11
898,1,4720.373,0.006359825,0.00045706402,570326.2,1.0,0.022554927,Type V: 沟通天然断层/强微裂缝簇,0.05710720270872116,linear,1418.0728759765625,167.97100830078125,1.4714946746826172,2990.039794921875,6,0.009326700279955155,0.7292755564131319,0,-1,1.3013353415691764e-13,1.3642420526593924e-11
899,5,4688.178|4699.754|4743.7485|4782.6006|4805.9727,0.015684802|0.013947019|0.01738181|0.012|0.017030533,1.8239822e-05|1.627671e-05|1.6053027e-05|0.0005|1.8827875e-05,75637.86|75637.86|75637.86|75637.86|75637.86,0.03231356|0.028833797|0.028430354|0.8770847|0.033337627,0.00056616095|0.00050519255|0.0004981239|0.015367267|0.00058410346,Type IV: 砂堵闭合/未起裂死簇|Type IV: 砂堵闭合/未起裂死簇|Type IV: 砂堵闭合/未起裂死簇|Type V: 沟通天然断层/强微裂缝簇|Type IV: 砂堵闭合/未起裂死簇,0.019929198548197746,cosine,1431.4307861328125,106.29428100585938,1.1430689096450806,1128.16748046875,12,0.01106817606292264,0.7109803994236532,1,3,6.811826764544643e-14,2.955857780762017e-11
900,5,4789.8555|4818.7485|4868.0312|4909.196|4950.0,0.022177227|0.016543485|0.022599446|0.017748764|0.012,0.0006171817|0.0005697342|0.00043998324|0.0004988766|0.0015,634979.0|634979.0|634979.0|634979.0|634979.0,0.19117764|0.17850444|0.14238718|0.15870199|0.32922876,0.0033796183|0.0031555828|0.0025171058|0.002805517|0.005820072,Type V: 沟通天然断层/强微裂缝簇|Type V: 沟通天然断层/强微裂缝簇|Type III: 受抑/欠发育弱进液簇|Type V: 沟通天然断层/强微裂缝簇|Type V: 沟通天然断层/强微裂缝簇,0.0738634392619133,linear,1424.9959716796875,56.668434143066406,1.1533148288726807,154.61990356445312,4,0.01117607118050145,0.722009024125144,1,4,3.257900134563674e-14,1.6825651982799172e-11
901,2,4557.9307|4586.6255,0.011961195|0.012,0.00011739023|0.0007424067,1105849.5|1105849.5,0.16606289|0.8339371,0.0021062766|0.010577331,Type II: 均衡/正常发育簇|Type V: 沟通天然断层/强微裂缝簇,0.00223608803935349,linear,1411.193115234375,88.57771301269531,0.8274849653244019,445.4991149902344,4,0.00973685170070829,0.7208011885964332,1,1,1.6412271322259302e-15,1.0970779840135947e-11
902,5,4536.924|4567.5537|4582.7856|4596.7427|4630.9785,0.010883907|0.010767471|0.008301793|0.009433202|0.008464365,0.00019598784|0.00013749936|0.0001850445|0.00019216895|0.00014449302,58166.29|58166.29|58166.29|58166.29|58166.29,0.22918925|0.16083883|0.21633989|0.2246445|0.16898754,0.0040340554|0.0028309913|0.0038078886|0.0039540613|0.0029744203,Type II: 均衡/正常发育簇|Type II: 均衡/正常发育簇|Type II: 均衡/正常发育簇|Type II: 均衡/正常发育簇|Type II: 均衡/正常发育簇,0.060471758246421814,cosine,1493.886474609375,182.6714324951172,1.1483253240585327,664.2957153320312,16,0.00997521740145405,0.7486179221286816,0,-1,1.2634866568793368e-13,1.921307557495311e-11
903,6,4781.249|4822.1753|4866.0747|4910.762|4924.728|4950.0,0.012354521|0.013052629|0.014253253|0.012758338|0.0107279625|0.012334586,0.0003429336|0.00034037465|0.00033473395|0.00044428805|0.0003607416|0.00042083976,87198.59|87198.59|87198.59|87198.59|87198.59|87198.59,0.1537429|0.15216297|0.14934826|0.19723128|0.16057982|0.1869348,0.00340088|0.003365931|0.003303668|0.0043628677|0.0035521167|0.004135104,Type II: 均衡/正常发育簇|Type II: 均衡/正常发育簇|Type III: 受抑/欠发育弱进液簇|Type II: 均衡/正常发育簇|Type II: 均衡/正常发育簇|Type II: 均衡/正常发育簇,0.08019733428955078,linear,1453.8778076171875,186.15455627441406,1.4431569576263428,379.8341064453125,12,0.011426722839030217,0.6212712210414401,0,-1,3.3140837621924157e-13,2.5863755581667647e-11
904,4,4585.9214|4619.133|4636.112|4683.0776,0.013088535|0.01208443|0.010900613|0.009967528,2.1138963e-05|2.031012e-05|0.0005|1.821998e-05,76674.97|76674.97|76674.97|76674.97,0.03810159|0.03660078|0.8924664|0.03283122,0.00053532684|0.0005142404|0.01253914|0.00046127816,Type IV: 砂堵闭合/未起裂死簇|Type IV: 砂堵闭合/未起裂死簇|Type V: 沟通天然断层/强微裂缝簇|Type IV: 砂堵闭合/未起裂死簇,0.040144022554159164,cosine,1412.21533203125,160.77769470214844,0.9166281223297119,839.107666015625,16,0.009920872218899816,0.6591953135628386,1,2,1.254434788466527e-13,1.2505552149377763e-11
905,4,4739.3726|4751.444|4780.528|4825.4585,0.019780613|0.015810601|0.017075745|0.019631954,0.00029454846|0.00029060052|0.00035967387|0.0003367106,76426.74|76426.74|76426.74|76426.74,0.23008545|0.22696866|0.28035724|0.26258865,0.0047718394|0.004707199|0.005814447|0.005445937,Type II: 均衡/正常发育簇|Type II: 均衡/正常发育簇|Type II: 均衡/正常发育簇|Type II: 均衡/正常发育簇,0.021522345021367073,cosine,1479.6802978515625,167.0181427001953,1.3530503511428833,513.5260620117188,16,0.009340719742047908,0.7448301839014855,0,-1,2.024179198009072e-14,1.6370904631912708e-11
906,3,4561.685|4610.514|4644.348,0.005894024|0.00789895|0.005786456,0.00010148924|0.00012268912|9.131222e-05,133107.66|133107.66|133107.66,0.3217251|0.38878882|0.28948608,0.0045501837|0.005498671|0.0040942244,Type II: 均衡/正常发育簇|Type I: 优势发育主进液簇|Type II: 均衡/正常发育簇,0.01460905373096466,cosine,1475.295166015625,70.16934204101562,0.9227015972137451,2120.302978515625,12,0.009845944245653682,0.6772719883285826,0,-1,9.689767570134414e-14,1.3278622645884752e-10
907,2,4530.6206|4551.716,0.011931695|0.012060165,0.00042327304|0.000554523,411470.75|411470.75,0.43881717|0.56118286,0.009257855|0.011839439,Type I: 优势发育主进液簇|Type V: 沟通天然断层/强微裂缝簇,0.09844453632831573,linear,1449.69775390625,50.067996978759766,1.3763980865478516,645.1009521484375,6,0.010751796184087776,0.6460674011576774,0,-1,8.995407229425018e-14,0.0
908,3,4784.575|4828.9565|4858.4985,0.019792238|0.016538195|0.019378128,3.276981e-05|3.7365244e-05|3.4104567e-05,82435.73|82435.73|82435.73,0.314373|0.35845223|0.3271748,0.0046879323|0.005345242|0.004878833,Type II: 均衡/正常发育簇|Type I: 优势发育主进液簇|Type II: 均衡/正常发育簇,0.06947628408670425,linear,1449.108154296875,73.1209945678711,0.9728668928146362,20583.455078125,12,0.01082548436152439,0.7119130630374176,0,-1,1.1633064947262888e-14,8.258211892098188e-10
909,6,4788.988|4808.6333|4846.342|4890.4175|4907.5063|4950.0,0.023413986|0.024689332|0.023917189|0.0249422|0.024004582|0.029491935,0.0008229743|0.0006598785|0.0007299252|0.0008605566|0.0006785732|0.0006658433,121182.83|121182.83|121182.83|121182.83|121182.83|121182.83,0.18695669|0.15126574|0.16538212|0.19190504|0.15364349|0.15084693,0.0038734085|0.0031339556|0.003426422|0.003975929|0.0031832187|0.0031252785,Type V: 沟通天然断层/强微裂缝簇|Type V: 沟通天然断层/强微裂缝簇|Type V: 沟通天然断层/强微裂缝簇|Type V: 沟通天然断层/强微裂缝簇|Type V: 沟通天然断层/强微裂缝簇|Type V: 沟通天然断层/强微裂缝簇,0.06389372050762177,linear,1496.5260009765625,149.5081787109375,1.3516665697097778,256.4794921875,16,0.009196972627827682,0.6101411374724675,0,-1,6.624669888176393e-13,3.439026841078885e-11
910,5,4777.3125|4787.7573|4831.75|4879.9277|4917.2134,0.02589709|0.025741424|0.018240517|0.018359492|0.021778975,6.5610635e-05|8.1676044e-05|6.5796616e-05|9.2011614e-05|8.474249e-05,207003.23|207003.23|207003.23|207003.23|207003.23,0.16835086|0.20951685|0.16881453|0.23596603|0.21735175,0.0030465703|0.003791533|0.003054961|0.0042701717|0.0039333175,Type II: 均衡/正常发育簇|Type II: 均衡/正常发育簇|Type II: 均衡/正常发育簇|Type II: 均衡/正常发育簇|Type II: 均衡/正常发育簇,0.03583233430981636,cosine,1421.788330078125,110.78038787841797,1.1806282997131348,2332.223876953125,8,0.011075469091410963,0.6438101279895235,0,-1,7.400339835286068e-14,1.8962964531965554e-10
911,6,4622.1704|4663.897|4693.1787|4740.1226|4770.9585|4812.5107,0.016308617|0.013305666|0.019027563|0.0162397|0.018366566|0.019194204,0.00017499583|0.00016077966|0.00017541251|0.00014956729|0.00014127357|0.00013617132,374694.12|374694.12|374694.12|374694.12|374694.12|374694.12,0.18645118|0.17137429|0.1867589|0.15946224|0.15067984|0.14527352,0.0035455937|0.0032588884|0.0035514452|0.0030323665|0.0028653587|0.002762551,Type II: 均衡/正常发育簇|Type II: 均衡/正常发育簇|Type II: 均衡/正常发育簇|Type II: 均衡/正常发育簇|Type II: 均衡/正常发育簇|Type III: 受抑/欠发育弱进液簇,0.05145353078842163,linear,1451.1015625,109.60307312011719,1.2406266927719116,592.4739379882812,6,0.01126293163489345,0.6169756603527768,0,-1,1.3537558389824927e-13,6.662048690486699e-11
912,4,4548.9253|4561.901|4602.778|4628.967,0.017707394|0.012|0.018507421|0.017644126,1.0298982e-05|0.0005|1.2857498e-05|1.4303502e-05,636047.56|636047.56|636047.56|636047.56,0.020520823|0.9253655|0.025616543|0.028497117,0.0003222905|0.01453336|0.00040232152|0.00044756246,Type IV: 砂堵闭合/未起裂死簇|Type V: 沟通天然断层/强微裂缝簇|Type IV: 砂堵闭合/未起裂死簇|Type IV: 砂堵闭合/未起裂死簇,0.027046123519539833,cosine,1448.7523193359375,82.1181411743164,1.02463698387146,1107.1409912109375,6,0.009001427681289241,0.7413815533530592,1,1,3.7554023103313506e-15,2.660272002685815e-11
913,1,4879.7876,0.012,0.0005,442969.4,1.0,0.015873745,Type V: 沟通天然断层/强微裂缝簇,0.022772813215851784,cosine,1462.1719970703125,56.99197769165039,1.0356111526489258,1226.548828125,6,0.010232851719492292,0.6874310382384538,1,0,1.7354069299212876e-13,3.1604940886609256e-11
914,6,4783.6255|4812.549|4857.82|4885.577|4914.682|4950.0,0.0052259527|0.0070570293|0.0051198783|0.0073756054|0.006672251|0.0059825233,1.4578671e-05|1.605876e-05|1.3432035e-05|1.9272067e-05|1.4241602e-05|1.5027172e-05,124889.63|124889.63|124889.63|124889.63|124889.63|124889.63,0.1574209|0.17340183|0.14503872|0.20809646|0.15377991|0.16226217,0.0022950144|0.0025279978|0.0021144967|0.0030338054|0.002241933|0.0023655945,Type II: 均衡/正常发育簇|Type II: 均衡/正常发育簇|Type III: 受抑/欠发育弱进液簇|Type II: 均衡/正常发育簇|Type II: 均衡/正常发育簇|Type II: 均衡/正常发育簇,0.09917717427015305,cosine,1417.46728515625,124.63121032714844,0.9511309862136841,24948.697265625,16,0.009031309952249208,0.6232695948734239,0,-1,2.0585116456469515e-14,7.275957614183426e-10
915,2,4568.7812|4610.1875,0.011751481|0.011585824,0.00067388144|0.0005813746,244667.67|244667.67,0.53369176|0.46630824,0.011008818|0.009618852,Type V: 沟通天然断层/强微裂缝簇|Type V: 沟通天然断层/强微裂缝簇,0.012742104940116405,cosine,1403.6571044921875,172.10479736328125,1.345759630203247,547.1436767578125,8,0.010332279031926796,0.6804403937184897,0,-1,5.2140088850193694e-14,2.8194335754960775e-11
916,4,4748.289|4773.546|4790.8105|4830.665,0.0052847783|0.005909352|0.006592776|0.006671015,0.00022743945|0.00021718857|0.0002806166|0.00025320833,659996.2|659996.2|659996.2|659996.2,0.23324566|0.22299382|0.28522134|0.2585392,0.0040489854|0.0038710206|0.004951248|0.0044880644,Type II: 均衡/正常发育簇|Type II: 均衡/正常发育簇|Type II: 均衡/正常发育簇|Type II: 均衡/正常发育簇,0.025432057678699493,linear,1438.809814453125,112.64163970947266,1.132530689239502,498.4491271972656,8,0.008020457444919197,0.6875458240034373,0,-1,1.0492691107253857e-13,1.9838353182421997e-11
917,6,4740.785|4784.5137|4818.7476|4868.492|4911.11|4950.0,0.019849502|0.02162367|0.026801059|0.012|0.026167462|0.023652539,1.1908864e-05|1.09606335e-05|1.26844225e-05|0.0005|8.706004e-06|1.1775677e-05,2260845.8|2260845.8|2260845.8|2260845.8|2260845.8|2260845.8,0.026141979|0.024056746|0.027835341|0.8770253|0.019103374|0.025837243,0.0005540983|0.0005099003|0.00058999035|0.018589191|0.00040490995|0.0005476392,Type IV: 砂堵闭合/未起裂死簇|Type IV: 砂堵闭合/未起裂死簇|Type IV: 砂堵闭合/未起裂死簇|Type V: 沟通天然断层/强微裂缝簇|Type IV: 砂堵闭合/未起裂死簇|Type IV: 砂堵闭合/未起裂死簇,0.03098391741514206,linear,1404.39453125,179.61831665039062,1.3828200101852417,2431.1240234375,4,0.008536392333348592,0.6558679774697592,1,3,2.9136130899436175e-14,2.5420376914553344e-10
918,6,4515.8745|4559.432|4603.077|4625.0317|4669.1577|4692.1035,0.015544115|0.01573745|0.015603027|0.016770266|0.019373914|0.021950971,3.1125284e-05|3.0083253e-05|3.146833e-05|2.686375e-05|3.4197263e-05|2.7428874e-05,418868.6|418868.6|418868.6|418868.6|418868.6|418868.6,0.1718082|0.1660551|0.17369512|0.14828712|0.18874948|0.15140498,0.0021094831|0.0020388458|0.002132651|0.0018206883|0.0023174903|0.0018589698,Type II: 均衡/正常发育簇|Type II: 均衡/正常发育簇|Type II: 均衡/正常发育簇|Type III: 受抑/欠发育弱进液簇|Type II: 均衡/正常发育簇|Type II: 均衡/正常发育簇,0.03710135817527771,cosine,1425.7841796875,66.94447326660156,0.8010312914848328,4690.07470703125,6,0.010302093062978485,0.6974603525621503,0,-1,1.167019497531896e-13,5.620677256956697e-10
919,2,4559.2188|4593.712,0.0074068266|0.007771035,0.0005|3.064116e-05,229104.95|229104.95,0.9407284|0.059271596,0.02068502|0.0013032819,Type V: 沟通天然断层/强微裂缝簇|Type III: 受抑/欠发育弱进液簇,0.08391359448432922,cosine,1495.4344482421875,181.35858154296875,1.4345279932022095,2079.73193359375,8,0.010094462704642777,0.7366937369781025,1,0,6.895249345453824e-14,0.0
920,2,4681.408|4714.093,0.012|0.01590742,0.0010273838|0.00019397939,1810828.2|1810828.2,0.7623655|0.23763447,0.015340876|0.0047818543,Type V: 沟通天然断层/强微裂缝簇|Type II: 均衡/正常发育簇,0.0551631860435009,cosine,1448.6217041015625,145.3745880126953,1.312817096710205,871.1001586914062,4,0.008908706509634517,0.6728723688428608,1,0,8.620715937163268e-15,3.183231456205249e-12
921,4,4747.2344|4794.3296|4810.7007|4841.592,0.007884179|0.006366705|0.006514953|0.0057999967,3.192473e-05|3.1366766e-05|3.5227047e-05|2.7311797e-05,1556519.2|1556519.2|1556519.2|1556519.2,0.2537131|0.24928357|0.2799064|0.21709692,0.0034417966|0.0033817065|0.003797127|0.002945072,Type II: 均衡/正常发育簇|Type II: 均衡/正常发育簇|Type II: 均衡/正常发育簇|Type II: 均衡/正常发育簇,0.07799247652292252,cosine,1465.4853515625,77.6677474975586,0.8850332498550415,11754.7939453125,4,0.009012638634487946,0.7091195646697467,0,-1,1.6099548452198909e-13,1.4988472685217857e-09
922,5,4686.7686|4708.2793|4729.358|4746.441|4785.114,0.0051633962|0.005625802|0.0049701366|0.0045977053|0.0045470274,0.0002988865|0.00026870394|0.00027841356|0.0002639649|0.0002556272,1628664.4|1628664.4|1628664.4|1628664.4|1628664.4,0.21677603|0.19721119|0.2035008|0.19402584|0.18848613,0.0048078597|0.0043739327|0.0045134295|0.004303285|0.0041804197,Type II: 均衡/正常发育簇|Type II: 均衡/正常发育簇|Type II: 均衡/正常发育簇|Type II: 均衡/正常发育簇|Type II: 均衡/正常发育簇,0.09579984843730927,linear,1406.9937744140625,162.5082550048828,1.4469643831253052,551.83154296875,4,0.009090597917420411,0.6813965545372848,0,-1,9.229363319874107e-15,7.844391802791506e-12
923,1,4554.7524,0.010125669,0.00036216862,127535.56,1.0,0.0139308,Type I: 优势发育主进液簇,0.09311460703611374,cosine,1465.6986083984375,67.21087646484375,0.9088523983955383,1607.6417236328125,12,0.009899485852968156,0.6844448309794833,0,-1,4.1093027553862696e-14,0.0
924,2,4545.114|4568.3413,0.011999949|0.008884332,0.0006239767|0.00087507867,107824.266|107824.266,0.4209812|0.57901883,0.008295975|0.011410308,Type V: 沟通天然断层/强微裂缝簇|Type V: 沟通天然断层/强微裂缝簇,0.04586131125688553,cosine,1404.8231201171875,122.1500244140625,1.2856477499008179,377.6929626464844,16,0.008656407056680922,0.7301415128951034,0,-1,8.961347695802743e-14,7.389644451905042e-12
925,2,4591.3853|4630.226,0.015448318|0.017837822,0.00095346867|0.00074952375,87099.84|87099.84,0.5564834|0.4435166,0.008015209|0.0063881124,Type V: 沟通天然断层/强微裂缝簇|Type V: 沟通天然断层/强微裂缝簇,0.08353418856859207,linear,1409.1424560546875,165.35609436035156,0.9396799802780151,280.5050048828125,12,0.011353938542604683,0.6296186875620313,0,-1,2.939919087254633e-13,3.439026841078885e-11
926,3,4746.5645|4770.0703|4813.547,0.0061779832|0.00458217|0.0065073855,0.00036926524|0.00046915302|0.0004192059,762182.7|762182.7|762182.7,0.29810947|0.36813128|0.33375925,0.0040294174|0.004975872|0.00451128,Type II: 均衡/正常发育簇|Type V: 沟通天然断层/强微裂缝簇|Type II: 均衡/正常发育簇,0.025971265509724617,cosine,1445.0164794921875,118.1512680053711,0.8818277716636658,285.0876159667969,4,0.011473050941919633,0.6253357263039893,0,-1,1.1114288607288678e-13,1.3869794202037156e-11
927,2,4787.5176|4834.865,0.028193684|0.012,4.6965113e-05|0.0005,227761.61|227761.61,0.088061206|0.9119388,0.0016881926|0.01748248,Type III: 受抑/欠发育弱进液簇|Type V: 沟通天然断层/强微裂缝簇,0.0012513133697211742,cosine,1460.5504150390625,72.00758361816406,1.2507044076919556,1435.9481201171875,12,0.008751613905522778,0.6553341568167733,1,1,6.460871198937443e-14,1.1596057447604835e-11
928,6,4760.173|4800.2417|4845.662|4879.8296|4923.3125|4950.0,0.012012802|0.01148967|0.01011587|0.010093668|0.013094535|0.01207887,0.0001864042|0.00017420542|0.0001972489|0.00023533324|0.00023231695|0.0001816886,748371.75|748371.75|748371.75|748371.75|748371.75|748371.75,0.15503703|0.14500795|0.1635708|0.19393946|0.19152175|0.150923,0.0033191903|0.0031044777|0.0035018902|0.0041520535|0.0041002925|0.0032311128,Type II: 均衡/正常发育簇|Type III: 受抑/欠发育弱进液簇|Type II: 均衡/正常发育簇|Type II: 均衡/正常发育簇|Type II: 均衡/正常发育簇|Type II: 均衡/正常发育簇,0.0885167270898819,cosine,1400.4351806640625,100.2751235961914,1.3967350721359253,513.6165161132812,6,0.009231353912272918,0.6498600933048416,0,-1,8.281031161358823e-14,1.2960299500264227e-11
929,6,4518.5137|4540.125|4584.3145|4599.19|4637.1206|4656.1484,0.025397208|0.025031768|0.024042185|0.03151975|0.030057063|0.025586167,0.00015475937|0.000121786215|0.00016196957|0.00014306599|0.00015521441|0.00015114452,220450.39|220450.39|220450.39|220450.39|220450.39|220450.39,0.1743475|0.13730468|0.1823174|0.16113073|0.1747299|0.17016977,0.0021436044|0.0016881626|0.0022415947|0.001981104|0.002148306|0.0020922392,Type II: 均衡/正常发育簇|Type III: 受抑/欠发育弱进液簇|Type II: 均衡/正常发育簇|Type II: 均衡/正常发育簇|Type II: 均衡/正常发育簇|Type II: 均衡/正常发育簇,0.03248104453086853,linear,1472.808349609375,177.46644592285156,0.8021327257156372,398.3896179199219,6,0.011918263404862559,0.7183365721610493,0,-1,1.820082374203412e-14,1.2789769243681803e-11
930,1,4604.848,0.0074414304,0.0005,70156.55,1.0,0.012649962,Type V: 沟通天然断层/强微裂缝簇,0.017264319583773613,cosine,1464.4630126953125,121.30365753173828,0.8252898454666138,802.8453369140625,12,0.011755383712283584,0.6544427448860701,1,0,7.912557599149689e-14,6.934897101018578e-12
931,1,4763.0107,0.0064176423,0.00077639555,646725.1,1.0,0.02095098,Type V: 沟通天然断层/强微裂缝簇,0.011470247060060501,linear,1482.6461181640625,125.00662994384766,1.3668525218963623,1221.4566650390625,8,0.00815074333355237,0.6725372415668005,1,0,1.3264424823279664e-13,6.275513442233205e-11
932,4,4701.3076|4731.966|4772.765|4784.0513,0.009736186|0.011207122|0.009880614|0.010637315,0.0002744382|0.00022920466|0.0001964179|0.00018930729,151795.25|151795.25|151795.25|151795.25,0.3081253|0.25771984|0.22105753|0.21309732,0.0048094406|0.004022676|0.0034504244|0.0033261757,Type II: 均衡/正常发育簇|Type II: 均衡/正常发育簇|Type II: 均衡/正常发育簇|Type II: 均衡/正常发育簇,0.016036761924624443,cosine,1443.0093994140625,92.14423370361328,1.0183205604553223,449.4020080566406,8,0.011793387501329786,0.6630776833919618,0,-1,1.0891535882819742e-13,7.105427357601002e-12
933,4,4535.6187|4562.7817|4582.29|4630.5415,0.015473446|0.020120014|0.017646939|0.014510081,9.255686e-05|0.00010312484|0.00011096878|0.00011120602,337108.88|337108.88|337108.88|337108.88,0.22161113|0.24681361|0.26550668|0.26606858,0.003880806|0.0043221465|0.0046494957|0.004659335,Type II: 均衡/正常发育簇|Type II: 均衡/正常发育簇|Type II: 均衡/正常发育簇|Type II: 均衡/正常发育簇,0.08592092990875244,linear,1400.61865234375,96.92340087890625,1.1424776315689087,1916.4478759765625,6,0.011567279223305164,0.616682804322408,0,-1,3.368052025969591e-15,2.2737367544323206e-13
934,2,4639.8584|4684.6694,0.008292555|0.008354296,0.00080744416|0.0015,249542.0|249542.0,0.38447997|0.61552006,0.008623626|0.013805699,Type V: 沟通天然断层/强微裂缝簇|Type V: 沟通天然断层/强微裂缝簇,0.08570566028356552,linear,1408.7091064453125,103.48631286621094,1.4633004665374756,330.16204833984375,12,0.008389914479174235,0.6812279786296757,1,1,1.8809515848084574e-13,2.000888343900442e-11
935,2,4604.5986|4634.451,0.017046846|0.022731684,0.00012057784|0.00015278975,507561.28|507561.28,0.44163248|0.5583675,0.0055473917|0.0070137125,Type I: 优势发育主进液簇|Type I: 优势发育主进液簇,0.033813536167144775,linear,1414.697998046875,115.81034851074219,0.819492757320404,2277.867431640625,6,0.010216924730826943,0.644205961303551,0,-1,1.4625084997221816e-13,1.1323209037072957e-10
936,4,4818.336|4854.214|4895.388|4930.4517,0.01861021|0.021197343|0.016230585|0.015187795,8.459954e-05|9.625929e-05|0.00010124817|9.336147e-05,262916.06|262916.06|262916.06|262916.06,0.22538435|0.2563607|0.2696036|0.24865133,0.004281412|0.0048698406|0.005121403|0.0047233924,Type II: 均衡/正常发育簇|Type II: 均衡/正常发育簇|Type II: 均衡/正常发育簇|Type II: 均衡/正常发育簇,0.07763124257326126,cosine,1493.9256591796875,93.06515502929688,1.239311695098877,2729.410400390625,8,0.01024000009191833,0.6682856654604571,0,-1,1.2565663299376334e-13,7.09405867382884e-11
937,6,4709.067|4749.7812|4787.919|4816.743|4844.618|4855.071,0.02227963|0.023490394|0.02520215|0.012|0.029338188|0.024109628,2.6565458e-05|2.6452157e-05|3.268999e-05|0.0005|3.0245523e-05|3.3566947e-05,560509.0|560509.0|560509.0|560509.0|560509.0|560509.0,0.043023176|0.042827446|0.052907955|0.7579788|0.04894545|0.05431717,0.0008045526|0.00080089236|0.0009894024|0.014174542|0.0009153018|0.0010157553,Type III: 受抑/欠发育弱进液簇|Type III: 受抑/欠发育弱进液簇|Type III: 受抑/欠发育弱进液簇|Type V: 沟通天然断层/强微裂缝簇|Type III: 受抑/欠发育弱进液簇|Type III: 受抑/欠发育弱进液簇,0.07538248598575592,cosine,1450.255615234375,114.77176666259766,1.2200266122817993,1099.02490234375,8,0.008291903798097307,0.698024768863185,1,3,4.5454234180817427e-14,6.45741238258779e-11
938,6,4546.187|4569.698|4597.796|4623.248|4665.9775|4709.937,0.018229572|0.0218562|0.012|0.016025212|0.019696448|0.018647842,1.1489742e-05|1.237391e-05|0.0005|1.3087469e-05|1.2804191e-05|1.1801838e-05,702994.2|702994.2|702994.2|702994.2|702994.2|702994.2,0.021987367|0.0236761|0.8822245|0.025037758|0.02449586|0.022578437,0.00036466087|0.00039266853|0.014631709|0.00041525165|0.0004062643|0.0003744638,Type IV: 砂堵闭合/未起裂死簇|Type IV: 砂堵闭合/未起裂死簇|Type V: 沟通天然断层/强微裂缝簇|Type IV: 砂堵闭合/未起裂死簇|Type IV: 砂堵闭合/未起裂死簇|Type IV: 砂堵闭合/未起裂死簇,0.09287551790475845,linear,1442.1455078125,75.55952453613281,1.0820149183273315,1133.7572021484375,6,0.009248606897807984,0.6680067722369655,1,2,5.690012263442901e-14,1.0754774848464876e-10
939,3,4895.1763|4921.559|4937.455,0.013579163|0.01825335|0.018640088,0.0002731336|0.0002665199|0.00023351795,29861.45|29861.45|29861.45,0.35325897|0.34467593|0.30206507,0.0071426774|0.0069691334|0.0061075687,Type I: 优势发育主进液簇|Type II: 均衡/正常发育簇|Type II: 均衡/正常发育簇,0.03854908421635628,linear,1418.2979736328125,198.59559631347656,1.319122552871704,964.8403930664062,16,0.01192595007855093,0.7309694418591897,0,-1,1.407039496850379e-13,1.0800249583553523e-11
940,2,4504.7764|4544.253,0.008310967|0.0062502082,0.0005217292|8.509753e-05,169591.1|169591.1,0.8570996|0.14290038,0.01677756|0.0027972474,Type V: 沟通天然断层/强微裂缝簇|Type III: 受抑/欠发育弱进液簇,0.026397252455353737,linear,1468.1229248046875,148.43292236328125,1.2770702838897705,1300.089599609375,12,0.009407332515521966,0.6572716007540366,1,0,1.1875107830666004e-13,1.2732925824820995e-11
941,2,4873.447|4913.0747,0.019436264|0.024573697,5.3364172e-05|7.003659e-05,140200.4|140200.4,0.4324824|0.5675176,0.007911401|0.010381599,Type I: 优势发育主进液簇|Type I: 优势发育主进液簇,0.08791101723909378,linear,1447.40380859375,95.699951171875,1.1934444904327393,22149.517578125,16,0.008163651482751812,0.7199413081123651,0,-1,9.179535251499157e-14,2.164597390219569e-09
942,2,4764.597|4790.132,0.0058658174|0.0065332744,2.9205055e-05|0.0005,183380.23|183380.23,0.056369293|0.9436307,0.0010947733|0.018326674,Type III: 受抑/欠发育弱进液簇|Type V: 沟通天然断层/强微裂缝簇,0.06850520521402359,linear,1476.702392578125,163.90274047851562,1.2670650482177734,1642.0018310546875,8,0.010954927684870362,0.6991580180333185,1,1,6.64540715207898e-14,4.2518877307884395e-11
943,1,4863.38,0.012,0.0005,89096.625,1.0,0.014063449,Type V: 沟通天然断层/强微裂缝簇,0.048368338495492935,cosine,1460.8328857421875,197.4673614501953,0.9175065159797668,1045.509033203125,12,0.011359781451202677,0.621883144518886,1,0,1.1027471118326901e-13,6.912159733474255e-11
944,5,4677.881|4703.129|4742.038|4776.1245|4806.8594,0.008440933|0.011230494|0.008354675|0.008391765|0.00886082,1.6457616e-05|2.2091217e-05|1.9411915e-05|2.1693906e-05|2.359279e-05,52934.312|52934.312|52934.312|52934.312|52934.312,0.15940146|0.21396406|0.18801363|0.21011497|0.22850586,0.002139539|0.0028718961|0.002523581|0.0028202324|0.003067081,Type II: 均衡/正常发育簇|Type II: 均衡/正常发育簇|Type II: 均衡/正常发育簇|Type II: 均衡/正常发育簇|Type II: 均衡/正常发育簇,0.0416213758289814,cosine,1478.710693359375,104.32186126708984,0.8756795525550842,17039.830078125,16,0.010372321871740859,0.7258051291363422,0,-1,9.486333973126454e-14,1.6771082300692797e-09
945,3,4766.034|4790.0273|4837.3,0.012|0.019703407|0.020775083,0.0005|1.23957625e-05|1.1637208e-05,803815.6|803815.6|803815.6,0.94996405|0.025807539|0.02422843,0.020666022|0.0005614309|0.0005270781,Type V: 沟通天然断层/强微裂缝簇|Type IV: 砂堵闭合/未起裂死簇|Type IV: 砂堵闭合/未起裂死簇,0.08127708733081818,linear,1475.836669921875,83.29450225830078,1.419276475906372,2225.87841796875,4,0.011422240009712006,0.6143556352702289,1,0,7.60727133955301e-14,1.673470251262188e-10
946,4,4728.8374|4754.1353|4785.5283|4809.8716,0.009731762|0.010222504|0.010235463|0.010461899,9.132553e-05|6.593121e-05|9.218463e-05|8.759456e-05,513057.28|513057.28|513057.28|513057.28,0.27091327|0.19577578|0.2734361|0.25987485,0.003719137|0.0026876384|0.0037537706|0.0035676,Type II: 均衡/正常发育簇|Type II: 均衡/正常发育簇|Type II: 均衡/正常发育簇|Type II: 均衡/正常发育簇,0.03202163800597191,linear,1484.701904296875,136.09869384765625,0.8956311345100403,1838.0797119140625,6,0.01047220030817191,0.6098886510806062,0,-1,8.832742344607944e-14,2.751221472863108e-11
947,6,4712.039|4747.7603|4778.4893|4803.1133|4816.8306|4855.257,0.02373757|0.022009768|0.020652812|0.023688566|0.01764637|0.012,2.1055548e-05|1.945497e-05|1.7219261e-05|1.7023689e-05|1.6907214e-05|0.0005,655837.25|655837.25|655837.25|655837.25|655837.25|655837.25,0.03795058|0.035059217|0.031025918|0.030669868|0.030458229|0.8348362,0.0006832042|0.0006311526|0.0005585432|0.0005521334|0.0005483234|0.015029115,Type IV: 砂堵闭合/未起裂死簇|Type IV: 砂堵闭合/未起裂死簇|Type IV: 砂堵闭合/未起裂死簇|Type IV: 砂堵闭合/未起裂死簇|Type IV: 砂堵闭合/未起裂死簇|Type V: 沟通天然断层/强微裂缝簇,0.0010972048621624708,linear,1425.1209716796875,79.825927734375,1.1744903326034546,1194.885009765625,6,0.008962532122023574,0.7364612193049813,1,5,8.74951492008981e-14,1.291482476517558e-10
948,5,4603.3784|4630.2075|4656.553|4689.6245|4723.498,0.01692725|0.015208108|0.016231235|0.014048413|0.015014359,5.7882615e-05|5.216108e-05|4.4198543e-05|5.8542326e-05|4.1239524e-05,106101.51|106101.51|106101.51|106101.51|106101.51,0.22786093|0.20534007|0.17399955|0.23044808|0.16235137,0.004796644|0.0043225633|0.0036628214|0.0048511056|0.0034176186,Type II: 均衡/正常发育簇|Type II: 均衡/正常发育簇|Type II: 均衡/正常发育簇|Type II: 均衡/正常发育簇|Type II: 均衡/正常发育簇,0.08295757323503494,linear,1483.3094482421875,171.59432983398438,1.3733617067337036,7123.56298828125,16,0.009044009234776162,0.6743073020818617,0,-1,4.3510747576528536e-14,1.4642864698544145e-10
949,3,4598.8716|4615.303|4639.5547,0.009980695|0.009066572|0.0077195344,1.3096313e-05|0.0005|1.4345214e-05,368457.9|368457.9|368457.9,0.025888873|0.94575584|0.02835526,0.00046883864|0.017127315|0.000513504,Type IV: 砂堵闭合/未起裂死簇|Type V: 沟通天然断层/强微裂缝簇|Type IV: 砂堵闭合/未起裂死簇,0.09172199666500092,linear,1475.6400146484375,84.2893295288086,1.1814831495285034,1427.0782470703125,8,0.009036448173669217,0.7249051082441816,1,1,2.586329045893565e-14,1.5802470443304628e-10
950,1,4527.6006,0.031387612,0.00012322245,255579.92,1.0,0.015053632,Type I: 优势发育主进液簇,0.07272425293922424,linear,1410.3934326171875,155.3332061767578,0.9821065068244934,15179.6806640625,6,0.01144970454619134,0.7228654017346294,0,-1,2.327771561117832e-14,1.1332303984090686e-09
951,1,4589.071,0.006715274,0.0005,301941.75,1.0,0.016545733,Type V: 沟通天然断层/强微裂缝簇,0.04151393473148346,linear,1476.619140625,187.78952026367188,1.0794520378112793,1416.551513671875,6,0.011021031067715903,0.7177998115154298,1,0,1.9752638923380833e-13,1.2141754268668592e-10
952,5,4683.0825|4723.505|4742.8765|4782.258|4808.5103,0.0084395725|0.006764994|0.00637094|0.00816278|0.0063561364,0.00094175845|0.0015|0.00087846594|0.0009200169|0.00083309755,191485.64|191485.64|191485.64|191485.64|191485.64,0.19223748|0.27375183|0.17857802|0.18543357|0.16999912,0.002479778|0.0035312765|0.0023035768|0.0023920103|0.0021929129,Type V: 沟通天然断层/强微裂缝簇|Type V: 沟通天然断层/强微裂缝簇|Type V: 沟通天然断层/强微裂缝簇|Type V: 沟通天然断层/强微裂缝簇|Type V: 沟通天然断层/强微裂缝簇,0.03696410357952118,cosine,1438.4862060546875,163.23402404785156,0.8415734171867371,203.29306030273438,8,0.010924621776042554,0.688002017161394,1,1,2.746068075622915e-13,1.3415046851150692e-11
953,4,4582.233|4595.84|4609.082|4621.3696,0.0051234504|0.0064802365|0.004671213|0.00476766,7.850141e-05|0.00010546132|8.665755e-05|0.00010852872,2017093.4|2017093.4|2017093.4|2017093.4,0.2077289|0.27769354|0.22899584|0.28558174,0.0032911545|0.00439964|0.003628098|0.004524617,Type II: 均衡/正常发育簇|Type II: 均衡/正常发育簇|Type II: 均衡/正常发育簇|Type II: 均衡/正常发育簇,0.016251178458333015,linear,1483.829833984375,85.02366638183594,1.033638596534729,1911.3592529296875,4,0.008916392416757964,0.6364426599456711,0,-1,8.321324179846531e-14,1.0663825378287584e-10
954,3,4880.845|4905.0845|4919.009,0.0053666355|0.0051278495|0.0049352893,2.18452e-05|0.0005|2.4609159e-05,101563.516|101563.516|101563.516,0.040441226|0.91400677|0.045551997,0.0008047285|0.018187562|0.0009064263,Type III: 受抑/欠发育弱进液簇|Type V: 沟通天然断层/强微裂缝簇|Type III: 受抑/欠发育弱进液簇,0.08315848559141159,linear,1446.962646484375,125.8141098022461,1.2982022762298584,1561.0252685546875,12,0.011163989685558054,0.6030754617701622,1,1,1.4628410787385915e-13,5.4569682106375694e-11
955,5,4819.449|4855.7627|4883.169|4902.1426|4950.0,0.007826323|0.0069973217|0.0076420917|0.006111762|0.0074356985,0.0010291468|0.0015|0.0009786736|0.00077337376|0.00093440677,741403.6|741403.6|741403.6|741403.6|741403.6,0.20370136|0.24119636|0.19607747|0.1685293|0.1904955,0.0044164653|0.0052293977|0.004251171|0.003653897|0.0041301483,Type V: 沟通天然断层/强微裂缝簇|Type V: 沟通天然断层/强微裂缝簇|Type V: 沟通天然断层/强微裂缝簇|Type V: 沟通天然断层/强微裂缝簇|Type V: 沟通天然断层/强微裂缝簇,0.041458610445261,cosine,1425.3614501953125,198.4904327392578,1.4144845008850098,322.727783203125,8,0.008093180890394739,0.6370958644196832,1,1,5.357532451531755e-13,1.1254996934439987e-11
956,3,4728.6733|4777.2104|4803.47,0.019746581|0.018701486|0.019091567,3.149641e-05|4.172485e-05|3.6378784e-05,662528.56|662528.56|662528.56,0.28741476|0.38065588|0.33192936,0.0044210134|0.0058552483|0.0051057367,Type II: 均衡/正常发育簇|Type I: 优势发育主进液簇|Type II: 均衡/正常发育簇,0.05952684208750725,cosine,1479.223876953125,94.06786346435547,1.0035293102264404,19855.107421875,6,0.009823110218330433,0.6099707653395335,0,-1,7.860502342343229e-14,2.2082531359046698e-09
957,1,4780.0825,0.012,0.0005636359,137135.31,1.0,0.02242589,Type V: 沟通天然断层/强微裂缝簇,0.020092902705073357,cosine,1412.1064453125,169.15188598632812,1.4630763530731201,1918.06640625,16,0.008925795861090127,0.6089365937378335,1,0,2.397961793325007e-14,1.978150976356119e-11
958,5,4810.995|4835.5425|4880.368|4925.2764|4950.0,0.024962526|0.021979384|0.027059082|0.031432748|0.030364333,0.00010851475|0.00012358956|0.00011998891|9.8861965e-05|0.00013750611,35197.664|35197.664|35197.664|35197.664|35197.664,0.18444793|0.21003346|0.20389365|0.16799809|0.23362687,0.0036097567|0.0041104807|0.003990321|0.0032878234|0.0045722183,Type II: 均衡/正常发育簇|Type II: 均衡/正常发育簇|Type II: 均衡/正常发育簇|Type II: 均衡/正常发育簇|Type II: 均衡/正常发育簇,0.0027056108228862286,linear,1492.882568359375,86.90120697021484,1.2767958641052246,1268.431884765625,16,0.011382528569087879,0.739105123725577,0,-1,8.739830961810441e-14,2.2737367544323206e-13
959,1,4870.426,0.022876116,0.001062556,1130413.2,1.0,0.017894415,Type V: 沟通天然断层/强微裂缝簇,0.034514669328927994,cosine,1456.6026611328125,121.7132797241211,1.1674407720565796,830.5233764648438,4,0.009901885592465241,0.6893601950175849,0,-1,6.766563356722446e-14,2.717115421546623e-11
960,2,4522.8013|4542.233,0.024992839|0.02628163,0.00034744784|0.00044847885,181327.0|181327.0,0.43829545|0.5617046,0.007330653|0.009394716,Type I: 优势发育主进液簇|Type I: 优势发育主进液簇,0.0017472831532359123,linear,1420.53271484375,140.22540283203125,1.0911715030670166,646.5145874023438,8,0.011484597064394015,0.6397464292683246,0,-1,1.3234430370177852e-13,1.1368683772161603e-13
961,6,4736.2505|4760.083|4773.436|4813.811|4839.4585|4859.515,0.019472657|0.013854097|0.018250972|0.016988574|0.016481368|0.01788733,0.0005277208|0.00050523866|0.0005943412|0.00069507497|0.00049583317|0.0005171068,1216293.1|1216293.1|1216293.1|1216293.1|1216293.1|1216293.1,0.1617951|0.15612678|0.1756661|0.19461414|0.15341033|0.15838754,0.002801096|0.0027029628|0.0030412395|0.0033692797|0.0026559338|0.0027421024,Type V: 沟通天然断层/强微裂缝簇|Type V: 沟通天然断层/强微裂缝簇|Type V: 沟通天然断层/强微裂缝簇|Type V: 沟通天然断层/强微裂缝簇|Type V: 沟通天然断层/强微裂缝簇|Type V: 沟通天然断层/强微裂缝簇,0.05188285931944847,cosine,1435.4415283203125,110.11289978027344,1.129483699798584,205.43174743652344,6,0.008450304842278284,0.6083387468706871,0,-1,1.6412755486291952e-13,8.526512829121202e-14
962,6,4570.673|4603.9346|4648.1094|4677.193|4699.764|4732.786,0.0065581105|0.007521075|0.0069551175|0.006143915|0.008368047|0.00848838,9.004834e-05|0.00010603284|0.00013233146|9.51228e-05|9.406682e-05|0.00011798685,1817896.8|1817896.8|1817896.8|1817896.8|1817896.8|1817896.8,0.14220312|0.16694528|0.20716257|0.15002717|0.14838502|0.18527682,0.0022130134|0.002598059|0.0032239342|0.0023347738|0.002309218|0.0028833407,Type III: 受抑/欠发育弱进液簇|Type II: 均衡/正常发育簇|Type II: 均衡/正常发育簇|Type II: 均衡/正常发育簇|Type III: 受抑/欠发育弱进液簇|Type II: 均衡/正常发育簇,0.07028897106647491,linear,1410.1357421875,151.1671142578125,1.0152947902679443,809.1206665039062,4,0.0085656894202137,0.7264259932909292,0,-1,2.887055557728585e-14,2.7284841053187847e-11
963,4,4666.629|4687.765|4712.144|4755.182,0.02267133|0.022978714|0.016866252|0.017864121,0.00013226194|0.00017530791|0.00018619523|0.00019060496,222374.66|222374.66|222374.66|222374.66,0.19357593|0.25616735|0.2719385|0.27831823,0.0024931259|0.0032992605|0.0035023822|0.003584549,Type II: 均衡/正常发育簇|Type II: 均衡/正常发育簇|Type II: 均衡/正常发育簇|Type II: 均衡/正常发育簇,0.07265808433294296,cosine,1431.2220458984375,51.8847770690918,0.8402531743049622,440.3207092285156,8,0.011190147938601055,0.6084940454416359,0,-1,8.876112464386438e-14,2.2168933355715126e-12
964,5,4707.4297|4720.2603|4739.782|4777.392|4792.882,0.022426894|0.028421987|0.02614201|0.03254544|0.032168854,9.789909e-05|9.338702e-05|8.5515225e-05|0.00010358081|0.00010166712,603893.25|603893.25|603893.25|603893.25|603893.25,0.20309284|0.19377503|0.17751053|0.21478288|0.21083874,0.0025147337|0.0023993587|0.0021979685|0.0026594817|0.0026106448,Type II: 均衡/正常发育簇|Type II: 均衡/正常发育簇|Type II: 均衡/正常发育簇|Type II: 均衡/正常发育簇|Type II: 均衡/正常发育簇,0.0700749084353447,linear,1445.856201171875,152.18463134765625,0.8078201413154602,845.4637451171875,4,0.011891818859099634,0.6539190121784099,0,-1,1.213251368944665e-13,7.742073648842052e-11
965,4,4659.9214|4708.489|4736.6343|4782.91,0.012553283|0.012978986|0.014684353|0.011848714,3.8401246e-05|3.9978735e-05|3.694754e-05|4.2554173e-05,958406.06|958406.06|958406.06|958406.06,0.24324246|0.25321597|0.2340423|0.26949927,0.0030951356|0.0032220432|0.002978068|0.0034292398,Type II: 均衡/正常发育簇|Type II: 均衡/正常发育簇|Type II: 均衡/正常发育簇|Type II: 均衡/正常发育簇,0.01901237852871418,cosine,1412.3734130859375,117.03231811523438,0.8301519155502319,6653.498046875,4,0.01096240310909919,0.6108215077286424,0,-1,5.166889797416328e-14,1.8189894035458565e-10
966,1,4844.96,0.012,0.0005,99305.805,1.0,0.02116619,Type V: 沟通天然断层/强微裂缝簇,0.09647016227245331,linear,1422.9603271484375,173.62649536132812,1.3808928728103638,2097.73974609375,12,0.010110247352275203,0.7436498415748769,1,0,7.113892266062682e-14,6.275513442233205e-11
967,6,4588.1045|4614.8877|4630.6626|4670.84|4681.6484|4702.6377,0.006407421|0.006319462|0.0054278793|0.006345196|0.007334478|0.0070405276,0.00025683158|0.00031019285|0.00031581934|0.0002540703|0.00025658365|0.00031195048,100896.86|100896.86|100896.86|100896.86|100896.86|100896.86,0.15095632|0.18184209|0.18502945|0.14902937|0.1504834|0.18265937,0.0027225874|0.0032796308|0.003337117|0.002687834|0.0027140582|0.003294371,Type II: 均衡/正常发育簇|Type II: 均衡/正常发育簇|Type II: 均衡/正常发育簇|Type III: 受抑/欠发育弱进液簇|Type II: 均衡/正常发育簇|Type II: 均衡/正常发育簇,0.09454590827226639,cosine,1460.908935546875,133.8775634765625,1.1766514778137207,307.4886779785156,12,0.010298237976099332,0.7110738468330396,0,-1,5.520921786687956e-14,9.379164112033322e-12
968,3,4842.8853|4886.7334|4917.3477,0.020987201|0.018861342|0.012,3.806755e-05|2.738033e-05|0.0005,244292.61|244292.61|244292.61,0.06912078|0.04970809|0.8811711,0.0011386239|0.00081883953|0.014515499,Type III: 受抑/欠发育弱进液簇|Type III: 受抑/欠发育弱进液簇|Type V: 沟通天然断层/强微裂缝簇,0.040348395705223083,cosine,1420.6732177734375,98.92147064208984,1.0747042894363403,1047.287109375,12,0.008833421535879505,0.6211068254555341,1,2,1.034117927465987e-13,7.958078640513122e-12
969,5,4746.839|4787.8647|4800.744|4847.574|4879.2085,0.015041647|0.012|0.01356297|0.014080969|0.014452621,0.00011139505|0.0009738306|9.246906e-05|9.9646546e-05|0.000113480295,73427.16|73427.16|73427.16|73427.16|73427.16,0.08206642|0.69309294|0.068041466|0.07331542|0.083483756,0.0011216018|0.009472501|0.0009299228|0.0010020018|0.0011409725,Type III: 受抑/欠发育弱进液簇|Type V: 沟通天然断层/强微裂缝簇|Type III: 受抑/欠发育弱进液簇|Type III: 受抑/欠发育弱进液簇|Type III: 受抑/欠发育弱进液簇,0.0930279791355133,cosine,1475.1434326171875,149.3978271484375,0.8916419744491577,287.13177490234375,12,0.011700363999191629,0.6457319341509282,1,1,3.864954146656774e-13,3.1093350116861984e-11
970,3,4836.2593|4870.3853|4908.317,0.010021425|0.011099556|0.0097793,0.00017649321|0.00020702892|0.0002212126,1731639.8|1731639.8|1731639.8,0.29437682|0.34199148|0.3636317,0.0037548593|0.004362198|0.004638225,Type II: 均衡/正常发育簇|Type II: 均衡/正常发育簇|Type I: 优势发育主进液簇,0.07463078200817108,linear,1492.562255859375,86.79086303710938,0.8321610689163208,596.0901489257812,4,0.00929887514642563,0.6315547758581183,0,-1,2.080806094919771e-13,5.67297320230864e-11
971,1,4729.209,0.017496645,0.00033958693,60078.94,1.0,0.02280583,Type I: 优势发育主进液簇,0.051088832318782806,linear,1492.6572265625,76.44739532470703,1.4878638982772827,4716.927734375,16,0.009935629488765033,0.7424867747839614,0,-1,9.599391865167811e-14,4.501998773775995e-10
972,2,4567.92|4596.416,0.022135297|0.029429473,0.00080085464|0.0010367025,45868.367|45868.367,0.43832457|0.5616754,0.008920663|0.011431065,Type V: 沟通天然断层/强微裂缝簇|Type V: 沟通天然断层/强微裂缝簇,0.02365104667842388,linear,1406.2777099609375,51.274261474609375,1.3277570009231567,255.43394470214844,16,0.011201173283134098,0.6685855013457682,0,-1,6.495071001215783e-14,8.526512829121202e-13
973,2,4517.448|4535.611,0.008180037|0.008308299,7.358744e-05|0.00010438077,657277.94|657277.94,0.41392192|0.58607805,0.0055500264|0.007858363,Type I: 优势发育主进液簇|Type I: 优势发育主进液簇,0.0035053794272243977,linear,1474.449951171875,98.34307098388672,0.8747700452804565,5840.138671875,4,0.010956613543175238,0.73836891006428,0,-1,1.5783869437152598e-14,3.892637323588133e-10
974,2,4856.7295|4877.999,0.007825859|0.0076322732,0.00023269895|0.0001607353,532032.5|532032.5,0.5896751|0.4103249,0.010579813|0.007361953,Type I: 优势发育主进液簇|Type I: 优势发育主进液簇,0.044794149696826935,cosine,1426.0728759765625,171.89306640625,1.170529842376709,2361.9560546875,8,0.008697058672573272,0.6512635168806165,0,-1,2.7458917572446145e-14,4.547473508864641e-13
975,3,4553.122|4575.8926|4603.2446,0.012475048|0.018316092|0.017046278,4.877058e-05|5.6744895e-05|4.7126756e-05,61020.105|61020.105|61020.105,0.31951287|0.37174398|0.30874315,0.006266886|0.0072913403|0.0060556503,Type II: 均衡/正常发育簇|Type I: 优势发育主进液簇|Type II: 均衡/正常发育簇,0.08798594027757645,linear,1403.3660888671875,76.13284301757812,1.2796190977096558,16660.91015625,16,0.010598066403888448,0.6475165770264654,0,-1,7.500024771156175e-14,1.025910023599863e-09
976,3,4540.022|4569.549|4613.33,0.009268938|0.008943133|0.009046371,0.00043829042|0.0004878916|0.0005035719,49587.117|49587.117|49587.117,0.30698305|0.34113404|0.35188293,0.0061047|0.0067838305|0.006997584,Type II: 均衡/正常发育簇|Type V: 沟通天然断层/强微裂缝簇|Type V: 沟通天然断层/强微裂缝簇,0.04622983932495117,linear,1443.8681640625,59.066890716552734,1.2973800897598267,327.4768981933594,16,0.010893644851873758,0.6798447889706927,0,-1,6.629700450731454e-14,1.432454155292362e-11
977,5,4732.178|4766.0137|4798.2256|4817.2725|4848.04,0.022652702|0.023608059|0.0275608|0.02622928|0.026535055,0.00025451276|0.00026087576|0.00023683945|0.00027969145|0.00019644172,256615.27|256615.27|256615.27|256615.27|256615.27,0.20729458|0.21225308|0.1929239|0.22717468|0.16035375,0.004721238|0.0048341705|0.0043939385|0.005174017|0.003652137,Type II: 均衡/正常发育簇|Type II: 均衡/正常发育簇|Type II: 均衡/正常发育簇|Type II: 均衡/正常发育簇|Type II: 均衡/正常发育簇,0.005556691903620958,cosine,1475.4747314453125,184.65237426757812,1.4858851432800293,633.3470458984375,8,0.009894177212559915,0.7245527675939593,0,-1,1.0510936196937715e-13,9.094947017729282e-12
978,3,4894.674|4904.6816|4950.0,0.023165675|0.01787235|0.019885592,4.1336767e-05|4.1566775e-05|5.0558694e-05,175859.02|175859.02|175859.02,0.3097359|0.31145826|0.37880588,0.006982261|0.0070210877|0.00853928,Type II: 均衡/正常发育簇|Type II: 均衡/正常发育簇|Type I: 优势发育主进液簇,0.08002275973558426,cosine,1463.63134765625,60.50492477416992,1.4706923961639404,28700.4375,12,0.009443413650435918,0.6405293473095958,0,-1,1.6175526629941261e-13,0.0
979,6,4643.964|4657.902|4702.701|4713.4233|4723.5435|4752.5337,0.017885156|0.016793748|0.017831983|0.01319408|0.01573219|0.014163046,0.0009553586|0.00070780446|0.0008541385|0.00079522876|0.00069601095|0.00080738583,633553.94|633553.94|633553.94|633553.94|633553.94|633553.94,0.18946397|0.15316398|0.17431149|0.16566429|0.1500506|0.16734566,0.0024639834|0.001991901|0.0022669248|0.0021544676|0.0019514114|0.0021763342,Type V: 沟通天然断层/强微裂缝簇|Type V: 沟通天然断层/强微裂缝簇|Type V: 沟通天然断层/强微裂缝簇|Type V: 沟通天然断层/强微裂缝簇|Type V: 沟通天然断层/强微裂缝簇|Type V: 沟通天然断层/强微裂缝簇,0.04252023994922638,linear,1411.46728515625,98.0387954711914,0.8484541773796082,140.72723388671875,8,0.008214649815013225,0.6689608896003365,0,-1,9.45059243535884e-13,2.6432189770275727e-12
980,2,4828.0493|4856.601,0.0063147503|0.0060135676,0.0007086056|0.0006011266,767420.6|767420.6,0.5309789|0.46902108,0.0097324485|0.008596807,Type V: 沟通天然断层/强微裂缝簇|Type V: 沟通天然断层/强微裂缝簇,0.0599970817565918,linear,1412.67138671875,150.7239227294922,1.1958098411560059,477.7610168457031,4,0.01072560052862069,0.7130839394140752,0,-1,1.3098498522802482e-13,2.8421709430404007e-13
981,1,4720.714,0.010291566,0.00062558433,591002.8,1.0,0.015232809,Type V: 沟通天然断层/强微裂缝簇,0.060840848833322525,linear,1421.4207763671875,166.36080932617188,0.993796169757843,941.0320434570312,6,0.010180640955006998,0.6012628140608016,1,0,8.210800610383359e-14,2.4215296434704214e-11
982,4,4580.721|4619.425|4669.1616|4687.2446,0.023497088|0.02194834|0.012|0.023865616,2.4703455e-05|2.750715e-05|0.0005|2.5395833e-05,951774.56|951774.56|951774.56|951774.56,0.046883214|0.052190233|0.8527505|0.048176084,0.0009615994|0.0010704491|0.01749036|0.0009881168,Type III: 受抑/欠发育弱进液簇|Type III: 受抑/欠发育弱进液簇|Type V: 沟通天然断层/强微裂缝簇|Type III: 受抑/欠发育弱进液簇,0.03606168180704117,linear,1491.3499755859375,164.8809051513672,1.338117003440857,1758.8038330078125,6,0.008649035229897083,0.656458068976653,1,2,6.766178380247919e-15,7.66249286243692e-11
983,4,4807.3013|4839.424|4854.9673|4893.147,0.008494513|0.0074221143|0.008243742|0.006788037,0.0005980408|0.00056886877|0.0005812704|0.00070329505,469261.06|469261.06|469261.06|469261.06,0.24562532|0.23480083|0.23911792|0.28045592,0.0045026625|0.004304234|0.0043833726|0.005141157,Type V: 沟通天然断层/强微裂缝簇|Type V: 沟通天然断层/强微裂缝簇|Type V: 沟通天然断层/强微裂缝簇|Type V: 沟通天然断层/强微裂缝簇,0.017036287114024162,cosine,1430.4957275390625,85.84498596191406,1.1959514617919922,217.48361206054688,8,0.008907262920005333,0.6611116849950569,0,-1,2.1481265117390125e-13,1.2789769243681803e-11
984,5,4600.2954|4616.8906|4660.8506|4698.9355|4739.582,0.024377253|0.023183119|0.0243648|0.027067026|0.024577826,6.001476e-05|8.404733e-05|7.226423e-05|8.5861655e-05|7.313846e-05,260001.69|260001.69|260001.69|260001.69|260001.69,0.15995844|0.22390501|0.19255091|0.22871338|0.19487225,0.0025627783|0.0035873|0.0030849592|0.003664337|0.0031221507,Type II: 均衡/正常发育簇|Type II: 均衡/正常发育簇|Type II: 均衡/正常发育簇|Type II: 均衡/正常发育簇|Type II: 均衡/正常发育簇,0.046090345829725266,linear,1442.005126953125,155.9044189453125,1.0452523231506348,2029.14990234375,8,0.010059505192072174,0.6963527670997648,0,-1,1.9121286314299074e-13,1.48929757415317e-10
985,4,4617.4907|4665.8154|4683.8696|4717.7847,0.015384005|0.01717563|0.018771792|0.012,2.3782242e-05|2.0438814e-05|2.5046675e-05|0.0005,1851651.5|1851651.5|1851651.5|1851651.5,0.049269073|0.04233954|0.051871195|0.8565202,0.0007431708|0.0006386463|0.000782421|0.012919683,Type III: 受抑/欠发育弱进液簇|Type III: 受抑/欠发育弱进液簇|Type III: 受抑/欠发育弱进液簇|Type V: 沟通天然断层/强微裂缝簇,0.09679938852787018,cosine,1470.1781005859375,86.10529327392578,0.9840826392173767,1106.4515380859375,4,0.008941166079525149,0.6605910298186091,1,3,6.198759225101852e-14,6.343725544866174e-11
986,2,4611.718|4656.0063,0.012|0.011260387,0.0005|5.9375263e-05,30427.55|30427.55,0.89349973|0.106500246,0.01551363|0.0018491391,Type V: 沟通天然断层/强微裂缝簇|Type III: 受抑/欠发育弱进液簇,0.06787098944187164,cosine,1471.6343994140625,196.3424835205078,1.1327557563781738,1222.7664794921875,16,0.011824356901441273,0.7366345291720905,1,0,1.4027438878429915e-13,6.866684998385608e-11
987,4,4541.366|4590.501|4608.1045|4654.687,0.006859128|0.009005941|0.008110263|0.0075347484,1.8050128e-05|1.8472656e-05|0.0005|2.519639e-05,202851.45|202851.45|202851.45|202851.45,0.03285904|0.033618618|0.8876728|0.045849536,0.0006367536|0.000651473|0.017201627|0.0008884879,Type IV: 砂堵闭合/未起裂死簇|Type IV: 砂堵闭合/未起裂死簇|Type V: 沟通天然断层/强微裂缝簇|Type III: 受抑/欠发育弱进液簇,0.01397311594337225,cosine,1461.7337646484375,152.7582244873047,1.2642526626586914,1466.27978515625,8,0.010994779740734154,0.6599461541079326,1,2,1.1637429030413732e-13,9.913492249324918e-11
988,1,4824.018,0.012,0.0005,221913.75,1.0,0.019343592,Type V: 沟通天然断层/强微裂缝簇,0.04964673891663551,linear,1456.5859375,89.90228271484375,1.2619857788085938,1742.6458740234375,8,0.010848684484432495,0.6480736463297617,1,0,8.770653474321488e-14,1.4165379980113357e-10
989,4,4675.8354|4699.7656|4735.801|4767.694,0.006415769|0.0061441176|0.005549124|0.006626275,4.80859e-05|5.9820853e-05|5.5488523e-05|5.6610796e-05,1257936.4|1257936.4|1257936.4|1257936.4,0.21867514|0.27182102|0.2522118|0.25729203,0.003995059|0.0049660015|0.004607754|0.004700566,Type II: 均衡/正常发育簇|Type II: 均衡/正常发育簇|Type II: 均衡/正常发育簇|Type II: 均衡/正常发育簇,0.08595184981822968,linear,1490.1572265625,146.01052856445312,1.1919035911560059,7131.880859375,6,0.008132078471593761,0.6459172728611603,0,-1,6.779609019362878e-14,4.874891601502895e-10
990,1,4652.139,0.0064642234,0.0015,934879.5,1.0,0.022584552,Type V: 沟通天然断层/强微裂缝簇,0.050518445670604706,linear,1425.555908203125,67.82225036621094,1.473427653312683,866.9689331054688,4,0.010293696322894709,0.701423168303617,1,0,7.865362278581395e-14,1.3301360013429075e-11
991,3,4862.398|4873.5894|4912.9526,0.011103753|0.010010989|0.012483228,0.00054435054|0.00045335077|0.00057456904,50058.14|50058.14|50058.14,0.34619293|0.2888939|0.36491317,0.0052130553|0.0043502334|0.0054949494,Type V: 沟通天然断层/强微裂缝簇|Type V: 沟通天然断层/强微裂缝簇|Type V: 沟通天然断层/强微裂缝簇,0.038293689489364624,cosine,1467.16943359375,131.8065643310547,0.9824070334434509,269.81903076171875,16,0.010745770802615143,0.6953894994659309,0,-1,5.1494829315370735e-14,1.63140612130519e-11
992,4,4791.914|4827.1753|4854.796|4879.7046,0.0065641203|0.0074551934|0.007090222|0.0076118917,0.00033877345|0.00040831498|0.00046135962|0.0003316437,609915.7|609915.7|609915.7|609915.7,0.22275388|0.26433617|0.29483914|0.2180708,0.0031353773|0.0037206695|0.004150015|0.0030694604,Type II: 均衡/正常发育簇|Type II: 均衡/正常发育簇|Type V: 沟通天然断层/强微裂缝簇|Type II: 均衡/正常发育簇,0.06720973551273346,cosine,1484.048583984375,189.6968231201172,0.9182941317558289,320.1427307128906,4,0.011245508596202278,0.7276248463178296,0,-1,5.829440662824537e-14,3.359446054673754e-11
993,6,4796.096|4825.3994|4856.0723|4901.6553|4916.024|4950.0,0.009846551|0.010749156|0.010495526|0.010356076|0.010633064|0.01289792,2.9621388e-05|3.420381e-05|2.977291e-05|3.6561112e-05|4.0209547e-05|3.0011646e-05,173890.53|173890.53|173890.53|173890.53|173890.53|173890.53,0.14783385|0.17069633|0.14858551|0.1824538|0.20065567|0.14977482,0.0022603446|0.0026099065|0.0022718373|0.0027896753|0.0030679775|0.0022900214,Type III: 受抑/欠发育弱进液簇|Type II: 均衡/正常发育簇|Type III: 受抑/欠发育弱进液簇|Type II: 均衡/正常发育簇|Type II: 均衡/正常发育簇|Type III: 受抑/欠发育弱进液簇,0.024469660595059395,cosine,1419.53857421875,187.60169982910156,0.9975118041038513,6057.0537109375,16,0.008382344483006735,0.6131569554095081,0,-1,1.5021645494335545e-13,3.4287950256839395e-10
994,1,4566.845,0.0057522394,0.0005,828514.94,1.0,0.021454496,Type V: 沟通天然断层/强微裂缝簇,0.0706130713224411,cosine,1459.505859375,162.48428344726562,1.3997021913528442,2469.82421875,6,0.00840528854254278,0.744996001080783,1,0,4.5602749549657207e-14,7.912603905424476e-11
995,6,4805.7|4840.156|4864.4766|4903.07|4919.1953|4950.0,0.020032382|0.022887217|0.017644364|0.015880555|0.01709082|0.02249573,2.9378307e-05|3.3952863e-05|2.4831823e-05|2.5731091e-05|3.3816712e-05|2.611128e-05,755349.7|755349.7|755349.7|755349.7|755349.7|755349.7,0.1690182|0.19531211|0.14287183|0.14804243|0.194527|0.15022844,0.0024082852|0.0027829385|0.002035734|0.0021094084|0.0027717517|0.002140556,Type II: 均衡/正常发育簇|Type II: 均衡/正常发育簇|Type III: 受抑/欠发育弱进液簇|Type III: 受抑/欠发育弱进液簇|Type II: 均衡/正常发育簇|Type II: 均衡/正常发育簇,0.030532579869031906,linear,1434.9151611328125,185.97344970703125,0.92959064245224,6950.09912109375,6,0.009289159390248457,0.6388258846943096,0,-1,1.4901748997091235e-13,4.974936018697917e-10
996,3,4503.965|4544.3145|4587.745,0.012|0.011275848|0.013250264,0.0005|2.6762815e-05|3.7499252e-05,256236.75|256236.75|256236.75,0.88295764|0.048746448|0.06829592,0.01908435|0.0010536114|0.001476156,Type V: 沟通天然断层/强微裂缝簇|Type III: 受抑/欠发育弱进液簇|Type III: 受抑/欠发育弱进液簇,0.03519093617796898,cosine,1405.110107421875,96.2330093383789,1.4101158380508423,1731.2744140625,6,0.01167939990481156,0.69382125764314,1,0,2.6485410747705516e-14,5.1159076974727213e-11
997,2,4753.2646|4785.098,0.012|0.015154281,0.0005|3.6288344e-05,251691.48|251691.48,0.93039465|0.06960537,0.015514945|0.0011607156,Type V: 沟通天然断层/强微裂缝簇|Type III: 受抑/欠发育弱进液簇,0.06407259404659271,cosine,1485.7027587890625,80.4609603881836,1.0879284143447876,1157.6007080078125,6,0.01166622392792684,0.7016402477687335,1,0,3.1478652692297493e-13,7.617018127348274e-11
998,1,4786.8926,0.023175761,0.0010230857,68314.484,1.0,0.015856648,Type V: 沟通天然断层/强微裂缝簇,0.042585451155900955,cosine,1424.70556640625,137.81582641601562,1.0344955921173096,444.176513671875,12,0.011360211434132735,0.710150080295413,0,-1,9.846035492727234e-15,2.1657342585967854e-11
999,5,4789.5625|4827.689|4863.956|4907.155|4939.4033,0.009047463|0.007941988|0.00825285|0.0070703654|0.0074870572,0.00017633886|0.00021185208|0.0001671372|0.00017581753|0.00016324507,290309.25|290309.25|290309.25|290309.25|290309.25,0.19730362|0.23647727|0.18698521|0.19659165|0.18264225,0.00438469|0.0052552484|0.0041553834|0.0043688677|0.0040588696,Type II: 均衡/正常发育簇|Type II: 均衡/正常发育簇|Type II: 均衡/正常发育簇|Type II: 均衡/正常发育簇|Type II: 均衡/正常发育簇,0.021388504654169083,cosine,1408.0047607421875,60.76516342163086,1.4498435258865356,779.9757690429688,6,0.010914643571791128,0.7463797011536077,0,-1,1.3379418016198907e-13,2.148681232938543e-11
